{"type":"FeatureCollection","features":[{"type":"Feature","properties":{"name":"East Verde River"},"geometry":{"type":"LineString","coordinates":[[-111.65075,34.28088],[-111.65255,34.28305]]}},{"type":"Feature","properties":{"name":"East Verde River"},"geometry":{"type":"LineString","coordinates":[[-111.61423,34.26248],[-111.61459,34.26184]]}},{"type":"Feature","properties":{"name":"East Verde River"},"geometry":{"type":"LineString","coordinates":[[-111.54557,34.23543],[-111.54631,34.23523]]}},{"type":"Feature","properties":{"name":"East Verde River"},"geometry":{"type":"LineString","coordinates":[[-111.55766,34.24263],[-111.55962,34.24349],[-111.56071,34.24265]]}},{"type":"Feature","properties":{"name":"East Verde River"},"geometry":{"type":"LineString","coordinates":[[-111.57672,34.24582],[-111.57751,34.2456]]}},{"type":"Feature","properties":{"name":"East Verde River"},"geometry":{"type":"LineString","coordinates":[[-111.60966,34.26243],[-111.61052,34.262],[-111.61197,34.26234]]}},{"type":"Feature","properties":{"name":"East Verde River"},"geometry":{"type":"LineString","coordinates":[[-111.61459,34.26184],[-111.61633,34.26054]]}},{"type":"Feature","properties":{"name":"East Verde River"},"geometry":{"type":"LineString","coordinates":[[-111.63966,34.27812],[-111.64048,34.27754],[-111.64326,34.27723]]}},{"type":"Feature","properties":{"name":"East Verde River"},"geometry":{"type":"LineString","coordinates":[[-111.423,34.25523],[-111.42522,34.25269]]}},{"type":"Feature","properties":{"name":"East Verde River"},"geometry":{"type":"LineString","coordinates":[[-111.58578,34.24853],[-111.58615,34.24956]]}},{"type":"Feature","properties":{"name":"East Verde River"},"geometry":{"type":"LineString","coordinates":[[-111.57868,34.24519],[-111.57907,34.24511]]}},{"type":"Feature","properties":{"name":"East Verde River"},"geometry":{"type":"LineString","coordinates":[[-111.59989,34.25962],[-111.60056,34.26106]]}},{"type":"Feature","properties":{"name":"East Verde River"},"geometry":{"type":"LineString","coordinates":[[-111.53463,34.22978],[-111.53638,34.22898],[-111.53896,34.22904]]}},{"type":"Feature","properties":{"name":"East Verde River"},"geometry":{"type":"LineString","coordinates":[[-111.51085,34.22795],[-111.51331,34.22949]]}},{"type":"Feature","properties":{"name":"East Verde River"},"geometry":{"type":"LineString","coordinates":[[-111.39335,34.28108],[-111.39416,34.28071],[-111.39506,34.28145],[-111.39587,34.2814]]}},{"type":"Feature","properties":{"name":"East Verde River"},"geometry":{"type":"LineString","coordinates":[[-111.42893,34.24493],[-111.43046,34.24348]]}},{"type":"Feature","properties":{"name":"East Verde River"},"geometry":{"type":"LineString","coordinates":[[-111.36168,34.29374],[-111.3625,34.29268],[-111.36392,34.29207]]}},{"type":"Feature","properties":{"name":"East Verde River"},"geometry":{"type":"LineString","coordinates":[[-111.36629,34.29229],[-111.36773,34.2923]]}},{"type":"Feature","properties":{"name":"East Verde River"},"geometry":{"type":"LineString","coordinates":[[-111.58782,34.25145],[-111.58908,34.25201]]}},{"type":"Feature","properties":{"name":"East Verde River"},"geometry":{"type":"LineString","coordinates":[[-111.58908,34.25201],[-111.59027,34.25184],[-111.59108,34.25239]]}},{"type":"Feature","properties":{"name":"East Verde River"},"geometry":{"type":"LineString","coordinates":[[-111.43418,34.2383],[-111.43543,34.23784],[-111.43563,34.23592],[-111.43293,34.23433],[-111.43357,34.23245]]}},{"type":"Feature","properties":{"name":"East Verde River"},"geometry":{"type":"LineString","coordinates":[[-111.45485,34.23206],[-111.45427,34.23168],[-111.45443,34.23067],[-111.45628,34.22788]]}},{"type":"Feature","properties":{"name":"East Verde River"},"geometry":{"type":"LineString","coordinates":[[-111.46809,34.22414],[-111.47151,34.22352],[-111.47336,34.22376]]}},{"type":"Feature","properties":{"name":"East Verde River"},"geometry":{"type":"LineString","coordinates":[[-111.56421,34.24249],[-111.5672,34.24404]]}},{"type":"Feature","properties":{"name":"East Verde River"},"geometry":{"type":"LineString","coordinates":[[-111.55684,34.24152],[-111.55766,34.24263]]}},{"type":"Feature","properties":{"name":"East Verde River"},"geometry":{"type":"LineString","coordinates":[[-111.46629,34.22451],[-111.46809,34.22414]]}},{"type":"Feature","properties":{"name":"East Verde River"},"geometry":{"type":"LineString","coordinates":[[-111.45628,34.22788],[-111.45672,34.22724]]}},{"type":"Feature","properties":{"name":"East Verde River"},"geometry":{"type":"LineString","coordinates":[[-111.57325,34.24413],[-111.57479,34.24488]]}},{"type":"Feature","properties":{"name":"East Verde River"},"geometry":{"type":"LineString","coordinates":[[-111.5504,34.23529],[-111.55192,34.23654]]}},{"type":"Feature","properties":{"name":"East Verde River"},"geometry":{"type":"LineString","coordinates":[[-111.39214,34.28251],[-111.39335,34.28108]]}},{"type":"Feature","properties":{"name":"East Verde River"},"geometry":{"type":"LineString","coordinates":[[-111.54829,34.23433],[-111.5504,34.23529]]}},{"type":"Feature","properties":{"name":"East Verde River"},"geometry":{"type":"LineString","coordinates":[[-111.5112,34.22474],[-111.51091,34.22573]]}},{"type":"Feature","properties":{"name":"East Verde River"},"geometry":{"type":"LineString","coordinates":[[-111.3828,34.27874],[-111.38537,34.27893]]}},{"type":"Feature","properties":{"name":"East Verde River"},"geometry":{"type":"LineString","coordinates":[[-111.37503,34.29077],[-111.37596,34.28981],[-111.37552,34.28829],[-111.37457,34.28733]]}},{"type":"Feature","properties":{"name":"East Verde River"},"geometry":{"type":"LineString","coordinates":[[-111.50754,34.22197],[-111.50947,34.22187],[-111.51101,34.22273],[-111.51144,34.22338],[-111.5112,34.22474]]}},{"type":"Feature","properties":{"name":"East Verde River"},"geometry":{"type":"LineString","coordinates":[[-111.44737,34.23814],[-111.44827,34.23806],[-111.4498,34.23392],[-111.45089,34.23311],[-111.45167,34.23312],[-111.45187,34.23362],[-111.45031,34.23583],[-111.45037,34.23838],[-111.44987,34.23901],[-111.45135,34.24177]]}},{"type":"Feature","properties":{"name":"East Verde River"},"geometry":{"type":"LineString","coordinates":[[-111.4318,34.23866],[-111.43418,34.2383]]}},{"type":"Feature","properties":{"name":"East Verde River"},"geometry":{"type":"LineString","coordinates":[[-111.51091,34.22573],[-111.51085,34.22795]]}},{"type":"Feature","properties":{"name":"East Verde River"},"geometry":{"type":"LineString","coordinates":[[-111.45524,34.24043],[-111.45598,34.23938]]}},{"type":"Feature","properties":{"name":"East Verde River"},"geometry":{"type":"LineString","coordinates":[[-111.42258,34.26742],[-111.42186,34.26623]]}},{"type":"Feature","properties":{"name":"East Verde River"},"geometry":{"type":"LineString","coordinates":[[-111.34578,34.30218],[-111.34853,34.30157],[-111.35033,34.30353],[-111.35278,34.30449]]}},{"type":"Feature","properties":{"name":"East Verde River"},"geometry":{"type":"LineString","coordinates":[[-111.39686,34.281],[-111.39973,34.28118],[-111.40021,34.28067],[-111.40043,34.27809],[-111.39877,34.27602]]}},{"type":"Feature","properties":{"name":"East Verde River"},"geometry":{"type":"LineString","coordinates":[[-111.4886,34.22182],[-111.49113,34.22154]]}},{"type":"Feature","properties":{"name":"East Verde River"},"geometry":{"type":"LineString","coordinates":[[-111.41733,34.26864],[-111.41852,34.26862],[-111.4196,34.26985],[-111.42086,34.2698]]}},{"type":"Feature","properties":{"name":"East Verde River"},"geometry":{"type":"LineString","coordinates":[[-111.5052,34.22224],[-111.50754,34.22197]]}},{"type":"Feature","properties":{"name":"East Verde River"},"geometry":{"type":"LineString","coordinates":[[-111.54631,34.23523],[-111.54745,34.2344]]}},{"type":"Feature","properties":{"name":"East Verde River"},"geometry":{"type":"LineString","coordinates":[[-111.34331,34.3079],[-111.34364,34.30687]]}},{"type":"Feature","properties":{"name":"East Verde River"},"geometry":{"type":"LineString","coordinates":[[-111.52929,34.23473],[-111.52996,34.23457]]}},{"type":"Feature","properties":{"name":"East Verde River"},"geometry":{"type":"LineString","coordinates":[[-111.35278,34.30449],[-111.3539,34.30355],[-111.35477,34.29882],[-111.35609,34.29878],[-111.35655,34.29957],[-111.35637,34.30065],[-111.35842,34.30131]]}},{"type":"Feature","properties":{"name":"East Verde River"},"geometry":{"type":"LineString","coordinates":[[-111.42164,34.24345],[-111.42528,34.24342],[-111.42568,34.24411],[-111.42401,34.24472],[-111.42363,34.2453],[-111.42406,34.24617],[-111.42499,34.24663],[-111.42643,34.24559],[-111.42893,34.24493]]}},{"type":"Feature","properties":{"name":"East Verde River"},"geometry":{"type":"LineString","coordinates":[[-111.45135,34.24177],[-111.45172,34.24217]]}},{"type":"Feature","properties":{"name":"East Verde River"},"geometry":{"type":"LineString","coordinates":[[-111.62702,34.26753],[-111.62892,34.26858]]}},{"type":"Feature","properties":{"name":"East Verde River"},"geometry":{"type":"LineString","coordinates":[[-111.55192,34.23654],[-111.55405,34.23854],[-111.55611,34.23792]]}},{"type":"Feature","properties":{"name":"East Verde River"},"geometry":{"type":"LineString","coordinates":[[-111.66237,34.28579],[-111.66421,34.2859],[-111.66507,34.28645]]}},{"type":"Feature","properties":{"name":"East Verde River"},"geometry":{"type":"LineString","coordinates":[[-111.39824,34.27414],[-111.39852,34.27409]]}},{"type":"Feature","properties":{"name":"East Verde River"},"geometry":{"type":"LineString","coordinates":[[-111.38537,34.27893],[-111.38612,34.27938],[-111.38626,34.2807],[-111.38329,34.28441],[-111.38311,34.28537],[-111.38378,34.2864],[-111.38478,34.28675],[-111.38663,34.28622]]}},{"type":"Feature","properties":{"name":"East Verde River"},"geometry":{"type":"LineString","coordinates":[[-111.38114,34.28249],[-111.38064,34.28186],[-111.3811,34.2802],[-111.38173,34.27923],[-111.3828,34.27874]]}},{"type":"Feature","properties":{"name":"East Verde River"},"geometry":{"type":"LineString","coordinates":[[-111.63709,34.27553],[-111.63875,34.27571]]}},{"type":"Feature","properties":{"name":"East Verde River"},"geometry":{"type":"LineString","coordinates":[[-111.63373,34.27164],[-111.63335,34.27291]]}},{"type":"Feature","properties":{"name":"East Verde River"},"geometry":{"type":"LineString","coordinates":[[-111.43357,34.23245],[-111.43499,34.23039]]}},{"type":"Feature","properties":{"name":"East Verde River"},"geometry":{"type":"LineString","coordinates":[[-111.65472,34.28431],[-111.6565,34.28312],[-111.65748,34.28348]]}},{"type":"Feature","properties":{"name":"East Verde River"},"geometry":{"type":"LineString","coordinates":[[-111.60687,34.2647],[-111.60966,34.26243]]}},{"type":"Feature","properties":{"name":"East Verde River"},"geometry":{"type":"LineString","coordinates":[[-111.43499,34.23039],[-111.43764,34.22689],[-111.43926,34.22583],[-111.44032,34.22589],[-111.44102,34.22895],[-111.43911,34.2342],[-111.43969,34.23471],[-111.44071,34.2345]]}},{"type":"Feature","properties":{"name":"East Verde River"},"geometry":{"type":"LineString","coordinates":[[-111.45654,34.23862],[-111.45688,34.23796],[-111.4563,34.23725],[-111.45382,34.23699],[-111.45497,34.23524],[-111.45444,34.23336],[-111.45485,34.23206]]}},{"type":"Feature","properties":{"name":"East Verde River"},"geometry":{"type":"LineString","coordinates":[[-111.57751,34.2456],[-111.57868,34.24519]]}},{"type":"Feature","properties":{"name":"East Verde River"},"geometry":{"type":"LineString","coordinates":[[-111.34364,34.30687],[-111.34333,34.3042],[-111.34158,34.30342]]}},{"type":"Feature","properties":{"name":"East Verde River"},"geometry":{"type":"LineString","coordinates":[[-111.36531,34.29205],[-111.36629,34.29229]]}},{"type":"Feature","properties":{"name":"East Verde River"},"geometry":{"type":"LineString","coordinates":[[-111.34015,34.31545],[-111.34299,34.31346]]}},{"type":"Feature","properties":{"name":"East Verde River"},"geometry":{"type":"LineString","coordinates":[[-111.59108,34.25239],[-111.59284,34.25277],[-111.59509,34.25214]]}},{"type":"Feature","properties":{"name":"East Verde River"},"geometry":{"type":"LineString","coordinates":[[-111.63893,34.27771],[-111.63966,34.27812]]}},{"type":"Feature","properties":{"name":"East Verde River"},"geometry":{"type":"LineString","coordinates":[[-111.47928,34.21674],[-111.48081,34.21574],[-111.48185,34.21574],[-111.48403,34.21771]]}},{"type":"Feature","properties":{"name":"East Verde River"},"geometry":{"type":"LineString","coordinates":[[-111.53896,34.22904],[-111.53985,34.22933]]}},{"type":"Feature","properties":{"name":"East Verde River"},"geometry":{"type":"LineString","coordinates":[[-111.54095,34.23149],[-111.54055,34.23332],[-111.54134,34.23451]]}},{"type":"Feature","properties":{"name":"East Verde River"},"geometry":{"type":"LineString","coordinates":[[-111.52071,34.2292],[-111.52158,34.23006]]}},{"type":"Feature","properties":{"name":"East Verde River"},"geometry":{"type":"LineString","coordinates":[[-111.65255,34.28305],[-111.65412,34.28436],[-111.65472,34.28431]]}},{"type":"Feature","properties":{"name":"East Verde River"},"geometry":{"type":"LineString","coordinates":[[-111.42186,34.26623],[-111.42317,34.26246],[-111.42276,34.26212],[-111.421,34.26238],[-111.42114,34.26103],[-111.42,34.25926]]}},{"type":"Feature","properties":{"name":"East Verde River"},"geometry":{"type":"LineString","coordinates":[[-111.56136,34.2417],[-111.56217,34.24143],[-111.56291,34.24189]]}},{"type":"Feature","properties":{"name":"East Verde River"},"geometry":{"type":"LineString","coordinates":[[-111.41991,34.24486],[-111.42037,34.24377],[-111.42164,34.24345]]}},{"type":"Feature","properties":{"name":"East Verde River"},"geometry":{"type":"LineString","coordinates":[[-111.58516,34.24576],[-111.58541,34.24613]]}},{"type":"Feature","properties":{"name":"East Verde River"},"geometry":{"type":"LineString","coordinates":[[-111.5972,34.2522],[-111.59825,34.2525],[-111.60024,34.2549]]}},{"type":"Feature","properties":{"name":"East Verde River"},"geometry":{"type":"LineString","coordinates":[[-111.40612,34.27486],[-111.40788,34.27513],[-111.40854,34.27371],[-111.41246,34.27245]]}},{"type":"Feature","properties":{"name":"East Verde River"},"geometry":{"type":"LineString","coordinates":[[-111.59509,34.25214],[-111.5972,34.2522]]}},{"type":"Feature","properties":{"name":"East Verde River"},"geometry":{"type":"LineString","coordinates":[[-111.60024,34.2549],[-111.60224,34.25714]]}},{"type":"Feature","properties":{"name":"East Verde River"},"geometry":{"type":"LineString","coordinates":[[-111.39852,34.27409],[-111.39983,34.27396],[-111.40342,34.27497],[-111.40612,34.27486]]}},{"type":"Feature","properties":{"name":"East Verde River"},"geometry":{"type":"LineString","coordinates":[[-111.47707,34.22071],[-111.47739,34.21935]]}},{"type":"Feature","properties":{"name":"East Verde River"},"geometry":{"type":"LineString","coordinates":[[-111.52203,34.23058],[-111.52518,34.23418],[-111.52734,34.23487]]}},{"type":"Feature","properties":{"name":"East Verde River"},"geometry":{"type":"LineString","coordinates":[[-111.62892,34.26858],[-111.63002,34.26918]]}},{"type":"Feature","properties":{"name":"East Verde River"},"geometry":{"type":"LineString","coordinates":[[-111.54467,34.23555],[-111.54557,34.23543]]}},{"type":"Feature","properties":{"name":"East Verde River"},"geometry":{"type":"LineString","coordinates":[[-111.51331,34.22949],[-111.51435,34.22949],[-111.51557,34.22834]]}},{"type":"Feature","properties":{"name":"East Verde River"},"geometry":{"type":"LineString","coordinates":[[-111.55611,34.23792],[-111.55661,34.23811]]}},{"type":"Feature","properties":{"name":"East Verde River"},"geometry":{"type":"LineString","coordinates":[[-111.36392,34.29207],[-111.36531,34.29205]]}},{"type":"Feature","properties":{"name":"East Verde River"},"geometry":{"type":"LineString","coordinates":[[-111.64415,34.27835],[-111.64442,34.27857]]}},{"type":"Feature","properties":{"name":"East Verde River"},"geometry":{"type":"LineString","coordinates":[[-111.45672,34.22724],[-111.45735,34.2265],[-111.4573,34.22577],[-111.45899,34.22475],[-111.46008,34.22465]]}},{"type":"Feature","properties":{"name":"East Verde River"},"geometry":{"type":"LineString","coordinates":[[-111.50224,34.22356],[-111.5052,34.22224]]}},{"type":"Feature","properties":{"name":"East Verde River"},"geometry":{"type":"LineString","coordinates":[[-111.63417,34.27108],[-111.63373,34.27164]]}},{"type":"Feature","properties":{"name":"East Verde River"},"geometry":{"type":"LineString","coordinates":[[-111.34158,34.30342],[-111.34095,34.30273],[-111.34179,34.30215],[-111.3447,34.30248],[-111.34578,34.30218]]}},{"type":"Feature","properties":{"name":"East Verde River"},"geometry":{"type":"LineString","coordinates":[[-111.64442,34.27857],[-111.64615,34.27986],[-111.64896,34.28033]]}},{"type":"Feature","properties":{"name":"East Verde River"},"geometry":{"type":"LineString","coordinates":[[-111.58615,34.24956],[-111.58782,34.25145]]}},{"type":"Feature","properties":{"name":"East Verde River"},"geometry":{"type":"LineString","coordinates":[[-111.60563,34.26478],[-111.60687,34.2647]]}},{"type":"Feature","properties":{"name":"East Verde River"},"geometry":{"type":"LineString","coordinates":[[-111.5287,34.2348],[-111.52929,34.23473]]}},{"type":"Feature","properties":{"name":"East Verde River"},"geometry":{"type":"LineString","coordinates":[[-111.52158,34.23006],[-111.52203,34.23058]]}},{"type":"Feature","properties":{"name":"East Verde River"},"geometry":{"type":"LineString","coordinates":[[-111.39587,34.2814],[-111.39686,34.281]]}},{"type":"Feature","properties":{"name":"East Verde River"},"geometry":{"type":"LineString","coordinates":[[-111.43046,34.24348],[-111.43107,34.24238],[-111.42909,34.24224],[-111.42862,34.24112],[-111.42903,34.24001],[-111.4305,34.23894]]}},{"type":"Feature","properties":{"name":"East Verde River"},"geometry":{"type":"LineString","coordinates":[[-111.51928,34.22877],[-111.51977,34.22888]]}},{"type":"Feature","properties":{"name":"East Verde River"},"geometry":{"type":"LineString","coordinates":[[-111.45172,34.24217],[-111.45265,34.24268],[-111.45382,34.24113],[-111.45524,34.24043]]}},{"type":"Feature","properties":{"name":"East Verde River"},"geometry":{"type":"LineString","coordinates":[[-111.42337,34.25047],[-111.42154,34.25016],[-111.42075,34.24937]]}},{"type":"Feature","properties":{"name":"East Verde River"},"geometry":{"type":"LineString","coordinates":[[-111.63335,34.27291],[-111.63328,34.27439]]}},{"type":"Feature","properties":{"name":"East Verde River"},"geometry":{"type":"LineString","coordinates":[[-111.44352,34.23546],[-111.44737,34.23814]]}},{"type":"Feature","properties":{"name":"East Verde River"},"geometry":{"type":"LineString","coordinates":[[-111.54812,34.23426],[-111.54829,34.23433]]}},{"type":"Feature","properties":{"name":"East Verde River"},"geometry":{"type":"LineString","coordinates":[[-111.47739,34.21935],[-111.47928,34.21674]]}},{"type":"Feature","properties":{"name":"East Verde River"},"geometry":{"type":"LineString","coordinates":[[-111.42075,34.24937],[-111.4211,34.24795],[-111.4198,34.24556],[-111.41991,34.24486]]}},{"type":"Feature","properties":{"name":"East Verde River"},"geometry":{"type":"LineString","coordinates":[[-111.45598,34.23938],[-111.45654,34.23862]]}},{"type":"Feature","properties":{"name":"East Verde River"},"geometry":{"type":"LineString","coordinates":[[-111.33292,34.31455],[-111.33477,34.31468],[-111.3374,34.31625],[-111.34015,34.31545]]}},{"type":"Feature","properties":{"name":"East Verde River"},"geometry":{"type":"LineString","coordinates":[[-111.44263,34.23506],[-111.44352,34.23546]]}},{"type":"Feature","properties":{"name":"East Verde River"},"geometry":{"type":"LineString","coordinates":[[-111.63249,34.27004],[-111.63417,34.27108]]}},{"type":"Feature","properties":{"name":"East Verde River"},"geometry":{"type":"LineString","coordinates":[[-111.60056,34.26106],[-111.60416,34.26205],[-111.605,34.26303],[-111.60515,34.26458],[-111.60563,34.26478]]}},{"type":"Feature","properties":{"name":"East Verde River"},"geometry":{"type":"LineString","coordinates":[[-111.57479,34.24488],[-111.57616,34.24564]]}},{"type":"Feature","properties":{"name":"East Verde River"},"geometry":{"type":"LineString","coordinates":[[-111.65754,34.28362],[-111.65957,34.28576],[-111.66237,34.28579]]}},{"type":"Feature","properties":{"name":"East Verde River"},"geometry":{"type":"LineString","coordinates":[[-111.56291,34.24189],[-111.56345,34.24256]]}},{"type":"Feature","properties":{"name":"East Verde River"},"geometry":{"type":"LineString","coordinates":[[-111.60224,34.25714],[-111.60264,34.25798],[-111.60071,34.2576],[-111.59982,34.2589]]}},{"type":"Feature","properties":{"name":"East Verde River"},"geometry":{"type":"LineString","coordinates":[[-111.51977,34.22888],[-111.52071,34.2292]]}},{"type":"Feature","properties":{"name":"East Verde River"},"geometry":{"type":"LineString","coordinates":[[-111.61316,34.26281],[-111.61423,34.26248]]}},{"type":"Feature","properties":{"name":"East Verde River"},"geometry":{"type":"LineString","coordinates":[[-111.36924,34.29232],[-111.37016,34.2918],[-111.3712,34.28918],[-111.37245,34.28908],[-111.37367,34.2906],[-111.37503,34.29077]]}},{"type":"Feature","properties":{"name":"East Verde River"},"geometry":{"type":"LineString","coordinates":[[-111.42,34.25926],[-111.4205,34.25739],[-111.423,34.25523]]}},{"type":"Feature","properties":{"name":"East Verde River"},"geometry":{"type":"LineString","coordinates":[[-111.63002,34.26918],[-111.63249,34.27004]]}},{"type":"Feature","properties":{"name":"East Verde River"},"geometry":{"type":"LineString","coordinates":[[-111.58285,34.24458],[-111.58516,34.24576]]}},{"type":"Feature","properties":{"name":"East Verde River"},"geometry":{"type":"LineString","coordinates":[[-111.56345,34.24256],[-111.56421,34.24249]]}},{"type":"Feature","properties":{"name":"East Verde River"},"geometry":{"type":"LineString","coordinates":[[-111.52734,34.23487],[-111.5287,34.2348]]}},{"type":"Feature","properties":{"name":"East Verde River"},"geometry":{"type":"LineString","coordinates":[[-111.47336,34.22376],[-111.47479,34.22367],[-111.47582,34.22304]]}},{"type":"Feature","properties":{"name":"East Verde River"},"geometry":{"type":"LineString","coordinates":[[-111.44071,34.2345],[-111.44263,34.23506]]}},{"type":"Feature","properties":{"name":"East Verde River"},"geometry":{"type":"LineString","coordinates":[[-111.63875,34.27571],[-111.63893,34.27771]]}},{"type":"Feature","properties":{"name":"East Verde River"},"geometry":{"type":"LineString","coordinates":[[-111.48403,34.21771],[-111.48421,34.218]]}},{"type":"Feature","properties":{"name":"East Verde River"},"geometry":{"type":"LineString","coordinates":[[-111.51557,34.22834],[-111.51699,34.22766]]}},{"type":"Feature","properties":{"name":"East Verde River"},"geometry":{"type":"LineString","coordinates":[[-111.42522,34.25269],[-111.42649,34.25189],[-111.42657,34.25124],[-111.42586,34.25075],[-111.42337,34.25047]]}},{"type":"Feature","properties":{"name":"East Verde River"},"geometry":{"type":"LineString","coordinates":[[-111.61633,34.26054],[-111.61775,34.25962]]}},{"type":"Feature","properties":{"name":"East Verde River"},"geometry":{"type":"LineString","coordinates":[[-111.38663,34.28622],[-111.38756,34.28625],[-111.39004,34.28512],[-111.39214,34.28251]]}},{"type":"Feature","properties":{"name":"East Verde River"},"geometry":{"type":"LineString","coordinates":[[-111.51699,34.22766],[-111.51822,34.22802]]}},{"type":"Feature","properties":{"name":"East Verde River"},"geometry":{"type":"LineString","coordinates":[[-111.53249,34.23313],[-111.53463,34.22978]]}},{"type":"Feature","properties":{"name":"East Verde River"},"geometry":{"type":"LineString","coordinates":[[-111.61197,34.26234],[-111.61316,34.26281]]}},{"type":"Feature","properties":{"name":"East Verde River"},"geometry":{"type":"LineString","coordinates":[[-111.47582,34.22304],[-111.47707,34.22071]]}},{"type":"Feature","properties":{"name":"East Verde River"},"geometry":{"type":"LineString","coordinates":[[-111.48421,34.218],[-111.48716,34.22103],[-111.4886,34.22182]]}},{"type":"Feature","properties":{"name":"East Verde River"},"geometry":{"type":"LineString","coordinates":[[-111.35842,34.30131],[-111.35892,34.30108],[-111.35902,34.30001],[-111.3579,34.29857],[-111.35796,34.2975]]}},{"type":"Feature","properties":{"name":"East Verde River"},"geometry":{"type":"LineString","coordinates":[[-111.49113,34.22154],[-111.49187,34.22196]]}},{"type":"Feature","properties":{"name":"East Verde River"},"geometry":{"type":"LineString","coordinates":[[-111.5672,34.24404],[-111.56831,34.24427],[-111.57164,34.2436],[-111.57325,34.24413]]}},{"type":"Feature","properties":{"name":"East Verde River"},"geometry":{"type":"LineString","coordinates":[[-111.35796,34.2975],[-111.35948,34.29671],[-111.36168,34.29374]]}},{"type":"Feature","properties":{"name":"East Verde River"},"geometry":{"type":"LineString","coordinates":[[-111.52996,34.23457],[-111.53249,34.23313]]}},{"type":"Feature","properties":{"name":"East Verde River"},"geometry":{"type":"LineString","coordinates":[[-111.34299,34.31346],[-111.34317,34.31205],[-111.34242,34.31095],[-111.34331,34.3079]]}},{"type":"Feature","properties":{"name":"East Verde River"},"geometry":{"type":"LineString","coordinates":[[-111.61775,34.25962],[-111.61817,34.26072],[-111.61987,34.26173],[-111.62006,34.26397]]}},{"type":"Feature","properties":{"name":"East Verde River"},"geometry":{"type":"LineString","coordinates":[[-111.41246,34.27245],[-111.41343,34.27207],[-111.41417,34.27234],[-111.41415,34.27402],[-111.4161,34.27655]]}},{"type":"Feature","properties":{"name":"East Verde River"},"geometry":{"type":"LineString","coordinates":[[-111.64896,34.28033],[-111.65075,34.28088]]}},{"type":"Feature","properties":{"name":"East Verde River"},"geometry":{"type":"LineString","coordinates":[[-111.46186,34.226],[-111.46629,34.22451]]}},{"type":"Feature","properties":{"name":"East Verde River"},"geometry":{"type":"LineString","coordinates":[[-111.64326,34.27723],[-111.64415,34.27835]]}},{"type":"Feature","properties":{"name":"East Verde River"},"geometry":{"type":"LineString","coordinates":[[-111.54134,34.23451],[-111.54375,34.23566],[-111.54467,34.23555]]}},{"type":"Feature","properties":{"name":"East Verde River"},"geometry":{"type":"LineString","coordinates":[[-111.56071,34.24265],[-111.56136,34.2417]]}},{"type":"Feature","properties":{"name":"East Verde River"},"geometry":{"type":"LineString","coordinates":[[-111.53985,34.22933],[-111.54109,34.23097],[-111.54095,34.23149]]}},{"type":"Feature","properties":{"name":"East Verde River"},"geometry":{"type":"LineString","coordinates":[[-111.42086,34.2698],[-111.42232,34.26949]]}},{"type":"Feature","properties":{"name":"East Verde River"},"geometry":{"type":"LineString","coordinates":[[-111.37457,34.28733],[-111.37571,34.28514],[-111.37854,34.28521],[-111.3811,34.28379],[-111.38153,34.28297],[-111.38114,34.28249]]}},{"type":"Feature","properties":{"name":"East Verde River"},"geometry":{"type":"LineString","coordinates":[[-111.62398,34.26367],[-111.62465,34.26637],[-111.62548,34.26718],[-111.62702,34.26753]]}},{"type":"Feature","properties":{"name":"East Verde River"},"geometry":{"type":"LineString","coordinates":[[-111.46008,34.22465],[-111.46186,34.226]]}},{"type":"Feature","properties":{"name":"East Verde River"},"geometry":{"type":"LineString","coordinates":[[-111.57616,34.24564],[-111.57672,34.24582]]}},{"type":"Feature","properties":{"name":"East Verde River"},"geometry":{"type":"LineString","coordinates":[[-111.62006,34.26397],[-111.62105,34.26372],[-111.62312,34.26203]]}},{"type":"Feature","properties":{"name":"East Verde River"},"geometry":{"type":"LineString","coordinates":[[-111.42232,34.26949],[-111.42329,34.26869],[-111.42258,34.26742]]}},{"type":"Feature","properties":{"name":"East Verde River"},"geometry":{"type":"LineString","coordinates":[[-111.58541,34.24613],[-111.58578,34.24853]]}},{"type":"Feature","properties":{"name":"East Verde River"},"geometry":{"type":"LineString","coordinates":[[-111.54745,34.2344],[-111.54812,34.23426]]}},{"type":"Feature","properties":{"name":"East Verde River"},"geometry":{"type":"LineString","coordinates":[[-111.4305,34.23894],[-111.4318,34.23866]]}},{"type":"Feature","properties":{"name":"East Verde River"},"geometry":{"type":"LineString","coordinates":[[-111.55661,34.23811],[-111.55592,34.23948],[-111.55684,34.24152]]}},{"type":"Feature","properties":{"name":"East Verde River"},"geometry":{"type":"LineString","coordinates":[[-111.59982,34.2589],[-111.59989,34.25962]]}},{"type":"Feature","properties":{"name":"East Verde River"},"geometry":{"type":"LineString","coordinates":[[-111.65748,34.28348],[-111.65754,34.28362]]}},{"type":"Feature","properties":{"name":"East Verde River"},"geometry":{"type":"LineString","coordinates":[[-111.63328,34.27439],[-111.63485,34.27548],[-111.63709,34.27553]]}},{"type":"Feature","properties":{"name":"East Verde River"},"geometry":{"type":"LineString","coordinates":[[-111.4161,34.27655],[-111.41692,34.27587],[-111.41694,34.27352],[-111.41831,34.27104],[-111.41733,34.26864]]}},{"type":"Feature","properties":{"name":"East Verde River"},"geometry":{"type":"LineString","coordinates":[[-111.49187,34.22196],[-111.49356,34.22246],[-111.49539,34.2217],[-111.49929,34.22127],[-111.50102,34.22355],[-111.50224,34.22356]]}},{"type":"Feature","properties":{"name":"East Verde River"},"geometry":{"type":"LineString","coordinates":[[-111.39877,34.27602],[-111.39792,34.27472],[-111.39824,34.27414]]}},{"type":"Feature","properties":{"name":"East Verde River"},"geometry":{"type":"LineString","coordinates":[[-111.57907,34.24511],[-111.58108,34.24433],[-111.58285,34.24458]]}},{"type":"Feature","properties":{"name":"East Verde River"},"geometry":{"type":"LineString","coordinates":[[-111.51822,34.22802],[-111.51928,34.22877]]}},{"type":"Feature","properties":{"name":"East Verde River"},"geometry":{"type":"LineString","coordinates":[[-111.62312,34.26203],[-111.62398,34.26367]]}},{"type":"Feature","properties":{"name":"East Verde River"},"geometry":{"type":"LineString","coordinates":[[-111.36773,34.2923],[-111.36924,34.29232]]}},{"type":"Feature","properties":{"name":"Fossil Creek"},"geometry":{"type":"LineString","coordinates":[[-111.65923,34.36283],[-111.65921,34.36223],[-111.6604,34.3607]]}},{"type":"Feature","properties":{"name":"Fossil Creek"},"geometry":{"type":"LineString","coordinates":[[-111.66552,34.32381],[-111.66544,34.32338]]}},{"type":"Feature","properties":{"name":"Fossil Creek"},"geometry":{"type":"LineString","coordinates":[[-111.57623,34.42097],[-111.58084,34.41966],[-111.58145,34.4199],[-111.58235,34.4214],[-111.58345,34.42151],[-111.58451,34.42098]]}},{"type":"Feature","properties":{"name":"Fossil Creek"},"geometry":{"type":"LineString","coordinates":[[-111.66383,34.32578],[-111.66335,34.32528]]}},{"type":"Feature","properties":{"name":"Fossil Creek"},"geometry":{"type":"LineString","coordinates":[[-111.58451,34.42098],[-111.58678,34.42023]]}},{"type":"Feature","properties":{"name":"Fossil Creek"},"geometry":{"type":"LineString","coordinates":[[-111.6637,34.3282],[-111.66383,34.32578]]}},{"type":"Feature","properties":{"name":"Fossil Creek"},"geometry":{"type":"LineString","coordinates":[[-111.66776,34.31188],[-111.66881,34.31014],[-111.66769,34.30945],[-111.66754,34.30885]]}},{"type":"Feature","properties":{"name":"Fossil Creek"},"geometry":{"type":"LineString","coordinates":[[-111.62182,34.40043],[-111.62425,34.40031],[-111.62572,34.39925]]}},{"type":"Feature","properties":{"name":"Fossil Creek"},"geometry":{"type":"LineString","coordinates":[[-111.63857,34.39359],[-111.64174,34.39435],[-111.64288,34.39234]]}},{"type":"Feature","properties":{"name":"Fossil Creek"},"geometry":{"type":"LineString","coordinates":[[-111.5087,34.43548],[-111.51266,34.43391],[-111.51415,34.43381],[-111.51728,34.43081],[-111.52207,34.43153]]}},{"type":"Feature","properties":{"name":"Fossil Creek"},"geometry":{"type":"LineString","coordinates":[[-111.66496,34.334],[-111.66527,34.33252]]}},{"type":"Feature","properties":{"name":"Fossil Creek"},"geometry":{"type":"LineString","coordinates":[[-111.66574,34.33157],[-111.66579,34.33118],[-111.66371,34.33115]]}},{"type":"Feature","properties":{"name":"Fossil Creek"},"geometry":{"type":"LineString","coordinates":[[-111.56243,34.43386],[-111.56199,34.43291],[-111.56332,34.43203],[-111.56692,34.43106]]}},{"type":"Feature","properties":{"name":"Fossil Creek"},"geometry":{"type":"LineString","coordinates":[[-111.63267,34.39303],[-111.63553,34.39254],[-111.6365,34.39284]]}},{"type":"Feature","properties":{"name":"Fossil Creek"},"geometry":{"type":"LineString","coordinates":[[-111.64873,34.39054],[-111.64917,34.38985],[-111.65289,34.38912],[-111.65436,34.38827]]}},{"type":"Feature","properties":{"name":"Fossil Creek"},"geometry":{"type":"LineString","coordinates":[[-111.66371,34.33115],[-111.66323,34.33074]]}},{"type":"Feature","properties":{"name":"Fossil Creek"},"geometry":{"type":"LineString","coordinates":[[-111.59957,34.41935],[-111.60098,34.41934]]}},{"type":"Feature","properties":{"name":"Fossil Creek"},"geometry":{"type":"LineString","coordinates":[[-111.52207,34.43153],[-111.52451,34.43388],[-111.52641,34.43725],[-111.52689,34.43956],[-111.52818,34.44034]]}},{"type":"Feature","properties":{"name":"Fossil Creek"},"geometry":{"type":"LineString","coordinates":[[-111.60422,34.41672],[-111.6052,34.41549],[-111.605,34.41377]]}},{"type":"Feature","properties":{"name":"Fossil Creek"},"geometry":{"type":"LineString","coordinates":[[-111.57163,34.42991],[-111.57253,34.42767]]}},{"type":"Feature","properties":{"name":"Fossil Creek"},"geometry":{"type":"LineString","coordinates":[[-111.61075,34.40617],[-111.61199,34.40524],[-111.61515,34.40531]]}},{"type":"Feature","properties":{"name":"Fossil Creek"},"geometry":{"type":"LineString","coordinates":[[-111.61622,34.40465],[-111.61751,34.40335]]}},{"type":"Feature","properties":{"name":"Fossil Creek"},"geometry":{"type":"LineString","coordinates":[[-111.6365,34.39284],[-111.63857,34.39359]]}},{"type":"Feature","properties":{"name":"Fossil Creek"},"geometry":{"type":"LineString","coordinates":[[-111.58678,34.42023],[-111.59151,34.42215],[-111.59255,34.42138],[-111.59249,34.41979],[-111.59323,34.41912],[-111.59594,34.4209],[-111.59696,34.42049],[-111.59797,34.41902],[-111.59957,34.41935]]}},{"type":"Feature","properties":{"name":"Fossil Creek"},"geometry":{"type":"LineString","coordinates":[[-111.57612,34.42111],[-111.57623,34.42097]]}},{"type":"Feature","properties":{"name":"Fossil Creek"},"geometry":{"type":"LineString","coordinates":[[-111.66427,34.31752],[-111.66559,34.31691]]}},{"type":"Feature","properties":{"name":"Fossil Creek"},"geometry":{"type":"LineString","coordinates":[[-111.65841,34.38308],[-111.659,34.38132]]}},{"type":"Feature","properties":{"name":"Fossil Creek"},"geometry":{"type":"LineString","coordinates":[[-111.60962,34.40795],[-111.61075,34.40617]]}},{"type":"Feature","properties":{"name":"Fossil Creek"},"geometry":{"type":"LineString","coordinates":[[-111.65645,34.38731],[-111.65963,34.38635],[-111.65837,34.38477],[-111.65841,34.38308]]}},{"type":"Feature","properties":{"name":"Fossil Creek"},"geometry":{"type":"LineString","coordinates":[[-111.605,34.41377],[-111.60477,34.41167],[-111.60749,34.41074]]}},{"type":"Feature","properties":{"name":"Fossil Creek"},"geometry":{"type":"LineString","coordinates":[[-111.60281,34.41762],[-111.60422,34.41672]]}},{"type":"Feature","properties":{"name":"Fossil Creek"},"geometry":{"type":"LineString","coordinates":[[-111.65868,34.36595],[-111.65962,34.36538],[-111.65972,34.3645]]}},{"type":"Feature","properties":{"name":"Fossil Creek"},"geometry":{"type":"LineString","coordinates":[[-111.66651,34.34746],[-111.66615,34.34557],[-111.66736,34.34358],[-111.66599,34.3434],[-111.66467,34.34227],[-111.66455,34.34139]]}},{"type":"Feature","properties":{"name":"Fossil Creek"},"geometry":{"type":"LineString","coordinates":[[-111.66532,34.3509],[-111.66646,34.34904]]}},{"type":"Feature","properties":{"name":"Fossil Creek"},"geometry":{"type":"LineString","coordinates":[[-111.66537,34.35117],[-111.66532,34.3509]]}},{"type":"Feature","properties":{"name":"Fossil Creek"},"geometry":{"type":"LineString","coordinates":[[-111.66562,34.31447],[-111.66698,34.31331],[-111.66776,34.31188]]}},{"type":"Feature","properties":{"name":"Fossil Creek"},"geometry":{"type":"LineString","coordinates":[[-111.66527,34.33252],[-111.66574,34.33157]]}},{"type":"Feature","properties":{"name":"Fossil Creek"},"geometry":{"type":"LineString","coordinates":[[-111.63051,34.39742],[-111.63126,34.3965],[-111.62995,34.39391],[-111.63101,34.39319]]}},{"type":"Feature","properties":{"name":"Fossil Creek"},"geometry":{"type":"LineString","coordinates":[[-111.65798,34.37397],[-111.65882,34.37188],[-111.65861,34.37069],[-111.65755,34.36955]]}},{"type":"Feature","properties":{"name":"Fossil Creek"},"geometry":{"type":"LineString","coordinates":[[-111.601,34.41933],[-111.60281,34.41762]]}},{"type":"Feature","properties":{"name":"Fossil Creek"},"geometry":{"type":"LineString","coordinates":[[-111.61751,34.40335],[-111.61808,34.40133]]}},{"type":"Feature","properties":{"name":"Fossil Creek"},"geometry":{"type":"LineString","coordinates":[[-111.5674,34.43088],[-111.57163,34.42991]]}},{"type":"Feature","properties":{"name":"Fossil Creek"},"geometry":{"type":"LineString","coordinates":[[-111.61808,34.40133],[-111.62182,34.40043]]}},{"type":"Feature","properties":{"name":"Fossil Creek"},"geometry":{"type":"LineString","coordinates":[[-111.62572,34.39925],[-111.62742,34.39715],[-111.63051,34.39742]]}},{"type":"Feature","properties":{"name":"Fossil Creek"},"geometry":{"type":"LineString","coordinates":[[-111.61515,34.40531],[-111.61622,34.40465]]}},{"type":"Feature","properties":{"name":"Fossil Creek"},"geometry":{"type":"LineString","coordinates":[[-111.66728,34.34761],[-111.66651,34.34746]]}},{"type":"Feature","properties":{"name":"Fossil Creek"},"geometry":{"type":"LineString","coordinates":[[-111.66323,34.33074],[-111.6637,34.3282]]}},{"type":"Feature","properties":{"name":"Fossil Creek"},"geometry":{"type":"LineString","coordinates":[[-111.66335,34.32528],[-111.66259,34.32457],[-111.66552,34.32381]]}},{"type":"Feature","properties":{"name":"Fossil Creek"},"geometry":{"type":"LineString","coordinates":[[-111.66544,34.32338],[-111.66302,34.32262],[-111.66431,34.31992],[-111.6634,34.31929],[-111.66334,34.31824],[-111.66427,34.31752]]}},{"type":"Feature","properties":{"name":"Fossil Creek"},"geometry":{"type":"LineString","coordinates":[[-111.66646,34.34904],[-111.66727,34.34826],[-111.66728,34.34761]]}},{"type":"Feature","properties":{"name":"Fossil Creek"},"geometry":{"type":"LineString","coordinates":[[-111.60803,34.41049],[-111.60904,34.40992],[-111.60962,34.40795]]}},{"type":"Feature","properties":{"name":"Fossil Creek"},"geometry":{"type":"LineString","coordinates":[[-111.65436,34.38827],[-111.65529,34.38748],[-111.65645,34.38731]]}},{"type":"Feature","properties":{"name":"Fossil Creek"},"geometry":{"type":"LineString","coordinates":[[-111.57321,34.42325],[-111.57592,34.42281],[-111.57612,34.42111]]}},{"type":"Feature","properties":{"name":"Fossil Creek"},"geometry":{"type":"LineString","coordinates":[[-111.60098,34.41934],[-111.601,34.41933]]}},{"type":"Feature","properties":{"name":"Fossil Creek"},"geometry":{"type":"LineString","coordinates":[[-111.66555,34.31634],[-111.66562,34.31447]]}},{"type":"Feature","properties":{"name":"Fossil Creek"},"geometry":{"type":"LineString","coordinates":[[-111.64288,34.39234],[-111.64371,34.39184],[-111.6474,34.39306],[-111.64863,34.39096]]}},{"type":"Feature","properties":{"name":"Fossil Creek"},"geometry":{"type":"LineString","coordinates":[[-111.65972,34.3645],[-111.65981,34.36372],[-111.65923,34.36283]]}},{"type":"Feature","properties":{"name":"Fossil Creek"},"geometry":{"type":"LineString","coordinates":[[-111.60749,34.41074],[-111.60803,34.41049]]}},{"type":"Feature","properties":{"name":"Fossil Creek"},"geometry":{"type":"LineString","coordinates":[[-111.659,34.38132],[-111.65828,34.37814],[-111.65863,34.37543],[-111.65798,34.37397]]}},{"type":"Feature","properties":{"name":"Fossil Creek"},"geometry":{"type":"LineString","coordinates":[[-111.66559,34.31691],[-111.66555,34.31634]]}},{"type":"Feature","properties":{"name":"Fossil Creek"},"geometry":{"type":"LineString","coordinates":[[-111.57253,34.42767],[-111.57256,34.42642],[-111.57335,34.42549],[-111.57289,34.42383],[-111.57321,34.42325]]}},{"type":"Feature","properties":{"name":"Fossil Creek"},"geometry":{"type":"LineString","coordinates":[[-111.65755,34.36955],[-111.65698,34.36798],[-111.65868,34.36595]]}},{"type":"Feature","properties":{"name":"Fossil Creek"},"geometry":{"type":"LineString","coordinates":[[-111.66754,34.30885],[-111.66831,34.30755],[-111.66929,34.30705],[-111.67238,34.30734],[-111.67395,34.30686],[-111.67497,34.30588],[-111.67537,34.30611]]}},{"type":"Feature","properties":{"name":"Fossil Creek"},"geometry":{"type":"LineString","coordinates":[[-111.66455,34.34139],[-111.66505,34.33989],[-111.66474,34.33903],[-111.66579,34.33765],[-111.66577,34.33715],[-111.66453,34.33632],[-111.66496,34.334]]}},{"type":"Feature","properties":{"name":"Fossil Creek"},"geometry":{"type":"LineString","coordinates":[[-111.64863,34.39096],[-111.64873,34.39054]]}},{"type":"Feature","properties":{"name":"Fossil Creek"},"geometry":{"type":"LineString","coordinates":[[-111.63101,34.39319],[-111.63267,34.39303]]}},{"type":"Feature","properties":{"name":"Fossil Creek"},"geometry":{"type":"LineString","coordinates":[[-111.56692,34.43106],[-111.5674,34.43088]]}},{"type":"Feature","properties":{"name":"Fossil Creek"},"geometry":{"type":"LineString","coordinates":[[-111.6604,34.3607],[-111.66174,34.35922],[-111.6628,34.35877],[-111.66355,34.35638],[-111.66459,34.35537]]}},{"type":"Feature","properties":{"name":"Fossil Creek"},"geometry":{"type":"LineString","coordinates":[[-111.66459,34.35537],[-111.6654,34.35328],[-111.66537,34.35117]]}},{"type":"Feature","properties":{"name":"Verde River"},"geometry":{"type":"LineString","coordinates":[[-111.73582,34.37033],[-111.7342,34.36934]]}},{"type":"Feature","properties":{"name":"Verde River"},"geometry":{"type":"LineString","coordinates":[[-111.72742,34.00906],[-111.72737,34.00872]]}},{"type":"Feature","properties":{"name":"Verde River"},"geometry":{"type":"LineString","coordinates":[[-111.62592,33.88501],[-111.62234,33.88378]]}},{"type":"Feature","properties":{"name":"Verde River"},"geometry":{"type":"LineString","coordinates":[[-111.74969,34.37896],[-111.74781,34.37815]]}},{"type":"Feature","properties":{"name":"Verde River"},"geometry":{"type":"LineString","coordinates":[[-111.67283,33.94083],[-111.67264,33.94054]]}},{"type":"Feature","properties":{"name":"Verde River"},"geometry":{"type":"LineString","coordinates":[[-111.69942,34.23185],[-111.6991,34.23086],[-111.69938,34.22951],[-111.70036,34.22913]]}},{"type":"Feature","properties":{"name":"Verde River"},"geometry":{"type":"LineString","coordinates":[[-111.72776,34.01074],[-111.72742,34.00906]]}},{"type":"Feature","properties":{"name":"Verde River"},"geometry":{"type":"LineString","coordinates":[[-111.61515,33.85515],[-111.61595,33.85463]]}},{"type":"Feature","properties":{"name":"Verde River"},"geometry":{"type":"LineString","coordinates":[[-111.64297,33.89624],[-111.64219,33.89435]]}},{"type":"Feature","properties":{"name":"Verde River"},"geometry":{"type":"LineString","coordinates":[[-111.67264,33.94054],[-111.66991,33.94013]]}},{"type":"Feature","properties":{"name":"Verde River"},"geometry":{"type":"LineString","coordinates":[[-111.6993,34.34873],[-111.698,34.34748]]}},{"type":"Feature","properties":{"name":"Verde River"},"geometry":{"type":"LineString","coordinates":[[-111.72716,34.00727],[-111.72692,34.00567]]}},{"type":"Feature","properties":{"name":"Verde River"},"geometry":{"type":"LineString","coordinates":[[-111.73807,34.03622],[-111.74068,34.03521]]}},{"type":"Feature","properties":{"name":"Verde River"},"geometry":{"type":"LineString","coordinates":[[-111.66614,33.92123],[-111.66475,33.9236]]}},{"type":"Feature","properties":{"name":"Verde River"},"geometry":{"type":"LineString","coordinates":[[-111.68038,34.30236],[-111.68235,34.30084]]}},{"type":"Feature","properties":{"name":"Verde River"},"geometry":{"type":"LineString","coordinates":[[-111.72787,34.05362],[-111.72741,34.05145]]}},{"type":"Feature","properties":{"name":"Verde River"},"geometry":{"type":"LineString","coordinates":[[-111.65085,33.90248],[-111.65019,33.90329]]}},{"type":"Feature","properties":{"name":"Verde River"},"geometry":{"type":"LineString","coordinates":[[-111.66742,34.29699],[-111.66574,34.29725],[-111.66359,34.29599],[-111.66335,34.29524]]}},{"type":"Feature","properties":{"name":"Verde River"},"geometry":{"type":"LineString","coordinates":[[-111.698,34.34748],[-111.69658,34.34599],[-111.69618,34.34309]]}},{"type":"Feature","properties":{"name":"Verde River"},"geometry":{"type":"LineString","coordinates":[[-111.61753,33.85061],[-111.61759,33.8497]]}},{"type":"Feature","properties":{"name":"Verde River"},"geometry":{"type":"LineString","coordinates":[[-111.72904,34.12908],[-111.72724,34.12554]]}},{"type":"Feature","properties":{"name":"Verde River"},"geometry":{"type":"LineString","coordinates":[[-111.65507,33.90235],[-111.65225,33.90056]]}},{"type":"Feature","properties":{"name":"Verde River"},"geometry":{"type":"LineString","coordinates":[[-111.72623,34.00185],[-111.72596,34.00098]]}},{"type":"Feature","properties":{"name":"Verde River"},"geometry":{"type":"LineString","coordinates":[[-111.69921,34.23323],[-111.69942,34.23185]]}},{"type":"Feature","properties":{"name":"Verde River"},"geometry":{"type":"LineString","coordinates":[[-111.66982,34.29616],[-111.66742,34.29699]]}},{"type":"Feature","properties":{"name":"Verde River"},"geometry":{"type":"LineString","coordinates":[[-111.67024,33.93246],[-111.67224,33.93224]]}},{"type":"Feature","properties":{"name":"Verde River"},"geometry":{"type":"LineString","coordinates":[[-111.72838,34.06031],[-111.72905,34.05926],[-111.72874,34.05805]]}},{"type":"Feature","properties":{"name":"Verde River"},"geometry":{"type":"LineString","coordinates":[[-111.62927,33.88709],[-111.62871,33.88671]]}},{"type":"Feature","properties":{"name":"Verde River"},"geometry":{"type":"LineString","coordinates":[[-111.71601,34.11204],[-111.71591,34.11021]]}},{"type":"Feature","properties":{"name":"Verde River"},"geometry":{"type":"LineString","coordinates":[[-111.69449,34.25284],[-111.69582,34.25103]]}},{"type":"Feature","properties":{"name":"Verde River"},"geometry":{"type":"LineString","coordinates":[[-111.60552,33.85951],[-111.60663,33.85893]]}},{"type":"Feature","properties":{"name":"Verde River"},"geometry":{"type":"LineString","coordinates":[[-111.62234,33.88378],[-111.6193,33.8834]]}},{"type":"Feature","properties":{"name":"Verde River"},"geometry":{"type":"LineString","coordinates":[[-111.69619,34.33196],[-111.69623,34.3304]]}},{"type":"Feature","properties":{"name":"Verde River"},"geometry":{"type":"LineString","coordinates":[[-111.73334,34.01687],[-111.73008,34.01362]]}},{"type":"Feature","properties":{"name":"Verde River"},"geometry":{"type":"LineString","coordinates":[[-111.71448,33.97024],[-111.71436,33.96902],[-111.71365,33.96848]]}},{"type":"Feature","properties":{"name":"Verde River"},"geometry":{"type":"LineString","coordinates":[[-111.67224,33.93224],[-111.67485,33.92951],[-111.67567,33.92753]]}},{"type":"Feature","properties":{"name":"Verde River"},"geometry":{"type":"LineString","coordinates":[[-111.68182,33.94354],[-111.68084,33.94159],[-111.67815,33.94088],[-111.67482,33.94114]]}},{"type":"Feature","properties":{"name":"Verde River"},"geometry":{"type":"LineString","coordinates":[[-111.73931,34.02169],[-111.7347,34.01811]]}},{"type":"Feature","properties":{"name":"Verde River"},"geometry":{"type":"LineString","coordinates":[[-111.74059,34.37452],[-111.73893,34.37351],[-111.73828,34.37251]]}},{"type":"Feature","properties":{"name":"Verde River"},"geometry":{"type":"LineString","coordinates":[[-111.60463,33.86247],[-111.60489,33.86114]]}},{"type":"Feature","properties":{"name":"Verde River"},"geometry":{"type":"LineString","coordinates":[[-111.64308,33.89749],[-111.64297,33.89624]]}},{"type":"Feature","properties":{"name":"Verde River"},"geometry":{"type":"LineString","coordinates":[[-111.68546,33.95573],[-111.68284,33.95288],[-111.68229,33.9489]]}},{"type":"Feature","properties":{"name":"Verde River"},"geometry":{"type":"LineString","coordinates":[[-111.61157,33.87198],[-111.6118,33.87159]]}},{"type":"Feature","properties":{"name":"Verde River"},"geometry":{"type":"LineString","coordinates":[[-111.71648,34.15702],[-111.7138,34.15431]]}},{"type":"Feature","properties":{"name":"Verde River"},"geometry":{"type":"LineString","coordinates":[[-111.70979,34.08519],[-111.70827,34.08403],[-111.70665,34.08139]]}},{"type":"Feature","properties":{"name":"Verde River"},"geometry":{"type":"LineString","coordinates":[[-111.63095,33.83354],[-111.63107,33.83347]]}},{"type":"Feature","properties":{"name":"Verde River"},"geometry":{"type":"LineString","coordinates":[[-111.6596,33.92551],[-111.65695,33.92486]]}},{"type":"Feature","properties":{"name":"Verde River"},"geometry":{"type":"LineString","coordinates":[[-111.76809,34.38105],[-111.76812,34.37989]]}},{"type":"Feature","properties":{"name":"Verde River"},"geometry":{"type":"LineString","coordinates":[[-111.73002,34.04653],[-111.72997,34.04505],[-111.72893,34.04355],[-111.72497,34.04316]]}},{"type":"Feature","properties":{"name":"Verde River"},"geometry":{"type":"LineString","coordinates":[[-111.71804,33.98988],[-111.71785,33.98978]]}},{"type":"Feature","properties":{"name":"Verde River"},"geometry":{"type":"LineString","coordinates":[[-111.65615,33.90347],[-111.65559,33.90289]]}},{"type":"Feature","properties":{"name":"Verde River"},"geometry":{"type":"LineString","coordinates":[[-111.68125,34.27385],[-111.68094,34.27336]]}},{"type":"Feature","properties":{"name":"Verde River"},"geometry":{"type":"LineString","coordinates":[[-111.61571,33.88276],[-111.61527,33.88267]]}},{"type":"Feature","properties":{"name":"Verde River"},"geometry":{"type":"LineString","coordinates":[[-111.61071,33.85694],[-111.61217,33.85659]]}},{"type":"Feature","properties":{"name":"Verde River"},"geometry":{"type":"LineString","coordinates":[[-111.71366,34.36218],[-111.71225,34.35924]]}},{"type":"Feature","properties":{"name":"Verde River"},"geometry":{"type":"LineString","coordinates":[[-111.74236,34.02953],[-111.74245,34.02866]]}},{"type":"Feature","properties":{"name":"Verde River"},"geometry":{"type":"LineString","coordinates":[[-111.72694,34.14329],[-111.72763,34.14005],[-111.72699,34.139]]}},{"type":"Feature","properties":{"name":"Verde River"},"geometry":{"type":"LineString","coordinates":[[-111.70077,33.96186],[-111.69867,33.96193]]}},{"type":"Feature","properties":{"name":"Verde River"},"geometry":{"type":"LineString","coordinates":[[-111.66945,33.9225],[-111.6674,33.92092]]}},{"type":"Feature","properties":{"name":"Verde River"},"geometry":{"type":"LineString","coordinates":[[-111.70036,34.22913],[-111.70324,34.22845]]}},{"type":"Feature","properties":{"name":"Verde River"},"geometry":{"type":"LineString","coordinates":[[-111.68235,33.9484],[-111.6821,33.94704],[-111.68245,33.94573]]}},{"type":"Feature","properties":{"name":"Verde River"},"geometry":{"type":"LineString","coordinates":[[-111.70665,34.08139],[-111.70629,34.08081]]}},{"type":"Feature","properties":{"name":"Verde River"},"geometry":{"type":"LineString","coordinates":[[-111.71853,33.99014],[-111.71804,33.98988]]}},{"type":"Feature","properties":{"name":"Verde River"},"geometry":{"type":"LineString","coordinates":[[-111.63745,33.89254],[-111.63687,33.89241]]}},{"type":"Feature","properties":{"name":"Verde River"},"geometry":{"type":"LineString","coordinates":[[-111.77695,34.40085],[-111.77347,34.39895],[-111.77013,34.39548],[-111.77056,34.39389],[-111.76878,34.39211]]}},{"type":"Feature","properties":{"name":"Verde River"},"geometry":{"type":"LineString","coordinates":[[-111.67992,34.31818],[-111.67821,34.31655],[-111.67897,34.31388],[-111.67813,34.31156]]}},{"type":"Feature","properties":{"name":"Verde River"},"geometry":{"type":"LineString","coordinates":[[-111.61745,33.84733],[-111.61738,33.84622],[-111.61797,33.8454],[-111.61901,33.84516]]}},{"type":"Feature","properties":{"name":"Verde River"},"geometry":{"type":"LineString","coordinates":[[-111.7097,33.962],[-111.70812,33.96184]]}},{"type":"Feature","properties":{"name":"Verde River"},"geometry":{"type":"LineString","coordinates":[[-111.71403,33.97429],[-111.71448,33.97024]]}},{"type":"Feature","properties":{"name":"Verde River"},"geometry":{"type":"LineString","coordinates":[[-111.72132,34.14478],[-111.72166,34.14497]]}},{"type":"Feature","properties":{"name":"Verde River"},"geometry":{"type":"LineString","coordinates":[[-111.72497,34.04316],[-111.72427,34.04174]]}},{"type":"Feature","properties":{"name":"Verde River"},"geometry":{"type":"LineString","coordinates":[[-111.69104,34.19876],[-111.69248,34.19794],[-111.69293,34.19574]]}},{"type":"Feature","properties":{"name":"Verde River"},"geometry":{"type":"LineString","coordinates":[[-111.61527,33.88267],[-111.61485,33.88259]]}},{"type":"Feature","properties":{"name":"Verde River"},"geometry":{"type":"LineString","coordinates":[[-111.72166,34.14497],[-111.72224,34.14505]]}},{"type":"Feature","properties":{"name":"Verde River"},"geometry":{"type":"LineString","coordinates":[[-111.69582,34.25103],[-111.69648,34.25003]]}},{"type":"Feature","properties":{"name":"Verde River"},"geometry":{"type":"LineString","coordinates":[[-111.68235,34.30084],[-111.68292,34.30045]]}},{"type":"Feature","properties":{"name":"Verde River"},"geometry":{"type":"LineString","coordinates":[[-111.69835,34.2412],[-111.70084,34.23926]]}},{"type":"Feature","properties":{"name":"Verde River"},"geometry":{"type":"LineString","coordinates":[[-111.61463,33.88255],[-111.6126,33.8817],[-111.61142,33.87838]]}},{"type":"Feature","properties":{"name":"Verde River"},"geometry":{"type":"LineString","coordinates":[[-111.72513,34.14522],[-111.72581,34.14453]]}},{"type":"Feature","properties":{"name":"Verde River"},"geometry":{"type":"LineString","coordinates":[[-111.6674,33.92092],[-111.66634,33.92082],[-111.66614,33.92123]]}},{"type":"Feature","properties":{"name":"Verde River"},"geometry":{"type":"LineString","coordinates":[[-111.68235,33.94409],[-111.68182,33.94354]]}},{"type":"Feature","properties":{"name":"Verde River"},"geometry":{"type":"LineString","coordinates":[[-111.67732,34.28345],[-111.68204,34.28345],[-111.68474,34.28257],[-111.68527,34.28174]]}},{"type":"Feature","properties":{"name":"Verde River"},"geometry":{"type":"LineString","coordinates":[[-111.61596,33.88281],[-111.61571,33.88276]]}},{"type":"Feature","properties":{"name":"Verde River"},"geometry":{"type":"LineString","coordinates":[[-111.6051,33.86318],[-111.60463,33.86247]]}},{"type":"Feature","properties":{"name":"Verde River"},"geometry":{"type":"LineString","coordinates":[[-111.67813,34.31156],[-111.67583,34.30884],[-111.6751,34.30721],[-111.67537,34.30611]]}},{"type":"Feature","properties":{"name":"Verde River"},"geometry":{"type":"LineString","coordinates":[[-111.71209,34.10285],[-111.7112,34.10325]]}},{"type":"Feature","properties":{"name":"Verde River"},"geometry":{"type":"LineString","coordinates":[[-111.66507,34.28645],[-111.66593,34.28546]]}},{"type":"Feature","properties":{"name":"Verde River"},"geometry":{"type":"LineString","coordinates":[[-111.68527,34.28174],[-111.68254,34.27826],[-111.68125,34.27385]]}},{"type":"Feature","properties":{"name":"Verde River"},"geometry":{"type":"LineString","coordinates":[[-111.64398,33.90135],[-111.64315,33.90092]]}},{"type":"Feature","properties":{"name":"Verde River"},"geometry":{"type":"LineString","coordinates":[[-111.61759,33.8497],[-111.61745,33.84733]]}},{"type":"Feature","properties":{"name":"Verde River"},"geometry":{"type":"LineString","coordinates":[[-111.68707,33.95848],[-111.68546,33.95573]]}},{"type":"Feature","properties":{"name":"Verde River"},"geometry":{"type":"LineString","coordinates":[[-111.72715,34.1304],[-111.72869,34.13033]]}},{"type":"Feature","properties":{"name":"Verde River"},"geometry":{"type":"LineString","coordinates":[[-111.70539,34.21337],[-111.70509,34.21154],[-111.70307,34.2105]]}},{"type":"Feature","properties":{"name":"Verde River"},"geometry":{"type":"LineString","coordinates":[[-111.72737,34.00872],[-111.7273,34.00827]]}},{"type":"Feature","properties":{"name":"Verde River"},"geometry":{"type":"LineString","coordinates":[[-111.71785,33.98978],[-111.7102,33.98653]]}},{"type":"Feature","properties":{"name":"Verde River"},"geometry":{"type":"LineString","coordinates":[[-111.72194,34.12328],[-111.72133,34.12239]]}},{"type":"Feature","properties":{"name":"Verde River"},"geometry":{"type":"LineString","coordinates":[[-111.69366,34.25406],[-111.69449,34.25284]]}},{"type":"Feature","properties":{"name":"Verde River"},"geometry":{"type":"LineString","coordinates":[[-111.6259,33.84485],[-111.62626,33.84475]]}},{"type":"Feature","properties":{"name":"Verde River"},"geometry":{"type":"LineString","coordinates":[[-111.69515,34.19359],[-111.69696,34.19294],[-111.70004,34.1929],[-111.70103,34.19405],[-111.70149,34.19699],[-111.70322,34.19819]]}},{"type":"Feature","properties":{"name":"Verde River"},"geometry":{"type":"LineString","coordinates":[[-111.71951,34.07107],[-111.72137,34.07015],[-111.72372,34.06805]]}},{"type":"Feature","properties":{"name":"Verde River"},"geometry":{"type":"LineString","coordinates":[[-111.61609,33.85452],[-111.6166,33.85391]]}},{"type":"Feature","properties":{"name":"Verde River"},"geometry":{"type":"LineString","coordinates":[[-111.60923,33.8648],[-111.60888,33.86463]]}},{"type":"Feature","properties":{"name":"Verde River"},"geometry":{"type":"LineString","coordinates":[[-111.69472,34.32785],[-111.69248,34.32592]]}},{"type":"Feature","properties":{"name":"Verde River"},"geometry":{"type":"LineString","coordinates":[[-111.69145,34.3257],[-111.68868,34.32476],[-111.68656,34.32472],[-111.68574,34.3228]]}},{"type":"Feature","properties":{"name":"Verde River"},"geometry":{"type":"LineString","coordinates":[[-111.67537,34.30611],[-111.67813,34.30355],[-111.68038,34.30236]]}},{"type":"Feature","properties":{"name":"Verde River"},"geometry":{"type":"LineString","coordinates":[[-111.62788,33.84261],[-111.62803,33.84207]]}},{"type":"Feature","properties":{"name":"Verde River"},"geometry":{"type":"LineString","coordinates":[[-111.72268,33.99298],[-111.72231,33.99219]]}},{"type":"Feature","properties":{"name":"Verde River"},"geometry":{"type":"LineString","coordinates":[[-111.66593,34.28546],[-111.66757,34.28498],[-111.67289,34.28478],[-111.67476,34.28425],[-111.67561,34.28348]]}},{"type":"Feature","properties":{"name":"Verde River"},"geometry":{"type":"LineString","coordinates":[[-111.71402,33.97548],[-111.71403,33.97429]]}},{"type":"Feature","properties":{"name":"Verde River"},"geometry":{"type":"LineString","coordinates":[[-111.72656,34.00314],[-111.72623,34.00185]]}},{"type":"Feature","properties":{"name":"Verde River"},"geometry":{"type":"LineString","coordinates":[[-111.68087,34.29454],[-111.67991,34.2932]]}},{"type":"Feature","properties":{"name":"Verde River"},"geometry":{"type":"LineString","coordinates":[[-111.69867,33.96193],[-111.69655,33.96194]]}},{"type":"Feature","properties":{"name":"Verde River"},"geometry":{"type":"LineString","coordinates":[[-111.6974,34.33847],[-111.69618,34.33604]]}},{"type":"Feature","properties":{"name":"Verde River"},"geometry":{"type":"LineString","coordinates":[[-111.7185,34.10645],[-111.72045,34.10618]]}},{"type":"Feature","properties":{"name":"Verde River"},"geometry":{"type":"LineString","coordinates":[[-111.70364,34.18262],[-111.70573,34.18091],[-111.70582,34.17621]]}},{"type":"Feature","properties":{"name":"Verde River"},"geometry":{"type":"LineString","coordinates":[[-111.67384,33.94114],[-111.67283,33.94083]]}},{"type":"Feature","properties":{"name":"Verde River"},"geometry":{"type":"LineString","coordinates":[[-111.66259,33.90908],[-111.66196,33.90808]]}},{"type":"Feature","properties":{"name":"Verde River"},"geometry":{"type":"LineString","coordinates":[[-111.62871,33.88671],[-111.62841,33.8865]]}},{"type":"Feature","properties":{"name":"Verde River"},"geometry":{"type":"LineString","coordinates":[[-111.6457,33.90216],[-111.64446,33.90157]]}},{"type":"Feature","properties":{"name":"Verde River"},"geometry":{"type":"LineString","coordinates":[[-111.72224,34.14505],[-111.72378,34.14547],[-111.72513,34.14522]]}},{"type":"Feature","properties":{"name":"Verde River"},"geometry":{"type":"LineString","coordinates":[[-111.67147,33.92346],[-111.66991,33.92291]]}},{"type":"Feature","properties":{"name":"Verde River"},"geometry":{"type":"LineString","coordinates":[[-111.69488,34.24197],[-111.69557,34.2417],[-111.6966,34.24212],[-111.69835,34.2412]]}},{"type":"Feature","properties":{"name":"Verde River"},"geometry":{"type":"LineString","coordinates":[[-111.70603,34.35422],[-111.70423,34.35311]]}},{"type":"Feature","properties":{"name":"Verde River"},"geometry":{"type":"LineString","coordinates":[[-111.60663,33.85893],[-111.60679,33.85885]]}},{"type":"Feature","properties":{"name":"Verde River"},"geometry":{"type":"LineString","coordinates":[[-111.61217,33.85659],[-111.61335,33.8563]]}},{"type":"Feature","properties":{"name":"Verde River"},"geometry":{"type":"LineString","coordinates":[[-111.66329,33.92394],[-111.66019,33.92555]]}},{"type":"Feature","properties":{"name":"Verde River"},"geometry":{"type":"LineString","coordinates":[[-111.65695,33.92486],[-111.65393,33.92515],[-111.65213,33.92484],[-111.65174,33.92431]]}},{"type":"Feature","properties":{"name":"Verde River"},"geometry":{"type":"LineString","coordinates":[[-111.72063,34.11831],[-111.721,34.11748],[-111.72069,34.11673]]}},{"type":"Feature","properties":{"name":"Verde River"},"geometry":{"type":"LineString","coordinates":[[-111.70955,34.09126],[-111.71189,34.08843],[-111.71032,34.08536]]}},{"type":"Feature","properties":{"name":"Verde River"},"geometry":{"type":"LineString","coordinates":[[-111.6801,34.26567],[-111.68036,34.26501]]}},{"type":"Feature","properties":{"name":"Verde River"},"geometry":{"type":"LineString","coordinates":[[-111.7292,34.01253],[-111.72869,34.0119]]}},{"type":"Feature","properties":{"name":"Verde River"},"geometry":{"type":"LineString","coordinates":[[-111.69564,34.21085],[-111.69425,34.20758],[-111.69083,34.20587]]}},{"type":"Feature","properties":{"name":"Verde River"},"geometry":{"type":"LineString","coordinates":[[-111.6193,33.8834],[-111.6173,33.88306]]}},{"type":"Feature","properties":{"name":"Verde River"},"geometry":{"type":"LineString","coordinates":[[-111.77481,34.43099],[-111.77601,34.43062]]}},{"type":"Feature","properties":{"name":"Verde River"},"geometry":{"type":"LineString","coordinates":[[-111.60981,33.86516],[-111.60923,33.8648]]}},{"type":"Feature","properties":{"name":"Verde River"},"geometry":{"type":"LineString","coordinates":[[-111.76335,34.38714],[-111.76288,34.38632],[-111.76366,34.38482],[-111.76707,34.38311],[-111.76809,34.38105]]}},{"type":"Feature","properties":{"name":"Verde River"},"geometry":{"type":"LineString","coordinates":[[-111.76812,34.37989],[-111.76802,34.37965]]}},{"type":"Feature","properties":{"name":"Verde River"},"geometry":{"type":"LineString","coordinates":[[-111.64191,33.89399],[-111.64148,33.89343]]}},{"type":"Feature","properties":{"name":"Verde River"},"geometry":{"type":"LineString","coordinates":[[-111.67491,33.92556],[-111.67358,33.92527],[-111.67147,33.92346]]}},{"type":"Feature","properties":{"name":"Verde River"},"geometry":{"type":"LineString","coordinates":[[-111.61595,33.85463],[-111.61606,33.85456]]}},{"type":"Feature","properties":{"name":"Verde River"},"geometry":{"type":"LineString","coordinates":[[-111.72692,34.00567],[-111.72665,34.00381]]}},{"type":"Feature","properties":{"name":"Verde River"},"geometry":{"type":"LineString","coordinates":[[-111.74231,34.03011],[-111.74236,34.02953]]}},{"type":"Feature","properties":{"name":"Verde River"},"geometry":{"type":"LineString","coordinates":[[-111.71201,33.96514],[-111.71094,33.96281],[-111.71003,33.96223]]}},{"type":"Feature","properties":{"name":"Verde River"},"geometry":{"type":"LineString","coordinates":[[-111.74135,34.03456],[-111.74206,34.03359]]}},{"type":"Feature","properties":{"name":"Verde River"},"geometry":{"type":"LineString","coordinates":[[-111.72543,33.99929],[-111.72457,33.99706]]}},{"type":"Feature","properties":{"name":"Verde River"},"geometry":{"type":"LineString","coordinates":[[-111.68094,34.27336],[-111.68048,34.27122],[-111.67857,34.27098],[-111.67686,34.26967]]}},{"type":"Feature","properties":{"name":"Verde River"},"geometry":{"type":"LineString","coordinates":[[-111.72437,33.99663],[-111.72422,33.99631]]}},{"type":"Feature","properties":{"name":"Verde River"},"geometry":{"type":"LineString","coordinates":[[-111.62841,33.8865],[-111.62744,33.88584]]}},{"type":"Feature","properties":{"name":"Verde River"},"geometry":{"type":"LineString","coordinates":[[-111.69623,34.3304],[-111.6959,34.32906],[-111.69472,34.32785]]}},{"type":"Feature","properties":{"name":"Verde River"},"geometry":{"type":"LineString","coordinates":[[-111.66196,33.90808],[-111.66085,33.90716]]}},{"type":"Feature","properties":{"name":"Verde River"},"geometry":{"type":"LineString","coordinates":[[-111.71903,34.15848],[-111.7175,34.15799],[-111.71674,34.15723]]}},{"type":"Feature","properties":{"name":"Verde River"},"geometry":{"type":"LineString","coordinates":[[-111.71019,33.98441],[-111.71019,33.98421]]}},{"type":"Feature","properties":{"name":"Verde River"},"geometry":{"type":"LineString","coordinates":[[-111.70812,33.96184],[-111.70563,33.96157]]}},{"type":"Feature","properties":{"name":"Verde River"},"geometry":{"type":"LineString","coordinates":[[-111.61606,33.85456],[-111.61609,33.85452]]}},{"type":"Feature","properties":{"name":"Verde River"},"geometry":{"type":"LineString","coordinates":[[-111.75107,34.38003],[-111.74969,34.37896]]}},{"type":"Feature","properties":{"name":"Verde River"},"geometry":{"type":"LineString","coordinates":[[-111.71476,34.16625],[-111.71608,34.16513],[-111.71955,34.16356]]}},{"type":"Feature","properties":{"name":"Verde River"},"geometry":{"type":"LineString","coordinates":[[-111.67669,34.26896],[-111.67798,34.26672],[-111.6801,34.26567]]}},{"type":"Feature","properties":{"name":"Verde River"},"geometry":{"type":"LineString","coordinates":[[-111.64148,33.89343],[-111.63786,33.89264]]}},{"type":"Feature","properties":{"name":"Verde River"},"geometry":{"type":"LineString","coordinates":[[-111.76547,34.3878],[-111.76335,34.38714]]}},{"type":"Feature","properties":{"name":"Verde River"},"geometry":{"type":"LineString","coordinates":[[-111.68229,33.9489],[-111.68235,33.9484]]}},{"type":"Feature","properties":{"name":"Verde River"},"geometry":{"type":"LineString","coordinates":[[-111.60489,33.86114],[-111.60552,33.85951]]}},{"type":"Feature","properties":{"name":"Verde River"},"geometry":{"type":"LineString","coordinates":[[-111.66991,33.94013],[-111.6688,33.93943],[-111.66846,33.93852],[-111.66887,33.93712],[-111.66987,33.93657],[-111.66906,33.93426]]}},{"type":"Feature","properties":{"name":"Verde River"},"geometry":{"type":"LineString","coordinates":[[-111.71365,33.96848],[-111.71344,33.96708],[-111.71201,33.96514]]}},{"type":"Feature","properties":{"name":"Verde River"},"geometry":{"type":"LineString","coordinates":[[-111.69584,34.33351],[-111.69619,34.33196]]}},{"type":"Feature","properties":{"name":"Verde River"},"geometry":{"type":"LineString","coordinates":[[-111.67686,34.26967],[-111.67669,34.26929]]}},{"type":"Feature","properties":{"name":"Verde River"},"geometry":{"type":"LineString","coordinates":[[-111.6118,33.87159],[-111.61204,33.87119]]}},{"type":"Feature","properties":{"name":"Verde River"},"geometry":{"type":"LineString","coordinates":[[-111.72874,34.05805],[-111.72889,34.05681],[-111.7283,34.05526]]}},{"type":"Feature","properties":{"name":"Verde River"},"geometry":{"type":"LineString","coordinates":[[-111.72059,34.16294],[-111.72081,34.16125],[-111.71903,34.15848]]}},{"type":"Feature","properties":{"name":"Verde River"},"geometry":{"type":"LineString","coordinates":[[-111.65174,33.92431],[-111.65013,33.92189],[-111.6503,33.91997],[-111.65096,33.9196],[-111.65326,33.91979]]}},{"type":"Feature","properties":{"name":"Verde River"},"geometry":{"type":"LineString","coordinates":[[-111.68464,34.26126],[-111.68575,34.26108],[-111.68698,34.26174],[-111.69011,34.26047],[-111.69058,34.25913]]}},{"type":"Feature","properties":{"name":"Verde River"},"geometry":{"type":"LineString","coordinates":[[-111.72466,34.06569],[-111.72662,34.06337]]}},{"type":"Feature","properties":{"name":"Verde River"},"geometry":{"type":"LineString","coordinates":[[-111.7342,34.36934],[-111.73018,34.36655]]}},{"type":"Feature","properties":{"name":"Verde River"},"geometry":{"type":"LineString","coordinates":[[-111.72979,34.36624],[-111.72545,34.36273],[-111.72356,34.36321],[-111.72054,34.36522],[-111.71911,34.3656]]}},{"type":"Feature","properties":{"name":"Verde River"},"geometry":{"type":"LineString","coordinates":[[-111.64315,33.90092],[-111.6426,33.9003],[-111.64308,33.89749]]}},{"type":"Feature","properties":{"name":"Verde River"},"geometry":{"type":"LineString","coordinates":[[-111.72581,34.14453],[-111.72694,34.14329]]}},{"type":"Feature","properties":{"name":"Verde River"},"geometry":{"type":"LineString","coordinates":[[-111.62744,33.88584],[-111.62592,33.88501]]}},{"type":"Feature","properties":{"name":"Verde River"},"geometry":{"type":"LineString","coordinates":[[-111.61901,33.84516],[-111.6259,33.84485]]}},{"type":"Feature","properties":{"name":"Verde River"},"geometry":{"type":"LineString","coordinates":[[-111.71088,34.35769],[-111.71074,34.35769]]}},{"type":"Feature","properties":{"name":"Verde River"},"geometry":{"type":"LineString","coordinates":[[-111.63786,33.89264],[-111.63745,33.89254]]}},{"type":"Feature","properties":{"name":"Verde River"},"geometry":{"type":"LineString","coordinates":[[-111.73331,34.03676],[-111.73561,34.0365]]}},{"type":"Feature","properties":{"name":"Verde River"},"geometry":{"type":"LineString","coordinates":[[-111.70035,34.21132],[-111.69788,34.21199],[-111.69564,34.21085]]}},{"type":"Feature","properties":{"name":"Verde River"},"geometry":{"type":"LineString","coordinates":[[-111.62767,33.84336],[-111.62788,33.84261]]}},{"type":"Feature","properties":{"name":"Verde River"},"geometry":{"type":"LineString","coordinates":[[-111.75279,34.38097],[-111.75107,34.38003]]}},{"type":"Feature","properties":{"name":"Verde River"},"geometry":{"type":"LineString","coordinates":[[-111.74245,34.02866],[-111.74169,34.02515]]}},{"type":"Feature","properties":{"name":"Verde River"},"geometry":{"type":"LineString","coordinates":[[-111.72095,34.10595],[-111.72114,34.10462]]}},{"type":"Feature","properties":{"name":"Verde River"},"geometry":{"type":"LineString","coordinates":[[-111.70322,34.19819],[-111.70556,34.19852],[-111.70914,34.19996],[-111.71135,34.19962],[-111.71201,34.19798],[-111.71182,34.19627],[-111.71001,34.19418],[-111.70735,34.19244],[-111.70696,34.19151],[-111.70714,34.19094],[-111.70963,34.18944]]}},{"type":"Feature","properties":{"name":"Verde River"},"geometry":{"type":"LineString","coordinates":[[-111.72665,34.00381],[-111.7266,34.00344]]}},{"type":"Feature","properties":{"name":"Verde River"},"geometry":{"type":"LineString","coordinates":[[-111.7115,33.97949],[-111.71268,33.97798]]}},{"type":"Feature","properties":{"name":"Verde River"},"geometry":{"type":"LineString","coordinates":[[-111.69083,34.20587],[-111.6904,34.20334]]}},{"type":"Feature","properties":{"name":"Verde River"},"geometry":{"type":"LineString","coordinates":[[-111.69002,34.20181],[-111.69017,34.19979],[-111.69104,34.19876]]}},{"type":"Feature","properties":{"name":"Verde River"},"geometry":{"type":"LineString","coordinates":[[-111.7266,34.00344],[-111.72656,34.00314]]}},{"type":"Feature","properties":{"name":"Verde River"},"geometry":{"type":"LineString","coordinates":[[-111.68115,34.26349],[-111.68286,34.26148]]}},{"type":"Feature","properties":{"name":"Verde River"},"geometry":{"type":"LineString","coordinates":[[-111.70978,33.98228],[-111.71034,33.98068],[-111.7115,33.97949]]}},{"type":"Feature","properties":{"name":"Verde River"},"geometry":{"type":"LineString","coordinates":[[-111.75819,34.3802],[-111.75621,34.38205],[-111.75279,34.38097]]}},{"type":"Feature","properties":{"name":"Verde River"},"geometry":{"type":"LineString","coordinates":[[-111.67482,33.94114],[-111.67384,33.94114]]}},{"type":"Feature","properties":{"name":"Verde River"},"geometry":{"type":"LineString","coordinates":[[-111.69618,34.33604],[-111.69618,34.33586]]}},{"type":"Feature","properties":{"name":"Verde River"},"geometry":{"type":"LineString","coordinates":[[-111.76573,34.37792],[-111.76319,34.37813]]}},{"type":"Feature","properties":{"name":"Verde River"},"geometry":{"type":"LineString","coordinates":[[-111.70963,34.18944],[-111.70993,34.18736]]}},{"type":"Feature","properties":{"name":"Verde River"},"geometry":{"type":"LineString","coordinates":[[-111.71988,34.10283],[-111.71596,34.10248]]}},{"type":"Feature","properties":{"name":"Verde River"},"geometry":{"type":"LineString","coordinates":[[-111.73828,34.37251],[-111.73582,34.37033]]}},{"type":"Feature","properties":{"name":"Verde River"},"geometry":{"type":"LineString","coordinates":[[-111.68943,33.96171],[-111.68731,33.95907]]}},{"type":"Feature","properties":{"name":"Verde River"},"geometry":{"type":"LineString","coordinates":[[-111.71596,34.10248],[-111.71209,34.10285]]}},{"type":"Feature","properties":{"name":"Verde River"},"geometry":{"type":"LineString","coordinates":[[-111.69655,33.96194],[-111.69581,33.96277],[-111.6936,33.96344],[-111.69255,33.96249],[-111.68943,33.96171]]}},{"type":"Feature","properties":{"name":"Verde River"},"geometry":{"type":"LineString","coordinates":[[-111.65807,33.90512],[-111.65666,33.90391]]}},{"type":"Feature","properties":{"name":"Verde River"},"geometry":{"type":"LineString","coordinates":[[-111.70024,34.23768],[-111.69921,34.23323]]}},{"type":"Feature","properties":{"name":"Verde River"},"geometry":{"type":"LineString","coordinates":[[-111.70475,34.21534],[-111.70539,34.21337]]}},{"type":"Feature","properties":{"name":"Verde River"},"geometry":{"type":"LineString","coordinates":[[-111.69791,34.24601],[-111.69746,34.24477],[-111.69563,34.24456]]}},{"type":"Feature","properties":{"name":"Verde River"},"geometry":{"type":"LineString","coordinates":[[-111.63687,33.89241],[-111.63592,33.89218]]}},{"type":"Feature","properties":{"name":"Verde River"},"geometry":{"type":"LineString","coordinates":[[-111.65559,33.90289],[-111.65507,33.90235]]}},{"type":"Feature","properties":{"name":"Verde River"},"geometry":{"type":"LineString","coordinates":[[-111.63076,33.83365],[-111.63095,33.83354]]}},{"type":"Feature","properties":{"name":"Verde River"},"geometry":{"type":"LineString","coordinates":[[-111.70448,33.96149],[-111.70361,33.96196],[-111.70077,33.96186]]}},{"type":"Feature","properties":{"name":"Verde River"},"geometry":{"type":"LineString","coordinates":[[-111.66314,33.91061],[-111.66259,33.90908]]}},{"type":"Feature","properties":{"name":"Verde River"},"geometry":{"type":"LineString","coordinates":[[-111.71003,33.96223],[-111.7097,33.962]]}},{"type":"Feature","properties":{"name":"Verde River"},"geometry":{"type":"LineString","coordinates":[[-111.72869,34.0119],[-111.72776,34.01074]]}},{"type":"Feature","properties":{"name":"Verde River"},"geometry":{"type":"LineString","coordinates":[[-111.61111,33.87716],[-111.61102,33.87677]]}},{"type":"Feature","properties":{"name":"Verde River"},"geometry":{"type":"LineString","coordinates":[[-111.60679,33.85885],[-111.61004,33.85718]]}},{"type":"Feature","properties":{"name":"Verde River"},"geometry":{"type":"LineString","coordinates":[[-111.61136,33.87814],[-111.61111,33.87716]]}},{"type":"Feature","properties":{"name":"Verde River"},"geometry":{"type":"LineString","coordinates":[[-111.7102,33.98653],[-111.71019,33.98542]]}},{"type":"Feature","properties":{"name":"Verde River"},"geometry":{"type":"LineString","coordinates":[[-111.71591,34.11021],[-111.71708,34.10757],[-111.7185,34.10645]]}},{"type":"Feature","properties":{"name":"Verde River"},"geometry":{"type":"LineString","coordinates":[[-111.64219,33.89435],[-111.64191,33.89399]]}},{"type":"Feature","properties":{"name":"Verde River"},"geometry":{"type":"LineString","coordinates":[[-111.7273,34.00827],[-111.72716,34.00727]]}},{"type":"Feature","properties":{"name":"Verde River"},"geometry":{"type":"LineString","coordinates":[[-111.61142,33.87838],[-111.61136,33.87814]]}},{"type":"Feature","properties":{"name":"Verde River"},"geometry":{"type":"LineString","coordinates":[[-111.75863,34.37955],[-111.75819,34.3802]]}},{"type":"Feature","properties":{"name":"Verde River"},"geometry":{"type":"LineString","coordinates":[[-111.72114,34.10462],[-111.71988,34.10283]]}},{"type":"Feature","properties":{"name":"Verde River"},"geometry":{"type":"LineString","coordinates":[[-111.69618,34.33586],[-111.69584,34.33351]]}},{"type":"Feature","properties":{"name":"Verde River"},"geometry":{"type":"LineString","coordinates":[[-111.70629,34.08081],[-111.7053,34.07853]]}},{"type":"Feature","properties":{"name":"Verde River"},"geometry":{"type":"LineString","coordinates":[[-111.69248,34.32592],[-111.69145,34.3257]]}},{"type":"Feature","properties":{"name":"Verde River"},"geometry":{"type":"LineString","coordinates":[[-111.70225,34.35133],[-111.70021,34.34954]]}},{"type":"Feature","properties":{"name":"Verde River"},"geometry":{"type":"LineString","coordinates":[[-111.71892,33.99036],[-111.71853,33.99014]]}},{"type":"Feature","properties":{"name":"Verde River"},"geometry":{"type":"LineString","coordinates":[[-111.71955,34.16356],[-111.72059,34.16294]]}},{"type":"Feature","properties":{"name":"Verde River"},"geometry":{"type":"LineString","coordinates":[[-111.7053,34.07853],[-111.70532,34.07775],[-111.70584,34.07751]]}},{"type":"Feature","properties":{"name":"Verde River"},"geometry":{"type":"LineString","coordinates":[[-111.71018,33.98469],[-111.71019,33.98441]]}},{"type":"Feature","properties":{"name":"Verde River"},"geometry":{"type":"LineString","coordinates":[[-111.74373,34.37592],[-111.74213,34.37517]]}},{"type":"Feature","properties":{"name":"Verde River"},"geometry":{"type":"LineString","coordinates":[[-111.72699,34.139],[-111.7252,34.13581]]}},{"type":"Feature","properties":{"name":"Verde River"},"geometry":{"type":"LineString","coordinates":[[-111.68292,34.30045],[-111.68408,34.29951]]}},{"type":"Feature","properties":{"name":"Verde River"},"geometry":{"type":"LineString","coordinates":[[-111.76748,34.43538],[-111.76831,34.43329],[-111.77098,34.43184]]}},{"type":"Feature","properties":{"name":"Verde River"},"geometry":{"type":"LineString","coordinates":[[-111.61236,33.87071],[-111.61352,33.86908],[-111.61331,33.86828]]}},{"type":"Feature","properties":{"name":"Verde River"},"geometry":{"type":"LineString","coordinates":[[-111.7252,34.13581],[-111.72505,34.13554]]}},{"type":"Feature","properties":{"name":"Verde River"},"geometry":{"type":"LineString","coordinates":[[-111.72069,34.11673],[-111.71833,34.11418]]}},{"type":"Feature","properties":{"name":"Verde River"},"geometry":{"type":"LineString","coordinates":[[-111.70062,34.23851],[-111.70024,34.23768]]}},{"type":"Feature","properties":{"name":"Verde River"},"geometry":{"type":"LineString","coordinates":[[-111.76878,34.39211],[-111.76935,34.39062]]}},{"type":"Feature","properties":{"name":"Verde River"},"geometry":{"type":"LineString","coordinates":[[-111.74781,34.37815],[-111.74733,34.37796]]}},{"type":"Feature","properties":{"name":"Verde River"},"geometry":{"type":"LineString","coordinates":[[-111.68276,34.31982],[-111.67992,34.31818]]}},{"type":"Feature","properties":{"name":"Verde River"},"geometry":{"type":"LineString","coordinates":[[-111.72292,33.99349],[-111.72268,33.99298]]}},{"type":"Feature","properties":{"name":"Verde River"},"geometry":{"type":"LineString","coordinates":[[-111.61102,33.87677],[-111.61055,33.87367],[-111.61157,33.87198]]}},{"type":"Feature","properties":{"name":"Verde River"},"geometry":{"type":"LineString","coordinates":[[-111.70084,34.23926],[-111.70062,34.23851]]}},{"type":"Feature","properties":{"name":"Verde River"},"geometry":{"type":"LineString","coordinates":[[-111.71268,33.97798],[-111.71402,33.97548]]}},{"type":"Feature","properties":{"name":"Verde River"},"geometry":{"type":"LineString","coordinates":[[-111.68574,34.3228],[-111.68483,34.32082],[-111.68276,34.31982]]}},{"type":"Feature","properties":{"name":"Verde River"},"geometry":{"type":"LineString","coordinates":[[-111.70304,34.10611],[-111.70156,34.10561],[-111.70039,34.10428],[-111.70042,34.10023],[-111.70099,34.09957],[-111.70287,34.09983],[-111.70543,34.09907]]}},{"type":"Feature","properties":{"name":"Verde River"},"geometry":{"type":"LineString","coordinates":[[-111.73008,34.01362],[-111.7292,34.01253]]}},{"type":"Feature","properties":{"name":"Verde River"},"geometry":{"type":"LineString","coordinates":[[-111.60888,33.86463],[-111.6051,33.86318]]}},{"type":"Feature","properties":{"name":"Verde River"},"geometry":{"type":"LineString","coordinates":[[-111.6173,33.88306],[-111.61596,33.88281]]}},{"type":"Feature","properties":{"name":"Verde River"},"geometry":{"type":"LineString","coordinates":[[-111.72457,33.99706],[-111.72437,33.99663]]}},{"type":"Feature","properties":{"name":"Verde River"},"geometry":{"type":"LineString","coordinates":[[-111.7255,33.99952],[-111.72543,33.99929]]}},{"type":"Feature","properties":{"name":"Verde River"},"geometry":{"type":"LineString","coordinates":[[-111.72427,34.04174],[-111.72349,34.03966]]}},{"type":"Feature","properties":{"name":"Verde River"},"geometry":{"type":"LineString","coordinates":[[-111.71833,34.11418],[-111.7164,34.11284],[-111.71601,34.11204]]}},{"type":"Feature","properties":{"name":"Verde River"},"geometry":{"type":"LineString","coordinates":[[-111.65326,33.91979],[-111.65679,33.91916],[-111.66031,33.91514],[-111.66314,33.91061]]}},{"type":"Feature","properties":{"name":"Verde River"},"geometry":{"type":"LineString","coordinates":[[-111.68245,33.94573],[-111.68273,33.94431]]}},{"type":"Feature","properties":{"name":"Verde River"},"geometry":{"type":"LineString","coordinates":[[-111.66085,33.90716],[-111.65855,33.90548]]}},{"type":"Feature","properties":{"name":"Verde River"},"geometry":{"type":"LineString","coordinates":[[-111.68223,34.29605],[-111.68087,34.29454]]}},{"type":"Feature","properties":{"name":"Verde River"},"geometry":{"type":"LineString","coordinates":[[-111.70543,34.09907],[-111.70708,34.09673],[-111.70734,34.09288],[-111.70955,34.09126]]}},{"type":"Feature","properties":{"name":"Verde River"},"geometry":{"type":"LineString","coordinates":[[-111.66991,33.92291],[-111.66945,33.9225]]}},{"type":"Feature","properties":{"name":"Verde River"},"geometry":{"type":"LineString","coordinates":[[-111.6837,34.29631],[-111.68223,34.29605]]}},{"type":"Feature","properties":{"name":"Verde River"},"geometry":{"type":"LineString","coordinates":[[-111.70021,34.34954],[-111.6993,34.34873]]}},{"type":"Feature","properties":{"name":"Verde River"},"geometry":{"type":"LineString","coordinates":[[-111.63592,33.89218],[-111.63276,33.89047]]}},{"type":"Feature","properties":{"name":"Verde River"},"geometry":{"type":"LineString","coordinates":[[-111.65019,33.90329],[-111.64978,33.90355]]}},{"type":"Feature","properties":{"name":"Verde River"},"geometry":{"type":"LineString","coordinates":[[-111.74213,34.37517],[-111.74059,34.37452]]}},{"type":"Feature","properties":{"name":"Verde River"},"geometry":{"type":"LineString","coordinates":[[-111.62803,33.84207],[-111.62874,33.83952],[-111.62862,33.83567],[-111.62962,33.83429],[-111.63076,33.83365]]}},{"type":"Feature","properties":{"name":"Verde River"},"geometry":{"type":"LineString","coordinates":[[-111.70721,34.10522],[-111.70304,34.10611]]}},{"type":"Feature","properties":{"name":"Verde River"},"geometry":{"type":"LineString","coordinates":[[-111.69425,34.18323],[-111.69473,34.18146],[-111.69586,34.18112]]}},{"type":"Feature","properties":{"name":"Verde River"},"geometry":{"type":"LineString","coordinates":[[-111.67561,34.28348],[-111.67732,34.28345]]}},{"type":"Feature","properties":{"name":"Verde River"},"geometry":{"type":"LineString","coordinates":[[-111.7112,34.10325],[-111.70847,34.10421],[-111.70721,34.10522]]}},{"type":"Feature","properties":{"name":"Verde River"},"geometry":{"type":"LineString","coordinates":[[-111.7279,34.06121],[-111.72838,34.06031]]}},{"type":"Feature","properties":{"name":"Verde River"},"geometry":{"type":"LineString","coordinates":[[-111.64446,33.90157],[-111.64398,33.90135]]}},{"type":"Feature","properties":{"name":"Verde River"},"geometry":{"type":"LineString","coordinates":[[-111.72505,34.13554],[-111.72382,34.13389],[-111.72244,34.13018],[-111.72363,34.12946],[-111.72715,34.1304]]}},{"type":"Feature","properties":{"name":"Verde River"},"geometry":{"type":"LineString","coordinates":[[-111.6904,34.20334],[-111.69002,34.20181]]}},{"type":"Feature","properties":{"name":"Verde River"},"geometry":{"type":"LineString","coordinates":[[-111.62626,33.84475],[-111.62767,33.84336]]}},{"type":"Feature","properties":{"name":"Verde River"},"geometry":{"type":"LineString","coordinates":[[-111.65145,33.90166],[-111.65085,33.90248]]}},{"type":"Feature","properties":{"name":"Verde River"},"geometry":{"type":"LineString","coordinates":[[-111.70816,34.17336],[-111.70971,34.17225],[-111.71122,34.1702]]}},{"type":"Feature","properties":{"name":"Verde River"},"geometry":{"type":"LineString","coordinates":[[-111.69618,34.34309],[-111.69743,34.3401],[-111.6974,34.33847]]}},{"type":"Feature","properties":{"name":"Verde River"},"geometry":{"type":"LineString","coordinates":[[-111.71074,34.35769],[-111.71001,34.35763],[-111.70853,34.35624]]}},{"type":"Feature","properties":{"name":"Verde River"},"geometry":{"type":"LineString","coordinates":[[-111.65855,33.90548],[-111.65807,33.90512]]}},{"type":"Feature","properties":{"name":"Verde River"},"geometry":{"type":"LineString","coordinates":[[-111.71297,34.15319],[-111.71173,34.14966],[-111.71191,34.1489],[-111.71274,34.14838]]}},{"type":"Feature","properties":{"name":"Verde River"},"geometry":{"type":"LineString","coordinates":[[-111.72349,34.03966],[-111.72367,34.03835],[-111.72503,34.03772],[-111.73331,34.03676]]}},{"type":"Feature","properties":{"name":"Verde River"},"geometry":{"type":"LineString","coordinates":[[-111.72596,34.00098],[-111.7255,33.99952]]}},{"type":"Feature","properties":{"name":"Verde River"},"geometry":{"type":"LineString","coordinates":[[-111.67669,34.26929],[-111.67669,34.26896]]}},{"type":"Feature","properties":{"name":"Verde River"},"geometry":{"type":"LineString","coordinates":[[-111.70422,34.21587],[-111.70475,34.21534]]}},{"type":"Feature","properties":{"name":"Verde River"},"geometry":{"type":"LineString","coordinates":[[-111.69648,34.25003],[-111.69775,34.2482]]}},{"type":"Feature","properties":{"name":"Verde River"},"geometry":{"type":"LineString","coordinates":[[-111.68286,34.26148],[-111.68464,34.26126]]}},{"type":"Feature","properties":{"name":"Verde River"},"geometry":{"type":"LineString","coordinates":[[-111.7283,34.05526],[-111.72787,34.05362]]}},{"type":"Feature","properties":{"name":"Verde River"},"geometry":{"type":"LineString","coordinates":[[-111.61752,33.8508],[-111.61753,33.85061]]}},{"type":"Feature","properties":{"name":"Verde River"},"geometry":{"type":"LineString","coordinates":[[-111.66335,34.29524],[-111.66447,34.29352],[-111.66402,34.29134]]}},{"type":"Feature","properties":{"name":"Verde River"},"geometry":{"type":"LineString","coordinates":[[-111.72662,34.06337],[-111.7279,34.06121]]}},{"type":"Feature","properties":{"name":"Verde River"},"geometry":{"type":"LineString","coordinates":[[-111.74068,34.03521],[-111.74135,34.03456]]}},{"type":"Feature","properties":{"name":"Verde River"},"geometry":{"type":"LineString","coordinates":[[-111.61485,33.88259],[-111.61463,33.88255]]}},{"type":"Feature","properties":{"name":"Verde River"},"geometry":{"type":"LineString","coordinates":[[-111.69058,34.25913],[-111.69059,34.25597]]}},{"type":"Feature","properties":{"name":"Verde River"},"geometry":{"type":"LineString","coordinates":[[-111.70584,34.07751],[-111.70772,34.07772],[-111.70982,34.07453],[-111.71284,34.07434],[-111.71714,34.07175],[-111.71951,34.07107]]}},{"type":"Feature","properties":{"name":"Verde River"},"geometry":{"type":"LineString","coordinates":[[-111.64978,33.90355],[-111.64657,33.90257]]}},{"type":"Feature","properties":{"name":"Verde River"},"geometry":{"type":"LineString","coordinates":[[-111.65225,33.90056],[-111.65182,33.90115]]}},{"type":"Feature","properties":{"name":"Verde River"},"geometry":{"type":"LineString","coordinates":[[-111.71816,34.14538],[-111.72132,34.14478]]}},{"type":"Feature","properties":{"name":"Verde River"},"geometry":{"type":"LineString","coordinates":[[-111.72869,34.13033],[-111.72904,34.12908]]}},{"type":"Feature","properties":{"name":"Verde River"},"geometry":{"type":"LineString","coordinates":[[-111.70307,34.2105],[-111.70035,34.21132]]}},{"type":"Feature","properties":{"name":"Verde River"},"geometry":{"type":"LineString","coordinates":[[-111.68273,33.94431],[-111.68235,33.94409]]}},{"type":"Feature","properties":{"name":"Verde River"},"geometry":{"type":"LineString","coordinates":[[-111.72422,33.99631],[-111.72292,33.99349]]}},{"type":"Feature","properties":{"name":"Verde River"},"geometry":{"type":"LineString","coordinates":[[-111.70582,34.17621],[-111.70591,34.17574]]}},{"type":"Feature","properties":{"name":"Verde River"},"geometry":{"type":"LineString","coordinates":[[-111.61204,33.87119],[-111.61236,33.87071]]}},{"type":"Feature","properties":{"name":"Verde River"},"geometry":{"type":"LineString","coordinates":[[-111.72372,34.06805],[-111.72466,34.06569]]}},{"type":"Feature","properties":{"name":"Verde River"},"geometry":{"type":"LineString","coordinates":[[-111.69293,34.19574],[-111.69377,34.1942],[-111.69515,34.19359]]}},{"type":"Feature","properties":{"name":"Verde River"},"geometry":{"type":"LineString","coordinates":[[-111.68731,33.95907],[-111.68707,33.95848]]}},{"type":"Feature","properties":{"name":"Verde River"},"geometry":{"type":"LineString","coordinates":[[-111.70438,34.22674],[-111.70293,34.22416],[-111.70227,34.21891],[-111.70256,34.2165],[-111.70422,34.21587]]}},{"type":"Feature","properties":{"name":"Verde River"},"geometry":{"type":"LineString","coordinates":[[-111.64657,33.90257],[-111.6457,33.90216]]}},{"type":"Feature","properties":{"name":"Verde River"},"geometry":{"type":"LineString","coordinates":[[-111.77601,34.43062],[-111.77747,34.42992],[-111.77939,34.42706]]}},{"type":"Feature","properties":{"name":"Verde River"},"geometry":{"type":"LineString","coordinates":[[-111.72045,34.10618],[-111.72095,34.10595]]}},{"type":"Feature","properties":{"name":"Verde River"},"geometry":{"type":"LineString","coordinates":[[-111.70324,34.22845],[-111.70403,34.22797],[-111.70438,34.22674]]}},{"type":"Feature","properties":{"name":"Verde River"},"geometry":{"type":"LineString","coordinates":[[-111.65666,33.90391],[-111.65615,33.90347]]}},{"type":"Feature","properties":{"name":"Verde River"},"geometry":{"type":"LineString","coordinates":[[-111.71292,34.16776],[-111.71476,34.16625]]}},{"type":"Feature","properties":{"name":"Verde River"},"geometry":{"type":"LineString","coordinates":[[-111.74733,34.37796],[-111.74373,34.37592]]}},{"type":"Feature","properties":{"name":"Verde River"},"geometry":{"type":"LineString","coordinates":[[-111.72741,34.05145],[-111.72805,34.04993],[-111.72935,34.04856],[-111.73002,34.04653]]}},{"type":"Feature","properties":{"name":"Verde River"},"geometry":{"type":"LineString","coordinates":[[-111.61376,33.85604],[-111.6144,33.85563]]}},{"type":"Feature","properties":{"name":"Verde River"},"geometry":{"type":"LineString","coordinates":[[-111.72133,34.12239],[-111.72043,34.12161],[-111.71998,34.11939],[-111.72063,34.11831]]}},{"type":"Feature","properties":{"name":"Verde River"},"geometry":{"type":"LineString","coordinates":[[-111.66475,33.9236],[-111.66329,33.92394]]}},{"type":"Feature","properties":{"name":"Verde River"},"geometry":{"type":"LineString","coordinates":[[-111.73561,34.0365],[-111.73807,34.03622]]}},{"type":"Feature","properties":{"name":"Verde River"},"geometry":{"type":"LineString","coordinates":[[-111.69586,34.18112],[-111.69795,34.18124],[-111.70149,34.18299]]}},{"type":"Feature","properties":{"name":"Verde River"},"geometry":{"type":"LineString","coordinates":[[-111.6308,33.83246],[-111.63067,33.83212]]}},{"type":"Feature","properties":{"name":"Verde River"},"geometry":{"type":"LineString","coordinates":[[-111.66019,33.92555],[-111.6596,33.92551]]}},{"type":"Feature","properties":{"name":"Verde River"},"geometry":{"type":"LineString","coordinates":[[-111.68408,34.29951],[-111.68462,34.2977],[-111.6837,34.29631]]}},{"type":"Feature","properties":{"name":"Verde River"},"geometry":{"type":"LineString","coordinates":[[-111.61004,33.85718],[-111.61071,33.85694]]}},{"type":"Feature","properties":{"name":"Verde River"},"geometry":{"type":"LineString","coordinates":[[-111.71274,34.14838],[-111.71454,34.14785],[-111.71816,34.14538]]}},{"type":"Feature","properties":{"name":"Verde River"},"geometry":{"type":"LineString","coordinates":[[-111.7347,34.01811],[-111.73334,34.01687]]}},{"type":"Feature","properties":{"name":"Verde River"},"geometry":{"type":"LineString","coordinates":[[-111.66906,33.93426],[-111.66903,33.9334],[-111.67024,33.93246]]}},{"type":"Feature","properties":{"name":"Verde River"},"geometry":{"type":"LineString","coordinates":[[-111.76935,34.39062],[-111.76964,34.38905],[-111.76918,34.3885],[-111.76547,34.3878]]}},{"type":"Feature","properties":{"name":"Verde River"},"geometry":{"type":"LineString","coordinates":[[-111.61335,33.8563],[-111.61376,33.85604]]}},{"type":"Feature","properties":{"name":"Verde River"},"geometry":{"type":"LineString","coordinates":[[-111.73018,34.36655],[-111.72979,34.36624]]}},{"type":"Feature","properties":{"name":"Verde River"},"geometry":{"type":"LineString","coordinates":[[-111.76802,34.37965],[-111.76735,34.37866],[-111.76573,34.37792]]}},{"type":"Feature","properties":{"name":"Verde River"},"geometry":{"type":"LineString","coordinates":[[-111.68036,34.26501],[-111.68115,34.26349]]}},{"type":"Feature","properties":{"name":"Verde River"},"geometry":{"type":"LineString","coordinates":[[-111.67567,33.92753],[-111.67579,33.92636],[-111.67491,33.92556]]}},{"type":"Feature","properties":{"name":"Verde River"},"geometry":{"type":"LineString","coordinates":[[-111.71019,33.98542],[-111.71018,33.98469]]}},{"type":"Feature","properties":{"name":"Verde River"},"geometry":{"type":"LineString","coordinates":[[-111.61331,33.86828],[-111.61302,33.86715],[-111.60981,33.86516]]}},{"type":"Feature","properties":{"name":"Verde River"},"geometry":{"type":"LineString","coordinates":[[-111.70993,34.18736],[-111.7088,34.18686],[-111.70634,34.18708],[-111.70275,34.18972],[-111.69783,34.19035],[-111.69444,34.1881],[-111.69395,34.18587],[-111.69425,34.18323]]}},{"type":"Feature","properties":{"name":"Verde River"},"geometry":{"type":"LineString","coordinates":[[-111.71176,34.16915],[-111.71292,34.16776]]}},{"type":"Feature","properties":{"name":"Verde River"},"geometry":{"type":"LineString","coordinates":[[-111.71225,34.35924],[-111.71088,34.35769]]}},{"type":"Feature","properties":{"name":"Verde River"},"geometry":{"type":"LineString","coordinates":[[-111.6144,33.85563],[-111.61515,33.85515]]}},{"type":"Feature","properties":{"name":"Verde River"},"geometry":{"type":"LineString","coordinates":[[-111.71911,34.3656],[-111.71736,34.36566],[-111.71528,34.36412],[-111.71366,34.36218]]}},{"type":"Feature","properties":{"name":"Verde River"},"geometry":{"type":"LineString","coordinates":[[-111.65182,33.90115],[-111.65145,33.90166]]}},{"type":"Feature","properties":{"name":"Verde River"},"geometry":{"type":"LineString","coordinates":[[-111.63107,33.83347],[-111.6308,33.83246]]}},{"type":"Feature","properties":{"name":"Verde River"},"geometry":{"type":"LineString","coordinates":[[-111.71032,34.08536],[-111.70979,34.08519]]}},{"type":"Feature","properties":{"name":"Verde River"},"geometry":{"type":"LineString","coordinates":[[-111.71019,33.98421],[-111.70978,33.98228]]}},{"type":"Feature","properties":{"name":"Verde River"},"geometry":{"type":"LineString","coordinates":[[-111.71122,34.1702],[-111.71176,34.16915]]}},{"type":"Feature","properties":{"name":"Verde River"},"geometry":{"type":"LineString","coordinates":[[-111.70563,33.96157],[-111.70448,33.96149]]}},{"type":"Feature","properties":{"name":"Verde River"},"geometry":{"type":"LineString","coordinates":[[-111.66402,34.29134],[-111.66492,34.28867],[-111.66507,34.28645]]}},{"type":"Feature","properties":{"name":"Verde River"},"geometry":{"type":"LineString","coordinates":[[-111.70853,34.35624],[-111.70603,34.35422]]}},{"type":"Feature","properties":{"name":"Verde River"},"geometry":{"type":"LineString","coordinates":[[-111.6166,33.85391],[-111.61737,33.85297],[-111.61749,33.85119]]}},{"type":"Feature","properties":{"name":"Verde River"},"geometry":{"type":"LineString","coordinates":[[-111.74169,34.02515],[-111.73931,34.02169]]}},{"type":"Feature","properties":{"name":"Verde River"},"geometry":{"type":"LineString","coordinates":[[-111.70149,34.18299],[-111.70364,34.18262]]}},{"type":"Feature","properties":{"name":"Verde River"},"geometry":{"type":"LineString","coordinates":[[-111.69059,34.25597],[-111.69174,34.25487],[-111.69366,34.25406]]}},{"type":"Feature","properties":{"name":"Verde River"},"geometry":{"type":"LineString","coordinates":[[-111.7138,34.15431],[-111.71297,34.15319]]}},{"type":"Feature","properties":{"name":"Verde River"},"geometry":{"type":"LineString","coordinates":[[-111.63276,33.89047],[-111.62927,33.88709]]}},{"type":"Feature","properties":{"name":"Verde River"},"geometry":{"type":"LineString","coordinates":[[-111.67991,34.2932],[-111.67526,34.2904],[-111.67465,34.2923],[-111.67473,34.29401],[-111.67396,34.29499],[-111.67087,34.29518],[-111.66982,34.29616]]}},{"type":"Feature","properties":{"name":"Verde River"},"geometry":{"type":"LineString","coordinates":[[-111.72724,34.12554],[-111.72528,34.12379],[-111.72194,34.12328]]}},{"type":"Feature","properties":{"name":"Verde River"},"geometry":{"type":"LineString","coordinates":[[-111.70423,34.35311],[-111.70225,34.35133]]}},{"type":"Feature","properties":{"name":"Verde River"},"geometry":{"type":"LineString","coordinates":[[-111.74206,34.03359],[-111.74231,34.03011]]}},{"type":"Feature","properties":{"name":"Verde River"},"geometry":{"type":"LineString","coordinates":[[-111.71674,34.15723],[-111.71648,34.15702]]}},{"type":"Feature","properties":{"name":"Verde River"},"geometry":{"type":"LineString","coordinates":[[-111.70591,34.17574],[-111.7062,34.17496],[-111.70816,34.17336]]}},{"type":"Feature","properties":{"name":"Verde River"},"geometry":{"type":"LineString","coordinates":[[-111.61749,33.85119],[-111.61752,33.8508]]}},{"type":"Feature","properties":{"name":"Verde River"},"geometry":{"type":"LineString","coordinates":[[-111.72231,33.99219],[-111.71892,33.99036]]}},{"type":"Feature","properties":{"name":"Verde River"},"geometry":{"type":"LineString","coordinates":[[-111.69775,34.2482],[-111.69791,34.24601]]}},{"type":"Feature","properties":{"name":"Verde River"},"geometry":{"type":"LineString","coordinates":[[-111.77098,34.43184],[-111.77481,34.43099]]}},{"type":"Feature","properties":{"name":"Verde River"},"geometry":{"type":"LineString","coordinates":[[-111.76319,34.37813],[-111.76022,34.37861],[-111.75863,34.37955]]}},{"type":"Feature","properties":{"name":"Verde River"},"geometry":{"type":"LineString","coordinates":[[-111.69563,34.24456],[-111.69429,34.24289],[-111.69488,34.24197]]}}]}