<?xml version="1.0" encoding="UTF-8"?>
<gpx version="1.1" creator="GPSBabel - https://www.gpsbabel.org" xmlns="http://www.topografix.com/GPX/1/1" xmlns:xsi="http://www.w3.org/2001/XMLSchema-instance" xmlns:gpxx="http://www.garmin.com/xmlschemas/GpxExtensions/v3">
  <metadata>
    <name>S Mazatzal Roundup</name>
    <desc>S Mazatzal Roundup</desc>
    <time>2026-08-30T18:02:00.520Z</time>
    <bounds minlat="33.862240000" minlon="-111.518830000" maxlat="34.002140000" maxlon="-111.463960000"/>
  </metadata>
  <trk>
    <name>S Mazatzal Roundup</name>
    <trkseg>
      <trkpt lat="33.909120000" lon="-111.483660000">
        <ele>1121</ele>
      </trkpt>
      <trkpt lat="33.909060000" lon="-111.483620000">
        <ele>1121</ele>
      </trkpt>
      <trkpt lat="33.909150000" lon="-111.483720000">
        <ele>1121</ele>
      </trkpt>
      <trkpt lat="33.909240000" lon="-111.483750000">
        <ele>1123</ele>
      </trkpt>
      <trkpt lat="33.909230000" lon="-111.483810000">
        <ele>1123</ele>
      </trkpt>
      <trkpt lat="33.909260000" lon="-111.483850000">
        <ele>1124</ele>
      </trkpt>
      <trkpt lat="33.909520000" lon="-111.483830000">
        <ele>1128</ele>
      </trkpt>
      <trkpt lat="33.909660000" lon="-111.483770000">
        <ele>1129</ele>
      </trkpt>
      <trkpt lat="33.909750000" lon="-111.483920000">
        <ele>1131</ele>
      </trkpt>
      <trkpt lat="33.909880000" lon="-111.484320000">
        <ele>1132</ele>
      </trkpt>
      <trkpt lat="33.909880000" lon="-111.484500000">
        <ele>1132</ele>
      </trkpt>
      <trkpt lat="33.909840000" lon="-111.484670000">
        <ele>1132</ele>
      </trkpt>
      <trkpt lat="33.909720000" lon="-111.484890000">
        <ele>1133</ele>
      </trkpt>
      <trkpt lat="33.909610000" lon="-111.485260000">
        <ele>1131</ele>
      </trkpt>
      <trkpt lat="33.909550000" lon="-111.485370000">
        <ele>1130</ele>
      </trkpt>
      <trkpt lat="33.909610000" lon="-111.485730000">
        <ele>1130</ele>
      </trkpt>
      <trkpt lat="33.909680000" lon="-111.485950000">
        <ele>1131</ele>
      </trkpt>
      <trkpt lat="33.909680000" lon="-111.486060000">
        <ele>1131</ele>
      </trkpt>
      <trkpt lat="33.909630000" lon="-111.486250000">
        <ele>1131</ele>
      </trkpt>
      <trkpt lat="33.909710000" lon="-111.486710000">
        <ele>1133</ele>
      </trkpt>
      <trkpt lat="33.909670000" lon="-111.486820000">
        <ele>1133</ele>
      </trkpt>
      <trkpt lat="33.909680000" lon="-111.486950000">
        <ele>1133</ele>
      </trkpt>
      <trkpt lat="33.909600000" lon="-111.487240000">
        <ele>1133</ele>
      </trkpt>
      <trkpt lat="33.909670000" lon="-111.487460000">
        <ele>1133</ele>
      </trkpt>
      <trkpt lat="33.909860000" lon="-111.487580000">
        <ele>1133</ele>
      </trkpt>
      <trkpt lat="33.909930000" lon="-111.487770000">
        <ele>1134</ele>
      </trkpt>
      <trkpt lat="33.909940000" lon="-111.488200000">
        <ele>1135</ele>
      </trkpt>
      <trkpt lat="33.909890000" lon="-111.488490000">
        <ele>1135</ele>
      </trkpt>
      <trkpt lat="33.909890000" lon="-111.488630000">
        <ele>1137</ele>
      </trkpt>
      <trkpt lat="33.909920000" lon="-111.488820000">
        <ele>1140</ele>
      </trkpt>
      <trkpt lat="33.909910000" lon="-111.489000000">
        <ele>1143</ele>
      </trkpt>
      <trkpt lat="33.909960000" lon="-111.489170000">
        <ele>1145</ele>
      </trkpt>
      <trkpt lat="33.909970000" lon="-111.489280000">
        <ele>1145</ele>
      </trkpt>
      <trkpt lat="33.910020000" lon="-111.489400000">
        <ele>1145</ele>
      </trkpt>
      <trkpt lat="33.910160000" lon="-111.489550000">
        <ele>1145</ele>
      </trkpt>
      <trkpt lat="33.910210000" lon="-111.489660000">
        <ele>1146</ele>
      </trkpt>
      <trkpt lat="33.910350000" lon="-111.489830000">
        <ele>1146</ele>
      </trkpt>
      <trkpt lat="33.910380000" lon="-111.489940000">
        <ele>1146</ele>
      </trkpt>
      <trkpt lat="33.910390000" lon="-111.490200000">
        <ele>1147</ele>
      </trkpt>
      <trkpt lat="33.910230000" lon="-111.490600000">
        <ele>1150</ele>
      </trkpt>
      <trkpt lat="33.910230000" lon="-111.490720000">
        <ele>1150</ele>
      </trkpt>
      <trkpt lat="33.910300000" lon="-111.490810000">
        <ele>1151</ele>
      </trkpt>
      <trkpt lat="33.910350000" lon="-111.490830000">
        <ele>1151</ele>
      </trkpt>
      <trkpt lat="33.910430000" lon="-111.490900000">
        <ele>1152</ele>
      </trkpt>
      <trkpt lat="33.910530000" lon="-111.491040000">
        <ele>1153</ele>
      </trkpt>
      <trkpt lat="33.910600000" lon="-111.491200000">
        <ele>1155</ele>
      </trkpt>
      <trkpt lat="33.910710000" lon="-111.491340000">
        <ele>1156</ele>
      </trkpt>
      <trkpt lat="33.910810000" lon="-111.491390000">
        <ele>1158</ele>
      </trkpt>
      <trkpt lat="33.911050000" lon="-111.491610000">
        <ele>1162</ele>
      </trkpt>
      <trkpt lat="33.911140000" lon="-111.491650000">
        <ele>1164</ele>
      </trkpt>
      <trkpt lat="33.911250000" lon="-111.491770000">
        <ele>1168</ele>
      </trkpt>
      <trkpt lat="33.911340000" lon="-111.491810000">
        <ele>1171</ele>
      </trkpt>
      <trkpt lat="33.911480000" lon="-111.491980000">
        <ele>1177</ele>
      </trkpt>
      <trkpt lat="33.911660000" lon="-111.492110000">
        <ele>1182</ele>
      </trkpt>
      <trkpt lat="33.911800000" lon="-111.492160000">
        <ele>1184</ele>
      </trkpt>
      <trkpt lat="33.911970000" lon="-111.492370000">
        <ele>1191</ele>
      </trkpt>
      <trkpt lat="33.912070000" lon="-111.492640000">
        <ele>1198</ele>
      </trkpt>
      <trkpt lat="33.912020000" lon="-111.492750000">
        <ele>1198</ele>
      </trkpt>
      <trkpt lat="33.912020000" lon="-111.492810000">
        <ele>1200</ele>
      </trkpt>
      <trkpt lat="33.912130000" lon="-111.493150000">
        <ele>1206</ele>
      </trkpt>
      <trkpt lat="33.912250000" lon="-111.493350000">
        <ele>1209</ele>
      </trkpt>
      <trkpt lat="33.912280000" lon="-111.493450000">
        <ele>1211</ele>
      </trkpt>
      <trkpt lat="33.912260000" lon="-111.493860000">
        <ele>1216</ele>
      </trkpt>
      <trkpt lat="33.912230000" lon="-111.493970000">
        <ele>1216</ele>
      </trkpt>
      <trkpt lat="33.912090000" lon="-111.494250000">
        <ele>1218</ele>
      </trkpt>
      <trkpt lat="33.911960000" lon="-111.494450000">
        <ele>1218</ele>
      </trkpt>
      <trkpt lat="33.911810000" lon="-111.494850000">
        <ele>1218</ele>
      </trkpt>
      <trkpt lat="33.911820000" lon="-111.495020000">
        <ele>1219</ele>
      </trkpt>
      <trkpt lat="33.911900000" lon="-111.495310000">
        <ele>1218</ele>
      </trkpt>
      <trkpt lat="33.911900000" lon="-111.495560000">
        <ele>1218</ele>
      </trkpt>
      <trkpt lat="33.912030000" lon="-111.496030000">
        <ele>1211</ele>
      </trkpt>
      <trkpt lat="33.912110000" lon="-111.496100000">
        <ele>1209</ele>
      </trkpt>
      <trkpt lat="33.912220000" lon="-111.496110000">
        <ele>1209</ele>
      </trkpt>
      <trkpt lat="33.912400000" lon="-111.496190000">
        <ele>1206</ele>
      </trkpt>
      <trkpt lat="33.912530000" lon="-111.496300000">
        <ele>1206</ele>
      </trkpt>
      <trkpt lat="33.912700000" lon="-111.496430000">
        <ele>1208</ele>
      </trkpt>
      <trkpt lat="33.912870000" lon="-111.496900000">
        <ele>1207</ele>
      </trkpt>
      <trkpt lat="33.912940000" lon="-111.496970000">
        <ele>1207</ele>
      </trkpt>
      <trkpt lat="33.913180000" lon="-111.497020000">
        <ele>1212</ele>
      </trkpt>
      <trkpt lat="33.913420000" lon="-111.496980000">
        <ele>1216</ele>
      </trkpt>
      <trkpt lat="33.913530000" lon="-111.497010000">
        <ele>1217</ele>
      </trkpt>
      <trkpt lat="33.913620000" lon="-111.497000000">
        <ele>1217</ele>
      </trkpt>
      <trkpt lat="33.913740000" lon="-111.497110000">
        <ele>1216</ele>
      </trkpt>
      <trkpt lat="33.913880000" lon="-111.497090000">
        <ele>1216</ele>
      </trkpt>
      <trkpt lat="33.914120000" lon="-111.496880000">
        <ele>1220</ele>
      </trkpt>
      <trkpt lat="33.914340000" lon="-111.496760000">
        <ele>1221</ele>
      </trkpt>
      <trkpt lat="33.914490000" lon="-111.496780000">
        <ele>1220</ele>
      </trkpt>
      <trkpt lat="33.914710000" lon="-111.496770000">
        <ele>1227</ele>
      </trkpt>
      <trkpt lat="33.914800000" lon="-111.496810000">
        <ele>1227</ele>
      </trkpt>
      <trkpt lat="33.915100000" lon="-111.496770000">
        <ele>1229</ele>
      </trkpt>
      <trkpt lat="33.915150000" lon="-111.496870000">
        <ele>1231</ele>
      </trkpt>
      <trkpt lat="33.915200000" lon="-111.496870000">
        <ele>1232</ele>
      </trkpt>
      <trkpt lat="33.915230000" lon="-111.496820000">
        <ele>1231</ele>
      </trkpt>
      <trkpt lat="33.915280000" lon="-111.496820000">
        <ele>1232</ele>
      </trkpt>
      <trkpt lat="33.915430000" lon="-111.496860000">
        <ele>1237</ele>
      </trkpt>
      <trkpt lat="33.915520000" lon="-111.496850000">
        <ele>1239</ele>
      </trkpt>
      <trkpt lat="33.915610000" lon="-111.496900000">
        <ele>1244</ele>
      </trkpt>
      <trkpt lat="33.915720000" lon="-111.496910000">
        <ele>1246</ele>
      </trkpt>
      <trkpt lat="33.915920000" lon="-111.496900000">
        <ele>1246</ele>
      </trkpt>
      <trkpt lat="33.916170000" lon="-111.496830000">
        <ele>1245</ele>
      </trkpt>
      <trkpt lat="33.916260000" lon="-111.496880000">
        <ele>1249</ele>
      </trkpt>
      <trkpt lat="33.916350000" lon="-111.496900000">
        <ele>1252</ele>
      </trkpt>
      <trkpt lat="33.916450000" lon="-111.496860000">
        <ele>1253</ele>
      </trkpt>
      <trkpt lat="33.916610000" lon="-111.496880000">
        <ele>1254</ele>
      </trkpt>
      <trkpt lat="33.916650000" lon="-111.496840000">
        <ele>1255</ele>
      </trkpt>
      <trkpt lat="33.916740000" lon="-111.496820000">
        <ele>1255</ele>
      </trkpt>
      <trkpt lat="33.916890000" lon="-111.496850000">
        <ele>1256</ele>
      </trkpt>
      <trkpt lat="33.916960000" lon="-111.496920000">
        <ele>1257</ele>
      </trkpt>
      <trkpt lat="33.917100000" lon="-111.496980000">
        <ele>1260</ele>
      </trkpt>
      <trkpt lat="33.917150000" lon="-111.496990000">
        <ele>1261</ele>
      </trkpt>
      <trkpt lat="33.917300000" lon="-111.496950000">
        <ele>1264</ele>
      </trkpt>
      <trkpt lat="33.917350000" lon="-111.496960000">
        <ele>1264</ele>
      </trkpt>
      <trkpt lat="33.917390000" lon="-111.497000000">
        <ele>1264</ele>
      </trkpt>
      <trkpt lat="33.917670000" lon="-111.496920000">
        <ele>1264</ele>
      </trkpt>
      <trkpt lat="33.917720000" lon="-111.496930000">
        <ele>1264</ele>
      </trkpt>
      <trkpt lat="33.917790000" lon="-111.497010000">
        <ele>1265</ele>
      </trkpt>
      <trkpt lat="33.917900000" lon="-111.496990000">
        <ele>1265</ele>
      </trkpt>
      <trkpt lat="33.917950000" lon="-111.497010000">
        <ele>1266</ele>
      </trkpt>
      <trkpt lat="33.918050000" lon="-111.497010000">
        <ele>1266</ele>
      </trkpt>
      <trkpt lat="33.918090000" lon="-111.497040000">
        <ele>1267</ele>
      </trkpt>
      <trkpt lat="33.918140000" lon="-111.497030000">
        <ele>1267</ele>
      </trkpt>
      <trkpt lat="33.918170000" lon="-111.496990000">
        <ele>1265</ele>
      </trkpt>
      <trkpt lat="33.918220000" lon="-111.496970000">
        <ele>1266</ele>
      </trkpt>
      <trkpt lat="33.918630000" lon="-111.496920000">
        <ele>1271</ele>
      </trkpt>
      <trkpt lat="33.918870000" lon="-111.496980000">
        <ele>1275</ele>
      </trkpt>
      <trkpt lat="33.919070000" lon="-111.496950000">
        <ele>1277</ele>
      </trkpt>
      <trkpt lat="33.919160000" lon="-111.496980000">
        <ele>1276</ele>
      </trkpt>
      <trkpt lat="33.919250000" lon="-111.496950000">
        <ele>1277</ele>
      </trkpt>
      <trkpt lat="33.919350000" lon="-111.496950000">
        <ele>1277</ele>
      </trkpt>
      <trkpt lat="33.919430000" lon="-111.497030000">
        <ele>1277</ele>
      </trkpt>
      <trkpt lat="33.919630000" lon="-111.497070000">
        <ele>1277</ele>
      </trkpt>
      <trkpt lat="33.919820000" lon="-111.497140000">
        <ele>1279</ele>
      </trkpt>
      <trkpt lat="33.920070000" lon="-111.497070000">
        <ele>1280</ele>
      </trkpt>
      <trkpt lat="33.920210000" lon="-111.497060000">
        <ele>1283</ele>
      </trkpt>
      <trkpt lat="33.920460000" lon="-111.496890000">
        <ele>1288</ele>
      </trkpt>
      <trkpt lat="33.920550000" lon="-111.496900000">
        <ele>1288</ele>
      </trkpt>
      <trkpt lat="33.920700000" lon="-111.496860000">
        <ele>1289</ele>
      </trkpt>
      <trkpt lat="33.920800000" lon="-111.496920000">
        <ele>1289</ele>
      </trkpt>
      <trkpt lat="33.921090000" lon="-111.497020000">
        <ele>1290</ele>
      </trkpt>
      <trkpt lat="33.921180000" lon="-111.497080000">
        <ele>1292</ele>
      </trkpt>
      <trkpt lat="33.921280000" lon="-111.497220000">
        <ele>1295</ele>
      </trkpt>
      <trkpt lat="33.921330000" lon="-111.497240000">
        <ele>1296</ele>
      </trkpt>
      <trkpt lat="33.921680000" lon="-111.497350000">
        <ele>1300</ele>
      </trkpt>
      <trkpt lat="33.921770000" lon="-111.497410000">
        <ele>1301</ele>
      </trkpt>
      <trkpt lat="33.921930000" lon="-111.497440000">
        <ele>1301</ele>
      </trkpt>
      <trkpt lat="33.921960000" lon="-111.497480000">
        <ele>1302</ele>
      </trkpt>
      <trkpt lat="33.922160000" lon="-111.497560000">
        <ele>1302</ele>
      </trkpt>
      <trkpt lat="33.922310000" lon="-111.497720000">
        <ele>1303</ele>
      </trkpt>
      <trkpt lat="33.922420000" lon="-111.497860000">
        <ele>1305</ele>
      </trkpt>
      <trkpt lat="33.922430000" lon="-111.497920000">
        <ele>1306</ele>
      </trkpt>
      <trkpt lat="33.922490000" lon="-111.498020000">
        <ele>1307</ele>
      </trkpt>
      <trkpt lat="33.922530000" lon="-111.498190000">
        <ele>1308</ele>
      </trkpt>
      <trkpt lat="33.922640000" lon="-111.498390000">
        <ele>1309</ele>
      </trkpt>
      <trkpt lat="33.922700000" lon="-111.498620000">
        <ele>1313</ele>
      </trkpt>
      <trkpt lat="33.922660000" lon="-111.498850000">
        <ele>1314</ele>
      </trkpt>
      <trkpt lat="33.922670000" lon="-111.499030000">
        <ele>1316</ele>
      </trkpt>
      <trkpt lat="33.922780000" lon="-111.499510000">
        <ele>1319</ele>
      </trkpt>
      <trkpt lat="33.922800000" lon="-111.499630000">
        <ele>1321</ele>
      </trkpt>
      <trkpt lat="33.922790000" lon="-111.499760000">
        <ele>1321</ele>
      </trkpt>
      <trkpt lat="33.922830000" lon="-111.499940000">
        <ele>1319</ele>
      </trkpt>
      <trkpt lat="33.922890000" lon="-111.500020000">
        <ele>1320</ele>
      </trkpt>
      <trkpt lat="33.922980000" lon="-111.500260000">
        <ele>1321</ele>
      </trkpt>
      <trkpt lat="33.922950000" lon="-111.500620000">
        <ele>1324</ele>
      </trkpt>
      <trkpt lat="33.922970000" lon="-111.500730000">
        <ele>1324</ele>
      </trkpt>
      <trkpt lat="33.923110000" lon="-111.501120000">
        <ele>1327</ele>
      </trkpt>
      <trkpt lat="33.923120000" lon="-111.501260000">
        <ele>1328</ele>
      </trkpt>
      <trkpt lat="33.923160000" lon="-111.501370000">
        <ele>1328</ele>
      </trkpt>
      <trkpt lat="33.923220000" lon="-111.501470000">
        <ele>1329</ele>
      </trkpt>
      <trkpt lat="33.923300000" lon="-111.501520000">
        <ele>1329</ele>
      </trkpt>
      <trkpt lat="33.923380000" lon="-111.501590000">
        <ele>1329</ele>
      </trkpt>
      <trkpt lat="33.923580000" lon="-111.501860000">
        <ele>1330</ele>
      </trkpt>
      <trkpt lat="33.923850000" lon="-111.502290000">
        <ele>1333</ele>
      </trkpt>
      <trkpt lat="33.923940000" lon="-111.502350000">
        <ele>1337</ele>
      </trkpt>
      <trkpt lat="33.923910000" lon="-111.502300000">
        <ele>1336</ele>
      </trkpt>
      <trkpt lat="33.923960000" lon="-111.502300000">
        <ele>1339</ele>
      </trkpt>
      <trkpt lat="33.923980000" lon="-111.502350000">
        <ele>1339</ele>
      </trkpt>
      <trkpt lat="33.924030000" lon="-111.502380000">
        <ele>1340</ele>
      </trkpt>
      <trkpt lat="33.924080000" lon="-111.502350000">
        <ele>1343</ele>
      </trkpt>
      <trkpt lat="33.924230000" lon="-111.502400000">
        <ele>1350</ele>
      </trkpt>
      <trkpt lat="33.924540000" lon="-111.502770000">
        <ele>1354</ele>
      </trkpt>
      <trkpt lat="33.924630000" lon="-111.503040000">
        <ele>1358</ele>
      </trkpt>
      <trkpt lat="33.924700000" lon="-111.503150000">
        <ele>1362</ele>
      </trkpt>
      <trkpt lat="33.924760000" lon="-111.503420000">
        <ele>1364</ele>
      </trkpt>
      <trkpt lat="33.924750000" lon="-111.503590000">
        <ele>1368</ele>
      </trkpt>
      <trkpt lat="33.924710000" lon="-111.503760000">
        <ele>1369</ele>
      </trkpt>
      <trkpt lat="33.924740000" lon="-111.503870000">
        <ele>1372</ele>
      </trkpt>
      <trkpt lat="33.924700000" lon="-111.504110000">
        <ele>1372</ele>
      </trkpt>
      <trkpt lat="33.924830000" lon="-111.504380000">
        <ele>1375</ele>
      </trkpt>
      <trkpt lat="33.924850000" lon="-111.504490000">
        <ele>1373</ele>
      </trkpt>
      <trkpt lat="33.925050000" lon="-111.504800000">
        <ele>1370</ele>
      </trkpt>
      <trkpt lat="33.925170000" lon="-111.504890000">
        <ele>1368</ele>
      </trkpt>
      <trkpt lat="33.925240000" lon="-111.504980000">
        <ele>1365</ele>
      </trkpt>
      <trkpt lat="33.925370000" lon="-111.505250000">
        <ele>1363</ele>
      </trkpt>
      <trkpt lat="33.925470000" lon="-111.505380000">
        <ele>1364</ele>
      </trkpt>
      <trkpt lat="33.925820000" lon="-111.505450000">
        <ele>1367</ele>
      </trkpt>
      <trkpt lat="33.925960000" lon="-111.505510000">
        <ele>1365</ele>
      </trkpt>
      <trkpt lat="33.926000000" lon="-111.505540000">
        <ele>1365</ele>
      </trkpt>
      <trkpt lat="33.926020000" lon="-111.505600000">
        <ele>1364</ele>
      </trkpt>
      <trkpt lat="33.926310000" lon="-111.505760000">
        <ele>1364</ele>
      </trkpt>
      <trkpt lat="33.926450000" lon="-111.505890000">
        <ele>1364</ele>
      </trkpt>
      <trkpt lat="33.926540000" lon="-111.505930000">
        <ele>1364</ele>
      </trkpt>
      <trkpt lat="33.926820000" lon="-111.506150000">
        <ele>1372</ele>
      </trkpt>
      <trkpt lat="33.926920000" lon="-111.506180000">
        <ele>1373</ele>
      </trkpt>
      <trkpt lat="33.927020000" lon="-111.506150000">
        <ele>1373</ele>
      </trkpt>
      <trkpt lat="33.927120000" lon="-111.506190000">
        <ele>1374</ele>
      </trkpt>
      <trkpt lat="33.927300000" lon="-111.506340000">
        <ele>1376</ele>
      </trkpt>
      <trkpt lat="33.927520000" lon="-111.506660000">
        <ele>1377</ele>
      </trkpt>
      <trkpt lat="33.927610000" lon="-111.506710000">
        <ele>1377</ele>
      </trkpt>
      <trkpt lat="33.927650000" lon="-111.506880000">
        <ele>1377</ele>
      </trkpt>
      <trkpt lat="33.927690000" lon="-111.506930000">
        <ele>1377</ele>
      </trkpt>
      <trkpt lat="33.927740000" lon="-111.506950000">
        <ele>1377</ele>
      </trkpt>
      <trkpt lat="33.927900000" lon="-111.507100000">
        <ele>1377</ele>
      </trkpt>
      <trkpt lat="33.927980000" lon="-111.507330000">
        <ele>1377</ele>
      </trkpt>
      <trkpt lat="33.928110000" lon="-111.507510000">
        <ele>1378</ele>
      </trkpt>
      <trkpt lat="33.928110000" lon="-111.507630000">
        <ele>1378</ele>
      </trkpt>
      <trkpt lat="33.928050000" lon="-111.507750000">
        <ele>1383</ele>
      </trkpt>
      <trkpt lat="33.927980000" lon="-111.507830000">
        <ele>1387</ele>
      </trkpt>
      <trkpt lat="33.927970000" lon="-111.507890000">
        <ele>1388</ele>
      </trkpt>
      <trkpt lat="33.928070000" lon="-111.508040000">
        <ele>1395</ele>
      </trkpt>
      <trkpt lat="33.928100000" lon="-111.508150000">
        <ele>1400</ele>
      </trkpt>
      <trkpt lat="33.928310000" lon="-111.508420000">
        <ele>1401</ele>
      </trkpt>
      <trkpt lat="33.928440000" lon="-111.508780000">
        <ele>1404</ele>
      </trkpt>
      <trkpt lat="33.928470000" lon="-111.508960000">
        <ele>1408</ele>
      </trkpt>
      <trkpt lat="33.928530000" lon="-111.509060000">
        <ele>1409</ele>
      </trkpt>
      <trkpt lat="33.928550000" lon="-111.509110000">
        <ele>1410</ele>
      </trkpt>
      <trkpt lat="33.928510000" lon="-111.509220000">
        <ele>1413</ele>
      </trkpt>
      <trkpt lat="33.928610000" lon="-111.509360000">
        <ele>1417</ele>
      </trkpt>
      <trkpt lat="33.928620000" lon="-111.509440000">
        <ele>1418</ele>
      </trkpt>
      <trkpt lat="33.928600000" lon="-111.510020000">
        <ele>1416</ele>
      </trkpt>
      <trkpt lat="33.928630000" lon="-111.510320000">
        <ele>1416</ele>
      </trkpt>
      <trkpt lat="33.928690000" lon="-111.510550000">
        <ele>1419</ele>
      </trkpt>
      <trkpt lat="33.928720000" lon="-111.510810000">
        <ele>1424</ele>
      </trkpt>
      <trkpt lat="33.928850000" lon="-111.511070000">
        <ele>1426</ele>
      </trkpt>
      <trkpt lat="33.928870000" lon="-111.511190000">
        <ele>1426</ele>
      </trkpt>
      <trkpt lat="33.928870000" lon="-111.511490000">
        <ele>1424</ele>
      </trkpt>
      <trkpt lat="33.928850000" lon="-111.511540000">
        <ele>1423</ele>
      </trkpt>
      <trkpt lat="33.928900000" lon="-111.511720000">
        <ele>1421</ele>
      </trkpt>
      <trkpt lat="33.928890000" lon="-111.511790000">
        <ele>1420</ele>
      </trkpt>
      <trkpt lat="33.928820000" lon="-111.511870000">
        <ele>1418</ele>
      </trkpt>
      <trkpt lat="33.928710000" lon="-111.511900000">
        <ele>1415</ele>
      </trkpt>
      <trkpt lat="33.928670000" lon="-111.511940000">
        <ele>1414</ele>
      </trkpt>
      <trkpt lat="33.928670000" lon="-111.512120000">
        <ele>1416</ele>
      </trkpt>
      <trkpt lat="33.928620000" lon="-111.512150000">
        <ele>1414</ele>
      </trkpt>
      <trkpt lat="33.928580000" lon="-111.512140000">
        <ele>1412</ele>
      </trkpt>
      <trkpt lat="33.928540000" lon="-111.512170000">
        <ele>1411</ele>
      </trkpt>
      <trkpt lat="33.928540000" lon="-111.512430000">
        <ele>1412</ele>
      </trkpt>
      <trkpt lat="33.928570000" lon="-111.512600000">
        <ele>1411</ele>
      </trkpt>
      <trkpt lat="33.928680000" lon="-111.512750000">
        <ele>1410</ele>
      </trkpt>
      <trkpt lat="33.928820000" lon="-111.512870000">
        <ele>1409</ele>
      </trkpt>
      <trkpt lat="33.929030000" lon="-111.512880000">
        <ele>1411</ele>
      </trkpt>
      <trkpt lat="33.929470000" lon="-111.512840000">
        <ele>1418</ele>
      </trkpt>
      <trkpt lat="33.930000000" lon="-111.512850000">
        <ele>1426</ele>
      </trkpt>
      <trkpt lat="33.930100000" lon="-111.512900000">
        <ele>1427</ele>
      </trkpt>
      <trkpt lat="33.930220000" lon="-111.512990000">
        <ele>1427</ele>
      </trkpt>
      <trkpt lat="33.930400000" lon="-111.513070000">
        <ele>1430</ele>
      </trkpt>
      <trkpt lat="33.930460000" lon="-111.513180000">
        <ele>1429</ele>
      </trkpt>
      <trkpt lat="33.930700000" lon="-111.513290000">
        <ele>1433</ele>
      </trkpt>
      <trkpt lat="33.930860000" lon="-111.513530000">
        <ele>1433</ele>
      </trkpt>
      <trkpt lat="33.931100000" lon="-111.513750000">
        <ele>1439</ele>
      </trkpt>
      <trkpt lat="33.931280000" lon="-111.513810000">
        <ele>1445</ele>
      </trkpt>
      <trkpt lat="33.931360000" lon="-111.513870000">
        <ele>1445</ele>
      </trkpt>
      <trkpt lat="33.931410000" lon="-111.513880000">
        <ele>1446</ele>
      </trkpt>
      <trkpt lat="33.931450000" lon="-111.513850000">
        <ele>1448</ele>
      </trkpt>
      <trkpt lat="33.931920000" lon="-111.513330000">
        <ele>1464</ele>
      </trkpt>
      <trkpt lat="33.931970000" lon="-111.513320000">
        <ele>1465</ele>
      </trkpt>
      <trkpt lat="33.932020000" lon="-111.513330000">
        <ele>1465</ele>
      </trkpt>
      <trkpt lat="33.932120000" lon="-111.513380000">
        <ele>1464</ele>
      </trkpt>
      <trkpt lat="33.932200000" lon="-111.513450000">
        <ele>1464</ele>
      </trkpt>
      <trkpt lat="33.932240000" lon="-111.513640000">
        <ele>1463</ele>
      </trkpt>
      <trkpt lat="33.932290000" lon="-111.513760000">
        <ele>1463</ele>
      </trkpt>
      <trkpt lat="33.932670000" lon="-111.514080000">
        <ele>1463</ele>
      </trkpt>
      <trkpt lat="33.932800000" lon="-111.514270000">
        <ele>1463</ele>
      </trkpt>
      <trkpt lat="33.932980000" lon="-111.514410000">
        <ele>1463</ele>
      </trkpt>
      <trkpt lat="33.933010000" lon="-111.514460000">
        <ele>1463</ele>
      </trkpt>
      <trkpt lat="33.933170000" lon="-111.514470000">
        <ele>1463</ele>
      </trkpt>
      <trkpt lat="33.933420000" lon="-111.514390000">
        <ele>1463</ele>
      </trkpt>
      <trkpt lat="33.933480000" lon="-111.514400000">
        <ele>1464</ele>
      </trkpt>
      <trkpt lat="33.933520000" lon="-111.514430000">
        <ele>1464</ele>
      </trkpt>
      <trkpt lat="33.933630000" lon="-111.514710000">
        <ele>1464</ele>
      </trkpt>
      <trkpt lat="33.933860000" lon="-111.514870000">
        <ele>1464</ele>
      </trkpt>
      <trkpt lat="33.933940000" lon="-111.514960000">
        <ele>1466</ele>
      </trkpt>
      <trkpt lat="33.934010000" lon="-111.515120000">
        <ele>1471</ele>
      </trkpt>
      <trkpt lat="33.934110000" lon="-111.515260000">
        <ele>1474</ele>
      </trkpt>
      <trkpt lat="33.934210000" lon="-111.515260000">
        <ele>1474</ele>
      </trkpt>
      <trkpt lat="33.934360000" lon="-111.515450000">
        <ele>1474</ele>
      </trkpt>
      <trkpt lat="33.934610000" lon="-111.515650000">
        <ele>1473</ele>
      </trkpt>
      <trkpt lat="33.935020000" lon="-111.515720000">
        <ele>1477</ele>
      </trkpt>
      <trkpt lat="33.935180000" lon="-111.515710000">
        <ele>1477</ele>
      </trkpt>
      <trkpt lat="33.935270000" lon="-111.515780000">
        <ele>1477</ele>
      </trkpt>
      <trkpt lat="33.935370000" lon="-111.515930000">
        <ele>1478</ele>
      </trkpt>
      <trkpt lat="33.935500000" lon="-111.516040000">
        <ele>1478</ele>
      </trkpt>
      <trkpt lat="33.935600000" lon="-111.516070000">
        <ele>1478</ele>
      </trkpt>
      <trkpt lat="33.936130000" lon="-111.516150000">
        <ele>1482</ele>
      </trkpt>
      <trkpt lat="33.936240000" lon="-111.516130000">
        <ele>1483</ele>
      </trkpt>
      <trkpt lat="33.936490000" lon="-111.516140000">
        <ele>1487</ele>
      </trkpt>
      <trkpt lat="33.936580000" lon="-111.516090000">
        <ele>1488</ele>
      </trkpt>
      <trkpt lat="33.936680000" lon="-111.515930000">
        <ele>1490</ele>
      </trkpt>
      <trkpt lat="33.936730000" lon="-111.515890000">
        <ele>1492</ele>
      </trkpt>
      <trkpt lat="33.936780000" lon="-111.515780000">
        <ele>1493</ele>
      </trkpt>
      <trkpt lat="33.936820000" lon="-111.515740000">
        <ele>1494</ele>
      </trkpt>
      <trkpt lat="33.936860000" lon="-111.515720000">
        <ele>1495</ele>
      </trkpt>
      <trkpt lat="33.936930000" lon="-111.515620000">
        <ele>1493</ele>
      </trkpt>
      <trkpt lat="33.937090000" lon="-111.515510000">
        <ele>1493</ele>
      </trkpt>
      <trkpt lat="33.937060000" lon="-111.515400000">
        <ele>1491</ele>
      </trkpt>
      <trkpt lat="33.937070000" lon="-111.515350000">
        <ele>1490</ele>
      </trkpt>
      <trkpt lat="33.937220000" lon="-111.515200000">
        <ele>1492</ele>
      </trkpt>
      <trkpt lat="33.937410000" lon="-111.515090000">
        <ele>1493</ele>
      </trkpt>
      <trkpt lat="33.937430000" lon="-111.515040000">
        <ele>1493</ele>
      </trkpt>
      <trkpt lat="33.937380000" lon="-111.514920000">
        <ele>1492</ele>
      </trkpt>
      <trkpt lat="33.937370000" lon="-111.514740000">
        <ele>1496</ele>
      </trkpt>
      <trkpt lat="33.937340000" lon="-111.514610000">
        <ele>1496</ele>
      </trkpt>
      <trkpt lat="33.937350000" lon="-111.514370000">
        <ele>1497</ele>
      </trkpt>
      <trkpt lat="33.937370000" lon="-111.514310000">
        <ele>1497</ele>
      </trkpt>
      <trkpt lat="33.937600000" lon="-111.514060000">
        <ele>1502</ele>
      </trkpt>
      <trkpt lat="33.937780000" lon="-111.513990000">
        <ele>1505</ele>
      </trkpt>
      <trkpt lat="33.937970000" lon="-111.513830000">
        <ele>1503</ele>
      </trkpt>
      <trkpt lat="33.938020000" lon="-111.513820000">
        <ele>1504</ele>
      </trkpt>
      <trkpt lat="33.938150000" lon="-111.513730000">
        <ele>1504</ele>
      </trkpt>
      <trkpt lat="33.938210000" lon="-111.513640000">
        <ele>1504</ele>
      </trkpt>
      <trkpt lat="33.938430000" lon="-111.513420000">
        <ele>1504</ele>
      </trkpt>
      <trkpt lat="33.938600000" lon="-111.513140000">
        <ele>1504</ele>
      </trkpt>
      <trkpt lat="33.938680000" lon="-111.513050000">
        <ele>1504</ele>
      </trkpt>
      <trkpt lat="33.938690000" lon="-111.512990000">
        <ele>1504</ele>
      </trkpt>
      <trkpt lat="33.938650000" lon="-111.512760000">
        <ele>1505</ele>
      </trkpt>
      <trkpt lat="33.938540000" lon="-111.512650000">
        <ele>1506</ele>
      </trkpt>
      <trkpt lat="33.938460000" lon="-111.512500000">
        <ele>1508</ele>
      </trkpt>
      <trkpt lat="33.938350000" lon="-111.512360000">
        <ele>1510</ele>
      </trkpt>
      <trkpt lat="33.938160000" lon="-111.511940000">
        <ele>1513</ele>
      </trkpt>
      <trkpt lat="33.938190000" lon="-111.511750000">
        <ele>1514</ele>
      </trkpt>
      <trkpt lat="33.938270000" lon="-111.511440000">
        <ele>1515</ele>
      </trkpt>
      <trkpt lat="33.938320000" lon="-111.511390000">
        <ele>1516</ele>
      </trkpt>
      <trkpt lat="33.938360000" lon="-111.511210000">
        <ele>1517</ele>
      </trkpt>
      <trkpt lat="33.938470000" lon="-111.511010000">
        <ele>1519</ele>
      </trkpt>
      <trkpt lat="33.938470000" lon="-111.510950000">
        <ele>1519</ele>
      </trkpt>
      <trkpt lat="33.938500000" lon="-111.510890000">
        <ele>1519</ele>
      </trkpt>
      <trkpt lat="33.938770000" lon="-111.510750000">
        <ele>1522</ele>
      </trkpt>
      <trkpt lat="33.938940000" lon="-111.510620000">
        <ele>1525</ele>
      </trkpt>
      <trkpt lat="33.938980000" lon="-111.510570000">
        <ele>1526</ele>
      </trkpt>
      <trkpt lat="33.939020000" lon="-111.510470000">
        <ele>1526</ele>
      </trkpt>
      <trkpt lat="33.939150000" lon="-111.510370000">
        <ele>1527</ele>
      </trkpt>
      <trkpt lat="33.939220000" lon="-111.510290000">
        <ele>1527</ele>
      </trkpt>
      <trkpt lat="33.939300000" lon="-111.510150000">
        <ele>1526</ele>
      </trkpt>
      <trkpt lat="33.939610000" lon="-111.509910000">
        <ele>1527</ele>
      </trkpt>
      <trkpt lat="33.939660000" lon="-111.509780000">
        <ele>1527</ele>
      </trkpt>
      <trkpt lat="33.939650000" lon="-111.509660000">
        <ele>1527</ele>
      </trkpt>
      <trkpt lat="33.939550000" lon="-111.509330000">
        <ele>1527</ele>
      </trkpt>
      <trkpt lat="33.939640000" lon="-111.509190000">
        <ele>1530</ele>
      </trkpt>
      <trkpt lat="33.939820000" lon="-111.509080000">
        <ele>1533</ele>
      </trkpt>
      <trkpt lat="33.939920000" lon="-111.508950000">
        <ele>1535</ele>
      </trkpt>
      <trkpt lat="33.940110000" lon="-111.508830000">
        <ele>1536</ele>
      </trkpt>
      <trkpt lat="33.940170000" lon="-111.508820000">
        <ele>1536</ele>
      </trkpt>
      <trkpt lat="33.940160000" lon="-111.508760000">
        <ele>1536</ele>
      </trkpt>
      <trkpt lat="33.940070000" lon="-111.508630000">
        <ele>1538</ele>
      </trkpt>
      <trkpt lat="33.940030000" lon="-111.508530000">
        <ele>1540</ele>
      </trkpt>
      <trkpt lat="33.939890000" lon="-111.508450000">
        <ele>1543</ele>
      </trkpt>
      <trkpt lat="33.939670000" lon="-111.508440000">
        <ele>1544</ele>
      </trkpt>
      <trkpt lat="33.939610000" lon="-111.508420000">
        <ele>1544</ele>
      </trkpt>
      <trkpt lat="33.939580000" lon="-111.508360000">
        <ele>1544</ele>
      </trkpt>
      <trkpt lat="33.939620000" lon="-111.508180000">
        <ele>1547</ele>
      </trkpt>
      <trkpt lat="33.939820000" lon="-111.507890000">
        <ele>1550</ele>
      </trkpt>
      <trkpt lat="33.939810000" lon="-111.507760000">
        <ele>1553</ele>
      </trkpt>
      <trkpt lat="33.939780000" lon="-111.507710000">
        <ele>1554</ele>
      </trkpt>
      <trkpt lat="33.939580000" lon="-111.507580000">
        <ele>1554</ele>
      </trkpt>
      <trkpt lat="33.939530000" lon="-111.507580000">
        <ele>1554</ele>
      </trkpt>
      <trkpt lat="33.939480000" lon="-111.507600000">
        <ele>1553</ele>
      </trkpt>
      <trkpt lat="33.939440000" lon="-111.507700000">
        <ele>1550</ele>
      </trkpt>
      <trkpt lat="33.939330000" lon="-111.507760000">
        <ele>1549</ele>
      </trkpt>
      <trkpt lat="33.939210000" lon="-111.507760000">
        <ele>1549</ele>
      </trkpt>
      <trkpt lat="33.939120000" lon="-111.507710000">
        <ele>1549</ele>
      </trkpt>
      <trkpt lat="33.939010000" lon="-111.507510000">
        <ele>1551</ele>
      </trkpt>
      <trkpt lat="33.938880000" lon="-111.507390000">
        <ele>1551</ele>
      </trkpt>
      <trkpt lat="33.938690000" lon="-111.507290000">
        <ele>1548</ele>
      </trkpt>
      <trkpt lat="33.938430000" lon="-111.506930000">
        <ele>1543</ele>
      </trkpt>
      <trkpt lat="33.938410000" lon="-111.506430000">
        <ele>1544</ele>
      </trkpt>
      <trkpt lat="33.938480000" lon="-111.505980000">
        <ele>1543</ele>
      </trkpt>
      <trkpt lat="33.938500000" lon="-111.505920000">
        <ele>1542</ele>
      </trkpt>
      <trkpt lat="33.938540000" lon="-111.505880000">
        <ele>1541</ele>
      </trkpt>
      <trkpt lat="33.938640000" lon="-111.505830000">
        <ele>1540</ele>
      </trkpt>
      <trkpt lat="33.938810000" lon="-111.505830000">
        <ele>1539</ele>
      </trkpt>
      <trkpt lat="33.939040000" lon="-111.505870000">
        <ele>1540</ele>
      </trkpt>
      <trkpt lat="33.939150000" lon="-111.505830000">
        <ele>1541</ele>
      </trkpt>
      <trkpt lat="33.939190000" lon="-111.505800000">
        <ele>1541</ele>
      </trkpt>
      <trkpt lat="33.939280000" lon="-111.505640000">
        <ele>1539</ele>
      </trkpt>
      <trkpt lat="33.939310000" lon="-111.505530000">
        <ele>1539</ele>
      </trkpt>
      <trkpt lat="33.939220000" lon="-111.504950000">
        <ele>1531</ele>
      </trkpt>
      <trkpt lat="33.939300000" lon="-111.504610000">
        <ele>1530</ele>
      </trkpt>
      <trkpt lat="33.939410000" lon="-111.504470000">
        <ele>1530</ele>
      </trkpt>
      <trkpt lat="33.939420000" lon="-111.504410000">
        <ele>1530</ele>
      </trkpt>
      <trkpt lat="33.939360000" lon="-111.504230000">
        <ele>1527</ele>
      </trkpt>
      <trkpt lat="33.939170000" lon="-111.504010000">
        <ele>1519</ele>
      </trkpt>
      <trkpt lat="33.939060000" lon="-111.503790000">
        <ele>1517</ele>
      </trkpt>
      <trkpt lat="33.938990000" lon="-111.503480000">
        <ele>1515</ele>
      </trkpt>
      <trkpt lat="33.938880000" lon="-111.503200000">
        <ele>1512</ele>
      </trkpt>
      <trkpt lat="33.938880000" lon="-111.502950000">
        <ele>1507</ele>
      </trkpt>
      <trkpt lat="33.938920000" lon="-111.502720000">
        <ele>1502</ele>
      </trkpt>
      <trkpt lat="33.938910000" lon="-111.502370000">
        <ele>1499</ele>
      </trkpt>
      <trkpt lat="33.938870000" lon="-111.502190000">
        <ele>1500</ele>
      </trkpt>
      <trkpt lat="33.938910000" lon="-111.502070000">
        <ele>1500</ele>
      </trkpt>
      <trkpt lat="33.939000000" lon="-111.501990000">
        <ele>1500</ele>
      </trkpt>
      <trkpt lat="33.938930000" lon="-111.502160000">
        <ele>1500</ele>
      </trkpt>
      <trkpt lat="33.938960000" lon="-111.502360000">
        <ele>1498</ele>
      </trkpt>
      <trkpt lat="33.938950000" lon="-111.502630000">
        <ele>1501</ele>
      </trkpt>
      <trkpt lat="33.938890000" lon="-111.502920000">
        <ele>1506</ele>
      </trkpt>
      <trkpt lat="33.938910000" lon="-111.503160000">
        <ele>1511</ele>
      </trkpt>
      <trkpt lat="33.938980000" lon="-111.503330000">
        <ele>1513</ele>
      </trkpt>
      <trkpt lat="33.939100000" lon="-111.503760000">
        <ele>1519</ele>
      </trkpt>
      <trkpt lat="33.939220000" lon="-111.503950000">
        <ele>1520</ele>
      </trkpt>
      <trkpt lat="33.939380000" lon="-111.504160000">
        <ele>1528</ele>
      </trkpt>
      <trkpt lat="33.939430000" lon="-111.504270000">
        <ele>1530</ele>
      </trkpt>
      <trkpt lat="33.939450000" lon="-111.504400000">
        <ele>1530</ele>
      </trkpt>
      <trkpt lat="33.939430000" lon="-111.504460000">
        <ele>1531</ele>
      </trkpt>
      <trkpt lat="33.939340000" lon="-111.504530000">
        <ele>1530</ele>
      </trkpt>
      <trkpt lat="33.939280000" lon="-111.504900000">
        <ele>1533</ele>
      </trkpt>
      <trkpt lat="33.939360000" lon="-111.505450000">
        <ele>1540</ele>
      </trkpt>
      <trkpt lat="33.939340000" lon="-111.505570000">
        <ele>1540</ele>
      </trkpt>
      <trkpt lat="33.939220000" lon="-111.505810000">
        <ele>1542</ele>
      </trkpt>
      <trkpt lat="33.939180000" lon="-111.505840000">
        <ele>1542</ele>
      </trkpt>
      <trkpt lat="33.939010000" lon="-111.505880000">
        <ele>1541</ele>
      </trkpt>
      <trkpt lat="33.938650000" lon="-111.505830000">
        <ele>1540</ele>
      </trkpt>
      <trkpt lat="33.938540000" lon="-111.505870000">
        <ele>1541</ele>
      </trkpt>
      <trkpt lat="33.938510000" lon="-111.505920000">
        <ele>1542</ele>
      </trkpt>
      <trkpt lat="33.938450000" lon="-111.506400000">
        <ele>1545</ele>
      </trkpt>
      <trkpt lat="33.938470000" lon="-111.506860000">
        <ele>1545</ele>
      </trkpt>
      <trkpt lat="33.938500000" lon="-111.506990000">
        <ele>1545</ele>
      </trkpt>
      <trkpt lat="33.938710000" lon="-111.507270000">
        <ele>1549</ele>
      </trkpt>
      <trkpt lat="33.938990000" lon="-111.507440000">
        <ele>1552</ele>
      </trkpt>
      <trkpt lat="33.939150000" lon="-111.507720000">
        <ele>1549</ele>
      </trkpt>
      <trkpt lat="33.939240000" lon="-111.507760000">
        <ele>1549</ele>
      </trkpt>
      <trkpt lat="33.939350000" lon="-111.507750000">
        <ele>1549</ele>
      </trkpt>
      <trkpt lat="33.939490000" lon="-111.507570000">
        <ele>1554</ele>
      </trkpt>
      <trkpt lat="33.939530000" lon="-111.507530000">
        <ele>1556</ele>
      </trkpt>
      <trkpt lat="33.939580000" lon="-111.507520000">
        <ele>1556</ele>
      </trkpt>
      <trkpt lat="33.939660000" lon="-111.507600000">
        <ele>1555</ele>
      </trkpt>
      <trkpt lat="33.939810000" lon="-111.507670000">
        <ele>1556</ele>
      </trkpt>
      <trkpt lat="33.939850000" lon="-111.507790000">
        <ele>1553</ele>
      </trkpt>
      <trkpt lat="33.939850000" lon="-111.507860000">
        <ele>1551</ele>
      </trkpt>
      <trkpt lat="33.939800000" lon="-111.507960000">
        <ele>1549</ele>
      </trkpt>
      <trkpt lat="33.939720000" lon="-111.508040000">
        <ele>1549</ele>
      </trkpt>
      <trkpt lat="33.939640000" lon="-111.508200000">
        <ele>1548</ele>
      </trkpt>
      <trkpt lat="33.939650000" lon="-111.508410000">
        <ele>1544</ele>
      </trkpt>
      <trkpt lat="33.939740000" lon="-111.508440000">
        <ele>1544</ele>
      </trkpt>
      <trkpt lat="33.939900000" lon="-111.508440000">
        <ele>1544</ele>
      </trkpt>
      <trkpt lat="33.940030000" lon="-111.508500000">
        <ele>1540</ele>
      </trkpt>
      <trkpt lat="33.940240000" lon="-111.508820000">
        <ele>1536</ele>
      </trkpt>
      <trkpt lat="33.940280000" lon="-111.508920000">
        <ele>1536</ele>
      </trkpt>
      <trkpt lat="33.940650000" lon="-111.509220000">
        <ele>1539</ele>
      </trkpt>
      <trkpt lat="33.940750000" lon="-111.509270000">
        <ele>1541</ele>
      </trkpt>
      <trkpt lat="33.940990000" lon="-111.509270000">
        <ele>1543</ele>
      </trkpt>
      <trkpt lat="33.941040000" lon="-111.509290000">
        <ele>1544</ele>
      </trkpt>
      <trkpt lat="33.941170000" lon="-111.509370000">
        <ele>1547</ele>
      </trkpt>
      <trkpt lat="33.941240000" lon="-111.509470000">
        <ele>1550</ele>
      </trkpt>
      <trkpt lat="33.941330000" lon="-111.509500000">
        <ele>1552</ele>
      </trkpt>
      <trkpt lat="33.941430000" lon="-111.509470000">
        <ele>1551</ele>
      </trkpt>
      <trkpt lat="33.941670000" lon="-111.509430000">
        <ele>1551</ele>
      </trkpt>
      <trkpt lat="33.941910000" lon="-111.509490000">
        <ele>1555</ele>
      </trkpt>
      <trkpt lat="33.942060000" lon="-111.509470000">
        <ele>1555</ele>
      </trkpt>
      <trkpt lat="33.942270000" lon="-111.509520000">
        <ele>1558</ele>
      </trkpt>
      <trkpt lat="33.942560000" lon="-111.509830000">
        <ele>1563</ele>
      </trkpt>
      <trkpt lat="33.942660000" lon="-111.509890000">
        <ele>1564</ele>
      </trkpt>
      <trkpt lat="33.942710000" lon="-111.509880000">
        <ele>1564</ele>
      </trkpt>
      <trkpt lat="33.942830000" lon="-111.509680000">
        <ele>1562</ele>
      </trkpt>
      <trkpt lat="33.943080000" lon="-111.509460000">
        <ele>1565</ele>
      </trkpt>
      <trkpt lat="33.943180000" lon="-111.509490000">
        <ele>1568</ele>
      </trkpt>
      <trkpt lat="33.943270000" lon="-111.509440000">
        <ele>1568</ele>
      </trkpt>
      <trkpt lat="33.943530000" lon="-111.509390000">
        <ele>1572</ele>
      </trkpt>
      <trkpt lat="33.943860000" lon="-111.509490000">
        <ele>1576</ele>
      </trkpt>
      <trkpt lat="33.944060000" lon="-111.509460000">
        <ele>1578</ele>
      </trkpt>
      <trkpt lat="33.944200000" lon="-111.509300000">
        <ele>1578</ele>
      </trkpt>
      <trkpt lat="33.944300000" lon="-111.509240000">
        <ele>1581</ele>
      </trkpt>
      <trkpt lat="33.944500000" lon="-111.509040000">
        <ele>1585</ele>
      </trkpt>
      <trkpt lat="33.944650000" lon="-111.508960000">
        <ele>1586</ele>
      </trkpt>
      <trkpt lat="33.944790000" lon="-111.508910000">
        <ele>1587</ele>
      </trkpt>
      <trkpt lat="33.944880000" lon="-111.508910000">
        <ele>1589</ele>
      </trkpt>
      <trkpt lat="33.945040000" lon="-111.508840000">
        <ele>1589</ele>
      </trkpt>
      <trkpt lat="33.945380000" lon="-111.508800000">
        <ele>1590</ele>
      </trkpt>
      <trkpt lat="33.945630000" lon="-111.508930000">
        <ele>1593</ele>
      </trkpt>
      <trkpt lat="33.945950000" lon="-111.509240000">
        <ele>1601</ele>
      </trkpt>
      <trkpt lat="33.946010000" lon="-111.509330000">
        <ele>1602</ele>
      </trkpt>
      <trkpt lat="33.946060000" lon="-111.509580000">
        <ele>1607</ele>
      </trkpt>
      <trkpt lat="33.946130000" lon="-111.509750000">
        <ele>1608</ele>
      </trkpt>
      <trkpt lat="33.946180000" lon="-111.509870000">
        <ele>1606</ele>
      </trkpt>
      <trkpt lat="33.946230000" lon="-111.509910000">
        <ele>1604</ele>
      </trkpt>
      <trkpt lat="33.946470000" lon="-111.510390000">
        <ele>1614</ele>
      </trkpt>
      <trkpt lat="33.946610000" lon="-111.510410000">
        <ele>1612</ele>
      </trkpt>
      <trkpt lat="33.946750000" lon="-111.510310000">
        <ele>1610</ele>
      </trkpt>
      <trkpt lat="33.947000000" lon="-111.510240000">
        <ele>1613</ele>
      </trkpt>
      <trkpt lat="33.947180000" lon="-111.510100000">
        <ele>1612</ele>
      </trkpt>
      <trkpt lat="33.947230000" lon="-111.510090000">
        <ele>1612</ele>
      </trkpt>
      <trkpt lat="33.947370000" lon="-111.510130000">
        <ele>1615</ele>
      </trkpt>
      <trkpt lat="33.947420000" lon="-111.510160000">
        <ele>1616</ele>
      </trkpt>
      <trkpt lat="33.947450000" lon="-111.510210000">
        <ele>1618</ele>
      </trkpt>
      <trkpt lat="33.947550000" lon="-111.510490000">
        <ele>1625</ele>
      </trkpt>
      <trkpt lat="33.947700000" lon="-111.510670000">
        <ele>1627</ele>
      </trkpt>
      <trkpt lat="33.947800000" lon="-111.510640000">
        <ele>1625</ele>
      </trkpt>
      <trkpt lat="33.947940000" lon="-111.510550000">
        <ele>1623</ele>
      </trkpt>
      <trkpt lat="33.948000000" lon="-111.510550000">
        <ele>1624</ele>
      </trkpt>
      <trkpt lat="33.948050000" lon="-111.510580000">
        <ele>1625</ele>
      </trkpt>
      <trkpt lat="33.948100000" lon="-111.510760000">
        <ele>1631</ele>
      </trkpt>
      <trkpt lat="33.948170000" lon="-111.510840000">
        <ele>1636</ele>
      </trkpt>
      <trkpt lat="33.948250000" lon="-111.511000000">
        <ele>1641</ele>
      </trkpt>
      <trkpt lat="33.948510000" lon="-111.511020000">
        <ele>1638</ele>
      </trkpt>
      <trkpt lat="33.948660000" lon="-111.511080000">
        <ele>1640</ele>
      </trkpt>
      <trkpt lat="33.948730000" lon="-111.511050000">
        <ele>1641</ele>
      </trkpt>
      <trkpt lat="33.948770000" lon="-111.510870000">
        <ele>1638</ele>
      </trkpt>
      <trkpt lat="33.949030000" lon="-111.510550000">
        <ele>1637</ele>
      </trkpt>
      <trkpt lat="33.949120000" lon="-111.510470000">
        <ele>1640</ele>
      </trkpt>
      <trkpt lat="33.949260000" lon="-111.510410000">
        <ele>1647</ele>
      </trkpt>
      <trkpt lat="33.949550000" lon="-111.510220000">
        <ele>1652</ele>
      </trkpt>
      <trkpt lat="33.949740000" lon="-111.510010000">
        <ele>1651</ele>
      </trkpt>
      <trkpt lat="33.949840000" lon="-111.510000000">
        <ele>1652</ele>
      </trkpt>
      <trkpt lat="33.950000000" lon="-111.510020000">
        <ele>1653</ele>
      </trkpt>
      <trkpt lat="33.950140000" lon="-111.510120000">
        <ele>1655</ele>
      </trkpt>
      <trkpt lat="33.950280000" lon="-111.510170000">
        <ele>1655</ele>
      </trkpt>
      <trkpt lat="33.950380000" lon="-111.510240000">
        <ele>1654</ele>
      </trkpt>
      <trkpt lat="33.950690000" lon="-111.510520000">
        <ele>1658</ele>
      </trkpt>
      <trkpt lat="33.950750000" lon="-111.510620000">
        <ele>1658</ele>
      </trkpt>
      <trkpt lat="33.950890000" lon="-111.511010000">
        <ele>1665</ele>
      </trkpt>
      <trkpt lat="33.951070000" lon="-111.511150000">
        <ele>1662</ele>
      </trkpt>
      <trkpt lat="33.951210000" lon="-111.511220000">
        <ele>1660</ele>
      </trkpt>
      <trkpt lat="33.951470000" lon="-111.511500000">
        <ele>1665</ele>
      </trkpt>
      <trkpt lat="33.951670000" lon="-111.511600000">
        <ele>1665</ele>
      </trkpt>
      <trkpt lat="33.951750000" lon="-111.511660000">
        <ele>1666</ele>
      </trkpt>
      <trkpt lat="33.951780000" lon="-111.511710000">
        <ele>1666</ele>
      </trkpt>
      <trkpt lat="33.951800000" lon="-111.511830000">
        <ele>1667</ele>
      </trkpt>
      <trkpt lat="33.951710000" lon="-111.512110000">
        <ele>1667</ele>
      </trkpt>
      <trkpt lat="33.951690000" lon="-111.512420000">
        <ele>1667</ele>
      </trkpt>
      <trkpt lat="33.951640000" lon="-111.512530000">
        <ele>1667</ele>
      </trkpt>
      <trkpt lat="33.951560000" lon="-111.512820000">
        <ele>1665</ele>
      </trkpt>
      <trkpt lat="33.951510000" lon="-111.513140000">
        <ele>1663</ele>
      </trkpt>
      <trkpt lat="33.951540000" lon="-111.513180000">
        <ele>1662</ele>
      </trkpt>
      <trkpt lat="33.951580000" lon="-111.513190000">
        <ele>1662</ele>
      </trkpt>
      <trkpt lat="33.951700000" lon="-111.513160000">
        <ele>1660</ele>
      </trkpt>
      <trkpt lat="33.951810000" lon="-111.513180000">
        <ele>1660</ele>
      </trkpt>
      <trkpt lat="33.951910000" lon="-111.513160000">
        <ele>1660</ele>
      </trkpt>
      <trkpt lat="33.952180000" lon="-111.513210000">
        <ele>1662</ele>
      </trkpt>
      <trkpt lat="33.952600000" lon="-111.513180000">
        <ele>1664</ele>
      </trkpt>
      <trkpt lat="33.952890000" lon="-111.513220000">
        <ele>1670</ele>
      </trkpt>
      <trkpt lat="33.952990000" lon="-111.513270000">
        <ele>1672</ele>
      </trkpt>
      <trkpt lat="33.953100000" lon="-111.513400000">
        <ele>1676</ele>
      </trkpt>
      <trkpt lat="33.953290000" lon="-111.513480000">
        <ele>1675</ele>
      </trkpt>
      <trkpt lat="33.953320000" lon="-111.513530000">
        <ele>1675</ele>
      </trkpt>
      <trkpt lat="33.953350000" lon="-111.513700000">
        <ele>1675</ele>
      </trkpt>
      <trkpt lat="33.953270000" lon="-111.513940000">
        <ele>1675</ele>
      </trkpt>
      <trkpt lat="33.953260000" lon="-111.514140000">
        <ele>1673</ele>
      </trkpt>
      <trkpt lat="33.953140000" lon="-111.514500000">
        <ele>1673</ele>
      </trkpt>
      <trkpt lat="33.953120000" lon="-111.514630000">
        <ele>1673</ele>
      </trkpt>
      <trkpt lat="33.952970000" lon="-111.514900000">
        <ele>1669</ele>
      </trkpt>
      <trkpt lat="33.952870000" lon="-111.515020000">
        <ele>1669</ele>
      </trkpt>
      <trkpt lat="33.952790000" lon="-111.515270000">
        <ele>1665</ele>
      </trkpt>
      <trkpt lat="33.952810000" lon="-111.515390000">
        <ele>1664</ele>
      </trkpt>
      <trkpt lat="33.952780000" lon="-111.515590000">
        <ele>1664</ele>
      </trkpt>
      <trkpt lat="33.952690000" lon="-111.516010000">
        <ele>1665</ele>
      </trkpt>
      <trkpt lat="33.952700000" lon="-111.516140000">
        <ele>1665</ele>
      </trkpt>
      <trkpt lat="33.952790000" lon="-111.516180000">
        <ele>1666</ele>
      </trkpt>
      <trkpt lat="33.952880000" lon="-111.516180000">
        <ele>1667</ele>
      </trkpt>
      <trkpt lat="33.953200000" lon="-111.516070000">
        <ele>1675</ele>
      </trkpt>
      <trkpt lat="33.953240000" lon="-111.516020000">
        <ele>1673</ele>
      </trkpt>
      <trkpt lat="33.953370000" lon="-111.515970000">
        <ele>1672</ele>
      </trkpt>
      <trkpt lat="33.953560000" lon="-111.516030000">
        <ele>1674</ele>
      </trkpt>
      <trkpt lat="33.953610000" lon="-111.516060000">
        <ele>1676</ele>
      </trkpt>
      <trkpt lat="33.953660000" lon="-111.516150000">
        <ele>1680</ele>
      </trkpt>
      <trkpt lat="33.953990000" lon="-111.516200000">
        <ele>1675</ele>
      </trkpt>
      <trkpt lat="33.954070000" lon="-111.516260000">
        <ele>1675</ele>
      </trkpt>
      <trkpt lat="33.954150000" lon="-111.516350000">
        <ele>1675</ele>
      </trkpt>
      <trkpt lat="33.954200000" lon="-111.516370000">
        <ele>1675</ele>
      </trkpt>
      <trkpt lat="33.954360000" lon="-111.516330000">
        <ele>1675</ele>
      </trkpt>
      <trkpt lat="33.954400000" lon="-111.516290000">
        <ele>1675</ele>
      </trkpt>
      <trkpt lat="33.954450000" lon="-111.516170000">
        <ele>1674</ele>
      </trkpt>
      <trkpt lat="33.954480000" lon="-111.515920000">
        <ele>1673</ele>
      </trkpt>
      <trkpt lat="33.954570000" lon="-111.515710000">
        <ele>1675</ele>
      </trkpt>
      <trkpt lat="33.954640000" lon="-111.515620000">
        <ele>1676</ele>
      </trkpt>
      <trkpt lat="33.954820000" lon="-111.515490000">
        <ele>1678</ele>
      </trkpt>
      <trkpt lat="33.955030000" lon="-111.515080000">
        <ele>1676</ele>
      </trkpt>
      <trkpt lat="33.955100000" lon="-111.514990000">
        <ele>1675</ele>
      </trkpt>
      <trkpt lat="33.955300000" lon="-111.514920000">
        <ele>1678</ele>
      </trkpt>
      <trkpt lat="33.955480000" lon="-111.514830000">
        <ele>1675</ele>
      </trkpt>
      <trkpt lat="33.955560000" lon="-111.514430000">
        <ele>1669</ele>
      </trkpt>
      <trkpt lat="33.955630000" lon="-111.514350000">
        <ele>1672</ele>
      </trkpt>
      <trkpt lat="33.955730000" lon="-111.514330000">
        <ele>1674</ele>
      </trkpt>
      <trkpt lat="33.955820000" lon="-111.514350000">
        <ele>1674</ele>
      </trkpt>
      <trkpt lat="33.955900000" lon="-111.514410000">
        <ele>1675</ele>
      </trkpt>
      <trkpt lat="33.955970000" lon="-111.514500000">
        <ele>1677</ele>
      </trkpt>
      <trkpt lat="33.956110000" lon="-111.514570000">
        <ele>1673</ele>
      </trkpt>
      <trkpt lat="33.956220000" lon="-111.514560000">
        <ele>1666</ele>
      </trkpt>
      <trkpt lat="33.956430000" lon="-111.514500000">
        <ele>1661</ele>
      </trkpt>
      <trkpt lat="33.956580000" lon="-111.514170000">
        <ele>1665</ele>
      </trkpt>
      <trkpt lat="33.956530000" lon="-111.513930000">
        <ele>1661</ele>
      </trkpt>
      <trkpt lat="33.956530000" lon="-111.513860000">
        <ele>1661</ele>
      </trkpt>
      <trkpt lat="33.956580000" lon="-111.513750000">
        <ele>1663</ele>
      </trkpt>
      <trkpt lat="33.956720000" lon="-111.513650000">
        <ele>1663</ele>
      </trkpt>
      <trkpt lat="33.957020000" lon="-111.513650000">
        <ele>1664</ele>
      </trkpt>
      <trkpt lat="33.957150000" lon="-111.513540000">
        <ele>1661</ele>
      </trkpt>
      <trkpt lat="33.957180000" lon="-111.513490000">
        <ele>1661</ele>
      </trkpt>
      <trkpt lat="33.957140000" lon="-111.513250000">
        <ele>1659</ele>
      </trkpt>
      <trkpt lat="33.957150000" lon="-111.512940000">
        <ele>1663</ele>
      </trkpt>
      <trkpt lat="33.957050000" lon="-111.512610000">
        <ele>1663</ele>
      </trkpt>
      <trkpt lat="33.957050000" lon="-111.512490000">
        <ele>1661</ele>
      </trkpt>
      <trkpt lat="33.957120000" lon="-111.512320000">
        <ele>1661</ele>
      </trkpt>
      <trkpt lat="33.957190000" lon="-111.512240000">
        <ele>1661</ele>
      </trkpt>
      <trkpt lat="33.957340000" lon="-111.512210000">
        <ele>1663</ele>
      </trkpt>
      <trkpt lat="33.957430000" lon="-111.512260000">
        <ele>1663</ele>
      </trkpt>
      <trkpt lat="33.957500000" lon="-111.512340000">
        <ele>1664</ele>
      </trkpt>
      <trkpt lat="33.957700000" lon="-111.512430000">
        <ele>1664</ele>
      </trkpt>
      <trkpt lat="33.957750000" lon="-111.512450000">
        <ele>1664</ele>
      </trkpt>
      <trkpt lat="33.957850000" lon="-111.512410000">
        <ele>1662</ele>
      </trkpt>
      <trkpt lat="33.958070000" lon="-111.512130000">
        <ele>1656</ele>
      </trkpt>
      <trkpt lat="33.958130000" lon="-111.512010000">
        <ele>1654</ele>
      </trkpt>
      <trkpt lat="33.958190000" lon="-111.511840000">
        <ele>1654</ele>
      </trkpt>
      <trkpt lat="33.958190000" lon="-111.511700000">
        <ele>1653</ele>
      </trkpt>
      <trkpt lat="33.958230000" lon="-111.511460000">
        <ele>1649</ele>
      </trkpt>
      <trkpt lat="33.958300000" lon="-111.511300000">
        <ele>1648</ele>
      </trkpt>
      <trkpt lat="33.958380000" lon="-111.511230000">
        <ele>1649</ele>
      </trkpt>
      <trkpt lat="33.958440000" lon="-111.511220000">
        <ele>1649</ele>
      </trkpt>
      <trkpt lat="33.958600000" lon="-111.511240000">
        <ele>1647</ele>
      </trkpt>
      <trkpt lat="33.958640000" lon="-111.511290000">
        <ele>1647</ele>
      </trkpt>
      <trkpt lat="33.958740000" lon="-111.511490000">
        <ele>1645</ele>
      </trkpt>
      <trkpt lat="33.958910000" lon="-111.511630000">
        <ele>1642</ele>
      </trkpt>
      <trkpt lat="33.958960000" lon="-111.511810000">
        <ele>1645</ele>
      </trkpt>
      <trkpt lat="33.959060000" lon="-111.511810000">
        <ele>1642</ele>
      </trkpt>
      <trkpt lat="33.959110000" lon="-111.511770000">
        <ele>1640</ele>
      </trkpt>
      <trkpt lat="33.959250000" lon="-111.511740000">
        <ele>1637</ele>
      </trkpt>
      <trkpt lat="33.959310000" lon="-111.511740000">
        <ele>1636</ele>
      </trkpt>
      <trkpt lat="33.959360000" lon="-111.511780000">
        <ele>1637</ele>
      </trkpt>
      <trkpt lat="33.959450000" lon="-111.511770000">
        <ele>1637</ele>
      </trkpt>
      <trkpt lat="33.959490000" lon="-111.511730000">
        <ele>1636</ele>
      </trkpt>
      <trkpt lat="33.959490000" lon="-111.511670000">
        <ele>1634</ele>
      </trkpt>
      <trkpt lat="33.959470000" lon="-111.511610000">
        <ele>1632</ele>
      </trkpt>
      <trkpt lat="33.959440000" lon="-111.511370000">
        <ele>1627</ele>
      </trkpt>
      <trkpt lat="33.959430000" lon="-111.510990000">
        <ele>1622</ele>
      </trkpt>
      <trkpt lat="33.959360000" lon="-111.510830000">
        <ele>1622</ele>
      </trkpt>
      <trkpt lat="33.959370000" lon="-111.510520000">
        <ele>1623</ele>
      </trkpt>
      <trkpt lat="33.959300000" lon="-111.510360000">
        <ele>1620</ele>
      </trkpt>
      <trkpt lat="33.959190000" lon="-111.510210000">
        <ele>1619</ele>
      </trkpt>
      <trkpt lat="33.959160000" lon="-111.510030000">
        <ele>1622</ele>
      </trkpt>
      <trkpt lat="33.959240000" lon="-111.509800000">
        <ele>1623</ele>
      </trkpt>
      <trkpt lat="33.959320000" lon="-111.509730000">
        <ele>1623</ele>
      </trkpt>
      <trkpt lat="33.959530000" lon="-111.509700000">
        <ele>1624</ele>
      </trkpt>
      <trkpt lat="33.959630000" lon="-111.509710000">
        <ele>1623</ele>
      </trkpt>
      <trkpt lat="33.959670000" lon="-111.509730000">
        <ele>1623</ele>
      </trkpt>
      <trkpt lat="33.959770000" lon="-111.509880000">
        <ele>1621</ele>
      </trkpt>
      <trkpt lat="33.959850000" lon="-111.510280000">
        <ele>1617</ele>
      </trkpt>
      <trkpt lat="33.959830000" lon="-111.510520000">
        <ele>1619</ele>
      </trkpt>
      <trkpt lat="33.959990000" lon="-111.511290000">
        <ele>1615</ele>
      </trkpt>
      <trkpt lat="33.960100000" lon="-111.511580000">
        <ele>1613</ele>
      </trkpt>
      <trkpt lat="33.960190000" lon="-111.511740000">
        <ele>1609</ele>
      </trkpt>
      <trkpt lat="33.960400000" lon="-111.512350000">
        <ele>1608</ele>
      </trkpt>
      <trkpt lat="33.960550000" lon="-111.511510000">
        <ele>1615</ele>
      </trkpt>
      <trkpt lat="33.960650000" lon="-111.511300000">
        <ele>1617</ele>
      </trkpt>
      <trkpt lat="33.960720000" lon="-111.511040000">
        <ele>1620</ele>
      </trkpt>
      <trkpt lat="33.960870000" lon="-111.510860000">
        <ele>1620</ele>
      </trkpt>
      <trkpt lat="33.961050000" lon="-111.510780000">
        <ele>1622</ele>
      </trkpt>
      <trkpt lat="33.961160000" lon="-111.510780000">
        <ele>1623</ele>
      </trkpt>
      <trkpt lat="33.961410000" lon="-111.510850000">
        <ele>1617</ele>
      </trkpt>
      <trkpt lat="33.961630000" lon="-111.511010000">
        <ele>1623</ele>
      </trkpt>
      <trkpt lat="33.961780000" lon="-111.511060000">
        <ele>1623</ele>
      </trkpt>
      <trkpt lat="33.961930000" lon="-111.511140000">
        <ele>1625</ele>
      </trkpt>
      <trkpt lat="33.961740000" lon="-111.510500000">
        <ele>1615</ele>
      </trkpt>
      <trkpt lat="33.961780000" lon="-111.510370000">
        <ele>1618</ele>
      </trkpt>
      <trkpt lat="33.961920000" lon="-111.510110000">
        <ele>1621</ele>
      </trkpt>
      <trkpt lat="33.962000000" lon="-111.509830000">
        <ele>1618</ele>
      </trkpt>
      <trkpt lat="33.962040000" lon="-111.509800000">
        <ele>1619</ele>
      </trkpt>
      <trkpt lat="33.962200000" lon="-111.509780000">
        <ele>1621</ele>
      </trkpt>
      <trkpt lat="33.962390000" lon="-111.509800000">
        <ele>1619</ele>
      </trkpt>
      <trkpt lat="33.962440000" lon="-111.509760000">
        <ele>1619</ele>
      </trkpt>
      <trkpt lat="33.962450000" lon="-111.509700000">
        <ele>1619</ele>
      </trkpt>
      <trkpt lat="33.962350000" lon="-111.509550000">
        <ele>1614</ele>
      </trkpt>
      <trkpt lat="33.962300000" lon="-111.509430000">
        <ele>1610</ele>
      </trkpt>
      <trkpt lat="33.962350000" lon="-111.509240000">
        <ele>1612</ele>
      </trkpt>
      <trkpt lat="33.962430000" lon="-111.509180000">
        <ele>1612</ele>
      </trkpt>
      <trkpt lat="33.962540000" lon="-111.509150000">
        <ele>1612</ele>
      </trkpt>
      <trkpt lat="33.962690000" lon="-111.509150000">
        <ele>1612</ele>
      </trkpt>
      <trkpt lat="33.962780000" lon="-111.509070000">
        <ele>1611</ele>
      </trkpt>
      <trkpt lat="33.962780000" lon="-111.508800000">
        <ele>1610</ele>
      </trkpt>
      <trkpt lat="33.962850000" lon="-111.508620000">
        <ele>1610</ele>
      </trkpt>
      <trkpt lat="33.962950000" lon="-111.508500000">
        <ele>1610</ele>
      </trkpt>
      <trkpt lat="33.963300000" lon="-111.508340000">
        <ele>1607</ele>
      </trkpt>
      <trkpt lat="33.963370000" lon="-111.508070000">
        <ele>1603</ele>
      </trkpt>
      <trkpt lat="33.963570000" lon="-111.507700000">
        <ele>1608</ele>
      </trkpt>
      <trkpt lat="33.963690000" lon="-111.507390000">
        <ele>1610</ele>
      </trkpt>
      <trkpt lat="33.963750000" lon="-111.507290000">
        <ele>1611</ele>
      </trkpt>
      <trkpt lat="33.963910000" lon="-111.507160000">
        <ele>1613</ele>
      </trkpt>
      <trkpt lat="33.963920000" lon="-111.507100000">
        <ele>1613</ele>
      </trkpt>
      <trkpt lat="33.963800000" lon="-111.506880000">
        <ele>1612</ele>
      </trkpt>
      <trkpt lat="33.963750000" lon="-111.506840000">
        <ele>1612</ele>
      </trkpt>
      <trkpt lat="33.963600000" lon="-111.506810000">
        <ele>1613</ele>
      </trkpt>
      <trkpt lat="33.963520000" lon="-111.506730000">
        <ele>1615</ele>
      </trkpt>
      <trkpt lat="33.963440000" lon="-111.506230000">
        <ele>1617</ele>
      </trkpt>
      <trkpt lat="33.963350000" lon="-111.505970000">
        <ele>1621</ele>
      </trkpt>
      <trkpt lat="33.963360000" lon="-111.505910000">
        <ele>1622</ele>
      </trkpt>
      <trkpt lat="33.963500000" lon="-111.505730000">
        <ele>1620</ele>
      </trkpt>
      <trkpt lat="33.963430000" lon="-111.505510000">
        <ele>1628</ele>
      </trkpt>
      <trkpt lat="33.963470000" lon="-111.505210000">
        <ele>1629</ele>
      </trkpt>
      <trkpt lat="33.963340000" lon="-111.504740000">
        <ele>1629</ele>
      </trkpt>
      <trkpt lat="33.963380000" lon="-111.504610000">
        <ele>1626</ele>
      </trkpt>
      <trkpt lat="33.963490000" lon="-111.504460000">
        <ele>1625</ele>
      </trkpt>
      <trkpt lat="33.963510000" lon="-111.504340000">
        <ele>1626</ele>
      </trkpt>
      <trkpt lat="33.963470000" lon="-111.504310000">
        <ele>1626</ele>
      </trkpt>
      <trkpt lat="33.963420000" lon="-111.504300000">
        <ele>1625</ele>
      </trkpt>
      <trkpt lat="33.963230000" lon="-111.504370000">
        <ele>1622</ele>
      </trkpt>
      <trkpt lat="33.963190000" lon="-111.504350000">
        <ele>1621</ele>
      </trkpt>
      <trkpt lat="33.963140000" lon="-111.504360000">
        <ele>1620</ele>
      </trkpt>
      <trkpt lat="33.963100000" lon="-111.504400000">
        <ele>1620</ele>
      </trkpt>
      <trkpt lat="33.962850000" lon="-111.504450000">
        <ele>1618</ele>
      </trkpt>
      <trkpt lat="33.962690000" lon="-111.504570000">
        <ele>1617</ele>
      </trkpt>
      <trkpt lat="33.962680000" lon="-111.504630000">
        <ele>1617</ele>
      </trkpt>
      <trkpt lat="33.962650000" lon="-111.504670000">
        <ele>1617</ele>
      </trkpt>
      <trkpt lat="33.962480000" lon="-111.504790000">
        <ele>1613</ele>
      </trkpt>
      <trkpt lat="33.962430000" lon="-111.504890000">
        <ele>1608</ele>
      </trkpt>
      <trkpt lat="33.962540000" lon="-111.505030000">
        <ele>1608</ele>
      </trkpt>
      <trkpt lat="33.962580000" lon="-111.505010000">
        <ele>1611</ele>
      </trkpt>
      <trkpt lat="33.962620000" lon="-111.505030000">
        <ele>1612</ele>
      </trkpt>
      <trkpt lat="33.962680000" lon="-111.505120000">
        <ele>1615</ele>
      </trkpt>
      <trkpt lat="33.962700000" lon="-111.505240000">
        <ele>1615</ele>
      </trkpt>
      <trkpt lat="33.962690000" lon="-111.505490000">
        <ele>1615</ele>
      </trkpt>
      <trkpt lat="33.962620000" lon="-111.505650000">
        <ele>1616</ele>
      </trkpt>
      <trkpt lat="33.962620000" lon="-111.505710000">
        <ele>1618</ele>
      </trkpt>
      <trkpt lat="33.962500000" lon="-111.505800000">
        <ele>1620</ele>
      </trkpt>
      <trkpt lat="33.962400000" lon="-111.505780000">
        <ele>1617</ele>
      </trkpt>
      <trkpt lat="33.962260000" lon="-111.505830000">
        <ele>1617</ele>
      </trkpt>
      <trkpt lat="33.962160000" lon="-111.505820000">
        <ele>1615</ele>
      </trkpt>
      <trkpt lat="33.962030000" lon="-111.505970000">
        <ele>1615</ele>
      </trkpt>
      <trkpt lat="33.961980000" lon="-111.505980000">
        <ele>1614</ele>
      </trkpt>
      <trkpt lat="33.961980000" lon="-111.506050000">
        <ele>1614</ele>
      </trkpt>
      <trkpt lat="33.961940000" lon="-111.506080000">
        <ele>1613</ele>
      </trkpt>
      <trkpt lat="33.961950000" lon="-111.506140000">
        <ele>1613</ele>
      </trkpt>
      <trkpt lat="33.961920000" lon="-111.506250000">
        <ele>1612</ele>
      </trkpt>
      <trkpt lat="33.961930000" lon="-111.506380000">
        <ele>1616</ele>
      </trkpt>
      <trkpt lat="33.961870000" lon="-111.506530000">
        <ele>1619</ele>
      </trkpt>
      <trkpt lat="33.961860000" lon="-111.506700000">
        <ele>1620</ele>
      </trkpt>
      <trkpt lat="33.961790000" lon="-111.506860000">
        <ele>1621</ele>
      </trkpt>
      <trkpt lat="33.961760000" lon="-111.507020000">
        <ele>1627</ele>
      </trkpt>
      <trkpt lat="33.961650000" lon="-111.507040000">
        <ele>1627</ele>
      </trkpt>
      <trkpt lat="33.961450000" lon="-111.507020000">
        <ele>1626</ele>
      </trkpt>
      <trkpt lat="33.961370000" lon="-111.507070000">
        <ele>1627</ele>
      </trkpt>
      <trkpt lat="33.961220000" lon="-111.507110000">
        <ele>1623</ele>
      </trkpt>
      <trkpt lat="33.961230000" lon="-111.507180000">
        <ele>1623</ele>
      </trkpt>
      <trkpt lat="33.961430000" lon="-111.507250000">
        <ele>1629</ele>
      </trkpt>
      <trkpt lat="33.961450000" lon="-111.507300000">
        <ele>1630</ele>
      </trkpt>
      <trkpt lat="33.961500000" lon="-111.507330000">
        <ele>1631</ele>
      </trkpt>
      <trkpt lat="33.961690000" lon="-111.507320000">
        <ele>1634</ele>
      </trkpt>
      <trkpt lat="33.961830000" lon="-111.507360000">
        <ele>1634</ele>
      </trkpt>
      <trkpt lat="33.961860000" lon="-111.507400000">
        <ele>1634</ele>
      </trkpt>
      <trkpt lat="33.961890000" lon="-111.507350000">
        <ele>1634</ele>
      </trkpt>
      <trkpt lat="33.961930000" lon="-111.507380000">
        <ele>1634</ele>
      </trkpt>
      <trkpt lat="33.961950000" lon="-111.507430000">
        <ele>1634</ele>
      </trkpt>
      <trkpt lat="33.961930000" lon="-111.507480000">
        <ele>1634</ele>
      </trkpt>
      <trkpt lat="33.961980000" lon="-111.507570000">
        <ele>1633</ele>
      </trkpt>
      <trkpt lat="33.962100000" lon="-111.507640000">
        <ele>1630</ele>
      </trkpt>
      <trkpt lat="33.962150000" lon="-111.507600000">
        <ele>1630</ele>
      </trkpt>
      <trkpt lat="33.962340000" lon="-111.507560000">
        <ele>1631</ele>
      </trkpt>
      <trkpt lat="33.962590000" lon="-111.507570000">
        <ele>1628</ele>
      </trkpt>
      <trkpt lat="33.962650000" lon="-111.507460000">
        <ele>1630</ele>
      </trkpt>
      <trkpt lat="33.962780000" lon="-111.507390000">
        <ele>1628</ele>
      </trkpt>
      <trkpt lat="33.962810000" lon="-111.507340000">
        <ele>1627</ele>
      </trkpt>
      <trkpt lat="33.962850000" lon="-111.507330000">
        <ele>1626</ele>
      </trkpt>
      <trkpt lat="33.962930000" lon="-111.507240000">
        <ele>1624</ele>
      </trkpt>
      <trkpt lat="33.962980000" lon="-111.507230000">
        <ele>1623</ele>
      </trkpt>
      <trkpt lat="33.963050000" lon="-111.507140000">
        <ele>1621</ele>
      </trkpt>
      <trkpt lat="33.963190000" lon="-111.506890000">
        <ele>1621</ele>
      </trkpt>
      <trkpt lat="33.963320000" lon="-111.506790000">
        <ele>1619</ele>
      </trkpt>
      <trkpt lat="33.963520000" lon="-111.506770000">
        <ele>1615</ele>
      </trkpt>
      <trkpt lat="33.963670000" lon="-111.506800000">
        <ele>1613</ele>
      </trkpt>
      <trkpt lat="33.963810000" lon="-111.506860000">
        <ele>1612</ele>
      </trkpt>
      <trkpt lat="33.963900000" lon="-111.506930000">
        <ele>1613</ele>
      </trkpt>
      <trkpt lat="33.963950000" lon="-111.507120000">
        <ele>1613</ele>
      </trkpt>
      <trkpt lat="33.963880000" lon="-111.507230000">
        <ele>1612</ele>
      </trkpt>
      <trkpt lat="33.963740000" lon="-111.507300000">
        <ele>1611</ele>
      </trkpt>
      <trkpt lat="33.963710000" lon="-111.507340000">
        <ele>1610</ele>
      </trkpt>
      <trkpt lat="33.963570000" lon="-111.507680000">
        <ele>1608</ele>
      </trkpt>
      <trkpt lat="33.963360000" lon="-111.508100000">
        <ele>1603</ele>
      </trkpt>
      <trkpt lat="33.963340000" lon="-111.508220000">
        <ele>1604</ele>
      </trkpt>
      <trkpt lat="33.963480000" lon="-111.508130000">
        <ele>1602</ele>
      </trkpt>
      <trkpt lat="33.963730000" lon="-111.508080000">
        <ele>1602</ele>
      </trkpt>
      <trkpt lat="33.963840000" lon="-111.508090000">
        <ele>1600</ele>
      </trkpt>
      <trkpt lat="33.964140000" lon="-111.508070000">
        <ele>1594</ele>
      </trkpt>
      <trkpt lat="33.964180000" lon="-111.508120000">
        <ele>1592</ele>
      </trkpt>
      <trkpt lat="33.964170000" lon="-111.508190000">
        <ele>1592</ele>
      </trkpt>
      <trkpt lat="33.964120000" lon="-111.508280000">
        <ele>1593</ele>
      </trkpt>
      <trkpt lat="33.964170000" lon="-111.508310000">
        <ele>1593</ele>
      </trkpt>
      <trkpt lat="33.964240000" lon="-111.508400000">
        <ele>1593</ele>
      </trkpt>
      <trkpt lat="33.964290000" lon="-111.508380000">
        <ele>1593</ele>
      </trkpt>
      <trkpt lat="33.964380000" lon="-111.508230000">
        <ele>1590</ele>
      </trkpt>
      <trkpt lat="33.964430000" lon="-111.508240000">
        <ele>1591</ele>
      </trkpt>
      <trkpt lat="33.964480000" lon="-111.508210000">
        <ele>1590</ele>
      </trkpt>
      <trkpt lat="33.964500000" lon="-111.508160000">
        <ele>1589</ele>
      </trkpt>
      <trkpt lat="33.964660000" lon="-111.508020000">
        <ele>1586</ele>
      </trkpt>
      <trkpt lat="33.964770000" lon="-111.508030000">
        <ele>1589</ele>
      </trkpt>
      <trkpt lat="33.964860000" lon="-111.507960000">
        <ele>1590</ele>
      </trkpt>
      <trkpt lat="33.964960000" lon="-111.507600000">
        <ele>1587</ele>
      </trkpt>
      <trkpt lat="33.965110000" lon="-111.507250000">
        <ele>1588</ele>
      </trkpt>
      <trkpt lat="33.965400000" lon="-111.507030000">
        <ele>1592</ele>
      </trkpt>
      <trkpt lat="33.965440000" lon="-111.507040000">
        <ele>1594</ele>
      </trkpt>
      <trkpt lat="33.965550000" lon="-111.506790000">
        <ele>1588</ele>
      </trkpt>
      <trkpt lat="33.965590000" lon="-111.506750000">
        <ele>1588</ele>
      </trkpt>
      <trkpt lat="33.965690000" lon="-111.506740000">
        <ele>1590</ele>
      </trkpt>
      <trkpt lat="33.965740000" lon="-111.506700000">
        <ele>1590</ele>
      </trkpt>
      <trkpt lat="33.965820000" lon="-111.506530000">
        <ele>1590</ele>
      </trkpt>
      <trkpt lat="33.965860000" lon="-111.506490000">
        <ele>1590</ele>
      </trkpt>
      <trkpt lat="33.966080000" lon="-111.506430000">
        <ele>1597</ele>
      </trkpt>
      <trkpt lat="33.966250000" lon="-111.506280000">
        <ele>1589</ele>
      </trkpt>
      <trkpt lat="33.966290000" lon="-111.506290000">
        <ele>1591</ele>
      </trkpt>
      <trkpt lat="33.966510000" lon="-111.506280000">
        <ele>1592</ele>
      </trkpt>
      <trkpt lat="33.966570000" lon="-111.506220000">
        <ele>1588</ele>
      </trkpt>
      <trkpt lat="33.966720000" lon="-111.506200000">
        <ele>1589</ele>
      </trkpt>
      <trkpt lat="33.966960000" lon="-111.505930000">
        <ele>1585</ele>
      </trkpt>
      <trkpt lat="33.967010000" lon="-111.505900000">
        <ele>1585</ele>
      </trkpt>
      <trkpt lat="33.967110000" lon="-111.505910000">
        <ele>1588</ele>
      </trkpt>
      <trkpt lat="33.967270000" lon="-111.505750000">
        <ele>1585</ele>
      </trkpt>
      <trkpt lat="33.967270000" lon="-111.505690000">
        <ele>1584</ele>
      </trkpt>
      <trkpt lat="33.967470000" lon="-111.505380000">
        <ele>1585</ele>
      </trkpt>
      <trkpt lat="33.967580000" lon="-111.505380000">
        <ele>1586</ele>
      </trkpt>
      <trkpt lat="33.967630000" lon="-111.505360000">
        <ele>1585</ele>
      </trkpt>
      <trkpt lat="33.967720000" lon="-111.505400000">
        <ele>1583</ele>
      </trkpt>
      <trkpt lat="33.967800000" lon="-111.505480000">
        <ele>1578</ele>
      </trkpt>
      <trkpt lat="33.967960000" lon="-111.505490000">
        <ele>1573</ele>
      </trkpt>
      <trkpt lat="33.968180000" lon="-111.505300000">
        <ele>1568</ele>
      </trkpt>
      <trkpt lat="33.968220000" lon="-111.505330000">
        <ele>1565</ele>
      </trkpt>
      <trkpt lat="33.968220000" lon="-111.505400000">
        <ele>1564</ele>
      </trkpt>
      <trkpt lat="33.968140000" lon="-111.505630000">
        <ele>1561</ele>
      </trkpt>
      <trkpt lat="33.967970000" lon="-111.505750000">
        <ele>1562</ele>
      </trkpt>
      <trkpt lat="33.968110000" lon="-111.505980000">
        <ele>1547</ele>
      </trkpt>
      <trkpt lat="33.968290000" lon="-111.506070000">
        <ele>1539</ele>
      </trkpt>
      <trkpt lat="33.968440000" lon="-111.506110000">
        <ele>1535</ele>
      </trkpt>
      <trkpt lat="33.968480000" lon="-111.506150000">
        <ele>1533</ele>
      </trkpt>
      <trkpt lat="33.968480000" lon="-111.506220000">
        <ele>1532</ele>
      </trkpt>
      <trkpt lat="33.968360000" lon="-111.506360000">
        <ele>1538</ele>
      </trkpt>
      <trkpt lat="33.968350000" lon="-111.506420000">
        <ele>1537</ele>
      </trkpt>
      <trkpt lat="33.968430000" lon="-111.506490000">
        <ele>1534</ele>
      </trkpt>
      <trkpt lat="33.968490000" lon="-111.506670000">
        <ele>1531</ele>
      </trkpt>
      <trkpt lat="33.968580000" lon="-111.506710000">
        <ele>1526</ele>
      </trkpt>
      <trkpt lat="33.968610000" lon="-111.506770000">
        <ele>1524</ele>
      </trkpt>
      <trkpt lat="33.968620000" lon="-111.506830000">
        <ele>1523</ele>
      </trkpt>
      <trkpt lat="33.968510000" lon="-111.506830000">
        <ele>1528</ele>
      </trkpt>
      <trkpt lat="33.968500000" lon="-111.507010000">
        <ele>1524</ele>
      </trkpt>
      <trkpt lat="33.968540000" lon="-111.506990000">
        <ele>1523</ele>
      </trkpt>
      <trkpt lat="33.968610000" lon="-111.507100000">
        <ele>1517</ele>
      </trkpt>
      <trkpt lat="33.968700000" lon="-111.507140000">
        <ele>1512</ele>
      </trkpt>
      <trkpt lat="33.968600000" lon="-111.507180000">
        <ele>1515</ele>
      </trkpt>
      <trkpt lat="33.968590000" lon="-111.507240000">
        <ele>1514</ele>
      </trkpt>
      <trkpt lat="33.968660000" lon="-111.507310000">
        <ele>1510</ele>
      </trkpt>
      <trkpt lat="33.968680000" lon="-111.507380000">
        <ele>1509</ele>
      </trkpt>
      <trkpt lat="33.968710000" lon="-111.507490000">
        <ele>1509</ele>
      </trkpt>
      <trkpt lat="33.968720000" lon="-111.507800000">
        <ele>1506</ele>
      </trkpt>
      <trkpt lat="33.968760000" lon="-111.507910000">
        <ele>1503</ele>
      </trkpt>
      <trkpt lat="33.968820000" lon="-111.508000000">
        <ele>1500</ele>
      </trkpt>
      <trkpt lat="33.968860000" lon="-111.508020000">
        <ele>1499</ele>
      </trkpt>
      <trkpt lat="33.968950000" lon="-111.508020000">
        <ele>1497</ele>
      </trkpt>
      <trkpt lat="33.969050000" lon="-111.508070000">
        <ele>1496</ele>
      </trkpt>
      <trkpt lat="33.969210000" lon="-111.508080000">
        <ele>1497</ele>
      </trkpt>
      <trkpt lat="33.969310000" lon="-111.508140000">
        <ele>1497</ele>
      </trkpt>
      <trkpt lat="33.969410000" lon="-111.508160000">
        <ele>1497</ele>
      </trkpt>
      <trkpt lat="33.969460000" lon="-111.508190000">
        <ele>1496</ele>
      </trkpt>
      <trkpt lat="33.969620000" lon="-111.508240000">
        <ele>1496</ele>
      </trkpt>
      <trkpt lat="33.969790000" lon="-111.508370000">
        <ele>1496</ele>
      </trkpt>
      <trkpt lat="33.969820000" lon="-111.508420000">
        <ele>1496</ele>
      </trkpt>
      <trkpt lat="33.969910000" lon="-111.508460000">
        <ele>1496</ele>
      </trkpt>
      <trkpt lat="33.970000000" lon="-111.508530000">
        <ele>1496</ele>
      </trkpt>
      <trkpt lat="33.970100000" lon="-111.508740000">
        <ele>1496</ele>
      </trkpt>
      <trkpt lat="33.970230000" lon="-111.508830000">
        <ele>1497</ele>
      </trkpt>
      <trkpt lat="33.970360000" lon="-111.509180000">
        <ele>1503</ele>
      </trkpt>
      <trkpt lat="33.970360000" lon="-111.509310000">
        <ele>1506</ele>
      </trkpt>
      <trkpt lat="33.970430000" lon="-111.509870000">
        <ele>1504</ele>
      </trkpt>
      <trkpt lat="33.970470000" lon="-111.509930000">
        <ele>1502</ele>
      </trkpt>
      <trkpt lat="33.970500000" lon="-111.510030000">
        <ele>1502</ele>
      </trkpt>
      <trkpt lat="33.970420000" lon="-111.510580000">
        <ele>1515</ele>
      </trkpt>
      <trkpt lat="33.970460000" lon="-111.510690000">
        <ele>1516</ele>
      </trkpt>
      <trkpt lat="33.970490000" lon="-111.510940000">
        <ele>1515</ele>
      </trkpt>
      <trkpt lat="33.970440000" lon="-111.511050000">
        <ele>1514</ele>
      </trkpt>
      <trkpt lat="33.970390000" lon="-111.511410000">
        <ele>1513</ele>
      </trkpt>
      <trkpt lat="33.970340000" lon="-111.511580000">
        <ele>1515</ele>
      </trkpt>
      <trkpt lat="33.970360000" lon="-111.511870000">
        <ele>1514</ele>
      </trkpt>
      <trkpt lat="33.970430000" lon="-111.512030000">
        <ele>1514</ele>
      </trkpt>
      <trkpt lat="33.970480000" lon="-111.512050000">
        <ele>1513</ele>
      </trkpt>
      <trkpt lat="33.970560000" lon="-111.512120000">
        <ele>1513</ele>
      </trkpt>
      <trkpt lat="33.970700000" lon="-111.512160000">
        <ele>1513</ele>
      </trkpt>
      <trkpt lat="33.970760000" lon="-111.512260000">
        <ele>1515</ele>
      </trkpt>
      <trkpt lat="33.970790000" lon="-111.512380000">
        <ele>1518</ele>
      </trkpt>
      <trkpt lat="33.970810000" lon="-111.512880000">
        <ele>1523</ele>
      </trkpt>
      <trkpt lat="33.970860000" lon="-111.512900000">
        <ele>1522</ele>
      </trkpt>
      <trkpt lat="33.970830000" lon="-111.513070000">
        <ele>1523</ele>
      </trkpt>
      <trkpt lat="33.970690000" lon="-111.513310000">
        <ele>1524</ele>
      </trkpt>
      <trkpt lat="33.970670000" lon="-111.513430000">
        <ele>1524</ele>
      </trkpt>
      <trkpt lat="33.970540000" lon="-111.513610000">
        <ele>1524</ele>
      </trkpt>
      <trkpt lat="33.970490000" lon="-111.513730000">
        <ele>1524</ele>
      </trkpt>
      <trkpt lat="33.970440000" lon="-111.513890000">
        <ele>1528</ele>
      </trkpt>
      <trkpt lat="33.970420000" lon="-111.514060000">
        <ele>1532</ele>
      </trkpt>
      <trkpt lat="33.970470000" lon="-111.514070000">
        <ele>1532</ele>
      </trkpt>
      <trkpt lat="33.970430000" lon="-111.514090000">
        <ele>1532</ele>
      </trkpt>
      <trkpt lat="33.970430000" lon="-111.514150000">
        <ele>1533</ele>
      </trkpt>
      <trkpt lat="33.970360000" lon="-111.514240000">
        <ele>1535</ele>
      </trkpt>
      <trkpt lat="33.970400000" lon="-111.514260000">
        <ele>1534</ele>
      </trkpt>
      <trkpt lat="33.970420000" lon="-111.514310000">
        <ele>1535</ele>
      </trkpt>
      <trkpt lat="33.970430000" lon="-111.514370000">
        <ele>1535</ele>
      </trkpt>
      <trkpt lat="33.970390000" lon="-111.514550000">
        <ele>1535</ele>
      </trkpt>
      <trkpt lat="33.970480000" lon="-111.514690000">
        <ele>1535</ele>
      </trkpt>
      <trkpt lat="33.970510000" lon="-111.514800000">
        <ele>1535</ele>
      </trkpt>
      <trkpt lat="33.970500000" lon="-111.514920000">
        <ele>1535</ele>
      </trkpt>
      <trkpt lat="33.970450000" lon="-111.515020000">
        <ele>1537</ele>
      </trkpt>
      <trkpt lat="33.970400000" lon="-111.515010000">
        <ele>1538</ele>
      </trkpt>
      <trkpt lat="33.970370000" lon="-111.515060000">
        <ele>1540</ele>
      </trkpt>
      <trkpt lat="33.970430000" lon="-111.515230000">
        <ele>1539</ele>
      </trkpt>
      <trkpt lat="33.970410000" lon="-111.515290000">
        <ele>1540</ele>
      </trkpt>
      <trkpt lat="33.970470000" lon="-111.515450000">
        <ele>1542</ele>
      </trkpt>
      <trkpt lat="33.970490000" lon="-111.515740000">
        <ele>1548</ele>
      </trkpt>
      <trkpt lat="33.970450000" lon="-111.515910000">
        <ele>1549</ele>
      </trkpt>
      <trkpt lat="33.970440000" lon="-111.516140000">
        <ele>1548</ele>
      </trkpt>
      <trkpt lat="33.970400000" lon="-111.516250000">
        <ele>1549</ele>
      </trkpt>
      <trkpt lat="33.970390000" lon="-111.516420000">
        <ele>1548</ele>
      </trkpt>
      <trkpt lat="33.970340000" lon="-111.516580000">
        <ele>1548</ele>
      </trkpt>
      <trkpt lat="33.970290000" lon="-111.516680000">
        <ele>1549</ele>
      </trkpt>
      <trkpt lat="33.970290000" lon="-111.516860000">
        <ele>1551</ele>
      </trkpt>
      <trkpt lat="33.970220000" lon="-111.517010000">
        <ele>1554</ele>
      </trkpt>
      <trkpt lat="33.970230000" lon="-111.517070000">
        <ele>1554</ele>
      </trkpt>
      <trkpt lat="33.970290000" lon="-111.517160000">
        <ele>1554</ele>
      </trkpt>
      <trkpt lat="33.970360000" lon="-111.517400000">
        <ele>1556</ele>
      </trkpt>
      <trkpt lat="33.970390000" lon="-111.517440000">
        <ele>1556</ele>
      </trkpt>
      <trkpt lat="33.970400000" lon="-111.517500000">
        <ele>1557</ele>
      </trkpt>
      <trkpt lat="33.970360000" lon="-111.517540000">
        <ele>1558</ele>
      </trkpt>
      <trkpt lat="33.970360000" lon="-111.517980000">
        <ele>1561</ele>
      </trkpt>
      <trkpt lat="33.970410000" lon="-111.518440000">
        <ele>1563</ele>
      </trkpt>
      <trkpt lat="33.970460000" lon="-111.518550000">
        <ele>1563</ele>
      </trkpt>
      <trkpt lat="33.970450000" lon="-111.518730000">
        <ele>1563</ele>
      </trkpt>
      <trkpt lat="33.970500000" lon="-111.518830000">
        <ele>1561</ele>
      </trkpt>
      <trkpt lat="33.970470000" lon="-111.518720000">
        <ele>1562</ele>
      </trkpt>
      <trkpt lat="33.970510000" lon="-111.518680000">
        <ele>1562</ele>
      </trkpt>
      <trkpt lat="33.970520000" lon="-111.518630000">
        <ele>1562</ele>
      </trkpt>
      <trkpt lat="33.970570000" lon="-111.518610000">
        <ele>1562</ele>
      </trkpt>
      <trkpt lat="33.970600000" lon="-111.518650000">
        <ele>1561</ele>
      </trkpt>
      <trkpt lat="33.970640000" lon="-111.518630000">
        <ele>1561</ele>
      </trkpt>
      <trkpt lat="33.970690000" lon="-111.518670000">
        <ele>1561</ele>
      </trkpt>
      <trkpt lat="33.970720000" lon="-111.518620000">
        <ele>1560</ele>
      </trkpt>
      <trkpt lat="33.970770000" lon="-111.518620000">
        <ele>1560</ele>
      </trkpt>
      <trkpt lat="33.970810000" lon="-111.518580000">
        <ele>1560</ele>
      </trkpt>
      <trkpt lat="33.970860000" lon="-111.518480000">
        <ele>1560</ele>
      </trkpt>
      <trkpt lat="33.970920000" lon="-111.518430000">
        <ele>1560</ele>
      </trkpt>
      <trkpt lat="33.970870000" lon="-111.518450000">
        <ele>1559</ele>
      </trkpt>
      <trkpt lat="33.970720000" lon="-111.518440000">
        <ele>1559</ele>
      </trkpt>
      <trkpt lat="33.970620000" lon="-111.518320000">
        <ele>1559</ele>
      </trkpt>
      <trkpt lat="33.970470000" lon="-111.518330000">
        <ele>1561</ele>
      </trkpt>
      <trkpt lat="33.970420000" lon="-111.518350000">
        <ele>1562</ele>
      </trkpt>
      <trkpt lat="33.970390000" lon="-111.518400000">
        <ele>1563</ele>
      </trkpt>
      <trkpt lat="33.970400000" lon="-111.518460000">
        <ele>1564</ele>
      </trkpt>
      <trkpt lat="33.970340000" lon="-111.518560000">
        <ele>1565</ele>
      </trkpt>
      <trkpt lat="33.970330000" lon="-111.518620000">
        <ele>1565</ele>
      </trkpt>
      <trkpt lat="33.970370000" lon="-111.518600000">
        <ele>1565</ele>
      </trkpt>
      <trkpt lat="33.970400000" lon="-111.518560000">
        <ele>1564</ele>
      </trkpt>
      <trkpt lat="33.970360000" lon="-111.518040000">
        <ele>1562</ele>
      </trkpt>
      <trkpt lat="33.970400000" lon="-111.517810000">
        <ele>1560</ele>
      </trkpt>
      <trkpt lat="33.970370000" lon="-111.517630000">
        <ele>1559</ele>
      </trkpt>
      <trkpt lat="33.970410000" lon="-111.517500000">
        <ele>1557</ele>
      </trkpt>
      <trkpt lat="33.970410000" lon="-111.517440000">
        <ele>1556</ele>
      </trkpt>
      <trkpt lat="33.970320000" lon="-111.517300000">
        <ele>1555</ele>
      </trkpt>
      <trkpt lat="33.970230000" lon="-111.517030000">
        <ele>1554</ele>
      </trkpt>
      <trkpt lat="33.970270000" lon="-111.516910000">
        <ele>1552</ele>
      </trkpt>
      <trkpt lat="33.970300000" lon="-111.516680000">
        <ele>1549</ele>
      </trkpt>
      <trkpt lat="33.970370000" lon="-111.516510000">
        <ele>1548</ele>
      </trkpt>
      <trkpt lat="33.970420000" lon="-111.516090000">
        <ele>1549</ele>
      </trkpt>
      <trkpt lat="33.970500000" lon="-111.515720000">
        <ele>1547</ele>
      </trkpt>
      <trkpt lat="33.970490000" lon="-111.515590000">
        <ele>1546</ele>
      </trkpt>
      <trkpt lat="33.970520000" lon="-111.515400000">
        <ele>1540</ele>
      </trkpt>
      <trkpt lat="33.970540000" lon="-111.515350000">
        <ele>1539</ele>
      </trkpt>
      <trkpt lat="33.970480000" lon="-111.515350000">
        <ele>1540</ele>
      </trkpt>
      <trkpt lat="33.970450000" lon="-111.515290000">
        <ele>1539</ele>
      </trkpt>
      <trkpt lat="33.970450000" lon="-111.515110000">
        <ele>1538</ele>
      </trkpt>
      <trkpt lat="33.970400000" lon="-111.514940000">
        <ele>1537</ele>
      </trkpt>
      <trkpt lat="33.970480000" lon="-111.514800000">
        <ele>1535</ele>
      </trkpt>
      <trkpt lat="33.970570000" lon="-111.514720000">
        <ele>1535</ele>
      </trkpt>
      <trkpt lat="33.970530000" lon="-111.514680000">
        <ele>1535</ele>
      </trkpt>
      <trkpt lat="33.970530000" lon="-111.514620000">
        <ele>1535</ele>
      </trkpt>
      <trkpt lat="33.970460000" lon="-111.514480000">
        <ele>1535</ele>
      </trkpt>
      <trkpt lat="33.970480000" lon="-111.514420000">
        <ele>1535</ele>
      </trkpt>
      <trkpt lat="33.970530000" lon="-111.514420000">
        <ele>1535</ele>
      </trkpt>
      <trkpt lat="33.970480000" lon="-111.514380000">
        <ele>1535</ele>
      </trkpt>
      <trkpt lat="33.970460000" lon="-111.514310000">
        <ele>1535</ele>
      </trkpt>
      <trkpt lat="33.970510000" lon="-111.514160000">
        <ele>1533</ele>
      </trkpt>
      <trkpt lat="33.970480000" lon="-111.513920000">
        <ele>1528</ele>
      </trkpt>
      <trkpt lat="33.970450000" lon="-111.513870000">
        <ele>1527</ele>
      </trkpt>
      <trkpt lat="33.970420000" lon="-111.513740000">
        <ele>1525</ele>
      </trkpt>
      <trkpt lat="33.970480000" lon="-111.513570000">
        <ele>1524</ele>
      </trkpt>
      <trkpt lat="33.970630000" lon="-111.513390000">
        <ele>1524</ele>
      </trkpt>
      <trkpt lat="33.970650000" lon="-111.513270000">
        <ele>1524</ele>
      </trkpt>
      <trkpt lat="33.970770000" lon="-111.512990000">
        <ele>1523</ele>
      </trkpt>
      <trkpt lat="33.970700000" lon="-111.512760000">
        <ele>1523</ele>
      </trkpt>
      <trkpt lat="33.970710000" lon="-111.512330000">
        <ele>1517</ele>
      </trkpt>
      <trkpt lat="33.970620000" lon="-111.512190000">
        <ele>1514</ele>
      </trkpt>
      <trkpt lat="33.970530000" lon="-111.512120000">
        <ele>1514</ele>
      </trkpt>
      <trkpt lat="33.970360000" lon="-111.512050000">
        <ele>1516</ele>
      </trkpt>
      <trkpt lat="33.970300000" lon="-111.511960000">
        <ele>1517</ele>
      </trkpt>
      <trkpt lat="33.970300000" lon="-111.511900000">
        <ele>1517</ele>
      </trkpt>
      <trkpt lat="33.970260000" lon="-111.511870000">
        <ele>1519</ele>
      </trkpt>
      <trkpt lat="33.970270000" lon="-111.511760000">
        <ele>1517</ele>
      </trkpt>
      <trkpt lat="33.970240000" lon="-111.511640000">
        <ele>1519</ele>
      </trkpt>
      <trkpt lat="33.970260000" lon="-111.511470000">
        <ele>1518</ele>
      </trkpt>
      <trkpt lat="33.970300000" lon="-111.511250000">
        <ele>1515</ele>
      </trkpt>
      <trkpt lat="33.970360000" lon="-111.511100000">
        <ele>1514</ele>
      </trkpt>
      <trkpt lat="33.970400000" lon="-111.510920000">
        <ele>1518</ele>
      </trkpt>
      <trkpt lat="33.970370000" lon="-111.510810000">
        <ele>1521</ele>
      </trkpt>
      <trkpt lat="33.970370000" lon="-111.510510000">
        <ele>1517</ele>
      </trkpt>
      <trkpt lat="33.970400000" lon="-111.510340000">
        <ele>1514</ele>
      </trkpt>
      <trkpt lat="33.970380000" lon="-111.510090000">
        <ele>1512</ele>
      </trkpt>
      <trkpt lat="33.970270000" lon="-111.509710000">
        <ele>1513</ele>
      </trkpt>
      <trkpt lat="33.970220000" lon="-111.509610000">
        <ele>1516</ele>
      </trkpt>
      <trkpt lat="33.970260000" lon="-111.509550000">
        <ele>1511</ele>
      </trkpt>
      <trkpt lat="33.970150000" lon="-111.509190000">
        <ele>1518</ele>
      </trkpt>
      <trkpt lat="33.970150000" lon="-111.509130000">
        <ele>1516</ele>
      </trkpt>
      <trkpt lat="33.970110000" lon="-111.508950000">
        <ele>1506</ele>
      </trkpt>
      <trkpt lat="33.969940000" lon="-111.508720000">
        <ele>1499</ele>
      </trkpt>
      <trkpt lat="33.969740000" lon="-111.508510000">
        <ele>1497</ele>
      </trkpt>
      <trkpt lat="33.969470000" lon="-111.508330000">
        <ele>1496</ele>
      </trkpt>
      <trkpt lat="33.969420000" lon="-111.508330000">
        <ele>1496</ele>
      </trkpt>
      <trkpt lat="33.969390000" lon="-111.508280000">
        <ele>1496</ele>
      </trkpt>
      <trkpt lat="33.969340000" lon="-111.508260000">
        <ele>1496</ele>
      </trkpt>
      <trkpt lat="33.969300000" lon="-111.508280000">
        <ele>1496</ele>
      </trkpt>
      <trkpt lat="33.969190000" lon="-111.508230000">
        <ele>1496</ele>
      </trkpt>
      <trkpt lat="33.968990000" lon="-111.508200000">
        <ele>1496</ele>
      </trkpt>
      <trkpt lat="33.968920000" lon="-111.508150000">
        <ele>1496</ele>
      </trkpt>
      <trkpt lat="33.968870000" lon="-111.507860000">
        <ele>1498</ele>
      </trkpt>
      <trkpt lat="33.968900000" lon="-111.507730000">
        <ele>1495</ele>
      </trkpt>
      <trkpt lat="33.969010000" lon="-111.507580000">
        <ele>1494</ele>
      </trkpt>
      <trkpt lat="33.969110000" lon="-111.507560000">
        <ele>1494</ele>
      </trkpt>
      <trkpt lat="33.969160000" lon="-111.507580000">
        <ele>1494</ele>
      </trkpt>
      <trkpt lat="33.969130000" lon="-111.507860000">
        <ele>1495</ele>
      </trkpt>
      <trkpt lat="33.969030000" lon="-111.507880000">
        <ele>1495</ele>
      </trkpt>
      <trkpt lat="33.969030000" lon="-111.507830000">
        <ele>1494</ele>
      </trkpt>
      <trkpt lat="33.968990000" lon="-111.507800000">
        <ele>1494</ele>
      </trkpt>
      <trkpt lat="33.969000000" lon="-111.507600000">
        <ele>1494</ele>
      </trkpt>
      <trkpt lat="33.969090000" lon="-111.507370000">
        <ele>1494</ele>
      </trkpt>
      <trkpt lat="33.969240000" lon="-111.507070000">
        <ele>1492</ele>
      </trkpt>
      <trkpt lat="33.969370000" lon="-111.506970000">
        <ele>1488</ele>
      </trkpt>
      <trkpt lat="33.969410000" lon="-111.506860000">
        <ele>1488</ele>
      </trkpt>
      <trkpt lat="33.969620000" lon="-111.506520000">
        <ele>1488</ele>
      </trkpt>
      <trkpt lat="33.969640000" lon="-111.506270000">
        <ele>1493</ele>
      </trkpt>
      <trkpt lat="33.969720000" lon="-111.506100000">
        <ele>1493</ele>
      </trkpt>
      <trkpt lat="33.969740000" lon="-111.505840000">
        <ele>1492</ele>
      </trkpt>
      <trkpt lat="33.969770000" lon="-111.505780000">
        <ele>1490</ele>
      </trkpt>
      <trkpt lat="33.969760000" lon="-111.505480000">
        <ele>1489</ele>
      </trkpt>
      <trkpt lat="33.969720000" lon="-111.505290000">
        <ele>1491</ele>
      </trkpt>
      <trkpt lat="33.969830000" lon="-111.504840000">
        <ele>1482</ele>
      </trkpt>
      <trkpt lat="33.969960000" lon="-111.504600000">
        <ele>1483</ele>
      </trkpt>
      <trkpt lat="33.970230000" lon="-111.504330000">
        <ele>1480</ele>
      </trkpt>
      <trkpt lat="33.970310000" lon="-111.504170000">
        <ele>1480</ele>
      </trkpt>
      <trkpt lat="33.970420000" lon="-111.504000000">
        <ele>1479</ele>
      </trkpt>
      <trkpt lat="33.970490000" lon="-111.503830000">
        <ele>1481</ele>
      </trkpt>
      <trkpt lat="33.970720000" lon="-111.503600000">
        <ele>1478</ele>
      </trkpt>
      <trkpt lat="33.970780000" lon="-111.503500000">
        <ele>1477</ele>
      </trkpt>
      <trkpt lat="33.970800000" lon="-111.503380000">
        <ele>1477</ele>
      </trkpt>
      <trkpt lat="33.970790000" lon="-111.503120000">
        <ele>1474</ele>
      </trkpt>
      <trkpt lat="33.970570000" lon="-111.502940000">
        <ele>1476</ele>
      </trkpt>
      <trkpt lat="33.970440000" lon="-111.502730000">
        <ele>1475</ele>
      </trkpt>
      <trkpt lat="33.970530000" lon="-111.502530000">
        <ele>1473</ele>
      </trkpt>
      <trkpt lat="33.970670000" lon="-111.502420000">
        <ele>1473</ele>
      </trkpt>
      <trkpt lat="33.970730000" lon="-111.502330000">
        <ele>1473</ele>
      </trkpt>
      <trkpt lat="33.970780000" lon="-111.502220000">
        <ele>1474</ele>
      </trkpt>
      <trkpt lat="33.970920000" lon="-111.502040000">
        <ele>1475</ele>
      </trkpt>
      <trkpt lat="33.970970000" lon="-111.501920000">
        <ele>1476</ele>
      </trkpt>
      <trkpt lat="33.971060000" lon="-111.501780000">
        <ele>1480</ele>
      </trkpt>
      <trkpt lat="33.971110000" lon="-111.501610000">
        <ele>1486</ele>
      </trkpt>
      <trkpt lat="33.971260000" lon="-111.501440000">
        <ele>1488</ele>
      </trkpt>
      <trkpt lat="33.971330000" lon="-111.501300000">
        <ele>1490</ele>
      </trkpt>
      <trkpt lat="33.971650000" lon="-111.501110000">
        <ele>1493</ele>
      </trkpt>
      <trkpt lat="33.971760000" lon="-111.500980000">
        <ele>1497</ele>
      </trkpt>
      <trkpt lat="33.971820000" lon="-111.500880000">
        <ele>1500</ele>
      </trkpt>
      <trkpt lat="33.971940000" lon="-111.500550000">
        <ele>1503</ele>
      </trkpt>
      <trkpt lat="33.972070000" lon="-111.500450000">
        <ele>1500</ele>
      </trkpt>
      <trkpt lat="33.972180000" lon="-111.500440000">
        <ele>1498</ele>
      </trkpt>
      <trkpt lat="33.972170000" lon="-111.500320000">
        <ele>1496</ele>
      </trkpt>
      <trkpt lat="33.972210000" lon="-111.500280000">
        <ele>1494</ele>
      </trkpt>
      <trkpt lat="33.972230000" lon="-111.500220000">
        <ele>1493</ele>
      </trkpt>
      <trkpt lat="33.972400000" lon="-111.500080000">
        <ele>1490</ele>
      </trkpt>
      <trkpt lat="33.972500000" lon="-111.499870000">
        <ele>1486</ele>
      </trkpt>
      <trkpt lat="33.972630000" lon="-111.499670000">
        <ele>1488</ele>
      </trkpt>
      <trkpt lat="33.972760000" lon="-111.499580000">
        <ele>1492</ele>
      </trkpt>
      <trkpt lat="33.972830000" lon="-111.499410000">
        <ele>1490</ele>
      </trkpt>
      <trkpt lat="33.972910000" lon="-111.499330000">
        <ele>1490</ele>
      </trkpt>
      <trkpt lat="33.973060000" lon="-111.499250000">
        <ele>1491</ele>
      </trkpt>
      <trkpt lat="33.973310000" lon="-111.499040000">
        <ele>1488</ele>
      </trkpt>
      <trkpt lat="33.973450000" lon="-111.498990000">
        <ele>1487</ele>
      </trkpt>
      <trkpt lat="33.973480000" lon="-111.498880000">
        <ele>1488</ele>
      </trkpt>
      <trkpt lat="33.973510000" lon="-111.498840000">
        <ele>1488</ele>
      </trkpt>
      <trkpt lat="33.973550000" lon="-111.498720000">
        <ele>1490</ele>
      </trkpt>
      <trkpt lat="33.973660000" lon="-111.498580000">
        <ele>1493</ele>
      </trkpt>
      <trkpt lat="33.973850000" lon="-111.498470000">
        <ele>1494</ele>
      </trkpt>
      <trkpt lat="33.973950000" lon="-111.498440000">
        <ele>1493</ele>
      </trkpt>
      <trkpt lat="33.974020000" lon="-111.498220000">
        <ele>1496</ele>
      </trkpt>
      <trkpt lat="33.974050000" lon="-111.497810000">
        <ele>1501</ele>
      </trkpt>
      <trkpt lat="33.974120000" lon="-111.497590000">
        <ele>1504</ele>
      </trkpt>
      <trkpt lat="33.974190000" lon="-111.497510000">
        <ele>1507</ele>
      </trkpt>
      <trkpt lat="33.974380000" lon="-111.497410000">
        <ele>1511</ele>
      </trkpt>
      <trkpt lat="33.974460000" lon="-111.497260000">
        <ele>1511</ele>
      </trkpt>
      <trkpt lat="33.974460000" lon="-111.497330000">
        <ele>1512</ele>
      </trkpt>
      <trkpt lat="33.974500000" lon="-111.497210000">
        <ele>1511</ele>
      </trkpt>
      <trkpt lat="33.974460000" lon="-111.497090000">
        <ele>1510</ele>
      </trkpt>
      <trkpt lat="33.974550000" lon="-111.497070000">
        <ele>1513</ele>
      </trkpt>
      <trkpt lat="33.974540000" lon="-111.496940000">
        <ele>1512</ele>
      </trkpt>
      <trkpt lat="33.974460000" lon="-111.496790000">
        <ele>1513</ele>
      </trkpt>
      <trkpt lat="33.974490000" lon="-111.496710000">
        <ele>1516</ele>
      </trkpt>
      <trkpt lat="33.974460000" lon="-111.496600000">
        <ele>1524</ele>
      </trkpt>
      <trkpt lat="33.974490000" lon="-111.496430000">
        <ele>1527</ele>
      </trkpt>
      <trkpt lat="33.974490000" lon="-111.496250000">
        <ele>1527</ele>
      </trkpt>
      <trkpt lat="33.974550000" lon="-111.496030000">
        <ele>1532</ele>
      </trkpt>
      <trkpt lat="33.974560000" lon="-111.495920000">
        <ele>1535</ele>
      </trkpt>
      <trkpt lat="33.974670000" lon="-111.495700000">
        <ele>1537</ele>
      </trkpt>
      <trkpt lat="33.974720000" lon="-111.495330000">
        <ele>1541</ele>
      </trkpt>
      <trkpt lat="33.974840000" lon="-111.495110000">
        <ele>1547</ele>
      </trkpt>
      <trkpt lat="33.975000000" lon="-111.494680000">
        <ele>1549</ele>
      </trkpt>
      <trkpt lat="33.975000000" lon="-111.494560000">
        <ele>1553</ele>
      </trkpt>
      <trkpt lat="33.975080000" lon="-111.494390000">
        <ele>1555</ele>
      </trkpt>
      <trkpt lat="33.975210000" lon="-111.494290000">
        <ele>1551</ele>
      </trkpt>
      <trkpt lat="33.975440000" lon="-111.494040000">
        <ele>1549</ele>
      </trkpt>
      <trkpt lat="33.975580000" lon="-111.493730000">
        <ele>1554</ele>
      </trkpt>
      <trkpt lat="33.975690000" lon="-111.493600000">
        <ele>1557</ele>
      </trkpt>
      <trkpt lat="33.975720000" lon="-111.493490000">
        <ele>1558</ele>
      </trkpt>
      <trkpt lat="33.975840000" lon="-111.493360000">
        <ele>1558</ele>
      </trkpt>
      <trkpt lat="33.975890000" lon="-111.493260000">
        <ele>1559</ele>
      </trkpt>
      <trkpt lat="33.976070000" lon="-111.493150000">
        <ele>1560</ele>
      </trkpt>
      <trkpt lat="33.976180000" lon="-111.493120000">
        <ele>1559</ele>
      </trkpt>
      <trkpt lat="33.976250000" lon="-111.493040000">
        <ele>1560</ele>
      </trkpt>
      <trkpt lat="33.976160000" lon="-111.493010000">
        <ele>1562</ele>
      </trkpt>
      <trkpt lat="33.976050000" lon="-111.493000000">
        <ele>1563</ele>
      </trkpt>
      <trkpt lat="33.975950000" lon="-111.493030000">
        <ele>1561</ele>
      </trkpt>
      <trkpt lat="33.975890000" lon="-111.493020000">
        <ele>1561</ele>
      </trkpt>
      <trkpt lat="33.975780000" lon="-111.492900000">
        <ele>1563</ele>
      </trkpt>
      <trkpt lat="33.975730000" lon="-111.492590000">
        <ele>1580</ele>
      </trkpt>
      <trkpt lat="33.975780000" lon="-111.492390000">
        <ele>1584</ele>
      </trkpt>
      <trkpt lat="33.975740000" lon="-111.492210000">
        <ele>1583</ele>
      </trkpt>
      <trkpt lat="33.975650000" lon="-111.492130000">
        <ele>1583</ele>
      </trkpt>
      <trkpt lat="33.975610000" lon="-111.492020000">
        <ele>1583</ele>
      </trkpt>
      <trkpt lat="33.975510000" lon="-111.491900000">
        <ele>1582</ele>
      </trkpt>
      <trkpt lat="33.975340000" lon="-111.491590000">
        <ele>1578</ele>
      </trkpt>
      <trkpt lat="33.975300000" lon="-111.491480000">
        <ele>1575</ele>
      </trkpt>
      <trkpt lat="33.975320000" lon="-111.491290000">
        <ele>1573</ele>
      </trkpt>
      <trkpt lat="33.975340000" lon="-111.491220000">
        <ele>1573</ele>
      </trkpt>
      <trkpt lat="33.975430000" lon="-111.491130000">
        <ele>1574</ele>
      </trkpt>
      <trkpt lat="33.975340000" lon="-111.491050000">
        <ele>1572</ele>
      </trkpt>
      <trkpt lat="33.975310000" lon="-111.490870000">
        <ele>1569</ele>
      </trkpt>
      <trkpt lat="33.975320000" lon="-111.490690000">
        <ele>1569</ele>
      </trkpt>
      <trkpt lat="33.975410000" lon="-111.490580000">
        <ele>1574</ele>
      </trkpt>
      <trkpt lat="33.975380000" lon="-111.490540000">
        <ele>1574</ele>
      </trkpt>
      <trkpt lat="33.975290000" lon="-111.490600000">
        <ele>1571</ele>
      </trkpt>
      <trkpt lat="33.975190000" lon="-111.490730000">
        <ele>1566</ele>
      </trkpt>
      <trkpt lat="33.975080000" lon="-111.490710000">
        <ele>1563</ele>
      </trkpt>
      <trkpt lat="33.974990000" lon="-111.490640000">
        <ele>1559</ele>
      </trkpt>
      <trkpt lat="33.974950000" lon="-111.490380000">
        <ele>1556</ele>
      </trkpt>
      <trkpt lat="33.974940000" lon="-111.490070000">
        <ele>1562</ele>
      </trkpt>
      <trkpt lat="33.974800000" lon="-111.489960000">
        <ele>1560</ele>
      </trkpt>
      <trkpt lat="33.974680000" lon="-111.489760000">
        <ele>1561</ele>
      </trkpt>
      <trkpt lat="33.974580000" lon="-111.489720000">
        <ele>1557</ele>
      </trkpt>
      <trkpt lat="33.974510000" lon="-111.489630000">
        <ele>1555</ele>
      </trkpt>
      <trkpt lat="33.974450000" lon="-111.489400000">
        <ele>1553</ele>
      </trkpt>
      <trkpt lat="33.974440000" lon="-111.489210000">
        <ele>1548</ele>
      </trkpt>
      <trkpt lat="33.974510000" lon="-111.489040000">
        <ele>1545</ele>
      </trkpt>
      <trkpt lat="33.974550000" lon="-111.489000000">
        <ele>1544</ele>
      </trkpt>
      <trkpt lat="33.974860000" lon="-111.488930000">
        <ele>1548</ele>
      </trkpt>
      <trkpt lat="33.974860000" lon="-111.488870000">
        <ele>1546</ele>
      </trkpt>
      <trkpt lat="33.974770000" lon="-111.488720000">
        <ele>1539</ele>
      </trkpt>
      <trkpt lat="33.974750000" lon="-111.488590000">
        <ele>1535</ele>
      </trkpt>
      <trkpt lat="33.974750000" lon="-111.488160000">
        <ele>1543</ele>
      </trkpt>
      <trkpt lat="33.974520000" lon="-111.487870000">
        <ele>1533</ele>
      </trkpt>
      <trkpt lat="33.974490000" lon="-111.487740000">
        <ele>1530</ele>
      </trkpt>
      <trkpt lat="33.974550000" lon="-111.487550000">
        <ele>1529</ele>
      </trkpt>
      <trkpt lat="33.974590000" lon="-111.487500000">
        <ele>1529</ele>
      </trkpt>
      <trkpt lat="33.974670000" lon="-111.487440000">
        <ele>1531</ele>
      </trkpt>
      <trkpt lat="33.974720000" lon="-111.487280000">
        <ele>1525</ele>
      </trkpt>
      <trkpt lat="33.974860000" lon="-111.487170000">
        <ele>1526</ele>
      </trkpt>
      <trkpt lat="33.974900000" lon="-111.487060000">
        <ele>1526</ele>
      </trkpt>
      <trkpt lat="33.974950000" lon="-111.487030000">
        <ele>1528</ele>
      </trkpt>
      <trkpt lat="33.974970000" lon="-111.486970000">
        <ele>1528</ele>
      </trkpt>
      <trkpt lat="33.974990000" lon="-111.486780000">
        <ele>1523</ele>
      </trkpt>
      <trkpt lat="33.974920000" lon="-111.486560000">
        <ele>1516</ele>
      </trkpt>
      <trkpt lat="33.974940000" lon="-111.486360000">
        <ele>1514</ele>
      </trkpt>
      <trkpt lat="33.974910000" lon="-111.486060000">
        <ele>1514</ele>
      </trkpt>
      <trkpt lat="33.974960000" lon="-111.485750000">
        <ele>1516</ele>
      </trkpt>
      <trkpt lat="33.974990000" lon="-111.485720000">
        <ele>1516</ele>
      </trkpt>
      <trkpt lat="33.975090000" lon="-111.485850000">
        <ele>1516</ele>
      </trkpt>
      <trkpt lat="33.975270000" lon="-111.485990000">
        <ele>1515</ele>
      </trkpt>
      <trkpt lat="33.975290000" lon="-111.486040000">
        <ele>1516</ele>
      </trkpt>
      <trkpt lat="33.975450000" lon="-111.486190000">
        <ele>1517</ele>
      </trkpt>
      <trkpt lat="33.975560000" lon="-111.486150000">
        <ele>1512</ele>
      </trkpt>
      <trkpt lat="33.975700000" lon="-111.486140000">
        <ele>1510</ele>
      </trkpt>
      <trkpt lat="33.975860000" lon="-111.486080000">
        <ele>1506</ele>
      </trkpt>
      <trkpt lat="33.975910000" lon="-111.486090000">
        <ele>1506</ele>
      </trkpt>
      <trkpt lat="33.976000000" lon="-111.486180000">
        <ele>1505</ele>
      </trkpt>
      <trkpt lat="33.976000000" lon="-111.486240000">
        <ele>1506</ele>
      </trkpt>
      <trkpt lat="33.975980000" lon="-111.486180000">
        <ele>1505</ele>
      </trkpt>
      <trkpt lat="33.975810000" lon="-111.485850000">
        <ele>1502</ele>
      </trkpt>
      <trkpt lat="33.975770000" lon="-111.485810000">
        <ele>1501</ele>
      </trkpt>
      <trkpt lat="33.975720000" lon="-111.485810000">
        <ele>1501</ele>
      </trkpt>
      <trkpt lat="33.975680000" lon="-111.485840000">
        <ele>1502</ele>
      </trkpt>
      <trkpt lat="33.975590000" lon="-111.485790000">
        <ele>1501</ele>
      </trkpt>
      <trkpt lat="33.975440000" lon="-111.485530000">
        <ele>1502</ele>
      </trkpt>
      <trkpt lat="33.975390000" lon="-111.485410000">
        <ele>1501</ele>
      </trkpt>
      <trkpt lat="33.975390000" lon="-111.485250000">
        <ele>1499</ele>
      </trkpt>
      <trkpt lat="33.975370000" lon="-111.485050000">
        <ele>1495</ele>
      </trkpt>
      <trkpt lat="33.975320000" lon="-111.484870000">
        <ele>1491</ele>
      </trkpt>
      <trkpt lat="33.975170000" lon="-111.484630000">
        <ele>1480</ele>
      </trkpt>
      <trkpt lat="33.975060000" lon="-111.484500000">
        <ele>1476</ele>
      </trkpt>
      <trkpt lat="33.974970000" lon="-111.484360000">
        <ele>1471</ele>
      </trkpt>
      <trkpt lat="33.974950000" lon="-111.484240000">
        <ele>1465</ele>
      </trkpt>
      <trkpt lat="33.974960000" lon="-111.484290000">
        <ele>1467</ele>
      </trkpt>
      <trkpt lat="33.974890000" lon="-111.484200000">
        <ele>1466</ele>
      </trkpt>
      <trkpt lat="33.974770000" lon="-111.484000000">
        <ele>1466</ele>
      </trkpt>
      <trkpt lat="33.974720000" lon="-111.483830000">
        <ele>1464</ele>
      </trkpt>
      <trkpt lat="33.974700000" lon="-111.483660000">
        <ele>1459</ele>
      </trkpt>
      <trkpt lat="33.974630000" lon="-111.483570000">
        <ele>1455</ele>
      </trkpt>
      <trkpt lat="33.974530000" lon="-111.483510000">
        <ele>1454</ele>
      </trkpt>
      <trkpt lat="33.974290000" lon="-111.483420000">
        <ele>1449</ele>
      </trkpt>
      <trkpt lat="33.973720000" lon="-111.483310000">
        <ele>1436</ele>
      </trkpt>
      <trkpt lat="33.973690000" lon="-111.483270000">
        <ele>1435</ele>
      </trkpt>
      <trkpt lat="33.973680000" lon="-111.483210000">
        <ele>1435</ele>
      </trkpt>
      <trkpt lat="33.973720000" lon="-111.483120000">
        <ele>1435</ele>
      </trkpt>
      <trkpt lat="33.973740000" lon="-111.483170000">
        <ele>1435</ele>
      </trkpt>
      <trkpt lat="33.973720000" lon="-111.483220000">
        <ele>1435</ele>
      </trkpt>
      <trkpt lat="33.973680000" lon="-111.483230000">
        <ele>1435</ele>
      </trkpt>
      <trkpt lat="33.973670000" lon="-111.483170000">
        <ele>1435</ele>
      </trkpt>
      <trkpt lat="33.973700000" lon="-111.483060000">
        <ele>1435</ele>
      </trkpt>
      <trkpt lat="33.973740000" lon="-111.483040000">
        <ele>1435</ele>
      </trkpt>
      <trkpt lat="33.973840000" lon="-111.483020000">
        <ele>1436</ele>
      </trkpt>
      <trkpt lat="33.973890000" lon="-111.483040000">
        <ele>1436</ele>
      </trkpt>
      <trkpt lat="33.973990000" lon="-111.483050000">
        <ele>1437</ele>
      </trkpt>
      <trkpt lat="33.974170000" lon="-111.483120000">
        <ele>1438</ele>
      </trkpt>
      <trkpt lat="33.974330000" lon="-111.483130000">
        <ele>1439</ele>
      </trkpt>
      <trkpt lat="33.974410000" lon="-111.483210000">
        <ele>1438</ele>
      </trkpt>
      <trkpt lat="33.974520000" lon="-111.483160000">
        <ele>1440</ele>
      </trkpt>
      <trkpt lat="33.974640000" lon="-111.483160000">
        <ele>1442</ele>
      </trkpt>
      <trkpt lat="33.974690000" lon="-111.483180000">
        <ele>1443</ele>
      </trkpt>
      <trkpt lat="33.974910000" lon="-111.483380000">
        <ele>1447</ele>
      </trkpt>
      <trkpt lat="33.974960000" lon="-111.483480000">
        <ele>1449</ele>
      </trkpt>
      <trkpt lat="33.975110000" lon="-111.483620000">
        <ele>1452</ele>
      </trkpt>
      <trkpt lat="33.975140000" lon="-111.483670000">
        <ele>1452</ele>
      </trkpt>
      <trkpt lat="33.975150000" lon="-111.483860000">
        <ele>1450</ele>
      </trkpt>
      <trkpt lat="33.975200000" lon="-111.483960000">
        <ele>1451</ele>
      </trkpt>
      <trkpt lat="33.975290000" lon="-111.484020000">
        <ele>1452</ele>
      </trkpt>
      <trkpt lat="33.975360000" lon="-111.484020000">
        <ele>1456</ele>
      </trkpt>
      <trkpt lat="33.975640000" lon="-111.484120000">
        <ele>1462</ele>
      </trkpt>
      <trkpt lat="33.975990000" lon="-111.484200000">
        <ele>1465</ele>
      </trkpt>
      <trkpt lat="33.976100000" lon="-111.484410000">
        <ele>1460</ele>
      </trkpt>
      <trkpt lat="33.976190000" lon="-111.484470000">
        <ele>1461</ele>
      </trkpt>
      <trkpt lat="33.976280000" lon="-111.484620000">
        <ele>1463</ele>
      </trkpt>
      <trkpt lat="33.976350000" lon="-111.484760000">
        <ele>1463</ele>
      </trkpt>
      <trkpt lat="33.976510000" lon="-111.484910000">
        <ele>1463</ele>
      </trkpt>
      <trkpt lat="33.976460000" lon="-111.484920000">
        <ele>1463</ele>
      </trkpt>
      <trkpt lat="33.976450000" lon="-111.484840000">
        <ele>1464</ele>
      </trkpt>
      <trkpt lat="33.976490000" lon="-111.484800000">
        <ele>1465</ele>
      </trkpt>
      <trkpt lat="33.976530000" lon="-111.484800000">
        <ele>1465</ele>
      </trkpt>
      <trkpt lat="33.976620000" lon="-111.484640000">
        <ele>1472</ele>
      </trkpt>
      <trkpt lat="33.976770000" lon="-111.484660000">
        <ele>1474</ele>
      </trkpt>
      <trkpt lat="33.976840000" lon="-111.484760000">
        <ele>1472</ele>
      </trkpt>
      <trkpt lat="33.976900000" lon="-111.484930000">
        <ele>1470</ele>
      </trkpt>
      <trkpt lat="33.977170000" lon="-111.485210000">
        <ele>1475</ele>
      </trkpt>
      <trkpt lat="33.977230000" lon="-111.485370000">
        <ele>1477</ele>
      </trkpt>
      <trkpt lat="33.977270000" lon="-111.485380000">
        <ele>1477</ele>
      </trkpt>
      <trkpt lat="33.977320000" lon="-111.485360000">
        <ele>1476</ele>
      </trkpt>
      <trkpt lat="33.977460000" lon="-111.485390000">
        <ele>1476</ele>
      </trkpt>
      <trkpt lat="33.977610000" lon="-111.485370000">
        <ele>1478</ele>
      </trkpt>
      <trkpt lat="33.977980000" lon="-111.485280000">
        <ele>1485</ele>
      </trkpt>
      <trkpt lat="33.978060000" lon="-111.485200000">
        <ele>1487</ele>
      </trkpt>
      <trkpt lat="33.978210000" lon="-111.485130000">
        <ele>1487</ele>
      </trkpt>
      <trkpt lat="33.978260000" lon="-111.485050000">
        <ele>1490</ele>
      </trkpt>
      <trkpt lat="33.978370000" lon="-111.485040000">
        <ele>1488</ele>
      </trkpt>
      <trkpt lat="33.978540000" lon="-111.484930000">
        <ele>1487</ele>
      </trkpt>
      <trkpt lat="33.978530000" lon="-111.484760000">
        <ele>1495</ele>
      </trkpt>
      <trkpt lat="33.978710000" lon="-111.484390000">
        <ele>1501</ele>
      </trkpt>
      <trkpt lat="33.978900000" lon="-111.484270000">
        <ele>1498</ele>
      </trkpt>
      <trkpt lat="33.979040000" lon="-111.484220000">
        <ele>1497</ele>
      </trkpt>
      <trkpt lat="33.979140000" lon="-111.484150000">
        <ele>1497</ele>
      </trkpt>
      <trkpt lat="33.979240000" lon="-111.484120000">
        <ele>1496</ele>
      </trkpt>
      <trkpt lat="33.979320000" lon="-111.484050000">
        <ele>1497</ele>
      </trkpt>
      <trkpt lat="33.979680000" lon="-111.483970000">
        <ele>1496</ele>
      </trkpt>
      <trkpt lat="33.979800000" lon="-111.483980000">
        <ele>1496</ele>
      </trkpt>
      <trkpt lat="33.979900000" lon="-111.484030000">
        <ele>1496</ele>
      </trkpt>
      <trkpt lat="33.980070000" lon="-111.484260000">
        <ele>1497</ele>
      </trkpt>
      <trkpt lat="33.980330000" lon="-111.484470000">
        <ele>1501</ele>
      </trkpt>
      <trkpt lat="33.980420000" lon="-111.484480000">
        <ele>1503</ele>
      </trkpt>
      <trkpt lat="33.980460000" lon="-111.484460000">
        <ele>1504</ele>
      </trkpt>
      <trkpt lat="33.980520000" lon="-111.484460000">
        <ele>1506</ele>
      </trkpt>
      <trkpt lat="33.980580000" lon="-111.484490000">
        <ele>1507</ele>
      </trkpt>
      <trkpt lat="33.980680000" lon="-111.484600000">
        <ele>1509</ele>
      </trkpt>
      <trkpt lat="33.980830000" lon="-111.484690000">
        <ele>1509</ele>
      </trkpt>
      <trkpt lat="33.980870000" lon="-111.484650000">
        <ele>1510</ele>
      </trkpt>
      <trkpt lat="33.981270000" lon="-111.484760000">
        <ele>1510</ele>
      </trkpt>
      <trkpt lat="33.981410000" lon="-111.484760000">
        <ele>1511</ele>
      </trkpt>
      <trkpt lat="33.981610000" lon="-111.484820000">
        <ele>1514</ele>
      </trkpt>
      <trkpt lat="33.981760000" lon="-111.484820000">
        <ele>1517</ele>
      </trkpt>
      <trkpt lat="33.981810000" lon="-111.484710000">
        <ele>1517</ele>
      </trkpt>
      <trkpt lat="33.981890000" lon="-111.484620000">
        <ele>1518</ele>
      </trkpt>
      <trkpt lat="33.982040000" lon="-111.484580000">
        <ele>1520</ele>
      </trkpt>
      <trkpt lat="33.982110000" lon="-111.484500000">
        <ele>1521</ele>
      </trkpt>
      <trkpt lat="33.982300000" lon="-111.484390000">
        <ele>1522</ele>
      </trkpt>
      <trkpt lat="33.982410000" lon="-111.484370000">
        <ele>1522</ele>
      </trkpt>
      <trkpt lat="33.982560000" lon="-111.484410000">
        <ele>1522</ele>
      </trkpt>
      <trkpt lat="33.982720000" lon="-111.484280000">
        <ele>1525</ele>
      </trkpt>
      <trkpt lat="33.982950000" lon="-111.484200000">
        <ele>1532</ele>
      </trkpt>
      <trkpt lat="33.983320000" lon="-111.484220000">
        <ele>1534</ele>
      </trkpt>
      <trkpt lat="33.983400000" lon="-111.484280000">
        <ele>1534</ele>
      </trkpt>
      <trkpt lat="33.983390000" lon="-111.484220000">
        <ele>1534</ele>
      </trkpt>
      <trkpt lat="33.983470000" lon="-111.484060000">
        <ele>1535</ele>
      </trkpt>
      <trkpt lat="33.983520000" lon="-111.484040000">
        <ele>1535</ele>
      </trkpt>
      <trkpt lat="33.983590000" lon="-111.483940000">
        <ele>1536</ele>
      </trkpt>
      <trkpt lat="33.983730000" lon="-111.483860000">
        <ele>1536</ele>
      </trkpt>
      <trkpt lat="33.983810000" lon="-111.483720000">
        <ele>1541</ele>
      </trkpt>
      <trkpt lat="33.984040000" lon="-111.483560000">
        <ele>1544</ele>
      </trkpt>
      <trkpt lat="33.984180000" lon="-111.483540000">
        <ele>1545</ele>
      </trkpt>
      <trkpt lat="33.984220000" lon="-111.483500000">
        <ele>1545</ele>
      </trkpt>
      <trkpt lat="33.984270000" lon="-111.483400000">
        <ele>1546</ele>
      </trkpt>
      <trkpt lat="33.984530000" lon="-111.483290000">
        <ele>1547</ele>
      </trkpt>
      <trkpt lat="33.984630000" lon="-111.483270000">
        <ele>1547</ele>
      </trkpt>
      <trkpt lat="33.984780000" lon="-111.483330000">
        <ele>1549</ele>
      </trkpt>
      <trkpt lat="33.985020000" lon="-111.483650000">
        <ele>1561</ele>
      </trkpt>
      <trkpt lat="33.985170000" lon="-111.483650000">
        <ele>1559</ele>
      </trkpt>
      <trkpt lat="33.985080000" lon="-111.483600000">
        <ele>1560</ele>
      </trkpt>
      <trkpt lat="33.985060000" lon="-111.483540000">
        <ele>1559</ele>
      </trkpt>
      <trkpt lat="33.985080000" lon="-111.483280000">
        <ele>1558</ele>
      </trkpt>
      <trkpt lat="33.985130000" lon="-111.483190000">
        <ele>1559</ele>
      </trkpt>
      <trkpt lat="33.985280000" lon="-111.483120000">
        <ele>1562</ele>
      </trkpt>
      <trkpt lat="33.985310000" lon="-111.482820000">
        <ele>1570</ele>
      </trkpt>
      <trkpt lat="33.985420000" lon="-111.482690000">
        <ele>1571</ele>
      </trkpt>
      <trkpt lat="33.985470000" lon="-111.482670000">
        <ele>1570</ele>
      </trkpt>
      <trkpt lat="33.985680000" lon="-111.482660000">
        <ele>1570</ele>
      </trkpt>
      <trkpt lat="33.985830000" lon="-111.482740000">
        <ele>1575</ele>
      </trkpt>
      <trkpt lat="33.985930000" lon="-111.482730000">
        <ele>1577</ele>
      </trkpt>
      <trkpt lat="33.986040000" lon="-111.482770000">
        <ele>1580</ele>
      </trkpt>
      <trkpt lat="33.986080000" lon="-111.482760000">
        <ele>1580</ele>
      </trkpt>
      <trkpt lat="33.986130000" lon="-111.482650000">
        <ele>1578</ele>
      </trkpt>
      <trkpt lat="33.986220000" lon="-111.482580000">
        <ele>1577</ele>
      </trkpt>
      <trkpt lat="33.986270000" lon="-111.482590000">
        <ele>1577</ele>
      </trkpt>
      <trkpt lat="33.986650000" lon="-111.483040000">
        <ele>1584</ele>
      </trkpt>
      <trkpt lat="33.986870000" lon="-111.483230000">
        <ele>1577</ele>
      </trkpt>
      <trkpt lat="33.987220000" lon="-111.483210000">
        <ele>1575</ele>
      </trkpt>
      <trkpt lat="33.987570000" lon="-111.483150000">
        <ele>1574</ele>
      </trkpt>
      <trkpt lat="33.987830000" lon="-111.483190000">
        <ele>1575</ele>
      </trkpt>
      <trkpt lat="33.988150000" lon="-111.483500000">
        <ele>1585</ele>
      </trkpt>
      <trkpt lat="33.988290000" lon="-111.483610000">
        <ele>1585</ele>
      </trkpt>
      <trkpt lat="33.988360000" lon="-111.483710000">
        <ele>1586</ele>
      </trkpt>
      <trkpt lat="33.988430000" lon="-111.483930000">
        <ele>1589</ele>
      </trkpt>
      <trkpt lat="33.988510000" lon="-111.484020000">
        <ele>1587</ele>
      </trkpt>
      <trkpt lat="33.988770000" lon="-111.484220000">
        <ele>1590</ele>
      </trkpt>
      <trkpt lat="33.988970000" lon="-111.484290000">
        <ele>1590</ele>
      </trkpt>
      <trkpt lat="33.989010000" lon="-111.484260000">
        <ele>1587</ele>
      </trkpt>
      <trkpt lat="33.989060000" lon="-111.484260000">
        <ele>1587</ele>
      </trkpt>
      <trkpt lat="33.989150000" lon="-111.484320000">
        <ele>1589</ele>
      </trkpt>
      <trkpt lat="33.989300000" lon="-111.484380000">
        <ele>1590</ele>
      </trkpt>
      <trkpt lat="33.989440000" lon="-111.484310000">
        <ele>1584</ele>
      </trkpt>
      <trkpt lat="33.989550000" lon="-111.484190000">
        <ele>1583</ele>
      </trkpt>
      <trkpt lat="33.989740000" lon="-111.484170000">
        <ele>1585</ele>
      </trkpt>
      <trkpt lat="33.989880000" lon="-111.484240000">
        <ele>1588</ele>
      </trkpt>
      <trkpt lat="33.990000000" lon="-111.484460000">
        <ele>1595</ele>
      </trkpt>
      <trkpt lat="33.990130000" lon="-111.484570000">
        <ele>1597</ele>
      </trkpt>
      <trkpt lat="33.990430000" lon="-111.484660000">
        <ele>1595</ele>
      </trkpt>
      <trkpt lat="33.990590000" lon="-111.484790000">
        <ele>1596</ele>
      </trkpt>
      <trkpt lat="33.990690000" lon="-111.484810000">
        <ele>1596</ele>
      </trkpt>
      <trkpt lat="33.990700000" lon="-111.484870000">
        <ele>1596</ele>
      </trkpt>
      <trkpt lat="33.990730000" lon="-111.484600000">
        <ele>1595</ele>
      </trkpt>
      <trkpt lat="33.990760000" lon="-111.484530000">
        <ele>1596</ele>
      </trkpt>
      <trkpt lat="33.990840000" lon="-111.484450000">
        <ele>1596</ele>
      </trkpt>
      <trkpt lat="33.990870000" lon="-111.484390000">
        <ele>1597</ele>
      </trkpt>
      <trkpt lat="33.990860000" lon="-111.484340000">
        <ele>1599</ele>
      </trkpt>
      <trkpt lat="33.990920000" lon="-111.484230000">
        <ele>1603</ele>
      </trkpt>
      <trkpt lat="33.991010000" lon="-111.484180000">
        <ele>1605</ele>
      </trkpt>
      <trkpt lat="33.991100000" lon="-111.484040000">
        <ele>1607</ele>
      </trkpt>
      <trkpt lat="33.991350000" lon="-111.483930000">
        <ele>1606</ele>
      </trkpt>
      <trkpt lat="33.991400000" lon="-111.483940000">
        <ele>1606</ele>
      </trkpt>
      <trkpt lat="33.991980000" lon="-111.483820000">
        <ele>1612</ele>
      </trkpt>
      <trkpt lat="33.992130000" lon="-111.483810000">
        <ele>1614</ele>
      </trkpt>
      <trkpt lat="33.992230000" lon="-111.483830000">
        <ele>1616</ele>
      </trkpt>
      <trkpt lat="33.992420000" lon="-111.483960000">
        <ele>1621</ele>
      </trkpt>
      <trkpt lat="33.992450000" lon="-111.484010000">
        <ele>1622</ele>
      </trkpt>
      <trkpt lat="33.992490000" lon="-111.484120000">
        <ele>1624</ele>
      </trkpt>
      <trkpt lat="33.992450000" lon="-111.484410000">
        <ele>1626</ele>
      </trkpt>
      <trkpt lat="33.992550000" lon="-111.484430000">
        <ele>1628</ele>
      </trkpt>
      <trkpt lat="33.992600000" lon="-111.484420000">
        <ele>1629</ele>
      </trkpt>
      <trkpt lat="33.992790000" lon="-111.484040000">
        <ele>1631</ele>
      </trkpt>
      <trkpt lat="33.992920000" lon="-111.483860000">
        <ele>1633</ele>
      </trkpt>
      <trkpt lat="33.992960000" lon="-111.483820000">
        <ele>1633</ele>
      </trkpt>
      <trkpt lat="33.993210000" lon="-111.483720000">
        <ele>1636</ele>
      </trkpt>
      <trkpt lat="33.993250000" lon="-111.483690000">
        <ele>1636</ele>
      </trkpt>
      <trkpt lat="33.993280000" lon="-111.483580000">
        <ele>1636</ele>
      </trkpt>
      <trkpt lat="33.993260000" lon="-111.483400000">
        <ele>1637</ele>
      </trkpt>
      <trkpt lat="33.993540000" lon="-111.482790000">
        <ele>1646</ele>
      </trkpt>
      <trkpt lat="33.993730000" lon="-111.482590000">
        <ele>1654</ele>
      </trkpt>
      <trkpt lat="33.994110000" lon="-111.482290000">
        <ele>1659</ele>
      </trkpt>
      <trkpt lat="33.994200000" lon="-111.482130000">
        <ele>1661</ele>
      </trkpt>
      <trkpt lat="33.994280000" lon="-111.482040000">
        <ele>1664</ele>
      </trkpt>
      <trkpt lat="33.994440000" lon="-111.481790000">
        <ele>1669</ele>
      </trkpt>
      <trkpt lat="33.994760000" lon="-111.481080000">
        <ele>1670</ele>
      </trkpt>
      <trkpt lat="33.994840000" lon="-111.481000000">
        <ele>1673</ele>
      </trkpt>
      <trkpt lat="33.995570000" lon="-111.480680000">
        <ele>1689</ele>
      </trkpt>
      <trkpt lat="33.995800000" lon="-111.480440000">
        <ele>1692</ele>
      </trkpt>
      <trkpt lat="33.995820000" lon="-111.480400000">
        <ele>1692</ele>
      </trkpt>
      <trkpt lat="33.995780000" lon="-111.480220000">
        <ele>1690</ele>
      </trkpt>
      <trkpt lat="33.995800000" lon="-111.480160000">
        <ele>1691</ele>
      </trkpt>
      <trkpt lat="33.995910000" lon="-111.479960000">
        <ele>1697</ele>
      </trkpt>
      <trkpt lat="33.995960000" lon="-111.479710000">
        <ele>1703</ele>
      </trkpt>
      <trkpt lat="33.996010000" lon="-111.479680000">
        <ele>1704</ele>
      </trkpt>
      <trkpt lat="33.996360000" lon="-111.479600000">
        <ele>1710</ele>
      </trkpt>
      <trkpt lat="33.996440000" lon="-111.479540000">
        <ele>1711</ele>
      </trkpt>
      <trkpt lat="33.996620000" lon="-111.479340000">
        <ele>1711</ele>
      </trkpt>
      <trkpt lat="33.996790000" lon="-111.479220000">
        <ele>1715</ele>
      </trkpt>
      <trkpt lat="33.996880000" lon="-111.479170000">
        <ele>1717</ele>
      </trkpt>
      <trkpt lat="33.996980000" lon="-111.479200000">
        <ele>1720</ele>
      </trkpt>
      <trkpt lat="33.997150000" lon="-111.479400000">
        <ele>1727</ele>
      </trkpt>
      <trkpt lat="33.997290000" lon="-111.479360000">
        <ele>1724</ele>
      </trkpt>
      <trkpt lat="33.997380000" lon="-111.479310000">
        <ele>1722</ele>
      </trkpt>
      <trkpt lat="33.997620000" lon="-111.479210000">
        <ele>1727</ele>
      </trkpt>
      <trkpt lat="33.997860000" lon="-111.479150000">
        <ele>1732</ele>
      </trkpt>
      <trkpt lat="33.997960000" lon="-111.479150000">
        <ele>1734</ele>
      </trkpt>
      <trkpt lat="33.998160000" lon="-111.479200000">
        <ele>1737</ele>
      </trkpt>
      <trkpt lat="33.998370000" lon="-111.479200000">
        <ele>1738</ele>
      </trkpt>
      <trkpt lat="33.998580000" lon="-111.479290000">
        <ele>1743</ele>
      </trkpt>
      <trkpt lat="33.998630000" lon="-111.479280000">
        <ele>1743</ele>
      </trkpt>
      <trkpt lat="33.998710000" lon="-111.479230000">
        <ele>1741</ele>
      </trkpt>
      <trkpt lat="33.999080000" lon="-111.478650000">
        <ele>1738</ele>
      </trkpt>
      <trkpt lat="33.999240000" lon="-111.478490000">
        <ele>1736</ele>
      </trkpt>
      <trkpt lat="33.999550000" lon="-111.478120000">
        <ele>1736</ele>
      </trkpt>
      <trkpt lat="33.999700000" lon="-111.478010000">
        <ele>1738</ele>
      </trkpt>
      <trkpt lat="33.999970000" lon="-111.477920000">
        <ele>1739</ele>
      </trkpt>
      <trkpt lat="34.000080000" lon="-111.477910000">
        <ele>1739</ele>
      </trkpt>
      <trkpt lat="34.000290000" lon="-111.477990000">
        <ele>1739</ele>
      </trkpt>
      <trkpt lat="34.000490000" lon="-111.478150000">
        <ele>1741</ele>
      </trkpt>
      <trkpt lat="34.000530000" lon="-111.478130000">
        <ele>1740</ele>
      </trkpt>
      <trkpt lat="34.000730000" lon="-111.477870000">
        <ele>1734</ele>
      </trkpt>
      <trkpt lat="34.000860000" lon="-111.477810000">
        <ele>1737</ele>
      </trkpt>
      <trkpt lat="34.000920000" lon="-111.477820000">
        <ele>1738</ele>
      </trkpt>
      <trkpt lat="34.001060000" lon="-111.477910000">
        <ele>1744</ele>
      </trkpt>
      <trkpt lat="34.001260000" lon="-111.478110000">
        <ele>1751</ele>
      </trkpt>
      <trkpt lat="34.001300000" lon="-111.478080000">
        <ele>1751</ele>
      </trkpt>
      <trkpt lat="34.001420000" lon="-111.477800000">
        <ele>1743</ele>
      </trkpt>
      <trkpt lat="34.001610000" lon="-111.477430000">
        <ele>1749</ele>
      </trkpt>
      <trkpt lat="34.001740000" lon="-111.477320000">
        <ele>1753</ele>
      </trkpt>
      <trkpt lat="34.002130000" lon="-111.477150000">
        <ele>1758</ele>
      </trkpt>
      <trkpt lat="34.002140000" lon="-111.477200000">
        <ele>1761</ele>
      </trkpt>
      <trkpt lat="34.001750000" lon="-111.477380000">
        <ele>1754</ele>
      </trkpt>
      <trkpt lat="34.001660000" lon="-111.477470000">
        <ele>1751</ele>
      </trkpt>
      <trkpt lat="34.001410000" lon="-111.477980000">
        <ele>1749</ele>
      </trkpt>
      <trkpt lat="34.001350000" lon="-111.478090000">
        <ele>1751</ele>
      </trkpt>
      <trkpt lat="34.001290000" lon="-111.478130000">
        <ele>1752</ele>
      </trkpt>
      <trkpt lat="34.001240000" lon="-111.478130000">
        <ele>1752</ele>
      </trkpt>
      <trkpt lat="34.001120000" lon="-111.478080000">
        <ele>1751</ele>
      </trkpt>
      <trkpt lat="34.001000000" lon="-111.477970000">
        <ele>1745</ele>
      </trkpt>
      <trkpt lat="34.000900000" lon="-111.477920000">
        <ele>1741</ele>
      </trkpt>
      <trkpt lat="34.000790000" lon="-111.477900000">
        <ele>1737</ele>
      </trkpt>
      <trkpt lat="34.000570000" lon="-111.478160000">
        <ele>1741</ele>
      </trkpt>
      <trkpt lat="34.000520000" lon="-111.478170000">
        <ele>1742</ele>
      </trkpt>
      <trkpt lat="34.000460000" lon="-111.478170000">
        <ele>1743</ele>
      </trkpt>
      <trkpt lat="34.000080000" lon="-111.477980000">
        <ele>1743</ele>
      </trkpt>
      <trkpt lat="33.999990000" lon="-111.477980000">
        <ele>1742</ele>
      </trkpt>
      <trkpt lat="33.999710000" lon="-111.478090000">
        <ele>1742</ele>
      </trkpt>
      <trkpt lat="33.999580000" lon="-111.478190000">
        <ele>1740</ele>
      </trkpt>
      <trkpt lat="33.999360000" lon="-111.478470000">
        <ele>1739</ele>
      </trkpt>
      <trkpt lat="33.999200000" lon="-111.478630000">
        <ele>1742</ele>
      </trkpt>
      <trkpt lat="33.998870000" lon="-111.479150000">
        <ele>1740</ele>
      </trkpt>
      <trkpt lat="33.998700000" lon="-111.479320000">
        <ele>1745</ele>
      </trkpt>
      <trkpt lat="33.998600000" lon="-111.479330000">
        <ele>1745</ele>
      </trkpt>
      <trkpt lat="33.998140000" lon="-111.479240000">
        <ele>1739</ele>
      </trkpt>
      <trkpt lat="33.997800000" lon="-111.479220000">
        <ele>1732</ele>
      </trkpt>
      <trkpt lat="33.997500000" lon="-111.479310000">
        <ele>1726</ele>
      </trkpt>
      <trkpt lat="33.997300000" lon="-111.479410000">
        <ele>1727</ele>
      </trkpt>
      <trkpt lat="33.997200000" lon="-111.479430000">
        <ele>1728</ele>
      </trkpt>
      <trkpt lat="33.997140000" lon="-111.479420000">
        <ele>1728</ele>
      </trkpt>
      <trkpt lat="33.996970000" lon="-111.479280000">
        <ele>1723</ele>
      </trkpt>
      <trkpt lat="33.996880000" lon="-111.479240000">
        <ele>1720</ele>
      </trkpt>
      <trkpt lat="33.996690000" lon="-111.479370000">
        <ele>1715</ele>
      </trkpt>
      <trkpt lat="33.996400000" lon="-111.479650000">
        <ele>1713</ele>
      </trkpt>
      <trkpt lat="33.996030000" lon="-111.479730000">
        <ele>1705</ele>
      </trkpt>
      <trkpt lat="33.995850000" lon="-111.480180000">
        <ele>1693</ele>
      </trkpt>
      <trkpt lat="33.995880000" lon="-111.480290000">
        <ele>1694</ele>
      </trkpt>
      <trkpt lat="33.995880000" lon="-111.480410000">
        <ele>1694</ele>
      </trkpt>
      <trkpt lat="33.995780000" lon="-111.480570000">
        <ele>1693</ele>
      </trkpt>
      <trkpt lat="33.995670000" lon="-111.480700000">
        <ele>1692</ele>
      </trkpt>
      <trkpt lat="33.995450000" lon="-111.480830000">
        <ele>1688</ele>
      </trkpt>
      <trkpt lat="33.994910000" lon="-111.481060000">
        <ele>1675</ele>
      </trkpt>
      <trkpt lat="33.994800000" lon="-111.481190000">
        <ele>1670</ele>
      </trkpt>
      <trkpt lat="33.994460000" lon="-111.481900000">
        <ele>1671</ele>
      </trkpt>
      <trkpt lat="33.994170000" lon="-111.482340000">
        <ele>1662</ele>
      </trkpt>
      <trkpt lat="33.993630000" lon="-111.482800000">
        <ele>1651</ele>
      </trkpt>
      <trkpt lat="33.993350000" lon="-111.483360000">
        <ele>1640</ele>
      </trkpt>
      <trkpt lat="33.993330000" lon="-111.483420000">
        <ele>1639</ele>
      </trkpt>
      <trkpt lat="33.993360000" lon="-111.483590000">
        <ele>1639</ele>
      </trkpt>
      <trkpt lat="33.993350000" lon="-111.483660000">
        <ele>1638</ele>
      </trkpt>
      <trkpt lat="33.993290000" lon="-111.483750000">
        <ele>1639</ele>
      </trkpt>
      <trkpt lat="33.993070000" lon="-111.483870000">
        <ele>1637</ele>
      </trkpt>
      <trkpt lat="33.992950000" lon="-111.483970000">
        <ele>1635</ele>
      </trkpt>
      <trkpt lat="33.992640000" lon="-111.484470000">
        <ele>1630</ele>
      </trkpt>
      <trkpt lat="33.992600000" lon="-111.484500000">
        <ele>1629</ele>
      </trkpt>
      <trkpt lat="33.992440000" lon="-111.484490000">
        <ele>1626</ele>
      </trkpt>
      <trkpt lat="33.992380000" lon="-111.484390000">
        <ele>1625</ele>
      </trkpt>
      <trkpt lat="33.992410000" lon="-111.484140000">
        <ele>1623</ele>
      </trkpt>
      <trkpt lat="33.992400000" lon="-111.484070000">
        <ele>1622</ele>
      </trkpt>
      <trkpt lat="33.992370000" lon="-111.484030000">
        <ele>1621</ele>
      </trkpt>
      <trkpt lat="33.992310000" lon="-111.484000000">
        <ele>1619</ele>
      </trkpt>
      <trkpt lat="33.992170000" lon="-111.483950000">
        <ele>1616</ele>
      </trkpt>
      <trkpt lat="33.991920000" lon="-111.483960000">
        <ele>1613</ele>
      </trkpt>
      <trkpt lat="33.991780000" lon="-111.484010000">
        <ele>1611</ele>
      </trkpt>
      <trkpt lat="33.991380000" lon="-111.484060000">
        <ele>1607</ele>
      </trkpt>
      <trkpt lat="33.991230000" lon="-111.484100000">
        <ele>1606</ele>
      </trkpt>
      <trkpt lat="33.991080000" lon="-111.484250000">
        <ele>1603</ele>
      </trkpt>
      <trkpt lat="33.991030000" lon="-111.484260000">
        <ele>1602</ele>
      </trkpt>
      <trkpt lat="33.990990000" lon="-111.484290000">
        <ele>1601</ele>
      </trkpt>
      <trkpt lat="33.990920000" lon="-111.484460000">
        <ele>1597</ele>
      </trkpt>
      <trkpt lat="33.990840000" lon="-111.484520000">
        <ele>1596</ele>
      </trkpt>
      <trkpt lat="33.990750000" lon="-111.484800000">
        <ele>1596</ele>
      </trkpt>
      <trkpt lat="33.990790000" lon="-111.484980000">
        <ele>1599</ele>
      </trkpt>
      <trkpt lat="33.990780000" lon="-111.485040000">
        <ele>1602</ele>
      </trkpt>
      <trkpt lat="33.990860000" lon="-111.485190000">
        <ele>1606</ele>
      </trkpt>
      <trkpt lat="33.990870000" lon="-111.485360000">
        <ele>1608</ele>
      </trkpt>
      <trkpt lat="33.990940000" lon="-111.485640000">
        <ele>1611</ele>
      </trkpt>
      <trkpt lat="33.990870000" lon="-111.485860000">
        <ele>1615</ele>
      </trkpt>
      <trkpt lat="33.990900000" lon="-111.486160000">
        <ele>1616</ele>
      </trkpt>
      <trkpt lat="33.990860000" lon="-111.486900000">
        <ele>1622</ele>
      </trkpt>
      <trkpt lat="33.990780000" lon="-111.487140000">
        <ele>1625</ele>
      </trkpt>
      <trkpt lat="33.990590000" lon="-111.487330000">
        <ele>1638</ele>
      </trkpt>
      <trkpt lat="33.990410000" lon="-111.487730000">
        <ele>1639</ele>
      </trkpt>
      <trkpt lat="33.990400000" lon="-111.487780000">
        <ele>1640</ele>
      </trkpt>
      <trkpt lat="33.990480000" lon="-111.487780000">
        <ele>1635</ele>
      </trkpt>
      <trkpt lat="33.990430000" lon="-111.487760000">
        <ele>1638</ele>
      </trkpt>
      <trkpt lat="33.990400000" lon="-111.487820000">
        <ele>1640</ele>
      </trkpt>
      <trkpt lat="33.990400000" lon="-111.488000000">
        <ele>1641</ele>
      </trkpt>
      <trkpt lat="33.990350000" lon="-111.488100000">
        <ele>1646</ele>
      </trkpt>
      <trkpt lat="33.990290000" lon="-111.488460000">
        <ele>1647</ele>
      </trkpt>
      <trkpt lat="33.990200000" lon="-111.488610000">
        <ele>1650</ele>
      </trkpt>
      <trkpt lat="33.989840000" lon="-111.488950000">
        <ele>1661</ele>
      </trkpt>
      <trkpt lat="33.989700000" lon="-111.489040000">
        <ele>1664</ele>
      </trkpt>
      <trkpt lat="33.989650000" lon="-111.489050000">
        <ele>1666</ele>
      </trkpt>
      <trkpt lat="33.989400000" lon="-111.489260000">
        <ele>1665</ele>
      </trkpt>
      <trkpt lat="33.989170000" lon="-111.489320000">
        <ele>1667</ele>
      </trkpt>
      <trkpt lat="33.989070000" lon="-111.489370000">
        <ele>1668</ele>
      </trkpt>
      <trkpt lat="33.988990000" lon="-111.489450000">
        <ele>1668</ele>
      </trkpt>
      <trkpt lat="33.988870000" lon="-111.489660000">
        <ele>1673</ele>
      </trkpt>
      <trkpt lat="33.988860000" lon="-111.489720000">
        <ele>1672</ele>
      </trkpt>
      <trkpt lat="33.988790000" lon="-111.489880000">
        <ele>1673</ele>
      </trkpt>
      <trkpt lat="33.988720000" lon="-111.489950000">
        <ele>1674</ele>
      </trkpt>
      <trkpt lat="33.988550000" lon="-111.490280000">
        <ele>1677</ele>
      </trkpt>
      <trkpt lat="33.988430000" lon="-111.490380000">
        <ele>1683</ele>
      </trkpt>
      <trkpt lat="33.988280000" lon="-111.490640000">
        <ele>1689</ele>
      </trkpt>
      <trkpt lat="33.988040000" lon="-111.490940000">
        <ele>1693</ele>
      </trkpt>
      <trkpt lat="33.988030000" lon="-111.491000000">
        <ele>1693</ele>
      </trkpt>
      <trkpt lat="33.987950000" lon="-111.491070000">
        <ele>1695</ele>
      </trkpt>
      <trkpt lat="33.987740000" lon="-111.491470000">
        <ele>1697</ele>
      </trkpt>
      <trkpt lat="33.987530000" lon="-111.491660000">
        <ele>1705</ele>
      </trkpt>
      <trkpt lat="33.987440000" lon="-111.491810000">
        <ele>1709</ele>
      </trkpt>
      <trkpt lat="33.987360000" lon="-111.492040000">
        <ele>1713</ele>
      </trkpt>
      <trkpt lat="33.987360000" lon="-111.492090000">
        <ele>1714</ele>
      </trkpt>
      <trkpt lat="33.987400000" lon="-111.492260000">
        <ele>1716</ele>
      </trkpt>
      <trkpt lat="33.987470000" lon="-111.492350000">
        <ele>1714</ele>
      </trkpt>
      <trkpt lat="33.987480000" lon="-111.492410000">
        <ele>1712</ele>
      </trkpt>
      <trkpt lat="33.987410000" lon="-111.492640000">
        <ele>1707</ele>
      </trkpt>
      <trkpt lat="33.987250000" lon="-111.492830000">
        <ele>1703</ele>
      </trkpt>
      <trkpt lat="33.987190000" lon="-111.492940000">
        <ele>1699</ele>
      </trkpt>
      <trkpt lat="33.987100000" lon="-111.493000000">
        <ele>1696</ele>
      </trkpt>
      <trkpt lat="33.986960000" lon="-111.493150000">
        <ele>1693</ele>
      </trkpt>
      <trkpt lat="33.986520000" lon="-111.493330000">
        <ele>1685</ele>
      </trkpt>
      <trkpt lat="33.986400000" lon="-111.493440000">
        <ele>1682</ele>
      </trkpt>
      <trkpt lat="33.986260000" lon="-111.493510000">
        <ele>1680</ele>
      </trkpt>
      <trkpt lat="33.986210000" lon="-111.493510000">
        <ele>1679</ele>
      </trkpt>
      <trkpt lat="33.986030000" lon="-111.493600000">
        <ele>1675</ele>
      </trkpt>
      <trkpt lat="33.985980000" lon="-111.493560000">
        <ele>1674</ele>
      </trkpt>
      <trkpt lat="33.985780000" lon="-111.493580000">
        <ele>1671</ele>
      </trkpt>
      <trkpt lat="33.985760000" lon="-111.493690000">
        <ele>1671</ele>
      </trkpt>
      <trkpt lat="33.985720000" lon="-111.493740000">
        <ele>1672</ele>
      </trkpt>
      <trkpt lat="33.985510000" lon="-111.493970000">
        <ele>1674</ele>
      </trkpt>
      <trkpt lat="33.985420000" lon="-111.494020000">
        <ele>1678</ele>
      </trkpt>
      <trkpt lat="33.985290000" lon="-111.493970000">
        <ele>1682</ele>
      </trkpt>
      <trkpt lat="33.985210000" lon="-111.493890000">
        <ele>1683</ele>
      </trkpt>
      <trkpt lat="33.985170000" lon="-111.494070000">
        <ele>1690</ele>
      </trkpt>
      <trkpt lat="33.985120000" lon="-111.494080000">
        <ele>1692</ele>
      </trkpt>
      <trkpt lat="33.985090000" lon="-111.494030000">
        <ele>1692</ele>
      </trkpt>
      <trkpt lat="33.984940000" lon="-111.493990000">
        <ele>1692</ele>
      </trkpt>
      <trkpt lat="33.984800000" lon="-111.494040000">
        <ele>1694</ele>
      </trkpt>
      <trkpt lat="33.984710000" lon="-111.494100000">
        <ele>1698</ele>
      </trkpt>
      <trkpt lat="33.984660000" lon="-111.494200000">
        <ele>1703</ele>
      </trkpt>
      <trkpt lat="33.984520000" lon="-111.494330000">
        <ele>1708</ele>
      </trkpt>
      <trkpt lat="33.984390000" lon="-111.494510000">
        <ele>1718</ele>
      </trkpt>
      <trkpt lat="33.984410000" lon="-111.494560000">
        <ele>1718</ele>
      </trkpt>
      <trkpt lat="33.984380000" lon="-111.494670000">
        <ele>1720</ele>
      </trkpt>
      <trkpt lat="33.984460000" lon="-111.494740000">
        <ele>1719</ele>
      </trkpt>
      <trkpt lat="33.984550000" lon="-111.494790000">
        <ele>1720</ele>
      </trkpt>
      <trkpt lat="33.984450000" lon="-111.494810000">
        <ele>1720</ele>
      </trkpt>
      <trkpt lat="33.984420000" lon="-111.494780000">
        <ele>1720</ele>
      </trkpt>
      <trkpt lat="33.984370000" lon="-111.494780000">
        <ele>1720</ele>
      </trkpt>
      <trkpt lat="33.984330000" lon="-111.494830000">
        <ele>1720</ele>
      </trkpt>
      <trkpt lat="33.984280000" lon="-111.494820000">
        <ele>1721</ele>
      </trkpt>
      <trkpt lat="33.984250000" lon="-111.494980000">
        <ele>1723</ele>
      </trkpt>
      <trkpt lat="33.984300000" lon="-111.495000000">
        <ele>1723</ele>
      </trkpt>
      <trkpt lat="33.984250000" lon="-111.495030000">
        <ele>1723</ele>
      </trkpt>
      <trkpt lat="33.984200000" lon="-111.495020000">
        <ele>1723</ele>
      </trkpt>
      <trkpt lat="33.984060000" lon="-111.494950000">
        <ele>1722</ele>
      </trkpt>
      <trkpt lat="33.984040000" lon="-111.494900000">
        <ele>1722</ele>
      </trkpt>
      <trkpt lat="33.984040000" lon="-111.494840000">
        <ele>1722</ele>
      </trkpt>
      <trkpt lat="33.983990000" lon="-111.494750000">
        <ele>1722</ele>
      </trkpt>
      <trkpt lat="33.983960000" lon="-111.494580000">
        <ele>1725</ele>
      </trkpt>
      <trkpt lat="33.983760000" lon="-111.494620000">
        <ele>1723</ele>
      </trkpt>
      <trkpt lat="33.983680000" lon="-111.494550000">
        <ele>1723</ele>
      </trkpt>
      <trkpt lat="33.983470000" lon="-111.494530000">
        <ele>1720</ele>
      </trkpt>
      <trkpt lat="33.983320000" lon="-111.494550000">
        <ele>1717</ele>
      </trkpt>
      <trkpt lat="33.983200000" lon="-111.494420000">
        <ele>1713</ele>
      </trkpt>
      <trkpt lat="33.983120000" lon="-111.494270000">
        <ele>1709</ele>
      </trkpt>
      <trkpt lat="33.983070000" lon="-111.494260000">
        <ele>1707</ele>
      </trkpt>
      <trkpt lat="33.982900000" lon="-111.494050000">
        <ele>1700</ele>
      </trkpt>
      <trkpt lat="33.982840000" lon="-111.494140000">
        <ele>1700</ele>
      </trkpt>
      <trkpt lat="33.982790000" lon="-111.494160000">
        <ele>1698</ele>
      </trkpt>
      <trkpt lat="33.982670000" lon="-111.494040000">
        <ele>1697</ele>
      </trkpt>
      <trkpt lat="33.982620000" lon="-111.494040000">
        <ele>1696</ele>
      </trkpt>
      <trkpt lat="33.982540000" lon="-111.493980000">
        <ele>1695</ele>
      </trkpt>
      <trkpt lat="33.982450000" lon="-111.494040000">
        <ele>1692</ele>
      </trkpt>
      <trkpt lat="33.982400000" lon="-111.494050000">
        <ele>1690</ele>
      </trkpt>
      <trkpt lat="33.982250000" lon="-111.494050000">
        <ele>1687</ele>
      </trkpt>
      <trkpt lat="33.982100000" lon="-111.494010000">
        <ele>1685</ele>
      </trkpt>
      <trkpt lat="33.981990000" lon="-111.494030000">
        <ele>1682</ele>
      </trkpt>
      <trkpt lat="33.981850000" lon="-111.494110000">
        <ele>1677</ele>
      </trkpt>
      <trkpt lat="33.981750000" lon="-111.494140000">
        <ele>1672</ele>
      </trkpt>
      <trkpt lat="33.981640000" lon="-111.494250000">
        <ele>1668</ele>
      </trkpt>
      <trkpt lat="33.981590000" lon="-111.494250000">
        <ele>1666</ele>
      </trkpt>
      <trkpt lat="33.981540000" lon="-111.494240000">
        <ele>1665</ele>
      </trkpt>
      <trkpt lat="33.981380000" lon="-111.494250000">
        <ele>1660</ele>
      </trkpt>
      <trkpt lat="33.981330000" lon="-111.494130000">
        <ele>1658</ele>
      </trkpt>
      <trkpt lat="33.981280000" lon="-111.494130000">
        <ele>1656</ele>
      </trkpt>
      <trkpt lat="33.981240000" lon="-111.494030000">
        <ele>1654</ele>
      </trkpt>
      <trkpt lat="33.981190000" lon="-111.494010000">
        <ele>1652</ele>
      </trkpt>
      <trkpt lat="33.981100000" lon="-111.494060000">
        <ele>1648</ele>
      </trkpt>
      <trkpt lat="33.981050000" lon="-111.494050000">
        <ele>1646</ele>
      </trkpt>
      <trkpt lat="33.980950000" lon="-111.494080000">
        <ele>1642</ele>
      </trkpt>
      <trkpt lat="33.980730000" lon="-111.494300000">
        <ele>1633</ele>
      </trkpt>
      <trkpt lat="33.980540000" lon="-111.494360000">
        <ele>1627</ele>
      </trkpt>
      <trkpt lat="33.980410000" lon="-111.494440000">
        <ele>1624</ele>
      </trkpt>
      <trkpt lat="33.980360000" lon="-111.494440000">
        <ele>1623</ele>
      </trkpt>
      <trkpt lat="33.980260000" lon="-111.494480000">
        <ele>1621</ele>
      </trkpt>
      <trkpt lat="33.980160000" lon="-111.494550000">
        <ele>1617</ele>
      </trkpt>
      <trkpt lat="33.980130000" lon="-111.494600000">
        <ele>1615</ele>
      </trkpt>
      <trkpt lat="33.980090000" lon="-111.494560000">
        <ele>1614</ele>
      </trkpt>
      <trkpt lat="33.979940000" lon="-111.494590000">
        <ele>1608</ele>
      </trkpt>
      <trkpt lat="33.979900000" lon="-111.494580000">
        <ele>1607</ele>
      </trkpt>
      <trkpt lat="33.979870000" lon="-111.494520000">
        <ele>1607</ele>
      </trkpt>
      <trkpt lat="33.979850000" lon="-111.494580000">
        <ele>1606</ele>
      </trkpt>
      <trkpt lat="33.979700000" lon="-111.494570000">
        <ele>1602</ele>
      </trkpt>
      <trkpt lat="33.979560000" lon="-111.494620000">
        <ele>1598</ele>
      </trkpt>
      <trkpt lat="33.979430000" lon="-111.494540000">
        <ele>1594</ele>
      </trkpt>
      <trkpt lat="33.979390000" lon="-111.494490000">
        <ele>1592</ele>
      </trkpt>
      <trkpt lat="33.979270000" lon="-111.494420000">
        <ele>1586</ele>
      </trkpt>
      <trkpt lat="33.979220000" lon="-111.494420000">
        <ele>1586</ele>
      </trkpt>
      <trkpt lat="33.979120000" lon="-111.494280000">
        <ele>1583</ele>
      </trkpt>
      <trkpt lat="33.979070000" lon="-111.494250000">
        <ele>1583</ele>
      </trkpt>
      <trkpt lat="33.978970000" lon="-111.494220000">
        <ele>1583</ele>
      </trkpt>
      <trkpt lat="33.978870000" lon="-111.494220000">
        <ele>1583</ele>
      </trkpt>
      <trkpt lat="33.978730000" lon="-111.494150000">
        <ele>1583</ele>
      </trkpt>
      <trkpt lat="33.978640000" lon="-111.494090000">
        <ele>1583</ele>
      </trkpt>
      <trkpt lat="33.978540000" lon="-111.494100000">
        <ele>1583</ele>
      </trkpt>
      <trkpt lat="33.978140000" lon="-111.494000000">
        <ele>1583</ele>
      </trkpt>
      <trkpt lat="33.978010000" lon="-111.493910000">
        <ele>1583</ele>
      </trkpt>
      <trkpt lat="33.977930000" lon="-111.493780000">
        <ele>1583</ele>
      </trkpt>
      <trkpt lat="33.977640000" lon="-111.493520000">
        <ele>1581</ele>
      </trkpt>
      <trkpt lat="33.977540000" lon="-111.493370000">
        <ele>1579</ele>
      </trkpt>
      <trkpt lat="33.977570000" lon="-111.493330000">
        <ele>1578</ele>
      </trkpt>
      <trkpt lat="33.977520000" lon="-111.493220000">
        <ele>1576</ele>
      </trkpt>
      <trkpt lat="33.977420000" lon="-111.493210000">
        <ele>1575</ele>
      </trkpt>
      <trkpt lat="33.977190000" lon="-111.492960000">
        <ele>1570</ele>
      </trkpt>
      <trkpt lat="33.977060000" lon="-111.492910000">
        <ele>1568</ele>
      </trkpt>
      <trkpt lat="33.976930000" lon="-111.492820000">
        <ele>1567</ele>
      </trkpt>
      <trkpt lat="33.976890000" lon="-111.492870000">
        <ele>1567</ele>
      </trkpt>
      <trkpt lat="33.976790000" lon="-111.492910000">
        <ele>1566</ele>
      </trkpt>
      <trkpt lat="33.976690000" lon="-111.492910000">
        <ele>1564</ele>
      </trkpt>
      <trkpt lat="33.976600000" lon="-111.492850000">
        <ele>1563</ele>
      </trkpt>
      <trkpt lat="33.976520000" lon="-111.492930000">
        <ele>1560</ele>
      </trkpt>
      <trkpt lat="33.976470000" lon="-111.492900000">
        <ele>1560</ele>
      </trkpt>
      <trkpt lat="33.976350000" lon="-111.493020000">
        <ele>1559</ele>
      </trkpt>
      <trkpt lat="33.976270000" lon="-111.492980000">
        <ele>1561</ele>
      </trkpt>
      <trkpt lat="33.976000000" lon="-111.493030000">
        <ele>1562</ele>
      </trkpt>
      <trkpt lat="33.975950000" lon="-111.493020000">
        <ele>1562</ele>
      </trkpt>
      <trkpt lat="33.975910000" lon="-111.492990000">
        <ele>1562</ele>
      </trkpt>
      <trkpt lat="33.975840000" lon="-111.492760000">
        <ele>1572</ele>
      </trkpt>
      <trkpt lat="33.975820000" lon="-111.492580000">
        <ele>1580</ele>
      </trkpt>
      <trkpt lat="33.975830000" lon="-111.492400000">
        <ele>1584</ele>
      </trkpt>
      <trkpt lat="33.975820000" lon="-111.492220000">
        <ele>1583</ele>
      </trkpt>
      <trkpt lat="33.975740000" lon="-111.492160000">
        <ele>1583</ele>
      </trkpt>
      <trkpt lat="33.975670000" lon="-111.492000000">
        <ele>1582</ele>
      </trkpt>
      <trkpt lat="33.975560000" lon="-111.491860000">
        <ele>1582</ele>
      </trkpt>
      <trkpt lat="33.975400000" lon="-111.491530000">
        <ele>1576</ele>
      </trkpt>
      <trkpt lat="33.975370000" lon="-111.491410000">
        <ele>1573</ele>
      </trkpt>
      <trkpt lat="33.975370000" lon="-111.491290000">
        <ele>1573</ele>
      </trkpt>
      <trkpt lat="33.975460000" lon="-111.491200000">
        <ele>1575</ele>
      </trkpt>
      <trkpt lat="33.975450000" lon="-111.491140000">
        <ele>1574</ele>
      </trkpt>
      <trkpt lat="33.975380000" lon="-111.491020000">
        <ele>1572</ele>
      </trkpt>
      <trkpt lat="33.975350000" lon="-111.490890000">
        <ele>1570</ele>
      </trkpt>
      <trkpt lat="33.975370000" lon="-111.490700000">
        <ele>1570</ele>
      </trkpt>
      <trkpt lat="33.975440000" lon="-111.490620000">
        <ele>1573</ele>
      </trkpt>
      <trkpt lat="33.975430000" lon="-111.490560000">
        <ele>1575</ele>
      </trkpt>
      <trkpt lat="33.975380000" lon="-111.490540000">
        <ele>1574</ele>
      </trkpt>
      <trkpt lat="33.975310000" lon="-111.490570000">
        <ele>1572</ele>
      </trkpt>
      <trkpt lat="33.975130000" lon="-111.490720000">
        <ele>1564</ele>
      </trkpt>
      <trkpt lat="33.975050000" lon="-111.490640000">
        <ele>1561</ele>
      </trkpt>
      <trkpt lat="33.975000000" lon="-111.490450000">
        <ele>1558</ele>
      </trkpt>
      <trkpt lat="33.975010000" lon="-111.490130000">
        <ele>1563</ele>
      </trkpt>
      <trkpt lat="33.974970000" lon="-111.490030000">
        <ele>1565</ele>
      </trkpt>
      <trkpt lat="33.974840000" lon="-111.489920000">
        <ele>1563</ele>
      </trkpt>
      <trkpt lat="33.974770000" lon="-111.489760000">
        <ele>1564</ele>
      </trkpt>
      <trkpt lat="33.974620000" lon="-111.489680000">
        <ele>1559</ele>
      </trkpt>
      <trkpt lat="33.974560000" lon="-111.489580000">
        <ele>1558</ele>
      </trkpt>
      <trkpt lat="33.974500000" lon="-111.489340000">
        <ele>1554</ele>
      </trkpt>
      <trkpt lat="33.974500000" lon="-111.489210000">
        <ele>1550</ele>
      </trkpt>
      <trkpt lat="33.974540000" lon="-111.489080000">
        <ele>1547</ele>
      </trkpt>
      <trkpt lat="33.974620000" lon="-111.489030000">
        <ele>1548</ele>
      </trkpt>
      <trkpt lat="33.974890000" lon="-111.488970000">
        <ele>1550</ele>
      </trkpt>
      <trkpt lat="33.974880000" lon="-111.488850000">
        <ele>1546</ele>
      </trkpt>
      <trkpt lat="33.974800000" lon="-111.488630000">
        <ele>1539</ele>
      </trkpt>
      <trkpt lat="33.974820000" lon="-111.488300000">
        <ele>1541</ele>
      </trkpt>
      <trkpt lat="33.974800000" lon="-111.488170000">
        <ele>1545</ele>
      </trkpt>
      <trkpt lat="33.974700000" lon="-111.487950000">
        <ele>1544</ele>
      </trkpt>
      <trkpt lat="33.974600000" lon="-111.487810000">
        <ele>1537</ele>
      </trkpt>
      <trkpt lat="33.974570000" lon="-111.487680000">
        <ele>1534</ele>
      </trkpt>
      <trkpt lat="33.974610000" lon="-111.487570000">
        <ele>1533</ele>
      </trkpt>
      <trkpt lat="33.974710000" lon="-111.487520000">
        <ele>1537</ele>
      </trkpt>
      <trkpt lat="33.974740000" lon="-111.487400000">
        <ele>1531</ele>
      </trkpt>
      <trkpt lat="33.974770000" lon="-111.487340000">
        <ele>1530</ele>
      </trkpt>
      <trkpt lat="33.974900000" lon="-111.487240000">
        <ele>1529</ele>
      </trkpt>
      <trkpt lat="33.975010000" lon="-111.486960000">
        <ele>1529</ele>
      </trkpt>
      <trkpt lat="33.975030000" lon="-111.486840000">
        <ele>1526</ele>
      </trkpt>
      <trkpt lat="33.974970000" lon="-111.486540000">
        <ele>1517</ele>
      </trkpt>
      <trkpt lat="33.975010000" lon="-111.486370000">
        <ele>1518</ele>
      </trkpt>
      <trkpt lat="33.974980000" lon="-111.486030000">
        <ele>1516</ele>
      </trkpt>
      <trkpt lat="33.975020000" lon="-111.485830000">
        <ele>1516</ele>
      </trkpt>
      <trkpt lat="33.975070000" lon="-111.485830000">
        <ele>1516</ele>
      </trkpt>
      <trkpt lat="33.975420000" lon="-111.486240000">
        <ele>1519</ele>
      </trkpt>
      <trkpt lat="33.975460000" lon="-111.486260000">
        <ele>1519</ele>
      </trkpt>
      <trkpt lat="33.975880000" lon="-111.486190000">
        <ele>1509</ele>
      </trkpt>
      <trkpt lat="33.975920000" lon="-111.486170000">
        <ele>1507</ele>
      </trkpt>
      <trkpt lat="33.975960000" lon="-111.486200000">
        <ele>1506</ele>
      </trkpt>
      <trkpt lat="33.975990000" lon="-111.486250000">
        <ele>1507</ele>
      </trkpt>
      <trkpt lat="33.976030000" lon="-111.486240000">
        <ele>1505</ele>
      </trkpt>
      <trkpt lat="33.975970000" lon="-111.485950000">
        <ele>1503</ele>
      </trkpt>
      <trkpt lat="33.975890000" lon="-111.485790000">
        <ele>1501</ele>
      </trkpt>
      <trkpt lat="33.975840000" lon="-111.485770000">
        <ele>1500</ele>
      </trkpt>
      <trkpt lat="33.975700000" lon="-111.485830000">
        <ele>1501</ele>
      </trkpt>
      <trkpt lat="33.975660000" lon="-111.485800000">
        <ele>1501</ele>
      </trkpt>
      <trkpt lat="33.975430000" lon="-111.485340000">
        <ele>1498</ele>
      </trkpt>
      <trkpt lat="33.975380000" lon="-111.484890000">
        <ele>1490</ele>
      </trkpt>
      <trkpt lat="33.975330000" lon="-111.484750000">
        <ele>1484</ele>
      </trkpt>
      <trkpt lat="33.975210000" lon="-111.484550000">
        <ele>1475</ele>
      </trkpt>
      <trkpt lat="33.975030000" lon="-111.484340000">
        <ele>1467</ele>
      </trkpt>
      <trkpt lat="33.974820000" lon="-111.484000000">
        <ele>1462</ele>
      </trkpt>
      <trkpt lat="33.974750000" lon="-111.483830000">
        <ele>1462</ele>
      </trkpt>
      <trkpt lat="33.974740000" lon="-111.483660000">
        <ele>1457</ele>
      </trkpt>
      <trkpt lat="33.974660000" lon="-111.483540000">
        <ele>1452</ele>
      </trkpt>
      <trkpt lat="33.974320000" lon="-111.483390000">
        <ele>1447</ele>
      </trkpt>
      <trkpt lat="33.974130000" lon="-111.483370000">
        <ele>1446</ele>
      </trkpt>
      <trkpt lat="33.973860000" lon="-111.483390000">
        <ele>1440</ele>
      </trkpt>
      <trkpt lat="33.973740000" lon="-111.483270000">
        <ele>1435</ele>
      </trkpt>
      <trkpt lat="33.973720000" lon="-111.483220000">
        <ele>1435</ele>
      </trkpt>
      <trkpt lat="33.973710000" lon="-111.483160000">
        <ele>1435</ele>
      </trkpt>
      <trkpt lat="33.973750000" lon="-111.483130000">
        <ele>1435</ele>
      </trkpt>
      <trkpt lat="33.973730000" lon="-111.483070000">
        <ele>1435</ele>
      </trkpt>
      <trkpt lat="33.973600000" lon="-111.483100000">
        <ele>1435</ele>
      </trkpt>
      <trkpt lat="33.973670000" lon="-111.483090000">
        <ele>1435</ele>
      </trkpt>
      <trkpt lat="33.973550000" lon="-111.483040000">
        <ele>1436</ele>
      </trkpt>
      <trkpt lat="33.973650000" lon="-111.483130000">
        <ele>1435</ele>
      </trkpt>
      <trkpt lat="33.973570000" lon="-111.482990000">
        <ele>1435</ele>
      </trkpt>
      <trkpt lat="33.973590000" lon="-111.483040000">
        <ele>1435</ele>
      </trkpt>
      <trkpt lat="33.973630000" lon="-111.483060000">
        <ele>1435</ele>
      </trkpt>
      <trkpt lat="33.973580000" lon="-111.483070000">
        <ele>1435</ele>
      </trkpt>
      <trkpt lat="33.973440000" lon="-111.483030000">
        <ele>1436</ele>
      </trkpt>
      <trkpt lat="33.973400000" lon="-111.483000000">
        <ele>1437</ele>
      </trkpt>
      <trkpt lat="33.973340000" lon="-111.482910000">
        <ele>1437</ele>
      </trkpt>
      <trkpt lat="33.973170000" lon="-111.482790000">
        <ele>1437</ele>
      </trkpt>
      <trkpt lat="33.973070000" lon="-111.482760000">
        <ele>1438</ele>
      </trkpt>
      <trkpt lat="33.972940000" lon="-111.482680000">
        <ele>1439</ele>
      </trkpt>
      <trkpt lat="33.972610000" lon="-111.482410000">
        <ele>1427</ele>
      </trkpt>
      <trkpt lat="33.972220000" lon="-111.482240000">
        <ele>1429</ele>
      </trkpt>
      <trkpt lat="33.971990000" lon="-111.482070000">
        <ele>1431</ele>
      </trkpt>
      <trkpt lat="33.971960000" lon="-111.482020000">
        <ele>1431</ele>
      </trkpt>
      <trkpt lat="33.971840000" lon="-111.481920000">
        <ele>1434</ele>
      </trkpt>
      <trkpt lat="33.971710000" lon="-111.481850000">
        <ele>1436</ele>
      </trkpt>
      <trkpt lat="33.971250000" lon="-111.481390000">
        <ele>1419</ele>
      </trkpt>
      <trkpt lat="33.971060000" lon="-111.481470000">
        <ele>1417</ele>
      </trkpt>
      <trkpt lat="33.970800000" lon="-111.481690000">
        <ele>1418</ele>
      </trkpt>
      <trkpt lat="33.970560000" lon="-111.481830000">
        <ele>1412</ele>
      </trkpt>
      <trkpt lat="33.970520000" lon="-111.481870000">
        <ele>1411</ele>
      </trkpt>
      <trkpt lat="33.970470000" lon="-111.481990000">
        <ele>1411</ele>
      </trkpt>
      <trkpt lat="33.970380000" lon="-111.482070000">
        <ele>1410</ele>
      </trkpt>
      <trkpt lat="33.970230000" lon="-111.482140000">
        <ele>1411</ele>
      </trkpt>
      <trkpt lat="33.970060000" lon="-111.482180000">
        <ele>1412</ele>
      </trkpt>
      <trkpt lat="33.969960000" lon="-111.482160000">
        <ele>1411</ele>
      </trkpt>
      <trkpt lat="33.969700000" lon="-111.482270000">
        <ele>1412</ele>
      </trkpt>
      <trkpt lat="33.969490000" lon="-111.482310000">
        <ele>1411</ele>
      </trkpt>
      <trkpt lat="33.969350000" lon="-111.482260000">
        <ele>1410</ele>
      </trkpt>
      <trkpt lat="33.969240000" lon="-111.482260000">
        <ele>1410</ele>
      </trkpt>
      <trkpt lat="33.969150000" lon="-111.482210000">
        <ele>1409</ele>
      </trkpt>
      <trkpt lat="33.969000000" lon="-111.482180000">
        <ele>1407</ele>
      </trkpt>
      <trkpt lat="33.968850000" lon="-111.482120000">
        <ele>1406</ele>
      </trkpt>
      <trkpt lat="33.968540000" lon="-111.482070000">
        <ele>1404</ele>
      </trkpt>
      <trkpt lat="33.968380000" lon="-111.482090000">
        <ele>1404</ele>
      </trkpt>
      <trkpt lat="33.968230000" lon="-111.482060000">
        <ele>1403</ele>
      </trkpt>
      <trkpt lat="33.967850000" lon="-111.482060000">
        <ele>1400</ele>
      </trkpt>
      <trkpt lat="33.967570000" lon="-111.481940000">
        <ele>1400</ele>
      </trkpt>
      <trkpt lat="33.967550000" lon="-111.481890000">
        <ele>1399</ele>
      </trkpt>
      <trkpt lat="33.967350000" lon="-111.481800000">
        <ele>1401</ele>
      </trkpt>
      <trkpt lat="33.967210000" lon="-111.481700000">
        <ele>1401</ele>
      </trkpt>
      <trkpt lat="33.966970000" lon="-111.481610000">
        <ele>1399</ele>
      </trkpt>
      <trkpt lat="33.966830000" lon="-111.481640000">
        <ele>1399</ele>
      </trkpt>
      <trkpt lat="33.966710000" lon="-111.481770000">
        <ele>1399</ele>
      </trkpt>
      <trkpt lat="33.966510000" lon="-111.481840000">
        <ele>1395</ele>
      </trkpt>
      <trkpt lat="33.966390000" lon="-111.481850000">
        <ele>1392</ele>
      </trkpt>
      <trkpt lat="33.966030000" lon="-111.481800000">
        <ele>1392</ele>
      </trkpt>
      <trkpt lat="33.965890000" lon="-111.481700000">
        <ele>1392</ele>
      </trkpt>
      <trkpt lat="33.965840000" lon="-111.481610000">
        <ele>1389</ele>
      </trkpt>
      <trkpt lat="33.965710000" lon="-111.481510000">
        <ele>1389</ele>
      </trkpt>
      <trkpt lat="33.965660000" lon="-111.481410000">
        <ele>1388</ele>
      </trkpt>
      <trkpt lat="33.965620000" lon="-111.481380000">
        <ele>1388</ele>
      </trkpt>
      <trkpt lat="33.965460000" lon="-111.481410000">
        <ele>1388</ele>
      </trkpt>
      <trkpt lat="33.965300000" lon="-111.481410000">
        <ele>1390</ele>
      </trkpt>
      <trkpt lat="33.965290000" lon="-111.481530000">
        <ele>1389</ele>
      </trkpt>
      <trkpt lat="33.965230000" lon="-111.481630000">
        <ele>1388</ele>
      </trkpt>
      <trkpt lat="33.965020000" lon="-111.481810000">
        <ele>1378</ele>
      </trkpt>
      <trkpt lat="33.964960000" lon="-111.481900000">
        <ele>1377</ele>
      </trkpt>
      <trkpt lat="33.964550000" lon="-111.482260000">
        <ele>1375</ele>
      </trkpt>
      <trkpt lat="33.964470000" lon="-111.482350000">
        <ele>1375</ele>
      </trkpt>
      <trkpt lat="33.964330000" lon="-111.482620000">
        <ele>1377</ele>
      </trkpt>
      <trkpt lat="33.964250000" lon="-111.482690000">
        <ele>1376</ele>
      </trkpt>
      <trkpt lat="33.964200000" lon="-111.482790000">
        <ele>1377</ele>
      </trkpt>
      <trkpt lat="33.964080000" lon="-111.482900000">
        <ele>1377</ele>
      </trkpt>
      <trkpt lat="33.963910000" lon="-111.483180000">
        <ele>1375</ele>
      </trkpt>
      <trkpt lat="33.963750000" lon="-111.483550000">
        <ele>1371</ele>
      </trkpt>
      <trkpt lat="33.963640000" lon="-111.483670000">
        <ele>1366</ele>
      </trkpt>
      <trkpt lat="33.963590000" lon="-111.483790000">
        <ele>1365</ele>
      </trkpt>
      <trkpt lat="33.963510000" lon="-111.483860000">
        <ele>1364</ele>
      </trkpt>
      <trkpt lat="33.963410000" lon="-111.483860000">
        <ele>1365</ele>
      </trkpt>
      <trkpt lat="33.963360000" lon="-111.483970000">
        <ele>1364</ele>
      </trkpt>
      <trkpt lat="33.963150000" lon="-111.484040000">
        <ele>1364</ele>
      </trkpt>
      <trkpt lat="33.963070000" lon="-111.484110000">
        <ele>1363</ele>
      </trkpt>
      <trkpt lat="33.963050000" lon="-111.484150000">
        <ele>1363</ele>
      </trkpt>
      <trkpt lat="33.963020000" lon="-111.484470000">
        <ele>1364</ele>
      </trkpt>
      <trkpt lat="33.963050000" lon="-111.484590000">
        <ele>1362</ele>
      </trkpt>
      <trkpt lat="33.963040000" lon="-111.484650000">
        <ele>1359</ele>
      </trkpt>
      <trkpt lat="33.962990000" lon="-111.484820000">
        <ele>1355</ele>
      </trkpt>
      <trkpt lat="33.962970000" lon="-111.485010000">
        <ele>1354</ele>
      </trkpt>
      <trkpt lat="33.962930000" lon="-111.485120000">
        <ele>1354</ele>
      </trkpt>
      <trkpt lat="33.962560000" lon="-111.485510000">
        <ele>1354</ele>
      </trkpt>
      <trkpt lat="33.962450000" lon="-111.485560000">
        <ele>1354</ele>
      </trkpt>
      <trkpt lat="33.962330000" lon="-111.485660000">
        <ele>1354</ele>
      </trkpt>
      <trkpt lat="33.962160000" lon="-111.485690000">
        <ele>1354</ele>
      </trkpt>
      <trkpt lat="33.962060000" lon="-111.485750000">
        <ele>1354</ele>
      </trkpt>
      <trkpt lat="33.961980000" lon="-111.485900000">
        <ele>1354</ele>
      </trkpt>
      <trkpt lat="33.961820000" lon="-111.486290000">
        <ele>1354</ele>
      </trkpt>
      <trkpt lat="33.961760000" lon="-111.486720000">
        <ele>1352</ele>
      </trkpt>
      <trkpt lat="33.961800000" lon="-111.486610000">
        <ele>1353</ele>
      </trkpt>
      <trkpt lat="33.961580000" lon="-111.486940000">
        <ele>1346</ele>
      </trkpt>
      <trkpt lat="33.961270000" lon="-111.487100000">
        <ele>1341</ele>
      </trkpt>
      <trkpt lat="33.960990000" lon="-111.487300000">
        <ele>1337</ele>
      </trkpt>
      <trkpt lat="33.960890000" lon="-111.487320000">
        <ele>1337</ele>
      </trkpt>
      <trkpt lat="33.960670000" lon="-111.487280000">
        <ele>1338</ele>
      </trkpt>
      <trkpt lat="33.960560000" lon="-111.487290000">
        <ele>1339</ele>
      </trkpt>
      <trkpt lat="33.960440000" lon="-111.487420000">
        <ele>1338</ele>
      </trkpt>
      <trkpt lat="33.960330000" lon="-111.487620000">
        <ele>1338</ele>
      </trkpt>
      <trkpt lat="33.960190000" lon="-111.487780000">
        <ele>1337</ele>
      </trkpt>
      <trkpt lat="33.960040000" lon="-111.488010000">
        <ele>1339</ele>
      </trkpt>
      <trkpt lat="33.959860000" lon="-111.488170000">
        <ele>1334</ele>
      </trkpt>
      <trkpt lat="33.959700000" lon="-111.488420000">
        <ele>1333</ele>
      </trkpt>
      <trkpt lat="33.959690000" lon="-111.488480000">
        <ele>1333</ele>
      </trkpt>
      <trkpt lat="33.959610000" lon="-111.488560000">
        <ele>1333</ele>
      </trkpt>
      <trkpt lat="33.959590000" lon="-111.488620000">
        <ele>1333</ele>
      </trkpt>
      <trkpt lat="33.959560000" lon="-111.488960000">
        <ele>1333</ele>
      </trkpt>
      <trkpt lat="33.959600000" lon="-111.489360000">
        <ele>1331</ele>
      </trkpt>
      <trkpt lat="33.959580000" lon="-111.489560000">
        <ele>1326</ele>
      </trkpt>
      <trkpt lat="33.959550000" lon="-111.489610000">
        <ele>1325</ele>
      </trkpt>
      <trkpt lat="33.959490000" lon="-111.489690000">
        <ele>1325</ele>
      </trkpt>
      <trkpt lat="33.959440000" lon="-111.489710000">
        <ele>1325</ele>
      </trkpt>
      <trkpt lat="33.959340000" lon="-111.489710000">
        <ele>1325</ele>
      </trkpt>
      <trkpt lat="33.959150000" lon="-111.489760000">
        <ele>1326</ele>
      </trkpt>
      <trkpt lat="33.959070000" lon="-111.489850000">
        <ele>1325</ele>
      </trkpt>
      <trkpt lat="33.958940000" lon="-111.489930000">
        <ele>1325</ele>
      </trkpt>
      <trkpt lat="33.958880000" lon="-111.490010000">
        <ele>1325</ele>
      </trkpt>
      <trkpt lat="33.958830000" lon="-111.490130000">
        <ele>1325</ele>
      </trkpt>
      <trkpt lat="33.958770000" lon="-111.490360000">
        <ele>1326</ele>
      </trkpt>
      <trkpt lat="33.958710000" lon="-111.490460000">
        <ele>1326</ele>
      </trkpt>
      <trkpt lat="33.958590000" lon="-111.490570000">
        <ele>1324</ele>
      </trkpt>
      <trkpt lat="33.958530000" lon="-111.490660000">
        <ele>1326</ele>
      </trkpt>
      <trkpt lat="33.958370000" lon="-111.491060000">
        <ele>1337</ele>
      </trkpt>
      <trkpt lat="33.958170000" lon="-111.491110000">
        <ele>1335</ele>
      </trkpt>
      <trkpt lat="33.957810000" lon="-111.491500000">
        <ele>1342</ele>
      </trkpt>
      <trkpt lat="33.957720000" lon="-111.491560000">
        <ele>1339</ele>
      </trkpt>
      <trkpt lat="33.957740000" lon="-111.491610000">
        <ele>1341</ele>
      </trkpt>
      <trkpt lat="33.957650000" lon="-111.491620000">
        <ele>1338</ele>
      </trkpt>
      <trkpt lat="33.957480000" lon="-111.491740000">
        <ele>1334</ele>
      </trkpt>
      <trkpt lat="33.957290000" lon="-111.491800000">
        <ele>1335</ele>
      </trkpt>
      <trkpt lat="33.957250000" lon="-111.491840000">
        <ele>1337</ele>
      </trkpt>
      <trkpt lat="33.957160000" lon="-111.491870000">
        <ele>1338</ele>
      </trkpt>
      <trkpt lat="33.956660000" lon="-111.491810000">
        <ele>1337</ele>
      </trkpt>
      <trkpt lat="33.956360000" lon="-111.491670000">
        <ele>1337</ele>
      </trkpt>
      <trkpt lat="33.956260000" lon="-111.491640000">
        <ele>1336</ele>
      </trkpt>
      <trkpt lat="33.956110000" lon="-111.491490000">
        <ele>1330</ele>
      </trkpt>
      <trkpt lat="33.955800000" lon="-111.491240000">
        <ele>1324</ele>
      </trkpt>
      <trkpt lat="33.955610000" lon="-111.491170000">
        <ele>1323</ele>
      </trkpt>
      <trkpt lat="33.955470000" lon="-111.491080000">
        <ele>1321</ele>
      </trkpt>
      <trkpt lat="33.955410000" lon="-111.491080000">
        <ele>1321</ele>
      </trkpt>
      <trkpt lat="33.955110000" lon="-111.491320000">
        <ele>1313</ele>
      </trkpt>
      <trkpt lat="33.954570000" lon="-111.491630000">
        <ele>1308</ele>
      </trkpt>
      <trkpt lat="33.954300000" lon="-111.491690000">
        <ele>1305</ele>
      </trkpt>
      <trkpt lat="33.953980000" lon="-111.491670000">
        <ele>1299</ele>
      </trkpt>
      <trkpt lat="33.953880000" lon="-111.491640000">
        <ele>1299</ele>
      </trkpt>
      <trkpt lat="33.953750000" lon="-111.491560000">
        <ele>1298</ele>
      </trkpt>
      <trkpt lat="33.953590000" lon="-111.491540000">
        <ele>1297</ele>
      </trkpt>
      <trkpt lat="33.953550000" lon="-111.491540000">
        <ele>1296</ele>
      </trkpt>
      <trkpt lat="33.953390000" lon="-111.491620000">
        <ele>1296</ele>
      </trkpt>
      <trkpt lat="33.953290000" lon="-111.491640000">
        <ele>1296</ele>
      </trkpt>
      <trkpt lat="33.953140000" lon="-111.491540000">
        <ele>1297</ele>
      </trkpt>
      <trkpt lat="33.952630000" lon="-111.491500000">
        <ele>1293</ele>
      </trkpt>
      <trkpt lat="33.952000000" lon="-111.491260000">
        <ele>1289</ele>
      </trkpt>
      <trkpt lat="33.951810000" lon="-111.491260000">
        <ele>1288</ele>
      </trkpt>
      <trkpt lat="33.951690000" lon="-111.491240000">
        <ele>1288</ele>
      </trkpt>
      <trkpt lat="33.951590000" lon="-111.491210000">
        <ele>1288</ele>
      </trkpt>
      <trkpt lat="33.951510000" lon="-111.491150000">
        <ele>1288</ele>
      </trkpt>
      <trkpt lat="33.951450000" lon="-111.490990000">
        <ele>1288</ele>
      </trkpt>
      <trkpt lat="33.951460000" lon="-111.490780000">
        <ele>1288</ele>
      </trkpt>
      <trkpt lat="33.951420000" lon="-111.490590000">
        <ele>1288</ele>
      </trkpt>
      <trkpt lat="33.951440000" lon="-111.490480000">
        <ele>1288</ele>
      </trkpt>
      <trkpt lat="33.951440000" lon="-111.490170000">
        <ele>1288</ele>
      </trkpt>
      <trkpt lat="33.951330000" lon="-111.489880000">
        <ele>1288</ele>
      </trkpt>
      <trkpt lat="33.951250000" lon="-111.489070000">
        <ele>1285</ele>
      </trkpt>
      <trkpt lat="33.951170000" lon="-111.488980000">
        <ele>1282</ele>
      </trkpt>
      <trkpt lat="33.951120000" lon="-111.488770000">
        <ele>1277</ele>
      </trkpt>
      <trkpt lat="33.951060000" lon="-111.488690000">
        <ele>1275</ele>
      </trkpt>
      <trkpt lat="33.951010000" lon="-111.488670000">
        <ele>1274</ele>
      </trkpt>
      <trkpt lat="33.950910000" lon="-111.488690000">
        <ele>1274</ele>
      </trkpt>
      <trkpt lat="33.950820000" lon="-111.488750000">
        <ele>1274</ele>
      </trkpt>
      <trkpt lat="33.950760000" lon="-111.488840000">
        <ele>1273</ele>
      </trkpt>
      <trkpt lat="33.950700000" lon="-111.489000000">
        <ele>1273</ele>
      </trkpt>
      <trkpt lat="33.950530000" lon="-111.489200000">
        <ele>1273</ele>
      </trkpt>
      <trkpt lat="33.950380000" lon="-111.489290000">
        <ele>1273</ele>
      </trkpt>
      <trkpt lat="33.950280000" lon="-111.489430000">
        <ele>1275</ele>
      </trkpt>
      <trkpt lat="33.950080000" lon="-111.489540000">
        <ele>1275</ele>
      </trkpt>
      <trkpt lat="33.949890000" lon="-111.489750000">
        <ele>1266</ele>
      </trkpt>
      <trkpt lat="33.949660000" lon="-111.489910000">
        <ele>1260</ele>
      </trkpt>
      <trkpt lat="33.949520000" lon="-111.489980000">
        <ele>1258</ele>
      </trkpt>
      <trkpt lat="33.949470000" lon="-111.489990000">
        <ele>1257</ele>
      </trkpt>
      <trkpt lat="33.949360000" lon="-111.489960000">
        <ele>1256</ele>
      </trkpt>
      <trkpt lat="33.949260000" lon="-111.489920000">
        <ele>1256</ele>
      </trkpt>
      <trkpt lat="33.949230000" lon="-111.489870000">
        <ele>1256</ele>
      </trkpt>
      <trkpt lat="33.949050000" lon="-111.489290000">
        <ele>1257</ele>
      </trkpt>
      <trkpt lat="33.949030000" lon="-111.488850000">
        <ele>1256</ele>
      </trkpt>
      <trkpt lat="33.949040000" lon="-111.488740000">
        <ele>1256</ele>
      </trkpt>
      <trkpt lat="33.949080000" lon="-111.488640000">
        <ele>1259</ele>
      </trkpt>
      <trkpt lat="33.949110000" lon="-111.488250000">
        <ele>1257</ele>
      </trkpt>
      <trkpt lat="33.949210000" lon="-111.488040000">
        <ele>1266</ele>
      </trkpt>
      <trkpt lat="33.949200000" lon="-111.487870000">
        <ele>1257</ele>
      </trkpt>
      <trkpt lat="33.949250000" lon="-111.487680000">
        <ele>1257</ele>
      </trkpt>
      <trkpt lat="33.949310000" lon="-111.487240000">
        <ele>1267</ele>
      </trkpt>
      <trkpt lat="33.949370000" lon="-111.487110000">
        <ele>1270</ele>
      </trkpt>
      <trkpt lat="33.949290000" lon="-111.486850000">
        <ele>1272</ele>
      </trkpt>
      <trkpt lat="33.949290000" lon="-111.486670000">
        <ele>1277</ele>
      </trkpt>
      <trkpt lat="33.949180000" lon="-111.486480000">
        <ele>1284</ele>
      </trkpt>
      <trkpt lat="33.949070000" lon="-111.486480000">
        <ele>1278</ele>
      </trkpt>
      <trkpt lat="33.949060000" lon="-111.486550000">
        <ele>1274</ele>
      </trkpt>
      <trkpt lat="33.948980000" lon="-111.486460000">
        <ele>1276</ele>
      </trkpt>
      <trkpt lat="33.948860000" lon="-111.486430000">
        <ele>1272</ele>
      </trkpt>
      <trkpt lat="33.948720000" lon="-111.486100000">
        <ele>1274</ele>
      </trkpt>
      <trkpt lat="33.948710000" lon="-111.485800000">
        <ele>1275</ele>
      </trkpt>
      <trkpt lat="33.948610000" lon="-111.484920000">
        <ele>1268</ele>
      </trkpt>
      <trkpt lat="33.948630000" lon="-111.484610000">
        <ele>1268</ele>
      </trkpt>
      <trkpt lat="33.948740000" lon="-111.484150000">
        <ele>1274</ele>
      </trkpt>
      <trkpt lat="33.948750000" lon="-111.484010000">
        <ele>1273</ele>
      </trkpt>
      <trkpt lat="33.948690000" lon="-111.483910000">
        <ele>1273</ele>
      </trkpt>
      <trkpt lat="33.948650000" lon="-111.483890000">
        <ele>1273</ele>
      </trkpt>
      <trkpt lat="33.948550000" lon="-111.483910000">
        <ele>1274</ele>
      </trkpt>
      <trkpt lat="33.948210000" lon="-111.484060000">
        <ele>1272</ele>
      </trkpt>
      <trkpt lat="33.948020000" lon="-111.484050000">
        <ele>1274</ele>
      </trkpt>
      <trkpt lat="33.947780000" lon="-111.484180000">
        <ele>1273</ele>
      </trkpt>
      <trkpt lat="33.947480000" lon="-111.484300000">
        <ele>1275</ele>
      </trkpt>
      <trkpt lat="33.947190000" lon="-111.484440000">
        <ele>1272</ele>
      </trkpt>
      <trkpt lat="33.947090000" lon="-111.484450000">
        <ele>1273</ele>
      </trkpt>
      <trkpt lat="33.946670000" lon="-111.484410000">
        <ele>1271</ele>
      </trkpt>
      <trkpt lat="33.946450000" lon="-111.484260000">
        <ele>1266</ele>
      </trkpt>
      <trkpt lat="33.946350000" lon="-111.484220000">
        <ele>1265</ele>
      </trkpt>
      <trkpt lat="33.946030000" lon="-111.484300000">
        <ele>1260</ele>
      </trkpt>
      <trkpt lat="33.945920000" lon="-111.484290000">
        <ele>1260</ele>
      </trkpt>
      <trkpt lat="33.945440000" lon="-111.484050000">
        <ele>1255</ele>
      </trkpt>
      <trkpt lat="33.945070000" lon="-111.484020000">
        <ele>1246</ele>
      </trkpt>
      <trkpt lat="33.944760000" lon="-111.484050000">
        <ele>1242</ele>
      </trkpt>
      <trkpt lat="33.944560000" lon="-111.483960000">
        <ele>1239</ele>
      </trkpt>
      <trkpt lat="33.944410000" lon="-111.483990000">
        <ele>1236</ele>
      </trkpt>
      <trkpt lat="33.944150000" lon="-111.484000000">
        <ele>1233</ele>
      </trkpt>
      <trkpt lat="33.943920000" lon="-111.483830000">
        <ele>1230</ele>
      </trkpt>
      <trkpt lat="33.943640000" lon="-111.483690000">
        <ele>1224</ele>
      </trkpt>
      <trkpt lat="33.943240000" lon="-111.483410000">
        <ele>1219</ele>
      </trkpt>
      <trkpt lat="33.942760000" lon="-111.483120000">
        <ele>1208</ele>
      </trkpt>
      <trkpt lat="33.942600000" lon="-111.482980000">
        <ele>1206</ele>
      </trkpt>
      <trkpt lat="33.942520000" lon="-111.482880000">
        <ele>1206</ele>
      </trkpt>
      <trkpt lat="33.942480000" lon="-111.482870000">
        <ele>1205</ele>
      </trkpt>
      <trkpt lat="33.942280000" lon="-111.482940000">
        <ele>1204</ele>
      </trkpt>
      <trkpt lat="33.942110000" lon="-111.482950000">
        <ele>1203</ele>
      </trkpt>
      <trkpt lat="33.942020000" lon="-111.482980000">
        <ele>1202</ele>
      </trkpt>
      <trkpt lat="33.941950000" lon="-111.482960000">
        <ele>1202</ele>
      </trkpt>
      <trkpt lat="33.941810000" lon="-111.483000000">
        <ele>1201</ele>
      </trkpt>
      <trkpt lat="33.941500000" lon="-111.482950000">
        <ele>1199</ele>
      </trkpt>
      <trkpt lat="33.941370000" lon="-111.482920000">
        <ele>1198</ele>
      </trkpt>
      <trkpt lat="33.941420000" lon="-111.482850000">
        <ele>1199</ele>
      </trkpt>
      <trkpt lat="33.941440000" lon="-111.482910000">
        <ele>1199</ele>
      </trkpt>
      <trkpt lat="33.941270000" lon="-111.482890000">
        <ele>1198</ele>
      </trkpt>
      <trkpt lat="33.940820000" lon="-111.482730000">
        <ele>1198</ele>
      </trkpt>
      <trkpt lat="33.940430000" lon="-111.482550000">
        <ele>1197</ele>
      </trkpt>
      <trkpt lat="33.939840000" lon="-111.482320000">
        <ele>1194</ele>
      </trkpt>
      <trkpt lat="33.939140000" lon="-111.481850000">
        <ele>1190</ele>
      </trkpt>
      <trkpt lat="33.938840000" lon="-111.481500000">
        <ele>1189</ele>
      </trkpt>
      <trkpt lat="33.938510000" lon="-111.481180000">
        <ele>1189</ele>
      </trkpt>
      <trkpt lat="33.938280000" lon="-111.481000000">
        <ele>1189</ele>
      </trkpt>
      <trkpt lat="33.938070000" lon="-111.480910000">
        <ele>1188</ele>
      </trkpt>
      <trkpt lat="33.937700000" lon="-111.480830000">
        <ele>1186</ele>
      </trkpt>
      <trkpt lat="33.937600000" lon="-111.480780000">
        <ele>1186</ele>
      </trkpt>
      <trkpt lat="33.937240000" lon="-111.480730000">
        <ele>1184</ele>
      </trkpt>
      <trkpt lat="33.936940000" lon="-111.480610000">
        <ele>1183</ele>
      </trkpt>
      <trkpt lat="33.936800000" lon="-111.480530000">
        <ele>1183</ele>
      </trkpt>
      <trkpt lat="33.936710000" lon="-111.480520000">
        <ele>1182</ele>
      </trkpt>
      <trkpt lat="33.936510000" lon="-111.480400000">
        <ele>1181</ele>
      </trkpt>
      <trkpt lat="33.936280000" lon="-111.480170000">
        <ele>1179</ele>
      </trkpt>
      <trkpt lat="33.936230000" lon="-111.480050000">
        <ele>1178</ele>
      </trkpt>
      <trkpt lat="33.936150000" lon="-111.479970000">
        <ele>1177</ele>
      </trkpt>
      <trkpt lat="33.936050000" lon="-111.479800000">
        <ele>1174</ele>
      </trkpt>
      <trkpt lat="33.936020000" lon="-111.479690000">
        <ele>1174</ele>
      </trkpt>
      <trkpt lat="33.935640000" lon="-111.479350000">
        <ele>1171</ele>
      </trkpt>
      <trkpt lat="33.935550000" lon="-111.479250000">
        <ele>1171</ele>
      </trkpt>
      <trkpt lat="33.935180000" lon="-111.479030000">
        <ele>1170</ele>
      </trkpt>
      <trkpt lat="33.934900000" lon="-111.478900000">
        <ele>1172</ele>
      </trkpt>
      <trkpt lat="33.934420000" lon="-111.478760000">
        <ele>1171</ele>
      </trkpt>
      <trkpt lat="33.934040000" lon="-111.478600000">
        <ele>1173</ele>
      </trkpt>
      <trkpt lat="33.933830000" lon="-111.478560000">
        <ele>1173</ele>
      </trkpt>
      <trkpt lat="33.933550000" lon="-111.478540000">
        <ele>1172</ele>
      </trkpt>
      <trkpt lat="33.933230000" lon="-111.478450000">
        <ele>1172</ele>
      </trkpt>
      <trkpt lat="33.933030000" lon="-111.478440000">
        <ele>1170</ele>
      </trkpt>
      <trkpt lat="33.932870000" lon="-111.478410000">
        <ele>1169</ele>
      </trkpt>
      <trkpt lat="33.932770000" lon="-111.478420000">
        <ele>1168</ele>
      </trkpt>
      <trkpt lat="33.932630000" lon="-111.478330000">
        <ele>1167</ele>
      </trkpt>
      <trkpt lat="33.932430000" lon="-111.478260000">
        <ele>1165</ele>
      </trkpt>
      <trkpt lat="33.932230000" lon="-111.478250000">
        <ele>1164</ele>
      </trkpt>
      <trkpt lat="33.932150000" lon="-111.478320000">
        <ele>1163</ele>
      </trkpt>
      <trkpt lat="33.932060000" lon="-111.478360000">
        <ele>1163</ele>
      </trkpt>
      <trkpt lat="33.931860000" lon="-111.478330000">
        <ele>1162</ele>
      </trkpt>
      <trkpt lat="33.931890000" lon="-111.478280000">
        <ele>1162</ele>
      </trkpt>
      <trkpt lat="33.932060000" lon="-111.478170000">
        <ele>1163</ele>
      </trkpt>
      <trkpt lat="33.932110000" lon="-111.478150000">
        <ele>1164</ele>
      </trkpt>
      <trkpt lat="33.932160000" lon="-111.478190000">
        <ele>1164</ele>
      </trkpt>
      <trkpt lat="33.932240000" lon="-111.478290000">
        <ele>1164</ele>
      </trkpt>
      <trkpt lat="33.932010000" lon="-111.478130000">
        <ele>1163</ele>
      </trkpt>
      <trkpt lat="33.931940000" lon="-111.478040000">
        <ele>1163</ele>
      </trkpt>
      <trkpt lat="33.931850000" lon="-111.477990000">
        <ele>1162</ele>
      </trkpt>
      <trkpt lat="33.931590000" lon="-111.477790000">
        <ele>1161</ele>
      </trkpt>
      <trkpt lat="33.931400000" lon="-111.477700000">
        <ele>1161</ele>
      </trkpt>
      <trkpt lat="33.931300000" lon="-111.477700000">
        <ele>1161</ele>
      </trkpt>
      <trkpt lat="33.931100000" lon="-111.477660000">
        <ele>1161</ele>
      </trkpt>
      <trkpt lat="33.931000000" lon="-111.477670000">
        <ele>1161</ele>
      </trkpt>
      <trkpt lat="33.930960000" lon="-111.477630000">
        <ele>1161</ele>
      </trkpt>
      <trkpt lat="33.930870000" lon="-111.477600000">
        <ele>1161</ele>
      </trkpt>
      <trkpt lat="33.930800000" lon="-111.477510000">
        <ele>1161</ele>
      </trkpt>
      <trkpt lat="33.930700000" lon="-111.477540000">
        <ele>1161</ele>
      </trkpt>
      <trkpt lat="33.930630000" lon="-111.477610000">
        <ele>1161</ele>
      </trkpt>
      <trkpt lat="33.930570000" lon="-111.477630000">
        <ele>1161</ele>
      </trkpt>
      <trkpt lat="33.930280000" lon="-111.477660000">
        <ele>1162</ele>
      </trkpt>
      <trkpt lat="33.930070000" lon="-111.477740000">
        <ele>1162</ele>
      </trkpt>
      <trkpt lat="33.929930000" lon="-111.477710000">
        <ele>1162</ele>
      </trkpt>
      <trkpt lat="33.929690000" lon="-111.477810000">
        <ele>1161</ele>
      </trkpt>
      <trkpt lat="33.929670000" lon="-111.477860000">
        <ele>1161</ele>
      </trkpt>
      <trkpt lat="33.929580000" lon="-111.477910000">
        <ele>1160</ele>
      </trkpt>
      <trkpt lat="33.929360000" lon="-111.478150000">
        <ele>1158</ele>
      </trkpt>
      <trkpt lat="33.929260000" lon="-111.478190000">
        <ele>1158</ele>
      </trkpt>
      <trkpt lat="33.928980000" lon="-111.478390000">
        <ele>1158</ele>
      </trkpt>
      <trkpt lat="33.928760000" lon="-111.478500000">
        <ele>1158</ele>
      </trkpt>
      <trkpt lat="33.928470000" lon="-111.478550000">
        <ele>1158</ele>
      </trkpt>
      <trkpt lat="33.928170000" lon="-111.478640000">
        <ele>1157</ele>
      </trkpt>
      <trkpt lat="33.927970000" lon="-111.478660000">
        <ele>1157</ele>
      </trkpt>
      <trkpt lat="33.927920000" lon="-111.478680000">
        <ele>1157</ele>
      </trkpt>
      <trkpt lat="33.927880000" lon="-111.478740000">
        <ele>1157</ele>
      </trkpt>
      <trkpt lat="33.927830000" lon="-111.478710000">
        <ele>1157</ele>
      </trkpt>
      <trkpt lat="33.927810000" lon="-111.478660000">
        <ele>1157</ele>
      </trkpt>
      <trkpt lat="33.927790000" lon="-111.478710000">
        <ele>1157</ele>
      </trkpt>
      <trkpt lat="33.927710000" lon="-111.478790000">
        <ele>1156</ele>
      </trkpt>
      <trkpt lat="33.927110000" lon="-111.479050000">
        <ele>1156</ele>
      </trkpt>
      <trkpt lat="33.926920000" lon="-111.479240000">
        <ele>1155</ele>
      </trkpt>
      <trkpt lat="33.926730000" lon="-111.479280000">
        <ele>1154</ele>
      </trkpt>
      <trkpt lat="33.926600000" lon="-111.479460000">
        <ele>1152</ele>
      </trkpt>
      <trkpt lat="33.926320000" lon="-111.479580000">
        <ele>1153</ele>
      </trkpt>
      <trkpt lat="33.926020000" lon="-111.479520000">
        <ele>1162</ele>
      </trkpt>
      <trkpt lat="33.926000000" lon="-111.479470000">
        <ele>1159</ele>
      </trkpt>
      <trkpt lat="33.926030000" lon="-111.479430000">
        <ele>1155</ele>
      </trkpt>
      <trkpt lat="33.926240000" lon="-111.479390000">
        <ele>1152</ele>
      </trkpt>
      <trkpt lat="33.926260000" lon="-111.479450000">
        <ele>1152</ele>
      </trkpt>
      <trkpt lat="33.926170000" lon="-111.479470000">
        <ele>1153</ele>
      </trkpt>
      <trkpt lat="33.925880000" lon="-111.479310000">
        <ele>1153</ele>
      </trkpt>
      <trkpt lat="33.925690000" lon="-111.479230000">
        <ele>1154</ele>
      </trkpt>
      <trkpt lat="33.925620000" lon="-111.479130000">
        <ele>1152</ele>
      </trkpt>
      <trkpt lat="33.925490000" lon="-111.479030000">
        <ele>1150</ele>
      </trkpt>
      <trkpt lat="33.925460000" lon="-111.478980000">
        <ele>1149</ele>
      </trkpt>
      <trkpt lat="33.925480000" lon="-111.478850000">
        <ele>1149</ele>
      </trkpt>
      <trkpt lat="33.925500000" lon="-111.478900000">
        <ele>1149</ele>
      </trkpt>
      <trkpt lat="33.925450000" lon="-111.478880000">
        <ele>1149</ele>
      </trkpt>
      <trkpt lat="33.925220000" lon="-111.478650000">
        <ele>1148</ele>
      </trkpt>
      <trkpt lat="33.925220000" lon="-111.478590000">
        <ele>1148</ele>
      </trkpt>
      <trkpt lat="33.925260000" lon="-111.478590000">
        <ele>1149</ele>
      </trkpt>
      <trkpt lat="33.925310000" lon="-111.478490000">
        <ele>1151</ele>
      </trkpt>
      <trkpt lat="33.925290000" lon="-111.478440000">
        <ele>1151</ele>
      </trkpt>
      <trkpt lat="33.925450000" lon="-111.478390000">
        <ele>1155</ele>
      </trkpt>
      <trkpt lat="33.925550000" lon="-111.478410000">
        <ele>1158</ele>
      </trkpt>
      <trkpt lat="33.925620000" lon="-111.478260000">
        <ele>1164</ele>
      </trkpt>
      <trkpt lat="33.925660000" lon="-111.478240000">
        <ele>1166</ele>
      </trkpt>
      <trkpt lat="33.925810000" lon="-111.478230000">
        <ele>1172</ele>
      </trkpt>
      <trkpt lat="33.925850000" lon="-111.478250000">
        <ele>1173</ele>
      </trkpt>
      <trkpt lat="33.925870000" lon="-111.478210000">
        <ele>1175</ele>
      </trkpt>
      <trkpt lat="33.925970000" lon="-111.478140000">
        <ele>1180</ele>
      </trkpt>
      <trkpt lat="33.926030000" lon="-111.478150000">
        <ele>1182</ele>
      </trkpt>
      <trkpt lat="33.926110000" lon="-111.478100000">
        <ele>1184</ele>
      </trkpt>
      <trkpt lat="33.926110000" lon="-111.478040000">
        <ele>1183</ele>
      </trkpt>
      <trkpt lat="33.926080000" lon="-111.478000000">
        <ele>1183</ele>
      </trkpt>
      <trkpt lat="33.926040000" lon="-111.478050000">
        <ele>1182</ele>
      </trkpt>
      <trkpt lat="33.925940000" lon="-111.478080000">
        <ele>1179</ele>
      </trkpt>
      <trkpt lat="33.925890000" lon="-111.478130000">
        <ele>1177</ele>
      </trkpt>
      <trkpt lat="33.925750000" lon="-111.478060000">
        <ele>1172</ele>
      </trkpt>
      <trkpt lat="33.925670000" lon="-111.477960000">
        <ele>1172</ele>
      </trkpt>
      <trkpt lat="33.925620000" lon="-111.477940000">
        <ele>1171</ele>
      </trkpt>
      <trkpt lat="33.925460000" lon="-111.477960000">
        <ele>1171</ele>
      </trkpt>
      <trkpt lat="33.925350000" lon="-111.477930000">
        <ele>1171</ele>
      </trkpt>
      <trkpt lat="33.925240000" lon="-111.477930000">
        <ele>1169</ele>
      </trkpt>
      <trkpt lat="33.924230000" lon="-111.478040000">
        <ele>1163</ele>
      </trkpt>
      <trkpt lat="33.924120000" lon="-111.478070000">
        <ele>1161</ele>
      </trkpt>
      <trkpt lat="33.923970000" lon="-111.478060000">
        <ele>1160</ele>
      </trkpt>
      <trkpt lat="33.923180000" lon="-111.478180000">
        <ele>1156</ele>
      </trkpt>
      <trkpt lat="33.922810000" lon="-111.478270000">
        <ele>1154</ele>
      </trkpt>
      <trkpt lat="33.922460000" lon="-111.478380000">
        <ele>1151</ele>
      </trkpt>
      <trkpt lat="33.921910000" lon="-111.478680000">
        <ele>1147</ele>
      </trkpt>
      <trkpt lat="33.921540000" lon="-111.478920000">
        <ele>1146</ele>
      </trkpt>
      <trkpt lat="33.921250000" lon="-111.479190000">
        <ele>1144</ele>
      </trkpt>
      <trkpt lat="33.919980000" lon="-111.480190000">
        <ele>1146</ele>
      </trkpt>
      <trkpt lat="33.919760000" lon="-111.480340000">
        <ele>1147</ele>
      </trkpt>
      <trkpt lat="33.919370000" lon="-111.480670000">
        <ele>1150</ele>
      </trkpt>
      <trkpt lat="33.918480000" lon="-111.481240000">
        <ele>1138</ele>
      </trkpt>
      <trkpt lat="33.917800000" lon="-111.481580000">
        <ele>1137</ele>
      </trkpt>
      <trkpt lat="33.917510000" lon="-111.481690000">
        <ele>1136</ele>
      </trkpt>
      <trkpt lat="33.916870000" lon="-111.481860000">
        <ele>1135</ele>
      </trkpt>
      <trkpt lat="33.916740000" lon="-111.481930000">
        <ele>1135</ele>
      </trkpt>
      <trkpt lat="33.916640000" lon="-111.481930000">
        <ele>1135</ele>
      </trkpt>
      <trkpt lat="33.916430000" lon="-111.481990000">
        <ele>1135</ele>
      </trkpt>
      <trkpt lat="33.915280000" lon="-111.482110000">
        <ele>1134</ele>
      </trkpt>
      <trkpt lat="33.914300000" lon="-111.482150000">
        <ele>1132</ele>
      </trkpt>
      <trkpt lat="33.914080000" lon="-111.482190000">
        <ele>1133</ele>
      </trkpt>
      <trkpt lat="33.913870000" lon="-111.482180000">
        <ele>1132</ele>
      </trkpt>
      <trkpt lat="33.913160000" lon="-111.482290000">
        <ele>1129</ele>
      </trkpt>
      <trkpt lat="33.912070000" lon="-111.482520000">
        <ele>1125</ele>
      </trkpt>
      <trkpt lat="33.911420000" lon="-111.482710000">
        <ele>1129</ele>
      </trkpt>
      <trkpt lat="33.911010000" lon="-111.482850000">
        <ele>1130</ele>
      </trkpt>
      <trkpt lat="33.910520000" lon="-111.483070000">
        <ele>1131</ele>
      </trkpt>
      <trkpt lat="33.910250000" lon="-111.483160000">
        <ele>1129</ele>
      </trkpt>
      <trkpt lat="33.909790000" lon="-111.483360000">
        <ele>1128</ele>
      </trkpt>
      <trkpt lat="33.909140000" lon="-111.483680000">
        <ele>1122</ele>
      </trkpt>
      <trkpt lat="33.909110000" lon="-111.483640000">
        <ele>1121</ele>
      </trkpt>
      <trkpt lat="33.909210000" lon="-111.483760000">
        <ele>1122</ele>
      </trkpt>
      <trkpt lat="33.909230000" lon="-111.483820000">
        <ele>1123</ele>
      </trkpt>
      <trkpt lat="33.909280000" lon="-111.483850000">
        <ele>1124</ele>
      </trkpt>
      <trkpt lat="33.909360000" lon="-111.483810000">
        <ele>1126</ele>
      </trkpt>
      <trkpt lat="33.909510000" lon="-111.483810000">
        <ele>1127</ele>
      </trkpt>
      <trkpt lat="33.909590000" lon="-111.483750000">
        <ele>1128</ele>
      </trkpt>
      <trkpt lat="33.909650000" lon="-111.483740000">
        <ele>1129</ele>
      </trkpt>
      <trkpt lat="33.909740000" lon="-111.483830000">
        <ele>1131</ele>
      </trkpt>
      <trkpt lat="33.909820000" lon="-111.484060000">
        <ele>1132</ele>
      </trkpt>
      <trkpt lat="33.909810000" lon="-111.484230000">
        <ele>1132</ele>
      </trkpt>
      <trkpt lat="33.909850000" lon="-111.484470000">
        <ele>1132</ele>
      </trkpt>
      <trkpt lat="33.909840000" lon="-111.484580000">
        <ele>1132</ele>
      </trkpt>
      <trkpt lat="33.909760000" lon="-111.484890000">
        <ele>1133</ele>
      </trkpt>
      <trkpt lat="33.909680000" lon="-111.485070000">
        <ele>1132</ele>
      </trkpt>
      <trkpt lat="33.909560000" lon="-111.485490000">
        <ele>1129</ele>
      </trkpt>
      <trkpt lat="33.909600000" lon="-111.485810000">
        <ele>1131</ele>
      </trkpt>
      <trkpt lat="33.909610000" lon="-111.485860000">
        <ele>1131</ele>
      </trkpt>
      <trkpt lat="33.909680000" lon="-111.485930000">
        <ele>1131</ele>
      </trkpt>
      <trkpt lat="33.909700000" lon="-111.486000000">
        <ele>1131</ele>
      </trkpt>
      <trkpt lat="33.909620000" lon="-111.486420000">
        <ele>1131</ele>
      </trkpt>
      <trkpt lat="33.909660000" lon="-111.486540000">
        <ele>1132</ele>
      </trkpt>
      <trkpt lat="33.909690000" lon="-111.486740000">
        <ele>1133</ele>
      </trkpt>
      <trkpt lat="33.909630000" lon="-111.487150000">
        <ele>1133</ele>
      </trkpt>
      <trkpt lat="33.909600000" lon="-111.487280000">
        <ele>1133</ele>
      </trkpt>
      <trkpt lat="33.909660000" lon="-111.487450000">
        <ele>1133</ele>
      </trkpt>
      <trkpt lat="33.909890000" lon="-111.487590000">
        <ele>1133</ele>
      </trkpt>
      <trkpt lat="33.909910000" lon="-111.487710000">
        <ele>1134</ele>
      </trkpt>
      <trkpt lat="33.909970000" lon="-111.488230000">
        <ele>1136</ele>
      </trkpt>
      <trkpt lat="33.909920000" lon="-111.488530000">
        <ele>1136</ele>
      </trkpt>
      <trkpt lat="33.909900000" lon="-111.488900000">
        <ele>1142</ele>
      </trkpt>
      <trkpt lat="33.909970000" lon="-111.489220000">
        <ele>1145</ele>
      </trkpt>
      <trkpt lat="33.910100000" lon="-111.489450000">
        <ele>1145</ele>
      </trkpt>
      <trkpt lat="33.910190000" lon="-111.489530000">
        <ele>1145</ele>
      </trkpt>
      <trkpt lat="33.910250000" lon="-111.489650000">
        <ele>1146</ele>
      </trkpt>
      <trkpt lat="33.910320000" lon="-111.489730000">
        <ele>1146</ele>
      </trkpt>
      <trkpt lat="33.910400000" lon="-111.489870000">
        <ele>1146</ele>
      </trkpt>
      <trkpt lat="33.910420000" lon="-111.490210000">
        <ele>1147</ele>
      </trkpt>
      <trkpt lat="33.910340000" lon="-111.490460000">
        <ele>1149</ele>
      </trkpt>
      <trkpt lat="33.910280000" lon="-111.490570000">
        <ele>1150</ele>
      </trkpt>
      <trkpt lat="33.910230000" lon="-111.490590000">
        <ele>1150</ele>
      </trkpt>
      <trkpt lat="33.910230000" lon="-111.490720000">
        <ele>1150</ele>
      </trkpt>
      <trkpt lat="33.910440000" lon="-111.490890000">
        <ele>1152</ele>
      </trkpt>
      <trkpt lat="33.910590000" lon="-111.491080000">
        <ele>1154</ele>
      </trkpt>
      <trkpt lat="33.910690000" lon="-111.491260000">
        <ele>1156</ele>
      </trkpt>
      <trkpt lat="33.910750000" lon="-111.491340000">
        <ele>1157</ele>
      </trkpt>
      <trkpt lat="33.910940000" lon="-111.491460000">
        <ele>1160</ele>
      </trkpt>
      <trkpt lat="33.911040000" lon="-111.491580000">
        <ele>1162</ele>
      </trkpt>
      <trkpt lat="33.911180000" lon="-111.491660000">
        <ele>1165</ele>
      </trkpt>
      <trkpt lat="33.911350000" lon="-111.491800000">
        <ele>1171</ele>
      </trkpt>
      <trkpt lat="33.911500000" lon="-111.491980000">
        <ele>1178</ele>
      </trkpt>
      <trkpt lat="33.911710000" lon="-111.492140000">
        <ele>1183</ele>
      </trkpt>
      <trkpt lat="33.911850000" lon="-111.492190000">
        <ele>1185</ele>
      </trkpt>
      <trkpt lat="33.911990000" lon="-111.492360000">
        <ele>1192</ele>
      </trkpt>
      <trkpt lat="33.912070000" lon="-111.492600000">
        <ele>1197</ele>
      </trkpt>
      <trkpt lat="33.912020000" lon="-111.492770000">
        <ele>1199</ele>
      </trkpt>
      <trkpt lat="33.912050000" lon="-111.492950000">
        <ele>1204</ele>
      </trkpt>
      <trkpt lat="33.912100000" lon="-111.493050000">
        <ele>1206</ele>
      </trkpt>
      <trkpt lat="33.912110000" lon="-111.493180000">
        <ele>1206</ele>
      </trkpt>
      <trkpt lat="33.911960000" lon="-111.493250000">
        <ele>1205</ele>
      </trkpt>
      <trkpt lat="33.912060000" lon="-111.493390000">
        <ele>1204</ele>
      </trkpt>
      <trkpt lat="33.912060000" lon="-111.493450000">
        <ele>1204</ele>
      </trkpt>
      <trkpt lat="33.912040000" lon="-111.493510000">
        <ele>1203</ele>
      </trkpt>
      <trkpt lat="33.911920000" lon="-111.493630000">
        <ele>1198</ele>
      </trkpt>
      <trkpt lat="33.911870000" lon="-111.493790000">
        <ele>1200</ele>
      </trkpt>
      <trkpt lat="33.911800000" lon="-111.493900000">
        <ele>1199</ele>
      </trkpt>
      <trkpt lat="33.911640000" lon="-111.493920000">
        <ele>1195</ele>
      </trkpt>
      <trkpt lat="33.911460000" lon="-111.494040000">
        <ele>1194</ele>
      </trkpt>
      <trkpt lat="33.911370000" lon="-111.494070000">
        <ele>1193</ele>
      </trkpt>
      <trkpt lat="33.910920000" lon="-111.494540000">
        <ele>1192</ele>
      </trkpt>
      <trkpt lat="33.910660000" lon="-111.494590000">
        <ele>1189</ele>
      </trkpt>
      <trkpt lat="33.910630000" lon="-111.494630000">
        <ele>1188</ele>
      </trkpt>
      <trkpt lat="33.910630000" lon="-111.494770000">
        <ele>1188</ele>
      </trkpt>
      <trkpt lat="33.910480000" lon="-111.495030000">
        <ele>1185</ele>
      </trkpt>
      <trkpt lat="33.910220000" lon="-111.495120000">
        <ele>1181</ele>
      </trkpt>
      <trkpt lat="33.910120000" lon="-111.495070000">
        <ele>1180</ele>
      </trkpt>
      <trkpt lat="33.910050000" lon="-111.495150000">
        <ele>1180</ele>
      </trkpt>
      <trkpt lat="33.910100000" lon="-111.495310000">
        <ele>1180</ele>
      </trkpt>
      <trkpt lat="33.910060000" lon="-111.495350000">
        <ele>1180</ele>
      </trkpt>
      <trkpt lat="33.910010000" lon="-111.495360000">
        <ele>1180</ele>
      </trkpt>
      <trkpt lat="33.909910000" lon="-111.495330000">
        <ele>1180</ele>
      </trkpt>
      <trkpt lat="33.909850000" lon="-111.495360000">
        <ele>1180</ele>
      </trkpt>
      <trkpt lat="33.909710000" lon="-111.495280000">
        <ele>1181</ele>
      </trkpt>
      <trkpt lat="33.909560000" lon="-111.494960000">
        <ele>1180</ele>
      </trkpt>
      <trkpt lat="33.909410000" lon="-111.494710000">
        <ele>1180</ele>
      </trkpt>
      <trkpt lat="33.909220000" lon="-111.494480000">
        <ele>1182</ele>
      </trkpt>
      <trkpt lat="33.909040000" lon="-111.494380000">
        <ele>1186</ele>
      </trkpt>
      <trkpt lat="33.908960000" lon="-111.494300000">
        <ele>1187</ele>
      </trkpt>
      <trkpt lat="33.908700000" lon="-111.493940000">
        <ele>1193</ele>
      </trkpt>
      <trkpt lat="33.908320000" lon="-111.493780000">
        <ele>1200</ele>
      </trkpt>
      <trkpt lat="33.908060000" lon="-111.493760000">
        <ele>1205</ele>
      </trkpt>
      <trkpt lat="33.907680000" lon="-111.493910000">
        <ele>1207</ele>
      </trkpt>
      <trkpt lat="33.907630000" lon="-111.493910000">
        <ele>1207</ele>
      </trkpt>
      <trkpt lat="33.907540000" lon="-111.494060000">
        <ele>1207</ele>
      </trkpt>
      <trkpt lat="33.906880000" lon="-111.494570000">
        <ele>1211</ele>
      </trkpt>
      <trkpt lat="33.906820000" lon="-111.494590000">
        <ele>1211</ele>
      </trkpt>
      <trkpt lat="33.906710000" lon="-111.494710000">
        <ele>1211</ele>
      </trkpt>
      <trkpt lat="33.906550000" lon="-111.495330000">
        <ele>1210</ele>
      </trkpt>
      <trkpt lat="33.906330000" lon="-111.495340000">
        <ele>1207</ele>
      </trkpt>
      <trkpt lat="33.905910000" lon="-111.495410000">
        <ele>1206</ele>
      </trkpt>
      <trkpt lat="33.905860000" lon="-111.495410000">
        <ele>1206</ele>
      </trkpt>
      <trkpt lat="33.905770000" lon="-111.495340000">
        <ele>1205</ele>
      </trkpt>
      <trkpt lat="33.905650000" lon="-111.495120000">
        <ele>1202</ele>
      </trkpt>
      <trkpt lat="33.905490000" lon="-111.494960000">
        <ele>1199</ele>
      </trkpt>
      <trkpt lat="33.905360000" lon="-111.494700000">
        <ele>1196</ele>
      </trkpt>
      <trkpt lat="33.905350000" lon="-111.494570000">
        <ele>1196</ele>
      </trkpt>
      <trkpt lat="33.905310000" lon="-111.494530000">
        <ele>1196</ele>
      </trkpt>
      <trkpt lat="33.905100000" lon="-111.494550000">
        <ele>1196</ele>
      </trkpt>
      <trkpt lat="33.904740000" lon="-111.494630000">
        <ele>1197</ele>
      </trkpt>
      <trkpt lat="33.904260000" lon="-111.494540000">
        <ele>1200</ele>
      </trkpt>
      <trkpt lat="33.904190000" lon="-111.494630000">
        <ele>1199</ele>
      </trkpt>
      <trkpt lat="33.903880000" lon="-111.494750000">
        <ele>1197</ele>
      </trkpt>
      <trkpt lat="33.903780000" lon="-111.494770000">
        <ele>1197</ele>
      </trkpt>
      <trkpt lat="33.903630000" lon="-111.494740000">
        <ele>1196</ele>
      </trkpt>
      <trkpt lat="33.903520000" lon="-111.494770000">
        <ele>1195</ele>
      </trkpt>
      <trkpt lat="33.903180000" lon="-111.494970000">
        <ele>1193</ele>
      </trkpt>
      <trkpt lat="33.902970000" lon="-111.495040000">
        <ele>1192</ele>
      </trkpt>
      <trkpt lat="33.902810000" lon="-111.495060000">
        <ele>1192</ele>
      </trkpt>
      <trkpt lat="33.902660000" lon="-111.495120000">
        <ele>1191</ele>
      </trkpt>
      <trkpt lat="33.902560000" lon="-111.495130000">
        <ele>1191</ele>
      </trkpt>
      <trkpt lat="33.902400000" lon="-111.495090000">
        <ele>1191</ele>
      </trkpt>
      <trkpt lat="33.902290000" lon="-111.495090000">
        <ele>1190</ele>
      </trkpt>
      <trkpt lat="33.902000000" lon="-111.494960000">
        <ele>1189</ele>
      </trkpt>
      <trkpt lat="33.901730000" lon="-111.494780000">
        <ele>1187</ele>
      </trkpt>
      <trkpt lat="33.901580000" lon="-111.494760000">
        <ele>1186</ele>
      </trkpt>
      <trkpt lat="33.901480000" lon="-111.494790000">
        <ele>1185</ele>
      </trkpt>
      <trkpt lat="33.901280000" lon="-111.494710000">
        <ele>1183</ele>
      </trkpt>
      <trkpt lat="33.901180000" lon="-111.494700000">
        <ele>1183</ele>
      </trkpt>
      <trkpt lat="33.900880000" lon="-111.494780000">
        <ele>1183</ele>
      </trkpt>
      <trkpt lat="33.900710000" lon="-111.494770000">
        <ele>1182</ele>
      </trkpt>
      <trkpt lat="33.900580000" lon="-111.494860000">
        <ele>1181</ele>
      </trkpt>
      <trkpt lat="33.900380000" lon="-111.494920000">
        <ele>1178</ele>
      </trkpt>
      <trkpt lat="33.899970000" lon="-111.494860000">
        <ele>1171</ele>
      </trkpt>
      <trkpt lat="33.899820000" lon="-111.494790000">
        <ele>1171</ele>
      </trkpt>
      <trkpt lat="33.899750000" lon="-111.494700000">
        <ele>1170</ele>
      </trkpt>
      <trkpt lat="33.899430000" lon="-111.494360000">
        <ele>1168</ele>
      </trkpt>
      <trkpt lat="33.899350000" lon="-111.494270000">
        <ele>1168</ele>
      </trkpt>
      <trkpt lat="33.899330000" lon="-111.494120000">
        <ele>1167</ele>
      </trkpt>
      <trkpt lat="33.899270000" lon="-111.494100000">
        <ele>1166</ele>
      </trkpt>
      <trkpt lat="33.899250000" lon="-111.494040000">
        <ele>1166</ele>
      </trkpt>
      <trkpt lat="33.899210000" lon="-111.494020000">
        <ele>1165</ele>
      </trkpt>
      <trkpt lat="33.899000000" lon="-111.494010000">
        <ele>1163</ele>
      </trkpt>
      <trkpt lat="33.898900000" lon="-111.494040000">
        <ele>1163</ele>
      </trkpt>
      <trkpt lat="33.898740000" lon="-111.494040000">
        <ele>1162</ele>
      </trkpt>
      <trkpt lat="33.898460000" lon="-111.494200000">
        <ele>1165</ele>
      </trkpt>
      <trkpt lat="33.898250000" lon="-111.494210000">
        <ele>1163</ele>
      </trkpt>
      <trkpt lat="33.898150000" lon="-111.494170000">
        <ele>1160</ele>
      </trkpt>
      <trkpt lat="33.897950000" lon="-111.494190000">
        <ele>1159</ele>
      </trkpt>
      <trkpt lat="33.897850000" lon="-111.494160000">
        <ele>1158</ele>
      </trkpt>
      <trkpt lat="33.897750000" lon="-111.494180000">
        <ele>1157</ele>
      </trkpt>
      <trkpt lat="33.897700000" lon="-111.494200000">
        <ele>1157</ele>
      </trkpt>
      <trkpt lat="33.897640000" lon="-111.494300000">
        <ele>1157</ele>
      </trkpt>
      <trkpt lat="33.897540000" lon="-111.494340000">
        <ele>1157</ele>
      </trkpt>
      <trkpt lat="33.897490000" lon="-111.494330000">
        <ele>1157</ele>
      </trkpt>
      <trkpt lat="33.897290000" lon="-111.494330000">
        <ele>1156</ele>
      </trkpt>
      <trkpt lat="33.897200000" lon="-111.494390000">
        <ele>1156</ele>
      </trkpt>
      <trkpt lat="33.897050000" lon="-111.494430000">
        <ele>1156</ele>
      </trkpt>
      <trkpt lat="33.896910000" lon="-111.494380000">
        <ele>1157</ele>
      </trkpt>
      <trkpt lat="33.896890000" lon="-111.494440000">
        <ele>1156</ele>
      </trkpt>
      <trkpt lat="33.896830000" lon="-111.494540000">
        <ele>1155</ele>
      </trkpt>
      <trkpt lat="33.896620000" lon="-111.494630000">
        <ele>1155</ele>
      </trkpt>
      <trkpt lat="33.896280000" lon="-111.495000000">
        <ele>1153</ele>
      </trkpt>
      <trkpt lat="33.896030000" lon="-111.495340000">
        <ele>1151</ele>
      </trkpt>
      <trkpt lat="33.895860000" lon="-111.495480000">
        <ele>1148</ele>
      </trkpt>
      <trkpt lat="33.895690000" lon="-111.495740000">
        <ele>1145</ele>
      </trkpt>
      <trkpt lat="33.895660000" lon="-111.495920000">
        <ele>1145</ele>
      </trkpt>
      <trkpt lat="33.895440000" lon="-111.496280000">
        <ele>1144</ele>
      </trkpt>
      <trkpt lat="33.895400000" lon="-111.496400000">
        <ele>1143</ele>
      </trkpt>
      <trkpt lat="33.895400000" lon="-111.496780000">
        <ele>1143</ele>
      </trkpt>
      <trkpt lat="33.895540000" lon="-111.497110000">
        <ele>1143</ele>
      </trkpt>
      <trkpt lat="33.895560000" lon="-111.497240000">
        <ele>1143</ele>
      </trkpt>
      <trkpt lat="33.895520000" lon="-111.497280000">
        <ele>1143</ele>
      </trkpt>
      <trkpt lat="33.895320000" lon="-111.497370000">
        <ele>1143</ele>
      </trkpt>
      <trkpt lat="33.895240000" lon="-111.497460000">
        <ele>1143</ele>
      </trkpt>
      <trkpt lat="33.894950000" lon="-111.497640000">
        <ele>1144</ele>
      </trkpt>
      <trkpt lat="33.894820000" lon="-111.497770000">
        <ele>1145</ele>
      </trkpt>
      <trkpt lat="33.894580000" lon="-111.497890000">
        <ele>1145</ele>
      </trkpt>
      <trkpt lat="33.894420000" lon="-111.498020000">
        <ele>1145</ele>
      </trkpt>
      <trkpt lat="33.894190000" lon="-111.498260000">
        <ele>1144</ele>
      </trkpt>
      <trkpt lat="33.894100000" lon="-111.498320000">
        <ele>1143</ele>
      </trkpt>
      <trkpt lat="33.893880000" lon="-111.498510000">
        <ele>1142</ele>
      </trkpt>
      <trkpt lat="33.893820000" lon="-111.498530000">
        <ele>1141</ele>
      </trkpt>
      <trkpt lat="33.893760000" lon="-111.498610000">
        <ele>1141</ele>
      </trkpt>
      <trkpt lat="33.893710000" lon="-111.498620000">
        <ele>1141</ele>
      </trkpt>
      <trkpt lat="33.893560000" lon="-111.498590000">
        <ele>1140</ele>
      </trkpt>
      <trkpt lat="33.893470000" lon="-111.498590000">
        <ele>1139</ele>
      </trkpt>
      <trkpt lat="33.893250000" lon="-111.498770000">
        <ele>1139</ele>
      </trkpt>
      <trkpt lat="33.893000000" lon="-111.498830000">
        <ele>1139</ele>
      </trkpt>
      <trkpt lat="33.892900000" lon="-111.498890000">
        <ele>1140</ele>
      </trkpt>
      <trkpt lat="33.892750000" lon="-111.498910000">
        <ele>1140</ele>
      </trkpt>
      <trkpt lat="33.892660000" lon="-111.498980000">
        <ele>1140</ele>
      </trkpt>
      <trkpt lat="33.892450000" lon="-111.498990000">
        <ele>1141</ele>
      </trkpt>
      <trkpt lat="33.892280000" lon="-111.498860000">
        <ele>1141</ele>
      </trkpt>
      <trkpt lat="33.892080000" lon="-111.498640000">
        <ele>1139</ele>
      </trkpt>
      <trkpt lat="33.891970000" lon="-111.498480000">
        <ele>1139</ele>
      </trkpt>
      <trkpt lat="33.891860000" lon="-111.498360000">
        <ele>1140</ele>
      </trkpt>
      <trkpt lat="33.891780000" lon="-111.498310000">
        <ele>1140</ele>
      </trkpt>
      <trkpt lat="33.891560000" lon="-111.498010000">
        <ele>1139</ele>
      </trkpt>
      <trkpt lat="33.891260000" lon="-111.497720000">
        <ele>1138</ele>
      </trkpt>
      <trkpt lat="33.891040000" lon="-111.497560000">
        <ele>1137</ele>
      </trkpt>
      <trkpt lat="33.890810000" lon="-111.497300000">
        <ele>1135</ele>
      </trkpt>
      <trkpt lat="33.890610000" lon="-111.497200000">
        <ele>1135</ele>
      </trkpt>
      <trkpt lat="33.890580000" lon="-111.497140000">
        <ele>1135</ele>
      </trkpt>
      <trkpt lat="33.890400000" lon="-111.497020000">
        <ele>1135</ele>
      </trkpt>
      <trkpt lat="33.890090000" lon="-111.496690000">
        <ele>1134</ele>
      </trkpt>
      <trkpt lat="33.889670000" lon="-111.496110000">
        <ele>1129</ele>
      </trkpt>
      <trkpt lat="33.889470000" lon="-111.496020000">
        <ele>1129</ele>
      </trkpt>
      <trkpt lat="33.889430000" lon="-111.495920000">
        <ele>1127</ele>
      </trkpt>
      <trkpt lat="33.889370000" lon="-111.495470000">
        <ele>1123</ele>
      </trkpt>
      <trkpt lat="33.889310000" lon="-111.495290000">
        <ele>1121</ele>
      </trkpt>
      <trkpt lat="33.889240000" lon="-111.495190000">
        <ele>1121</ele>
      </trkpt>
      <trkpt lat="33.889090000" lon="-111.495120000">
        <ele>1121</ele>
      </trkpt>
      <trkpt lat="33.888940000" lon="-111.495120000">
        <ele>1121</ele>
      </trkpt>
      <trkpt lat="33.888790000" lon="-111.495180000">
        <ele>1121</ele>
      </trkpt>
      <trkpt lat="33.888680000" lon="-111.495180000">
        <ele>1121</ele>
      </trkpt>
      <trkpt lat="33.888600000" lon="-111.495140000">
        <ele>1121</ele>
      </trkpt>
      <trkpt lat="33.888450000" lon="-111.495130000">
        <ele>1121</ele>
      </trkpt>
      <trkpt lat="33.888400000" lon="-111.495090000">
        <ele>1121</ele>
      </trkpt>
      <trkpt lat="33.888370000" lon="-111.495050000">
        <ele>1121</ele>
      </trkpt>
      <trkpt lat="33.888340000" lon="-111.494860000">
        <ele>1121</ele>
      </trkpt>
      <trkpt lat="33.888150000" lon="-111.494640000">
        <ele>1120</ele>
      </trkpt>
      <trkpt lat="33.887920000" lon="-111.494440000">
        <ele>1120</ele>
      </trkpt>
      <trkpt lat="33.887750000" lon="-111.494160000">
        <ele>1120</ele>
      </trkpt>
      <trkpt lat="33.887690000" lon="-111.493990000">
        <ele>1119</ele>
      </trkpt>
      <trkpt lat="33.887660000" lon="-111.493760000">
        <ele>1117</ele>
      </trkpt>
      <trkpt lat="33.887600000" lon="-111.493560000">
        <ele>1115</ele>
      </trkpt>
      <trkpt lat="33.887550000" lon="-111.493270000">
        <ele>1112</ele>
      </trkpt>
      <trkpt lat="33.887450000" lon="-111.493110000">
        <ele>1110</ele>
      </trkpt>
      <trkpt lat="33.887380000" lon="-111.493040000">
        <ele>1110</ele>
      </trkpt>
      <trkpt lat="33.887140000" lon="-111.492930000">
        <ele>1110</ele>
      </trkpt>
      <trkpt lat="33.887090000" lon="-111.492950000">
        <ele>1110</ele>
      </trkpt>
      <trkpt lat="33.887030000" lon="-111.493050000">
        <ele>1112</ele>
      </trkpt>
      <trkpt lat="33.886880000" lon="-111.493070000">
        <ele>1114</ele>
      </trkpt>
      <trkpt lat="33.886780000" lon="-111.493110000">
        <ele>1115</ele>
      </trkpt>
      <trkpt lat="33.886740000" lon="-111.493090000">
        <ele>1116</ele>
      </trkpt>
      <trkpt lat="33.886700000" lon="-111.493040000">
        <ele>1116</ele>
      </trkpt>
      <trkpt lat="33.886590000" lon="-111.492710000">
        <ele>1114</ele>
      </trkpt>
      <trkpt lat="33.886380000" lon="-111.492480000">
        <ele>1115</ele>
      </trkpt>
      <trkpt lat="33.886200000" lon="-111.492360000">
        <ele>1113</ele>
      </trkpt>
      <trkpt lat="33.885850000" lon="-111.492180000">
        <ele>1110</ele>
      </trkpt>
      <trkpt lat="33.885620000" lon="-111.492020000">
        <ele>1110</ele>
      </trkpt>
      <trkpt lat="33.885580000" lon="-111.491980000">
        <ele>1110</ele>
      </trkpt>
      <trkpt lat="33.885450000" lon="-111.491620000">
        <ele>1111</ele>
      </trkpt>
      <trkpt lat="33.885300000" lon="-111.491390000">
        <ele>1112</ele>
      </trkpt>
      <trkpt lat="33.885230000" lon="-111.491160000">
        <ele>1111</ele>
      </trkpt>
      <trkpt lat="33.885230000" lon="-111.490980000">
        <ele>1110</ele>
      </trkpt>
      <trkpt lat="33.885280000" lon="-111.490800000">
        <ele>1108</ele>
      </trkpt>
      <trkpt lat="33.885210000" lon="-111.490500000">
        <ele>1109</ele>
      </trkpt>
      <trkpt lat="33.885210000" lon="-111.490370000">
        <ele>1110</ele>
      </trkpt>
      <trkpt lat="33.885230000" lon="-111.490310000">
        <ele>1111</ele>
      </trkpt>
      <trkpt lat="33.885130000" lon="-111.490030000">
        <ele>1113</ele>
      </trkpt>
      <trkpt lat="33.885030000" lon="-111.489500000">
        <ele>1109</ele>
      </trkpt>
      <trkpt lat="33.884950000" lon="-111.489360000">
        <ele>1107</ele>
      </trkpt>
      <trkpt lat="33.884760000" lon="-111.489160000">
        <ele>1106</ele>
      </trkpt>
      <trkpt lat="33.884680000" lon="-111.489000000">
        <ele>1106</ele>
      </trkpt>
      <trkpt lat="33.884670000" lon="-111.488940000">
        <ele>1106</ele>
      </trkpt>
      <trkpt lat="33.884740000" lon="-111.488760000">
        <ele>1106</ele>
      </trkpt>
      <trkpt lat="33.884780000" lon="-111.488570000">
        <ele>1106</ele>
      </trkpt>
      <trkpt lat="33.884870000" lon="-111.488370000">
        <ele>1107</ele>
      </trkpt>
      <trkpt lat="33.884870000" lon="-111.488260000">
        <ele>1109</ele>
      </trkpt>
      <trkpt lat="33.884440000" lon="-111.487750000">
        <ele>1111</ele>
      </trkpt>
      <trkpt lat="33.884280000" lon="-111.487450000">
        <ele>1109</ele>
      </trkpt>
      <trkpt lat="33.884190000" lon="-111.487320000">
        <ele>1108</ele>
      </trkpt>
      <trkpt lat="33.884120000" lon="-111.487160000">
        <ele>1107</ele>
      </trkpt>
      <trkpt lat="33.883970000" lon="-111.487020000">
        <ele>1104</ele>
      </trkpt>
      <trkpt lat="33.883940000" lon="-111.486790000">
        <ele>1103</ele>
      </trkpt>
      <trkpt lat="33.884020000" lon="-111.486420000">
        <ele>1101</ele>
      </trkpt>
      <trkpt lat="33.883940000" lon="-111.486170000">
        <ele>1101</ele>
      </trkpt>
      <trkpt lat="33.883520000" lon="-111.485770000">
        <ele>1092</ele>
      </trkpt>
      <trkpt lat="33.883390000" lon="-111.485570000">
        <ele>1087</ele>
      </trkpt>
      <trkpt lat="33.883290000" lon="-111.485200000">
        <ele>1085</ele>
      </trkpt>
      <trkpt lat="33.883170000" lon="-111.484940000">
        <ele>1084</ele>
      </trkpt>
      <trkpt lat="33.883110000" lon="-111.484760000">
        <ele>1084</ele>
      </trkpt>
      <trkpt lat="33.883050000" lon="-111.484650000">
        <ele>1084</ele>
      </trkpt>
      <trkpt lat="33.883000000" lon="-111.484620000">
        <ele>1084</ele>
      </trkpt>
      <trkpt lat="33.882850000" lon="-111.484610000">
        <ele>1083</ele>
      </trkpt>
      <trkpt lat="33.882770000" lon="-111.484550000">
        <ele>1083</ele>
      </trkpt>
      <trkpt lat="33.882610000" lon="-111.484260000">
        <ele>1082</ele>
      </trkpt>
      <trkpt lat="33.882500000" lon="-111.483990000">
        <ele>1082</ele>
      </trkpt>
      <trkpt lat="33.882080000" lon="-111.483510000">
        <ele>1080</ele>
      </trkpt>
      <trkpt lat="33.881930000" lon="-111.483370000">
        <ele>1080</ele>
      </trkpt>
      <trkpt lat="33.881830000" lon="-111.482930000">
        <ele>1077</ele>
      </trkpt>
      <trkpt lat="33.881780000" lon="-111.482820000">
        <ele>1077</ele>
      </trkpt>
      <trkpt lat="33.881650000" lon="-111.482640000">
        <ele>1076</ele>
      </trkpt>
      <trkpt lat="33.881530000" lon="-111.482510000">
        <ele>1075</ele>
      </trkpt>
      <trkpt lat="33.881300000" lon="-111.482410000">
        <ele>1075</ele>
      </trkpt>
      <trkpt lat="33.881150000" lon="-111.482240000">
        <ele>1074</ele>
      </trkpt>
      <trkpt lat="33.880930000" lon="-111.482120000">
        <ele>1073</ele>
      </trkpt>
      <trkpt lat="33.880620000" lon="-111.481780000">
        <ele>1073</ele>
      </trkpt>
      <trkpt lat="33.880140000" lon="-111.481750000">
        <ele>1073</ele>
      </trkpt>
      <trkpt lat="33.879950000" lon="-111.481760000">
        <ele>1074</ele>
      </trkpt>
      <trkpt lat="33.879790000" lon="-111.481710000">
        <ele>1074</ele>
      </trkpt>
      <trkpt lat="33.879660000" lon="-111.481590000">
        <ele>1074</ele>
      </trkpt>
      <trkpt lat="33.879590000" lon="-111.481430000">
        <ele>1073</ele>
      </trkpt>
      <trkpt lat="33.879470000" lon="-111.481230000">
        <ele>1073</ele>
      </trkpt>
      <trkpt lat="33.879330000" lon="-111.481070000">
        <ele>1073</ele>
      </trkpt>
      <trkpt lat="33.879200000" lon="-111.480960000">
        <ele>1073</ele>
      </trkpt>
      <trkpt lat="33.878940000" lon="-111.480820000">
        <ele>1073</ele>
      </trkpt>
      <trkpt lat="33.878480000" lon="-111.480650000">
        <ele>1073</ele>
      </trkpt>
      <trkpt lat="33.878210000" lon="-111.480600000">
        <ele>1073</ele>
      </trkpt>
      <trkpt lat="33.878030000" lon="-111.480470000">
        <ele>1073</ele>
      </trkpt>
      <trkpt lat="33.877800000" lon="-111.480390000">
        <ele>1073</ele>
      </trkpt>
      <trkpt lat="33.877590000" lon="-111.480410000">
        <ele>1073</ele>
      </trkpt>
      <trkpt lat="33.877550000" lon="-111.480440000">
        <ele>1073</ele>
      </trkpt>
      <trkpt lat="33.877340000" lon="-111.480420000">
        <ele>1073</ele>
      </trkpt>
      <trkpt lat="33.876990000" lon="-111.480340000">
        <ele>1073</ele>
      </trkpt>
      <trkpt lat="33.876670000" lon="-111.480320000">
        <ele>1073</ele>
      </trkpt>
      <trkpt lat="33.876520000" lon="-111.480250000">
        <ele>1073</ele>
      </trkpt>
      <trkpt lat="33.876420000" lon="-111.480220000">
        <ele>1073</ele>
      </trkpt>
      <trkpt lat="33.876070000" lon="-111.480370000">
        <ele>1073</ele>
      </trkpt>
      <trkpt lat="33.875850000" lon="-111.480330000">
        <ele>1072</ele>
      </trkpt>
      <trkpt lat="33.875550000" lon="-111.480400000">
        <ele>1072</ele>
      </trkpt>
      <trkpt lat="33.875230000" lon="-111.480390000">
        <ele>1072</ele>
      </trkpt>
      <trkpt lat="33.875020000" lon="-111.480300000">
        <ele>1073</ele>
      </trkpt>
      <trkpt lat="33.874890000" lon="-111.480200000">
        <ele>1073</ele>
      </trkpt>
      <trkpt lat="33.874700000" lon="-111.479770000">
        <ele>1079</ele>
      </trkpt>
      <trkpt lat="33.874460000" lon="-111.479420000">
        <ele>1083</ele>
      </trkpt>
      <trkpt lat="33.874070000" lon="-111.479070000">
        <ele>1086</ele>
      </trkpt>
      <trkpt lat="33.873970000" lon="-111.479030000">
        <ele>1086</ele>
      </trkpt>
      <trkpt lat="33.873560000" lon="-111.478980000">
        <ele>1086</ele>
      </trkpt>
      <trkpt lat="33.873420000" lon="-111.478940000">
        <ele>1085</ele>
      </trkpt>
      <trkpt lat="33.873310000" lon="-111.478980000">
        <ele>1085</ele>
      </trkpt>
      <trkpt lat="33.873010000" lon="-111.479000000">
        <ele>1083</ele>
      </trkpt>
      <trkpt lat="33.872790000" lon="-111.479140000">
        <ele>1084</ele>
      </trkpt>
      <trkpt lat="33.872580000" lon="-111.479230000">
        <ele>1084</ele>
      </trkpt>
      <trkpt lat="33.872280000" lon="-111.479230000">
        <ele>1082</ele>
      </trkpt>
      <trkpt lat="33.872140000" lon="-111.479180000">
        <ele>1081</ele>
      </trkpt>
      <trkpt lat="33.871960000" lon="-111.479050000">
        <ele>1083</ele>
      </trkpt>
      <trkpt lat="33.871910000" lon="-111.478890000">
        <ele>1085</ele>
      </trkpt>
      <trkpt lat="33.871900000" lon="-111.478720000">
        <ele>1086</ele>
      </trkpt>
      <trkpt lat="33.871780000" lon="-111.478240000">
        <ele>1090</ele>
      </trkpt>
      <trkpt lat="33.871680000" lon="-111.478110000">
        <ele>1091</ele>
      </trkpt>
      <trkpt lat="33.871640000" lon="-111.478080000">
        <ele>1092</ele>
      </trkpt>
      <trkpt lat="33.871430000" lon="-111.478030000">
        <ele>1092</ele>
      </trkpt>
      <trkpt lat="33.871230000" lon="-111.478070000">
        <ele>1092</ele>
      </trkpt>
      <trkpt lat="33.871000000" lon="-111.478200000">
        <ele>1093</ele>
      </trkpt>
      <trkpt lat="33.870920000" lon="-111.478280000">
        <ele>1094</ele>
      </trkpt>
      <trkpt lat="33.870780000" lon="-111.478640000">
        <ele>1102</ele>
      </trkpt>
      <trkpt lat="33.870740000" lon="-111.478690000">
        <ele>1103</ele>
      </trkpt>
      <trkpt lat="33.870480000" lon="-111.478870000">
        <ele>1108</ele>
      </trkpt>
      <trkpt lat="33.870270000" lon="-111.479200000">
        <ele>1111</ele>
      </trkpt>
      <trkpt lat="33.870220000" lon="-111.479370000">
        <ele>1110</ele>
      </trkpt>
      <trkpt lat="33.869950000" lon="-111.479570000">
        <ele>1109</ele>
      </trkpt>
      <trkpt lat="33.869850000" lon="-111.479700000">
        <ele>1109</ele>
      </trkpt>
      <trkpt lat="33.869650000" lon="-111.479890000">
        <ele>1109</ele>
      </trkpt>
      <trkpt lat="33.869340000" lon="-111.480100000">
        <ele>1109</ele>
      </trkpt>
      <trkpt lat="33.869190000" lon="-111.480170000">
        <ele>1109</ele>
      </trkpt>
      <trkpt lat="33.869050000" lon="-111.480150000">
        <ele>1109</ele>
      </trkpt>
      <trkpt lat="33.868930000" lon="-111.480180000">
        <ele>1109</ele>
      </trkpt>
      <trkpt lat="33.868840000" lon="-111.480160000">
        <ele>1109</ele>
      </trkpt>
      <trkpt lat="33.868630000" lon="-111.480060000">
        <ele>1109</ele>
      </trkpt>
      <trkpt lat="33.868280000" lon="-111.479850000">
        <ele>1107</ele>
      </trkpt>
      <trkpt lat="33.868230000" lon="-111.479840000">
        <ele>1107</ele>
      </trkpt>
      <trkpt lat="33.868040000" lon="-111.479670000">
        <ele>1102</ele>
      </trkpt>
      <trkpt lat="33.867940000" lon="-111.479630000">
        <ele>1101</ele>
      </trkpt>
      <trkpt lat="33.867780000" lon="-111.479680000">
        <ele>1100</ele>
      </trkpt>
      <trkpt lat="33.867680000" lon="-111.479750000">
        <ele>1101</ele>
      </trkpt>
      <trkpt lat="33.867390000" lon="-111.480170000">
        <ele>1108</ele>
      </trkpt>
      <trkpt lat="33.867290000" lon="-111.480200000">
        <ele>1108</ele>
      </trkpt>
      <trkpt lat="33.867160000" lon="-111.480320000">
        <ele>1108</ele>
      </trkpt>
      <trkpt lat="33.867010000" lon="-111.480380000">
        <ele>1106</ele>
      </trkpt>
      <trkpt lat="33.866930000" lon="-111.480470000">
        <ele>1103</ele>
      </trkpt>
      <trkpt lat="33.866770000" lon="-111.480490000">
        <ele>1099</ele>
      </trkpt>
      <trkpt lat="33.866640000" lon="-111.480620000">
        <ele>1095</ele>
      </trkpt>
      <trkpt lat="33.866490000" lon="-111.480620000">
        <ele>1095</ele>
      </trkpt>
      <trkpt lat="33.866240000" lon="-111.480530000">
        <ele>1095</ele>
      </trkpt>
      <trkpt lat="33.866020000" lon="-111.480510000">
        <ele>1096</ele>
      </trkpt>
      <trkpt lat="33.865920000" lon="-111.480460000">
        <ele>1095</ele>
      </trkpt>
      <trkpt lat="33.865800000" lon="-111.480310000">
        <ele>1094</ele>
      </trkpt>
      <trkpt lat="33.865670000" lon="-111.480230000">
        <ele>1092</ele>
      </trkpt>
      <trkpt lat="33.865510000" lon="-111.480180000">
        <ele>1091</ele>
      </trkpt>
      <trkpt lat="33.865300000" lon="-111.479980000">
        <ele>1088</ele>
      </trkpt>
      <trkpt lat="33.865280000" lon="-111.479930000">
        <ele>1088</ele>
      </trkpt>
      <trkpt lat="33.865280000" lon="-111.479670000">
        <ele>1086</ele>
      </trkpt>
      <trkpt lat="33.865310000" lon="-111.479490000">
        <ele>1085</ele>
      </trkpt>
      <trkpt lat="33.865150000" lon="-111.479150000">
        <ele>1085</ele>
      </trkpt>
      <trkpt lat="33.865080000" lon="-111.479040000">
        <ele>1085</ele>
      </trkpt>
      <trkpt lat="33.865070000" lon="-111.478880000">
        <ele>1084</ele>
      </trkpt>
      <trkpt lat="33.865030000" lon="-111.478710000">
        <ele>1083</ele>
      </trkpt>
      <trkpt lat="33.864920000" lon="-111.478570000">
        <ele>1082</ele>
      </trkpt>
      <trkpt lat="33.864850000" lon="-111.478390000">
        <ele>1080</ele>
      </trkpt>
      <trkpt lat="33.864850000" lon="-111.477910000">
        <ele>1073</ele>
      </trkpt>
      <trkpt lat="33.864930000" lon="-111.477490000">
        <ele>1073</ele>
      </trkpt>
      <trkpt lat="33.864870000" lon="-111.477230000">
        <ele>1073</ele>
      </trkpt>
      <trkpt lat="33.864870000" lon="-111.477040000">
        <ele>1074</ele>
      </trkpt>
      <trkpt lat="33.864800000" lon="-111.476530000">
        <ele>1075</ele>
      </trkpt>
      <trkpt lat="33.864820000" lon="-111.476340000">
        <ele>1076</ele>
      </trkpt>
      <trkpt lat="33.864760000" lon="-111.475970000">
        <ele>1071</ele>
      </trkpt>
      <trkpt lat="33.864760000" lon="-111.475800000">
        <ele>1071</ele>
      </trkpt>
      <trkpt lat="33.864710000" lon="-111.475690000">
        <ele>1071</ele>
      </trkpt>
      <trkpt lat="33.864660000" lon="-111.475660000">
        <ele>1070</ele>
      </trkpt>
      <trkpt lat="33.864620000" lon="-111.475680000">
        <ele>1069</ele>
      </trkpt>
      <trkpt lat="33.864570000" lon="-111.475660000">
        <ele>1068</ele>
      </trkpt>
      <trkpt lat="33.864460000" lon="-111.475410000">
        <ele>1065</ele>
      </trkpt>
      <trkpt lat="33.864310000" lon="-111.475390000">
        <ele>1062</ele>
      </trkpt>
      <trkpt lat="33.864120000" lon="-111.475480000">
        <ele>1061</ele>
      </trkpt>
      <trkpt lat="33.864080000" lon="-111.475450000">
        <ele>1060</ele>
      </trkpt>
      <trkpt lat="33.864060000" lon="-111.475400000">
        <ele>1060</ele>
      </trkpt>
      <trkpt lat="33.864090000" lon="-111.475350000">
        <ele>1060</ele>
      </trkpt>
      <trkpt lat="33.864090000" lon="-111.475100000">
        <ele>1060</ele>
      </trkpt>
      <trkpt lat="33.864040000" lon="-111.475090000">
        <ele>1060</ele>
      </trkpt>
      <trkpt lat="33.863940000" lon="-111.474860000">
        <ele>1061</ele>
      </trkpt>
      <trkpt lat="33.863910000" lon="-111.474690000">
        <ele>1062</ele>
      </trkpt>
      <trkpt lat="33.863790000" lon="-111.474570000">
        <ele>1065</ele>
      </trkpt>
      <trkpt lat="33.863650000" lon="-111.474470000">
        <ele>1069</ele>
      </trkpt>
      <trkpt lat="33.863630000" lon="-111.474410000">
        <ele>1068</ele>
      </trkpt>
      <trkpt lat="33.863620000" lon="-111.474200000">
        <ele>1062</ele>
      </trkpt>
      <trkpt lat="33.863520000" lon="-111.474150000">
        <ele>1062</ele>
      </trkpt>
      <trkpt lat="33.863320000" lon="-111.474130000">
        <ele>1062</ele>
      </trkpt>
      <trkpt lat="33.863190000" lon="-111.474250000">
        <ele>1063</ele>
      </trkpt>
      <trkpt lat="33.863160000" lon="-111.474370000">
        <ele>1065</ele>
      </trkpt>
      <trkpt lat="33.862760000" lon="-111.474610000">
        <ele>1062</ele>
      </trkpt>
      <trkpt lat="33.862660000" lon="-111.474620000">
        <ele>1060</ele>
      </trkpt>
      <trkpt lat="33.862620000" lon="-111.474590000">
        <ele>1060</ele>
      </trkpt>
      <trkpt lat="33.862540000" lon="-111.474440000">
        <ele>1059</ele>
      </trkpt>
      <trkpt lat="33.862450000" lon="-111.474380000">
        <ele>1059</ele>
      </trkpt>
      <trkpt lat="33.862390000" lon="-111.474280000">
        <ele>1059</ele>
      </trkpt>
      <trkpt lat="33.862350000" lon="-111.473790000">
        <ele>1059</ele>
      </trkpt>
      <trkpt lat="33.862440000" lon="-111.473610000">
        <ele>1060</ele>
      </trkpt>
      <trkpt lat="33.862470000" lon="-111.473500000">
        <ele>1060</ele>
      </trkpt>
      <trkpt lat="33.862440000" lon="-111.473460000">
        <ele>1060</ele>
      </trkpt>
      <trkpt lat="33.862340000" lon="-111.472640000">
        <ele>1049</ele>
      </trkpt>
      <trkpt lat="33.862520000" lon="-111.472810000">
        <ele>1048</ele>
      </trkpt>
      <trkpt lat="33.862410000" lon="-111.472760000">
        <ele>1048</ele>
      </trkpt>
      <trkpt lat="33.862380000" lon="-111.472700000">
        <ele>1048</ele>
      </trkpt>
      <trkpt lat="33.862380000" lon="-111.472560000">
        <ele>1049</ele>
      </trkpt>
      <trkpt lat="33.862410000" lon="-111.472440000">
        <ele>1048</ele>
      </trkpt>
      <trkpt lat="33.862390000" lon="-111.472200000">
        <ele>1047</ele>
      </trkpt>
      <trkpt lat="33.862300000" lon="-111.471970000">
        <ele>1047</ele>
      </trkpt>
      <trkpt lat="33.862240000" lon="-111.471760000">
        <ele>1047</ele>
      </trkpt>
      <trkpt lat="33.862380000" lon="-111.471480000">
        <ele>1047</ele>
      </trkpt>
      <trkpt lat="33.862380000" lon="-111.471300000">
        <ele>1047</ele>
      </trkpt>
      <trkpt lat="33.862410000" lon="-111.471060000">
        <ele>1047</ele>
      </trkpt>
      <trkpt lat="33.862320000" lon="-111.470830000">
        <ele>1047</ele>
      </trkpt>
      <trkpt lat="33.862320000" lon="-111.470520000">
        <ele>1047</ele>
      </trkpt>
      <trkpt lat="33.862350000" lon="-111.470320000">
        <ele>1047</ele>
      </trkpt>
      <trkpt lat="33.862360000" lon="-111.470070000">
        <ele>1047</ele>
      </trkpt>
      <trkpt lat="33.862320000" lon="-111.469680000">
        <ele>1047</ele>
      </trkpt>
      <trkpt lat="33.862370000" lon="-111.469430000">
        <ele>1047</ele>
      </trkpt>
      <trkpt lat="33.862580000" lon="-111.469250000">
        <ele>1047</ele>
      </trkpt>
      <trkpt lat="33.862740000" lon="-111.468990000">
        <ele>1048</ele>
      </trkpt>
      <trkpt lat="33.862830000" lon="-111.468810000">
        <ele>1048</ele>
      </trkpt>
      <trkpt lat="33.862850000" lon="-111.468690000">
        <ele>1048</ele>
      </trkpt>
      <trkpt lat="33.862830000" lon="-111.468510000">
        <ele>1048</ele>
      </trkpt>
      <trkpt lat="33.862850000" lon="-111.468250000">
        <ele>1048</ele>
      </trkpt>
      <trkpt lat="33.862960000" lon="-111.468120000">
        <ele>1048</ele>
      </trkpt>
      <trkpt lat="33.863060000" lon="-111.467950000">
        <ele>1048</ele>
      </trkpt>
      <trkpt lat="33.863170000" lon="-111.467710000">
        <ele>1048</ele>
      </trkpt>
      <trkpt lat="33.863200000" lon="-111.467520000">
        <ele>1047</ele>
      </trkpt>
      <trkpt lat="33.863300000" lon="-111.467240000">
        <ele>1045</ele>
      </trkpt>
      <trkpt lat="33.863500000" lon="-111.467050000">
        <ele>1041</ele>
      </trkpt>
      <trkpt lat="33.863700000" lon="-111.466880000">
        <ele>1039</ele>
      </trkpt>
      <trkpt lat="33.863860000" lon="-111.466840000">
        <ele>1037</ele>
      </trkpt>
      <trkpt lat="33.863970000" lon="-111.466830000">
        <ele>1036</ele>
      </trkpt>
      <trkpt lat="33.863980000" lon="-111.466780000">
        <ele>1036</ele>
      </trkpt>
      <trkpt lat="33.863920000" lon="-111.466690000">
        <ele>1036</ele>
      </trkpt>
      <trkpt lat="33.863940000" lon="-111.466640000">
        <ele>1036</ele>
      </trkpt>
      <trkpt lat="33.864060000" lon="-111.466440000">
        <ele>1036</ele>
      </trkpt>
      <trkpt lat="33.864100000" lon="-111.466430000">
        <ele>1036</ele>
      </trkpt>
      <trkpt lat="33.864040000" lon="-111.466280000">
        <ele>1036</ele>
      </trkpt>
      <trkpt lat="33.864030000" lon="-111.466160000">
        <ele>1036</ele>
      </trkpt>
      <trkpt lat="33.863950000" lon="-111.466080000">
        <ele>1036</ele>
      </trkpt>
      <trkpt lat="33.863940000" lon="-111.466000000">
        <ele>1036</ele>
      </trkpt>
      <trkpt lat="33.863980000" lon="-111.465890000">
        <ele>1036</ele>
      </trkpt>
      <trkpt lat="33.864000000" lon="-111.465710000">
        <ele>1036</ele>
      </trkpt>
      <trkpt lat="33.863970000" lon="-111.465660000">
        <ele>1036</ele>
      </trkpt>
      <trkpt lat="33.863970000" lon="-111.465460000">
        <ele>1036</ele>
      </trkpt>
      <trkpt lat="33.863910000" lon="-111.465160000">
        <ele>1036</ele>
      </trkpt>
      <trkpt lat="33.864000000" lon="-111.464880000">
        <ele>1036</ele>
      </trkpt>
      <trkpt lat="33.863970000" lon="-111.464680000">
        <ele>1036</ele>
      </trkpt>
      <trkpt lat="33.863990000" lon="-111.464500000">
        <ele>1036</ele>
      </trkpt>
      <trkpt lat="33.863950000" lon="-111.464390000">
        <ele>1036</ele>
      </trkpt>
      <trkpt lat="33.863930000" lon="-111.464150000">
        <ele>1036</ele>
      </trkpt>
      <trkpt lat="33.863960000" lon="-111.464030000">
        <ele>1036</ele>
      </trkpt>
      <trkpt lat="33.864000000" lon="-111.463990000">
        <ele>1036</ele>
      </trkpt>
      <trkpt lat="33.864090000" lon="-111.463960000">
        <ele>1036</ele>
      </trkpt>
      <trkpt lat="33.864190000" lon="-111.463960000">
        <ele>1036</ele>
      </trkpt>
      <trkpt lat="33.864230000" lon="-111.463990000">
        <ele>1036</ele>
      </trkpt>
      <trkpt lat="33.864270000" lon="-111.464160000">
        <ele>1036</ele>
      </trkpt>
      <trkpt lat="33.864460000" lon="-111.464460000">
        <ele>1036</ele>
      </trkpt>
      <trkpt lat="33.864630000" lon="-111.464620000">
        <ele>1036</ele>
      </trkpt>
      <trkpt lat="33.864770000" lon="-111.464710000">
        <ele>1037</ele>
      </trkpt>
      <trkpt lat="33.865180000" lon="-111.464810000">
        <ele>1038</ele>
      </trkpt>
      <trkpt lat="33.866030000" lon="-111.465130000">
        <ele>1039</ele>
      </trkpt>
      <trkpt lat="33.866890000" lon="-111.465320000">
        <ele>1043</ele>
      </trkpt>
      <trkpt lat="33.867060000" lon="-111.465380000">
        <ele>1044</ele>
      </trkpt>
      <trkpt lat="33.867480000" lon="-111.465460000">
        <ele>1046</ele>
      </trkpt>
      <trkpt lat="33.867570000" lon="-111.465500000">
        <ele>1046</ele>
      </trkpt>
      <trkpt lat="33.867890000" lon="-111.465590000">
        <ele>1048</ele>
      </trkpt>
      <trkpt lat="33.868000000" lon="-111.465590000">
        <ele>1048</ele>
      </trkpt>
      <trkpt lat="33.868210000" lon="-111.465590000">
        <ele>1049</ele>
      </trkpt>
      <trkpt lat="33.868450000" lon="-111.465510000">
        <ele>1049</ele>
      </trkpt>
      <trkpt lat="33.868980000" lon="-111.465210000">
        <ele>1049</ele>
      </trkpt>
      <trkpt lat="33.869030000" lon="-111.465200000">
        <ele>1049</ele>
      </trkpt>
      <trkpt lat="33.869010000" lon="-111.465250000">
        <ele>1049</ele>
      </trkpt>
      <trkpt lat="33.868870000" lon="-111.465350000">
        <ele>1049</ele>
      </trkpt>
      <trkpt lat="33.868860000" lon="-111.465490000">
        <ele>1049</ele>
      </trkpt>
      <trkpt lat="33.868740000" lon="-111.465600000">
        <ele>1049</ele>
      </trkpt>
      <trkpt lat="33.868640000" lon="-111.465650000">
        <ele>1049</ele>
      </trkpt>
      <trkpt lat="33.868550000" lon="-111.465660000">
        <ele>1049</ele>
      </trkpt>
      <trkpt lat="33.868330000" lon="-111.465830000">
        <ele>1048</ele>
      </trkpt>
      <trkpt lat="33.868270000" lon="-111.465840000">
        <ele>1048</ele>
      </trkpt>
      <trkpt lat="33.868170000" lon="-111.465820000">
        <ele>1048</ele>
      </trkpt>
      <trkpt lat="33.868180000" lon="-111.465940000">
        <ele>1048</ele>
      </trkpt>
      <trkpt lat="33.868150000" lon="-111.465980000">
        <ele>1047</ele>
      </trkpt>
      <trkpt lat="33.868060000" lon="-111.466020000">
        <ele>1047</ele>
      </trkpt>
      <trkpt lat="33.868030000" lon="-111.466070000">
        <ele>1047</ele>
      </trkpt>
      <trkpt lat="33.867870000" lon="-111.466080000">
        <ele>1046</ele>
      </trkpt>
      <trkpt lat="33.867840000" lon="-111.466130000">
        <ele>1046</ele>
      </trkpt>
      <trkpt lat="33.867850000" lon="-111.466190000">
        <ele>1046</ele>
      </trkpt>
      <trkpt lat="33.867970000" lon="-111.466440000">
        <ele>1045</ele>
      </trkpt>
      <trkpt lat="33.868060000" lon="-111.466530000">
        <ele>1045</ele>
      </trkpt>
      <trkpt lat="33.868140000" lon="-111.466800000">
        <ele>1044</ele>
      </trkpt>
      <trkpt lat="33.868230000" lon="-111.466870000">
        <ele>1044</ele>
      </trkpt>
      <trkpt lat="33.868510000" lon="-111.466990000">
        <ele>1044</ele>
      </trkpt>
      <trkpt lat="33.868660000" lon="-111.467090000">
        <ele>1044</ele>
      </trkpt>
      <trkpt lat="33.868710000" lon="-111.467100000">
        <ele>1044</ele>
      </trkpt>
      <trkpt lat="33.868990000" lon="-111.467250000">
        <ele>1044</ele>
      </trkpt>
      <trkpt lat="33.869400000" lon="-111.467280000">
        <ele>1044</ele>
      </trkpt>
      <trkpt lat="33.869540000" lon="-111.467230000">
        <ele>1045</ele>
      </trkpt>
      <trkpt lat="33.869660000" lon="-111.467250000">
        <ele>1045</ele>
      </trkpt>
      <trkpt lat="33.869750000" lon="-111.467350000">
        <ele>1045</ele>
      </trkpt>
      <trkpt lat="33.869830000" lon="-111.467520000">
        <ele>1044</ele>
      </trkpt>
      <trkpt lat="33.869850000" lon="-111.467660000">
        <ele>1044</ele>
      </trkpt>
      <trkpt lat="33.869830000" lon="-111.467710000">
        <ele>1044</ele>
      </trkpt>
      <trkpt lat="33.869900000" lon="-111.467740000">
        <ele>1044</ele>
      </trkpt>
      <trkpt lat="33.869910000" lon="-111.467800000">
        <ele>1044</ele>
      </trkpt>
      <trkpt lat="33.869870000" lon="-111.467750000">
        <ele>1044</ele>
      </trkpt>
      <trkpt lat="33.869910000" lon="-111.467790000">
        <ele>1044</ele>
      </trkpt>
      <trkpt lat="33.870650000" lon="-111.467920000">
        <ele>1045</ele>
      </trkpt>
      <trkpt lat="33.870770000" lon="-111.468050000">
        <ele>1045</ele>
      </trkpt>
      <trkpt lat="33.870820000" lon="-111.468070000">
        <ele>1045</ele>
      </trkpt>
      <trkpt lat="33.870930000" lon="-111.468080000">
        <ele>1045</ele>
      </trkpt>
      <trkpt lat="33.871320000" lon="-111.468220000">
        <ele>1045</ele>
      </trkpt>
      <trkpt lat="33.871890000" lon="-111.468470000">
        <ele>1046</ele>
      </trkpt>
      <trkpt lat="33.872100000" lon="-111.468660000">
        <ele>1046</ele>
      </trkpt>
      <trkpt lat="33.872200000" lon="-111.468700000">
        <ele>1046</ele>
      </trkpt>
      <trkpt lat="33.872330000" lon="-111.468810000">
        <ele>1046</ele>
      </trkpt>
      <trkpt lat="33.872420000" lon="-111.468860000">
        <ele>1046</ele>
      </trkpt>
      <trkpt lat="33.873000000" lon="-111.469320000">
        <ele>1045</ele>
      </trkpt>
      <trkpt lat="33.873160000" lon="-111.469490000">
        <ele>1045</ele>
      </trkpt>
      <trkpt lat="33.873640000" lon="-111.469870000">
        <ele>1046</ele>
      </trkpt>
      <trkpt lat="33.873860000" lon="-111.470080000">
        <ele>1046</ele>
      </trkpt>
      <trkpt lat="33.873970000" lon="-111.470230000">
        <ele>1047</ele>
      </trkpt>
      <trkpt lat="33.874100000" lon="-111.470330000">
        <ele>1048</ele>
      </trkpt>
      <trkpt lat="33.874390000" lon="-111.470590000">
        <ele>1048</ele>
      </trkpt>
      <trkpt lat="33.875110000" lon="-111.471320000">
        <ele>1051</ele>
      </trkpt>
      <trkpt lat="33.875790000" lon="-111.471950000">
        <ele>1056</ele>
      </trkpt>
      <trkpt lat="33.876260000" lon="-111.472330000">
        <ele>1057</ele>
      </trkpt>
      <trkpt lat="33.876820000" lon="-111.472890000">
        <ele>1058</ele>
      </trkpt>
      <trkpt lat="33.877700000" lon="-111.473630000">
        <ele>1059</ele>
      </trkpt>
      <trkpt lat="33.878320000" lon="-111.474050000">
        <ele>1059</ele>
      </trkpt>
      <trkpt lat="33.879350000" lon="-111.474590000">
        <ele>1059</ele>
      </trkpt>
      <trkpt lat="33.880620000" lon="-111.475120000">
        <ele>1060</ele>
      </trkpt>
      <trkpt lat="33.881980000" lon="-111.475530000">
        <ele>1061</ele>
      </trkpt>
      <trkpt lat="33.882220000" lon="-111.475620000">
        <ele>1062</ele>
      </trkpt>
      <trkpt lat="33.882300000" lon="-111.475680000">
        <ele>1062</ele>
      </trkpt>
      <trkpt lat="33.882370000" lon="-111.475590000">
        <ele>1062</ele>
      </trkpt>
      <trkpt lat="33.882430000" lon="-111.475600000">
        <ele>1062</ele>
      </trkpt>
      <trkpt lat="33.882480000" lon="-111.475570000">
        <ele>1061</ele>
      </trkpt>
      <trkpt lat="33.882540000" lon="-111.475600000">
        <ele>1062</ele>
      </trkpt>
      <trkpt lat="33.882660000" lon="-111.475710000">
        <ele>1063</ele>
      </trkpt>
      <trkpt lat="33.883060000" lon="-111.475920000">
        <ele>1068</ele>
      </trkpt>
      <trkpt lat="33.883740000" lon="-111.476340000">
        <ele>1070</ele>
      </trkpt>
      <trkpt lat="33.884410000" lon="-111.476930000">
        <ele>1077</ele>
      </trkpt>
      <trkpt lat="33.884860000" lon="-111.477480000">
        <ele>1072</ele>
      </trkpt>
      <trkpt lat="33.884990000" lon="-111.477690000">
        <ele>1072</ele>
      </trkpt>
      <trkpt lat="33.885090000" lon="-111.477810000">
        <ele>1072</ele>
      </trkpt>
      <trkpt lat="33.885300000" lon="-111.478220000">
        <ele>1072</ele>
      </trkpt>
      <trkpt lat="33.885460000" lon="-111.478570000">
        <ele>1072</ele>
      </trkpt>
      <trkpt lat="33.885640000" lon="-111.479100000">
        <ele>1072</ele>
      </trkpt>
      <trkpt lat="33.885800000" lon="-111.479430000">
        <ele>1073</ele>
      </trkpt>
      <trkpt lat="33.886160000" lon="-111.480100000">
        <ele>1073</ele>
      </trkpt>
      <trkpt lat="33.886320000" lon="-111.480290000">
        <ele>1073</ele>
      </trkpt>
      <trkpt lat="33.886610000" lon="-111.480570000">
        <ele>1073</ele>
      </trkpt>
      <trkpt lat="33.886800000" lon="-111.480710000">
        <ele>1073</ele>
      </trkpt>
      <trkpt lat="33.887340000" lon="-111.481010000">
        <ele>1078</ele>
      </trkpt>
      <trkpt lat="33.887480000" lon="-111.481060000">
        <ele>1078</ele>
      </trkpt>
      <trkpt lat="33.887980000" lon="-111.481110000">
        <ele>1078</ele>
      </trkpt>
      <trkpt lat="33.888340000" lon="-111.481120000">
        <ele>1078</ele>
      </trkpt>
      <trkpt lat="33.888650000" lon="-111.481060000">
        <ele>1078</ele>
      </trkpt>
      <trkpt lat="33.888990000" lon="-111.480910000">
        <ele>1078</ele>
      </trkpt>
      <trkpt lat="33.889550000" lon="-111.480740000">
        <ele>1082</ele>
      </trkpt>
      <trkpt lat="33.890120000" lon="-111.480730000">
        <ele>1086</ele>
      </trkpt>
      <trkpt lat="33.890380000" lon="-111.480780000">
        <ele>1089</ele>
      </trkpt>
      <trkpt lat="33.890530000" lon="-111.480690000">
        <ele>1088</ele>
      </trkpt>
      <trkpt lat="33.890740000" lon="-111.480700000">
        <ele>1087</ele>
      </trkpt>
      <trkpt lat="33.891120000" lon="-111.481080000">
        <ele>1089</ele>
      </trkpt>
      <trkpt lat="33.891250000" lon="-111.481180000">
        <ele>1090</ele>
      </trkpt>
      <trkpt lat="33.891300000" lon="-111.481290000">
        <ele>1092</ele>
      </trkpt>
      <trkpt lat="33.891410000" lon="-111.481330000">
        <ele>1091</ele>
      </trkpt>
      <trkpt lat="33.891650000" lon="-111.481570000">
        <ele>1090</ele>
      </trkpt>
      <trkpt lat="33.891910000" lon="-111.481840000">
        <ele>1089</ele>
      </trkpt>
      <trkpt lat="33.892010000" lon="-111.482000000">
        <ele>1088</ele>
      </trkpt>
      <trkpt lat="33.892140000" lon="-111.482090000">
        <ele>1087</ele>
      </trkpt>
      <trkpt lat="33.892530000" lon="-111.482310000">
        <ele>1087</ele>
      </trkpt>
      <trkpt lat="33.892950000" lon="-111.482480000">
        <ele>1085</ele>
      </trkpt>
      <trkpt lat="33.893110000" lon="-111.482600000">
        <ele>1085</ele>
      </trkpt>
      <trkpt lat="33.893420000" lon="-111.482750000">
        <ele>1089</ele>
      </trkpt>
      <trkpt lat="33.894130000" lon="-111.482920000">
        <ele>1088</ele>
      </trkpt>
      <trkpt lat="33.894390000" lon="-111.483020000">
        <ele>1089</ele>
      </trkpt>
      <trkpt lat="33.894540000" lon="-111.483060000">
        <ele>1089</ele>
      </trkpt>
      <trkpt lat="33.894590000" lon="-111.483050000">
        <ele>1088</ele>
      </trkpt>
      <trkpt lat="33.894730000" lon="-111.483120000">
        <ele>1088</ele>
      </trkpt>
      <trkpt lat="33.895300000" lon="-111.483620000">
        <ele>1092</ele>
      </trkpt>
      <trkpt lat="33.895560000" lon="-111.483910000">
        <ele>1092</ele>
      </trkpt>
      <trkpt lat="33.895850000" lon="-111.484180000">
        <ele>1092</ele>
      </trkpt>
      <trkpt lat="33.895960000" lon="-111.484330000">
        <ele>1093</ele>
      </trkpt>
      <trkpt lat="33.896160000" lon="-111.484510000">
        <ele>1092</ele>
      </trkpt>
      <trkpt lat="33.896400000" lon="-111.484660000">
        <ele>1092</ele>
      </trkpt>
      <trkpt lat="33.896500000" lon="-111.484710000">
        <ele>1092</ele>
      </trkpt>
      <trkpt lat="33.896770000" lon="-111.484800000">
        <ele>1092</ele>
      </trkpt>
      <trkpt lat="33.896980000" lon="-111.484850000">
        <ele>1092</ele>
      </trkpt>
      <trkpt lat="33.897550000" lon="-111.484800000">
        <ele>1096</ele>
      </trkpt>
      <trkpt lat="33.897870000" lon="-111.484730000">
        <ele>1099</ele>
      </trkpt>
      <trkpt lat="33.898500000" lon="-111.484540000">
        <ele>1098</ele>
      </trkpt>
      <trkpt lat="33.898710000" lon="-111.484500000">
        <ele>1098</ele>
      </trkpt>
      <trkpt lat="33.899130000" lon="-111.484480000">
        <ele>1099</ele>
      </trkpt>
      <trkpt lat="33.899600000" lon="-111.484590000">
        <ele>1102</ele>
      </trkpt>
      <trkpt lat="33.899750000" lon="-111.484610000">
        <ele>1102</ele>
      </trkpt>
      <trkpt lat="33.900310000" lon="-111.484880000">
        <ele>1106</ele>
      </trkpt>
      <trkpt lat="33.900800000" lon="-111.485060000">
        <ele>1110</ele>
      </trkpt>
      <trkpt lat="33.901230000" lon="-111.485110000">
        <ele>1111</ele>
      </trkpt>
      <trkpt lat="33.901500000" lon="-111.485090000">
        <ele>1111</ele>
      </trkpt>
      <trkpt lat="33.901850000" lon="-111.485010000">
        <ele>1111</ele>
      </trkpt>
      <trkpt lat="33.902000000" lon="-111.484950000">
        <ele>1111</ele>
      </trkpt>
      <trkpt lat="33.902720000" lon="-111.484620000">
        <ele>1117</ele>
      </trkpt>
      <trkpt lat="33.902770000" lon="-111.484630000">
        <ele>1118</ele>
      </trkpt>
      <trkpt lat="33.902920000" lon="-111.484590000">
        <ele>1121</ele>
      </trkpt>
      <trkpt lat="33.903520000" lon="-111.484540000">
        <ele>1125</ele>
      </trkpt>
      <trkpt lat="33.904090000" lon="-111.484470000">
        <ele>1124</ele>
      </trkpt>
      <trkpt lat="33.904350000" lon="-111.484400000">
        <ele>1122</ele>
      </trkpt>
      <trkpt lat="33.905110000" lon="-111.484090000">
        <ele>1124</ele>
      </trkpt>
      <trkpt lat="33.905390000" lon="-111.484030000">
        <ele>1128</ele>
      </trkpt>
      <trkpt lat="33.905720000" lon="-111.483980000">
        <ele>1126</ele>
      </trkpt>
      <trkpt lat="33.906000000" lon="-111.483990000">
        <ele>1124</ele>
      </trkpt>
      <trkpt lat="33.906240000" lon="-111.484020000">
        <ele>1122</ele>
      </trkpt>
      <trkpt lat="33.906560000" lon="-111.484100000">
        <ele>1121</ele>
      </trkpt>
      <trkpt lat="33.907030000" lon="-111.484180000">
        <ele>1119</ele>
      </trkpt>
      <trkpt lat="33.907340000" lon="-111.484180000">
        <ele>1119</ele>
      </trkpt>
      <trkpt lat="33.908130000" lon="-111.484040000">
        <ele>1119</ele>
      </trkpt>
      <trkpt lat="33.908290000" lon="-111.483980000">
        <ele>1119</ele>
      </trkpt>
      <trkpt lat="33.908530000" lon="-111.483840000">
        <ele>1119</ele>
      </trkpt>
      <trkpt lat="33.908630000" lon="-111.483820000">
        <ele>1119</ele>
      </trkpt>
      <trkpt lat="33.908770000" lon="-111.483750000">
        <ele>1119</ele>
      </trkpt>
      <trkpt lat="33.908890000" lon="-111.483710000">
        <ele>1120</ele>
      </trkpt>
    </trkseg>
  </trk>
</gpx>
