<?xml version="1.0" encoding="UTF-8"?>
<gpx version="1.1" creator="GPSBabel - https://www.gpsbabel.org" xmlns="http://www.topografix.com/GPX/1/1" xmlns:xsi="http://www.w3.org/2001/XMLSchema-instance" xmlns:gpxx="http://www.garmin.com/xmlschemas/GpxExtensions/v3">
  <metadata>
    <name>Sheep Creek Cabin</name>
    <desc>Sheep Creek Cabin</desc>
    <time>2026-08-30T18:02:45.683Z</time>
    <bounds minlat="33.936390000" minlon="-111.567110000" maxlat="34.092920000" maxlon="-111.422130000"/>
  </metadata>
  <trk>
    <name>Sheep Creek Cabin</name>
    <trkseg>
      <trkpt lat="33.941550000" lon="-111.482840000">
        <ele>1200</ele>
      </trkpt>
      <trkpt lat="33.941460000" lon="-111.482890000">
        <ele>1199</ele>
      </trkpt>
      <trkpt lat="33.941440000" lon="-111.482960000">
        <ele>1198</ele>
      </trkpt>
      <trkpt lat="33.941550000" lon="-111.483110000">
        <ele>1198</ele>
      </trkpt>
      <trkpt lat="33.941800000" lon="-111.483320000">
        <ele>1198</ele>
      </trkpt>
      <trkpt lat="33.941910000" lon="-111.483530000">
        <ele>1197</ele>
      </trkpt>
      <trkpt lat="33.941920000" lon="-111.483660000">
        <ele>1196</ele>
      </trkpt>
      <trkpt lat="33.941880000" lon="-111.483770000">
        <ele>1196</ele>
      </trkpt>
      <trkpt lat="33.941740000" lon="-111.484010000">
        <ele>1197</ele>
      </trkpt>
      <trkpt lat="33.941690000" lon="-111.484050000">
        <ele>1197</ele>
      </trkpt>
      <trkpt lat="33.941590000" lon="-111.484080000">
        <ele>1197</ele>
      </trkpt>
      <trkpt lat="33.941350000" lon="-111.484220000">
        <ele>1198</ele>
      </trkpt>
      <trkpt lat="33.941060000" lon="-111.484350000">
        <ele>1204</ele>
      </trkpt>
      <trkpt lat="33.940790000" lon="-111.484390000">
        <ele>1204</ele>
      </trkpt>
      <trkpt lat="33.940700000" lon="-111.484450000">
        <ele>1206</ele>
      </trkpt>
      <trkpt lat="33.940650000" lon="-111.484440000">
        <ele>1206</ele>
      </trkpt>
      <trkpt lat="33.940620000" lon="-111.484390000">
        <ele>1206</ele>
      </trkpt>
      <trkpt lat="33.940460000" lon="-111.484250000">
        <ele>1203</ele>
      </trkpt>
      <trkpt lat="33.940240000" lon="-111.484100000">
        <ele>1208</ele>
      </trkpt>
      <trkpt lat="33.939990000" lon="-111.483820000">
        <ele>1209</ele>
      </trkpt>
      <trkpt lat="33.939780000" lon="-111.483720000">
        <ele>1212</ele>
      </trkpt>
      <trkpt lat="33.939510000" lon="-111.483710000">
        <ele>1217</ele>
      </trkpt>
      <trkpt lat="33.939250000" lon="-111.483770000">
        <ele>1221</ele>
      </trkpt>
      <trkpt lat="33.939140000" lon="-111.483900000">
        <ele>1224</ele>
      </trkpt>
      <trkpt lat="33.939070000" lon="-111.484070000">
        <ele>1230</ele>
      </trkpt>
      <trkpt lat="33.939030000" lon="-111.484100000">
        <ele>1230</ele>
      </trkpt>
      <trkpt lat="33.938990000" lon="-111.484100000">
        <ele>1231</ele>
      </trkpt>
      <trkpt lat="33.938910000" lon="-111.483940000">
        <ele>1233</ele>
      </trkpt>
      <trkpt lat="33.938830000" lon="-111.483690000">
        <ele>1232</ele>
      </trkpt>
      <trkpt lat="33.938750000" lon="-111.483620000">
        <ele>1232</ele>
      </trkpt>
      <trkpt lat="33.938380000" lon="-111.483590000">
        <ele>1240</ele>
      </trkpt>
      <trkpt lat="33.938160000" lon="-111.483670000">
        <ele>1243</ele>
      </trkpt>
      <trkpt lat="33.938000000" lon="-111.483690000">
        <ele>1244</ele>
      </trkpt>
      <trkpt lat="33.937780000" lon="-111.483360000">
        <ele>1245</ele>
      </trkpt>
      <trkpt lat="33.937650000" lon="-111.483260000">
        <ele>1247</ele>
      </trkpt>
      <trkpt lat="33.937460000" lon="-111.483180000">
        <ele>1248</ele>
      </trkpt>
      <trkpt lat="33.937410000" lon="-111.483210000">
        <ele>1250</ele>
      </trkpt>
      <trkpt lat="33.937310000" lon="-111.483210000">
        <ele>1250</ele>
      </trkpt>
      <trkpt lat="33.937230000" lon="-111.483280000">
        <ele>1250</ele>
      </trkpt>
      <trkpt lat="33.937140000" lon="-111.483470000">
        <ele>1251</ele>
      </trkpt>
      <trkpt lat="33.937200000" lon="-111.483580000">
        <ele>1255</ele>
      </trkpt>
      <trkpt lat="33.937230000" lon="-111.483880000">
        <ele>1259</ele>
      </trkpt>
      <trkpt lat="33.937190000" lon="-111.484110000">
        <ele>1261</ele>
      </trkpt>
      <trkpt lat="33.937130000" lon="-111.484220000">
        <ele>1262</ele>
      </trkpt>
      <trkpt lat="33.936940000" lon="-111.484320000">
        <ele>1264</ele>
      </trkpt>
      <trkpt lat="33.936550000" lon="-111.484450000">
        <ele>1270</ele>
      </trkpt>
      <trkpt lat="33.936390000" lon="-111.484640000">
        <ele>1270</ele>
      </trkpt>
      <trkpt lat="33.936480000" lon="-111.484800000">
        <ele>1274</ele>
      </trkpt>
      <trkpt lat="33.936500000" lon="-111.485000000">
        <ele>1276</ele>
      </trkpt>
      <trkpt lat="33.936470000" lon="-111.485260000">
        <ele>1277</ele>
      </trkpt>
      <trkpt lat="33.936490000" lon="-111.485630000">
        <ele>1284</ele>
      </trkpt>
      <trkpt lat="33.936590000" lon="-111.485980000">
        <ele>1285</ele>
      </trkpt>
      <trkpt lat="33.936710000" lon="-111.486190000">
        <ele>1287</ele>
      </trkpt>
      <trkpt lat="33.937000000" lon="-111.486470000">
        <ele>1294</ele>
      </trkpt>
      <trkpt lat="33.937090000" lon="-111.486510000">
        <ele>1295</ele>
      </trkpt>
      <trkpt lat="33.937250000" lon="-111.486530000">
        <ele>1296</ele>
      </trkpt>
      <trkpt lat="33.937460000" lon="-111.486510000">
        <ele>1298</ele>
      </trkpt>
      <trkpt lat="33.937500000" lon="-111.486520000">
        <ele>1299</ele>
      </trkpt>
      <trkpt lat="33.937630000" lon="-111.486600000">
        <ele>1301</ele>
      </trkpt>
      <trkpt lat="33.937710000" lon="-111.486690000">
        <ele>1303</ele>
      </trkpt>
      <trkpt lat="33.937880000" lon="-111.486990000">
        <ele>1307</ele>
      </trkpt>
      <trkpt lat="33.938070000" lon="-111.487250000">
        <ele>1311</ele>
      </trkpt>
      <trkpt lat="33.938510000" lon="-111.487600000">
        <ele>1318</ele>
      </trkpt>
      <trkpt lat="33.938850000" lon="-111.487910000">
        <ele>1322</ele>
      </trkpt>
      <trkpt lat="33.939090000" lon="-111.488220000">
        <ele>1325</ele>
      </trkpt>
      <trkpt lat="33.939220000" lon="-111.488470000">
        <ele>1327</ele>
      </trkpt>
      <trkpt lat="33.939260000" lon="-111.488500000">
        <ele>1328</ele>
      </trkpt>
      <trkpt lat="33.939350000" lon="-111.488530000">
        <ele>1332</ele>
      </trkpt>
      <trkpt lat="33.939400000" lon="-111.488500000">
        <ele>1334</ele>
      </trkpt>
      <trkpt lat="33.939420000" lon="-111.488440000">
        <ele>1336</ele>
      </trkpt>
      <trkpt lat="33.939410000" lon="-111.488310000">
        <ele>1337</ele>
      </trkpt>
      <trkpt lat="33.939240000" lon="-111.488020000">
        <ele>1333</ele>
      </trkpt>
      <trkpt lat="33.938760000" lon="-111.487360000">
        <ele>1334</ele>
      </trkpt>
      <trkpt lat="33.938700000" lon="-111.487240000">
        <ele>1333</ele>
      </trkpt>
      <trkpt lat="33.938700000" lon="-111.487180000">
        <ele>1334</ele>
      </trkpt>
      <trkpt lat="33.938760000" lon="-111.487090000">
        <ele>1333</ele>
      </trkpt>
      <trkpt lat="33.938860000" lon="-111.487120000">
        <ele>1335</ele>
      </trkpt>
      <trkpt lat="33.939070000" lon="-111.487310000">
        <ele>1339</ele>
      </trkpt>
      <trkpt lat="33.939420000" lon="-111.487560000">
        <ele>1343</ele>
      </trkpt>
      <trkpt lat="33.939500000" lon="-111.487640000">
        <ele>1343</ele>
      </trkpt>
      <trkpt lat="33.939660000" lon="-111.487850000">
        <ele>1345</ele>
      </trkpt>
      <trkpt lat="33.939740000" lon="-111.488090000">
        <ele>1351</ele>
      </trkpt>
      <trkpt lat="33.939980000" lon="-111.488480000">
        <ele>1355</ele>
      </trkpt>
      <trkpt lat="33.940380000" lon="-111.489040000">
        <ele>1365</ele>
      </trkpt>
      <trkpt lat="33.940860000" lon="-111.489770000">
        <ele>1375</ele>
      </trkpt>
      <trkpt lat="33.941030000" lon="-111.490170000">
        <ele>1379</ele>
      </trkpt>
      <trkpt lat="33.941160000" lon="-111.490660000">
        <ele>1379</ele>
      </trkpt>
      <trkpt lat="33.941120000" lon="-111.491090000">
        <ele>1387</ele>
      </trkpt>
      <trkpt lat="33.940890000" lon="-111.491790000">
        <ele>1394</ele>
      </trkpt>
      <trkpt lat="33.940870000" lon="-111.491970000">
        <ele>1397</ele>
      </trkpt>
      <trkpt lat="33.940920000" lon="-111.492330000">
        <ele>1399</ele>
      </trkpt>
      <trkpt lat="33.941030000" lon="-111.492680000">
        <ele>1403</ele>
      </trkpt>
      <trkpt lat="33.941030000" lon="-111.492870000">
        <ele>1404</ele>
      </trkpt>
      <trkpt lat="33.941080000" lon="-111.493180000">
        <ele>1406</ele>
      </trkpt>
      <trkpt lat="33.941060000" lon="-111.493380000">
        <ele>1408</ele>
      </trkpt>
      <trkpt lat="33.941000000" lon="-111.493740000">
        <ele>1412</ele>
      </trkpt>
      <trkpt lat="33.940890000" lon="-111.493940000">
        <ele>1416</ele>
      </trkpt>
      <trkpt lat="33.940830000" lon="-111.494120000">
        <ele>1416</ele>
      </trkpt>
      <trkpt lat="33.940910000" lon="-111.495300000">
        <ele>1415</ele>
      </trkpt>
      <trkpt lat="33.940830000" lon="-111.495530000">
        <ele>1416</ele>
      </trkpt>
      <trkpt lat="33.940620000" lon="-111.495800000">
        <ele>1421</ele>
      </trkpt>
      <trkpt lat="33.940420000" lon="-111.496020000">
        <ele>1424</ele>
      </trkpt>
      <trkpt lat="33.940380000" lon="-111.496140000">
        <ele>1426</ele>
      </trkpt>
      <trkpt lat="33.940340000" lon="-111.496180000">
        <ele>1426</ele>
      </trkpt>
      <trkpt lat="33.940200000" lon="-111.496650000">
        <ele>1434</ele>
      </trkpt>
      <trkpt lat="33.940020000" lon="-111.496960000">
        <ele>1437</ele>
      </trkpt>
      <trkpt lat="33.939780000" lon="-111.497280000">
        <ele>1440</ele>
      </trkpt>
      <trkpt lat="33.939700000" lon="-111.497430000">
        <ele>1442</ele>
      </trkpt>
      <trkpt lat="33.939570000" lon="-111.497550000">
        <ele>1442</ele>
      </trkpt>
      <trkpt lat="33.938920000" lon="-111.498390000">
        <ele>1452</ele>
      </trkpt>
      <trkpt lat="33.938860000" lon="-111.498570000">
        <ele>1454</ele>
      </trkpt>
      <trkpt lat="33.938750000" lon="-111.500030000">
        <ele>1465</ele>
      </trkpt>
      <trkpt lat="33.938810000" lon="-111.500270000">
        <ele>1469</ele>
      </trkpt>
      <trkpt lat="33.938780000" lon="-111.500400000">
        <ele>1470</ele>
      </trkpt>
      <trkpt lat="33.938630000" lon="-111.500740000">
        <ele>1472</ele>
      </trkpt>
      <trkpt lat="33.938670000" lon="-111.500860000">
        <ele>1475</ele>
      </trkpt>
      <trkpt lat="33.938720000" lon="-111.500900000">
        <ele>1477</ele>
      </trkpt>
      <trkpt lat="33.938770000" lon="-111.500910000">
        <ele>1478</ele>
      </trkpt>
      <trkpt lat="33.938830000" lon="-111.500880000">
        <ele>1479</ele>
      </trkpt>
      <trkpt lat="33.938980000" lon="-111.500610000">
        <ele>1478</ele>
      </trkpt>
      <trkpt lat="33.939160000" lon="-111.500380000">
        <ele>1480</ele>
      </trkpt>
      <trkpt lat="33.939320000" lon="-111.500210000">
        <ele>1483</ele>
      </trkpt>
      <trkpt lat="33.939420000" lon="-111.500180000">
        <ele>1485</ele>
      </trkpt>
      <trkpt lat="33.939520000" lon="-111.500230000">
        <ele>1486</ele>
      </trkpt>
      <trkpt lat="33.939580000" lon="-111.500320000">
        <ele>1486</ele>
      </trkpt>
      <trkpt lat="33.939600000" lon="-111.500650000">
        <ele>1488</ele>
      </trkpt>
      <trkpt lat="33.939580000" lon="-111.500860000">
        <ele>1489</ele>
      </trkpt>
      <trkpt lat="33.939490000" lon="-111.501150000">
        <ele>1490</ele>
      </trkpt>
      <trkpt lat="33.939390000" lon="-111.501290000">
        <ele>1490</ele>
      </trkpt>
      <trkpt lat="33.939180000" lon="-111.501520000">
        <ele>1492</ele>
      </trkpt>
      <trkpt lat="33.938920000" lon="-111.502110000">
        <ele>1500</ele>
      </trkpt>
      <trkpt lat="33.938910000" lon="-111.502160000">
        <ele>1500</ele>
      </trkpt>
      <trkpt lat="33.938940000" lon="-111.502220000">
        <ele>1500</ele>
      </trkpt>
      <trkpt lat="33.938900000" lon="-111.502240000">
        <ele>1500</ele>
      </trkpt>
      <trkpt lat="33.938900000" lon="-111.502570000">
        <ele>1501</ele>
      </trkpt>
      <trkpt lat="33.938850000" lon="-111.502970000">
        <ele>1508</ele>
      </trkpt>
      <trkpt lat="33.938880000" lon="-111.503210000">
        <ele>1512</ele>
      </trkpt>
      <trkpt lat="33.939050000" lon="-111.503740000">
        <ele>1518</ele>
      </trkpt>
      <trkpt lat="33.939090000" lon="-111.503860000">
        <ele>1517</ele>
      </trkpt>
      <trkpt lat="33.939270000" lon="-111.504150000">
        <ele>1524</ele>
      </trkpt>
      <trkpt lat="33.939350000" lon="-111.504230000">
        <ele>1527</ele>
      </trkpt>
      <trkpt lat="33.939390000" lon="-111.504350000">
        <ele>1528</ele>
      </trkpt>
      <trkpt lat="33.939390000" lon="-111.504410000">
        <ele>1529</ele>
      </trkpt>
      <trkpt lat="33.939290000" lon="-111.504560000">
        <ele>1529</ele>
      </trkpt>
      <trkpt lat="33.939230000" lon="-111.504910000">
        <ele>1531</ele>
      </trkpt>
      <trkpt lat="33.939310000" lon="-111.505370000">
        <ele>1537</ele>
      </trkpt>
      <trkpt lat="33.939310000" lon="-111.505560000">
        <ele>1539</ele>
      </trkpt>
      <trkpt lat="33.939180000" lon="-111.505830000">
        <ele>1541</ele>
      </trkpt>
      <trkpt lat="33.939140000" lon="-111.505860000">
        <ele>1541</ele>
      </trkpt>
      <trkpt lat="33.939080000" lon="-111.505860000">
        <ele>1541</ele>
      </trkpt>
      <trkpt lat="33.938880000" lon="-111.505800000">
        <ele>1538</ele>
      </trkpt>
      <trkpt lat="33.938700000" lon="-111.505790000">
        <ele>1539</ele>
      </trkpt>
      <trkpt lat="33.938600000" lon="-111.505820000">
        <ele>1540</ele>
      </trkpt>
      <trkpt lat="33.938510000" lon="-111.505910000">
        <ele>1542</ele>
      </trkpt>
      <trkpt lat="33.938480000" lon="-111.505970000">
        <ele>1542</ele>
      </trkpt>
      <trkpt lat="33.938450000" lon="-111.506090000">
        <ele>1544</ele>
      </trkpt>
      <trkpt lat="33.938410000" lon="-111.506500000">
        <ele>1543</ele>
      </trkpt>
      <trkpt lat="33.938430000" lon="-111.506910000">
        <ele>1543</ele>
      </trkpt>
      <trkpt lat="33.938650000" lon="-111.507310000">
        <ele>1547</ele>
      </trkpt>
      <trkpt lat="33.938930000" lon="-111.507500000">
        <ele>1550</ele>
      </trkpt>
      <trkpt lat="33.939180000" lon="-111.507790000">
        <ele>1549</ele>
      </trkpt>
      <trkpt lat="33.939300000" lon="-111.507830000">
        <ele>1549</ele>
      </trkpt>
      <trkpt lat="33.939400000" lon="-111.507800000">
        <ele>1549</ele>
      </trkpt>
      <trkpt lat="33.939560000" lon="-111.507620000">
        <ele>1553</ele>
      </trkpt>
      <trkpt lat="33.939780000" lon="-111.507780000">
        <ele>1552</ele>
      </trkpt>
      <trkpt lat="33.939810000" lon="-111.507830000">
        <ele>1551</ele>
      </trkpt>
      <trkpt lat="33.939800000" lon="-111.507890000">
        <ele>1550</ele>
      </trkpt>
      <trkpt lat="33.939700000" lon="-111.508000000">
        <ele>1548</ele>
      </trkpt>
      <trkpt lat="33.939590000" lon="-111.508210000">
        <ele>1546</ele>
      </trkpt>
      <trkpt lat="33.939570000" lon="-111.508330000">
        <ele>1545</ele>
      </trkpt>
      <trkpt lat="33.939590000" lon="-111.508400000">
        <ele>1544</ele>
      </trkpt>
      <trkpt lat="33.939670000" lon="-111.508490000">
        <ele>1542</ele>
      </trkpt>
      <trkpt lat="33.939720000" lon="-111.508510000">
        <ele>1542</ele>
      </trkpt>
      <trkpt lat="33.939830000" lon="-111.508500000">
        <ele>1542</ele>
      </trkpt>
      <trkpt lat="33.939990000" lon="-111.508560000">
        <ele>1539</ele>
      </trkpt>
      <trkpt lat="33.940070000" lon="-111.508660000">
        <ele>1537</ele>
      </trkpt>
      <trkpt lat="33.940280000" lon="-111.509020000">
        <ele>1536</ele>
      </trkpt>
      <trkpt lat="33.940670000" lon="-111.509320000">
        <ele>1541</ele>
      </trkpt>
      <trkpt lat="33.940780000" lon="-111.509360000">
        <ele>1543</ele>
      </trkpt>
      <trkpt lat="33.941000000" lon="-111.509350000">
        <ele>1545</ele>
      </trkpt>
      <trkpt lat="33.941050000" lon="-111.509360000">
        <ele>1546</ele>
      </trkpt>
      <trkpt lat="33.941090000" lon="-111.509380000">
        <ele>1546</ele>
      </trkpt>
      <trkpt lat="33.941250000" lon="-111.509550000">
        <ele>1552</ele>
      </trkpt>
      <trkpt lat="33.941340000" lon="-111.509570000">
        <ele>1554</ele>
      </trkpt>
      <trkpt lat="33.941600000" lon="-111.509520000">
        <ele>1554</ele>
      </trkpt>
      <trkpt lat="33.941750000" lon="-111.509540000">
        <ele>1555</ele>
      </trkpt>
      <trkpt lat="33.941950000" lon="-111.509600000">
        <ele>1559</ele>
      </trkpt>
      <trkpt lat="33.942050000" lon="-111.509570000">
        <ele>1560</ele>
      </trkpt>
      <trkpt lat="33.942160000" lon="-111.509580000">
        <ele>1561</ele>
      </trkpt>
      <trkpt lat="33.942260000" lon="-111.509620000">
        <ele>1562</ele>
      </trkpt>
      <trkpt lat="33.942590000" lon="-111.509950000">
        <ele>1567</ele>
      </trkpt>
      <trkpt lat="33.942690000" lon="-111.509980000">
        <ele>1568</ele>
      </trkpt>
      <trkpt lat="33.943090000" lon="-111.509580000">
        <ele>1567</ele>
      </trkpt>
      <trkpt lat="33.943200000" lon="-111.509590000">
        <ele>1570</ele>
      </trkpt>
      <trkpt lat="33.943250000" lon="-111.509560000">
        <ele>1570</ele>
      </trkpt>
      <trkpt lat="33.943540000" lon="-111.509500000">
        <ele>1574</ele>
      </trkpt>
      <trkpt lat="33.943830000" lon="-111.509600000">
        <ele>1580</ele>
      </trkpt>
      <trkpt lat="33.943930000" lon="-111.509600000">
        <ele>1581</ele>
      </trkpt>
      <trkpt lat="33.944030000" lon="-111.509580000">
        <ele>1581</ele>
      </trkpt>
      <trkpt lat="33.944130000" lon="-111.509520000">
        <ele>1580</ele>
      </trkpt>
      <trkpt lat="33.944240000" lon="-111.509390000">
        <ele>1581</ele>
      </trkpt>
      <trkpt lat="33.944580000" lon="-111.509100000">
        <ele>1587</ele>
      </trkpt>
      <trkpt lat="33.945130000" lon="-111.508890000">
        <ele>1591</ele>
      </trkpt>
      <trkpt lat="33.945350000" lon="-111.508880000">
        <ele>1592</ele>
      </trkpt>
      <trkpt lat="33.945450000" lon="-111.508910000">
        <ele>1593</ele>
      </trkpt>
      <trkpt lat="33.945600000" lon="-111.508990000">
        <ele>1594</ele>
      </trkpt>
      <trkpt lat="33.945890000" lon="-111.509250000">
        <ele>1602</ele>
      </trkpt>
      <trkpt lat="33.946020000" lon="-111.509440000">
        <ele>1605</ele>
      </trkpt>
      <trkpt lat="33.946020000" lon="-111.509560000">
        <ele>1608</ele>
      </trkpt>
      <trkpt lat="33.946140000" lon="-111.509890000">
        <ele>1608</ele>
      </trkpt>
      <trkpt lat="33.946210000" lon="-111.509970000">
        <ele>1606</ele>
      </trkpt>
      <trkpt lat="33.946360000" lon="-111.510230000">
        <ele>1615</ele>
      </trkpt>
      <trkpt lat="33.946440000" lon="-111.510420000">
        <ele>1615</ele>
      </trkpt>
      <trkpt lat="33.946530000" lon="-111.510500000">
        <ele>1616</ele>
      </trkpt>
      <trkpt lat="33.946690000" lon="-111.510500000">
        <ele>1616</ele>
      </trkpt>
      <trkpt lat="33.947030000" lon="-111.510340000">
        <ele>1618</ele>
      </trkpt>
      <trkpt lat="33.947120000" lon="-111.510270000">
        <ele>1617</ele>
      </trkpt>
      <trkpt lat="33.947220000" lon="-111.510220000">
        <ele>1617</ele>
      </trkpt>
      <trkpt lat="33.947380000" lon="-111.510260000">
        <ele>1619</ele>
      </trkpt>
      <trkpt lat="33.947420000" lon="-111.510270000">
        <ele>1620</ele>
      </trkpt>
      <trkpt lat="33.947530000" lon="-111.510550000">
        <ele>1627</ele>
      </trkpt>
      <trkpt lat="33.947640000" lon="-111.510680000">
        <ele>1629</ele>
      </trkpt>
      <trkpt lat="33.947740000" lon="-111.510720000">
        <ele>1629</ele>
      </trkpt>
      <trkpt lat="33.947940000" lon="-111.510660000">
        <ele>1627</ele>
      </trkpt>
      <trkpt lat="33.947990000" lon="-111.510660000">
        <ele>1627</ele>
      </trkpt>
      <trkpt lat="33.948060000" lon="-111.510750000">
        <ele>1631</ele>
      </trkpt>
      <trkpt lat="33.948100000" lon="-111.510860000">
        <ele>1638</ele>
      </trkpt>
      <trkpt lat="33.948210000" lon="-111.511050000">
        <ele>1643</ele>
      </trkpt>
      <trkpt lat="33.948250000" lon="-111.511070000">
        <ele>1642</ele>
      </trkpt>
      <trkpt lat="33.948540000" lon="-111.511130000">
        <ele>1641</ele>
      </trkpt>
      <trkpt lat="33.948640000" lon="-111.511180000">
        <ele>1644</ele>
      </trkpt>
      <trkpt lat="33.948730000" lon="-111.511130000">
        <ele>1643</ele>
      </trkpt>
      <trkpt lat="33.948830000" lon="-111.510970000">
        <ele>1642</ele>
      </trkpt>
      <trkpt lat="33.949030000" lon="-111.510700000">
        <ele>1639</ele>
      </trkpt>
      <trkpt lat="33.949190000" lon="-111.510560000">
        <ele>1642</ele>
      </trkpt>
      <trkpt lat="33.949450000" lon="-111.510400000">
        <ele>1652</ele>
      </trkpt>
      <trkpt lat="33.949770000" lon="-111.510090000">
        <ele>1653</ele>
      </trkpt>
      <trkpt lat="33.949940000" lon="-111.510080000">
        <ele>1655</ele>
      </trkpt>
      <trkpt lat="33.950010000" lon="-111.510110000">
        <ele>1655</ele>
      </trkpt>
      <trkpt lat="33.950090000" lon="-111.510190000">
        <ele>1657</ele>
      </trkpt>
      <trkpt lat="33.950250000" lon="-111.510250000">
        <ele>1657</ele>
      </trkpt>
      <trkpt lat="33.950560000" lon="-111.510530000">
        <ele>1661</ele>
      </trkpt>
      <trkpt lat="33.950600000" lon="-111.510550000">
        <ele>1660</ele>
      </trkpt>
      <trkpt lat="33.950800000" lon="-111.510830000">
        <ele>1662</ele>
      </trkpt>
      <trkpt lat="33.950820000" lon="-111.510950000">
        <ele>1666</ele>
      </trkpt>
      <trkpt lat="33.950880000" lon="-111.511050000">
        <ele>1666</ele>
      </trkpt>
      <trkpt lat="33.951040000" lon="-111.511200000">
        <ele>1664</ele>
      </trkpt>
      <trkpt lat="33.951190000" lon="-111.511260000">
        <ele>1662</ele>
      </trkpt>
      <trkpt lat="33.951430000" lon="-111.511570000">
        <ele>1668</ele>
      </trkpt>
      <trkpt lat="33.951590000" lon="-111.511640000">
        <ele>1667</ele>
      </trkpt>
      <trkpt lat="33.951740000" lon="-111.511780000">
        <ele>1668</ele>
      </trkpt>
      <trkpt lat="33.951760000" lon="-111.511830000">
        <ele>1668</ele>
      </trkpt>
      <trkpt lat="33.951720000" lon="-111.511870000">
        <ele>1669</ele>
      </trkpt>
      <trkpt lat="33.951660000" lon="-111.512050000">
        <ele>1669</ele>
      </trkpt>
      <trkpt lat="33.951620000" lon="-111.512390000">
        <ele>1671</ele>
      </trkpt>
      <trkpt lat="33.951460000" lon="-111.512890000">
        <ele>1669</ele>
      </trkpt>
      <trkpt lat="33.951450000" lon="-111.513120000">
        <ele>1665</ele>
      </trkpt>
      <trkpt lat="33.951510000" lon="-111.513220000">
        <ele>1665</ele>
      </trkpt>
      <trkpt lat="33.952190000" lon="-111.513310000">
        <ele>1667</ele>
      </trkpt>
      <trkpt lat="33.952480000" lon="-111.513270000">
        <ele>1665</ele>
      </trkpt>
      <trkpt lat="33.952900000" lon="-111.513310000">
        <ele>1674</ele>
      </trkpt>
      <trkpt lat="33.952950000" lon="-111.513330000">
        <ele>1675</ele>
      </trkpt>
      <trkpt lat="33.953080000" lon="-111.513460000">
        <ele>1678</ele>
      </trkpt>
      <trkpt lat="33.953250000" lon="-111.513520000">
        <ele>1676</ele>
      </trkpt>
      <trkpt lat="33.953310000" lon="-111.513620000">
        <ele>1676</ele>
      </trkpt>
      <trkpt lat="33.953300000" lon="-111.513730000">
        <ele>1676</ele>
      </trkpt>
      <trkpt lat="33.953210000" lon="-111.513900000">
        <ele>1678</ele>
      </trkpt>
      <trkpt lat="33.953180000" lon="-111.514070000">
        <ele>1677</ele>
      </trkpt>
      <trkpt lat="33.953040000" lon="-111.514370000">
        <ele>1678</ele>
      </trkpt>
      <trkpt lat="33.953010000" lon="-111.514560000">
        <ele>1678</ele>
      </trkpt>
      <trkpt lat="33.952920000" lon="-111.514830000">
        <ele>1672</ele>
      </trkpt>
      <trkpt lat="33.952720000" lon="-111.515200000">
        <ele>1669</ele>
      </trkpt>
      <trkpt lat="33.952720000" lon="-111.515330000">
        <ele>1667</ele>
      </trkpt>
      <trkpt lat="33.952610000" lon="-111.515780000">
        <ele>1669</ele>
      </trkpt>
      <trkpt lat="33.952600000" lon="-111.516050000">
        <ele>1666</ele>
      </trkpt>
      <trkpt lat="33.952640000" lon="-111.516180000">
        <ele>1664</ele>
      </trkpt>
      <trkpt lat="33.952710000" lon="-111.516260000">
        <ele>1664</ele>
      </trkpt>
      <trkpt lat="33.952820000" lon="-111.516270000">
        <ele>1666</ele>
      </trkpt>
      <trkpt lat="33.953270000" lon="-111.516110000">
        <ele>1678</ele>
      </trkpt>
      <trkpt lat="33.953420000" lon="-111.516090000">
        <ele>1679</ele>
      </trkpt>
      <trkpt lat="33.953570000" lon="-111.516130000">
        <ele>1680</ele>
      </trkpt>
      <trkpt lat="33.953620000" lon="-111.516170000">
        <ele>1681</ele>
      </trkpt>
      <trkpt lat="33.953640000" lon="-111.516220000">
        <ele>1683</ele>
      </trkpt>
      <trkpt lat="33.953850000" lon="-111.516240000">
        <ele>1680</ele>
      </trkpt>
      <trkpt lat="33.954020000" lon="-111.516290000">
        <ele>1676</ele>
      </trkpt>
      <trkpt lat="33.954140000" lon="-111.516400000">
        <ele>1677</ele>
      </trkpt>
      <trkpt lat="33.954370000" lon="-111.516410000">
        <ele>1677</ele>
      </trkpt>
      <trkpt lat="33.954410000" lon="-111.516390000">
        <ele>1677</ele>
      </trkpt>
      <trkpt lat="33.954500000" lon="-111.516160000">
        <ele>1676</ele>
      </trkpt>
      <trkpt lat="33.954550000" lon="-111.515910000">
        <ele>1677</ele>
      </trkpt>
      <trkpt lat="33.954640000" lon="-111.515740000">
        <ele>1679</ele>
      </trkpt>
      <trkpt lat="33.954720000" lon="-111.515640000">
        <ele>1680</ele>
      </trkpt>
      <trkpt lat="33.954850000" lon="-111.515550000">
        <ele>1681</ele>
      </trkpt>
      <trkpt lat="33.954990000" lon="-111.515260000">
        <ele>1678</ele>
      </trkpt>
      <trkpt lat="33.955120000" lon="-111.515060000">
        <ele>1679</ele>
      </trkpt>
      <trkpt lat="33.955450000" lon="-111.514900000">
        <ele>1679</ele>
      </trkpt>
      <trkpt lat="33.955570000" lon="-111.514700000">
        <ele>1675</ele>
      </trkpt>
      <trkpt lat="33.955620000" lon="-111.514500000">
        <ele>1675</ele>
      </trkpt>
      <trkpt lat="33.955700000" lon="-111.514420000">
        <ele>1677</ele>
      </trkpt>
      <trkpt lat="33.955750000" lon="-111.514410000">
        <ele>1677</ele>
      </trkpt>
      <trkpt lat="33.955850000" lon="-111.514440000">
        <ele>1677</ele>
      </trkpt>
      <trkpt lat="33.955970000" lon="-111.514580000">
        <ele>1680</ele>
      </trkpt>
      <trkpt lat="33.956130000" lon="-111.514630000">
        <ele>1674</ele>
      </trkpt>
      <trkpt lat="33.956270000" lon="-111.514650000">
        <ele>1668</ele>
      </trkpt>
      <trkpt lat="33.956440000" lon="-111.514600000">
        <ele>1665</ele>
      </trkpt>
      <trkpt lat="33.956510000" lon="-111.514500000">
        <ele>1663</ele>
      </trkpt>
      <trkpt lat="33.956610000" lon="-111.514270000">
        <ele>1665</ele>
      </trkpt>
      <trkpt lat="33.956630000" lon="-111.514140000">
        <ele>1667</ele>
      </trkpt>
      <trkpt lat="33.956620000" lon="-111.513820000">
        <ele>1664</ele>
      </trkpt>
      <trkpt lat="33.956650000" lon="-111.513770000">
        <ele>1665</ele>
      </trkpt>
      <trkpt lat="33.956740000" lon="-111.513710000">
        <ele>1665</ele>
      </trkpt>
      <trkpt lat="33.957080000" lon="-111.513720000">
        <ele>1666</ele>
      </trkpt>
      <trkpt lat="33.957170000" lon="-111.513640000">
        <ele>1664</ele>
      </trkpt>
      <trkpt lat="33.957210000" lon="-111.513510000">
        <ele>1662</ele>
      </trkpt>
      <trkpt lat="33.957230000" lon="-111.513360000">
        <ele>1661</ele>
      </trkpt>
      <trkpt lat="33.957210000" lon="-111.512820000">
        <ele>1668</ele>
      </trkpt>
      <trkpt lat="33.957120000" lon="-111.512470000">
        <ele>1664</ele>
      </trkpt>
      <trkpt lat="33.957130000" lon="-111.512410000">
        <ele>1663</ele>
      </trkpt>
      <trkpt lat="33.957240000" lon="-111.512270000">
        <ele>1663</ele>
      </trkpt>
      <trkpt lat="33.957330000" lon="-111.512260000">
        <ele>1664</ele>
      </trkpt>
      <trkpt lat="33.957380000" lon="-111.512280000">
        <ele>1664</ele>
      </trkpt>
      <trkpt lat="33.957500000" lon="-111.512420000">
        <ele>1667</ele>
      </trkpt>
      <trkpt lat="33.957600000" lon="-111.512450000">
        <ele>1666</ele>
      </trkpt>
      <trkpt lat="33.957700000" lon="-111.512520000">
        <ele>1668</ele>
      </trkpt>
      <trkpt lat="33.957800000" lon="-111.512540000">
        <ele>1667</ele>
      </trkpt>
      <trkpt lat="33.957900000" lon="-111.512460000">
        <ele>1664</ele>
      </trkpt>
      <trkpt lat="33.958120000" lon="-111.512200000">
        <ele>1661</ele>
      </trkpt>
      <trkpt lat="33.958230000" lon="-111.511870000">
        <ele>1656</ele>
      </trkpt>
      <trkpt lat="33.958280000" lon="-111.511480000">
        <ele>1651</ele>
      </trkpt>
      <trkpt lat="33.958320000" lon="-111.511370000">
        <ele>1650</ele>
      </trkpt>
      <trkpt lat="33.958440000" lon="-111.511270000">
        <ele>1650</ele>
      </trkpt>
      <trkpt lat="33.958580000" lon="-111.511290000">
        <ele>1648</ele>
      </trkpt>
      <trkpt lat="33.958690000" lon="-111.511490000">
        <ele>1647</ele>
      </trkpt>
      <trkpt lat="33.958860000" lon="-111.511680000">
        <ele>1645</ele>
      </trkpt>
      <trkpt lat="33.958940000" lon="-111.511840000">
        <ele>1646</ele>
      </trkpt>
      <trkpt lat="33.959050000" lon="-111.511870000">
        <ele>1643</ele>
      </trkpt>
      <trkpt lat="33.959260000" lon="-111.511800000">
        <ele>1639</ele>
      </trkpt>
      <trkpt lat="33.959310000" lon="-111.511840000">
        <ele>1639</ele>
      </trkpt>
      <trkpt lat="33.959440000" lon="-111.511870000">
        <ele>1640</ele>
      </trkpt>
      <trkpt lat="33.959490000" lon="-111.511830000">
        <ele>1638</ele>
      </trkpt>
      <trkpt lat="33.959530000" lon="-111.511720000">
        <ele>1635</ele>
      </trkpt>
      <trkpt lat="33.959520000" lon="-111.511050000">
        <ele>1623</ele>
      </trkpt>
      <trkpt lat="33.959450000" lon="-111.510820000">
        <ele>1623</ele>
      </trkpt>
      <trkpt lat="33.959430000" lon="-111.510460000">
        <ele>1624</ele>
      </trkpt>
      <trkpt lat="33.959380000" lon="-111.510350000">
        <ele>1623</ele>
      </trkpt>
      <trkpt lat="33.959270000" lon="-111.510150000">
        <ele>1622</ele>
      </trkpt>
      <trkpt lat="33.959250000" lon="-111.509960000">
        <ele>1624</ele>
      </trkpt>
      <trkpt lat="33.959260000" lon="-111.509910000">
        <ele>1625</ele>
      </trkpt>
      <trkpt lat="33.959330000" lon="-111.509820000">
        <ele>1625</ele>
      </trkpt>
      <trkpt lat="33.959480000" lon="-111.509780000">
        <ele>1625</ele>
      </trkpt>
      <trkpt lat="33.959650000" lon="-111.509810000">
        <ele>1624</ele>
      </trkpt>
      <trkpt lat="33.959740000" lon="-111.509950000">
        <ele>1621</ele>
      </trkpt>
      <trkpt lat="33.959760000" lon="-111.510190000">
        <ele>1620</ele>
      </trkpt>
      <trkpt lat="33.959720000" lon="-111.510520000">
        <ele>1622</ele>
      </trkpt>
      <trkpt lat="33.959770000" lon="-111.510740000">
        <ele>1622</ele>
      </trkpt>
      <trkpt lat="33.959810000" lon="-111.510850000">
        <ele>1622</ele>
      </trkpt>
      <trkpt lat="33.959830000" lon="-111.511060000">
        <ele>1621</ele>
      </trkpt>
      <trkpt lat="33.959880000" lon="-111.511240000">
        <ele>1619</ele>
      </trkpt>
      <trkpt lat="33.960180000" lon="-111.511880000">
        <ele>1612</ele>
      </trkpt>
      <trkpt lat="33.960270000" lon="-111.512380000">
        <ele>1610</ele>
      </trkpt>
      <trkpt lat="33.960310000" lon="-111.512430000">
        <ele>1610</ele>
      </trkpt>
      <trkpt lat="33.960400000" lon="-111.512410000">
        <ele>1609</ele>
      </trkpt>
      <trkpt lat="33.960470000" lon="-111.512320000">
        <ele>1609</ele>
      </trkpt>
      <trkpt lat="33.960640000" lon="-111.511500000">
        <ele>1622</ele>
      </trkpt>
      <trkpt lat="33.960680000" lon="-111.511400000">
        <ele>1623</ele>
      </trkpt>
      <trkpt lat="33.960740000" lon="-111.511160000">
        <ele>1621</ele>
      </trkpt>
      <trkpt lat="33.960810000" lon="-111.511040000">
        <ele>1623</ele>
      </trkpt>
      <trkpt lat="33.960930000" lon="-111.510920000">
        <ele>1624</ele>
      </trkpt>
      <trkpt lat="33.961020000" lon="-111.510860000">
        <ele>1624</ele>
      </trkpt>
      <trkpt lat="33.961140000" lon="-111.510870000">
        <ele>1625</ele>
      </trkpt>
      <trkpt lat="33.961410000" lon="-111.510960000">
        <ele>1625</ele>
      </trkpt>
      <trkpt lat="33.961600000" lon="-111.511080000">
        <ele>1628</ele>
      </trkpt>
      <trkpt lat="33.961820000" lon="-111.511160000">
        <ele>1626</ele>
      </trkpt>
      <trkpt lat="33.961900000" lon="-111.511220000">
        <ele>1628</ele>
      </trkpt>
      <trkpt lat="33.961940000" lon="-111.511160000">
        <ele>1625</ele>
      </trkpt>
      <trkpt lat="33.961940000" lon="-111.510900000">
        <ele>1621</ele>
      </trkpt>
      <trkpt lat="33.961830000" lon="-111.510470000">
        <ele>1622</ele>
      </trkpt>
      <trkpt lat="33.961950000" lon="-111.510200000">
        <ele>1625</ele>
      </trkpt>
      <trkpt lat="33.962020000" lon="-111.509950000">
        <ele>1622</ele>
      </trkpt>
      <trkpt lat="33.962090000" lon="-111.509870000">
        <ele>1622</ele>
      </trkpt>
      <trkpt lat="33.962200000" lon="-111.509850000">
        <ele>1622</ele>
      </trkpt>
      <trkpt lat="33.962340000" lon="-111.509870000">
        <ele>1619</ele>
      </trkpt>
      <trkpt lat="33.962400000" lon="-111.509860000">
        <ele>1619</ele>
      </trkpt>
      <trkpt lat="33.962440000" lon="-111.509830000">
        <ele>1619</ele>
      </trkpt>
      <trkpt lat="33.962470000" lon="-111.509690000">
        <ele>1619</ele>
      </trkpt>
      <trkpt lat="33.962440000" lon="-111.509570000">
        <ele>1617</ele>
      </trkpt>
      <trkpt lat="33.962370000" lon="-111.509430000">
        <ele>1613</ele>
      </trkpt>
      <trkpt lat="33.962390000" lon="-111.509300000">
        <ele>1612</ele>
      </trkpt>
      <trkpt lat="33.962460000" lon="-111.509230000">
        <ele>1613</ele>
      </trkpt>
      <trkpt lat="33.962510000" lon="-111.509220000">
        <ele>1613</ele>
      </trkpt>
      <trkpt lat="33.962620000" lon="-111.509250000">
        <ele>1615</ele>
      </trkpt>
      <trkpt lat="33.962680000" lon="-111.509230000">
        <ele>1615</ele>
      </trkpt>
      <trkpt lat="33.962770000" lon="-111.509150000">
        <ele>1613</ele>
      </trkpt>
      <trkpt lat="33.962820000" lon="-111.508970000">
        <ele>1611</ele>
      </trkpt>
      <trkpt lat="33.962860000" lon="-111.508700000">
        <ele>1611</ele>
      </trkpt>
      <trkpt lat="33.962930000" lon="-111.508610000">
        <ele>1612</ele>
      </trkpt>
      <trkpt lat="33.963020000" lon="-111.508540000">
        <ele>1611</ele>
      </trkpt>
      <trkpt lat="33.963270000" lon="-111.508430000">
        <ele>1608</ele>
      </trkpt>
      <trkpt lat="33.963360000" lon="-111.508270000">
        <ele>1604</ele>
      </trkpt>
      <trkpt lat="33.963460000" lon="-111.508220000">
        <ele>1602</ele>
      </trkpt>
      <trkpt lat="33.963710000" lon="-111.508150000">
        <ele>1600</ele>
      </trkpt>
      <trkpt lat="33.963860000" lon="-111.508170000">
        <ele>1597</ele>
      </trkpt>
      <trkpt lat="33.964070000" lon="-111.508150000">
        <ele>1594</ele>
      </trkpt>
      <trkpt lat="33.964110000" lon="-111.508180000">
        <ele>1593</ele>
      </trkpt>
      <trkpt lat="33.964090000" lon="-111.508230000">
        <ele>1593</ele>
      </trkpt>
      <trkpt lat="33.964160000" lon="-111.508400000">
        <ele>1594</ele>
      </trkpt>
      <trkpt lat="33.964190000" lon="-111.508440000">
        <ele>1594</ele>
      </trkpt>
      <trkpt lat="33.964280000" lon="-111.508440000">
        <ele>1594</ele>
      </trkpt>
      <trkpt lat="33.964370000" lon="-111.508350000">
        <ele>1593</ele>
      </trkpt>
      <trkpt lat="33.964460000" lon="-111.508310000">
        <ele>1592</ele>
      </trkpt>
      <trkpt lat="33.964610000" lon="-111.508160000">
        <ele>1590</ele>
      </trkpt>
      <trkpt lat="33.964710000" lon="-111.508140000">
        <ele>1592</ele>
      </trkpt>
      <trkpt lat="33.964850000" lon="-111.508060000">
        <ele>1593</ele>
      </trkpt>
      <trkpt lat="33.964940000" lon="-111.507900000">
        <ele>1591</ele>
      </trkpt>
      <trkpt lat="33.965090000" lon="-111.507440000">
        <ele>1592</ele>
      </trkpt>
      <trkpt lat="33.965160000" lon="-111.507350000">
        <ele>1593</ele>
      </trkpt>
      <trkpt lat="33.965470000" lon="-111.507100000">
        <ele>1597</ele>
      </trkpt>
      <trkpt lat="33.965590000" lon="-111.506880000">
        <ele>1592</ele>
      </trkpt>
      <trkpt lat="33.965770000" lon="-111.506770000">
        <ele>1593</ele>
      </trkpt>
      <trkpt lat="33.965860000" lon="-111.506640000">
        <ele>1594</ele>
      </trkpt>
      <trkpt lat="33.966160000" lon="-111.506500000">
        <ele>1601</ele>
      </trkpt>
      <trkpt lat="33.966340000" lon="-111.506380000">
        <ele>1598</ele>
      </trkpt>
      <trkpt lat="33.966450000" lon="-111.506370000">
        <ele>1598</ele>
      </trkpt>
      <trkpt lat="33.966540000" lon="-111.506320000">
        <ele>1596</ele>
      </trkpt>
      <trkpt lat="33.966700000" lon="-111.506300000">
        <ele>1597</ele>
      </trkpt>
      <trkpt lat="33.966960000" lon="-111.506060000">
        <ele>1589</ele>
      </trkpt>
      <trkpt lat="33.967060000" lon="-111.506010000">
        <ele>1591</ele>
      </trkpt>
      <trkpt lat="33.967240000" lon="-111.505870000">
        <ele>1589</ele>
      </trkpt>
      <trkpt lat="33.967490000" lon="-111.505450000">
        <ele>1585</ele>
      </trkpt>
      <trkpt lat="33.967640000" lon="-111.505460000">
        <ele>1584</ele>
      </trkpt>
      <trkpt lat="33.967720000" lon="-111.505530000">
        <ele>1579</ele>
      </trkpt>
      <trkpt lat="33.967900000" lon="-111.505580000">
        <ele>1571</ele>
      </trkpt>
      <trkpt lat="33.968060000" lon="-111.505490000">
        <ele>1570</ele>
      </trkpt>
      <trkpt lat="33.968130000" lon="-111.505420000">
        <ele>1569</ele>
      </trkpt>
      <trkpt lat="33.968060000" lon="-111.505580000">
        <ele>1566</ele>
      </trkpt>
      <trkpt lat="33.967970000" lon="-111.505670000">
        <ele>1566</ele>
      </trkpt>
      <trkpt lat="33.967960000" lon="-111.505730000">
        <ele>1563</ele>
      </trkpt>
      <trkpt lat="33.968010000" lon="-111.505900000">
        <ele>1554</ele>
      </trkpt>
      <trkpt lat="33.968090000" lon="-111.506050000">
        <ele>1549</ele>
      </trkpt>
      <trkpt lat="33.968340000" lon="-111.506190000">
        <ele>1539</ele>
      </trkpt>
      <trkpt lat="33.968390000" lon="-111.506190000">
        <ele>1536</ele>
      </trkpt>
      <trkpt lat="33.968300000" lon="-111.506320000">
        <ele>1542</ele>
      </trkpt>
      <trkpt lat="33.968310000" lon="-111.506390000">
        <ele>1540</ele>
      </trkpt>
      <trkpt lat="33.968420000" lon="-111.506650000">
        <ele>1534</ele>
      </trkpt>
      <trkpt lat="33.968590000" lon="-111.506800000">
        <ele>1525</ele>
      </trkpt>
      <trkpt lat="33.968540000" lon="-111.506780000">
        <ele>1528</ele>
      </trkpt>
      <trkpt lat="33.968490000" lon="-111.506820000">
        <ele>1529</ele>
      </trkpt>
      <trkpt lat="33.968450000" lon="-111.506920000">
        <ele>1528</ele>
      </trkpt>
      <trkpt lat="33.968510000" lon="-111.507120000">
        <ele>1521</ele>
      </trkpt>
      <trkpt lat="33.968530000" lon="-111.507250000">
        <ele>1519</ele>
      </trkpt>
      <trkpt lat="33.968560000" lon="-111.507290000">
        <ele>1517</ele>
      </trkpt>
      <trkpt lat="33.968610000" lon="-111.507290000">
        <ele>1513</ele>
      </trkpt>
      <trkpt lat="33.968640000" lon="-111.507230000">
        <ele>1511</ele>
      </trkpt>
      <trkpt lat="33.968620000" lon="-111.507180000">
        <ele>1514</ele>
      </trkpt>
      <trkpt lat="33.968580000" lon="-111.507210000">
        <ele>1516</ele>
      </trkpt>
      <trkpt lat="33.968630000" lon="-111.507500000">
        <ele>1515</ele>
      </trkpt>
      <trkpt lat="33.968650000" lon="-111.507750000">
        <ele>1512</ele>
      </trkpt>
      <trkpt lat="33.968710000" lon="-111.507940000">
        <ele>1507</ele>
      </trkpt>
      <trkpt lat="33.968780000" lon="-111.508020000">
        <ele>1501</ele>
      </trkpt>
      <trkpt lat="33.968930000" lon="-111.508110000">
        <ele>1497</ele>
      </trkpt>
      <trkpt lat="33.968990000" lon="-111.508060000">
        <ele>1496</ele>
      </trkpt>
      <trkpt lat="33.969050000" lon="-111.508070000">
        <ele>1496</ele>
      </trkpt>
      <trkpt lat="33.969070000" lon="-111.508110000">
        <ele>1496</ele>
      </trkpt>
      <trkpt lat="33.969120000" lon="-111.508080000">
        <ele>1496</ele>
      </trkpt>
      <trkpt lat="33.969170000" lon="-111.507950000">
        <ele>1497</ele>
      </trkpt>
      <trkpt lat="33.969130000" lon="-111.507850000">
        <ele>1495</ele>
      </trkpt>
      <trkpt lat="33.969190000" lon="-111.507570000">
        <ele>1494</ele>
      </trkpt>
      <trkpt lat="33.969150000" lon="-111.507520000">
        <ele>1494</ele>
      </trkpt>
      <trkpt lat="33.969050000" lon="-111.507520000">
        <ele>1494</ele>
      </trkpt>
      <trkpt lat="33.969080000" lon="-111.507570000">
        <ele>1494</ele>
      </trkpt>
      <trkpt lat="33.969120000" lon="-111.507540000">
        <ele>1494</ele>
      </trkpt>
      <trkpt lat="33.969060000" lon="-111.507520000">
        <ele>1494</ele>
      </trkpt>
      <trkpt lat="33.969100000" lon="-111.507630000">
        <ele>1494</ele>
      </trkpt>
      <trkpt lat="33.969100000" lon="-111.507870000">
        <ele>1495</ele>
      </trkpt>
      <trkpt lat="33.969050000" lon="-111.507960000">
        <ele>1496</ele>
      </trkpt>
      <trkpt lat="33.969060000" lon="-111.508140000">
        <ele>1496</ele>
      </trkpt>
      <trkpt lat="33.969100000" lon="-111.508180000">
        <ele>1496</ele>
      </trkpt>
      <trkpt lat="33.969380000" lon="-111.508310000">
        <ele>1496</ele>
      </trkpt>
      <trkpt lat="33.969470000" lon="-111.508320000">
        <ele>1496</ele>
      </trkpt>
      <trkpt lat="33.969630000" lon="-111.508480000">
        <ele>1496</ele>
      </trkpt>
      <trkpt lat="33.969980000" lon="-111.508700000">
        <ele>1497</ele>
      </trkpt>
      <trkpt lat="33.969990000" lon="-111.508760000">
        <ele>1498</ele>
      </trkpt>
      <trkpt lat="33.970070000" lon="-111.508900000">
        <ele>1504</ele>
      </trkpt>
      <trkpt lat="33.970160000" lon="-111.508960000">
        <ele>1504</ele>
      </trkpt>
      <trkpt lat="33.970300000" lon="-111.509200000">
        <ele>1509</ele>
      </trkpt>
      <trkpt lat="33.970320000" lon="-111.509340000">
        <ele>1509</ele>
      </trkpt>
      <trkpt lat="33.970340000" lon="-111.509380000">
        <ele>1507</ele>
      </trkpt>
      <trkpt lat="33.970360000" lon="-111.509560000">
        <ele>1503</ele>
      </trkpt>
      <trkpt lat="33.970410000" lon="-111.509660000">
        <ele>1500</ele>
      </trkpt>
      <trkpt lat="33.970510000" lon="-111.510010000">
        <ele>1501</ele>
      </trkpt>
      <trkpt lat="33.970530000" lon="-111.510200000">
        <ele>1506</ele>
      </trkpt>
      <trkpt lat="33.970480000" lon="-111.510300000">
        <ele>1509</ele>
      </trkpt>
      <trkpt lat="33.970450000" lon="-111.510460000">
        <ele>1512</ele>
      </trkpt>
      <trkpt lat="33.970500000" lon="-111.510850000">
        <ele>1515</ele>
      </trkpt>
      <trkpt lat="33.970380000" lon="-111.511240000">
        <ele>1513</ele>
      </trkpt>
      <trkpt lat="33.970380000" lon="-111.511360000">
        <ele>1513</ele>
      </trkpt>
      <trkpt lat="33.970320000" lon="-111.511580000">
        <ele>1515</ele>
      </trkpt>
      <trkpt lat="33.970310000" lon="-111.511820000">
        <ele>1515</ele>
      </trkpt>
      <trkpt lat="33.970420000" lon="-111.512080000">
        <ele>1514</ele>
      </trkpt>
      <trkpt lat="33.970470000" lon="-111.512090000">
        <ele>1514</ele>
      </trkpt>
      <trkpt lat="33.970530000" lon="-111.512160000">
        <ele>1514</ele>
      </trkpt>
      <trkpt lat="33.970620000" lon="-111.512210000">
        <ele>1514</ele>
      </trkpt>
      <trkpt lat="33.970690000" lon="-111.512310000">
        <ele>1517</ele>
      </trkpt>
      <trkpt lat="33.970770000" lon="-111.512340000">
        <ele>1517</ele>
      </trkpt>
      <trkpt lat="33.970760000" lon="-111.512720000">
        <ele>1522</ele>
      </trkpt>
      <trkpt lat="33.970800000" lon="-111.513040000">
        <ele>1523</ele>
      </trkpt>
      <trkpt lat="33.970680000" lon="-111.513300000">
        <ele>1524</ele>
      </trkpt>
      <trkpt lat="33.970660000" lon="-111.513420000">
        <ele>1524</ele>
      </trkpt>
      <trkpt lat="33.970530000" lon="-111.513600000">
        <ele>1524</ele>
      </trkpt>
      <trkpt lat="33.970430000" lon="-111.513880000">
        <ele>1528</ele>
      </trkpt>
      <trkpt lat="33.970380000" lon="-111.514170000">
        <ele>1534</ele>
      </trkpt>
      <trkpt lat="33.970340000" lon="-111.514210000">
        <ele>1535</ele>
      </trkpt>
      <trkpt lat="33.970300000" lon="-111.514310000">
        <ele>1536</ele>
      </trkpt>
      <trkpt lat="33.970340000" lon="-111.514280000">
        <ele>1535</ele>
      </trkpt>
      <trkpt lat="33.970380000" lon="-111.514310000">
        <ele>1535</ele>
      </trkpt>
      <trkpt lat="33.970370000" lon="-111.514540000">
        <ele>1535</ele>
      </trkpt>
      <trkpt lat="33.970380000" lon="-111.514610000">
        <ele>1535</ele>
      </trkpt>
      <trkpt lat="33.970460000" lon="-111.514790000">
        <ele>1535</ele>
      </trkpt>
      <trkpt lat="33.970480000" lon="-111.514910000">
        <ele>1536</ele>
      </trkpt>
      <trkpt lat="33.970460000" lon="-111.514970000">
        <ele>1536</ele>
      </trkpt>
      <trkpt lat="33.970390000" lon="-111.515050000">
        <ele>1539</ele>
      </trkpt>
      <trkpt lat="33.970370000" lon="-111.515110000">
        <ele>1540</ele>
      </trkpt>
      <trkpt lat="33.970450000" lon="-111.515820000">
        <ele>1549</ele>
      </trkpt>
      <trkpt lat="33.970370000" lon="-111.516410000">
        <ele>1548</ele>
      </trkpt>
      <trkpt lat="33.970290000" lon="-111.516610000">
        <ele>1549</ele>
      </trkpt>
      <trkpt lat="33.970280000" lon="-111.516780000">
        <ele>1550</ele>
      </trkpt>
      <trkpt lat="33.970210000" lon="-111.517010000">
        <ele>1554</ele>
      </trkpt>
      <trkpt lat="33.970310000" lon="-111.517400000">
        <ele>1556</ele>
      </trkpt>
      <trkpt lat="33.970360000" lon="-111.517450000">
        <ele>1557</ele>
      </trkpt>
      <trkpt lat="33.970340000" lon="-111.517920000">
        <ele>1562</ele>
      </trkpt>
      <trkpt lat="33.970350000" lon="-111.518550000">
        <ele>1565</ele>
      </trkpt>
      <trkpt lat="33.970460000" lon="-111.518740000">
        <ele>1562</ele>
      </trkpt>
      <trkpt lat="33.970460000" lon="-111.518990000">
        <ele>1561</ele>
      </trkpt>
      <trkpt lat="33.970480000" lon="-111.519030000">
        <ele>1561</ele>
      </trkpt>
      <trkpt lat="33.970440000" lon="-111.519010000">
        <ele>1561</ele>
      </trkpt>
      <trkpt lat="33.970310000" lon="-111.519130000">
        <ele>1562</ele>
      </trkpt>
      <trkpt lat="33.970290000" lon="-111.519260000">
        <ele>1562</ele>
      </trkpt>
      <trkpt lat="33.970410000" lon="-111.519450000">
        <ele>1562</ele>
      </trkpt>
      <trkpt lat="33.970350000" lon="-111.519550000">
        <ele>1563</ele>
      </trkpt>
      <trkpt lat="33.970360000" lon="-111.519610000">
        <ele>1564</ele>
      </trkpt>
      <trkpt lat="33.970440000" lon="-111.519760000">
        <ele>1565</ele>
      </trkpt>
      <trkpt lat="33.970380000" lon="-111.520050000">
        <ele>1572</ele>
      </trkpt>
      <trkpt lat="33.970480000" lon="-111.520240000">
        <ele>1573</ele>
      </trkpt>
      <trkpt lat="33.970480000" lon="-111.520300000">
        <ele>1574</ele>
      </trkpt>
      <trkpt lat="33.970520000" lon="-111.520330000">
        <ele>1573</ele>
      </trkpt>
      <trkpt lat="33.970560000" lon="-111.520560000">
        <ele>1575</ele>
      </trkpt>
      <trkpt lat="33.970520000" lon="-111.520740000">
        <ele>1576</ele>
      </trkpt>
      <trkpt lat="33.970470000" lon="-111.520740000">
        <ele>1578</ele>
      </trkpt>
      <trkpt lat="33.970370000" lon="-111.520870000">
        <ele>1579</ele>
      </trkpt>
      <trkpt lat="33.970340000" lon="-111.521040000">
        <ele>1579</ele>
      </trkpt>
      <trkpt lat="33.970440000" lon="-111.520810000">
        <ele>1578</ele>
      </trkpt>
      <trkpt lat="33.970580000" lon="-111.520820000">
        <ele>1574</ele>
      </trkpt>
      <trkpt lat="33.970680000" lon="-111.520850000">
        <ele>1573</ele>
      </trkpt>
      <trkpt lat="33.970780000" lon="-111.520840000">
        <ele>1574</ele>
      </trkpt>
      <trkpt lat="33.970890000" lon="-111.520940000">
        <ele>1581</ele>
      </trkpt>
      <trkpt lat="33.970900000" lon="-111.520990000">
        <ele>1583</ele>
      </trkpt>
      <trkpt lat="33.970840000" lon="-111.521100000">
        <ele>1584</ele>
      </trkpt>
      <trkpt lat="33.970890000" lon="-111.521200000">
        <ele>1592</ele>
      </trkpt>
      <trkpt lat="33.970930000" lon="-111.521230000">
        <ele>1595</ele>
      </trkpt>
      <trkpt lat="33.970960000" lon="-111.521280000">
        <ele>1597</ele>
      </trkpt>
      <trkpt lat="33.970920000" lon="-111.521380000">
        <ele>1598</ele>
      </trkpt>
      <trkpt lat="33.970930000" lon="-111.521430000">
        <ele>1598</ele>
      </trkpt>
      <trkpt lat="33.971010000" lon="-111.521640000">
        <ele>1602</ele>
      </trkpt>
      <trkpt lat="33.971100000" lon="-111.521720000">
        <ele>1607</ele>
      </trkpt>
      <trkpt lat="33.971120000" lon="-111.521780000">
        <ele>1609</ele>
      </trkpt>
      <trkpt lat="33.971120000" lon="-111.522010000">
        <ele>1613</ele>
      </trkpt>
      <trkpt lat="33.971170000" lon="-111.522240000">
        <ele>1619</ele>
      </trkpt>
      <trkpt lat="33.971240000" lon="-111.522330000">
        <ele>1622</ele>
      </trkpt>
      <trkpt lat="33.971280000" lon="-111.522500000">
        <ele>1624</ele>
      </trkpt>
      <trkpt lat="33.971350000" lon="-111.522670000">
        <ele>1626</ele>
      </trkpt>
      <trkpt lat="33.971440000" lon="-111.522820000">
        <ele>1630</ele>
      </trkpt>
      <trkpt lat="33.971440000" lon="-111.522890000">
        <ele>1631</ele>
      </trkpt>
      <trkpt lat="33.971510000" lon="-111.522980000">
        <ele>1633</ele>
      </trkpt>
      <trkpt lat="33.971660000" lon="-111.523030000">
        <ele>1634</ele>
      </trkpt>
      <trkpt lat="33.971730000" lon="-111.523120000">
        <ele>1635</ele>
      </trkpt>
      <trkpt lat="33.971970000" lon="-111.523230000">
        <ele>1635</ele>
      </trkpt>
      <trkpt lat="33.972150000" lon="-111.523390000">
        <ele>1639</ele>
      </trkpt>
      <trkpt lat="33.972210000" lon="-111.523830000">
        <ele>1642</ele>
      </trkpt>
      <trkpt lat="33.972460000" lon="-111.524500000">
        <ele>1631</ele>
      </trkpt>
      <trkpt lat="33.972590000" lon="-111.524690000">
        <ele>1633</ele>
      </trkpt>
      <trkpt lat="33.972640000" lon="-111.524710000">
        <ele>1633</ele>
      </trkpt>
      <trkpt lat="33.972780000" lon="-111.525030000">
        <ele>1636</ele>
      </trkpt>
      <trkpt lat="33.972860000" lon="-111.525100000">
        <ele>1638</ele>
      </trkpt>
      <trkpt lat="33.972880000" lon="-111.525150000">
        <ele>1640</ele>
      </trkpt>
      <trkpt lat="33.972830000" lon="-111.525430000">
        <ele>1648</ele>
      </trkpt>
      <trkpt lat="33.972750000" lon="-111.525660000">
        <ele>1647</ele>
      </trkpt>
      <trkpt lat="33.972730000" lon="-111.525960000">
        <ele>1646</ele>
      </trkpt>
      <trkpt lat="33.972670000" lon="-111.526130000">
        <ele>1647</ele>
      </trkpt>
      <trkpt lat="33.972730000" lon="-111.526480000">
        <ele>1658</ele>
      </trkpt>
      <trkpt lat="33.972850000" lon="-111.526770000">
        <ele>1658</ele>
      </trkpt>
      <trkpt lat="33.973000000" lon="-111.526830000">
        <ele>1658</ele>
      </trkpt>
      <trkpt lat="33.973210000" lon="-111.526840000">
        <ele>1660</ele>
      </trkpt>
      <trkpt lat="33.973390000" lon="-111.526950000">
        <ele>1662</ele>
      </trkpt>
      <trkpt lat="33.973520000" lon="-111.527080000">
        <ele>1661</ele>
      </trkpt>
      <trkpt lat="33.973610000" lon="-111.527090000">
        <ele>1662</ele>
      </trkpt>
      <trkpt lat="33.973790000" lon="-111.527200000">
        <ele>1660</ele>
      </trkpt>
      <trkpt lat="33.973940000" lon="-111.527260000">
        <ele>1659</ele>
      </trkpt>
      <trkpt lat="33.974100000" lon="-111.527430000">
        <ele>1658</ele>
      </trkpt>
      <trkpt lat="33.974190000" lon="-111.527490000">
        <ele>1658</ele>
      </trkpt>
      <trkpt lat="33.974220000" lon="-111.527540000">
        <ele>1657</ele>
      </trkpt>
      <trkpt lat="33.974230000" lon="-111.527610000">
        <ele>1657</ele>
      </trkpt>
      <trkpt lat="33.974300000" lon="-111.527710000">
        <ele>1657</ele>
      </trkpt>
      <trkpt lat="33.974400000" lon="-111.527770000">
        <ele>1657</ele>
      </trkpt>
      <trkpt lat="33.974510000" lon="-111.527790000">
        <ele>1657</ele>
      </trkpt>
      <trkpt lat="33.974860000" lon="-111.527700000">
        <ele>1658</ele>
      </trkpt>
      <trkpt lat="33.975120000" lon="-111.527710000">
        <ele>1663</ele>
      </trkpt>
      <trkpt lat="33.975520000" lon="-111.527630000">
        <ele>1674</ele>
      </trkpt>
      <trkpt lat="33.975550000" lon="-111.527680000">
        <ele>1675</ele>
      </trkpt>
      <trkpt lat="33.975750000" lon="-111.527700000">
        <ele>1683</ele>
      </trkpt>
      <trkpt lat="33.975940000" lon="-111.527610000">
        <ele>1684</ele>
      </trkpt>
      <trkpt lat="33.976090000" lon="-111.527600000">
        <ele>1684</ele>
      </trkpt>
      <trkpt lat="33.976180000" lon="-111.527570000">
        <ele>1682</ele>
      </trkpt>
      <trkpt lat="33.976280000" lon="-111.527510000">
        <ele>1682</ele>
      </trkpt>
      <trkpt lat="33.976440000" lon="-111.527330000">
        <ele>1684</ele>
      </trkpt>
      <trkpt lat="33.976490000" lon="-111.527300000">
        <ele>1684</ele>
      </trkpt>
      <trkpt lat="33.976540000" lon="-111.527320000">
        <ele>1684</ele>
      </trkpt>
      <trkpt lat="33.976650000" lon="-111.527280000">
        <ele>1684</ele>
      </trkpt>
      <trkpt lat="33.976710000" lon="-111.527180000">
        <ele>1683</ele>
      </trkpt>
      <trkpt lat="33.976860000" lon="-111.527040000">
        <ele>1682</ele>
      </trkpt>
      <trkpt lat="33.977230000" lon="-111.527060000">
        <ele>1687</ele>
      </trkpt>
      <trkpt lat="33.977280000" lon="-111.527080000">
        <ele>1687</ele>
      </trkpt>
      <trkpt lat="33.977320000" lon="-111.527120000">
        <ele>1685</ele>
      </trkpt>
      <trkpt lat="33.977380000" lon="-111.527290000">
        <ele>1682</ele>
      </trkpt>
      <trkpt lat="33.977420000" lon="-111.527300000">
        <ele>1681</ele>
      </trkpt>
      <trkpt lat="33.977510000" lon="-111.527450000">
        <ele>1677</ele>
      </trkpt>
      <trkpt lat="33.977570000" lon="-111.527500000">
        <ele>1675</ele>
      </trkpt>
      <trkpt lat="33.977600000" lon="-111.527560000">
        <ele>1674</ele>
      </trkpt>
      <trkpt lat="33.977680000" lon="-111.527610000">
        <ele>1671</ele>
      </trkpt>
      <trkpt lat="33.977830000" lon="-111.527830000">
        <ele>1663</ele>
      </trkpt>
      <trkpt lat="33.977810000" lon="-111.527880000">
        <ele>1663</ele>
      </trkpt>
      <trkpt lat="33.977760000" lon="-111.527910000">
        <ele>1663</ele>
      </trkpt>
      <trkpt lat="33.977770000" lon="-111.527970000">
        <ele>1661</ele>
      </trkpt>
      <trkpt lat="33.977840000" lon="-111.528050000">
        <ele>1657</ele>
      </trkpt>
      <trkpt lat="33.977940000" lon="-111.528080000">
        <ele>1654</ele>
      </trkpt>
      <trkpt lat="33.977850000" lon="-111.528130000">
        <ele>1654</ele>
      </trkpt>
      <trkpt lat="33.977650000" lon="-111.528120000">
        <ele>1654</ele>
      </trkpt>
      <trkpt lat="33.977630000" lon="-111.528180000">
        <ele>1652</ele>
      </trkpt>
      <trkpt lat="33.977670000" lon="-111.528310000">
        <ele>1646</ele>
      </trkpt>
      <trkpt lat="33.977750000" lon="-111.528390000">
        <ele>1642</ele>
      </trkpt>
      <trkpt lat="33.977800000" lon="-111.528430000">
        <ele>1640</ele>
      </trkpt>
      <trkpt lat="33.978160000" lon="-111.528460000">
        <ele>1636</ele>
      </trkpt>
      <trkpt lat="33.978250000" lon="-111.528410000">
        <ele>1638</ele>
      </trkpt>
      <trkpt lat="33.978340000" lon="-111.528320000">
        <ele>1636</ele>
      </trkpt>
      <trkpt lat="33.978350000" lon="-111.528370000">
        <ele>1635</ele>
      </trkpt>
      <trkpt lat="33.978240000" lon="-111.528600000">
        <ele>1628</ele>
      </trkpt>
      <trkpt lat="33.978230000" lon="-111.528660000">
        <ele>1624</ele>
      </trkpt>
      <trkpt lat="33.978280000" lon="-111.528750000">
        <ele>1620</ele>
      </trkpt>
      <trkpt lat="33.978420000" lon="-111.528800000">
        <ele>1617</ele>
      </trkpt>
      <trkpt lat="33.978330000" lon="-111.528870000">
        <ele>1614</ele>
      </trkpt>
      <trkpt lat="33.978350000" lon="-111.528930000">
        <ele>1612</ele>
      </trkpt>
      <trkpt lat="33.978400000" lon="-111.528960000">
        <ele>1610</ele>
      </trkpt>
      <trkpt lat="33.978600000" lon="-111.528990000">
        <ele>1608</ele>
      </trkpt>
      <trkpt lat="33.978710000" lon="-111.529050000">
        <ele>1604</ele>
      </trkpt>
      <trkpt lat="33.978760000" lon="-111.529050000">
        <ele>1603</ele>
      </trkpt>
      <trkpt lat="33.978830000" lon="-111.528970000">
        <ele>1603</ele>
      </trkpt>
      <trkpt lat="33.978880000" lon="-111.528960000">
        <ele>1602</ele>
      </trkpt>
      <trkpt lat="33.978950000" lon="-111.529030000">
        <ele>1597</ele>
      </trkpt>
      <trkpt lat="33.979000000" lon="-111.529140000">
        <ele>1592</ele>
      </trkpt>
      <trkpt lat="33.979150000" lon="-111.529170000">
        <ele>1585</ele>
      </trkpt>
      <trkpt lat="33.979340000" lon="-111.529170000">
        <ele>1578</ele>
      </trkpt>
      <trkpt lat="33.979380000" lon="-111.529200000">
        <ele>1576</ele>
      </trkpt>
      <trkpt lat="33.979540000" lon="-111.529220000">
        <ele>1569</ele>
      </trkpt>
      <trkpt lat="33.979720000" lon="-111.529350000">
        <ele>1562</ele>
      </trkpt>
      <trkpt lat="33.979780000" lon="-111.529350000">
        <ele>1560</ele>
      </trkpt>
      <trkpt lat="33.980230000" lon="-111.529740000">
        <ele>1563</ele>
      </trkpt>
      <trkpt lat="33.980370000" lon="-111.529920000">
        <ele>1565</ele>
      </trkpt>
      <trkpt lat="33.980500000" lon="-111.530170000">
        <ele>1566</ele>
      </trkpt>
      <trkpt lat="33.980530000" lon="-111.530290000">
        <ele>1567</ele>
      </trkpt>
      <trkpt lat="33.980670000" lon="-111.530470000">
        <ele>1566</ele>
      </trkpt>
      <trkpt lat="33.980640000" lon="-111.530510000">
        <ele>1567</ele>
      </trkpt>
      <trkpt lat="33.980650000" lon="-111.530630000">
        <ele>1566</ele>
      </trkpt>
      <trkpt lat="33.980670000" lon="-111.530690000">
        <ele>1566</ele>
      </trkpt>
      <trkpt lat="33.980760000" lon="-111.530830000">
        <ele>1565</ele>
      </trkpt>
      <trkpt lat="33.980770000" lon="-111.530950000">
        <ele>1564</ele>
      </trkpt>
      <trkpt lat="33.980670000" lon="-111.531090000">
        <ele>1561</ele>
      </trkpt>
      <trkpt lat="33.980640000" lon="-111.531210000">
        <ele>1557</ele>
      </trkpt>
      <trkpt lat="33.980640000" lon="-111.531280000">
        <ele>1554</ele>
      </trkpt>
      <trkpt lat="33.980700000" lon="-111.531400000">
        <ele>1549</ele>
      </trkpt>
      <trkpt lat="33.981040000" lon="-111.531610000">
        <ele>1531</ele>
      </trkpt>
      <trkpt lat="33.981140000" lon="-111.531580000">
        <ele>1529</ele>
      </trkpt>
      <trkpt lat="33.981220000" lon="-111.531650000">
        <ele>1523</ele>
      </trkpt>
      <trkpt lat="33.981330000" lon="-111.531660000">
        <ele>1519</ele>
      </trkpt>
      <trkpt lat="33.981370000" lon="-111.531640000">
        <ele>1517</ele>
      </trkpt>
      <trkpt lat="33.981460000" lon="-111.531670000">
        <ele>1511</ele>
      </trkpt>
      <trkpt lat="33.981660000" lon="-111.531610000">
        <ele>1505</ele>
      </trkpt>
      <trkpt lat="33.981760000" lon="-111.531640000">
        <ele>1502</ele>
      </trkpt>
      <trkpt lat="33.981940000" lon="-111.531750000">
        <ele>1496</ele>
      </trkpt>
      <trkpt lat="33.982040000" lon="-111.531960000">
        <ele>1488</ele>
      </trkpt>
      <trkpt lat="33.982170000" lon="-111.532040000">
        <ele>1483</ele>
      </trkpt>
      <trkpt lat="33.982270000" lon="-111.532180000">
        <ele>1478</ele>
      </trkpt>
      <trkpt lat="33.982310000" lon="-111.532200000">
        <ele>1476</ele>
      </trkpt>
      <trkpt lat="33.982420000" lon="-111.532400000">
        <ele>1467</ele>
      </trkpt>
      <trkpt lat="33.982530000" lon="-111.532520000">
        <ele>1462</ele>
      </trkpt>
      <trkpt lat="33.982590000" lon="-111.532690000">
        <ele>1458</ele>
      </trkpt>
      <trkpt lat="33.982650000" lon="-111.532920000">
        <ele>1451</ele>
      </trkpt>
      <trkpt lat="33.982620000" lon="-111.532970000">
        <ele>1452</ele>
      </trkpt>
      <trkpt lat="33.982640000" lon="-111.533020000">
        <ele>1450</ele>
      </trkpt>
      <trkpt lat="33.982590000" lon="-111.533120000">
        <ele>1449</ele>
      </trkpt>
      <trkpt lat="33.982620000" lon="-111.533220000">
        <ele>1444</ele>
      </trkpt>
      <trkpt lat="33.982620000" lon="-111.533460000">
        <ele>1439</ele>
      </trkpt>
      <trkpt lat="33.982680000" lon="-111.533630000">
        <ele>1435</ele>
      </trkpt>
      <trkpt lat="33.982660000" lon="-111.533810000">
        <ele>1428</ele>
      </trkpt>
      <trkpt lat="33.982710000" lon="-111.533970000">
        <ele>1423</ele>
      </trkpt>
      <trkpt lat="33.982740000" lon="-111.534010000">
        <ele>1421</ele>
      </trkpt>
      <trkpt lat="33.982720000" lon="-111.534070000">
        <ele>1420</ele>
      </trkpt>
      <trkpt lat="33.982830000" lon="-111.534340000">
        <ele>1412</ele>
      </trkpt>
      <trkpt lat="33.982830000" lon="-111.534470000">
        <ele>1413</ele>
      </trkpt>
      <trkpt lat="33.982900000" lon="-111.534700000">
        <ele>1408</ele>
      </trkpt>
      <trkpt lat="33.982960000" lon="-111.534810000">
        <ele>1406</ele>
      </trkpt>
      <trkpt lat="33.983110000" lon="-111.534980000">
        <ele>1404</ele>
      </trkpt>
      <trkpt lat="33.983150000" lon="-111.535000000">
        <ele>1403</ele>
      </trkpt>
      <trkpt lat="33.983260000" lon="-111.534990000">
        <ele>1399</ele>
      </trkpt>
      <trkpt lat="33.983420000" lon="-111.535140000">
        <ele>1393</ele>
      </trkpt>
      <trkpt lat="33.983660000" lon="-111.535220000">
        <ele>1383</ele>
      </trkpt>
      <trkpt lat="33.983800000" lon="-111.535290000">
        <ele>1378</ele>
      </trkpt>
      <trkpt lat="33.983950000" lon="-111.535310000">
        <ele>1372</ele>
      </trkpt>
      <trkpt lat="33.984030000" lon="-111.535370000">
        <ele>1369</ele>
      </trkpt>
      <trkpt lat="33.984160000" lon="-111.535550000">
        <ele>1364</ele>
      </trkpt>
      <trkpt lat="33.984270000" lon="-111.535550000">
        <ele>1364</ele>
      </trkpt>
      <trkpt lat="33.984330000" lon="-111.535640000">
        <ele>1364</ele>
      </trkpt>
      <trkpt lat="33.984340000" lon="-111.535690000">
        <ele>1364</ele>
      </trkpt>
      <trkpt lat="33.984490000" lon="-111.535850000">
        <ele>1365</ele>
      </trkpt>
      <trkpt lat="33.984670000" lon="-111.535970000">
        <ele>1364</ele>
      </trkpt>
      <trkpt lat="33.984730000" lon="-111.535970000">
        <ele>1364</ele>
      </trkpt>
      <trkpt lat="33.984810000" lon="-111.536080000">
        <ele>1364</ele>
      </trkpt>
      <trkpt lat="33.984860000" lon="-111.536090000">
        <ele>1364</ele>
      </trkpt>
      <trkpt lat="33.985030000" lon="-111.536210000">
        <ele>1363</ele>
      </trkpt>
      <trkpt lat="33.985210000" lon="-111.536410000">
        <ele>1361</ele>
      </trkpt>
      <trkpt lat="33.985400000" lon="-111.536470000">
        <ele>1358</ele>
      </trkpt>
      <trkpt lat="33.985510000" lon="-111.536600000">
        <ele>1354</ele>
      </trkpt>
      <trkpt lat="33.985610000" lon="-111.536620000">
        <ele>1353</ele>
      </trkpt>
      <trkpt lat="33.985700000" lon="-111.536600000">
        <ele>1353</ele>
      </trkpt>
      <trkpt lat="33.985760000" lon="-111.536630000">
        <ele>1352</ele>
      </trkpt>
      <trkpt lat="33.985860000" lon="-111.536610000">
        <ele>1353</ele>
      </trkpt>
      <trkpt lat="33.986030000" lon="-111.536720000">
        <ele>1352</ele>
      </trkpt>
      <trkpt lat="33.986370000" lon="-111.536850000">
        <ele>1348</ele>
      </trkpt>
      <trkpt lat="33.986470000" lon="-111.536860000">
        <ele>1345</ele>
      </trkpt>
      <trkpt lat="33.986500000" lon="-111.536900000">
        <ele>1345</ele>
      </trkpt>
      <trkpt lat="33.986640000" lon="-111.536890000">
        <ele>1341</ele>
      </trkpt>
      <trkpt lat="33.986690000" lon="-111.536920000">
        <ele>1341</ele>
      </trkpt>
      <trkpt lat="33.986730000" lon="-111.536900000">
        <ele>1340</ele>
      </trkpt>
      <trkpt lat="33.986730000" lon="-111.536960000">
        <ele>1342</ele>
      </trkpt>
      <trkpt lat="33.986830000" lon="-111.537160000">
        <ele>1346</ele>
      </trkpt>
      <trkpt lat="33.987010000" lon="-111.537320000">
        <ele>1339</ele>
      </trkpt>
      <trkpt lat="33.987110000" lon="-111.537310000">
        <ele>1336</ele>
      </trkpt>
      <trkpt lat="33.987150000" lon="-111.537270000">
        <ele>1335</ele>
      </trkpt>
      <trkpt lat="33.987170000" lon="-111.537220000">
        <ele>1335</ele>
      </trkpt>
      <trkpt lat="33.987320000" lon="-111.537210000">
        <ele>1334</ele>
      </trkpt>
      <trkpt lat="33.987560000" lon="-111.537280000">
        <ele>1334</ele>
      </trkpt>
      <trkpt lat="33.987670000" lon="-111.537420000">
        <ele>1332</ele>
      </trkpt>
      <trkpt lat="33.987800000" lon="-111.537710000">
        <ele>1327</ele>
      </trkpt>
      <trkpt lat="33.987940000" lon="-111.537780000">
        <ele>1324</ele>
      </trkpt>
      <trkpt lat="33.988050000" lon="-111.537800000">
        <ele>1324</ele>
      </trkpt>
      <trkpt lat="33.988050000" lon="-111.537980000">
        <ele>1318</ele>
      </trkpt>
      <trkpt lat="33.988080000" lon="-111.538120000">
        <ele>1317</ele>
      </trkpt>
      <trkpt lat="33.988270000" lon="-111.538320000">
        <ele>1317</ele>
      </trkpt>
      <trkpt lat="33.988360000" lon="-111.538480000">
        <ele>1317</ele>
      </trkpt>
      <trkpt lat="33.988500000" lon="-111.538650000">
        <ele>1319</ele>
      </trkpt>
      <trkpt lat="33.988520000" lon="-111.538790000">
        <ele>1317</ele>
      </trkpt>
      <trkpt lat="33.988590000" lon="-111.538950000">
        <ele>1312</ele>
      </trkpt>
      <trkpt lat="33.988700000" lon="-111.539080000">
        <ele>1309</ele>
      </trkpt>
      <trkpt lat="33.988750000" lon="-111.539360000">
        <ele>1303</ele>
      </trkpt>
      <trkpt lat="33.988720000" lon="-111.539480000">
        <ele>1302</ele>
      </trkpt>
      <trkpt lat="33.988730000" lon="-111.539530000">
        <ele>1302</ele>
      </trkpt>
      <trkpt lat="33.988850000" lon="-111.539650000">
        <ele>1303</ele>
      </trkpt>
      <trkpt lat="33.988940000" lon="-111.539720000">
        <ele>1303</ele>
      </trkpt>
      <trkpt lat="33.988990000" lon="-111.539720000">
        <ele>1303</ele>
      </trkpt>
      <trkpt lat="33.989110000" lon="-111.539840000">
        <ele>1303</ele>
      </trkpt>
      <trkpt lat="33.989110000" lon="-111.539780000">
        <ele>1303</ele>
      </trkpt>
      <trkpt lat="33.989140000" lon="-111.539730000">
        <ele>1302</ele>
      </trkpt>
      <trkpt lat="33.989190000" lon="-111.539720000">
        <ele>1302</ele>
      </trkpt>
      <trkpt lat="33.989280000" lon="-111.539770000">
        <ele>1303</ele>
      </trkpt>
      <trkpt lat="33.989360000" lon="-111.539920000">
        <ele>1301</ele>
      </trkpt>
      <trkpt lat="33.989440000" lon="-111.539980000">
        <ele>1299</ele>
      </trkpt>
      <trkpt lat="33.989450000" lon="-111.540110000">
        <ele>1296</ele>
      </trkpt>
      <trkpt lat="33.989590000" lon="-111.540370000">
        <ele>1291</ele>
      </trkpt>
      <trkpt lat="33.989660000" lon="-111.540440000">
        <ele>1291</ele>
      </trkpt>
      <trkpt lat="33.989740000" lon="-111.540640000">
        <ele>1290</ele>
      </trkpt>
      <trkpt lat="33.989880000" lon="-111.540790000">
        <ele>1289</ele>
      </trkpt>
      <trkpt lat="33.990020000" lon="-111.541040000">
        <ele>1289</ele>
      </trkpt>
      <trkpt lat="33.990070000" lon="-111.541060000">
        <ele>1288</ele>
      </trkpt>
      <trkpt lat="33.990140000" lon="-111.540980000">
        <ele>1287</ele>
      </trkpt>
      <trkpt lat="33.990160000" lon="-111.540930000">
        <ele>1287</ele>
      </trkpt>
      <trkpt lat="33.990220000" lon="-111.540930000">
        <ele>1287</ele>
      </trkpt>
      <trkpt lat="33.990360000" lon="-111.541030000">
        <ele>1285</ele>
      </trkpt>
      <trkpt lat="33.990640000" lon="-111.541380000">
        <ele>1279</ele>
      </trkpt>
      <trkpt lat="33.990680000" lon="-111.541480000">
        <ele>1279</ele>
      </trkpt>
      <trkpt lat="33.990800000" lon="-111.541600000">
        <ele>1278</ele>
      </trkpt>
      <trkpt lat="33.990850000" lon="-111.541700000">
        <ele>1278</ele>
      </trkpt>
      <trkpt lat="33.990930000" lon="-111.541770000">
        <ele>1278</ele>
      </trkpt>
      <trkpt lat="33.991020000" lon="-111.541990000">
        <ele>1277</ele>
      </trkpt>
      <trkpt lat="33.991050000" lon="-111.542110000">
        <ele>1278</ele>
      </trkpt>
      <trkpt lat="33.991090000" lon="-111.542150000">
        <ele>1278</ele>
      </trkpt>
      <trkpt lat="33.991130000" lon="-111.542260000">
        <ele>1276</ele>
      </trkpt>
      <trkpt lat="33.991170000" lon="-111.542290000">
        <ele>1275</ele>
      </trkpt>
      <trkpt lat="33.991320000" lon="-111.542520000">
        <ele>1274</ele>
      </trkpt>
      <trkpt lat="33.991390000" lon="-111.542600000">
        <ele>1275</ele>
      </trkpt>
      <trkpt lat="33.991540000" lon="-111.543010000">
        <ele>1275</ele>
      </trkpt>
      <trkpt lat="33.991650000" lon="-111.543530000">
        <ele>1272</ele>
      </trkpt>
      <trkpt lat="33.991670000" lon="-111.543780000">
        <ele>1266</ele>
      </trkpt>
      <trkpt lat="33.991660000" lon="-111.543860000">
        <ele>1266</ele>
      </trkpt>
      <trkpt lat="33.991730000" lon="-111.544110000">
        <ele>1265</ele>
      </trkpt>
      <trkpt lat="33.991710000" lon="-111.544240000">
        <ele>1262</ele>
      </trkpt>
      <trkpt lat="33.991790000" lon="-111.544540000">
        <ele>1258</ele>
      </trkpt>
      <trkpt lat="33.991770000" lon="-111.544650000">
        <ele>1258</ele>
      </trkpt>
      <trkpt lat="33.991810000" lon="-111.544940000">
        <ele>1256</ele>
      </trkpt>
      <trkpt lat="33.991970000" lon="-111.545460000">
        <ele>1256</ele>
      </trkpt>
      <trkpt lat="33.991980000" lon="-111.545710000">
        <ele>1253</ele>
      </trkpt>
      <trkpt lat="33.992040000" lon="-111.545870000">
        <ele>1250</ele>
      </trkpt>
      <trkpt lat="33.992040000" lon="-111.546060000">
        <ele>1249</ele>
      </trkpt>
      <trkpt lat="33.992120000" lon="-111.546120000">
        <ele>1248</ele>
      </trkpt>
      <trkpt lat="33.992290000" lon="-111.546420000">
        <ele>1240</ele>
      </trkpt>
      <trkpt lat="33.992360000" lon="-111.546350000">
        <ele>1241</ele>
      </trkpt>
      <trkpt lat="33.992420000" lon="-111.546190000">
        <ele>1245</ele>
      </trkpt>
      <trkpt lat="33.992470000" lon="-111.546230000">
        <ele>1246</ele>
      </trkpt>
      <trkpt lat="33.992520000" lon="-111.546330000">
        <ele>1244</ele>
      </trkpt>
      <trkpt lat="33.992650000" lon="-111.546440000">
        <ele>1243</ele>
      </trkpt>
      <trkpt lat="33.992710000" lon="-111.546600000">
        <ele>1239</ele>
      </trkpt>
      <trkpt lat="33.992850000" lon="-111.546790000">
        <ele>1239</ele>
      </trkpt>
      <trkpt lat="33.993130000" lon="-111.546980000">
        <ele>1239</ele>
      </trkpt>
      <trkpt lat="33.993230000" lon="-111.547120000">
        <ele>1236</ele>
      </trkpt>
      <trkpt lat="33.993360000" lon="-111.547230000">
        <ele>1233</ele>
      </trkpt>
      <trkpt lat="33.993510000" lon="-111.547290000">
        <ele>1232</ele>
      </trkpt>
      <trkpt lat="33.993740000" lon="-111.547310000">
        <ele>1232</ele>
      </trkpt>
      <trkpt lat="33.993810000" lon="-111.547370000">
        <ele>1230</ele>
      </trkpt>
      <trkpt lat="33.993890000" lon="-111.547590000">
        <ele>1228</ele>
      </trkpt>
      <trkpt lat="33.993990000" lon="-111.547670000">
        <ele>1228</ele>
      </trkpt>
      <trkpt lat="33.994040000" lon="-111.547650000">
        <ele>1228</ele>
      </trkpt>
      <trkpt lat="33.994140000" lon="-111.547670000">
        <ele>1230</ele>
      </trkpt>
      <trkpt lat="33.994290000" lon="-111.547780000">
        <ele>1229</ele>
      </trkpt>
      <trkpt lat="33.994400000" lon="-111.547920000">
        <ele>1226</ele>
      </trkpt>
      <trkpt lat="33.994800000" lon="-111.548040000">
        <ele>1226</ele>
      </trkpt>
      <trkpt lat="33.994840000" lon="-111.548070000">
        <ele>1225</ele>
      </trkpt>
      <trkpt lat="33.994860000" lon="-111.548130000">
        <ele>1224</ele>
      </trkpt>
      <trkpt lat="33.994910000" lon="-111.548120000">
        <ele>1225</ele>
      </trkpt>
      <trkpt lat="33.994940000" lon="-111.548160000">
        <ele>1224</ele>
      </trkpt>
      <trkpt lat="33.994960000" lon="-111.548390000">
        <ele>1219</ele>
      </trkpt>
      <trkpt lat="33.995050000" lon="-111.548550000">
        <ele>1218</ele>
      </trkpt>
      <trkpt lat="33.995430000" lon="-111.548750000">
        <ele>1214</ele>
      </trkpt>
      <trkpt lat="33.995500000" lon="-111.548860000">
        <ele>1210</ele>
      </trkpt>
      <trkpt lat="33.995640000" lon="-111.548940000">
        <ele>1209</ele>
      </trkpt>
      <trkpt lat="33.995810000" lon="-111.549080000">
        <ele>1208</ele>
      </trkpt>
      <trkpt lat="33.995910000" lon="-111.549130000">
        <ele>1208</ele>
      </trkpt>
      <trkpt lat="33.996070000" lon="-111.549150000">
        <ele>1210</ele>
      </trkpt>
      <trkpt lat="33.996240000" lon="-111.549280000">
        <ele>1208</ele>
      </trkpt>
      <trkpt lat="33.996380000" lon="-111.549480000">
        <ele>1206</ele>
      </trkpt>
      <trkpt lat="33.996640000" lon="-111.549770000">
        <ele>1203</ele>
      </trkpt>
      <trkpt lat="33.996740000" lon="-111.549800000">
        <ele>1202</ele>
      </trkpt>
      <trkpt lat="33.996740000" lon="-111.549860000">
        <ele>1201</ele>
      </trkpt>
      <trkpt lat="33.996810000" lon="-111.549960000">
        <ele>1199</ele>
      </trkpt>
      <trkpt lat="33.996790000" lon="-111.550080000">
        <ele>1196</ele>
      </trkpt>
      <trkpt lat="33.996870000" lon="-111.550220000">
        <ele>1195</ele>
      </trkpt>
      <trkpt lat="33.996920000" lon="-111.550230000">
        <ele>1195</ele>
      </trkpt>
      <trkpt lat="33.996950000" lon="-111.550200000">
        <ele>1195</ele>
      </trkpt>
      <trkpt lat="33.997150000" lon="-111.550250000">
        <ele>1195</ele>
      </trkpt>
      <trkpt lat="33.997220000" lon="-111.550170000">
        <ele>1195</ele>
      </trkpt>
      <trkpt lat="33.997300000" lon="-111.550120000">
        <ele>1195</ele>
      </trkpt>
      <trkpt lat="33.997400000" lon="-111.550160000">
        <ele>1195</ele>
      </trkpt>
      <trkpt lat="33.997500000" lon="-111.550280000">
        <ele>1195</ele>
      </trkpt>
      <trkpt lat="33.997550000" lon="-111.550570000">
        <ele>1195</ele>
      </trkpt>
      <trkpt lat="33.997580000" lon="-111.550610000">
        <ele>1195</ele>
      </trkpt>
      <trkpt lat="33.997640000" lon="-111.550630000">
        <ele>1196</ele>
      </trkpt>
      <trkpt lat="33.997680000" lon="-111.550860000">
        <ele>1197</ele>
      </trkpt>
      <trkpt lat="33.997760000" lon="-111.550940000">
        <ele>1199</ele>
      </trkpt>
      <trkpt lat="33.997850000" lon="-111.551090000">
        <ele>1198</ele>
      </trkpt>
      <trkpt lat="33.997840000" lon="-111.551330000">
        <ele>1192</ele>
      </trkpt>
      <trkpt lat="33.997910000" lon="-111.551420000">
        <ele>1192</ele>
      </trkpt>
      <trkpt lat="33.997970000" lon="-111.551590000">
        <ele>1193</ele>
      </trkpt>
      <trkpt lat="33.997910000" lon="-111.551680000">
        <ele>1192</ele>
      </trkpt>
      <trkpt lat="33.997910000" lon="-111.551810000">
        <ele>1191</ele>
      </trkpt>
      <trkpt lat="33.998010000" lon="-111.552160000">
        <ele>1189</ele>
      </trkpt>
      <trkpt lat="33.998020000" lon="-111.552280000">
        <ele>1188</ele>
      </trkpt>
      <trkpt lat="33.998090000" lon="-111.552500000">
        <ele>1187</ele>
      </trkpt>
      <trkpt lat="33.998090000" lon="-111.552680000">
        <ele>1185</ele>
      </trkpt>
      <trkpt lat="33.998060000" lon="-111.552810000">
        <ele>1183</ele>
      </trkpt>
      <trkpt lat="33.998090000" lon="-111.552920000">
        <ele>1183</ele>
      </trkpt>
      <trkpt lat="33.998100000" lon="-111.553190000">
        <ele>1182</ele>
      </trkpt>
      <trkpt lat="33.998220000" lon="-111.553290000">
        <ele>1184</ele>
      </trkpt>
      <trkpt lat="33.998250000" lon="-111.553340000">
        <ele>1185</ele>
      </trkpt>
      <trkpt lat="33.998260000" lon="-111.553450000">
        <ele>1184</ele>
      </trkpt>
      <trkpt lat="33.998210000" lon="-111.553560000">
        <ele>1182</ele>
      </trkpt>
      <trkpt lat="33.998180000" lon="-111.553740000">
        <ele>1182</ele>
      </trkpt>
      <trkpt lat="33.998190000" lon="-111.553990000">
        <ele>1182</ele>
      </trkpt>
      <trkpt lat="33.998160000" lon="-111.554110000">
        <ele>1183</ele>
      </trkpt>
      <trkpt lat="33.998160000" lon="-111.554250000">
        <ele>1183</ele>
      </trkpt>
      <trkpt lat="33.998140000" lon="-111.554300000">
        <ele>1182</ele>
      </trkpt>
      <trkpt lat="33.998140000" lon="-111.554480000">
        <ele>1178</ele>
      </trkpt>
      <trkpt lat="33.998160000" lon="-111.554670000">
        <ele>1172</ele>
      </trkpt>
      <trkpt lat="33.998240000" lon="-111.555040000">
        <ele>1174</ele>
      </trkpt>
      <trkpt lat="33.998310000" lon="-111.555200000">
        <ele>1175</ele>
      </trkpt>
      <trkpt lat="33.998280000" lon="-111.555340000">
        <ele>1172</ele>
      </trkpt>
      <trkpt lat="33.998300000" lon="-111.555610000">
        <ele>1171</ele>
      </trkpt>
      <trkpt lat="33.998280000" lon="-111.555650000">
        <ele>1170</ele>
      </trkpt>
      <trkpt lat="33.998370000" lon="-111.556290000">
        <ele>1167</ele>
      </trkpt>
      <trkpt lat="33.998520000" lon="-111.556650000">
        <ele>1167</ele>
      </trkpt>
      <trkpt lat="33.998640000" lon="-111.556770000">
        <ele>1166</ele>
      </trkpt>
      <trkpt lat="33.998660000" lon="-111.556820000">
        <ele>1166</ele>
      </trkpt>
      <trkpt lat="33.998760000" lon="-111.557170000">
        <ele>1164</ele>
      </trkpt>
      <trkpt lat="33.998760000" lon="-111.557290000">
        <ele>1162</ele>
      </trkpt>
      <trkpt lat="33.998780000" lon="-111.557350000">
        <ele>1161</ele>
      </trkpt>
      <trkpt lat="33.998870000" lon="-111.557420000">
        <ele>1161</ele>
      </trkpt>
      <trkpt lat="33.998920000" lon="-111.557520000">
        <ele>1160</ele>
      </trkpt>
      <trkpt lat="33.999150000" lon="-111.557780000">
        <ele>1159</ele>
      </trkpt>
      <trkpt lat="33.999250000" lon="-111.557800000">
        <ele>1159</ele>
      </trkpt>
      <trkpt lat="33.999330000" lon="-111.557900000">
        <ele>1159</ele>
      </trkpt>
      <trkpt lat="33.999700000" lon="-111.558080000">
        <ele>1164</ele>
      </trkpt>
      <trkpt lat="33.999790000" lon="-111.558090000">
        <ele>1165</ele>
      </trkpt>
      <trkpt lat="34.000020000" lon="-111.557970000">
        <ele>1167</ele>
      </trkpt>
      <trkpt lat="34.000090000" lon="-111.557890000">
        <ele>1168</ele>
      </trkpt>
      <trkpt lat="34.000100000" lon="-111.557780000">
        <ele>1168</ele>
      </trkpt>
      <trkpt lat="34.000200000" lon="-111.557720000">
        <ele>1168</ele>
      </trkpt>
      <trkpt lat="34.000300000" lon="-111.557720000">
        <ele>1169</ele>
      </trkpt>
      <trkpt lat="34.000430000" lon="-111.557630000">
        <ele>1170</ele>
      </trkpt>
      <trkpt lat="34.000570000" lon="-111.557430000">
        <ele>1170</ele>
      </trkpt>
      <trkpt lat="34.000750000" lon="-111.557290000">
        <ele>1170</ele>
      </trkpt>
      <trkpt lat="34.000840000" lon="-111.557130000">
        <ele>1169</ele>
      </trkpt>
      <trkpt lat="34.001070000" lon="-111.557000000">
        <ele>1170</ele>
      </trkpt>
      <trkpt lat="34.001180000" lon="-111.556980000">
        <ele>1172</ele>
      </trkpt>
      <trkpt lat="34.001370000" lon="-111.556840000">
        <ele>1173</ele>
      </trkpt>
      <trkpt lat="34.001500000" lon="-111.556770000">
        <ele>1175</ele>
      </trkpt>
      <trkpt lat="34.001530000" lon="-111.556720000">
        <ele>1175</ele>
      </trkpt>
      <trkpt lat="34.001510000" lon="-111.556670000">
        <ele>1175</ele>
      </trkpt>
      <trkpt lat="34.001520000" lon="-111.556620000">
        <ele>1176</ele>
      </trkpt>
      <trkpt lat="34.001880000" lon="-111.556380000">
        <ele>1178</ele>
      </trkpt>
      <trkpt lat="34.002060000" lon="-111.556180000">
        <ele>1178</ele>
      </trkpt>
      <trkpt lat="34.002110000" lon="-111.556170000">
        <ele>1178</ele>
      </trkpt>
      <trkpt lat="34.002180000" lon="-111.556020000">
        <ele>1180</ele>
      </trkpt>
      <trkpt lat="34.002150000" lon="-111.555900000">
        <ele>1181</ele>
      </trkpt>
      <trkpt lat="34.002170000" lon="-111.555780000">
        <ele>1183</ele>
      </trkpt>
      <trkpt lat="34.002270000" lon="-111.555650000">
        <ele>1182</ele>
      </trkpt>
      <trkpt lat="34.002250000" lon="-111.555700000">
        <ele>1182</ele>
      </trkpt>
      <trkpt lat="34.002200000" lon="-111.555710000">
        <ele>1183</ele>
      </trkpt>
      <trkpt lat="34.002180000" lon="-111.555760000">
        <ele>1183</ele>
      </trkpt>
      <trkpt lat="34.002100000" lon="-111.555930000">
        <ele>1182</ele>
      </trkpt>
      <trkpt lat="34.002090000" lon="-111.556000000">
        <ele>1181</ele>
      </trkpt>
      <trkpt lat="34.002130000" lon="-111.556160000">
        <ele>1179</ele>
      </trkpt>
      <trkpt lat="34.002060000" lon="-111.556390000">
        <ele>1177</ele>
      </trkpt>
      <trkpt lat="34.001770000" lon="-111.556610000">
        <ele>1177</ele>
      </trkpt>
      <trkpt lat="34.001670000" lon="-111.556620000">
        <ele>1177</ele>
      </trkpt>
      <trkpt lat="34.001570000" lon="-111.556600000">
        <ele>1176</ele>
      </trkpt>
      <trkpt lat="34.001520000" lon="-111.556620000">
        <ele>1176</ele>
      </trkpt>
      <trkpt lat="34.001450000" lon="-111.556690000">
        <ele>1175</ele>
      </trkpt>
      <trkpt lat="34.001420000" lon="-111.556740000">
        <ele>1174</ele>
      </trkpt>
      <trkpt lat="34.001430000" lon="-111.556800000">
        <ele>1174</ele>
      </trkpt>
      <trkpt lat="34.001380000" lon="-111.556780000">
        <ele>1173</ele>
      </trkpt>
      <trkpt lat="34.001230000" lon="-111.556860000">
        <ele>1171</ele>
      </trkpt>
      <trkpt lat="34.001180000" lon="-111.557000000">
        <ele>1172</ele>
      </trkpt>
      <trkpt lat="34.001230000" lon="-111.557090000">
        <ele>1175</ele>
      </trkpt>
      <trkpt lat="34.001360000" lon="-111.557160000">
        <ele>1179</ele>
      </trkpt>
      <trkpt lat="34.001450000" lon="-111.557230000">
        <ele>1182</ele>
      </trkpt>
      <trkpt lat="34.001500000" lon="-111.557230000">
        <ele>1183</ele>
      </trkpt>
      <trkpt lat="34.001630000" lon="-111.557160000">
        <ele>1185</ele>
      </trkpt>
      <trkpt lat="34.001600000" lon="-111.557220000">
        <ele>1186</ele>
      </trkpt>
      <trkpt lat="34.001630000" lon="-111.557330000">
        <ele>1189</ele>
      </trkpt>
      <trkpt lat="34.001620000" lon="-111.557450000">
        <ele>1191</ele>
      </trkpt>
      <trkpt lat="34.001570000" lon="-111.557480000">
        <ele>1191</ele>
      </trkpt>
      <trkpt lat="34.001550000" lon="-111.557540000">
        <ele>1193</ele>
      </trkpt>
      <trkpt lat="34.001570000" lon="-111.557600000">
        <ele>1194</ele>
      </trkpt>
      <trkpt lat="34.001610000" lon="-111.557630000">
        <ele>1196</ele>
      </trkpt>
      <trkpt lat="34.001630000" lon="-111.557670000">
        <ele>1198</ele>
      </trkpt>
      <trkpt lat="34.001660000" lon="-111.557860000">
        <ele>1204</ele>
      </trkpt>
      <trkpt lat="34.001760000" lon="-111.557990000">
        <ele>1210</ele>
      </trkpt>
      <trkpt lat="34.001750000" lon="-111.558100000">
        <ele>1212</ele>
      </trkpt>
      <trkpt lat="34.001800000" lon="-111.558150000">
        <ele>1214</ele>
      </trkpt>
      <trkpt lat="34.001890000" lon="-111.558190000">
        <ele>1216</ele>
      </trkpt>
      <trkpt lat="34.001920000" lon="-111.558240000">
        <ele>1218</ele>
      </trkpt>
      <trkpt lat="34.001820000" lon="-111.558530000">
        <ele>1230</ele>
      </trkpt>
      <trkpt lat="34.001830000" lon="-111.558580000">
        <ele>1233</ele>
      </trkpt>
      <trkpt lat="34.001860000" lon="-111.558690000">
        <ele>1237</ele>
      </trkpt>
      <trkpt lat="34.001980000" lon="-111.558780000">
        <ele>1240</ele>
      </trkpt>
      <trkpt lat="34.002010000" lon="-111.558910000">
        <ele>1241</ele>
      </trkpt>
      <trkpt lat="34.002050000" lon="-111.558960000">
        <ele>1242</ele>
      </trkpt>
      <trkpt lat="34.002250000" lon="-111.558970000">
        <ele>1243</ele>
      </trkpt>
      <trkpt lat="34.002470000" lon="-111.559030000">
        <ele>1243</ele>
      </trkpt>
      <trkpt lat="34.002720000" lon="-111.559260000">
        <ele>1239</ele>
      </trkpt>
      <trkpt lat="34.003170000" lon="-111.559430000">
        <ele>1234</ele>
      </trkpt>
      <trkpt lat="34.003350000" lon="-111.559540000">
        <ele>1232</ele>
      </trkpt>
      <trkpt lat="34.003550000" lon="-111.559550000">
        <ele>1233</ele>
      </trkpt>
      <trkpt lat="34.003690000" lon="-111.559630000">
        <ele>1233</ele>
      </trkpt>
      <trkpt lat="34.003750000" lon="-111.559630000">
        <ele>1234</ele>
      </trkpt>
      <trkpt lat="34.003890000" lon="-111.559560000">
        <ele>1236</ele>
      </trkpt>
      <trkpt lat="34.003980000" lon="-111.559560000">
        <ele>1237</ele>
      </trkpt>
      <trkpt lat="34.004050000" lon="-111.559590000">
        <ele>1237</ele>
      </trkpt>
      <trkpt lat="34.004190000" lon="-111.559580000">
        <ele>1239</ele>
      </trkpt>
      <trkpt lat="34.004570000" lon="-111.559670000">
        <ele>1242</ele>
      </trkpt>
      <trkpt lat="34.004690000" lon="-111.559770000">
        <ele>1242</ele>
      </trkpt>
      <trkpt lat="34.004880000" lon="-111.559840000">
        <ele>1242</ele>
      </trkpt>
      <trkpt lat="34.005290000" lon="-111.559830000">
        <ele>1247</ele>
      </trkpt>
      <trkpt lat="34.005380000" lon="-111.559780000">
        <ele>1249</ele>
      </trkpt>
      <trkpt lat="34.005470000" lon="-111.559810000">
        <ele>1251</ele>
      </trkpt>
      <trkpt lat="34.005760000" lon="-111.559710000">
        <ele>1257</ele>
      </trkpt>
      <trkpt lat="34.006000000" lon="-111.559790000">
        <ele>1258</ele>
      </trkpt>
      <trkpt lat="34.006040000" lon="-111.559770000">
        <ele>1258</ele>
      </trkpt>
      <trkpt lat="34.006020000" lon="-111.559720000">
        <ele>1258</ele>
      </trkpt>
      <trkpt lat="34.006110000" lon="-111.559720000">
        <ele>1257</ele>
      </trkpt>
      <trkpt lat="34.006210000" lon="-111.559700000">
        <ele>1256</ele>
      </trkpt>
      <trkpt lat="34.006210000" lon="-111.559640000">
        <ele>1256</ele>
      </trkpt>
      <trkpt lat="34.006240000" lon="-111.559600000">
        <ele>1255</ele>
      </trkpt>
      <trkpt lat="34.006320000" lon="-111.559320000">
        <ele>1252</ele>
      </trkpt>
      <trkpt lat="34.006360000" lon="-111.559350000">
        <ele>1251</ele>
      </trkpt>
      <trkpt lat="34.006420000" lon="-111.559510000">
        <ele>1249</ele>
      </trkpt>
      <trkpt lat="34.006480000" lon="-111.559610000">
        <ele>1247</ele>
      </trkpt>
      <trkpt lat="34.006570000" lon="-111.559610000">
        <ele>1244</ele>
      </trkpt>
      <trkpt lat="34.006670000" lon="-111.559660000">
        <ele>1241</ele>
      </trkpt>
      <trkpt lat="34.006690000" lon="-111.559610000">
        <ele>1239</ele>
      </trkpt>
      <trkpt lat="34.006740000" lon="-111.559630000">
        <ele>1237</ele>
      </trkpt>
      <trkpt lat="34.006780000" lon="-111.559600000">
        <ele>1235</ele>
      </trkpt>
      <trkpt lat="34.006900000" lon="-111.559700000">
        <ele>1233</ele>
      </trkpt>
      <trkpt lat="34.006910000" lon="-111.559760000">
        <ele>1233</ele>
      </trkpt>
      <trkpt lat="34.007010000" lon="-111.559900000">
        <ele>1233</ele>
      </trkpt>
      <trkpt lat="34.007120000" lon="-111.559900000">
        <ele>1231</ele>
      </trkpt>
      <trkpt lat="34.007170000" lon="-111.559880000">
        <ele>1229</ele>
      </trkpt>
      <trkpt lat="34.007170000" lon="-111.559810000">
        <ele>1227</ele>
      </trkpt>
      <trkpt lat="34.007200000" lon="-111.559760000">
        <ele>1225</ele>
      </trkpt>
      <trkpt lat="34.007270000" lon="-111.559690000">
        <ele>1221</ele>
      </trkpt>
      <trkpt lat="34.007320000" lon="-111.559670000">
        <ele>1219</ele>
      </trkpt>
      <trkpt lat="34.007430000" lon="-111.559810000">
        <ele>1222</ele>
      </trkpt>
      <trkpt lat="34.007580000" lon="-111.559870000">
        <ele>1221</ele>
      </trkpt>
      <trkpt lat="34.007800000" lon="-111.560020000">
        <ele>1219</ele>
      </trkpt>
      <trkpt lat="34.007860000" lon="-111.560120000">
        <ele>1219</ele>
      </trkpt>
      <trkpt lat="34.007940000" lon="-111.560200000">
        <ele>1216</ele>
      </trkpt>
      <trkpt lat="34.008080000" lon="-111.560460000">
        <ele>1211</ele>
      </trkpt>
      <trkpt lat="34.008080000" lon="-111.560510000">
        <ele>1211</ele>
      </trkpt>
      <trkpt lat="34.008150000" lon="-111.560670000">
        <ele>1206</ele>
      </trkpt>
      <trkpt lat="34.008150000" lon="-111.560840000">
        <ele>1203</ele>
      </trkpt>
      <trkpt lat="34.008190000" lon="-111.561080000">
        <ele>1197</ele>
      </trkpt>
      <trkpt lat="34.008190000" lon="-111.561200000">
        <ele>1195</ele>
      </trkpt>
      <trkpt lat="34.008240000" lon="-111.561300000">
        <ele>1195</ele>
      </trkpt>
      <trkpt lat="34.008640000" lon="-111.561380000">
        <ele>1199</ele>
      </trkpt>
      <trkpt lat="34.008960000" lon="-111.561420000">
        <ele>1192</ele>
      </trkpt>
      <trkpt lat="34.008990000" lon="-111.561540000">
        <ele>1189</ele>
      </trkpt>
      <trkpt lat="34.008990000" lon="-111.561640000">
        <ele>1188</ele>
      </trkpt>
      <trkpt lat="34.009030000" lon="-111.561760000">
        <ele>1186</ele>
      </trkpt>
      <trkpt lat="34.009050000" lon="-111.561870000">
        <ele>1188</ele>
      </trkpt>
      <trkpt lat="34.009100000" lon="-111.561890000">
        <ele>1187</ele>
      </trkpt>
      <trkpt lat="34.009200000" lon="-111.561870000">
        <ele>1186</ele>
      </trkpt>
      <trkpt lat="34.009240000" lon="-111.561830000">
        <ele>1185</ele>
      </trkpt>
      <trkpt lat="34.009290000" lon="-111.561830000">
        <ele>1186</ele>
      </trkpt>
      <trkpt lat="34.009410000" lon="-111.561720000">
        <ele>1184</ele>
      </trkpt>
      <trkpt lat="34.009450000" lon="-111.561730000">
        <ele>1186</ele>
      </trkpt>
      <trkpt lat="34.009490000" lon="-111.561690000">
        <ele>1185</ele>
      </trkpt>
      <trkpt lat="34.009580000" lon="-111.561730000">
        <ele>1188</ele>
      </trkpt>
      <trkpt lat="34.009680000" lon="-111.561690000">
        <ele>1189</ele>
      </trkpt>
      <trkpt lat="34.009820000" lon="-111.561730000">
        <ele>1193</ele>
      </trkpt>
      <trkpt lat="34.009870000" lon="-111.561700000">
        <ele>1193</ele>
      </trkpt>
      <trkpt lat="34.010090000" lon="-111.561700000">
        <ele>1194</ele>
      </trkpt>
      <trkpt lat="34.010240000" lon="-111.561650000">
        <ele>1191</ele>
      </trkpt>
      <trkpt lat="34.010290000" lon="-111.561660000">
        <ele>1190</ele>
      </trkpt>
      <trkpt lat="34.010360000" lon="-111.561710000">
        <ele>1190</ele>
      </trkpt>
      <trkpt lat="34.010470000" lon="-111.561910000">
        <ele>1186</ele>
      </trkpt>
      <trkpt lat="34.010490000" lon="-111.562040000">
        <ele>1185</ele>
      </trkpt>
      <trkpt lat="34.010630000" lon="-111.562120000">
        <ele>1178</ele>
      </trkpt>
      <trkpt lat="34.010690000" lon="-111.562210000">
        <ele>1177</ele>
      </trkpt>
      <trkpt lat="34.010900000" lon="-111.562390000">
        <ele>1178</ele>
      </trkpt>
      <trkpt lat="34.010950000" lon="-111.562400000">
        <ele>1177</ele>
      </trkpt>
      <trkpt lat="34.010990000" lon="-111.562440000">
        <ele>1177</ele>
      </trkpt>
      <trkpt lat="34.011080000" lon="-111.562480000">
        <ele>1175</ele>
      </trkpt>
      <trkpt lat="34.011170000" lon="-111.562430000">
        <ele>1173</ele>
      </trkpt>
      <trkpt lat="34.011280000" lon="-111.562440000">
        <ele>1170</ele>
      </trkpt>
      <trkpt lat="34.011640000" lon="-111.562210000">
        <ele>1162</ele>
      </trkpt>
      <trkpt lat="34.011830000" lon="-111.562140000">
        <ele>1156</ele>
      </trkpt>
      <trkpt lat="34.011970000" lon="-111.562050000">
        <ele>1152</ele>
      </trkpt>
      <trkpt lat="34.012080000" lon="-111.562020000">
        <ele>1150</ele>
      </trkpt>
      <trkpt lat="34.012150000" lon="-111.561950000">
        <ele>1149</ele>
      </trkpt>
      <trkpt lat="34.012200000" lon="-111.561950000">
        <ele>1148</ele>
      </trkpt>
      <trkpt lat="34.012290000" lon="-111.561900000">
        <ele>1147</ele>
      </trkpt>
      <trkpt lat="34.012490000" lon="-111.561850000">
        <ele>1141</ele>
      </trkpt>
      <trkpt lat="34.012620000" lon="-111.561780000">
        <ele>1138</ele>
      </trkpt>
      <trkpt lat="34.012690000" lon="-111.561700000">
        <ele>1136</ele>
      </trkpt>
      <trkpt lat="34.012830000" lon="-111.561650000">
        <ele>1130</ele>
      </trkpt>
      <trkpt lat="34.012970000" lon="-111.561570000">
        <ele>1126</ele>
      </trkpt>
      <trkpt lat="34.013010000" lon="-111.561530000">
        <ele>1125</ele>
      </trkpt>
      <trkpt lat="34.013060000" lon="-111.561540000">
        <ele>1124</ele>
      </trkpt>
      <trkpt lat="34.013160000" lon="-111.561510000">
        <ele>1122</ele>
      </trkpt>
      <trkpt lat="34.013500000" lon="-111.561290000">
        <ele>1112</ele>
      </trkpt>
      <trkpt lat="34.013590000" lon="-111.561320000">
        <ele>1109</ele>
      </trkpt>
      <trkpt lat="34.013730000" lon="-111.561250000">
        <ele>1104</ele>
      </trkpt>
      <trkpt lat="34.013760000" lon="-111.561300000">
        <ele>1102</ele>
      </trkpt>
      <trkpt lat="34.013890000" lon="-111.561380000">
        <ele>1094</ele>
      </trkpt>
      <trkpt lat="34.013940000" lon="-111.561370000">
        <ele>1092</ele>
      </trkpt>
      <trkpt lat="34.013990000" lon="-111.561280000">
        <ele>1091</ele>
      </trkpt>
      <trkpt lat="34.014040000" lon="-111.561320000">
        <ele>1089</ele>
      </trkpt>
      <trkpt lat="34.014090000" lon="-111.561320000">
        <ele>1087</ele>
      </trkpt>
      <trkpt lat="34.014170000" lon="-111.561270000">
        <ele>1087</ele>
      </trkpt>
      <trkpt lat="34.014320000" lon="-111.561240000">
        <ele>1083</ele>
      </trkpt>
      <trkpt lat="34.014520000" lon="-111.561260000">
        <ele>1073</ele>
      </trkpt>
      <trkpt lat="34.014610000" lon="-111.561220000">
        <ele>1071</ele>
      </trkpt>
      <trkpt lat="34.014650000" lon="-111.561230000">
        <ele>1069</ele>
      </trkpt>
      <trkpt lat="34.014680000" lon="-111.561180000">
        <ele>1070</ele>
      </trkpt>
      <trkpt lat="34.014760000" lon="-111.561230000">
        <ele>1066</ele>
      </trkpt>
      <trkpt lat="34.014880000" lon="-111.561160000">
        <ele>1066</ele>
      </trkpt>
      <trkpt lat="34.014930000" lon="-111.561180000">
        <ele>1064</ele>
      </trkpt>
      <trkpt lat="34.015010000" lon="-111.561120000">
        <ele>1062</ele>
      </trkpt>
      <trkpt lat="34.015050000" lon="-111.561120000">
        <ele>1059</ele>
      </trkpt>
      <trkpt lat="34.015140000" lon="-111.561190000">
        <ele>1052</ele>
      </trkpt>
      <trkpt lat="34.015230000" lon="-111.561150000">
        <ele>1048</ele>
      </trkpt>
      <trkpt lat="34.015270000" lon="-111.561110000">
        <ele>1048</ele>
      </trkpt>
      <trkpt lat="34.015360000" lon="-111.561160000">
        <ele>1044</ele>
      </trkpt>
      <trkpt lat="34.015400000" lon="-111.561210000">
        <ele>1040</ele>
      </trkpt>
      <trkpt lat="34.015450000" lon="-111.561220000">
        <ele>1037</ele>
      </trkpt>
      <trkpt lat="34.015550000" lon="-111.561200000">
        <ele>1033</ele>
      </trkpt>
      <trkpt lat="34.015650000" lon="-111.561070000">
        <ele>1031</ele>
      </trkpt>
      <trkpt lat="34.015650000" lon="-111.560950000">
        <ele>1031</ele>
      </trkpt>
      <trkpt lat="34.015680000" lon="-111.560910000">
        <ele>1028</ele>
      </trkpt>
      <trkpt lat="34.015770000" lon="-111.560880000">
        <ele>1025</ele>
      </trkpt>
      <trkpt lat="34.015770000" lon="-111.560820000">
        <ele>1025</ele>
      </trkpt>
      <trkpt lat="34.015870000" lon="-111.560840000">
        <ele>1021</ele>
      </trkpt>
      <trkpt lat="34.016010000" lon="-111.560810000">
        <ele>1015</ele>
      </trkpt>
      <trkpt lat="34.016160000" lon="-111.560820000">
        <ele>1009</ele>
      </trkpt>
      <trkpt lat="34.016250000" lon="-111.560780000">
        <ele>1006</ele>
      </trkpt>
      <trkpt lat="34.016380000" lon="-111.560870000">
        <ele>1003</ele>
      </trkpt>
      <trkpt lat="34.016470000" lon="-111.560870000">
        <ele>1001</ele>
      </trkpt>
      <trkpt lat="34.016590000" lon="-111.560980000">
        <ele>1000</ele>
      </trkpt>
      <trkpt lat="34.016680000" lon="-111.560990000">
        <ele>999</ele>
      </trkpt>
      <trkpt lat="34.016720000" lon="-111.561020000">
        <ele>998</ele>
      </trkpt>
      <trkpt lat="34.016900000" lon="-111.561230000">
        <ele>999</ele>
      </trkpt>
      <trkpt lat="34.017000000" lon="-111.561440000">
        <ele>998</ele>
      </trkpt>
      <trkpt lat="34.017020000" lon="-111.561550000">
        <ele>995</ele>
      </trkpt>
      <trkpt lat="34.017190000" lon="-111.561770000">
        <ele>984</ele>
      </trkpt>
      <trkpt lat="34.017330000" lon="-111.561850000">
        <ele>983</ele>
      </trkpt>
      <trkpt lat="34.017450000" lon="-111.562040000">
        <ele>981</ele>
      </trkpt>
      <trkpt lat="34.017470000" lon="-111.562220000">
        <ele>982</ele>
      </trkpt>
      <trkpt lat="34.017580000" lon="-111.562360000">
        <ele>986</ele>
      </trkpt>
      <trkpt lat="34.017660000" lon="-111.562410000">
        <ele>990</ele>
      </trkpt>
      <trkpt lat="34.017750000" lon="-111.562440000">
        <ele>992</ele>
      </trkpt>
      <trkpt lat="34.017870000" lon="-111.562550000">
        <ele>996</ele>
      </trkpt>
      <trkpt lat="34.017970000" lon="-111.562530000">
        <ele>993</ele>
      </trkpt>
      <trkpt lat="34.018200000" lon="-111.562630000">
        <ele>985</ele>
      </trkpt>
      <trkpt lat="34.018350000" lon="-111.562790000">
        <ele>982</ele>
      </trkpt>
      <trkpt lat="34.018500000" lon="-111.562870000">
        <ele>981</ele>
      </trkpt>
      <trkpt lat="34.018780000" lon="-111.562920000">
        <ele>976</ele>
      </trkpt>
      <trkpt lat="34.018870000" lon="-111.562990000">
        <ele>976</ele>
      </trkpt>
      <trkpt lat="34.019020000" lon="-111.562960000">
        <ele>974</ele>
      </trkpt>
      <trkpt lat="34.019350000" lon="-111.563220000">
        <ele>972</ele>
      </trkpt>
      <trkpt lat="34.019400000" lon="-111.563230000">
        <ele>970</ele>
      </trkpt>
      <trkpt lat="34.019580000" lon="-111.563390000">
        <ele>966</ele>
      </trkpt>
      <trkpt lat="34.019870000" lon="-111.563970000">
        <ele>962</ele>
      </trkpt>
      <trkpt lat="34.020020000" lon="-111.564140000">
        <ele>958</ele>
      </trkpt>
      <trkpt lat="34.020140000" lon="-111.564400000">
        <ele>957</ele>
      </trkpt>
      <trkpt lat="34.020270000" lon="-111.564520000">
        <ele>955</ele>
      </trkpt>
      <trkpt lat="34.020380000" lon="-111.564790000">
        <ele>955</ele>
      </trkpt>
      <trkpt lat="34.020410000" lon="-111.565040000">
        <ele>955</ele>
      </trkpt>
      <trkpt lat="34.020470000" lon="-111.565220000">
        <ele>954</ele>
      </trkpt>
      <trkpt lat="34.020520000" lon="-111.565260000">
        <ele>954</ele>
      </trkpt>
      <trkpt lat="34.020620000" lon="-111.565260000">
        <ele>952</ele>
      </trkpt>
      <trkpt lat="34.020680000" lon="-111.565370000">
        <ele>953</ele>
      </trkpt>
      <trkpt lat="34.020770000" lon="-111.565430000">
        <ele>952</ele>
      </trkpt>
      <trkpt lat="34.020800000" lon="-111.565470000">
        <ele>952</ele>
      </trkpt>
      <trkpt lat="34.020870000" lon="-111.565630000">
        <ele>953</ele>
      </trkpt>
      <trkpt lat="34.020940000" lon="-111.565720000">
        <ele>952</ele>
      </trkpt>
      <trkpt lat="34.021210000" lon="-111.565900000">
        <ele>948</ele>
      </trkpt>
      <trkpt lat="34.021260000" lon="-111.566000000">
        <ele>947</ele>
      </trkpt>
      <trkpt lat="34.021280000" lon="-111.566110000">
        <ele>948</ele>
      </trkpt>
      <trkpt lat="34.021340000" lon="-111.566100000">
        <ele>947</ele>
      </trkpt>
      <trkpt lat="34.021400000" lon="-111.566130000">
        <ele>946</ele>
      </trkpt>
      <trkpt lat="34.021440000" lon="-111.566160000">
        <ele>945</ele>
      </trkpt>
      <trkpt lat="34.021520000" lon="-111.566310000">
        <ele>944</ele>
      </trkpt>
      <trkpt lat="34.021580000" lon="-111.566300000">
        <ele>942</ele>
      </trkpt>
      <trkpt lat="34.021620000" lon="-111.566330000">
        <ele>942</ele>
      </trkpt>
      <trkpt lat="34.021730000" lon="-111.566450000">
        <ele>940</ele>
      </trkpt>
      <trkpt lat="34.021740000" lon="-111.566510000">
        <ele>940</ele>
      </trkpt>
      <trkpt lat="34.021790000" lon="-111.566540000">
        <ele>940</ele>
      </trkpt>
      <trkpt lat="34.021800000" lon="-111.566670000">
        <ele>940</ele>
      </trkpt>
      <trkpt lat="34.021870000" lon="-111.566830000">
        <ele>938</ele>
      </trkpt>
      <trkpt lat="34.021840000" lon="-111.566950000">
        <ele>938</ele>
      </trkpt>
      <trkpt lat="34.021900000" lon="-111.567110000">
        <ele>935</ele>
      </trkpt>
      <trkpt lat="34.021960000" lon="-111.567100000">
        <ele>934</ele>
      </trkpt>
      <trkpt lat="34.021990000" lon="-111.567060000">
        <ele>933</ele>
      </trkpt>
      <trkpt lat="34.022020000" lon="-111.566950000">
        <ele>934</ele>
      </trkpt>
      <trkpt lat="34.022130000" lon="-111.566810000">
        <ele>933</ele>
      </trkpt>
      <trkpt lat="34.022210000" lon="-111.566540000">
        <ele>932</ele>
      </trkpt>
      <trkpt lat="34.022250000" lon="-111.566590000">
        <ele>932</ele>
      </trkpt>
      <trkpt lat="34.022340000" lon="-111.566640000">
        <ele>931</ele>
      </trkpt>
      <trkpt lat="34.022510000" lon="-111.566670000">
        <ele>929</ele>
      </trkpt>
      <trkpt lat="34.022590000" lon="-111.566720000">
        <ele>928</ele>
      </trkpt>
      <trkpt lat="34.022630000" lon="-111.566670000">
        <ele>928</ele>
      </trkpt>
      <trkpt lat="34.022680000" lon="-111.566680000">
        <ele>928</ele>
      </trkpt>
      <trkpt lat="34.022890000" lon="-111.566530000">
        <ele>927</ele>
      </trkpt>
      <trkpt lat="34.023000000" lon="-111.566410000">
        <ele>928</ele>
      </trkpt>
      <trkpt lat="34.023140000" lon="-111.566460000">
        <ele>927</ele>
      </trkpt>
      <trkpt lat="34.023190000" lon="-111.566450000">
        <ele>927</ele>
      </trkpt>
      <trkpt lat="34.023250000" lon="-111.566380000">
        <ele>928</ele>
      </trkpt>
      <trkpt lat="34.023340000" lon="-111.566370000">
        <ele>929</ele>
      </trkpt>
      <trkpt lat="34.023420000" lon="-111.566310000">
        <ele>931</ele>
      </trkpt>
      <trkpt lat="34.023500000" lon="-111.566390000">
        <ele>930</ele>
      </trkpt>
      <trkpt lat="34.023600000" lon="-111.566370000">
        <ele>933</ele>
      </trkpt>
      <trkpt lat="34.023750000" lon="-111.566210000">
        <ele>937</ele>
      </trkpt>
      <trkpt lat="34.023870000" lon="-111.566240000">
        <ele>939</ele>
      </trkpt>
      <trkpt lat="34.023900000" lon="-111.566280000">
        <ele>939</ele>
      </trkpt>
      <trkpt lat="34.024000000" lon="-111.566300000">
        <ele>941</ele>
      </trkpt>
      <trkpt lat="34.024040000" lon="-111.566270000">
        <ele>942</ele>
      </trkpt>
      <trkpt lat="34.024100000" lon="-111.566260000">
        <ele>943</ele>
      </trkpt>
      <trkpt lat="34.024260000" lon="-111.566140000">
        <ele>947</ele>
      </trkpt>
      <trkpt lat="34.024390000" lon="-111.566160000">
        <ele>949</ele>
      </trkpt>
      <trkpt lat="34.024720000" lon="-111.566060000">
        <ele>952</ele>
      </trkpt>
      <trkpt lat="34.024790000" lon="-111.565970000">
        <ele>955</ele>
      </trkpt>
      <trkpt lat="34.024890000" lon="-111.565940000">
        <ele>958</ele>
      </trkpt>
      <trkpt lat="34.024930000" lon="-111.565900000">
        <ele>959</ele>
      </trkpt>
      <trkpt lat="34.025000000" lon="-111.565810000">
        <ele>964</ele>
      </trkpt>
      <trkpt lat="34.025120000" lon="-111.565620000">
        <ele>973</ele>
      </trkpt>
      <trkpt lat="34.025200000" lon="-111.565340000">
        <ele>979</ele>
      </trkpt>
      <trkpt lat="34.025310000" lon="-111.565160000">
        <ele>986</ele>
      </trkpt>
      <trkpt lat="34.025350000" lon="-111.565120000">
        <ele>987</ele>
      </trkpt>
      <trkpt lat="34.025390000" lon="-111.565150000">
        <ele>988</ele>
      </trkpt>
      <trkpt lat="34.025490000" lon="-111.565300000">
        <ele>990</ele>
      </trkpt>
      <trkpt lat="34.025530000" lon="-111.565260000">
        <ele>992</ele>
      </trkpt>
      <trkpt lat="34.025720000" lon="-111.565320000">
        <ele>997</ele>
      </trkpt>
      <trkpt lat="34.025820000" lon="-111.565300000">
        <ele>999</ele>
      </trkpt>
      <trkpt lat="34.025900000" lon="-111.565250000">
        <ele>1000</ele>
      </trkpt>
      <trkpt lat="34.026100000" lon="-111.565230000">
        <ele>1002</ele>
      </trkpt>
      <trkpt lat="34.026250000" lon="-111.565260000">
        <ele>1005</ele>
      </trkpt>
      <trkpt lat="34.026320000" lon="-111.565300000">
        <ele>1007</ele>
      </trkpt>
      <trkpt lat="34.026460000" lon="-111.565300000">
        <ele>1009</ele>
      </trkpt>
      <trkpt lat="34.026570000" lon="-111.565260000">
        <ele>1010</ele>
      </trkpt>
      <trkpt lat="34.026620000" lon="-111.565230000">
        <ele>1009</ele>
      </trkpt>
      <trkpt lat="34.026690000" lon="-111.565250000">
        <ele>1011</ele>
      </trkpt>
      <trkpt lat="34.026740000" lon="-111.565230000">
        <ele>1012</ele>
      </trkpt>
      <trkpt lat="34.026810000" lon="-111.565160000">
        <ele>1011</ele>
      </trkpt>
      <trkpt lat="34.026840000" lon="-111.565100000">
        <ele>1010</ele>
      </trkpt>
      <trkpt lat="34.026920000" lon="-111.565050000">
        <ele>1012</ele>
      </trkpt>
      <trkpt lat="34.026960000" lon="-111.565090000">
        <ele>1014</ele>
      </trkpt>
      <trkpt lat="34.027010000" lon="-111.565070000">
        <ele>1015</ele>
      </trkpt>
      <trkpt lat="34.027040000" lon="-111.565030000">
        <ele>1015</ele>
      </trkpt>
      <trkpt lat="34.027190000" lon="-111.564930000">
        <ele>1018</ele>
      </trkpt>
      <trkpt lat="34.027240000" lon="-111.564910000">
        <ele>1019</ele>
      </trkpt>
      <trkpt lat="34.027300000" lon="-111.564930000">
        <ele>1020</ele>
      </trkpt>
      <trkpt lat="34.027330000" lon="-111.564820000">
        <ele>1020</ele>
      </trkpt>
      <trkpt lat="34.027460000" lon="-111.564720000">
        <ele>1020</ele>
      </trkpt>
      <trkpt lat="34.027500000" lon="-111.564600000">
        <ele>1022</ele>
      </trkpt>
      <trkpt lat="34.027540000" lon="-111.564570000">
        <ele>1023</ele>
      </trkpt>
      <trkpt lat="34.027540000" lon="-111.564520000">
        <ele>1024</ele>
      </trkpt>
      <trkpt lat="34.027580000" lon="-111.564500000">
        <ele>1024</ele>
      </trkpt>
      <trkpt lat="34.027650000" lon="-111.564420000">
        <ele>1025</ele>
      </trkpt>
      <trkpt lat="34.027690000" lon="-111.564310000">
        <ele>1028</ele>
      </trkpt>
      <trkpt lat="34.027780000" lon="-111.564280000">
        <ele>1029</ele>
      </trkpt>
      <trkpt lat="34.027940000" lon="-111.564300000">
        <ele>1028</ele>
      </trkpt>
      <trkpt lat="34.028080000" lon="-111.564360000">
        <ele>1025</ele>
      </trkpt>
      <trkpt lat="34.028130000" lon="-111.564350000">
        <ele>1026</ele>
      </trkpt>
      <trkpt lat="34.028180000" lon="-111.564370000">
        <ele>1025</ele>
      </trkpt>
      <trkpt lat="34.028330000" lon="-111.564530000">
        <ele>1022</ele>
      </trkpt>
      <trkpt lat="34.028530000" lon="-111.564590000">
        <ele>1018</ele>
      </trkpt>
      <trkpt lat="34.028700000" lon="-111.564740000">
        <ele>1012</ele>
      </trkpt>
      <trkpt lat="34.028950000" lon="-111.564900000">
        <ele>1004</ele>
      </trkpt>
      <trkpt lat="34.028980000" lon="-111.564950000">
        <ele>1002</ele>
      </trkpt>
      <trkpt lat="34.029080000" lon="-111.565010000">
        <ele>1000</ele>
      </trkpt>
      <trkpt lat="34.029220000" lon="-111.565150000">
        <ele>994</ele>
      </trkpt>
      <trkpt lat="34.029270000" lon="-111.565160000">
        <ele>993</ele>
      </trkpt>
      <trkpt lat="34.029410000" lon="-111.565400000">
        <ele>986</ele>
      </trkpt>
      <trkpt lat="34.029550000" lon="-111.565410000">
        <ele>983</ele>
      </trkpt>
      <trkpt lat="34.029590000" lon="-111.565460000">
        <ele>980</ele>
      </trkpt>
      <trkpt lat="34.029590000" lon="-111.565520000">
        <ele>979</ele>
      </trkpt>
      <trkpt lat="34.029620000" lon="-111.565570000">
        <ele>976</ele>
      </trkpt>
      <trkpt lat="34.029660000" lon="-111.565580000">
        <ele>975</ele>
      </trkpt>
      <trkpt lat="34.029700000" lon="-111.565550000">
        <ele>975</ele>
      </trkpt>
      <trkpt lat="34.029800000" lon="-111.565550000">
        <ele>972</ele>
      </trkpt>
      <trkpt lat="34.030060000" lon="-111.565300000">
        <ele>967</ele>
      </trkpt>
      <trkpt lat="34.030160000" lon="-111.565270000">
        <ele>964</ele>
      </trkpt>
      <trkpt lat="34.030310000" lon="-111.565280000">
        <ele>961</ele>
      </trkpt>
      <trkpt lat="34.030400000" lon="-111.565250000">
        <ele>960</ele>
      </trkpt>
      <trkpt lat="34.030520000" lon="-111.565260000">
        <ele>958</ele>
      </trkpt>
      <trkpt lat="34.030750000" lon="-111.565340000">
        <ele>954</ele>
      </trkpt>
      <trkpt lat="34.030910000" lon="-111.565360000">
        <ele>952</ele>
      </trkpt>
      <trkpt lat="34.030950000" lon="-111.565320000">
        <ele>952</ele>
      </trkpt>
      <trkpt lat="34.030990000" lon="-111.565360000">
        <ele>951</ele>
      </trkpt>
      <trkpt lat="34.031030000" lon="-111.565330000">
        <ele>951</ele>
      </trkpt>
      <trkpt lat="34.031070000" lon="-111.565290000">
        <ele>951</ele>
      </trkpt>
      <trkpt lat="34.031180000" lon="-111.565410000">
        <ele>950</ele>
      </trkpt>
      <trkpt lat="34.031220000" lon="-111.565430000">
        <ele>949</ele>
      </trkpt>
      <trkpt lat="34.031270000" lon="-111.565400000">
        <ele>949</ele>
      </trkpt>
      <trkpt lat="34.031290000" lon="-111.565470000">
        <ele>949</ele>
      </trkpt>
      <trkpt lat="34.031360000" lon="-111.565550000">
        <ele>949</ele>
      </trkpt>
      <trkpt lat="34.031500000" lon="-111.565600000">
        <ele>948</ele>
      </trkpt>
      <trkpt lat="34.031560000" lon="-111.565590000">
        <ele>948</ele>
      </trkpt>
      <trkpt lat="34.031600000" lon="-111.565630000">
        <ele>948</ele>
      </trkpt>
      <trkpt lat="34.031650000" lon="-111.565760000">
        <ele>947</ele>
      </trkpt>
      <trkpt lat="34.031730000" lon="-111.565830000">
        <ele>947</ele>
      </trkpt>
      <trkpt lat="34.031810000" lon="-111.565770000">
        <ele>948</ele>
      </trkpt>
      <trkpt lat="34.031840000" lon="-111.565720000">
        <ele>948</ele>
      </trkpt>
      <trkpt lat="34.032010000" lon="-111.565610000">
        <ele>949</ele>
      </trkpt>
      <trkpt lat="34.032190000" lon="-111.565600000">
        <ele>950</ele>
      </trkpt>
      <trkpt lat="34.032240000" lon="-111.565570000">
        <ele>950</ele>
      </trkpt>
      <trkpt lat="34.032390000" lon="-111.565610000">
        <ele>951</ele>
      </trkpt>
      <trkpt lat="34.032440000" lon="-111.565590000">
        <ele>951</ele>
      </trkpt>
      <trkpt lat="34.032550000" lon="-111.565460000">
        <ele>951</ele>
      </trkpt>
      <trkpt lat="34.032650000" lon="-111.565430000">
        <ele>951</ele>
      </trkpt>
      <trkpt lat="34.032840000" lon="-111.565500000">
        <ele>951</ele>
      </trkpt>
      <trkpt lat="34.033040000" lon="-111.565460000">
        <ele>953</ele>
      </trkpt>
      <trkpt lat="34.033150000" lon="-111.565490000">
        <ele>955</ele>
      </trkpt>
      <trkpt lat="34.033240000" lon="-111.565510000">
        <ele>957</ele>
      </trkpt>
      <trkpt lat="34.033380000" lon="-111.565590000">
        <ele>961</ele>
      </trkpt>
      <trkpt lat="34.033430000" lon="-111.565590000">
        <ele>962</ele>
      </trkpt>
      <trkpt lat="34.033620000" lon="-111.565540000">
        <ele>964</ele>
      </trkpt>
      <trkpt lat="34.033750000" lon="-111.565450000">
        <ele>964</ele>
      </trkpt>
      <trkpt lat="34.033810000" lon="-111.565370000">
        <ele>964</ele>
      </trkpt>
      <trkpt lat="34.033810000" lon="-111.565430000">
        <ele>965</ele>
      </trkpt>
      <trkpt lat="34.033840000" lon="-111.565470000">
        <ele>967</ele>
      </trkpt>
      <trkpt lat="34.033890000" lon="-111.565470000">
        <ele>969</ele>
      </trkpt>
      <trkpt lat="34.033900000" lon="-111.565720000">
        <ele>976</ele>
      </trkpt>
      <trkpt lat="34.034000000" lon="-111.565850000">
        <ele>982</ele>
      </trkpt>
      <trkpt lat="34.034140000" lon="-111.565790000">
        <ele>986</ele>
      </trkpt>
      <trkpt lat="34.034300000" lon="-111.565760000">
        <ele>989</ele>
      </trkpt>
      <trkpt lat="34.034390000" lon="-111.565810000">
        <ele>991</ele>
      </trkpt>
      <trkpt lat="34.034440000" lon="-111.565800000">
        <ele>990</ele>
      </trkpt>
      <trkpt lat="34.034470000" lon="-111.565840000">
        <ele>992</ele>
      </trkpt>
      <trkpt lat="34.034690000" lon="-111.565950000">
        <ele>996</ele>
      </trkpt>
      <trkpt lat="34.035030000" lon="-111.566030000">
        <ele>1001</ele>
      </trkpt>
      <trkpt lat="34.035190000" lon="-111.565980000">
        <ele>1002</ele>
      </trkpt>
      <trkpt lat="34.035280000" lon="-111.566030000">
        <ele>1006</ele>
      </trkpt>
      <trkpt lat="34.035380000" lon="-111.566000000">
        <ele>1007</ele>
      </trkpt>
      <trkpt lat="34.035420000" lon="-111.566000000">
        <ele>1009</ele>
      </trkpt>
      <trkpt lat="34.035460000" lon="-111.566030000">
        <ele>1010</ele>
      </trkpt>
      <trkpt lat="34.035630000" lon="-111.566030000">
        <ele>1015</ele>
      </trkpt>
      <trkpt lat="34.035880000" lon="-111.565960000">
        <ele>1019</ele>
      </trkpt>
      <trkpt lat="34.035920000" lon="-111.566060000">
        <ele>1022</ele>
      </trkpt>
      <trkpt lat="34.036050000" lon="-111.566150000">
        <ele>1024</ele>
      </trkpt>
      <trkpt lat="34.036140000" lon="-111.566150000">
        <ele>1026</ele>
      </trkpt>
      <trkpt lat="34.036230000" lon="-111.566110000">
        <ele>1027</ele>
      </trkpt>
      <trkpt lat="34.036270000" lon="-111.566140000">
        <ele>1029</ele>
      </trkpt>
      <trkpt lat="34.036280000" lon="-111.566200000">
        <ele>1029</ele>
      </trkpt>
      <trkpt lat="34.036440000" lon="-111.566230000">
        <ele>1033</ele>
      </trkpt>
      <trkpt lat="34.036600000" lon="-111.566300000">
        <ele>1038</ele>
      </trkpt>
      <trkpt lat="34.036740000" lon="-111.566330000">
        <ele>1043</ele>
      </trkpt>
      <trkpt lat="34.036890000" lon="-111.566330000">
        <ele>1048</ele>
      </trkpt>
      <trkpt lat="34.036930000" lon="-111.566300000">
        <ele>1048</ele>
      </trkpt>
      <trkpt lat="34.037020000" lon="-111.566300000">
        <ele>1049</ele>
      </trkpt>
      <trkpt lat="34.037500000" lon="-111.566150000">
        <ele>1057</ele>
      </trkpt>
      <trkpt lat="34.037660000" lon="-111.566060000">
        <ele>1057</ele>
      </trkpt>
      <trkpt lat="34.037870000" lon="-111.566050000">
        <ele>1061</ele>
      </trkpt>
      <trkpt lat="34.037970000" lon="-111.566020000">
        <ele>1061</ele>
      </trkpt>
      <trkpt lat="34.038040000" lon="-111.565940000">
        <ele>1061</ele>
      </trkpt>
      <trkpt lat="34.038210000" lon="-111.565920000">
        <ele>1060</ele>
      </trkpt>
      <trkpt lat="34.038230000" lon="-111.565870000">
        <ele>1060</ele>
      </trkpt>
      <trkpt lat="34.038280000" lon="-111.565850000">
        <ele>1060</ele>
      </trkpt>
      <trkpt lat="34.038530000" lon="-111.565650000">
        <ele>1060</ele>
      </trkpt>
      <trkpt lat="34.038580000" lon="-111.565610000">
        <ele>1061</ele>
      </trkpt>
      <trkpt lat="34.038600000" lon="-111.565550000">
        <ele>1061</ele>
      </trkpt>
      <trkpt lat="34.038800000" lon="-111.565490000">
        <ele>1060</ele>
      </trkpt>
      <trkpt lat="34.038840000" lon="-111.565440000">
        <ele>1060</ele>
      </trkpt>
      <trkpt lat="34.039030000" lon="-111.565380000">
        <ele>1061</ele>
      </trkpt>
      <trkpt lat="34.039270000" lon="-111.565390000">
        <ele>1063</ele>
      </trkpt>
      <trkpt lat="34.039370000" lon="-111.565350000">
        <ele>1064</ele>
      </trkpt>
      <trkpt lat="34.039470000" lon="-111.565360000">
        <ele>1066</ele>
      </trkpt>
      <trkpt lat="34.039610000" lon="-111.565190000">
        <ele>1068</ele>
      </trkpt>
      <trkpt lat="34.039670000" lon="-111.564960000">
        <ele>1067</ele>
      </trkpt>
      <trkpt lat="34.039720000" lon="-111.564850000">
        <ele>1068</ele>
      </trkpt>
      <trkpt lat="34.039820000" lon="-111.564770000">
        <ele>1070</ele>
      </trkpt>
      <trkpt lat="34.039840000" lon="-111.564670000">
        <ele>1070</ele>
      </trkpt>
      <trkpt lat="34.039880000" lon="-111.564640000">
        <ele>1071</ele>
      </trkpt>
      <trkpt lat="34.039930000" lon="-111.564530000">
        <ele>1071</ele>
      </trkpt>
      <trkpt lat="34.039960000" lon="-111.564490000">
        <ele>1072</ele>
      </trkpt>
      <trkpt lat="34.039990000" lon="-111.564430000">
        <ele>1072</ele>
      </trkpt>
      <trkpt lat="34.039980000" lon="-111.564260000">
        <ele>1071</ele>
      </trkpt>
      <trkpt lat="34.040030000" lon="-111.564230000">
        <ele>1071</ele>
      </trkpt>
      <trkpt lat="34.040140000" lon="-111.564220000">
        <ele>1072</ele>
      </trkpt>
      <trkpt lat="34.040340000" lon="-111.564160000">
        <ele>1072</ele>
      </trkpt>
      <trkpt lat="34.040390000" lon="-111.564170000">
        <ele>1072</ele>
      </trkpt>
      <trkpt lat="34.040700000" lon="-111.564140000">
        <ele>1071</ele>
      </trkpt>
      <trkpt lat="34.040800000" lon="-111.564160000">
        <ele>1070</ele>
      </trkpt>
      <trkpt lat="34.040850000" lon="-111.564210000">
        <ele>1071</ele>
      </trkpt>
      <trkpt lat="34.040860000" lon="-111.564320000">
        <ele>1072</ele>
      </trkpt>
      <trkpt lat="34.040890000" lon="-111.564360000">
        <ele>1072</ele>
      </trkpt>
      <trkpt lat="34.041090000" lon="-111.564370000">
        <ele>1069</ele>
      </trkpt>
      <trkpt lat="34.041030000" lon="-111.564350000">
        <ele>1070</ele>
      </trkpt>
      <trkpt lat="34.041060000" lon="-111.564310000">
        <ele>1068</ele>
      </trkpt>
      <trkpt lat="34.041070000" lon="-111.564140000">
        <ele>1064</ele>
      </trkpt>
      <trkpt lat="34.041120000" lon="-111.564040000">
        <ele>1061</ele>
      </trkpt>
      <trkpt lat="34.041100000" lon="-111.563980000">
        <ele>1060</ele>
      </trkpt>
      <trkpt lat="34.041140000" lon="-111.563940000">
        <ele>1059</ele>
      </trkpt>
      <trkpt lat="34.041190000" lon="-111.563960000">
        <ele>1060</ele>
      </trkpt>
      <trkpt lat="34.041250000" lon="-111.563950000">
        <ele>1059</ele>
      </trkpt>
      <trkpt lat="34.041440000" lon="-111.563870000">
        <ele>1058</ele>
      </trkpt>
      <trkpt lat="34.041580000" lon="-111.563860000">
        <ele>1056</ele>
      </trkpt>
      <trkpt lat="34.041680000" lon="-111.563880000">
        <ele>1055</ele>
      </trkpt>
      <trkpt lat="34.041880000" lon="-111.563790000">
        <ele>1051</ele>
      </trkpt>
      <trkpt lat="34.041990000" lon="-111.563780000">
        <ele>1051</ele>
      </trkpt>
      <trkpt lat="34.042190000" lon="-111.563830000">
        <ele>1054</ele>
      </trkpt>
      <trkpt lat="34.042350000" lon="-111.563990000">
        <ele>1059</ele>
      </trkpt>
      <trkpt lat="34.042390000" lon="-111.563960000">
        <ele>1058</ele>
      </trkpt>
      <trkpt lat="34.042270000" lon="-111.563850000">
        <ele>1056</ele>
      </trkpt>
      <trkpt lat="34.042180000" lon="-111.563800000">
        <ele>1053</ele>
      </trkpt>
      <trkpt lat="34.042140000" lon="-111.563800000">
        <ele>1053</ele>
      </trkpt>
      <trkpt lat="34.042140000" lon="-111.563610000">
        <ele>1050</ele>
      </trkpt>
      <trkpt lat="34.042110000" lon="-111.563570000">
        <ele>1049</ele>
      </trkpt>
      <trkpt lat="34.042200000" lon="-111.563420000">
        <ele>1055</ele>
      </trkpt>
      <trkpt lat="34.042210000" lon="-111.563290000">
        <ele>1057</ele>
      </trkpt>
      <trkpt lat="34.042250000" lon="-111.563240000">
        <ele>1059</ele>
      </trkpt>
      <trkpt lat="34.042270000" lon="-111.562640000">
        <ele>1064</ele>
      </trkpt>
      <trkpt lat="34.042250000" lon="-111.562590000">
        <ele>1064</ele>
      </trkpt>
      <trkpt lat="34.042240000" lon="-111.562470000">
        <ele>1066</ele>
      </trkpt>
      <trkpt lat="34.042190000" lon="-111.562290000">
        <ele>1065</ele>
      </trkpt>
      <trkpt lat="34.042210000" lon="-111.562070000">
        <ele>1068</ele>
      </trkpt>
      <trkpt lat="34.042180000" lon="-111.561680000">
        <ele>1075</ele>
      </trkpt>
      <trkpt lat="34.042120000" lon="-111.561440000">
        <ele>1075</ele>
      </trkpt>
      <trkpt lat="34.042120000" lon="-111.561260000">
        <ele>1080</ele>
      </trkpt>
      <trkpt lat="34.041960000" lon="-111.560730000">
        <ele>1082</ele>
      </trkpt>
      <trkpt lat="34.041960000" lon="-111.560550000">
        <ele>1083</ele>
      </trkpt>
      <trkpt lat="34.042060000" lon="-111.560280000">
        <ele>1086</ele>
      </trkpt>
      <trkpt lat="34.042090000" lon="-111.560040000">
        <ele>1086</ele>
      </trkpt>
      <trkpt lat="34.042150000" lon="-111.559800000">
        <ele>1087</ele>
      </trkpt>
      <trkpt lat="34.042420000" lon="-111.559320000">
        <ele>1088</ele>
      </trkpt>
      <trkpt lat="34.042510000" lon="-111.559020000">
        <ele>1085</ele>
      </trkpt>
      <trkpt lat="34.042650000" lon="-111.558830000">
        <ele>1084</ele>
      </trkpt>
      <trkpt lat="34.042830000" lon="-111.558700000">
        <ele>1082</ele>
      </trkpt>
      <trkpt lat="34.042940000" lon="-111.558570000">
        <ele>1080</ele>
      </trkpt>
      <trkpt lat="34.043040000" lon="-111.558520000">
        <ele>1081</ele>
      </trkpt>
      <trkpt lat="34.043150000" lon="-111.558260000">
        <ele>1083</ele>
      </trkpt>
      <trkpt lat="34.043170000" lon="-111.558140000">
        <ele>1085</ele>
      </trkpt>
      <trkpt lat="34.043180000" lon="-111.557910000">
        <ele>1085</ele>
      </trkpt>
      <trkpt lat="34.043120000" lon="-111.557740000">
        <ele>1080</ele>
      </trkpt>
      <trkpt lat="34.043150000" lon="-111.557610000">
        <ele>1076</ele>
      </trkpt>
      <trkpt lat="34.043080000" lon="-111.557460000">
        <ele>1073</ele>
      </trkpt>
      <trkpt lat="34.043240000" lon="-111.557320000">
        <ele>1069</ele>
      </trkpt>
      <trkpt lat="34.043270000" lon="-111.557270000">
        <ele>1069</ele>
      </trkpt>
      <trkpt lat="34.043300000" lon="-111.557150000">
        <ele>1065</ele>
      </trkpt>
      <trkpt lat="34.043420000" lon="-111.556970000">
        <ele>1060</ele>
      </trkpt>
      <trkpt lat="34.043470000" lon="-111.556740000">
        <ele>1056</ele>
      </trkpt>
      <trkpt lat="34.043500000" lon="-111.556700000">
        <ele>1055</ele>
      </trkpt>
      <trkpt lat="34.043560000" lon="-111.556670000">
        <ele>1056</ele>
      </trkpt>
      <trkpt lat="34.043560000" lon="-111.556540000">
        <ele>1054</ele>
      </trkpt>
      <trkpt lat="34.043600000" lon="-111.556500000">
        <ele>1055</ele>
      </trkpt>
      <trkpt lat="34.043690000" lon="-111.556490000">
        <ele>1056</ele>
      </trkpt>
      <trkpt lat="34.043710000" lon="-111.556430000">
        <ele>1056</ele>
      </trkpt>
      <trkpt lat="34.043690000" lon="-111.556360000">
        <ele>1056</ele>
      </trkpt>
      <trkpt lat="34.043610000" lon="-111.556300000">
        <ele>1055</ele>
      </trkpt>
      <trkpt lat="34.043510000" lon="-111.556300000">
        <ele>1054</ele>
      </trkpt>
      <trkpt lat="34.043490000" lon="-111.556240000">
        <ele>1054</ele>
      </trkpt>
      <trkpt lat="34.043550000" lon="-111.556220000">
        <ele>1055</ele>
      </trkpt>
      <trkpt lat="34.043570000" lon="-111.556030000">
        <ele>1057</ele>
      </trkpt>
      <trkpt lat="34.043630000" lon="-111.555800000">
        <ele>1058</ele>
      </trkpt>
      <trkpt lat="34.043740000" lon="-111.555580000">
        <ele>1058</ele>
      </trkpt>
      <trkpt lat="34.044050000" lon="-111.555160000">
        <ele>1058</ele>
      </trkpt>
      <trkpt lat="34.044110000" lon="-111.555050000">
        <ele>1059</ele>
      </trkpt>
      <trkpt lat="34.044250000" lon="-111.554880000">
        <ele>1061</ele>
      </trkpt>
      <trkpt lat="34.044290000" lon="-111.554770000">
        <ele>1060</ele>
      </trkpt>
      <trkpt lat="34.044390000" lon="-111.554670000">
        <ele>1062</ele>
      </trkpt>
      <trkpt lat="34.044500000" lon="-111.554450000">
        <ele>1062</ele>
      </trkpt>
      <trkpt lat="34.044550000" lon="-111.554420000">
        <ele>1063</ele>
      </trkpt>
      <trkpt lat="34.044570000" lon="-111.554360000">
        <ele>1062</ele>
      </trkpt>
      <trkpt lat="34.044650000" lon="-111.554280000">
        <ele>1062</ele>
      </trkpt>
      <trkpt lat="34.044680000" lon="-111.554170000">
        <ele>1060</ele>
      </trkpt>
      <trkpt lat="34.044840000" lon="-111.553780000">
        <ele>1064</ele>
      </trkpt>
      <trkpt lat="34.044920000" lon="-111.553700000">
        <ele>1067</ele>
      </trkpt>
      <trkpt lat="34.044970000" lon="-111.553590000">
        <ele>1066</ele>
      </trkpt>
      <trkpt lat="34.045020000" lon="-111.553550000">
        <ele>1067</ele>
      </trkpt>
      <trkpt lat="34.045210000" lon="-111.553180000">
        <ele>1063</ele>
      </trkpt>
      <trkpt lat="34.045320000" lon="-111.553050000">
        <ele>1063</ele>
      </trkpt>
      <trkpt lat="34.045400000" lon="-111.552860000">
        <ele>1064</ele>
      </trkpt>
      <trkpt lat="34.045500000" lon="-111.552390000">
        <ele>1070</ele>
      </trkpt>
      <trkpt lat="34.045480000" lon="-111.552290000">
        <ele>1070</ele>
      </trkpt>
      <trkpt lat="34.045490000" lon="-111.552060000">
        <ele>1077</ele>
      </trkpt>
      <trkpt lat="34.045440000" lon="-111.551810000">
        <ele>1079</ele>
      </trkpt>
      <trkpt lat="34.045470000" lon="-111.551680000">
        <ele>1081</ele>
      </trkpt>
      <trkpt lat="34.045450000" lon="-111.551430000">
        <ele>1083</ele>
      </trkpt>
      <trkpt lat="34.045480000" lon="-111.551320000">
        <ele>1082</ele>
      </trkpt>
      <trkpt lat="34.045520000" lon="-111.551340000">
        <ele>1084</ele>
      </trkpt>
      <trkpt lat="34.045580000" lon="-111.551320000">
        <ele>1084</ele>
      </trkpt>
      <trkpt lat="34.045660000" lon="-111.551180000">
        <ele>1082</ele>
      </trkpt>
      <trkpt lat="34.045800000" lon="-111.550850000">
        <ele>1076</ele>
      </trkpt>
      <trkpt lat="34.045820000" lon="-111.550750000">
        <ele>1075</ele>
      </trkpt>
      <trkpt lat="34.045710000" lon="-111.550550000">
        <ele>1074</ele>
      </trkpt>
      <trkpt lat="34.045660000" lon="-111.550540000">
        <ele>1073</ele>
      </trkpt>
      <trkpt lat="34.045650000" lon="-111.550420000">
        <ele>1074</ele>
      </trkpt>
      <trkpt lat="34.045520000" lon="-111.550180000">
        <ele>1077</ele>
      </trkpt>
      <trkpt lat="34.045450000" lon="-111.550090000">
        <ele>1079</ele>
      </trkpt>
      <trkpt lat="34.045410000" lon="-111.550110000">
        <ele>1079</ele>
      </trkpt>
      <trkpt lat="34.045410000" lon="-111.550050000">
        <ele>1080</ele>
      </trkpt>
      <trkpt lat="34.045670000" lon="-111.549870000">
        <ele>1082</ele>
      </trkpt>
      <trkpt lat="34.045730000" lon="-111.549750000">
        <ele>1085</ele>
      </trkpt>
      <trkpt lat="34.045880000" lon="-111.549590000">
        <ele>1089</ele>
      </trkpt>
      <trkpt lat="34.045900000" lon="-111.549530000">
        <ele>1090</ele>
      </trkpt>
      <trkpt lat="34.045970000" lon="-111.549450000">
        <ele>1091</ele>
      </trkpt>
      <trkpt lat="34.045990000" lon="-111.549380000">
        <ele>1092</ele>
      </trkpt>
      <trkpt lat="34.045990000" lon="-111.548980000">
        <ele>1100</ele>
      </trkpt>
      <trkpt lat="34.045860000" lon="-111.548210000">
        <ele>1109</ele>
      </trkpt>
      <trkpt lat="34.045920000" lon="-111.547760000">
        <ele>1115</ele>
      </trkpt>
      <trkpt lat="34.045840000" lon="-111.547540000">
        <ele>1119</ele>
      </trkpt>
      <trkpt lat="34.045840000" lon="-111.547350000">
        <ele>1120</ele>
      </trkpt>
      <trkpt lat="34.045900000" lon="-111.547240000">
        <ele>1120</ele>
      </trkpt>
      <trkpt lat="34.045870000" lon="-111.546750000">
        <ele>1125</ele>
      </trkpt>
      <trkpt lat="34.045790000" lon="-111.546620000">
        <ele>1128</ele>
      </trkpt>
      <trkpt lat="34.045780000" lon="-111.546430000">
        <ele>1131</ele>
      </trkpt>
      <trkpt lat="34.045760000" lon="-111.546380000">
        <ele>1132</ele>
      </trkpt>
      <trkpt lat="34.045720000" lon="-111.546340000">
        <ele>1132</ele>
      </trkpt>
      <trkpt lat="34.045690000" lon="-111.546230000">
        <ele>1133</ele>
      </trkpt>
      <trkpt lat="34.045560000" lon="-111.546050000">
        <ele>1136</ele>
      </trkpt>
      <trkpt lat="34.045560000" lon="-111.545920000">
        <ele>1138</ele>
      </trkpt>
      <trkpt lat="34.045510000" lon="-111.545750000">
        <ele>1140</ele>
      </trkpt>
      <trkpt lat="34.045540000" lon="-111.545700000">
        <ele>1139</ele>
      </trkpt>
      <trkpt lat="34.045560000" lon="-111.545640000">
        <ele>1139</ele>
      </trkpt>
      <trkpt lat="34.045510000" lon="-111.545390000">
        <ele>1141</ele>
      </trkpt>
      <trkpt lat="34.045380000" lon="-111.545190000">
        <ele>1143</ele>
      </trkpt>
      <trkpt lat="34.045280000" lon="-111.544920000">
        <ele>1145</ele>
      </trkpt>
      <trkpt lat="34.045190000" lon="-111.544760000">
        <ele>1147</ele>
      </trkpt>
      <trkpt lat="34.045110000" lon="-111.544720000">
        <ele>1147</ele>
      </trkpt>
      <trkpt lat="34.045030000" lon="-111.544570000">
        <ele>1150</ele>
      </trkpt>
      <trkpt lat="34.045030000" lon="-111.544430000">
        <ele>1153</ele>
      </trkpt>
      <trkpt lat="34.045060000" lon="-111.544400000">
        <ele>1154</ele>
      </trkpt>
      <trkpt lat="34.045130000" lon="-111.544170000">
        <ele>1156</ele>
      </trkpt>
      <trkpt lat="34.045130000" lon="-111.544110000">
        <ele>1156</ele>
      </trkpt>
      <trkpt lat="34.045220000" lon="-111.543940000">
        <ele>1156</ele>
      </trkpt>
      <trkpt lat="34.045220000" lon="-111.543890000">
        <ele>1157</ele>
      </trkpt>
      <trkpt lat="34.045360000" lon="-111.543840000">
        <ele>1155</ele>
      </trkpt>
      <trkpt lat="34.045410000" lon="-111.543720000">
        <ele>1155</ele>
      </trkpt>
      <trkpt lat="34.045410000" lon="-111.543520000">
        <ele>1157</ele>
      </trkpt>
      <trkpt lat="34.045370000" lon="-111.543340000">
        <ele>1159</ele>
      </trkpt>
      <trkpt lat="34.045340000" lon="-111.543290000">
        <ele>1160</ele>
      </trkpt>
      <trkpt lat="34.045290000" lon="-111.543300000">
        <ele>1161</ele>
      </trkpt>
      <trkpt lat="34.045250000" lon="-111.543260000">
        <ele>1162</ele>
      </trkpt>
      <trkpt lat="34.045220000" lon="-111.543140000">
        <ele>1164</ele>
      </trkpt>
      <trkpt lat="34.045250000" lon="-111.542960000">
        <ele>1166</ele>
      </trkpt>
      <trkpt lat="34.045240000" lon="-111.542720000">
        <ele>1170</ele>
      </trkpt>
      <trkpt lat="34.045250000" lon="-111.542530000">
        <ele>1171</ele>
      </trkpt>
      <trkpt lat="34.045200000" lon="-111.542430000">
        <ele>1173</ele>
      </trkpt>
      <trkpt lat="34.045130000" lon="-111.542150000">
        <ele>1177</ele>
      </trkpt>
      <trkpt lat="34.045160000" lon="-111.541830000">
        <ele>1179</ele>
      </trkpt>
      <trkpt lat="34.045310000" lon="-111.541370000">
        <ele>1179</ele>
      </trkpt>
      <trkpt lat="34.045350000" lon="-111.541060000">
        <ele>1180</ele>
      </trkpt>
      <trkpt lat="34.045290000" lon="-111.540540000">
        <ele>1182</ele>
      </trkpt>
      <trkpt lat="34.045310000" lon="-111.540070000">
        <ele>1186</ele>
      </trkpt>
      <trkpt lat="34.045270000" lon="-111.539960000">
        <ele>1188</ele>
      </trkpt>
      <trkpt lat="34.045180000" lon="-111.539360000">
        <ele>1194</ele>
      </trkpt>
      <trkpt lat="34.045090000" lon="-111.539070000">
        <ele>1197</ele>
      </trkpt>
      <trkpt lat="34.044980000" lon="-111.538790000">
        <ele>1204</ele>
      </trkpt>
      <trkpt lat="34.044930000" lon="-111.538800000">
        <ele>1204</ele>
      </trkpt>
      <trkpt lat="34.044920000" lon="-111.538860000">
        <ele>1204</ele>
      </trkpt>
      <trkpt lat="34.044940000" lon="-111.538690000">
        <ele>1206</ele>
      </trkpt>
      <trkpt lat="34.044920000" lon="-111.538630000">
        <ele>1207</ele>
      </trkpt>
      <trkpt lat="34.044990000" lon="-111.538790000">
        <ele>1204</ele>
      </trkpt>
      <trkpt lat="34.044920000" lon="-111.538720000">
        <ele>1205</ele>
      </trkpt>
      <trkpt lat="34.044870000" lon="-111.538740000">
        <ele>1205</ele>
      </trkpt>
      <trkpt lat="34.044830000" lon="-111.538700000">
        <ele>1207</ele>
      </trkpt>
      <trkpt lat="34.044800000" lon="-111.538660000">
        <ele>1208</ele>
      </trkpt>
      <trkpt lat="34.044850000" lon="-111.538650000">
        <ele>1207</ele>
      </trkpt>
      <trkpt lat="34.044900000" lon="-111.538680000">
        <ele>1206</ele>
      </trkpt>
      <trkpt lat="34.044730000" lon="-111.538680000">
        <ele>1212</ele>
      </trkpt>
      <trkpt lat="34.044810000" lon="-111.538730000">
        <ele>1207</ele>
      </trkpt>
      <trkpt lat="34.044820000" lon="-111.538670000">
        <ele>1208</ele>
      </trkpt>
      <trkpt lat="34.044800000" lon="-111.538720000">
        <ele>1208</ele>
      </trkpt>
      <trkpt lat="34.044820000" lon="-111.538780000">
        <ele>1208</ele>
      </trkpt>
      <trkpt lat="34.044910000" lon="-111.538910000">
        <ele>1204</ele>
      </trkpt>
      <trkpt lat="34.044940000" lon="-111.539030000">
        <ele>1203</ele>
      </trkpt>
      <trkpt lat="34.044970000" lon="-111.539340000">
        <ele>1202</ele>
      </trkpt>
      <trkpt lat="34.045010000" lon="-111.539460000">
        <ele>1200</ele>
      </trkpt>
      <trkpt lat="34.045140000" lon="-111.539650000">
        <ele>1194</ele>
      </trkpt>
      <trkpt lat="34.045210000" lon="-111.539870000">
        <ele>1191</ele>
      </trkpt>
      <trkpt lat="34.045280000" lon="-111.539940000">
        <ele>1188</ele>
      </trkpt>
      <trkpt lat="34.045320000" lon="-111.539930000">
        <ele>1186</ele>
      </trkpt>
      <trkpt lat="34.045350000" lon="-111.539870000">
        <ele>1185</ele>
      </trkpt>
      <trkpt lat="34.045400000" lon="-111.539870000">
        <ele>1183</ele>
      </trkpt>
      <trkpt lat="34.045470000" lon="-111.539940000">
        <ele>1181</ele>
      </trkpt>
      <trkpt lat="34.045530000" lon="-111.539950000">
        <ele>1180</ele>
      </trkpt>
      <trkpt lat="34.045650000" lon="-111.540040000">
        <ele>1175</ele>
      </trkpt>
      <trkpt lat="34.045740000" lon="-111.540060000">
        <ele>1173</ele>
      </trkpt>
      <trkpt lat="34.045830000" lon="-111.540120000">
        <ele>1171</ele>
      </trkpt>
      <trkpt lat="34.045890000" lon="-111.540110000">
        <ele>1171</ele>
      </trkpt>
      <trkpt lat="34.045900000" lon="-111.539870000">
        <ele>1179</ele>
      </trkpt>
      <trkpt lat="34.046000000" lon="-111.539830000">
        <ele>1181</ele>
      </trkpt>
      <trkpt lat="34.046010000" lon="-111.539770000">
        <ele>1183</ele>
      </trkpt>
      <trkpt lat="34.046160000" lon="-111.539750000">
        <ele>1183</ele>
      </trkpt>
      <trkpt lat="34.046250000" lon="-111.539710000">
        <ele>1183</ele>
      </trkpt>
      <trkpt lat="34.046340000" lon="-111.539660000">
        <ele>1183</ele>
      </trkpt>
      <trkpt lat="34.046440000" lon="-111.539630000">
        <ele>1182</ele>
      </trkpt>
      <trkpt lat="34.046600000" lon="-111.539610000">
        <ele>1181</ele>
      </trkpt>
      <trkpt lat="34.046750000" lon="-111.539640000">
        <ele>1180</ele>
      </trkpt>
      <trkpt lat="34.046910000" lon="-111.539620000">
        <ele>1180</ele>
      </trkpt>
      <trkpt lat="34.046990000" lon="-111.539520000">
        <ele>1182</ele>
      </trkpt>
      <trkpt lat="34.047180000" lon="-111.539410000">
        <ele>1183</ele>
      </trkpt>
      <trkpt lat="34.047330000" lon="-111.539360000">
        <ele>1183</ele>
      </trkpt>
      <trkpt lat="34.047480000" lon="-111.539330000">
        <ele>1181</ele>
      </trkpt>
      <trkpt lat="34.047700000" lon="-111.539200000">
        <ele>1181</ele>
      </trkpt>
      <trkpt lat="34.047770000" lon="-111.539120000">
        <ele>1181</ele>
      </trkpt>
      <trkpt lat="34.047810000" lon="-111.539130000">
        <ele>1181</ele>
      </trkpt>
      <trkpt lat="34.047860000" lon="-111.539110000">
        <ele>1181</ele>
      </trkpt>
      <trkpt lat="34.048070000" lon="-111.538940000">
        <ele>1184</ele>
      </trkpt>
      <trkpt lat="34.048150000" lon="-111.538790000">
        <ele>1187</ele>
      </trkpt>
      <trkpt lat="34.048220000" lon="-111.538710000">
        <ele>1189</ele>
      </trkpt>
      <trkpt lat="34.048260000" lon="-111.538600000">
        <ele>1192</ele>
      </trkpt>
      <trkpt lat="34.048390000" lon="-111.538520000">
        <ele>1192</ele>
      </trkpt>
      <trkpt lat="34.048450000" lon="-111.538420000">
        <ele>1194</ele>
      </trkpt>
      <trkpt lat="34.048620000" lon="-111.538280000">
        <ele>1196</ele>
      </trkpt>
      <trkpt lat="34.048670000" lon="-111.538270000">
        <ele>1195</ele>
      </trkpt>
      <trkpt lat="34.048700000" lon="-111.538230000">
        <ele>1197</ele>
      </trkpt>
      <trkpt lat="34.048750000" lon="-111.538220000">
        <ele>1196</ele>
      </trkpt>
      <trkpt lat="34.049060000" lon="-111.538070000">
        <ele>1196</ele>
      </trkpt>
      <trkpt lat="34.049350000" lon="-111.537910000">
        <ele>1197</ele>
      </trkpt>
      <trkpt lat="34.049550000" lon="-111.537900000">
        <ele>1192</ele>
      </trkpt>
      <trkpt lat="34.049650000" lon="-111.537860000">
        <ele>1191</ele>
      </trkpt>
      <trkpt lat="34.049620000" lon="-111.537910000">
        <ele>1190</ele>
      </trkpt>
      <trkpt lat="34.049700000" lon="-111.537970000">
        <ele>1187</ele>
      </trkpt>
      <trkpt lat="34.049760000" lon="-111.538070000">
        <ele>1187</ele>
      </trkpt>
      <trkpt lat="34.049850000" lon="-111.538050000">
        <ele>1193</ele>
      </trkpt>
      <trkpt lat="34.049940000" lon="-111.537900000">
        <ele>1196</ele>
      </trkpt>
      <trkpt lat="34.050060000" lon="-111.537780000">
        <ele>1198</ele>
      </trkpt>
      <trkpt lat="34.050080000" lon="-111.537730000">
        <ele>1198</ele>
      </trkpt>
      <trkpt lat="34.050220000" lon="-111.537660000">
        <ele>1203</ele>
      </trkpt>
      <trkpt lat="34.050290000" lon="-111.537580000">
        <ele>1206</ele>
      </trkpt>
      <trkpt lat="34.050340000" lon="-111.537670000">
        <ele>1209</ele>
      </trkpt>
      <trkpt lat="34.050420000" lon="-111.537740000">
        <ele>1211</ele>
      </trkpt>
      <trkpt lat="34.050520000" lon="-111.537740000">
        <ele>1214</ele>
      </trkpt>
      <trkpt lat="34.050700000" lon="-111.537960000">
        <ele>1225</ele>
      </trkpt>
      <trkpt lat="34.050850000" lon="-111.537990000">
        <ele>1231</ele>
      </trkpt>
      <trkpt lat="34.050980000" lon="-111.537920000">
        <ele>1234</ele>
      </trkpt>
      <trkpt lat="34.051130000" lon="-111.537890000">
        <ele>1237</ele>
      </trkpt>
      <trkpt lat="34.051650000" lon="-111.537850000">
        <ele>1250</ele>
      </trkpt>
      <trkpt lat="34.051810000" lon="-111.537710000">
        <ele>1254</ele>
      </trkpt>
      <trkpt lat="34.051910000" lon="-111.537670000">
        <ele>1257</ele>
      </trkpt>
      <trkpt lat="34.052040000" lon="-111.537580000">
        <ele>1261</ele>
      </trkpt>
      <trkpt lat="34.052160000" lon="-111.537670000">
        <ele>1262</ele>
      </trkpt>
      <trkpt lat="34.052200000" lon="-111.537790000">
        <ele>1262</ele>
      </trkpt>
      <trkpt lat="34.052240000" lon="-111.537840000">
        <ele>1261</ele>
      </trkpt>
      <trkpt lat="34.052280000" lon="-111.537860000">
        <ele>1261</ele>
      </trkpt>
      <trkpt lat="34.052340000" lon="-111.537850000">
        <ele>1262</ele>
      </trkpt>
      <trkpt lat="34.052390000" lon="-111.537820000">
        <ele>1263</ele>
      </trkpt>
      <trkpt lat="34.052490000" lon="-111.537810000">
        <ele>1263</ele>
      </trkpt>
      <trkpt lat="34.052520000" lon="-111.537700000">
        <ele>1266</ele>
      </trkpt>
      <trkpt lat="34.052550000" lon="-111.537650000">
        <ele>1267</ele>
      </trkpt>
      <trkpt lat="34.052630000" lon="-111.537590000">
        <ele>1268</ele>
      </trkpt>
      <trkpt lat="34.052690000" lon="-111.537590000">
        <ele>1268</ele>
      </trkpt>
      <trkpt lat="34.052770000" lon="-111.537520000">
        <ele>1270</ele>
      </trkpt>
      <trkpt lat="34.052920000" lon="-111.537500000">
        <ele>1270</ele>
      </trkpt>
      <trkpt lat="34.053120000" lon="-111.537510000">
        <ele>1270</ele>
      </trkpt>
      <trkpt lat="34.053180000" lon="-111.537600000">
        <ele>1269</ele>
      </trkpt>
      <trkpt lat="34.053310000" lon="-111.537650000">
        <ele>1272</ele>
      </trkpt>
      <trkpt lat="34.053380000" lon="-111.537800000">
        <ele>1270</ele>
      </trkpt>
      <trkpt lat="34.053440000" lon="-111.537810000">
        <ele>1273</ele>
      </trkpt>
      <trkpt lat="34.053550000" lon="-111.537930000">
        <ele>1272</ele>
      </trkpt>
      <trkpt lat="34.053730000" lon="-111.538050000">
        <ele>1272</ele>
      </trkpt>
      <trkpt lat="34.053830000" lon="-111.538060000">
        <ele>1272</ele>
      </trkpt>
      <trkpt lat="34.053880000" lon="-111.538090000">
        <ele>1271</ele>
      </trkpt>
      <trkpt lat="34.054070000" lon="-111.538150000">
        <ele>1267</ele>
      </trkpt>
      <trkpt lat="34.054250000" lon="-111.538090000">
        <ele>1267</ele>
      </trkpt>
      <trkpt lat="34.054350000" lon="-111.538120000">
        <ele>1266</ele>
      </trkpt>
      <trkpt lat="34.054380000" lon="-111.538170000">
        <ele>1266</ele>
      </trkpt>
      <trkpt lat="34.054500000" lon="-111.538270000">
        <ele>1266</ele>
      </trkpt>
      <trkpt lat="34.054550000" lon="-111.538280000">
        <ele>1267</ele>
      </trkpt>
      <trkpt lat="34.054650000" lon="-111.538280000">
        <ele>1270</ele>
      </trkpt>
      <trkpt lat="34.054860000" lon="-111.538460000">
        <ele>1265</ele>
      </trkpt>
      <trkpt lat="34.055090000" lon="-111.538450000">
        <ele>1268</ele>
      </trkpt>
      <trkpt lat="34.055130000" lon="-111.538480000">
        <ele>1268</ele>
      </trkpt>
      <trkpt lat="34.055240000" lon="-111.538510000">
        <ele>1268</ele>
      </trkpt>
      <trkpt lat="34.055340000" lon="-111.538510000">
        <ele>1270</ele>
      </trkpt>
      <trkpt lat="34.055640000" lon="-111.538580000">
        <ele>1270</ele>
      </trkpt>
      <trkpt lat="34.055830000" lon="-111.538520000">
        <ele>1274</ele>
      </trkpt>
      <trkpt lat="34.055970000" lon="-111.538520000">
        <ele>1275</ele>
      </trkpt>
      <trkpt lat="34.056000000" lon="-111.538570000">
        <ele>1274</ele>
      </trkpt>
      <trkpt lat="34.056010000" lon="-111.538810000">
        <ele>1272</ele>
      </trkpt>
      <trkpt lat="34.056080000" lon="-111.538900000">
        <ele>1275</ele>
      </trkpt>
      <trkpt lat="34.056110000" lon="-111.539010000">
        <ele>1276</ele>
      </trkpt>
      <trkpt lat="34.056040000" lon="-111.539110000">
        <ele>1273</ele>
      </trkpt>
      <trkpt lat="34.056000000" lon="-111.539220000">
        <ele>1274</ele>
      </trkpt>
      <trkpt lat="34.056000000" lon="-111.539280000">
        <ele>1275</ele>
      </trkpt>
      <trkpt lat="34.056080000" lon="-111.539450000">
        <ele>1281</ele>
      </trkpt>
      <trkpt lat="34.056170000" lon="-111.539400000">
        <ele>1281</ele>
      </trkpt>
      <trkpt lat="34.056330000" lon="-111.539630000">
        <ele>1287</ele>
      </trkpt>
      <trkpt lat="34.056390000" lon="-111.539640000">
        <ele>1288</ele>
      </trkpt>
      <trkpt lat="34.056480000" lon="-111.539580000">
        <ele>1289</ele>
      </trkpt>
      <trkpt lat="34.056770000" lon="-111.539100000">
        <ele>1297</ele>
      </trkpt>
      <trkpt lat="34.056840000" lon="-111.539020000">
        <ele>1299</ele>
      </trkpt>
      <trkpt lat="34.056840000" lon="-111.538730000">
        <ele>1304</ele>
      </trkpt>
      <trkpt lat="34.056890000" lon="-111.538550000">
        <ele>1306</ele>
      </trkpt>
      <trkpt lat="34.056860000" lon="-111.538440000">
        <ele>1306</ele>
      </trkpt>
      <trkpt lat="34.056860000" lon="-111.538260000">
        <ele>1308</ele>
      </trkpt>
      <trkpt lat="34.056890000" lon="-111.538090000">
        <ele>1311</ele>
      </trkpt>
      <trkpt lat="34.056870000" lon="-111.537890000">
        <ele>1315</ele>
      </trkpt>
      <trkpt lat="34.056890000" lon="-111.537770000">
        <ele>1316</ele>
      </trkpt>
      <trkpt lat="34.056790000" lon="-111.537210000">
        <ele>1327</ele>
      </trkpt>
      <trkpt lat="34.056840000" lon="-111.536730000">
        <ele>1332</ele>
      </trkpt>
      <trkpt lat="34.056830000" lon="-111.536610000">
        <ele>1334</ele>
      </trkpt>
      <trkpt lat="34.056720000" lon="-111.536340000">
        <ele>1343</ele>
      </trkpt>
      <trkpt lat="34.056750000" lon="-111.536050000">
        <ele>1342</ele>
      </trkpt>
      <trkpt lat="34.056720000" lon="-111.536000000">
        <ele>1344</ele>
      </trkpt>
      <trkpt lat="34.056700000" lon="-111.535900000">
        <ele>1343</ele>
      </trkpt>
      <trkpt lat="34.056610000" lon="-111.535860000">
        <ele>1347</ele>
      </trkpt>
      <trkpt lat="34.056540000" lon="-111.535710000">
        <ele>1349</ele>
      </trkpt>
      <trkpt lat="34.056570000" lon="-111.535590000">
        <ele>1345</ele>
      </trkpt>
      <trkpt lat="34.056540000" lon="-111.535480000">
        <ele>1344</ele>
      </trkpt>
      <trkpt lat="34.056540000" lon="-111.535310000">
        <ele>1341</ele>
      </trkpt>
      <trkpt lat="34.056520000" lon="-111.535270000">
        <ele>1341</ele>
      </trkpt>
      <trkpt lat="34.056530000" lon="-111.535210000">
        <ele>1340</ele>
      </trkpt>
      <trkpt lat="34.056610000" lon="-111.535130000">
        <ele>1341</ele>
      </trkpt>
      <trkpt lat="34.056630000" lon="-111.535080000">
        <ele>1346</ele>
      </trkpt>
      <trkpt lat="34.056600000" lon="-111.534970000">
        <ele>1356</ele>
      </trkpt>
      <trkpt lat="34.056570000" lon="-111.534930000">
        <ele>1359</ele>
      </trkpt>
      <trkpt lat="34.056580000" lon="-111.534870000">
        <ele>1362</ele>
      </trkpt>
      <trkpt lat="34.056570000" lon="-111.534760000">
        <ele>1366</ele>
      </trkpt>
      <trkpt lat="34.056540000" lon="-111.534720000">
        <ele>1368</ele>
      </trkpt>
      <trkpt lat="34.056500000" lon="-111.534610000">
        <ele>1372</ele>
      </trkpt>
      <trkpt lat="34.056460000" lon="-111.534590000">
        <ele>1374</ele>
      </trkpt>
      <trkpt lat="34.056420000" lon="-111.534420000">
        <ele>1379</ele>
      </trkpt>
      <trkpt lat="34.056370000" lon="-111.534390000">
        <ele>1380</ele>
      </trkpt>
      <trkpt lat="34.056380000" lon="-111.534280000">
        <ele>1382</ele>
      </trkpt>
      <trkpt lat="34.056400000" lon="-111.534220000">
        <ele>1383</ele>
      </trkpt>
      <trkpt lat="34.056380000" lon="-111.534030000">
        <ele>1388</ele>
      </trkpt>
      <trkpt lat="34.056350000" lon="-111.533920000">
        <ele>1391</ele>
      </trkpt>
      <trkpt lat="34.056260000" lon="-111.533790000">
        <ele>1391</ele>
      </trkpt>
      <trkpt lat="34.056250000" lon="-111.533740000">
        <ele>1392</ele>
      </trkpt>
      <trkpt lat="34.056270000" lon="-111.533450000">
        <ele>1399</ele>
      </trkpt>
      <trkpt lat="34.056320000" lon="-111.533440000">
        <ele>1401</ele>
      </trkpt>
      <trkpt lat="34.056310000" lon="-111.533250000">
        <ele>1403</ele>
      </trkpt>
      <trkpt lat="34.056390000" lon="-111.533200000">
        <ele>1405</ele>
      </trkpt>
      <trkpt lat="34.056460000" lon="-111.533090000">
        <ele>1406</ele>
      </trkpt>
      <trkpt lat="34.056580000" lon="-111.532990000">
        <ele>1408</ele>
      </trkpt>
      <trkpt lat="34.056620000" lon="-111.532620000">
        <ele>1414</ele>
      </trkpt>
      <trkpt lat="34.056670000" lon="-111.532580000">
        <ele>1415</ele>
      </trkpt>
      <trkpt lat="34.056650000" lon="-111.532480000">
        <ele>1418</ele>
      </trkpt>
      <trkpt lat="34.056530000" lon="-111.532360000">
        <ele>1421</ele>
      </trkpt>
      <trkpt lat="34.056540000" lon="-111.532240000">
        <ele>1424</ele>
      </trkpt>
      <trkpt lat="34.056510000" lon="-111.532130000">
        <ele>1426</ele>
      </trkpt>
      <trkpt lat="34.056480000" lon="-111.532090000">
        <ele>1426</ele>
      </trkpt>
      <trkpt lat="34.056470000" lon="-111.531980000">
        <ele>1428</ele>
      </trkpt>
      <trkpt lat="34.056490000" lon="-111.531870000">
        <ele>1432</ele>
      </trkpt>
      <trkpt lat="34.056600000" lon="-111.531750000">
        <ele>1432</ele>
      </trkpt>
      <trkpt lat="34.056650000" lon="-111.531740000">
        <ele>1430</ele>
      </trkpt>
      <trkpt lat="34.056740000" lon="-111.531760000">
        <ele>1427</ele>
      </trkpt>
      <trkpt lat="34.056870000" lon="-111.531570000">
        <ele>1432</ele>
      </trkpt>
      <trkpt lat="34.056960000" lon="-111.531580000">
        <ele>1432</ele>
      </trkpt>
      <trkpt lat="34.057050000" lon="-111.531550000">
        <ele>1434</ele>
      </trkpt>
      <trkpt lat="34.057110000" lon="-111.531460000">
        <ele>1438</ele>
      </trkpt>
      <trkpt lat="34.057360000" lon="-111.531430000">
        <ele>1436</ele>
      </trkpt>
      <trkpt lat="34.057460000" lon="-111.531310000">
        <ele>1439</ele>
      </trkpt>
      <trkpt lat="34.057500000" lon="-111.531310000">
        <ele>1438</ele>
      </trkpt>
      <trkpt lat="34.057580000" lon="-111.531400000">
        <ele>1437</ele>
      </trkpt>
      <trkpt lat="34.057630000" lon="-111.531420000">
        <ele>1436</ele>
      </trkpt>
      <trkpt lat="34.057870000" lon="-111.531370000">
        <ele>1438</ele>
      </trkpt>
      <trkpt lat="34.057980000" lon="-111.531410000">
        <ele>1437</ele>
      </trkpt>
      <trkpt lat="34.058080000" lon="-111.531370000">
        <ele>1438</ele>
      </trkpt>
      <trkpt lat="34.058300000" lon="-111.531210000">
        <ele>1440</ele>
      </trkpt>
      <trkpt lat="34.058570000" lon="-111.530780000">
        <ele>1450</ele>
      </trkpt>
      <trkpt lat="34.058730000" lon="-111.530640000">
        <ele>1453</ele>
      </trkpt>
      <trkpt lat="34.058860000" lon="-111.530470000">
        <ele>1450</ele>
      </trkpt>
      <trkpt lat="34.058920000" lon="-111.530120000">
        <ele>1448</ele>
      </trkpt>
      <trkpt lat="34.058860000" lon="-111.529750000">
        <ele>1449</ele>
      </trkpt>
      <trkpt lat="34.058870000" lon="-111.529700000">
        <ele>1448</ele>
      </trkpt>
      <trkpt lat="34.058910000" lon="-111.529670000">
        <ele>1447</ele>
      </trkpt>
      <trkpt lat="34.058960000" lon="-111.529500000">
        <ele>1448</ele>
      </trkpt>
      <trkpt lat="34.058950000" lon="-111.529210000">
        <ele>1450</ele>
      </trkpt>
      <trkpt lat="34.059000000" lon="-111.528980000">
        <ele>1448</ele>
      </trkpt>
      <trkpt lat="34.059030000" lon="-111.528930000">
        <ele>1448</ele>
      </trkpt>
      <trkpt lat="34.059080000" lon="-111.528940000">
        <ele>1447</ele>
      </trkpt>
      <trkpt lat="34.059170000" lon="-111.528890000">
        <ele>1447</ele>
      </trkpt>
      <trkpt lat="34.059220000" lon="-111.528790000">
        <ele>1450</ele>
      </trkpt>
      <trkpt lat="34.059290000" lon="-111.528730000">
        <ele>1450</ele>
      </trkpt>
      <trkpt lat="34.059310000" lon="-111.528680000">
        <ele>1450</ele>
      </trkpt>
      <trkpt lat="34.059300000" lon="-111.528630000">
        <ele>1451</ele>
      </trkpt>
      <trkpt lat="34.059250000" lon="-111.528610000">
        <ele>1452</ele>
      </trkpt>
      <trkpt lat="34.059300000" lon="-111.528510000">
        <ele>1453</ele>
      </trkpt>
      <trkpt lat="34.059420000" lon="-111.528420000">
        <ele>1452</ele>
      </trkpt>
      <trkpt lat="34.059470000" lon="-111.528320000">
        <ele>1453</ele>
      </trkpt>
      <trkpt lat="34.059460000" lon="-111.528270000">
        <ele>1454</ele>
      </trkpt>
      <trkpt lat="34.059480000" lon="-111.528330000">
        <ele>1453</ele>
      </trkpt>
      <trkpt lat="34.059530000" lon="-111.528330000">
        <ele>1452</ele>
      </trkpt>
      <trkpt lat="34.059570000" lon="-111.528290000">
        <ele>1452</ele>
      </trkpt>
      <trkpt lat="34.059620000" lon="-111.528290000">
        <ele>1451</ele>
      </trkpt>
      <trkpt lat="34.059710000" lon="-111.528240000">
        <ele>1452</ele>
      </trkpt>
      <trkpt lat="34.059750000" lon="-111.528270000">
        <ele>1450</ele>
      </trkpt>
      <trkpt lat="34.059780000" lon="-111.528220000">
        <ele>1451</ele>
      </trkpt>
      <trkpt lat="34.059830000" lon="-111.528190000">
        <ele>1451</ele>
      </trkpt>
      <trkpt lat="34.059920000" lon="-111.528190000">
        <ele>1451</ele>
      </trkpt>
      <trkpt lat="34.059930000" lon="-111.528240000">
        <ele>1450</ele>
      </trkpt>
      <trkpt lat="34.060010000" lon="-111.528310000">
        <ele>1448</ele>
      </trkpt>
      <trkpt lat="34.060050000" lon="-111.528290000">
        <ele>1448</ele>
      </trkpt>
      <trkpt lat="34.060180000" lon="-111.528180000">
        <ele>1451</ele>
      </trkpt>
      <trkpt lat="34.060260000" lon="-111.528240000">
        <ele>1450</ele>
      </trkpt>
      <trkpt lat="34.060310000" lon="-111.528250000">
        <ele>1450</ele>
      </trkpt>
      <trkpt lat="34.060350000" lon="-111.528220000">
        <ele>1451</ele>
      </trkpt>
      <trkpt lat="34.060460000" lon="-111.528230000">
        <ele>1451</ele>
      </trkpt>
      <trkpt lat="34.060740000" lon="-111.528090000">
        <ele>1451</ele>
      </trkpt>
      <trkpt lat="34.060780000" lon="-111.528130000">
        <ele>1451</ele>
      </trkpt>
      <trkpt lat="34.060830000" lon="-111.528130000">
        <ele>1451</ele>
      </trkpt>
      <trkpt lat="34.061010000" lon="-111.528040000">
        <ele>1452</ele>
      </trkpt>
      <trkpt lat="34.061160000" lon="-111.528040000">
        <ele>1452</ele>
      </trkpt>
      <trkpt lat="34.061500000" lon="-111.527930000">
        <ele>1457</ele>
      </trkpt>
      <trkpt lat="34.061540000" lon="-111.527940000">
        <ele>1457</ele>
      </trkpt>
      <trkpt lat="34.061580000" lon="-111.527990000">
        <ele>1456</ele>
      </trkpt>
      <trkpt lat="34.061670000" lon="-111.528030000">
        <ele>1457</ele>
      </trkpt>
      <trkpt lat="34.061730000" lon="-111.528020000">
        <ele>1457</ele>
      </trkpt>
      <trkpt lat="34.061870000" lon="-111.527940000">
        <ele>1459</ele>
      </trkpt>
      <trkpt lat="34.061910000" lon="-111.527840000">
        <ele>1461</ele>
      </trkpt>
      <trkpt lat="34.061890000" lon="-111.527670000">
        <ele>1463</ele>
      </trkpt>
      <trkpt lat="34.061960000" lon="-111.527570000">
        <ele>1464</ele>
      </trkpt>
      <trkpt lat="34.062050000" lon="-111.527520000">
        <ele>1465</ele>
      </trkpt>
      <trkpt lat="34.062170000" lon="-111.527410000">
        <ele>1468</ele>
      </trkpt>
      <trkpt lat="34.062280000" lon="-111.527400000">
        <ele>1469</ele>
      </trkpt>
      <trkpt lat="34.062320000" lon="-111.527360000">
        <ele>1470</ele>
      </trkpt>
      <trkpt lat="34.062360000" lon="-111.527350000">
        <ele>1470</ele>
      </trkpt>
      <trkpt lat="34.062450000" lon="-111.527210000">
        <ele>1473</ele>
      </trkpt>
      <trkpt lat="34.062440000" lon="-111.527140000">
        <ele>1474</ele>
      </trkpt>
      <trkpt lat="34.062490000" lon="-111.527040000">
        <ele>1475</ele>
      </trkpt>
      <trkpt lat="34.062480000" lon="-111.526920000">
        <ele>1475</ele>
      </trkpt>
      <trkpt lat="34.062430000" lon="-111.526830000">
        <ele>1475</ele>
      </trkpt>
      <trkpt lat="34.062340000" lon="-111.526560000">
        <ele>1475</ele>
      </trkpt>
      <trkpt lat="34.062330000" lon="-111.526430000">
        <ele>1477</ele>
      </trkpt>
      <trkpt lat="34.062250000" lon="-111.526350000">
        <ele>1479</ele>
      </trkpt>
      <trkpt lat="34.062290000" lon="-111.526310000">
        <ele>1480</ele>
      </trkpt>
      <trkpt lat="34.062270000" lon="-111.526130000">
        <ele>1484</ele>
      </trkpt>
      <trkpt lat="34.062330000" lon="-111.525840000">
        <ele>1486</ele>
      </trkpt>
      <trkpt lat="34.062350000" lon="-111.525660000">
        <ele>1489</ele>
      </trkpt>
      <trkpt lat="34.062330000" lon="-111.525530000">
        <ele>1493</ele>
      </trkpt>
      <trkpt lat="34.062360000" lon="-111.525350000">
        <ele>1495</ele>
      </trkpt>
      <trkpt lat="34.062330000" lon="-111.525130000">
        <ele>1498</ele>
      </trkpt>
      <trkpt lat="34.062300000" lon="-111.525020000">
        <ele>1499</ele>
      </trkpt>
      <trkpt lat="34.062260000" lon="-111.524980000">
        <ele>1499</ele>
      </trkpt>
      <trkpt lat="34.062260000" lon="-111.524860000">
        <ele>1501</ele>
      </trkpt>
      <trkpt lat="34.062340000" lon="-111.524800000">
        <ele>1501</ele>
      </trkpt>
      <trkpt lat="34.062410000" lon="-111.524590000">
        <ele>1504</ele>
      </trkpt>
      <trkpt lat="34.062460000" lon="-111.524560000">
        <ele>1504</ele>
      </trkpt>
      <trkpt lat="34.062480000" lon="-111.524270000">
        <ele>1508</ele>
      </trkpt>
      <trkpt lat="34.062550000" lon="-111.524170000">
        <ele>1508</ele>
      </trkpt>
      <trkpt lat="34.062590000" lon="-111.524060000">
        <ele>1508</ele>
      </trkpt>
      <trkpt lat="34.062720000" lon="-111.524020000">
        <ele>1508</ele>
      </trkpt>
      <trkpt lat="34.062800000" lon="-111.523940000">
        <ele>1507</ele>
      </trkpt>
      <trkpt lat="34.062900000" lon="-111.523910000">
        <ele>1506</ele>
      </trkpt>
      <trkpt lat="34.062930000" lon="-111.523860000">
        <ele>1505</ele>
      </trkpt>
      <trkpt lat="34.062930000" lon="-111.523800000">
        <ele>1505</ele>
      </trkpt>
      <trkpt lat="34.063050000" lon="-111.523710000">
        <ele>1503</ele>
      </trkpt>
      <trkpt lat="34.063070000" lon="-111.523580000">
        <ele>1501</ele>
      </trkpt>
      <trkpt lat="34.063040000" lon="-111.523390000">
        <ele>1501</ele>
      </trkpt>
      <trkpt lat="34.063010000" lon="-111.523350000">
        <ele>1501</ele>
      </trkpt>
      <trkpt lat="34.062910000" lon="-111.523350000">
        <ele>1502</ele>
      </trkpt>
      <trkpt lat="34.062720000" lon="-111.523320000">
        <ele>1504</ele>
      </trkpt>
      <trkpt lat="34.062680000" lon="-111.523280000">
        <ele>1504</ele>
      </trkpt>
      <trkpt lat="34.062680000" lon="-111.523170000">
        <ele>1504</ele>
      </trkpt>
      <trkpt lat="34.062650000" lon="-111.523110000">
        <ele>1504</ele>
      </trkpt>
      <trkpt lat="34.062590000" lon="-111.523090000">
        <ele>1504</ele>
      </trkpt>
      <trkpt lat="34.062610000" lon="-111.522800000">
        <ele>1504</ele>
      </trkpt>
      <trkpt lat="34.062590000" lon="-111.522750000">
        <ele>1504</ele>
      </trkpt>
      <trkpt lat="34.062550000" lon="-111.522710000">
        <ele>1504</ele>
      </trkpt>
      <trkpt lat="34.062550000" lon="-111.522600000">
        <ele>1503</ele>
      </trkpt>
      <trkpt lat="34.062510000" lon="-111.522560000">
        <ele>1503</ele>
      </trkpt>
      <trkpt lat="34.062560000" lon="-111.522530000">
        <ele>1503</ele>
      </trkpt>
      <trkpt lat="34.062570000" lon="-111.522470000">
        <ele>1502</ele>
      </trkpt>
      <trkpt lat="34.062500000" lon="-111.522320000">
        <ele>1499</ele>
      </trkpt>
      <trkpt lat="34.062550000" lon="-111.522220000">
        <ele>1495</ele>
      </trkpt>
      <trkpt lat="34.062550000" lon="-111.522150000">
        <ele>1493</ele>
      </trkpt>
      <trkpt lat="34.062510000" lon="-111.522120000">
        <ele>1492</ele>
      </trkpt>
      <trkpt lat="34.062470000" lon="-111.521820000">
        <ele>1495</ele>
      </trkpt>
      <trkpt lat="34.062470000" lon="-111.521520000">
        <ele>1502</ele>
      </trkpt>
      <trkpt lat="34.062510000" lon="-111.521410000">
        <ele>1502</ele>
      </trkpt>
      <trkpt lat="34.062440000" lon="-111.521320000">
        <ele>1506</ele>
      </trkpt>
      <trkpt lat="34.062390000" lon="-111.521330000">
        <ele>1508</ele>
      </trkpt>
      <trkpt lat="34.062330000" lon="-111.521240000">
        <ele>1511</ele>
      </trkpt>
      <trkpt lat="34.062280000" lon="-111.521250000">
        <ele>1512</ele>
      </trkpt>
      <trkpt lat="34.062240000" lon="-111.521220000">
        <ele>1514</ele>
      </trkpt>
      <trkpt lat="34.062230000" lon="-111.521110000">
        <ele>1515</ele>
      </trkpt>
      <trkpt lat="34.062160000" lon="-111.520950000">
        <ele>1518</ele>
      </trkpt>
      <trkpt lat="34.062100000" lon="-111.520860000">
        <ele>1519</ele>
      </trkpt>
      <trkpt lat="34.062010000" lon="-111.520810000">
        <ele>1521</ele>
      </trkpt>
      <trkpt lat="34.061930000" lon="-111.520600000">
        <ele>1524</ele>
      </trkpt>
      <trkpt lat="34.062010000" lon="-111.520530000">
        <ele>1524</ele>
      </trkpt>
      <trkpt lat="34.062020000" lon="-111.520470000">
        <ele>1525</ele>
      </trkpt>
      <trkpt lat="34.062090000" lon="-111.520370000">
        <ele>1525</ele>
      </trkpt>
      <trkpt lat="34.062190000" lon="-111.520370000">
        <ele>1523</ele>
      </trkpt>
      <trkpt lat="34.062280000" lon="-111.520330000">
        <ele>1522</ele>
      </trkpt>
      <trkpt lat="34.062340000" lon="-111.520260000">
        <ele>1523</ele>
      </trkpt>
      <trkpt lat="34.062340000" lon="-111.520200000">
        <ele>1523</ele>
      </trkpt>
      <trkpt lat="34.062430000" lon="-111.520220000">
        <ele>1523</ele>
      </trkpt>
      <trkpt lat="34.062570000" lon="-111.520150000">
        <ele>1523</ele>
      </trkpt>
      <trkpt lat="34.062700000" lon="-111.519960000">
        <ele>1523</ele>
      </trkpt>
      <trkpt lat="34.062860000" lon="-111.519820000">
        <ele>1519</ele>
      </trkpt>
      <trkpt lat="34.062930000" lon="-111.519660000">
        <ele>1523</ele>
      </trkpt>
      <trkpt lat="34.062970000" lon="-111.519630000">
        <ele>1523</ele>
      </trkpt>
      <trkpt lat="34.063170000" lon="-111.519600000">
        <ele>1521</ele>
      </trkpt>
      <trkpt lat="34.063280000" lon="-111.519560000">
        <ele>1521</ele>
      </trkpt>
      <trkpt lat="34.063510000" lon="-111.519410000">
        <ele>1521</ele>
      </trkpt>
      <trkpt lat="34.064010000" lon="-111.519310000">
        <ele>1516</ele>
      </trkpt>
      <trkpt lat="34.064060000" lon="-111.519290000">
        <ele>1516</ele>
      </trkpt>
      <trkpt lat="34.064070000" lon="-111.519230000">
        <ele>1518</ele>
      </trkpt>
      <trkpt lat="34.064120000" lon="-111.519250000">
        <ele>1517</ele>
      </trkpt>
      <trkpt lat="34.064260000" lon="-111.519210000">
        <ele>1516</ele>
      </trkpt>
      <trkpt lat="34.064360000" lon="-111.519240000">
        <ele>1515</ele>
      </trkpt>
      <trkpt lat="34.064500000" lon="-111.519230000">
        <ele>1515</ele>
      </trkpt>
      <trkpt lat="34.064540000" lon="-111.519260000">
        <ele>1515</ele>
      </trkpt>
      <trkpt lat="34.064590000" lon="-111.519230000">
        <ele>1515</ele>
      </trkpt>
      <trkpt lat="34.064740000" lon="-111.519240000">
        <ele>1514</ele>
      </trkpt>
      <trkpt lat="34.064820000" lon="-111.519300000">
        <ele>1514</ele>
      </trkpt>
      <trkpt lat="34.064860000" lon="-111.519300000">
        <ele>1515</ele>
      </trkpt>
      <trkpt lat="34.064900000" lon="-111.519260000">
        <ele>1514</ele>
      </trkpt>
      <trkpt lat="34.064850000" lon="-111.519250000">
        <ele>1514</ele>
      </trkpt>
      <trkpt lat="34.064880000" lon="-111.519310000">
        <ele>1515</ele>
      </trkpt>
      <trkpt lat="34.065000000" lon="-111.519410000">
        <ele>1514</ele>
      </trkpt>
      <trkpt lat="34.065000000" lon="-111.519460000">
        <ele>1514</ele>
      </trkpt>
      <trkpt lat="34.065170000" lon="-111.519580000">
        <ele>1514</ele>
      </trkpt>
      <trkpt lat="34.065260000" lon="-111.519680000">
        <ele>1514</ele>
      </trkpt>
      <trkpt lat="34.065300000" lon="-111.519780000">
        <ele>1514</ele>
      </trkpt>
      <trkpt lat="34.065330000" lon="-111.519820000">
        <ele>1514</ele>
      </trkpt>
      <trkpt lat="34.065380000" lon="-111.519810000">
        <ele>1514</ele>
      </trkpt>
      <trkpt lat="34.065430000" lon="-111.519780000">
        <ele>1514</ele>
      </trkpt>
      <trkpt lat="34.065530000" lon="-111.519790000">
        <ele>1514</ele>
      </trkpt>
      <trkpt lat="34.065620000" lon="-111.519750000">
        <ele>1513</ele>
      </trkpt>
      <trkpt lat="34.065660000" lon="-111.519700000">
        <ele>1513</ele>
      </trkpt>
      <trkpt lat="34.065650000" lon="-111.519630000">
        <ele>1512</ele>
      </trkpt>
      <trkpt lat="34.065520000" lon="-111.519470000">
        <ele>1512</ele>
      </trkpt>
      <trkpt lat="34.065490000" lon="-111.519440000">
        <ele>1512</ele>
      </trkpt>
      <trkpt lat="34.065440000" lon="-111.519440000">
        <ele>1513</ele>
      </trkpt>
      <trkpt lat="34.065530000" lon="-111.519400000">
        <ele>1512</ele>
      </trkpt>
      <trkpt lat="34.065630000" lon="-111.519390000">
        <ele>1511</ele>
      </trkpt>
      <trkpt lat="34.065710000" lon="-111.519330000">
        <ele>1510</ele>
      </trkpt>
      <trkpt lat="34.065730000" lon="-111.519260000">
        <ele>1509</ele>
      </trkpt>
      <trkpt lat="34.065800000" lon="-111.519180000">
        <ele>1506</ele>
      </trkpt>
      <trkpt lat="34.065880000" lon="-111.518950000">
        <ele>1499</ele>
      </trkpt>
      <trkpt lat="34.065990000" lon="-111.518810000">
        <ele>1498</ele>
      </trkpt>
      <trkpt lat="34.066040000" lon="-111.518700000">
        <ele>1497</ele>
      </trkpt>
      <trkpt lat="34.066160000" lon="-111.518510000">
        <ele>1494</ele>
      </trkpt>
      <trkpt lat="34.066180000" lon="-111.518370000">
        <ele>1491</ele>
      </trkpt>
      <trkpt lat="34.066150000" lon="-111.518310000">
        <ele>1489</ele>
      </trkpt>
      <trkpt lat="34.066010000" lon="-111.518240000">
        <ele>1486</ele>
      </trkpt>
      <trkpt lat="34.065980000" lon="-111.518190000">
        <ele>1485</ele>
      </trkpt>
      <trkpt lat="34.066020000" lon="-111.518020000">
        <ele>1480</ele>
      </trkpt>
      <trkpt lat="34.066000000" lon="-111.517950000">
        <ele>1478</ele>
      </trkpt>
      <trkpt lat="34.065960000" lon="-111.517930000">
        <ele>1477</ele>
      </trkpt>
      <trkpt lat="34.065980000" lon="-111.517880000">
        <ele>1475</ele>
      </trkpt>
      <trkpt lat="34.066070000" lon="-111.517840000">
        <ele>1475</ele>
      </trkpt>
      <trkpt lat="34.066230000" lon="-111.517710000">
        <ele>1474</ele>
      </trkpt>
      <trkpt lat="34.066280000" lon="-111.517570000">
        <ele>1471</ele>
      </trkpt>
      <trkpt lat="34.066360000" lon="-111.517500000">
        <ele>1469</ele>
      </trkpt>
      <trkpt lat="34.066390000" lon="-111.517430000">
        <ele>1466</ele>
      </trkpt>
      <trkpt lat="34.066440000" lon="-111.517420000">
        <ele>1465</ele>
      </trkpt>
      <trkpt lat="34.066480000" lon="-111.517310000">
        <ele>1462</ele>
      </trkpt>
      <trkpt lat="34.066670000" lon="-111.517240000">
        <ele>1460</ele>
      </trkpt>
      <trkpt lat="34.066920000" lon="-111.517260000">
        <ele>1457</ele>
      </trkpt>
      <trkpt lat="34.067000000" lon="-111.517210000">
        <ele>1454</ele>
      </trkpt>
      <trkpt lat="34.067110000" lon="-111.517200000">
        <ele>1451</ele>
      </trkpt>
      <trkpt lat="34.067160000" lon="-111.517220000">
        <ele>1451</ele>
      </trkpt>
      <trkpt lat="34.067250000" lon="-111.517200000">
        <ele>1450</ele>
      </trkpt>
      <trkpt lat="34.067600000" lon="-111.517290000">
        <ele>1451</ele>
      </trkpt>
      <trkpt lat="34.067740000" lon="-111.517210000">
        <ele>1461</ele>
      </trkpt>
      <trkpt lat="34.067900000" lon="-111.517190000">
        <ele>1467</ele>
      </trkpt>
      <trkpt lat="34.067890000" lon="-111.517140000">
        <ele>1470</ele>
      </trkpt>
      <trkpt lat="34.067950000" lon="-111.517140000">
        <ele>1471</ele>
      </trkpt>
      <trkpt lat="34.067970000" lon="-111.517090000">
        <ele>1473</ele>
      </trkpt>
      <trkpt lat="34.068020000" lon="-111.517070000">
        <ele>1475</ele>
      </trkpt>
      <trkpt lat="34.068150000" lon="-111.517120000">
        <ele>1474</ele>
      </trkpt>
      <trkpt lat="34.068140000" lon="-111.517060000">
        <ele>1477</ele>
      </trkpt>
      <trkpt lat="34.068170000" lon="-111.517020000">
        <ele>1478</ele>
      </trkpt>
      <trkpt lat="34.068220000" lon="-111.517030000">
        <ele>1478</ele>
      </trkpt>
      <trkpt lat="34.068310000" lon="-111.516990000">
        <ele>1479</ele>
      </trkpt>
      <trkpt lat="34.068390000" lon="-111.516880000">
        <ele>1482</ele>
      </trkpt>
      <trkpt lat="34.068350000" lon="-111.516920000">
        <ele>1481</ele>
      </trkpt>
      <trkpt lat="34.068400000" lon="-111.516900000">
        <ele>1481</ele>
      </trkpt>
      <trkpt lat="34.068370000" lon="-111.516960000">
        <ele>1480</ele>
      </trkpt>
      <trkpt lat="34.068330000" lon="-111.516950000">
        <ele>1480</ele>
      </trkpt>
      <trkpt lat="34.068490000" lon="-111.516780000">
        <ele>1483</ele>
      </trkpt>
      <trkpt lat="34.068550000" lon="-111.516540000">
        <ele>1479</ele>
      </trkpt>
      <trkpt lat="34.068640000" lon="-111.516360000">
        <ele>1473</ele>
      </trkpt>
      <trkpt lat="34.068780000" lon="-111.516190000">
        <ele>1472</ele>
      </trkpt>
      <trkpt lat="34.068890000" lon="-111.516150000">
        <ele>1469</ele>
      </trkpt>
      <trkpt lat="34.068940000" lon="-111.516050000">
        <ele>1472</ele>
      </trkpt>
      <trkpt lat="34.068960000" lon="-111.515930000">
        <ele>1475</ele>
      </trkpt>
      <trkpt lat="34.069050000" lon="-111.515720000">
        <ele>1475</ele>
      </trkpt>
      <trkpt lat="34.069010000" lon="-111.515550000">
        <ele>1480</ele>
      </trkpt>
      <trkpt lat="34.069030000" lon="-111.515320000">
        <ele>1475</ele>
      </trkpt>
      <trkpt lat="34.069020000" lon="-111.515260000">
        <ele>1476</ele>
      </trkpt>
      <trkpt lat="34.068980000" lon="-111.515220000">
        <ele>1477</ele>
      </trkpt>
      <trkpt lat="34.069050000" lon="-111.514900000">
        <ele>1474</ele>
      </trkpt>
      <trkpt lat="34.069090000" lon="-111.514860000">
        <ele>1472</ele>
      </trkpt>
      <trkpt lat="34.069140000" lon="-111.514860000">
        <ele>1471</ele>
      </trkpt>
      <trkpt lat="34.069240000" lon="-111.514750000">
        <ele>1465</ele>
      </trkpt>
      <trkpt lat="34.069250000" lon="-111.514670000">
        <ele>1463</ele>
      </trkpt>
      <trkpt lat="34.069240000" lon="-111.514370000">
        <ele>1456</ele>
      </trkpt>
      <trkpt lat="34.069300000" lon="-111.514290000">
        <ele>1452</ele>
      </trkpt>
      <trkpt lat="34.069330000" lon="-111.514180000">
        <ele>1448</ele>
      </trkpt>
      <trkpt lat="34.069370000" lon="-111.514140000">
        <ele>1446</ele>
      </trkpt>
      <trkpt lat="34.069460000" lon="-111.514110000">
        <ele>1442</ele>
      </trkpt>
      <trkpt lat="34.069510000" lon="-111.513950000">
        <ele>1438</ele>
      </trkpt>
      <trkpt lat="34.069490000" lon="-111.513900000">
        <ele>1438</ele>
      </trkpt>
      <trkpt lat="34.069500000" lon="-111.513840000">
        <ele>1436</ele>
      </trkpt>
      <trkpt lat="34.069580000" lon="-111.513670000">
        <ele>1431</ele>
      </trkpt>
      <trkpt lat="34.069660000" lon="-111.513590000">
        <ele>1429</ele>
      </trkpt>
      <trkpt lat="34.069790000" lon="-111.513510000">
        <ele>1424</ele>
      </trkpt>
      <trkpt lat="34.069810000" lon="-111.513440000">
        <ele>1423</ele>
      </trkpt>
      <trkpt lat="34.069570000" lon="-111.513340000">
        <ele>1421</ele>
      </trkpt>
      <trkpt lat="34.069530000" lon="-111.513370000">
        <ele>1422</ele>
      </trkpt>
      <trkpt lat="34.069510000" lon="-111.513320000">
        <ele>1420</ele>
      </trkpt>
      <trkpt lat="34.069540000" lon="-111.513200000">
        <ele>1416</ele>
      </trkpt>
      <trkpt lat="34.069560000" lon="-111.513150000">
        <ele>1415</ele>
      </trkpt>
      <trkpt lat="34.069630000" lon="-111.513080000">
        <ele>1414</ele>
      </trkpt>
      <trkpt lat="34.069670000" lon="-111.512990000">
        <ele>1411</ele>
      </trkpt>
      <trkpt lat="34.069850000" lon="-111.512780000">
        <ele>1404</ele>
      </trkpt>
      <trkpt lat="34.069890000" lon="-111.512680000">
        <ele>1399</ele>
      </trkpt>
      <trkpt lat="34.069980000" lon="-111.512590000">
        <ele>1396</ele>
      </trkpt>
      <trkpt lat="34.070000000" lon="-111.512460000">
        <ele>1392</ele>
      </trkpt>
      <trkpt lat="34.069980000" lon="-111.512350000">
        <ele>1388</ele>
      </trkpt>
      <trkpt lat="34.070000000" lon="-111.512240000">
        <ele>1382</ele>
      </trkpt>
      <trkpt lat="34.070040000" lon="-111.512200000">
        <ele>1380</ele>
      </trkpt>
      <trkpt lat="34.070030000" lon="-111.512140000">
        <ele>1379</ele>
      </trkpt>
      <trkpt lat="34.070160000" lon="-111.512020000">
        <ele>1378</ele>
      </trkpt>
      <trkpt lat="34.070200000" lon="-111.511980000">
        <ele>1378</ele>
      </trkpt>
      <trkpt lat="34.070210000" lon="-111.511920000">
        <ele>1378</ele>
      </trkpt>
      <trkpt lat="34.070280000" lon="-111.511840000">
        <ele>1377</ele>
      </trkpt>
      <trkpt lat="34.070360000" lon="-111.511450000">
        <ele>1375</ele>
      </trkpt>
      <trkpt lat="34.070350000" lon="-111.511390000">
        <ele>1372</ele>
      </trkpt>
      <trkpt lat="34.070210000" lon="-111.511150000">
        <ele>1367</ele>
      </trkpt>
      <trkpt lat="34.070210000" lon="-111.511090000">
        <ele>1364</ele>
      </trkpt>
      <trkpt lat="34.070150000" lon="-111.511000000">
        <ele>1359</ele>
      </trkpt>
      <trkpt lat="34.070040000" lon="-111.510900000">
        <ele>1356</ele>
      </trkpt>
      <trkpt lat="34.070040000" lon="-111.510770000">
        <ele>1348</ele>
      </trkpt>
      <trkpt lat="34.069850000" lon="-111.510600000">
        <ele>1337</ele>
      </trkpt>
      <trkpt lat="34.069720000" lon="-111.510520000">
        <ele>1343</ele>
      </trkpt>
      <trkpt lat="34.069710000" lon="-111.510420000">
        <ele>1337</ele>
      </trkpt>
      <trkpt lat="34.069630000" lon="-111.510350000">
        <ele>1338</ele>
      </trkpt>
      <trkpt lat="34.069580000" lon="-111.510330000">
        <ele>1342</ele>
      </trkpt>
      <trkpt lat="34.069610000" lon="-111.510290000">
        <ele>1337</ele>
      </trkpt>
      <trkpt lat="34.069570000" lon="-111.510260000">
        <ele>1341</ele>
      </trkpt>
      <trkpt lat="34.069500000" lon="-111.509970000">
        <ele>1331</ele>
      </trkpt>
      <trkpt lat="34.069520000" lon="-111.509730000">
        <ele>1324</ele>
      </trkpt>
      <trkpt lat="34.069480000" lon="-111.509620000">
        <ele>1324</ele>
      </trkpt>
      <trkpt lat="34.069470000" lon="-111.509430000">
        <ele>1317</ele>
      </trkpt>
      <trkpt lat="34.069420000" lon="-111.509330000">
        <ele>1316</ele>
      </trkpt>
      <trkpt lat="34.069250000" lon="-111.509130000">
        <ele>1319</ele>
      </trkpt>
      <trkpt lat="34.069200000" lon="-111.509110000">
        <ele>1319</ele>
      </trkpt>
      <trkpt lat="34.069180000" lon="-111.509060000">
        <ele>1320</ele>
      </trkpt>
      <trkpt lat="34.069140000" lon="-111.509050000">
        <ele>1321</ele>
      </trkpt>
      <trkpt lat="34.069090000" lon="-111.509080000">
        <ele>1321</ele>
      </trkpt>
      <trkpt lat="34.069090000" lon="-111.509140000">
        <ele>1322</ele>
      </trkpt>
      <trkpt lat="34.069310000" lon="-111.509190000">
        <ele>1318</ele>
      </trkpt>
      <trkpt lat="34.069350000" lon="-111.509170000">
        <ele>1318</ele>
      </trkpt>
      <trkpt lat="34.069450000" lon="-111.509200000">
        <ele>1319</ele>
      </trkpt>
      <trkpt lat="34.069500000" lon="-111.509190000">
        <ele>1320</ele>
      </trkpt>
      <trkpt lat="34.069500000" lon="-111.509070000">
        <ele>1327</ele>
      </trkpt>
      <trkpt lat="34.069600000" lon="-111.509050000">
        <ele>1332</ele>
      </trkpt>
      <trkpt lat="34.069640000" lon="-111.509060000">
        <ele>1333</ele>
      </trkpt>
      <trkpt lat="34.069630000" lon="-111.509010000">
        <ele>1336</ele>
      </trkpt>
      <trkpt lat="34.069680000" lon="-111.508990000">
        <ele>1339</ele>
      </trkpt>
      <trkpt lat="34.069740000" lon="-111.508900000">
        <ele>1346</ele>
      </trkpt>
      <trkpt lat="34.069790000" lon="-111.508910000">
        <ele>1348</ele>
      </trkpt>
      <trkpt lat="34.069770000" lon="-111.508960000">
        <ele>1344</ele>
      </trkpt>
      <trkpt lat="34.069820000" lon="-111.508970000">
        <ele>1347</ele>
      </trkpt>
      <trkpt lat="34.069950000" lon="-111.509060000">
        <ele>1349</ele>
      </trkpt>
      <trkpt lat="34.069990000" lon="-111.509050000">
        <ele>1351</ele>
      </trkpt>
      <trkpt lat="34.070040000" lon="-111.509070000">
        <ele>1353</ele>
      </trkpt>
      <trkpt lat="34.070180000" lon="-111.509030000">
        <ele>1360</ele>
      </trkpt>
      <trkpt lat="34.070260000" lon="-111.509080000">
        <ele>1359</ele>
      </trkpt>
      <trkpt lat="34.070450000" lon="-111.509080000">
        <ele>1352</ele>
      </trkpt>
      <trkpt lat="34.070540000" lon="-111.509100000">
        <ele>1346</ele>
      </trkpt>
      <trkpt lat="34.070500000" lon="-111.509130000">
        <ele>1343</ele>
      </trkpt>
      <trkpt lat="34.070520000" lon="-111.509230000">
        <ele>1340</ele>
      </trkpt>
      <trkpt lat="34.070580000" lon="-111.509310000">
        <ele>1345</ele>
      </trkpt>
      <trkpt lat="34.070650000" lon="-111.509580000">
        <ele>1357</ele>
      </trkpt>
      <trkpt lat="34.070760000" lon="-111.509780000">
        <ele>1363</ele>
      </trkpt>
      <trkpt lat="34.070790000" lon="-111.509810000">
        <ele>1365</ele>
      </trkpt>
      <trkpt lat="34.070890000" lon="-111.509780000">
        <ele>1370</ele>
      </trkpt>
      <trkpt lat="34.070980000" lon="-111.509840000">
        <ele>1372</ele>
      </trkpt>
      <trkpt lat="34.071080000" lon="-111.509850000">
        <ele>1375</ele>
      </trkpt>
      <trkpt lat="34.071180000" lon="-111.509820000">
        <ele>1380</ele>
      </trkpt>
      <trkpt lat="34.071320000" lon="-111.509850000">
        <ele>1383</ele>
      </trkpt>
      <trkpt lat="34.071370000" lon="-111.509830000">
        <ele>1385</ele>
      </trkpt>
      <trkpt lat="34.071410000" lon="-111.509860000">
        <ele>1384</ele>
      </trkpt>
      <trkpt lat="34.071480000" lon="-111.510020000">
        <ele>1376</ele>
      </trkpt>
      <trkpt lat="34.071510000" lon="-111.510320000">
        <ele>1373</ele>
      </trkpt>
      <trkpt lat="34.071570000" lon="-111.510390000">
        <ele>1377</ele>
      </trkpt>
      <trkpt lat="34.071650000" lon="-111.510360000">
        <ele>1381</ele>
      </trkpt>
      <trkpt lat="34.071690000" lon="-111.510380000">
        <ele>1383</ele>
      </trkpt>
      <trkpt lat="34.071740000" lon="-111.510380000">
        <ele>1385</ele>
      </trkpt>
      <trkpt lat="34.071810000" lon="-111.510140000">
        <ele>1394</ele>
      </trkpt>
      <trkpt lat="34.071900000" lon="-111.510100000">
        <ele>1401</ele>
      </trkpt>
      <trkpt lat="34.071900000" lon="-111.510040000">
        <ele>1404</ele>
      </trkpt>
      <trkpt lat="34.072050000" lon="-111.510040000">
        <ele>1411</ele>
      </trkpt>
      <trkpt lat="34.072090000" lon="-111.509930000">
        <ele>1416</ele>
      </trkpt>
      <trkpt lat="34.072140000" lon="-111.509890000">
        <ele>1419</ele>
      </trkpt>
      <trkpt lat="34.072160000" lon="-111.509780000">
        <ele>1424</ele>
      </trkpt>
      <trkpt lat="34.072210000" lon="-111.509760000">
        <ele>1426</ele>
      </trkpt>
      <trkpt lat="34.072230000" lon="-111.509630000">
        <ele>1430</ele>
      </trkpt>
      <trkpt lat="34.072180000" lon="-111.509600000">
        <ele>1430</ele>
      </trkpt>
      <trkpt lat="34.072180000" lon="-111.509470000">
        <ele>1433</ele>
      </trkpt>
      <trkpt lat="34.072220000" lon="-111.509310000">
        <ele>1441</ele>
      </trkpt>
      <trkpt lat="34.072190000" lon="-111.509200000">
        <ele>1445</ele>
      </trkpt>
      <trkpt lat="34.072230000" lon="-111.509160000">
        <ele>1448</ele>
      </trkpt>
      <trkpt lat="34.072260000" lon="-111.509040000">
        <ele>1453</ele>
      </trkpt>
      <trkpt lat="34.072400000" lon="-111.508880000">
        <ele>1463</ele>
      </trkpt>
      <trkpt lat="34.072370000" lon="-111.508830000">
        <ele>1464</ele>
      </trkpt>
      <trkpt lat="34.072410000" lon="-111.508780000">
        <ele>1467</ele>
      </trkpt>
      <trkpt lat="34.072410000" lon="-111.508730000">
        <ele>1469</ele>
      </trkpt>
      <trkpt lat="34.072450000" lon="-111.508710000">
        <ele>1472</ele>
      </trkpt>
      <trkpt lat="34.072470000" lon="-111.508650000">
        <ele>1474</ele>
      </trkpt>
      <trkpt lat="34.072570000" lon="-111.508640000">
        <ele>1479</ele>
      </trkpt>
      <trkpt lat="34.072610000" lon="-111.508620000">
        <ele>1482</ele>
      </trkpt>
      <trkpt lat="34.072590000" lon="-111.508440000">
        <ele>1486</ele>
      </trkpt>
      <trkpt lat="34.072630000" lon="-111.508420000">
        <ele>1488</ele>
      </trkpt>
      <trkpt lat="34.072650000" lon="-111.508190000">
        <ele>1493</ele>
      </trkpt>
      <trkpt lat="34.072680000" lon="-111.508030000">
        <ele>1497</ele>
      </trkpt>
      <trkpt lat="34.072750000" lon="-111.507940000">
        <ele>1500</ele>
      </trkpt>
      <trkpt lat="34.072930000" lon="-111.507840000">
        <ele>1505</ele>
      </trkpt>
      <trkpt lat="34.073050000" lon="-111.507720000">
        <ele>1510</ele>
      </trkpt>
      <trkpt lat="34.073220000" lon="-111.507600000">
        <ele>1516</ele>
      </trkpt>
      <trkpt lat="34.073290000" lon="-111.507500000">
        <ele>1520</ele>
      </trkpt>
      <trkpt lat="34.073290000" lon="-111.507450000">
        <ele>1521</ele>
      </trkpt>
      <trkpt lat="34.073370000" lon="-111.507390000">
        <ele>1524</ele>
      </trkpt>
      <trkpt lat="34.073410000" lon="-111.507120000">
        <ele>1531</ele>
      </trkpt>
      <trkpt lat="34.073320000" lon="-111.506640000">
        <ele>1534</ele>
      </trkpt>
      <trkpt lat="34.073380000" lon="-111.506540000">
        <ele>1537</ele>
      </trkpt>
      <trkpt lat="34.073400000" lon="-111.506420000">
        <ele>1539</ele>
      </trkpt>
      <trkpt lat="34.073440000" lon="-111.506370000">
        <ele>1541</ele>
      </trkpt>
      <trkpt lat="34.073480000" lon="-111.506350000">
        <ele>1543</ele>
      </trkpt>
      <trkpt lat="34.073490000" lon="-111.506300000">
        <ele>1544</ele>
      </trkpt>
      <trkpt lat="34.073540000" lon="-111.505940000">
        <ele>1546</ele>
      </trkpt>
      <trkpt lat="34.073520000" lon="-111.505700000">
        <ele>1549</ele>
      </trkpt>
      <trkpt lat="34.073570000" lon="-111.505470000">
        <ele>1553</ele>
      </trkpt>
      <trkpt lat="34.073580000" lon="-111.505300000">
        <ele>1552</ele>
      </trkpt>
      <trkpt lat="34.073570000" lon="-111.505050000">
        <ele>1552</ele>
      </trkpt>
      <trkpt lat="34.073520000" lon="-111.504690000">
        <ele>1556</ele>
      </trkpt>
      <trkpt lat="34.073470000" lon="-111.504510000">
        <ele>1557</ele>
      </trkpt>
      <trkpt lat="34.073450000" lon="-111.504270000">
        <ele>1561</ele>
      </trkpt>
      <trkpt lat="34.073360000" lon="-111.504050000">
        <ele>1564</ele>
      </trkpt>
      <trkpt lat="34.073340000" lon="-111.503800000">
        <ele>1571</ele>
      </trkpt>
      <trkpt lat="34.073260000" lon="-111.503580000">
        <ele>1578</ele>
      </trkpt>
      <trkpt lat="34.073140000" lon="-111.503470000">
        <ele>1581</ele>
      </trkpt>
      <trkpt lat="34.073040000" lon="-111.503430000">
        <ele>1582</ele>
      </trkpt>
      <trkpt lat="34.072960000" lon="-111.503330000">
        <ele>1584</ele>
      </trkpt>
      <trkpt lat="34.072860000" lon="-111.503310000">
        <ele>1584</ele>
      </trkpt>
      <trkpt lat="34.072780000" lon="-111.503270000">
        <ele>1585</ele>
      </trkpt>
      <trkpt lat="34.072680000" lon="-111.503130000">
        <ele>1590</ele>
      </trkpt>
      <trkpt lat="34.072580000" lon="-111.503120000">
        <ele>1590</ele>
      </trkpt>
      <trkpt lat="34.072590000" lon="-111.503060000">
        <ele>1592</ele>
      </trkpt>
      <trkpt lat="34.072550000" lon="-111.503020000">
        <ele>1593</ele>
      </trkpt>
      <trkpt lat="34.072400000" lon="-111.503010000">
        <ele>1592</ele>
      </trkpt>
      <trkpt lat="34.072370000" lon="-111.502980000">
        <ele>1593</ele>
      </trkpt>
      <trkpt lat="34.072280000" lon="-111.502830000">
        <ele>1597</ele>
      </trkpt>
      <trkpt lat="34.072190000" lon="-111.502770000">
        <ele>1598</ele>
      </trkpt>
      <trkpt lat="34.072180000" lon="-111.502650000">
        <ele>1600</ele>
      </trkpt>
      <trkpt lat="34.072110000" lon="-111.502540000">
        <ele>1602</ele>
      </trkpt>
      <trkpt lat="34.072030000" lon="-111.502490000">
        <ele>1602</ele>
      </trkpt>
      <trkpt lat="34.071970000" lon="-111.502400000">
        <ele>1603</ele>
      </trkpt>
      <trkpt lat="34.071800000" lon="-111.502320000">
        <ele>1602</ele>
      </trkpt>
      <trkpt lat="34.071770000" lon="-111.502180000">
        <ele>1604</ele>
      </trkpt>
      <trkpt lat="34.071540000" lon="-111.501750000">
        <ele>1606</ele>
      </trkpt>
      <trkpt lat="34.071560000" lon="-111.501690000">
        <ele>1607</ele>
      </trkpt>
      <trkpt lat="34.071540000" lon="-111.501510000">
        <ele>1610</ele>
      </trkpt>
      <trkpt lat="34.071550000" lon="-111.501400000">
        <ele>1614</ele>
      </trkpt>
      <trkpt lat="34.071590000" lon="-111.501300000">
        <ele>1618</ele>
      </trkpt>
      <trkpt lat="34.071580000" lon="-111.501040000">
        <ele>1623</ele>
      </trkpt>
      <trkpt lat="34.071600000" lon="-111.500980000">
        <ele>1624</ele>
      </trkpt>
      <trkpt lat="34.071640000" lon="-111.500940000">
        <ele>1627</ele>
      </trkpt>
      <trkpt lat="34.071640000" lon="-111.500830000">
        <ele>1629</ele>
      </trkpt>
      <trkpt lat="34.071680000" lon="-111.500710000">
        <ele>1631</ele>
      </trkpt>
      <trkpt lat="34.071810000" lon="-111.500410000">
        <ele>1635</ele>
      </trkpt>
      <trkpt lat="34.071910000" lon="-111.500380000">
        <ele>1637</ele>
      </trkpt>
      <trkpt lat="34.072010000" lon="-111.500420000">
        <ele>1640</ele>
      </trkpt>
      <trkpt lat="34.072140000" lon="-111.500360000">
        <ele>1642</ele>
      </trkpt>
      <trkpt lat="34.072220000" lon="-111.500290000">
        <ele>1640</ele>
      </trkpt>
      <trkpt lat="34.072400000" lon="-111.500200000">
        <ele>1639</ele>
      </trkpt>
      <trkpt lat="34.072390000" lon="-111.500090000">
        <ele>1635</ele>
      </trkpt>
      <trkpt lat="34.072740000" lon="-111.500040000">
        <ele>1637</ele>
      </trkpt>
      <trkpt lat="34.072940000" lon="-111.499960000">
        <ele>1635</ele>
      </trkpt>
      <trkpt lat="34.073000000" lon="-111.499870000">
        <ele>1632</ele>
      </trkpt>
      <trkpt lat="34.073200000" lon="-111.499850000">
        <ele>1633</ele>
      </trkpt>
      <trkpt lat="34.073390000" lon="-111.499890000">
        <ele>1637</ele>
      </trkpt>
      <trkpt lat="34.073490000" lon="-111.499950000">
        <ele>1640</ele>
      </trkpt>
      <trkpt lat="34.073640000" lon="-111.499960000">
        <ele>1641</ele>
      </trkpt>
      <trkpt lat="34.073830000" lon="-111.500010000">
        <ele>1643</ele>
      </trkpt>
      <trkpt lat="34.073970000" lon="-111.500120000">
        <ele>1647</ele>
      </trkpt>
      <trkpt lat="34.073960000" lon="-111.500170000">
        <ele>1650</ele>
      </trkpt>
      <trkpt lat="34.074120000" lon="-111.500290000">
        <ele>1652</ele>
      </trkpt>
      <trkpt lat="34.074300000" lon="-111.500350000">
        <ele>1648</ele>
      </trkpt>
      <trkpt lat="34.074290000" lon="-111.500410000">
        <ele>1652</ele>
      </trkpt>
      <trkpt lat="34.074410000" lon="-111.500500000">
        <ele>1653</ele>
      </trkpt>
      <trkpt lat="34.074500000" lon="-111.500500000">
        <ele>1651</ele>
      </trkpt>
      <trkpt lat="34.074520000" lon="-111.500440000">
        <ele>1646</ele>
      </trkpt>
      <trkpt lat="34.074570000" lon="-111.500430000">
        <ele>1644</ele>
      </trkpt>
      <trkpt lat="34.074660000" lon="-111.500460000">
        <ele>1644</ele>
      </trkpt>
      <trkpt lat="34.074860000" lon="-111.500490000">
        <ele>1643</ele>
      </trkpt>
      <trkpt lat="34.075010000" lon="-111.500450000">
        <ele>1641</ele>
      </trkpt>
      <trkpt lat="34.075160000" lon="-111.500450000">
        <ele>1641</ele>
      </trkpt>
      <trkpt lat="34.075380000" lon="-111.500310000">
        <ele>1638</ele>
      </trkpt>
      <trkpt lat="34.075440000" lon="-111.500290000">
        <ele>1637</ele>
      </trkpt>
      <trkpt lat="34.075480000" lon="-111.500300000">
        <ele>1639</ele>
      </trkpt>
      <trkpt lat="34.075630000" lon="-111.500280000">
        <ele>1639</ele>
      </trkpt>
      <trkpt lat="34.075670000" lon="-111.500260000">
        <ele>1639</ele>
      </trkpt>
      <trkpt lat="34.075720000" lon="-111.500150000">
        <ele>1636</ele>
      </trkpt>
      <trkpt lat="34.075760000" lon="-111.500120000">
        <ele>1635</ele>
      </trkpt>
      <trkpt lat="34.076160000" lon="-111.499940000">
        <ele>1638</ele>
      </trkpt>
      <trkpt lat="34.076310000" lon="-111.499850000">
        <ele>1638</ele>
      </trkpt>
      <trkpt lat="34.076460000" lon="-111.499670000">
        <ele>1636</ele>
      </trkpt>
      <trkpt lat="34.076510000" lon="-111.499660000">
        <ele>1637</ele>
      </trkpt>
      <trkpt lat="34.076580000" lon="-111.499580000">
        <ele>1636</ele>
      </trkpt>
      <trkpt lat="34.076920000" lon="-111.499440000">
        <ele>1640</ele>
      </trkpt>
      <trkpt lat="34.077230000" lon="-111.499160000">
        <ele>1639</ele>
      </trkpt>
      <trkpt lat="34.077460000" lon="-111.499080000">
        <ele>1640</ele>
      </trkpt>
      <trkpt lat="34.077600000" lon="-111.499050000">
        <ele>1640</ele>
      </trkpt>
      <trkpt lat="34.077880000" lon="-111.498810000">
        <ele>1630</ele>
      </trkpt>
      <trkpt lat="34.077900000" lon="-111.498760000">
        <ele>1628</ele>
      </trkpt>
      <trkpt lat="34.077940000" lon="-111.498720000">
        <ele>1630</ele>
      </trkpt>
      <trkpt lat="34.078000000" lon="-111.498620000">
        <ele>1633</ele>
      </trkpt>
      <trkpt lat="34.078010000" lon="-111.498520000">
        <ele>1635</ele>
      </trkpt>
      <trkpt lat="34.078070000" lon="-111.498420000">
        <ele>1640</ele>
      </trkpt>
      <trkpt lat="34.078110000" lon="-111.498240000">
        <ele>1641</ele>
      </trkpt>
      <trkpt lat="34.078180000" lon="-111.498150000">
        <ele>1643</ele>
      </trkpt>
      <trkpt lat="34.078300000" lon="-111.497890000">
        <ele>1642</ele>
      </trkpt>
      <trkpt lat="34.078720000" lon="-111.497450000">
        <ele>1645</ele>
      </trkpt>
      <trkpt lat="34.078760000" lon="-111.497430000">
        <ele>1645</ele>
      </trkpt>
      <trkpt lat="34.078960000" lon="-111.497470000">
        <ele>1647</ele>
      </trkpt>
      <trkpt lat="34.079230000" lon="-111.497420000">
        <ele>1646</ele>
      </trkpt>
      <trkpt lat="34.079300000" lon="-111.497430000">
        <ele>1647</ele>
      </trkpt>
      <trkpt lat="34.079440000" lon="-111.497360000">
        <ele>1646</ele>
      </trkpt>
      <trkpt lat="34.079570000" lon="-111.497240000">
        <ele>1645</ele>
      </trkpt>
      <trkpt lat="34.079620000" lon="-111.497080000">
        <ele>1644</ele>
      </trkpt>
      <trkpt lat="34.079630000" lon="-111.496890000">
        <ele>1646</ele>
      </trkpt>
      <trkpt lat="34.079590000" lon="-111.496650000">
        <ele>1647</ele>
      </trkpt>
      <trkpt lat="34.079670000" lon="-111.496290000">
        <ele>1652</ele>
      </trkpt>
      <trkpt lat="34.079670000" lon="-111.496170000">
        <ele>1652</ele>
      </trkpt>
      <trkpt lat="34.079700000" lon="-111.496070000">
        <ele>1653</ele>
      </trkpt>
      <trkpt lat="34.079790000" lon="-111.495910000">
        <ele>1657</ele>
      </trkpt>
      <trkpt lat="34.079900000" lon="-111.495560000">
        <ele>1661</ele>
      </trkpt>
      <trkpt lat="34.079960000" lon="-111.495020000">
        <ele>1666</ele>
      </trkpt>
      <trkpt lat="34.079950000" lon="-111.494840000">
        <ele>1665</ele>
      </trkpt>
      <trkpt lat="34.079980000" lon="-111.494790000">
        <ele>1666</ele>
      </trkpt>
      <trkpt lat="34.080080000" lon="-111.494760000">
        <ele>1669</ele>
      </trkpt>
      <trkpt lat="34.080190000" lon="-111.494770000">
        <ele>1671</ele>
      </trkpt>
      <trkpt lat="34.080320000" lon="-111.494700000">
        <ele>1672</ele>
      </trkpt>
      <trkpt lat="34.080670000" lon="-111.494740000">
        <ele>1677</ele>
      </trkpt>
      <trkpt lat="34.081060000" lon="-111.494570000">
        <ele>1677</ele>
      </trkpt>
      <trkpt lat="34.081330000" lon="-111.494570000">
        <ele>1680</ele>
      </trkpt>
      <trkpt lat="34.081470000" lon="-111.494540000">
        <ele>1680</ele>
      </trkpt>
      <trkpt lat="34.081670000" lon="-111.494610000">
        <ele>1685</ele>
      </trkpt>
      <trkpt lat="34.081930000" lon="-111.494640000">
        <ele>1690</ele>
      </trkpt>
      <trkpt lat="34.082030000" lon="-111.494610000">
        <ele>1690</ele>
      </trkpt>
      <trkpt lat="34.082490000" lon="-111.494600000">
        <ele>1694</ele>
      </trkpt>
      <trkpt lat="34.082590000" lon="-111.494640000">
        <ele>1697</ele>
      </trkpt>
      <trkpt lat="34.082680000" lon="-111.494640000">
        <ele>1697</ele>
      </trkpt>
      <trkpt lat="34.082880000" lon="-111.494690000">
        <ele>1700</ele>
      </trkpt>
      <trkpt lat="34.083080000" lon="-111.494780000">
        <ele>1703</ele>
      </trkpt>
      <trkpt lat="34.083130000" lon="-111.494790000">
        <ele>1703</ele>
      </trkpt>
      <trkpt lat="34.083170000" lon="-111.494760000">
        <ele>1701</ele>
      </trkpt>
      <trkpt lat="34.083460000" lon="-111.494730000">
        <ele>1702</ele>
      </trkpt>
      <trkpt lat="34.083600000" lon="-111.494550000">
        <ele>1705</ele>
      </trkpt>
      <trkpt lat="34.083660000" lon="-111.494400000">
        <ele>1708</ele>
      </trkpt>
      <trkpt lat="34.083720000" lon="-111.494390000">
        <ele>1710</ele>
      </trkpt>
      <trkpt lat="34.083870000" lon="-111.494240000">
        <ele>1715</ele>
      </trkpt>
      <trkpt lat="34.084400000" lon="-111.493510000">
        <ele>1724</ele>
      </trkpt>
      <trkpt lat="34.084490000" lon="-111.492950000">
        <ele>1724</ele>
      </trkpt>
      <trkpt lat="34.084470000" lon="-111.492710000">
        <ele>1725</ele>
      </trkpt>
      <trkpt lat="34.084540000" lon="-111.492800000">
        <ele>1725</ele>
      </trkpt>
      <trkpt lat="34.084590000" lon="-111.492810000">
        <ele>1726</ele>
      </trkpt>
      <trkpt lat="34.084690000" lon="-111.492780000">
        <ele>1726</ele>
      </trkpt>
      <trkpt lat="34.084750000" lon="-111.492680000">
        <ele>1727</ele>
      </trkpt>
      <trkpt lat="34.084860000" lon="-111.492680000">
        <ele>1728</ele>
      </trkpt>
      <trkpt lat="34.084970000" lon="-111.492820000">
        <ele>1727</ele>
      </trkpt>
      <trkpt lat="34.085170000" lon="-111.493020000">
        <ele>1726</ele>
      </trkpt>
      <trkpt lat="34.085310000" lon="-111.493100000">
        <ele>1726</ele>
      </trkpt>
      <trkpt lat="34.085720000" lon="-111.493210000">
        <ele>1729</ele>
      </trkpt>
      <trkpt lat="34.085830000" lon="-111.493190000">
        <ele>1731</ele>
      </trkpt>
      <trkpt lat="34.086180000" lon="-111.493240000">
        <ele>1734</ele>
      </trkpt>
      <trkpt lat="34.086660000" lon="-111.493460000">
        <ele>1735</ele>
      </trkpt>
      <trkpt lat="34.086710000" lon="-111.493460000">
        <ele>1736</ele>
      </trkpt>
      <trkpt lat="34.086740000" lon="-111.493420000">
        <ele>1737</ele>
      </trkpt>
      <trkpt lat="34.086760000" lon="-111.493360000">
        <ele>1738</ele>
      </trkpt>
      <trkpt lat="34.086740000" lon="-111.493120000">
        <ele>1743</ele>
      </trkpt>
      <trkpt lat="34.086410000" lon="-111.492590000">
        <ele>1750</ele>
      </trkpt>
      <trkpt lat="34.086220000" lon="-111.492370000">
        <ele>1752</ele>
      </trkpt>
      <trkpt lat="34.085870000" lon="-111.491790000">
        <ele>1758</ele>
      </trkpt>
      <trkpt lat="34.085660000" lon="-111.491510000">
        <ele>1759</ele>
      </trkpt>
      <trkpt lat="34.085520000" lon="-111.491260000">
        <ele>1761</ele>
      </trkpt>
      <trkpt lat="34.085410000" lon="-111.490920000">
        <ele>1765</ele>
      </trkpt>
      <trkpt lat="34.085370000" lon="-111.490690000">
        <ele>1769</ele>
      </trkpt>
      <trkpt lat="34.085370000" lon="-111.490390000">
        <ele>1773</ele>
      </trkpt>
      <trkpt lat="34.085430000" lon="-111.489650000">
        <ele>1780</ele>
      </trkpt>
      <trkpt lat="34.085490000" lon="-111.489370000">
        <ele>1782</ele>
      </trkpt>
      <trkpt lat="34.085500000" lon="-111.489250000">
        <ele>1785</ele>
      </trkpt>
      <trkpt lat="34.085370000" lon="-111.488550000">
        <ele>1796</ele>
      </trkpt>
      <trkpt lat="34.085280000" lon="-111.488330000">
        <ele>1795</ele>
      </trkpt>
      <trkpt lat="34.085280000" lon="-111.488270000">
        <ele>1795</ele>
      </trkpt>
      <trkpt lat="34.085310000" lon="-111.487920000">
        <ele>1797</ele>
      </trkpt>
      <trkpt lat="34.085400000" lon="-111.487860000">
        <ele>1799</ele>
      </trkpt>
      <trkpt lat="34.085490000" lon="-111.487820000">
        <ele>1801</ele>
      </trkpt>
      <trkpt lat="34.085620000" lon="-111.487730000">
        <ele>1803</ele>
      </trkpt>
      <trkpt lat="34.085750000" lon="-111.487570000">
        <ele>1804</ele>
      </trkpt>
      <trkpt lat="34.085850000" lon="-111.487350000">
        <ele>1799</ele>
      </trkpt>
      <trkpt lat="34.085890000" lon="-111.487180000">
        <ele>1796</ele>
      </trkpt>
      <trkpt lat="34.086010000" lon="-111.486920000">
        <ele>1798</ele>
      </trkpt>
      <trkpt lat="34.085920000" lon="-111.486850000">
        <ele>1794</ele>
      </trkpt>
      <trkpt lat="34.085990000" lon="-111.486890000">
        <ele>1797</ele>
      </trkpt>
      <trkpt lat="34.086030000" lon="-111.486880000">
        <ele>1798</ele>
      </trkpt>
      <trkpt lat="34.086050000" lon="-111.486820000">
        <ele>1798</ele>
      </trkpt>
      <trkpt lat="34.086080000" lon="-111.486460000">
        <ele>1798</ele>
      </trkpt>
      <trkpt lat="34.086120000" lon="-111.486350000">
        <ele>1799</ele>
      </trkpt>
      <trkpt lat="34.086130000" lon="-111.486220000">
        <ele>1798</ele>
      </trkpt>
      <trkpt lat="34.086120000" lon="-111.486030000">
        <ele>1799</ele>
      </trkpt>
      <trkpt lat="34.086040000" lon="-111.485800000">
        <ele>1803</ele>
      </trkpt>
      <trkpt lat="34.085920000" lon="-111.485590000">
        <ele>1804</ele>
      </trkpt>
      <trkpt lat="34.085870000" lon="-111.485420000">
        <ele>1804</ele>
      </trkpt>
      <trkpt lat="34.085870000" lon="-111.485300000">
        <ele>1804</ele>
      </trkpt>
      <trkpt lat="34.085560000" lon="-111.485080000">
        <ele>1805</ele>
      </trkpt>
      <trkpt lat="34.085490000" lon="-111.485000000">
        <ele>1804</ele>
      </trkpt>
      <trkpt lat="34.085380000" lon="-111.484790000">
        <ele>1804</ele>
      </trkpt>
      <trkpt lat="34.085260000" lon="-111.484480000">
        <ele>1806</ele>
      </trkpt>
      <trkpt lat="34.085290000" lon="-111.484270000">
        <ele>1811</ele>
      </trkpt>
      <trkpt lat="34.085240000" lon="-111.483670000">
        <ele>1815</ele>
      </trkpt>
      <trkpt lat="34.085180000" lon="-111.483320000">
        <ele>1815</ele>
      </trkpt>
      <trkpt lat="34.085180000" lon="-111.483070000">
        <ele>1815</ele>
      </trkpt>
      <trkpt lat="34.085280000" lon="-111.482680000">
        <ele>1816</ele>
      </trkpt>
      <trkpt lat="34.085450000" lon="-111.482240000">
        <ele>1817</ele>
      </trkpt>
      <trkpt lat="34.085600000" lon="-111.481390000">
        <ele>1825</ele>
      </trkpt>
      <trkpt lat="34.085810000" lon="-111.480840000">
        <ele>1827</ele>
      </trkpt>
      <trkpt lat="34.085840000" lon="-111.480800000">
        <ele>1828</ele>
      </trkpt>
      <trkpt lat="34.085890000" lon="-111.480610000">
        <ele>1828</ele>
      </trkpt>
      <trkpt lat="34.085920000" lon="-111.480570000">
        <ele>1828</ele>
      </trkpt>
      <trkpt lat="34.085970000" lon="-111.480400000">
        <ele>1829</ele>
      </trkpt>
      <trkpt lat="34.086120000" lon="-111.480120000">
        <ele>1829</ele>
      </trkpt>
      <trkpt lat="34.086270000" lon="-111.479710000">
        <ele>1831</ele>
      </trkpt>
      <trkpt lat="34.086360000" lon="-111.479300000">
        <ele>1831</ele>
      </trkpt>
      <trkpt lat="34.086360000" lon="-111.479040000">
        <ele>1834</ele>
      </trkpt>
      <trkpt lat="34.086320000" lon="-111.478930000">
        <ele>1835</ele>
      </trkpt>
      <trkpt lat="34.086150000" lon="-111.478700000">
        <ele>1837</ele>
      </trkpt>
      <trkpt lat="34.085900000" lon="-111.478610000">
        <ele>1839</ele>
      </trkpt>
      <trkpt lat="34.085680000" lon="-111.478450000">
        <ele>1841</ele>
      </trkpt>
      <trkpt lat="34.085500000" lon="-111.478380000">
        <ele>1841</ele>
      </trkpt>
      <trkpt lat="34.084930000" lon="-111.478300000">
        <ele>1842</ele>
      </trkpt>
      <trkpt lat="34.084690000" lon="-111.478430000">
        <ele>1845</ele>
      </trkpt>
      <trkpt lat="34.084370000" lon="-111.478470000">
        <ele>1845</ele>
      </trkpt>
      <trkpt lat="34.084320000" lon="-111.478470000">
        <ele>1845</ele>
      </trkpt>
      <trkpt lat="34.084280000" lon="-111.478420000">
        <ele>1844</ele>
      </trkpt>
      <trkpt lat="34.084120000" lon="-111.478400000">
        <ele>1846</ele>
      </trkpt>
      <trkpt lat="34.084070000" lon="-111.478370000">
        <ele>1847</ele>
      </trkpt>
      <trkpt lat="34.084150000" lon="-111.477990000">
        <ele>1848</ele>
      </trkpt>
      <trkpt lat="34.084180000" lon="-111.477960000">
        <ele>1848</ele>
      </trkpt>
      <trkpt lat="34.084220000" lon="-111.477980000">
        <ele>1846</ele>
      </trkpt>
      <trkpt lat="34.084300000" lon="-111.477930000">
        <ele>1846</ele>
      </trkpt>
      <trkpt lat="34.084380000" lon="-111.477670000">
        <ele>1851</ele>
      </trkpt>
      <trkpt lat="34.084470000" lon="-111.477530000">
        <ele>1849</ele>
      </trkpt>
      <trkpt lat="34.084500000" lon="-111.477410000">
        <ele>1849</ele>
      </trkpt>
      <trkpt lat="34.084510000" lon="-111.477270000">
        <ele>1850</ele>
      </trkpt>
      <trkpt lat="34.084480000" lon="-111.477090000">
        <ele>1851</ele>
      </trkpt>
      <trkpt lat="34.084410000" lon="-111.476990000">
        <ele>1849</ele>
      </trkpt>
      <trkpt lat="34.084250000" lon="-111.476930000">
        <ele>1849</ele>
      </trkpt>
      <trkpt lat="34.084210000" lon="-111.476880000">
        <ele>1848</ele>
      </trkpt>
      <trkpt lat="34.084180000" lon="-111.476750000">
        <ele>1848</ele>
      </trkpt>
      <trkpt lat="34.084190000" lon="-111.476620000">
        <ele>1849</ele>
      </trkpt>
      <trkpt lat="34.084410000" lon="-111.476390000">
        <ele>1846</ele>
      </trkpt>
      <trkpt lat="34.084480000" lon="-111.476280000">
        <ele>1847</ele>
      </trkpt>
      <trkpt lat="34.084570000" lon="-111.476210000">
        <ele>1847</ele>
      </trkpt>
      <trkpt lat="34.084630000" lon="-111.476000000">
        <ele>1848</ele>
      </trkpt>
      <trkpt lat="34.084640000" lon="-111.475880000">
        <ele>1848</ele>
      </trkpt>
      <trkpt lat="34.084570000" lon="-111.475710000">
        <ele>1846</ele>
      </trkpt>
      <trkpt lat="34.084360000" lon="-111.475560000">
        <ele>1848</ele>
      </trkpt>
      <trkpt lat="34.084300000" lon="-111.475460000">
        <ele>1849</ele>
      </trkpt>
      <trkpt lat="34.084320000" lon="-111.475090000">
        <ele>1849</ele>
      </trkpt>
      <trkpt lat="34.084280000" lon="-111.475070000">
        <ele>1850</ele>
      </trkpt>
      <trkpt lat="34.084170000" lon="-111.475060000">
        <ele>1854</ele>
      </trkpt>
      <trkpt lat="34.084130000" lon="-111.475030000">
        <ele>1854</ele>
      </trkpt>
      <trkpt lat="34.083980000" lon="-111.474870000">
        <ele>1851</ele>
      </trkpt>
      <trkpt lat="34.083840000" lon="-111.474770000">
        <ele>1853</ele>
      </trkpt>
      <trkpt lat="34.083680000" lon="-111.474530000">
        <ele>1852</ele>
      </trkpt>
      <trkpt lat="34.083600000" lon="-111.474480000">
        <ele>1851</ele>
      </trkpt>
      <trkpt lat="34.083450000" lon="-111.474550000">
        <ele>1854</ele>
      </trkpt>
      <trkpt lat="34.083340000" lon="-111.474570000">
        <ele>1853</ele>
      </trkpt>
      <trkpt lat="34.083150000" lon="-111.474680000">
        <ele>1855</ele>
      </trkpt>
      <trkpt lat="34.083080000" lon="-111.474590000">
        <ele>1851</ele>
      </trkpt>
      <trkpt lat="34.083030000" lon="-111.474560000">
        <ele>1851</ele>
      </trkpt>
      <trkpt lat="34.082930000" lon="-111.474600000">
        <ele>1855</ele>
      </trkpt>
      <trkpt lat="34.082940000" lon="-111.474350000">
        <ele>1850</ele>
      </trkpt>
      <trkpt lat="34.082910000" lon="-111.474220000">
        <ele>1849</ele>
      </trkpt>
      <trkpt lat="34.082840000" lon="-111.474130000">
        <ele>1854</ele>
      </trkpt>
      <trkpt lat="34.082850000" lon="-111.473950000">
        <ele>1854</ele>
      </trkpt>
      <trkpt lat="34.082680000" lon="-111.473890000">
        <ele>1860</ele>
      </trkpt>
      <trkpt lat="34.082500000" lon="-111.473720000">
        <ele>1854</ele>
      </trkpt>
      <trkpt lat="34.082450000" lon="-111.473710000">
        <ele>1853</ele>
      </trkpt>
      <trkpt lat="34.082310000" lon="-111.473740000">
        <ele>1856</ele>
      </trkpt>
      <trkpt lat="34.082260000" lon="-111.473730000">
        <ele>1857</ele>
      </trkpt>
      <trkpt lat="34.082250000" lon="-111.473670000">
        <ele>1856</ele>
      </trkpt>
      <trkpt lat="34.082310000" lon="-111.473490000">
        <ele>1855</ele>
      </trkpt>
      <trkpt lat="34.082300000" lon="-111.473360000">
        <ele>1858</ele>
      </trkpt>
      <trkpt lat="34.082400000" lon="-111.473400000">
        <ele>1854</ele>
      </trkpt>
      <trkpt lat="34.082480000" lon="-111.473320000">
        <ele>1853</ele>
      </trkpt>
      <trkpt lat="34.082530000" lon="-111.473150000">
        <ele>1856</ele>
      </trkpt>
      <trkpt lat="34.082570000" lon="-111.472910000">
        <ele>1860</ele>
      </trkpt>
      <trkpt lat="34.082670000" lon="-111.472940000">
        <ele>1857</ele>
      </trkpt>
      <trkpt lat="34.082780000" lon="-111.472900000">
        <ele>1855</ele>
      </trkpt>
      <trkpt lat="34.082900000" lon="-111.472610000">
        <ele>1858</ele>
      </trkpt>
      <trkpt lat="34.082910000" lon="-111.472370000">
        <ele>1862</ele>
      </trkpt>
      <trkpt lat="34.083030000" lon="-111.472310000">
        <ele>1859</ele>
      </trkpt>
      <trkpt lat="34.083090000" lon="-111.472190000">
        <ele>1859</ele>
      </trkpt>
      <trkpt lat="34.083090000" lon="-111.472120000">
        <ele>1859</ele>
      </trkpt>
      <trkpt lat="34.082930000" lon="-111.471870000">
        <ele>1857</ele>
      </trkpt>
      <trkpt lat="34.082890000" lon="-111.471850000">
        <ele>1857</ele>
      </trkpt>
      <trkpt lat="34.082730000" lon="-111.471890000">
        <ele>1861</ele>
      </trkpt>
      <trkpt lat="34.082620000" lon="-111.471270000">
        <ele>1851</ele>
      </trkpt>
      <trkpt lat="34.082500000" lon="-111.471060000">
        <ele>1850</ele>
      </trkpt>
      <trkpt lat="34.082360000" lon="-111.471000000">
        <ele>1848</ele>
      </trkpt>
      <trkpt lat="34.082100000" lon="-111.471050000">
        <ele>1849</ele>
      </trkpt>
      <trkpt lat="34.081960000" lon="-111.471100000">
        <ele>1852</ele>
      </trkpt>
      <trkpt lat="34.081940000" lon="-111.470690000">
        <ele>1843</ele>
      </trkpt>
      <trkpt lat="34.081780000" lon="-111.470510000">
        <ele>1845</ele>
      </trkpt>
      <trkpt lat="34.081760000" lon="-111.470460000">
        <ele>1846</ele>
      </trkpt>
      <trkpt lat="34.081820000" lon="-111.470350000">
        <ele>1843</ele>
      </trkpt>
      <trkpt lat="34.081880000" lon="-111.470160000">
        <ele>1840</ele>
      </trkpt>
      <trkpt lat="34.081830000" lon="-111.469990000">
        <ele>1840</ele>
      </trkpt>
      <trkpt lat="34.081760000" lon="-111.469910000">
        <ele>1843</ele>
      </trkpt>
      <trkpt lat="34.081940000" lon="-111.469990000">
        <ele>1838</ele>
      </trkpt>
      <trkpt lat="34.082110000" lon="-111.470020000">
        <ele>1835</ele>
      </trkpt>
      <trkpt lat="34.082250000" lon="-111.469980000">
        <ele>1834</ele>
      </trkpt>
      <trkpt lat="34.082370000" lon="-111.469850000">
        <ele>1838</ele>
      </trkpt>
      <trkpt lat="34.082520000" lon="-111.469830000">
        <ele>1834</ele>
      </trkpt>
      <trkpt lat="34.082560000" lon="-111.469800000">
        <ele>1834</ele>
      </trkpt>
      <trkpt lat="34.082680000" lon="-111.469660000">
        <ele>1836</ele>
      </trkpt>
      <trkpt lat="34.082950000" lon="-111.469460000">
        <ele>1836</ele>
      </trkpt>
      <trkpt lat="34.082980000" lon="-111.469420000">
        <ele>1836</ele>
      </trkpt>
      <trkpt lat="34.083030000" lon="-111.469300000">
        <ele>1836</ele>
      </trkpt>
      <trkpt lat="34.083040000" lon="-111.468980000">
        <ele>1836</ele>
      </trkpt>
      <trkpt lat="34.083100000" lon="-111.468890000">
        <ele>1835</ele>
      </trkpt>
      <trkpt lat="34.083500000" lon="-111.468590000">
        <ele>1835</ele>
      </trkpt>
      <trkpt lat="34.083600000" lon="-111.468590000">
        <ele>1833</ele>
      </trkpt>
      <trkpt lat="34.083760000" lon="-111.468560000">
        <ele>1831</ele>
      </trkpt>
      <trkpt lat="34.083800000" lon="-111.468540000">
        <ele>1831</ele>
      </trkpt>
      <trkpt lat="34.083950000" lon="-111.468540000">
        <ele>1828</ele>
      </trkpt>
      <trkpt lat="34.084000000" lon="-111.468520000">
        <ele>1827</ele>
      </trkpt>
      <trkpt lat="34.084140000" lon="-111.468420000">
        <ele>1827</ele>
      </trkpt>
      <trkpt lat="34.084210000" lon="-111.468320000">
        <ele>1827</ele>
      </trkpt>
      <trkpt lat="34.084350000" lon="-111.468220000">
        <ele>1827</ele>
      </trkpt>
      <trkpt lat="34.084520000" lon="-111.468000000">
        <ele>1826</ele>
      </trkpt>
      <trkpt lat="34.084600000" lon="-111.467930000">
        <ele>1825</ele>
      </trkpt>
      <trkpt lat="34.084840000" lon="-111.467510000">
        <ele>1822</ele>
      </trkpt>
      <trkpt lat="34.084880000" lon="-111.467330000">
        <ele>1821</ele>
      </trkpt>
      <trkpt lat="34.084960000" lon="-111.467100000">
        <ele>1819</ele>
      </trkpt>
      <trkpt lat="34.084940000" lon="-111.466730000">
        <ele>1816</ele>
      </trkpt>
      <trkpt lat="34.084720000" lon="-111.466360000">
        <ele>1812</ele>
      </trkpt>
      <trkpt lat="34.084640000" lon="-111.466290000">
        <ele>1812</ele>
      </trkpt>
      <trkpt lat="34.084580000" lon="-111.466200000">
        <ele>1812</ele>
      </trkpt>
      <trkpt lat="34.084520000" lon="-111.466030000">
        <ele>1811</ele>
      </trkpt>
      <trkpt lat="34.084490000" lon="-111.465860000">
        <ele>1810</ele>
      </trkpt>
      <trkpt lat="34.084440000" lon="-111.465750000">
        <ele>1811</ele>
      </trkpt>
      <trkpt lat="34.084370000" lon="-111.465430000">
        <ele>1809</ele>
      </trkpt>
      <trkpt lat="34.084290000" lon="-111.465320000">
        <ele>1808</ele>
      </trkpt>
      <trkpt lat="34.084110000" lon="-111.465170000">
        <ele>1809</ele>
      </trkpt>
      <trkpt lat="34.083990000" lon="-111.464700000">
        <ele>1804</ele>
      </trkpt>
      <trkpt lat="34.084010000" lon="-111.464580000">
        <ele>1802</ele>
      </trkpt>
      <trkpt lat="34.083860000" lon="-111.464410000">
        <ele>1801</ele>
      </trkpt>
      <trkpt lat="34.083790000" lon="-111.464190000">
        <ele>1799</ele>
      </trkpt>
      <trkpt lat="34.083770000" lon="-111.464030000">
        <ele>1798</ele>
      </trkpt>
      <trkpt lat="34.083730000" lon="-111.463990000">
        <ele>1798</ele>
      </trkpt>
      <trkpt lat="34.083620000" lon="-111.463960000">
        <ele>1800</ele>
      </trkpt>
      <trkpt lat="34.083580000" lon="-111.463920000">
        <ele>1800</ele>
      </trkpt>
      <trkpt lat="34.083590000" lon="-111.463780000">
        <ele>1799</ele>
      </trkpt>
      <trkpt lat="34.083560000" lon="-111.463680000">
        <ele>1798</ele>
      </trkpt>
      <trkpt lat="34.083580000" lon="-111.463620000">
        <ele>1798</ele>
      </trkpt>
      <trkpt lat="34.083620000" lon="-111.463570000">
        <ele>1797</ele>
      </trkpt>
      <trkpt lat="34.083670000" lon="-111.463550000">
        <ele>1797</ele>
      </trkpt>
      <trkpt lat="34.083810000" lon="-111.463540000">
        <ele>1794</ele>
      </trkpt>
      <trkpt lat="34.084100000" lon="-111.463360000">
        <ele>1793</ele>
      </trkpt>
      <trkpt lat="34.084130000" lon="-111.463320000">
        <ele>1793</ele>
      </trkpt>
      <trkpt lat="34.084250000" lon="-111.463270000">
        <ele>1791</ele>
      </trkpt>
      <trkpt lat="34.084290000" lon="-111.463220000">
        <ele>1792</ele>
      </trkpt>
      <trkpt lat="34.084440000" lon="-111.463180000">
        <ele>1790</ele>
      </trkpt>
      <trkpt lat="34.084490000" lon="-111.463150000">
        <ele>1790</ele>
      </trkpt>
      <trkpt lat="34.084590000" lon="-111.463140000">
        <ele>1789</ele>
      </trkpt>
      <trkpt lat="34.084630000" lon="-111.463180000">
        <ele>1788</ele>
      </trkpt>
      <trkpt lat="34.084830000" lon="-111.463210000">
        <ele>1786</ele>
      </trkpt>
      <trkpt lat="34.084880000" lon="-111.463180000">
        <ele>1786</ele>
      </trkpt>
      <trkpt lat="34.084940000" lon="-111.463180000">
        <ele>1786</ele>
      </trkpt>
      <trkpt lat="34.085010000" lon="-111.463160000">
        <ele>1786</ele>
      </trkpt>
      <trkpt lat="34.085140000" lon="-111.463070000">
        <ele>1789</ele>
      </trkpt>
      <trkpt lat="34.085310000" lon="-111.463010000">
        <ele>1791</ele>
      </trkpt>
      <trkpt lat="34.085730000" lon="-111.463000000">
        <ele>1791</ele>
      </trkpt>
      <trkpt lat="34.085780000" lon="-111.462980000">
        <ele>1792</ele>
      </trkpt>
      <trkpt lat="34.085870000" lon="-111.463010000">
        <ele>1791</ele>
      </trkpt>
      <trkpt lat="34.085920000" lon="-111.462990000">
        <ele>1791</ele>
      </trkpt>
      <trkpt lat="34.085970000" lon="-111.462940000">
        <ele>1793</ele>
      </trkpt>
      <trkpt lat="34.086000000" lon="-111.462880000">
        <ele>1794</ele>
      </trkpt>
      <trkpt lat="34.086030000" lon="-111.462740000">
        <ele>1795</ele>
      </trkpt>
      <trkpt lat="34.086010000" lon="-111.462620000">
        <ele>1796</ele>
      </trkpt>
      <trkpt lat="34.085890000" lon="-111.462350000">
        <ele>1803</ele>
      </trkpt>
      <trkpt lat="34.085830000" lon="-111.462100000">
        <ele>1803</ele>
      </trkpt>
      <trkpt lat="34.086000000" lon="-111.462240000">
        <ele>1799</ele>
      </trkpt>
      <trkpt lat="34.086180000" lon="-111.462350000">
        <ele>1793</ele>
      </trkpt>
      <trkpt lat="34.086640000" lon="-111.462450000">
        <ele>1797</ele>
      </trkpt>
      <trkpt lat="34.086870000" lon="-111.462280000">
        <ele>1803</ele>
      </trkpt>
      <trkpt lat="34.087000000" lon="-111.462080000">
        <ele>1806</ele>
      </trkpt>
      <trkpt lat="34.087030000" lon="-111.461940000">
        <ele>1808</ele>
      </trkpt>
      <trkpt lat="34.087010000" lon="-111.461500000">
        <ele>1810</ele>
      </trkpt>
      <trkpt lat="34.087070000" lon="-111.461330000">
        <ele>1810</ele>
      </trkpt>
      <trkpt lat="34.087270000" lon="-111.461260000">
        <ele>1809</ele>
      </trkpt>
      <trkpt lat="34.087380000" lon="-111.461270000">
        <ele>1807</ele>
      </trkpt>
      <trkpt lat="34.087420000" lon="-111.461240000">
        <ele>1808</ele>
      </trkpt>
      <trkpt lat="34.087520000" lon="-111.461240000">
        <ele>1807</ele>
      </trkpt>
      <trkpt lat="34.087610000" lon="-111.461170000">
        <ele>1809</ele>
      </trkpt>
      <trkpt lat="34.087770000" lon="-111.461120000">
        <ele>1808</ele>
      </trkpt>
      <trkpt lat="34.087910000" lon="-111.460920000">
        <ele>1809</ele>
      </trkpt>
      <trkpt lat="34.087900000" lon="-111.460790000">
        <ele>1809</ele>
      </trkpt>
      <trkpt lat="34.087840000" lon="-111.460680000">
        <ele>1809</ele>
      </trkpt>
      <trkpt lat="34.087590000" lon="-111.460440000">
        <ele>1808</ele>
      </trkpt>
      <trkpt lat="34.087500000" lon="-111.460290000">
        <ele>1806</ele>
      </trkpt>
      <trkpt lat="34.087300000" lon="-111.460120000">
        <ele>1808</ele>
      </trkpt>
      <trkpt lat="34.087180000" lon="-111.459940000">
        <ele>1804</ele>
      </trkpt>
      <trkpt lat="34.087010000" lon="-111.459790000">
        <ele>1803</ele>
      </trkpt>
      <trkpt lat="34.086780000" lon="-111.459300000">
        <ele>1804</ele>
      </trkpt>
      <trkpt lat="34.086930000" lon="-111.459260000">
        <ele>1799</ele>
      </trkpt>
      <trkpt lat="34.087050000" lon="-111.459130000">
        <ele>1800</ele>
      </trkpt>
      <trkpt lat="34.087140000" lon="-111.459070000">
        <ele>1801</ele>
      </trkpt>
      <trkpt lat="34.087250000" lon="-111.459060000">
        <ele>1799</ele>
      </trkpt>
      <trkpt lat="34.087590000" lon="-111.458980000">
        <ele>1798</ele>
      </trkpt>
      <trkpt lat="34.087730000" lon="-111.458820000">
        <ele>1804</ele>
      </trkpt>
      <trkpt lat="34.087780000" lon="-111.458840000">
        <ele>1803</ele>
      </trkpt>
      <trkpt lat="34.087830000" lon="-111.458830000">
        <ele>1802</ele>
      </trkpt>
      <trkpt lat="34.087900000" lon="-111.458750000">
        <ele>1802</ele>
      </trkpt>
      <trkpt lat="34.087910000" lon="-111.458640000">
        <ele>1802</ele>
      </trkpt>
      <trkpt lat="34.087880000" lon="-111.458580000">
        <ele>1803</ele>
      </trkpt>
      <trkpt lat="34.087550000" lon="-111.458160000">
        <ele>1803</ele>
      </trkpt>
      <trkpt lat="34.087380000" lon="-111.457840000">
        <ele>1802</ele>
      </trkpt>
      <trkpt lat="34.087350000" lon="-111.457720000">
        <ele>1802</ele>
      </trkpt>
      <trkpt lat="34.087380000" lon="-111.457540000">
        <ele>1796</ele>
      </trkpt>
      <trkpt lat="34.087360000" lon="-111.457360000">
        <ele>1799</ele>
      </trkpt>
      <trkpt lat="34.087410000" lon="-111.457250000">
        <ele>1800</ele>
      </trkpt>
      <trkpt lat="34.087490000" lon="-111.457150000">
        <ele>1799</ele>
      </trkpt>
      <trkpt lat="34.087920000" lon="-111.456950000">
        <ele>1792</ele>
      </trkpt>
      <trkpt lat="34.088040000" lon="-111.456830000">
        <ele>1794</ele>
      </trkpt>
      <trkpt lat="34.088100000" lon="-111.456820000">
        <ele>1793</ele>
      </trkpt>
      <trkpt lat="34.088370000" lon="-111.456640000">
        <ele>1795</ele>
      </trkpt>
      <trkpt lat="34.088470000" lon="-111.456420000">
        <ele>1795</ele>
      </trkpt>
      <trkpt lat="34.088550000" lon="-111.456130000">
        <ele>1798</ele>
      </trkpt>
      <trkpt lat="34.088700000" lon="-111.455880000">
        <ele>1798</ele>
      </trkpt>
      <trkpt lat="34.088830000" lon="-111.455800000">
        <ele>1797</ele>
      </trkpt>
      <trkpt lat="34.088980000" lon="-111.455760000">
        <ele>1796</ele>
      </trkpt>
      <trkpt lat="34.089020000" lon="-111.455720000">
        <ele>1797</ele>
      </trkpt>
      <trkpt lat="34.089180000" lon="-111.455740000">
        <ele>1794</ele>
      </trkpt>
      <trkpt lat="34.089420000" lon="-111.455700000">
        <ele>1791</ele>
      </trkpt>
      <trkpt lat="34.089670000" lon="-111.455470000">
        <ele>1791</ele>
      </trkpt>
      <trkpt lat="34.089940000" lon="-111.455330000">
        <ele>1787</ele>
      </trkpt>
      <trkpt lat="34.090050000" lon="-111.455300000">
        <ele>1785</ele>
      </trkpt>
      <trkpt lat="34.090400000" lon="-111.455050000">
        <ele>1787</ele>
      </trkpt>
      <trkpt lat="34.090640000" lon="-111.455010000">
        <ele>1783</ele>
      </trkpt>
      <trkpt lat="34.091020000" lon="-111.454750000">
        <ele>1783</ele>
      </trkpt>
      <trkpt lat="34.091370000" lon="-111.454600000">
        <ele>1782</ele>
      </trkpt>
      <trkpt lat="34.091560000" lon="-111.454490000">
        <ele>1784</ele>
      </trkpt>
      <trkpt lat="34.091660000" lon="-111.454460000">
        <ele>1783</ele>
      </trkpt>
      <trkpt lat="34.091700000" lon="-111.454420000">
        <ele>1784</ele>
      </trkpt>
      <trkpt lat="34.091750000" lon="-111.454420000">
        <ele>1783</ele>
      </trkpt>
      <trkpt lat="34.091860000" lon="-111.454370000">
        <ele>1783</ele>
      </trkpt>
      <trkpt lat="34.091940000" lon="-111.454300000">
        <ele>1783</ele>
      </trkpt>
      <trkpt lat="34.092090000" lon="-111.453950000">
        <ele>1785</ele>
      </trkpt>
      <trkpt lat="34.092110000" lon="-111.453480000">
        <ele>1784</ele>
      </trkpt>
      <trkpt lat="34.092150000" lon="-111.453310000">
        <ele>1785</ele>
      </trkpt>
      <trkpt lat="34.092110000" lon="-111.453190000">
        <ele>1787</ele>
      </trkpt>
      <trkpt lat="34.092060000" lon="-111.453150000">
        <ele>1789</ele>
      </trkpt>
      <trkpt lat="34.091900000" lon="-111.453030000">
        <ele>1788</ele>
      </trkpt>
      <trkpt lat="34.091750000" lon="-111.453000000">
        <ele>1789</ele>
      </trkpt>
      <trkpt lat="34.091710000" lon="-111.452970000">
        <ele>1787</ele>
      </trkpt>
      <trkpt lat="34.091450000" lon="-111.452910000">
        <ele>1787</ele>
      </trkpt>
      <trkpt lat="34.091010000" lon="-111.452740000">
        <ele>1783</ele>
      </trkpt>
      <trkpt lat="34.090710000" lon="-111.452730000">
        <ele>1784</ele>
      </trkpt>
      <trkpt lat="34.090550000" lon="-111.452590000">
        <ele>1780</ele>
      </trkpt>
      <trkpt lat="34.090240000" lon="-111.452210000">
        <ele>1771</ele>
      </trkpt>
      <trkpt lat="34.090140000" lon="-111.452200000">
        <ele>1772</ele>
      </trkpt>
      <trkpt lat="34.090110000" lon="-111.452240000">
        <ele>1773</ele>
      </trkpt>
      <trkpt lat="34.090130000" lon="-111.452190000">
        <ele>1771</ele>
      </trkpt>
      <trkpt lat="34.090090000" lon="-111.452160000">
        <ele>1770</ele>
      </trkpt>
      <trkpt lat="34.089990000" lon="-111.452150000">
        <ele>1768</ele>
      </trkpt>
      <trkpt lat="34.089850000" lon="-111.452180000">
        <ele>1766</ele>
      </trkpt>
      <trkpt lat="34.089710000" lon="-111.452250000">
        <ele>1765</ele>
      </trkpt>
      <trkpt lat="34.089460000" lon="-111.452330000">
        <ele>1760</ele>
      </trkpt>
      <trkpt lat="34.089120000" lon="-111.452490000">
        <ele>1757</ele>
      </trkpt>
      <trkpt lat="34.088920000" lon="-111.452540000">
        <ele>1751</ele>
      </trkpt>
      <trkpt lat="34.088780000" lon="-111.452610000">
        <ele>1748</ele>
      </trkpt>
      <trkpt lat="34.088580000" lon="-111.452770000">
        <ele>1747</ele>
      </trkpt>
      <trkpt lat="34.088340000" lon="-111.452840000">
        <ele>1743</ele>
      </trkpt>
      <trkpt lat="34.088040000" lon="-111.453040000">
        <ele>1743</ele>
      </trkpt>
      <trkpt lat="34.087940000" lon="-111.453060000">
        <ele>1742</ele>
      </trkpt>
      <trkpt lat="34.087600000" lon="-111.453000000">
        <ele>1740</ele>
      </trkpt>
      <trkpt lat="34.087500000" lon="-111.452870000">
        <ele>1735</ele>
      </trkpt>
      <trkpt lat="34.087440000" lon="-111.452850000">
        <ele>1737</ele>
      </trkpt>
      <trkpt lat="34.087440000" lon="-111.452800000">
        <ele>1737</ele>
      </trkpt>
      <trkpt lat="34.087490000" lon="-111.452680000">
        <ele>1737</ele>
      </trkpt>
      <trkpt lat="34.087660000" lon="-111.452560000">
        <ele>1726</ele>
      </trkpt>
      <trkpt lat="34.087690000" lon="-111.452510000">
        <ele>1727</ele>
      </trkpt>
      <trkpt lat="34.087860000" lon="-111.452380000">
        <ele>1725</ele>
      </trkpt>
      <trkpt lat="34.088040000" lon="-111.452020000">
        <ele>1727</ele>
      </trkpt>
      <trkpt lat="34.088200000" lon="-111.451860000">
        <ele>1718</ele>
      </trkpt>
      <trkpt lat="34.088210000" lon="-111.451800000">
        <ele>1720</ele>
      </trkpt>
      <trkpt lat="34.088340000" lon="-111.451610000">
        <ele>1719</ele>
      </trkpt>
      <trkpt lat="34.088390000" lon="-111.451600000">
        <ele>1716</ele>
      </trkpt>
      <trkpt lat="34.088590000" lon="-111.451250000">
        <ele>1707</ele>
      </trkpt>
      <trkpt lat="34.088660000" lon="-111.451020000">
        <ele>1707</ele>
      </trkpt>
      <trkpt lat="34.088650000" lon="-111.450890000">
        <ele>1705</ele>
      </trkpt>
      <trkpt lat="34.088550000" lon="-111.450550000">
        <ele>1701</ele>
      </trkpt>
      <trkpt lat="34.088550000" lon="-111.450370000">
        <ele>1696</ele>
      </trkpt>
      <trkpt lat="34.088470000" lon="-111.450220000">
        <ele>1695</ele>
      </trkpt>
      <trkpt lat="34.088320000" lon="-111.450070000">
        <ele>1694</ele>
      </trkpt>
      <trkpt lat="34.088230000" lon="-111.450010000">
        <ele>1694</ele>
      </trkpt>
      <trkpt lat="34.088090000" lon="-111.449960000">
        <ele>1696</ele>
      </trkpt>
      <trkpt lat="34.087850000" lon="-111.449750000">
        <ele>1698</ele>
      </trkpt>
      <trkpt lat="34.087880000" lon="-111.449700000">
        <ele>1698</ele>
      </trkpt>
      <trkpt lat="34.088200000" lon="-111.449680000">
        <ele>1692</ele>
      </trkpt>
      <trkpt lat="34.088240000" lon="-111.449640000">
        <ele>1693</ele>
      </trkpt>
      <trkpt lat="34.088440000" lon="-111.449620000">
        <ele>1686</ele>
      </trkpt>
      <trkpt lat="34.088540000" lon="-111.449570000">
        <ele>1684</ele>
      </trkpt>
      <trkpt lat="34.088750000" lon="-111.449300000">
        <ele>1683</ele>
      </trkpt>
      <trkpt lat="34.088770000" lon="-111.449190000">
        <ele>1682</ele>
      </trkpt>
      <trkpt lat="34.088750000" lon="-111.449070000">
        <ele>1684</ele>
      </trkpt>
      <trkpt lat="34.088640000" lon="-111.448870000">
        <ele>1691</ele>
      </trkpt>
      <trkpt lat="34.088610000" lon="-111.448740000">
        <ele>1691</ele>
      </trkpt>
      <trkpt lat="34.088610000" lon="-111.448570000">
        <ele>1685</ele>
      </trkpt>
      <trkpt lat="34.088640000" lon="-111.448450000">
        <ele>1681</ele>
      </trkpt>
      <trkpt lat="34.088630000" lon="-111.448160000">
        <ele>1675</ele>
      </trkpt>
      <trkpt lat="34.088610000" lon="-111.447930000">
        <ele>1675</ele>
      </trkpt>
      <trkpt lat="34.088560000" lon="-111.447820000">
        <ele>1676</ele>
      </trkpt>
      <trkpt lat="34.088570000" lon="-111.447720000">
        <ele>1672</ele>
      </trkpt>
      <trkpt lat="34.088600000" lon="-111.447670000">
        <ele>1669</ele>
      </trkpt>
      <trkpt lat="34.088540000" lon="-111.447580000">
        <ele>1672</ele>
      </trkpt>
      <trkpt lat="34.088550000" lon="-111.447460000">
        <ele>1668</ele>
      </trkpt>
      <trkpt lat="34.088510000" lon="-111.447290000">
        <ele>1665</ele>
      </trkpt>
      <trkpt lat="34.088360000" lon="-111.447050000">
        <ele>1668</ele>
      </trkpt>
      <trkpt lat="34.088330000" lon="-111.446800000">
        <ele>1663</ele>
      </trkpt>
      <trkpt lat="34.088460000" lon="-111.446540000">
        <ele>1661</ele>
      </trkpt>
      <trkpt lat="34.088590000" lon="-111.446470000">
        <ele>1655</ele>
      </trkpt>
      <trkpt lat="34.088620000" lon="-111.446420000">
        <ele>1653</ele>
      </trkpt>
      <trkpt lat="34.088600000" lon="-111.446370000">
        <ele>1655</ele>
      </trkpt>
      <trkpt lat="34.088510000" lon="-111.446310000">
        <ele>1655</ele>
      </trkpt>
      <trkpt lat="34.088270000" lon="-111.446280000">
        <ele>1649</ele>
      </trkpt>
      <trkpt lat="34.088020000" lon="-111.446310000">
        <ele>1648</ele>
      </trkpt>
      <trkpt lat="34.087920000" lon="-111.446180000">
        <ele>1640</ele>
      </trkpt>
      <trkpt lat="34.087900000" lon="-111.446100000">
        <ele>1639</ele>
      </trkpt>
      <trkpt lat="34.087950000" lon="-111.445810000">
        <ele>1631</ele>
      </trkpt>
      <trkpt lat="34.087860000" lon="-111.445250000">
        <ele>1615</ele>
      </trkpt>
      <trkpt lat="34.087860000" lon="-111.444970000">
        <ele>1607</ele>
      </trkpt>
      <trkpt lat="34.088030000" lon="-111.444740000">
        <ele>1599</ele>
      </trkpt>
      <trkpt lat="34.088310000" lon="-111.444610000">
        <ele>1595</ele>
      </trkpt>
      <trkpt lat="34.088550000" lon="-111.444540000">
        <ele>1595</ele>
      </trkpt>
      <trkpt lat="34.088680000" lon="-111.444350000">
        <ele>1598</ele>
      </trkpt>
      <trkpt lat="34.088760000" lon="-111.443890000">
        <ele>1602</ele>
      </trkpt>
      <trkpt lat="34.088940000" lon="-111.443550000">
        <ele>1589</ele>
      </trkpt>
      <trkpt lat="34.089290000" lon="-111.443450000">
        <ele>1572</ele>
      </trkpt>
      <trkpt lat="34.089570000" lon="-111.443400000">
        <ele>1570</ele>
      </trkpt>
      <trkpt lat="34.089390000" lon="-111.443490000">
        <ele>1567</ele>
      </trkpt>
      <trkpt lat="34.089650000" lon="-111.443610000">
        <ele>1556</ele>
      </trkpt>
      <trkpt lat="34.089870000" lon="-111.443540000">
        <ele>1555</ele>
      </trkpt>
      <trkpt lat="34.090070000" lon="-111.443520000">
        <ele>1550</ele>
      </trkpt>
      <trkpt lat="34.090170000" lon="-111.443430000">
        <ele>1550</ele>
      </trkpt>
      <trkpt lat="34.090300000" lon="-111.443410000">
        <ele>1544</ele>
      </trkpt>
      <trkpt lat="34.090330000" lon="-111.443370000">
        <ele>1545</ele>
      </trkpt>
      <trkpt lat="34.090380000" lon="-111.443380000">
        <ele>1542</ele>
      </trkpt>
      <trkpt lat="34.090300000" lon="-111.443430000">
        <ele>1544</ele>
      </trkpt>
      <trkpt lat="34.090280000" lon="-111.443480000">
        <ele>1542</ele>
      </trkpt>
      <trkpt lat="34.089720000" lon="-111.444060000">
        <ele>1530</ele>
      </trkpt>
      <trkpt lat="34.089700000" lon="-111.444240000">
        <ele>1527</ele>
      </trkpt>
      <trkpt lat="34.089930000" lon="-111.444090000">
        <ele>1522</ele>
      </trkpt>
      <trkpt lat="34.090220000" lon="-111.444000000">
        <ele>1514</ele>
      </trkpt>
      <trkpt lat="34.090400000" lon="-111.443850000">
        <ele>1515</ele>
      </trkpt>
      <trkpt lat="34.090540000" lon="-111.443780000">
        <ele>1514</ele>
      </trkpt>
      <trkpt lat="34.090770000" lon="-111.443700000">
        <ele>1508</ele>
      </trkpt>
      <trkpt lat="34.091160000" lon="-111.443480000">
        <ele>1503</ele>
      </trkpt>
      <trkpt lat="34.091110000" lon="-111.443580000">
        <ele>1501</ele>
      </trkpt>
      <trkpt lat="34.090940000" lon="-111.443720000">
        <ele>1500</ele>
      </trkpt>
      <trkpt lat="34.090900000" lon="-111.443730000">
        <ele>1501</ele>
      </trkpt>
      <trkpt lat="34.090610000" lon="-111.444050000">
        <ele>1492</ele>
      </trkpt>
      <trkpt lat="34.090250000" lon="-111.444570000">
        <ele>1486</ele>
      </trkpt>
      <trkpt lat="34.090620000" lon="-111.444300000">
        <ele>1481</ele>
      </trkpt>
      <trkpt lat="34.090790000" lon="-111.444010000">
        <ele>1488</ele>
      </trkpt>
      <trkpt lat="34.090960000" lon="-111.444170000">
        <ele>1475</ele>
      </trkpt>
      <trkpt lat="34.091100000" lon="-111.444030000">
        <ele>1476</ele>
      </trkpt>
      <trkpt lat="34.091200000" lon="-111.444040000">
        <ele>1473</ele>
      </trkpt>
      <trkpt lat="34.091460000" lon="-111.443960000">
        <ele>1470</ele>
      </trkpt>
      <trkpt lat="34.091760000" lon="-111.443730000">
        <ele>1474</ele>
      </trkpt>
      <trkpt lat="34.091840000" lon="-111.443570000">
        <ele>1474</ele>
      </trkpt>
      <trkpt lat="34.091820000" lon="-111.443450000">
        <ele>1473</ele>
      </trkpt>
      <trkpt lat="34.091790000" lon="-111.443400000">
        <ele>1473</ele>
      </trkpt>
      <trkpt lat="34.091600000" lon="-111.443180000">
        <ele>1476</ele>
      </trkpt>
      <trkpt lat="34.091580000" lon="-111.443120000">
        <ele>1476</ele>
      </trkpt>
      <trkpt lat="34.091490000" lon="-111.443070000">
        <ele>1478</ele>
      </trkpt>
      <trkpt lat="34.091580000" lon="-111.443120000">
        <ele>1476</ele>
      </trkpt>
      <trkpt lat="34.091630000" lon="-111.443210000">
        <ele>1475</ele>
      </trkpt>
      <trkpt lat="34.091720000" lon="-111.443270000">
        <ele>1472</ele>
      </trkpt>
      <trkpt lat="34.092140000" lon="-111.443790000">
        <ele>1455</ele>
      </trkpt>
      <trkpt lat="34.092240000" lon="-111.443850000">
        <ele>1451</ele>
      </trkpt>
      <trkpt lat="34.092440000" lon="-111.443910000">
        <ele>1445</ele>
      </trkpt>
      <trkpt lat="34.092500000" lon="-111.443900000">
        <ele>1445</ele>
      </trkpt>
      <trkpt lat="34.092550000" lon="-111.443860000">
        <ele>1448</ele>
      </trkpt>
      <trkpt lat="34.092570000" lon="-111.443790000">
        <ele>1450</ele>
      </trkpt>
      <trkpt lat="34.092490000" lon="-111.443700000">
        <ele>1451</ele>
      </trkpt>
      <trkpt lat="34.092310000" lon="-111.443590000">
        <ele>1452</ele>
      </trkpt>
      <trkpt lat="34.092080000" lon="-111.443260000">
        <ele>1449</ele>
      </trkpt>
      <trkpt lat="34.091890000" lon="-111.442940000">
        <ele>1448</ele>
      </trkpt>
      <trkpt lat="34.091810000" lon="-111.442870000">
        <ele>1451</ele>
      </trkpt>
      <trkpt lat="34.091770000" lon="-111.442710000">
        <ele>1439</ele>
      </trkpt>
      <trkpt lat="34.091680000" lon="-111.442640000">
        <ele>1440</ele>
      </trkpt>
      <trkpt lat="34.091590000" lon="-111.442330000">
        <ele>1435</ele>
      </trkpt>
      <trkpt lat="34.091530000" lon="-111.442220000">
        <ele>1433</ele>
      </trkpt>
      <trkpt lat="34.091510000" lon="-111.442120000">
        <ele>1431</ele>
      </trkpt>
      <trkpt lat="34.091530000" lon="-111.442000000">
        <ele>1430</ele>
      </trkpt>
      <trkpt lat="34.091620000" lon="-111.441770000">
        <ele>1424</ele>
      </trkpt>
      <trkpt lat="34.091650000" lon="-111.441600000">
        <ele>1420</ele>
      </trkpt>
      <trkpt lat="34.091750000" lon="-111.441390000">
        <ele>1416</ele>
      </trkpt>
      <trkpt lat="34.091830000" lon="-111.441320000">
        <ele>1415</ele>
      </trkpt>
      <trkpt lat="34.091940000" lon="-111.441160000">
        <ele>1417</ele>
      </trkpt>
      <trkpt lat="34.091970000" lon="-111.441010000">
        <ele>1421</ele>
      </trkpt>
      <trkpt lat="34.092050000" lon="-111.440930000">
        <ele>1416</ele>
      </trkpt>
      <trkpt lat="34.092010000" lon="-111.440820000">
        <ele>1421</ele>
      </trkpt>
      <trkpt lat="34.091910000" lon="-111.440690000">
        <ele>1419</ele>
      </trkpt>
      <trkpt lat="34.091860000" lon="-111.440580000">
        <ele>1415</ele>
      </trkpt>
      <trkpt lat="34.091990000" lon="-111.440220000">
        <ele>1408</ele>
      </trkpt>
      <trkpt lat="34.092000000" lon="-111.440100000">
        <ele>1406</ele>
      </trkpt>
      <trkpt lat="34.091960000" lon="-111.439990000">
        <ele>1404</ele>
      </trkpt>
      <trkpt lat="34.091850000" lon="-111.439840000">
        <ele>1405</ele>
      </trkpt>
      <trkpt lat="34.091710000" lon="-111.439770000">
        <ele>1406</ele>
      </trkpt>
      <trkpt lat="34.091360000" lon="-111.439380000">
        <ele>1398</ele>
      </trkpt>
      <trkpt lat="34.091300000" lon="-111.439220000">
        <ele>1403</ele>
      </trkpt>
      <trkpt lat="34.091260000" lon="-111.438920000">
        <ele>1389</ele>
      </trkpt>
      <trkpt lat="34.091120000" lon="-111.438530000">
        <ele>1384</ele>
      </trkpt>
      <trkpt lat="34.091140000" lon="-111.438420000">
        <ele>1382</ele>
      </trkpt>
      <trkpt lat="34.091180000" lon="-111.438380000">
        <ele>1380</ele>
      </trkpt>
      <trkpt lat="34.091210000" lon="-111.438270000">
        <ele>1381</ele>
      </trkpt>
      <trkpt lat="34.091300000" lon="-111.438250000">
        <ele>1377</ele>
      </trkpt>
      <trkpt lat="34.091530000" lon="-111.437920000">
        <ele>1384</ele>
      </trkpt>
      <trkpt lat="34.091560000" lon="-111.437740000">
        <ele>1384</ele>
      </trkpt>
      <trkpt lat="34.091520000" lon="-111.437350000">
        <ele>1385</ele>
      </trkpt>
      <trkpt lat="34.091540000" lon="-111.437230000">
        <ele>1384</ele>
      </trkpt>
      <trkpt lat="34.091520000" lon="-111.437170000">
        <ele>1385</ele>
      </trkpt>
      <trkpt lat="34.091490000" lon="-111.436880000">
        <ele>1382</ele>
      </trkpt>
      <trkpt lat="34.091390000" lon="-111.436560000">
        <ele>1381</ele>
      </trkpt>
      <trkpt lat="34.091430000" lon="-111.436380000">
        <ele>1382</ele>
      </trkpt>
      <trkpt lat="34.091650000" lon="-111.436110000">
        <ele>1376</ele>
      </trkpt>
      <trkpt lat="34.091730000" lon="-111.435890000">
        <ele>1371</ele>
      </trkpt>
      <trkpt lat="34.091710000" lon="-111.435580000">
        <ele>1371</ele>
      </trkpt>
      <trkpt lat="34.091980000" lon="-111.434980000">
        <ele>1361</ele>
      </trkpt>
      <trkpt lat="34.092070000" lon="-111.434560000">
        <ele>1358</ele>
      </trkpt>
      <trkpt lat="34.092020000" lon="-111.434200000">
        <ele>1357</ele>
      </trkpt>
      <trkpt lat="34.091960000" lon="-111.434020000">
        <ele>1356</ele>
      </trkpt>
      <trkpt lat="34.091850000" lon="-111.433880000">
        <ele>1358</ele>
      </trkpt>
      <trkpt lat="34.091500000" lon="-111.433640000">
        <ele>1363</ele>
      </trkpt>
      <trkpt lat="34.091580000" lon="-111.433460000">
        <ele>1355</ele>
      </trkpt>
      <trkpt lat="34.091700000" lon="-111.433250000">
        <ele>1351</ele>
      </trkpt>
      <trkpt lat="34.091790000" lon="-111.432970000">
        <ele>1349</ele>
      </trkpt>
      <trkpt lat="34.091820000" lon="-111.432840000">
        <ele>1348</ele>
      </trkpt>
      <trkpt lat="34.091820000" lon="-111.432520000">
        <ele>1347</ele>
      </trkpt>
      <trkpt lat="34.091800000" lon="-111.432400000">
        <ele>1347</ele>
      </trkpt>
      <trkpt lat="34.091700000" lon="-111.432180000">
        <ele>1347</ele>
      </trkpt>
      <trkpt lat="34.091660000" lon="-111.431620000">
        <ele>1341</ele>
      </trkpt>
      <trkpt lat="34.091550000" lon="-111.431120000">
        <ele>1339</ele>
      </trkpt>
      <trkpt lat="34.091400000" lon="-111.430690000">
        <ele>1336</ele>
      </trkpt>
      <trkpt lat="34.091410000" lon="-111.430390000">
        <ele>1333</ele>
      </trkpt>
      <trkpt lat="34.091360000" lon="-111.430200000">
        <ele>1332</ele>
      </trkpt>
      <trkpt lat="34.091150000" lon="-111.429770000">
        <ele>1332</ele>
      </trkpt>
      <trkpt lat="34.090900000" lon="-111.429720000">
        <ele>1339</ele>
      </trkpt>
      <trkpt lat="34.090510000" lon="-111.429560000">
        <ele>1335</ele>
      </trkpt>
      <trkpt lat="34.090470000" lon="-111.429510000">
        <ele>1332</ele>
      </trkpt>
      <trkpt lat="34.090480000" lon="-111.429460000">
        <ele>1330</ele>
      </trkpt>
      <trkpt lat="34.090770000" lon="-111.429340000">
        <ele>1319</ele>
      </trkpt>
      <trkpt lat="34.090860000" lon="-111.429280000">
        <ele>1316</ele>
      </trkpt>
      <trkpt lat="34.091040000" lon="-111.429070000">
        <ele>1317</ele>
      </trkpt>
      <trkpt lat="34.091220000" lon="-111.428940000">
        <ele>1314</ele>
      </trkpt>
      <trkpt lat="34.091350000" lon="-111.428760000">
        <ele>1311</ele>
      </trkpt>
      <trkpt lat="34.091440000" lon="-111.428400000">
        <ele>1312</ele>
      </trkpt>
      <trkpt lat="34.091400000" lon="-111.428150000">
        <ele>1310</ele>
      </trkpt>
      <trkpt lat="34.091520000" lon="-111.428040000">
        <ele>1307</ele>
      </trkpt>
      <trkpt lat="34.091690000" lon="-111.427800000">
        <ele>1307</ele>
      </trkpt>
      <trkpt lat="34.091800000" lon="-111.427570000">
        <ele>1305</ele>
      </trkpt>
      <trkpt lat="34.091810000" lon="-111.427500000">
        <ele>1305</ele>
      </trkpt>
      <trkpt lat="34.092080000" lon="-111.426800000">
        <ele>1300</ele>
      </trkpt>
      <trkpt lat="34.092100000" lon="-111.426670000">
        <ele>1299</ele>
      </trkpt>
      <trkpt lat="34.092080000" lon="-111.426550000">
        <ele>1299</ele>
      </trkpt>
      <trkpt lat="34.092030000" lon="-111.426460000">
        <ele>1297</ele>
      </trkpt>
      <trkpt lat="34.091930000" lon="-111.426390000">
        <ele>1297</ele>
      </trkpt>
      <trkpt lat="34.091780000" lon="-111.426350000">
        <ele>1301</ele>
      </trkpt>
      <trkpt lat="34.091630000" lon="-111.426200000">
        <ele>1300</ele>
      </trkpt>
      <trkpt lat="34.091720000" lon="-111.426190000">
        <ele>1298</ele>
      </trkpt>
      <trkpt lat="34.091880000" lon="-111.426120000">
        <ele>1292</ele>
      </trkpt>
      <trkpt lat="34.091910000" lon="-111.426090000">
        <ele>1292</ele>
      </trkpt>
      <trkpt lat="34.091960000" lon="-111.425960000">
        <ele>1293</ele>
      </trkpt>
      <trkpt lat="34.091970000" lon="-111.425900000">
        <ele>1294</ele>
      </trkpt>
      <trkpt lat="34.091920000" lon="-111.425790000">
        <ele>1297</ele>
      </trkpt>
      <trkpt lat="34.091940000" lon="-111.425740000">
        <ele>1297</ele>
      </trkpt>
      <trkpt lat="34.091990000" lon="-111.425750000">
        <ele>1296</ele>
      </trkpt>
      <trkpt lat="34.092020000" lon="-111.425700000">
        <ele>1295</ele>
      </trkpt>
      <trkpt lat="34.092080000" lon="-111.425590000">
        <ele>1295</ele>
      </trkpt>
      <trkpt lat="34.092150000" lon="-111.425350000">
        <ele>1295</ele>
      </trkpt>
      <trkpt lat="34.092230000" lon="-111.425270000">
        <ele>1294</ele>
      </trkpt>
      <trkpt lat="34.092410000" lon="-111.424970000">
        <ele>1291</ele>
      </trkpt>
      <trkpt lat="34.092570000" lon="-111.424240000">
        <ele>1288</ele>
      </trkpt>
      <trkpt lat="34.092580000" lon="-111.423750000">
        <ele>1284</ele>
      </trkpt>
      <trkpt lat="34.092540000" lon="-111.423160000">
        <ele>1282</ele>
      </trkpt>
      <trkpt lat="34.092620000" lon="-111.423010000">
        <ele>1280</ele>
      </trkpt>
      <trkpt lat="34.092650000" lon="-111.422890000">
        <ele>1279</ele>
      </trkpt>
      <trkpt lat="34.092600000" lon="-111.422710000">
        <ele>1279</ele>
      </trkpt>
      <trkpt lat="34.092640000" lon="-111.422530000">
        <ele>1278</ele>
      </trkpt>
      <trkpt lat="34.092610000" lon="-111.422300000">
        <ele>1279</ele>
      </trkpt>
      <trkpt lat="34.092680000" lon="-111.422140000">
        <ele>1279</ele>
      </trkpt>
      <trkpt lat="34.092820000" lon="-111.422170000">
        <ele>1278</ele>
      </trkpt>
      <trkpt lat="34.092920000" lon="-111.422130000">
        <ele>1278</ele>
      </trkpt>
    </trkseg>
  </trk>
</gpx>
