<?xml version="1.0" encoding="UTF-8"?>
<gpx version="1.1" creator="GPSBabel - https://www.gpsbabel.org" xmlns="http://www.topografix.com/GPX/1/1" xmlns:xsi="http://www.w3.org/2001/XMLSchema-instance" xmlns:gpxx="http://www.garmin.com/xmlschemas/GpxExtensions/v3">
  <metadata>
    <name>Fig Trail and a Kayak</name>
    <desc>Fig Trail and a Kayak</desc>
    <time>2026-08-30T18:02:56.239Z</time>
    <bounds minlat="33.872480000" minlon="-111.704190000" maxlat="33.948150000" maxlon="-111.613920000"/>
  </metadata>
  <trk>
    <name>Fig Trail and a Kayak</name>
    <trkseg>
      <trkpt lat="33.943640000" lon="-111.704190000">
        <ele>665</ele>
      </trkpt>
      <trkpt lat="33.943630000" lon="-111.704120000">
        <ele>665</ele>
      </trkpt>
      <trkpt lat="33.943680000" lon="-111.704000000">
        <ele>665</ele>
      </trkpt>
      <trkpt lat="33.943740000" lon="-111.703900000">
        <ele>666</ele>
      </trkpt>
      <trkpt lat="33.943900000" lon="-111.703750000">
        <ele>665</ele>
      </trkpt>
      <trkpt lat="33.943960000" lon="-111.703570000">
        <ele>664</ele>
      </trkpt>
      <trkpt lat="33.943960000" lon="-111.703380000">
        <ele>662</ele>
      </trkpt>
      <trkpt lat="33.944010000" lon="-111.703200000">
        <ele>660</ele>
      </trkpt>
      <trkpt lat="33.944010000" lon="-111.703070000">
        <ele>658</ele>
      </trkpt>
      <trkpt lat="33.944090000" lon="-111.702750000">
        <ele>653</ele>
      </trkpt>
      <trkpt lat="33.944090000" lon="-111.702620000">
        <ele>651</ele>
      </trkpt>
      <trkpt lat="33.944260000" lon="-111.701990000">
        <ele>651</ele>
      </trkpt>
      <trkpt lat="33.944270000" lon="-111.701600000">
        <ele>654</ele>
      </trkpt>
      <trkpt lat="33.944230000" lon="-111.701480000">
        <ele>654</ele>
      </trkpt>
      <trkpt lat="33.944250000" lon="-111.701370000">
        <ele>655</ele>
      </trkpt>
      <trkpt lat="33.944450000" lon="-111.700820000">
        <ele>663</ele>
      </trkpt>
      <trkpt lat="33.944580000" lon="-111.700570000">
        <ele>662</ele>
      </trkpt>
      <trkpt lat="33.944660000" lon="-111.700490000">
        <ele>662</ele>
      </trkpt>
      <trkpt lat="33.944710000" lon="-111.700390000">
        <ele>664</ele>
      </trkpt>
      <trkpt lat="33.944880000" lon="-111.700230000">
        <ele>666</ele>
      </trkpt>
      <trkpt lat="33.944900000" lon="-111.700170000">
        <ele>667</ele>
      </trkpt>
      <trkpt lat="33.945050000" lon="-111.700000000">
        <ele>665</ele>
      </trkpt>
      <trkpt lat="33.945090000" lon="-111.699880000">
        <ele>665</ele>
      </trkpt>
      <trkpt lat="33.945290000" lon="-111.699440000">
        <ele>663</ele>
      </trkpt>
      <trkpt lat="33.945330000" lon="-111.699310000">
        <ele>663</ele>
      </trkpt>
      <trkpt lat="33.945330000" lon="-111.699190000">
        <ele>662</ele>
      </trkpt>
      <trkpt lat="33.945410000" lon="-111.698890000">
        <ele>660</ele>
      </trkpt>
      <trkpt lat="33.945390000" lon="-111.698580000">
        <ele>659</ele>
      </trkpt>
      <trkpt lat="33.945440000" lon="-111.698330000">
        <ele>658</ele>
      </trkpt>
      <trkpt lat="33.945530000" lon="-111.698170000">
        <ele>658</ele>
      </trkpt>
      <trkpt lat="33.945720000" lon="-111.697720000">
        <ele>657</ele>
      </trkpt>
      <trkpt lat="33.945750000" lon="-111.697420000">
        <ele>653</ele>
      </trkpt>
      <trkpt lat="33.945860000" lon="-111.697140000">
        <ele>650</ele>
      </trkpt>
      <trkpt lat="33.946040000" lon="-111.696810000">
        <ele>646</ele>
      </trkpt>
      <trkpt lat="33.946200000" lon="-111.696650000">
        <ele>646</ele>
      </trkpt>
      <trkpt lat="33.946300000" lon="-111.696500000">
        <ele>646</ele>
      </trkpt>
      <trkpt lat="33.946540000" lon="-111.696250000">
        <ele>646</ele>
      </trkpt>
      <trkpt lat="33.946590000" lon="-111.696140000">
        <ele>646</ele>
      </trkpt>
      <trkpt lat="33.946740000" lon="-111.695940000">
        <ele>645</ele>
      </trkpt>
      <trkpt lat="33.946760000" lon="-111.695890000">
        <ele>644</ele>
      </trkpt>
      <trkpt lat="33.946710000" lon="-111.695900000">
        <ele>645</ele>
      </trkpt>
      <trkpt lat="33.946760000" lon="-111.695890000">
        <ele>644</ele>
      </trkpt>
      <trkpt lat="33.947070000" lon="-111.695620000">
        <ele>637</ele>
      </trkpt>
      <trkpt lat="33.947200000" lon="-111.695410000">
        <ele>635</ele>
      </trkpt>
      <trkpt lat="33.947300000" lon="-111.695170000">
        <ele>634</ele>
      </trkpt>
      <trkpt lat="33.947320000" lon="-111.694870000">
        <ele>634</ele>
      </trkpt>
      <trkpt lat="33.947280000" lon="-111.694630000">
        <ele>634</ele>
      </trkpt>
      <trkpt lat="33.947300000" lon="-111.694500000">
        <ele>635</ele>
      </trkpt>
      <trkpt lat="33.947420000" lon="-111.694310000">
        <ele>635</ele>
      </trkpt>
      <trkpt lat="33.947580000" lon="-111.694080000">
        <ele>635</ele>
      </trkpt>
      <trkpt lat="33.947620000" lon="-111.693970000">
        <ele>635</ele>
      </trkpt>
      <trkpt lat="33.947600000" lon="-111.693650000">
        <ele>634</ele>
      </trkpt>
      <trkpt lat="33.947610000" lon="-111.693530000">
        <ele>634</ele>
      </trkpt>
      <trkpt lat="33.947680000" lon="-111.693350000">
        <ele>633</ele>
      </trkpt>
      <trkpt lat="33.947740000" lon="-111.692970000">
        <ele>626</ele>
      </trkpt>
      <trkpt lat="33.947880000" lon="-111.692700000">
        <ele>624</ele>
      </trkpt>
      <trkpt lat="33.947920000" lon="-111.692520000">
        <ele>624</ele>
      </trkpt>
      <trkpt lat="33.947870000" lon="-111.692280000">
        <ele>622</ele>
      </trkpt>
      <trkpt lat="33.947750000" lon="-111.691870000">
        <ele>622</ele>
      </trkpt>
      <trkpt lat="33.947770000" lon="-111.691510000">
        <ele>622</ele>
      </trkpt>
      <trkpt lat="33.947760000" lon="-111.691390000">
        <ele>623</ele>
      </trkpt>
      <trkpt lat="33.947720000" lon="-111.691270000">
        <ele>624</ele>
      </trkpt>
      <trkpt lat="33.947610000" lon="-111.691240000">
        <ele>624</ele>
      </trkpt>
      <trkpt lat="33.947420000" lon="-111.691300000">
        <ele>620</ele>
      </trkpt>
      <trkpt lat="33.947370000" lon="-111.691340000">
        <ele>619</ele>
      </trkpt>
      <trkpt lat="33.947320000" lon="-111.691520000">
        <ele>614</ele>
      </trkpt>
      <trkpt lat="33.947350000" lon="-111.691820000">
        <ele>613</ele>
      </trkpt>
      <trkpt lat="33.947430000" lon="-111.691990000">
        <ele>614</ele>
      </trkpt>
      <trkpt lat="33.947450000" lon="-111.692180000">
        <ele>613</ele>
      </trkpt>
      <trkpt lat="33.947430000" lon="-111.692230000">
        <ele>614</ele>
      </trkpt>
      <trkpt lat="33.947380000" lon="-111.692250000">
        <ele>613</ele>
      </trkpt>
      <trkpt lat="33.947220000" lon="-111.692240000">
        <ele>610</ele>
      </trkpt>
      <trkpt lat="33.947170000" lon="-111.692220000">
        <ele>609</ele>
      </trkpt>
      <trkpt lat="33.947050000" lon="-111.692080000">
        <ele>608</ele>
      </trkpt>
      <trkpt lat="33.947060000" lon="-111.691830000">
        <ele>606</ele>
      </trkpt>
      <trkpt lat="33.946930000" lon="-111.691570000">
        <ele>604</ele>
      </trkpt>
      <trkpt lat="33.946910000" lon="-111.691380000">
        <ele>604</ele>
      </trkpt>
      <trkpt lat="33.946880000" lon="-111.691270000">
        <ele>604</ele>
      </trkpt>
      <trkpt lat="33.946890000" lon="-111.691080000">
        <ele>604</ele>
      </trkpt>
      <trkpt lat="33.946950000" lon="-111.690940000">
        <ele>600</ele>
      </trkpt>
      <trkpt lat="33.946930000" lon="-111.690820000">
        <ele>597</ele>
      </trkpt>
      <trkpt lat="33.946850000" lon="-111.690650000">
        <ele>596</ele>
      </trkpt>
      <trkpt lat="33.946700000" lon="-111.690600000">
        <ele>597</ele>
      </trkpt>
      <trkpt lat="33.946450000" lon="-111.690420000">
        <ele>597</ele>
      </trkpt>
      <trkpt lat="33.946490000" lon="-111.690450000">
        <ele>596</ele>
      </trkpt>
      <trkpt lat="33.946590000" lon="-111.690320000">
        <ele>596</ele>
      </trkpt>
      <trkpt lat="33.946720000" lon="-111.690240000">
        <ele>596</ele>
      </trkpt>
      <trkpt lat="33.946770000" lon="-111.690240000">
        <ele>596</ele>
      </trkpt>
      <trkpt lat="33.946810000" lon="-111.690200000">
        <ele>596</ele>
      </trkpt>
      <trkpt lat="33.946840000" lon="-111.690240000">
        <ele>596</ele>
      </trkpt>
      <trkpt lat="33.946940000" lon="-111.690240000">
        <ele>595</ele>
      </trkpt>
      <trkpt lat="33.947000000" lon="-111.690150000">
        <ele>596</ele>
      </trkpt>
      <trkpt lat="33.947040000" lon="-111.690130000">
        <ele>596</ele>
      </trkpt>
      <trkpt lat="33.947160000" lon="-111.690240000">
        <ele>595</ele>
      </trkpt>
      <trkpt lat="33.947190000" lon="-111.690290000">
        <ele>595</ele>
      </trkpt>
      <trkpt lat="33.947290000" lon="-111.690320000">
        <ele>595</ele>
      </trkpt>
      <trkpt lat="33.947420000" lon="-111.690280000">
        <ele>595</ele>
      </trkpt>
      <trkpt lat="33.947550000" lon="-111.690180000">
        <ele>596</ele>
      </trkpt>
      <trkpt lat="33.947580000" lon="-111.690130000">
        <ele>597</ele>
      </trkpt>
      <trkpt lat="33.947550000" lon="-111.689950000">
        <ele>595</ele>
      </trkpt>
      <trkpt lat="33.947560000" lon="-111.689760000">
        <ele>593</ele>
      </trkpt>
      <trkpt lat="33.947640000" lon="-111.689540000">
        <ele>588</ele>
      </trkpt>
      <trkpt lat="33.947720000" lon="-111.689440000">
        <ele>586</ele>
      </trkpt>
      <trkpt lat="33.947810000" lon="-111.689410000">
        <ele>587</ele>
      </trkpt>
      <trkpt lat="33.947990000" lon="-111.689200000">
        <ele>586</ele>
      </trkpt>
      <trkpt lat="33.948010000" lon="-111.689070000">
        <ele>586</ele>
      </trkpt>
      <trkpt lat="33.948050000" lon="-111.688950000">
        <ele>588</ele>
      </trkpt>
      <trkpt lat="33.947990000" lon="-111.688540000">
        <ele>585</ele>
      </trkpt>
      <trkpt lat="33.948000000" lon="-111.688470000">
        <ele>585</ele>
      </trkpt>
      <trkpt lat="33.948080000" lon="-111.688310000">
        <ele>585</ele>
      </trkpt>
      <trkpt lat="33.948100000" lon="-111.688200000">
        <ele>585</ele>
      </trkpt>
      <trkpt lat="33.948150000" lon="-111.688030000">
        <ele>585</ele>
      </trkpt>
      <trkpt lat="33.948110000" lon="-111.687610000">
        <ele>585</ele>
      </trkpt>
      <trkpt lat="33.948030000" lon="-111.687530000">
        <ele>585</ele>
      </trkpt>
      <trkpt lat="33.947780000" lon="-111.687480000">
        <ele>584</ele>
      </trkpt>
      <trkpt lat="33.947750000" lon="-111.687440000">
        <ele>584</ele>
      </trkpt>
      <trkpt lat="33.947610000" lon="-111.687140000">
        <ele>577</ele>
      </trkpt>
      <trkpt lat="33.947530000" lon="-111.686900000">
        <ele>574</ele>
      </trkpt>
      <trkpt lat="33.947520000" lon="-111.686720000">
        <ele>574</ele>
      </trkpt>
      <trkpt lat="33.947460000" lon="-111.686610000">
        <ele>575</ele>
      </trkpt>
      <trkpt lat="33.947440000" lon="-111.686360000">
        <ele>576</ele>
      </trkpt>
      <trkpt lat="33.947360000" lon="-111.686200000">
        <ele>575</ele>
      </trkpt>
      <trkpt lat="33.947350000" lon="-111.685830000">
        <ele>574</ele>
      </trkpt>
      <trkpt lat="33.947320000" lon="-111.685780000">
        <ele>575</ele>
      </trkpt>
      <trkpt lat="33.947250000" lon="-111.685490000">
        <ele>576</ele>
      </trkpt>
      <trkpt lat="33.947230000" lon="-111.684930000">
        <ele>577</ele>
      </trkpt>
      <trkpt lat="33.947120000" lon="-111.684710000">
        <ele>579</ele>
      </trkpt>
      <trkpt lat="33.947040000" lon="-111.684620000">
        <ele>580</ele>
      </trkpt>
      <trkpt lat="33.946950000" lon="-111.684580000">
        <ele>581</ele>
      </trkpt>
      <trkpt lat="33.946830000" lon="-111.684460000">
        <ele>581</ele>
      </trkpt>
      <trkpt lat="33.946410000" lon="-111.684160000">
        <ele>581</ele>
      </trkpt>
      <trkpt lat="33.946340000" lon="-111.684060000">
        <ele>581</ele>
      </trkpt>
      <trkpt lat="33.946040000" lon="-111.683890000">
        <ele>581</ele>
      </trkpt>
      <trkpt lat="33.945940000" lon="-111.683900000">
        <ele>581</ele>
      </trkpt>
      <trkpt lat="33.945700000" lon="-111.684000000">
        <ele>582</ele>
      </trkpt>
      <trkpt lat="33.945550000" lon="-111.684020000">
        <ele>583</ele>
      </trkpt>
      <trkpt lat="33.945460000" lon="-111.683980000">
        <ele>583</ele>
      </trkpt>
      <trkpt lat="33.945380000" lon="-111.683900000">
        <ele>584</ele>
      </trkpt>
      <trkpt lat="33.945300000" lon="-111.683730000">
        <ele>583</ele>
      </trkpt>
      <trkpt lat="33.945310000" lon="-111.683620000">
        <ele>580</ele>
      </trkpt>
      <trkpt lat="33.945350000" lon="-111.683590000">
        <ele>579</ele>
      </trkpt>
      <trkpt lat="33.945300000" lon="-111.683600000">
        <ele>579</ele>
      </trkpt>
      <trkpt lat="33.945160000" lon="-111.683510000">
        <ele>576</ele>
      </trkpt>
      <trkpt lat="33.945050000" lon="-111.683380000">
        <ele>568</ele>
      </trkpt>
      <trkpt lat="33.944950000" lon="-111.683390000">
        <ele>572</ele>
      </trkpt>
      <trkpt lat="33.944910000" lon="-111.683370000">
        <ele>570</ele>
      </trkpt>
      <trkpt lat="33.944870000" lon="-111.683200000">
        <ele>559</ele>
      </trkpt>
      <trkpt lat="33.945050000" lon="-111.683170000">
        <ele>558</ele>
      </trkpt>
      <trkpt lat="33.945020000" lon="-111.683120000">
        <ele>557</ele>
      </trkpt>
      <trkpt lat="33.944970000" lon="-111.683140000">
        <ele>557</ele>
      </trkpt>
      <trkpt lat="33.944850000" lon="-111.683020000">
        <ele>556</ele>
      </trkpt>
      <trkpt lat="33.944780000" lon="-111.683010000">
        <ele>557</ele>
      </trkpt>
      <trkpt lat="33.944640000" lon="-111.682940000">
        <ele>557</ele>
      </trkpt>
      <trkpt lat="33.944560000" lon="-111.682860000">
        <ele>556</ele>
      </trkpt>
      <trkpt lat="33.944470000" lon="-111.682850000">
        <ele>556</ele>
      </trkpt>
      <trkpt lat="33.944550000" lon="-111.682800000">
        <ele>556</ele>
      </trkpt>
      <trkpt lat="33.944750000" lon="-111.682910000">
        <ele>556</ele>
      </trkpt>
      <trkpt lat="33.944800000" lon="-111.682920000">
        <ele>556</ele>
      </trkpt>
      <trkpt lat="33.944950000" lon="-111.682880000">
        <ele>556</ele>
      </trkpt>
      <trkpt lat="33.945140000" lon="-111.682780000">
        <ele>557</ele>
      </trkpt>
      <trkpt lat="33.945240000" lon="-111.682790000">
        <ele>557</ele>
      </trkpt>
      <trkpt lat="33.945550000" lon="-111.682920000">
        <ele>556</ele>
      </trkpt>
      <trkpt lat="33.945650000" lon="-111.682910000">
        <ele>556</ele>
      </trkpt>
      <trkpt lat="33.945700000" lon="-111.682880000">
        <ele>556</ele>
      </trkpt>
      <trkpt lat="33.945750000" lon="-111.682710000">
        <ele>559</ele>
      </trkpt>
      <trkpt lat="33.945720000" lon="-111.682660000">
        <ele>560</ele>
      </trkpt>
      <trkpt lat="33.945740000" lon="-111.682610000">
        <ele>561</ele>
      </trkpt>
      <trkpt lat="33.945840000" lon="-111.682600000">
        <ele>561</ele>
      </trkpt>
      <trkpt lat="33.945880000" lon="-111.682700000">
        <ele>560</ele>
      </trkpt>
      <trkpt lat="33.945790000" lon="-111.682840000">
        <ele>557</ele>
      </trkpt>
      <trkpt lat="33.945670000" lon="-111.682930000">
        <ele>556</ele>
      </trkpt>
      <trkpt lat="33.945510000" lon="-111.682930000">
        <ele>556</ele>
      </trkpt>
      <trkpt lat="33.945230000" lon="-111.682790000">
        <ele>557</ele>
      </trkpt>
      <trkpt lat="33.945170000" lon="-111.682790000">
        <ele>557</ele>
      </trkpt>
      <trkpt lat="33.944840000" lon="-111.682930000">
        <ele>556</ele>
      </trkpt>
      <trkpt lat="33.944820000" lon="-111.682980000">
        <ele>556</ele>
      </trkpt>
      <trkpt lat="33.944780000" lon="-111.682990000">
        <ele>556</ele>
      </trkpt>
      <trkpt lat="33.944670000" lon="-111.682950000">
        <ele>557</ele>
      </trkpt>
      <trkpt lat="33.944560000" lon="-111.682840000">
        <ele>556</ele>
      </trkpt>
      <trkpt lat="33.944460000" lon="-111.682850000">
        <ele>556</ele>
      </trkpt>
      <trkpt lat="33.944500000" lon="-111.682810000">
        <ele>555</ele>
      </trkpt>
      <trkpt lat="33.944630000" lon="-111.682900000">
        <ele>556</ele>
      </trkpt>
      <trkpt lat="33.944680000" lon="-111.682950000">
        <ele>557</ele>
      </trkpt>
      <trkpt lat="33.944690000" lon="-111.683010000">
        <ele>558</ele>
      </trkpt>
      <trkpt lat="33.944580000" lon="-111.682880000">
        <ele>556</ele>
      </trkpt>
      <trkpt lat="33.944490000" lon="-111.682880000">
        <ele>557</ele>
      </trkpt>
      <trkpt lat="33.944510000" lon="-111.682830000">
        <ele>555</ele>
      </trkpt>
      <trkpt lat="33.944480000" lon="-111.682870000">
        <ele>556</ele>
      </trkpt>
      <trkpt lat="33.944490000" lon="-111.682930000">
        <ele>558</ele>
      </trkpt>
      <trkpt lat="33.944510000" lon="-111.682810000">
        <ele>556</ele>
      </trkpt>
      <trkpt lat="33.944440000" lon="-111.682880000">
        <ele>557</ele>
      </trkpt>
      <trkpt lat="33.944480000" lon="-111.682860000">
        <ele>556</ele>
      </trkpt>
      <trkpt lat="33.944440000" lon="-111.682870000">
        <ele>557</ele>
      </trkpt>
      <trkpt lat="33.944530000" lon="-111.682850000">
        <ele>556</ele>
      </trkpt>
      <trkpt lat="33.944480000" lon="-111.682830000">
        <ele>556</ele>
      </trkpt>
      <trkpt lat="33.944520000" lon="-111.682830000">
        <ele>556</ele>
      </trkpt>
      <trkpt lat="33.944320000" lon="-111.682790000">
        <ele>556</ele>
      </trkpt>
      <trkpt lat="33.944200000" lon="-111.682700000">
        <ele>555</ele>
      </trkpt>
      <trkpt lat="33.944160000" lon="-111.682580000">
        <ele>555</ele>
      </trkpt>
      <trkpt lat="33.944150000" lon="-111.682530000">
        <ele>556</ele>
      </trkpt>
      <trkpt lat="33.944240000" lon="-111.682390000">
        <ele>556</ele>
      </trkpt>
      <trkpt lat="33.944240000" lon="-111.682280000">
        <ele>557</ele>
      </trkpt>
      <trkpt lat="33.944270000" lon="-111.682330000">
        <ele>557</ele>
      </trkpt>
      <trkpt lat="33.944220000" lon="-111.682320000">
        <ele>556</ele>
      </trkpt>
      <trkpt lat="33.944250000" lon="-111.682280000">
        <ele>557</ele>
      </trkpt>
      <trkpt lat="33.944160000" lon="-111.682250000">
        <ele>556</ele>
      </trkpt>
      <trkpt lat="33.944090000" lon="-111.682160000">
        <ele>557</ele>
      </trkpt>
      <trkpt lat="33.943990000" lon="-111.682100000">
        <ele>556</ele>
      </trkpt>
      <trkpt lat="33.943750000" lon="-111.681900000">
        <ele>556</ele>
      </trkpt>
      <trkpt lat="33.943620000" lon="-111.681730000">
        <ele>556</ele>
      </trkpt>
      <trkpt lat="33.943600000" lon="-111.681670000">
        <ele>557</ele>
      </trkpt>
      <trkpt lat="33.943480000" lon="-111.681570000">
        <ele>556</ele>
      </trkpt>
      <trkpt lat="33.943460000" lon="-111.681520000">
        <ele>557</ele>
      </trkpt>
      <trkpt lat="33.943490000" lon="-111.681470000">
        <ele>558</ele>
      </trkpt>
      <trkpt lat="33.943620000" lon="-111.681370000">
        <ele>561</ele>
      </trkpt>
      <trkpt lat="33.943760000" lon="-111.681200000">
        <ele>563</ele>
      </trkpt>
      <trkpt lat="33.944280000" lon="-111.680850000">
        <ele>564</ele>
      </trkpt>
      <trkpt lat="33.944310000" lon="-111.680810000">
        <ele>563</ele>
      </trkpt>
      <trkpt lat="33.944310000" lon="-111.680740000">
        <ele>563</ele>
      </trkpt>
      <trkpt lat="33.944270000" lon="-111.680680000">
        <ele>563</ele>
      </trkpt>
      <trkpt lat="33.944230000" lon="-111.680660000">
        <ele>562</ele>
      </trkpt>
      <trkpt lat="33.944130000" lon="-111.680670000">
        <ele>562</ele>
      </trkpt>
      <trkpt lat="33.944090000" lon="-111.680700000">
        <ele>562</ele>
      </trkpt>
      <trkpt lat="33.944030000" lon="-111.680680000">
        <ele>561</ele>
      </trkpt>
      <trkpt lat="33.943920000" lon="-111.680570000">
        <ele>561</ele>
      </trkpt>
      <trkpt lat="33.943850000" lon="-111.680480000">
        <ele>561</ele>
      </trkpt>
      <trkpt lat="33.943640000" lon="-111.680330000">
        <ele>561</ele>
      </trkpt>
      <trkpt lat="33.943620000" lon="-111.680280000">
        <ele>561</ele>
      </trkpt>
      <trkpt lat="33.943630000" lon="-111.680210000">
        <ele>561</ele>
      </trkpt>
      <trkpt lat="33.943570000" lon="-111.680110000">
        <ele>561</ele>
      </trkpt>
      <trkpt lat="33.943630000" lon="-111.679930000">
        <ele>563</ele>
      </trkpt>
      <trkpt lat="33.943660000" lon="-111.679880000">
        <ele>564</ele>
      </trkpt>
      <trkpt lat="33.943800000" lon="-111.679800000">
        <ele>566</ele>
      </trkpt>
      <trkpt lat="33.943940000" lon="-111.679770000">
        <ele>567</ele>
      </trkpt>
      <trkpt lat="33.943980000" lon="-111.679740000">
        <ele>568</ele>
      </trkpt>
      <trkpt lat="33.944040000" lon="-111.679650000">
        <ele>569</ele>
      </trkpt>
      <trkpt lat="33.944090000" lon="-111.679640000">
        <ele>570</ele>
      </trkpt>
      <trkpt lat="33.944120000" lon="-111.679510000">
        <ele>570</ele>
      </trkpt>
      <trkpt lat="33.944190000" lon="-111.679420000">
        <ele>571</ele>
      </trkpt>
      <trkpt lat="33.944220000" lon="-111.679320000">
        <ele>572</ele>
      </trkpt>
      <trkpt lat="33.944310000" lon="-111.679270000">
        <ele>573</ele>
      </trkpt>
      <trkpt lat="33.944360000" lon="-111.679270000">
        <ele>573</ele>
      </trkpt>
      <trkpt lat="33.944390000" lon="-111.679220000">
        <ele>574</ele>
      </trkpt>
      <trkpt lat="33.944460000" lon="-111.679050000">
        <ele>576</ele>
      </trkpt>
      <trkpt lat="33.944540000" lon="-111.678640000">
        <ele>580</ele>
      </trkpt>
      <trkpt lat="33.944540000" lon="-111.678400000">
        <ele>579</ele>
      </trkpt>
      <trkpt lat="33.944620000" lon="-111.678170000">
        <ele>579</ele>
      </trkpt>
      <trkpt lat="33.944750000" lon="-111.677950000">
        <ele>580</ele>
      </trkpt>
      <trkpt lat="33.944810000" lon="-111.677650000">
        <ele>579</ele>
      </trkpt>
      <trkpt lat="33.944870000" lon="-111.677540000">
        <ele>579</ele>
      </trkpt>
      <trkpt lat="33.944880000" lon="-111.677470000">
        <ele>579</ele>
      </trkpt>
      <trkpt lat="33.944960000" lon="-111.677310000">
        <ele>580</ele>
      </trkpt>
      <trkpt lat="33.945130000" lon="-111.676710000">
        <ele>582</ele>
      </trkpt>
      <trkpt lat="33.945130000" lon="-111.676040000">
        <ele>581</ele>
      </trkpt>
      <trkpt lat="33.945050000" lon="-111.675810000">
        <ele>580</ele>
      </trkpt>
      <trkpt lat="33.945010000" lon="-111.675490000">
        <ele>579</ele>
      </trkpt>
      <trkpt lat="33.945040000" lon="-111.675010000">
        <ele>580</ele>
      </trkpt>
      <trkpt lat="33.944980000" lon="-111.674840000">
        <ele>580</ele>
      </trkpt>
      <trkpt lat="33.944910000" lon="-111.674750000">
        <ele>580</ele>
      </trkpt>
      <trkpt lat="33.944720000" lon="-111.674160000">
        <ele>583</ele>
      </trkpt>
      <trkpt lat="33.944650000" lon="-111.674070000">
        <ele>583</ele>
      </trkpt>
      <trkpt lat="33.944420000" lon="-111.673460000">
        <ele>584</ele>
      </trkpt>
      <trkpt lat="33.944390000" lon="-111.673270000">
        <ele>585</ele>
      </trkpt>
      <trkpt lat="33.944340000" lon="-111.673170000">
        <ele>584</ele>
      </trkpt>
      <trkpt lat="33.944270000" lon="-111.672810000">
        <ele>584</ele>
      </trkpt>
      <trkpt lat="33.944250000" lon="-111.672510000">
        <ele>584</ele>
      </trkpt>
      <trkpt lat="33.944210000" lon="-111.672480000">
        <ele>584</ele>
      </trkpt>
      <trkpt lat="33.944190000" lon="-111.672420000">
        <ele>584</ele>
      </trkpt>
      <trkpt lat="33.944200000" lon="-111.672300000">
        <ele>585</ele>
      </trkpt>
      <trkpt lat="33.944170000" lon="-111.672070000">
        <ele>586</ele>
      </trkpt>
      <trkpt lat="33.944080000" lon="-111.671920000">
        <ele>587</ele>
      </trkpt>
      <trkpt lat="33.944090000" lon="-111.671850000">
        <ele>587</ele>
      </trkpt>
      <trkpt lat="33.944010000" lon="-111.671500000">
        <ele>590</ele>
      </trkpt>
      <trkpt lat="33.943990000" lon="-111.671130000">
        <ele>590</ele>
      </trkpt>
      <trkpt lat="33.944010000" lon="-111.671010000">
        <ele>589</ele>
      </trkpt>
      <trkpt lat="33.944100000" lon="-111.670840000">
        <ele>589</ele>
      </trkpt>
      <trkpt lat="33.944100000" lon="-111.670780000">
        <ele>589</ele>
      </trkpt>
      <trkpt lat="33.944070000" lon="-111.670730000">
        <ele>587</ele>
      </trkpt>
      <trkpt lat="33.944020000" lon="-111.670760000">
        <ele>586</ele>
      </trkpt>
      <trkpt lat="33.943920000" lon="-111.670750000">
        <ele>585</ele>
      </trkpt>
      <trkpt lat="33.943670000" lon="-111.670670000">
        <ele>587</ele>
      </trkpt>
      <trkpt lat="33.943410000" lon="-111.670630000">
        <ele>589</ele>
      </trkpt>
      <trkpt lat="33.943390000" lon="-111.670580000">
        <ele>590</ele>
      </trkpt>
      <trkpt lat="33.943370000" lon="-111.670510000">
        <ele>592</ele>
      </trkpt>
      <trkpt lat="33.943390000" lon="-111.670090000">
        <ele>595</ele>
      </trkpt>
      <trkpt lat="33.943350000" lon="-111.669970000">
        <ele>595</ele>
      </trkpt>
      <trkpt lat="33.943330000" lon="-111.669720000">
        <ele>596</ele>
      </trkpt>
      <trkpt lat="33.943280000" lon="-111.669620000">
        <ele>596</ele>
      </trkpt>
      <trkpt lat="33.943260000" lon="-111.669450000">
        <ele>597</ele>
      </trkpt>
      <trkpt lat="33.942960000" lon="-111.668900000">
        <ele>601</ele>
      </trkpt>
      <trkpt lat="33.942930000" lon="-111.668770000">
        <ele>601</ele>
      </trkpt>
      <trkpt lat="33.942890000" lon="-111.668390000">
        <ele>602</ele>
      </trkpt>
      <trkpt lat="33.942810000" lon="-111.667980000">
        <ele>601</ele>
      </trkpt>
      <trkpt lat="33.942830000" lon="-111.667860000">
        <ele>601</ele>
      </trkpt>
      <trkpt lat="33.942910000" lon="-111.667700000">
        <ele>603</ele>
      </trkpt>
      <trkpt lat="33.943110000" lon="-111.667470000">
        <ele>606</ele>
      </trkpt>
      <trkpt lat="33.943220000" lon="-111.667290000">
        <ele>607</ele>
      </trkpt>
      <trkpt lat="33.943290000" lon="-111.667080000">
        <ele>605</ele>
      </trkpt>
      <trkpt lat="33.943280000" lon="-111.667010000">
        <ele>605</ele>
      </trkpt>
      <trkpt lat="33.943250000" lon="-111.666950000">
        <ele>603</ele>
      </trkpt>
      <trkpt lat="33.943280000" lon="-111.667000000">
        <ele>604</ele>
      </trkpt>
      <trkpt lat="33.943330000" lon="-111.666990000">
        <ele>605</ele>
      </trkpt>
      <trkpt lat="33.943600000" lon="-111.666810000">
        <ele>608</ele>
      </trkpt>
      <trkpt lat="33.943710000" lon="-111.666690000">
        <ele>607</ele>
      </trkpt>
      <trkpt lat="33.943860000" lon="-111.666600000">
        <ele>607</ele>
      </trkpt>
      <trkpt lat="33.943980000" lon="-111.666410000">
        <ele>605</ele>
      </trkpt>
      <trkpt lat="33.944100000" lon="-111.666320000">
        <ele>605</ele>
      </trkpt>
      <trkpt lat="33.944150000" lon="-111.666330000">
        <ele>606</ele>
      </trkpt>
      <trkpt lat="33.944270000" lon="-111.666080000">
        <ele>602</ele>
      </trkpt>
      <trkpt lat="33.944360000" lon="-111.665670000">
        <ele>585</ele>
      </trkpt>
      <trkpt lat="33.944360000" lon="-111.665500000">
        <ele>584</ele>
      </trkpt>
      <trkpt lat="33.944440000" lon="-111.665360000">
        <ele>585</ele>
      </trkpt>
      <trkpt lat="33.944530000" lon="-111.665340000">
        <ele>586</ele>
      </trkpt>
      <trkpt lat="33.944610000" lon="-111.665280000">
        <ele>591</ele>
      </trkpt>
      <trkpt lat="33.944680000" lon="-111.665300000">
        <ele>592</ele>
      </trkpt>
      <trkpt lat="33.944720000" lon="-111.665260000">
        <ele>595</ele>
      </trkpt>
      <trkpt lat="33.944680000" lon="-111.665220000">
        <ele>595</ele>
      </trkpt>
      <trkpt lat="33.944840000" lon="-111.664910000">
        <ele>597</ele>
      </trkpt>
      <trkpt lat="33.944830000" lon="-111.664860000">
        <ele>597</ele>
      </trkpt>
      <trkpt lat="33.944780000" lon="-111.664890000">
        <ele>597</ele>
      </trkpt>
      <trkpt lat="33.944730000" lon="-111.664860000">
        <ele>597</ele>
      </trkpt>
      <trkpt lat="33.944740000" lon="-111.664800000">
        <ele>597</ele>
      </trkpt>
      <trkpt lat="33.944640000" lon="-111.664790000">
        <ele>597</ele>
      </trkpt>
      <trkpt lat="33.944620000" lon="-111.664860000">
        <ele>597</ele>
      </trkpt>
      <trkpt lat="33.944580000" lon="-111.664870000">
        <ele>597</ele>
      </trkpt>
      <trkpt lat="33.944530000" lon="-111.664850000">
        <ele>597</ele>
      </trkpt>
      <trkpt lat="33.944420000" lon="-111.664650000">
        <ele>603</ele>
      </trkpt>
      <trkpt lat="33.944380000" lon="-111.664630000">
        <ele>604</ele>
      </trkpt>
      <trkpt lat="33.944280000" lon="-111.664510000">
        <ele>609</ele>
      </trkpt>
      <trkpt lat="33.944240000" lon="-111.664530000">
        <ele>609</ele>
      </trkpt>
      <trkpt lat="33.944170000" lon="-111.664610000">
        <ele>609</ele>
      </trkpt>
      <trkpt lat="33.944130000" lon="-111.664590000">
        <ele>610</ele>
      </trkpt>
      <trkpt lat="33.944060000" lon="-111.664510000">
        <ele>612</ele>
      </trkpt>
      <trkpt lat="33.944010000" lon="-111.664500000">
        <ele>613</ele>
      </trkpt>
      <trkpt lat="33.943990000" lon="-111.664330000">
        <ele>613</ele>
      </trkpt>
      <trkpt lat="33.943900000" lon="-111.664290000">
        <ele>616</ele>
      </trkpt>
      <trkpt lat="33.943920000" lon="-111.664180000">
        <ele>616</ele>
      </trkpt>
      <trkpt lat="33.943750000" lon="-111.664040000">
        <ele>621</ele>
      </trkpt>
      <trkpt lat="33.943670000" lon="-111.664000000">
        <ele>623</ele>
      </trkpt>
      <trkpt lat="33.943620000" lon="-111.664020000">
        <ele>624</ele>
      </trkpt>
      <trkpt lat="33.943590000" lon="-111.663910000">
        <ele>625</ele>
      </trkpt>
      <trkpt lat="33.943600000" lon="-111.663790000">
        <ele>625</ele>
      </trkpt>
      <trkpt lat="33.943560000" lon="-111.663760000">
        <ele>626</ele>
      </trkpt>
      <trkpt lat="33.943370000" lon="-111.663740000">
        <ele>630</ele>
      </trkpt>
      <trkpt lat="33.943270000" lon="-111.663760000">
        <ele>632</ele>
      </trkpt>
      <trkpt lat="33.943180000" lon="-111.663710000">
        <ele>634</ele>
      </trkpt>
      <trkpt lat="33.943040000" lon="-111.663690000">
        <ele>638</ele>
      </trkpt>
      <trkpt lat="33.943000000" lon="-111.663720000">
        <ele>639</ele>
      </trkpt>
      <trkpt lat="33.942800000" lon="-111.663730000">
        <ele>642</ele>
      </trkpt>
      <trkpt lat="33.942590000" lon="-111.663590000">
        <ele>645</ele>
      </trkpt>
      <trkpt lat="33.942550000" lon="-111.663620000">
        <ele>645</ele>
      </trkpt>
      <trkpt lat="33.942490000" lon="-111.663620000">
        <ele>644</ele>
      </trkpt>
      <trkpt lat="33.942450000" lon="-111.663650000">
        <ele>642</ele>
      </trkpt>
      <trkpt lat="33.942350000" lon="-111.663640000">
        <ele>640</ele>
      </trkpt>
      <trkpt lat="33.942210000" lon="-111.663670000">
        <ele>636</ele>
      </trkpt>
      <trkpt lat="33.942110000" lon="-111.663650000">
        <ele>635</ele>
      </trkpt>
      <trkpt lat="33.941950000" lon="-111.663760000">
        <ele>632</ele>
      </trkpt>
      <trkpt lat="33.941900000" lon="-111.663750000">
        <ele>632</ele>
      </trkpt>
      <trkpt lat="33.941780000" lon="-111.663860000">
        <ele>630</ele>
      </trkpt>
      <trkpt lat="33.941750000" lon="-111.663970000">
        <ele>627</ele>
      </trkpt>
      <trkpt lat="33.941690000" lon="-111.664040000">
        <ele>625</ele>
      </trkpt>
      <trkpt lat="33.941380000" lon="-111.664220000">
        <ele>619</ele>
      </trkpt>
      <trkpt lat="33.941370000" lon="-111.664110000">
        <ele>621</ele>
      </trkpt>
      <trkpt lat="33.941230000" lon="-111.663930000">
        <ele>622</ele>
      </trkpt>
      <trkpt lat="33.941080000" lon="-111.663800000">
        <ele>621</ele>
      </trkpt>
      <trkpt lat="33.940980000" lon="-111.663600000">
        <ele>620</ele>
      </trkpt>
      <trkpt lat="33.940800000" lon="-111.663330000">
        <ele>614</ele>
      </trkpt>
      <trkpt lat="33.940770000" lon="-111.663220000">
        <ele>613</ele>
      </trkpt>
      <trkpt lat="33.940700000" lon="-111.663140000">
        <ele>612</ele>
      </trkpt>
      <trkpt lat="33.940650000" lon="-111.663040000">
        <ele>611</ele>
      </trkpt>
      <trkpt lat="33.940580000" lon="-111.662990000">
        <ele>610</ele>
      </trkpt>
      <trkpt lat="33.940460000" lon="-111.662720000">
        <ele>609</ele>
      </trkpt>
      <trkpt lat="33.940220000" lon="-111.662620000">
        <ele>608</ele>
      </trkpt>
      <trkpt lat="33.940130000" lon="-111.662610000">
        <ele>607</ele>
      </trkpt>
      <trkpt lat="33.940050000" lon="-111.662550000">
        <ele>606</ele>
      </trkpt>
      <trkpt lat="33.939910000" lon="-111.662540000">
        <ele>605</ele>
      </trkpt>
      <trkpt lat="33.939760000" lon="-111.662490000">
        <ele>604</ele>
      </trkpt>
      <trkpt lat="33.939640000" lon="-111.662410000">
        <ele>602</ele>
      </trkpt>
      <trkpt lat="33.939620000" lon="-111.662350000">
        <ele>601</ele>
      </trkpt>
      <trkpt lat="33.939530000" lon="-111.662310000">
        <ele>599</ele>
      </trkpt>
      <trkpt lat="33.939490000" lon="-111.662330000">
        <ele>599</ele>
      </trkpt>
      <trkpt lat="33.939410000" lon="-111.662270000">
        <ele>596</ele>
      </trkpt>
      <trkpt lat="33.939380000" lon="-111.662220000">
        <ele>594</ele>
      </trkpt>
      <trkpt lat="33.939390000" lon="-111.662160000">
        <ele>592</ele>
      </trkpt>
      <trkpt lat="33.939430000" lon="-111.662050000">
        <ele>590</ele>
      </trkpt>
      <trkpt lat="33.939480000" lon="-111.662030000">
        <ele>591</ele>
      </trkpt>
      <trkpt lat="33.939520000" lon="-111.662040000">
        <ele>592</ele>
      </trkpt>
      <trkpt lat="33.939550000" lon="-111.661970000">
        <ele>592</ele>
      </trkpt>
      <trkpt lat="33.939510000" lon="-111.661940000">
        <ele>591</ele>
      </trkpt>
      <trkpt lat="33.939480000" lon="-111.661890000">
        <ele>592</ele>
      </trkpt>
      <trkpt lat="33.939470000" lon="-111.661770000">
        <ele>593</ele>
      </trkpt>
      <trkpt lat="33.939440000" lon="-111.661730000">
        <ele>594</ele>
      </trkpt>
      <trkpt lat="33.939390000" lon="-111.661750000">
        <ele>593</ele>
      </trkpt>
      <trkpt lat="33.939350000" lon="-111.661740000">
        <ele>593</ele>
      </trkpt>
      <trkpt lat="33.939280000" lon="-111.661650000">
        <ele>596</ele>
      </trkpt>
      <trkpt lat="33.939270000" lon="-111.661530000">
        <ele>597</ele>
      </trkpt>
      <trkpt lat="33.939190000" lon="-111.661570000">
        <ele>598</ele>
      </trkpt>
      <trkpt lat="33.939060000" lon="-111.661460000">
        <ele>600</ele>
      </trkpt>
      <trkpt lat="33.939050000" lon="-111.661400000">
        <ele>601</ele>
      </trkpt>
      <trkpt lat="33.938990000" lon="-111.661300000">
        <ele>602</ele>
      </trkpt>
      <trkpt lat="33.939000000" lon="-111.661240000">
        <ele>602</ele>
      </trkpt>
      <trkpt lat="33.938950000" lon="-111.661080000">
        <ele>602</ele>
      </trkpt>
      <trkpt lat="33.938920000" lon="-111.660900000">
        <ele>602</ele>
      </trkpt>
      <trkpt lat="33.938700000" lon="-111.660730000">
        <ele>601</ele>
      </trkpt>
      <trkpt lat="33.938550000" lon="-111.660570000">
        <ele>597</ele>
      </trkpt>
      <trkpt lat="33.938450000" lon="-111.660520000">
        <ele>594</ele>
      </trkpt>
      <trkpt lat="33.938430000" lon="-111.660280000">
        <ele>597</ele>
      </trkpt>
      <trkpt lat="33.938310000" lon="-111.660170000">
        <ele>596</ele>
      </trkpt>
      <trkpt lat="33.938280000" lon="-111.660050000">
        <ele>592</ele>
      </trkpt>
      <trkpt lat="33.938250000" lon="-111.660000000">
        <ele>590</ele>
      </trkpt>
      <trkpt lat="33.938230000" lon="-111.659880000">
        <ele>591</ele>
      </trkpt>
      <trkpt lat="33.938150000" lon="-111.659740000">
        <ele>595</ele>
      </trkpt>
      <trkpt lat="33.938170000" lon="-111.659690000">
        <ele>596</ele>
      </trkpt>
      <trkpt lat="33.938130000" lon="-111.659590000">
        <ele>597</ele>
      </trkpt>
      <trkpt lat="33.938150000" lon="-111.659290000">
        <ele>597</ele>
      </trkpt>
      <trkpt lat="33.938220000" lon="-111.659020000">
        <ele>597</ele>
      </trkpt>
      <trkpt lat="33.938200000" lon="-111.658960000">
        <ele>597</ele>
      </trkpt>
      <trkpt lat="33.938030000" lon="-111.658730000">
        <ele>599</ele>
      </trkpt>
      <trkpt lat="33.938040000" lon="-111.658680000">
        <ele>600</ele>
      </trkpt>
      <trkpt lat="33.937990000" lon="-111.658690000">
        <ele>600</ele>
      </trkpt>
      <trkpt lat="33.937860000" lon="-111.658580000">
        <ele>603</ele>
      </trkpt>
      <trkpt lat="33.937740000" lon="-111.658390000">
        <ele>609</ele>
      </trkpt>
      <trkpt lat="33.937680000" lon="-111.658230000">
        <ele>611</ele>
      </trkpt>
      <trkpt lat="33.937490000" lon="-111.658130000">
        <ele>611</ele>
      </trkpt>
      <trkpt lat="33.937470000" lon="-111.658060000">
        <ele>611</ele>
      </trkpt>
      <trkpt lat="33.937360000" lon="-111.657950000">
        <ele>612</ele>
      </trkpt>
      <trkpt lat="33.937160000" lon="-111.657900000">
        <ele>613</ele>
      </trkpt>
      <trkpt lat="33.937110000" lon="-111.657910000">
        <ele>613</ele>
      </trkpt>
      <trkpt lat="33.937030000" lon="-111.657850000">
        <ele>613</ele>
      </trkpt>
      <trkpt lat="33.936840000" lon="-111.657790000">
        <ele>614</ele>
      </trkpt>
      <trkpt lat="33.936760000" lon="-111.657730000">
        <ele>615</ele>
      </trkpt>
      <trkpt lat="33.936740000" lon="-111.657680000">
        <ele>616</ele>
      </trkpt>
      <trkpt lat="33.936690000" lon="-111.657670000">
        <ele>616</ele>
      </trkpt>
      <trkpt lat="33.936600000" lon="-111.657600000">
        <ele>618</ele>
      </trkpt>
      <trkpt lat="33.936540000" lon="-111.657510000">
        <ele>619</ele>
      </trkpt>
      <trkpt lat="33.936490000" lon="-111.657510000">
        <ele>619</ele>
      </trkpt>
      <trkpt lat="33.936480000" lon="-111.657260000">
        <ele>621</ele>
      </trkpt>
      <trkpt lat="33.936450000" lon="-111.657210000">
        <ele>621</ele>
      </trkpt>
      <trkpt lat="33.936410000" lon="-111.657240000">
        <ele>621</ele>
      </trkpt>
      <trkpt lat="33.936310000" lon="-111.657210000">
        <ele>621</ele>
      </trkpt>
      <trkpt lat="33.936280000" lon="-111.657160000">
        <ele>621</ele>
      </trkpt>
      <trkpt lat="33.936290000" lon="-111.657110000">
        <ele>621</ele>
      </trkpt>
      <trkpt lat="33.936180000" lon="-111.656990000">
        <ele>622</ele>
      </trkpt>
      <trkpt lat="33.936130000" lon="-111.656880000">
        <ele>622</ele>
      </trkpt>
      <trkpt lat="33.936020000" lon="-111.656750000">
        <ele>621</ele>
      </trkpt>
      <trkpt lat="33.935970000" lon="-111.656750000">
        <ele>621</ele>
      </trkpt>
      <trkpt lat="33.935910000" lon="-111.656640000">
        <ele>622</ele>
      </trkpt>
      <trkpt lat="33.935910000" lon="-111.656580000">
        <ele>622</ele>
      </trkpt>
      <trkpt lat="33.935790000" lon="-111.656370000">
        <ele>623</ele>
      </trkpt>
      <trkpt lat="33.935790000" lon="-111.656200000">
        <ele>625</ele>
      </trkpt>
      <trkpt lat="33.935710000" lon="-111.655980000">
        <ele>626</ele>
      </trkpt>
      <trkpt lat="33.935690000" lon="-111.655790000">
        <ele>627</ele>
      </trkpt>
      <trkpt lat="33.935650000" lon="-111.655620000">
        <ele>627</ele>
      </trkpt>
      <trkpt lat="33.935460000" lon="-111.655190000">
        <ele>622</ele>
      </trkpt>
      <trkpt lat="33.935470000" lon="-111.655140000">
        <ele>622</ele>
      </trkpt>
      <trkpt lat="33.935430000" lon="-111.655030000">
        <ele>621</ele>
      </trkpt>
      <trkpt lat="33.935420000" lon="-111.654850000">
        <ele>621</ele>
      </trkpt>
      <trkpt lat="33.935380000" lon="-111.654740000">
        <ele>620</ele>
      </trkpt>
      <trkpt lat="33.935390000" lon="-111.654690000">
        <ele>620</ele>
      </trkpt>
      <trkpt lat="33.935430000" lon="-111.654690000">
        <ele>620</ele>
      </trkpt>
      <trkpt lat="33.935410000" lon="-111.654640000">
        <ele>619</ele>
      </trkpt>
      <trkpt lat="33.935420000" lon="-111.654580000">
        <ele>619</ele>
      </trkpt>
      <trkpt lat="33.935280000" lon="-111.654320000">
        <ele>619</ele>
      </trkpt>
      <trkpt lat="33.935270000" lon="-111.654140000">
        <ele>620</ele>
      </trkpt>
      <trkpt lat="33.935180000" lon="-111.653610000">
        <ele>622</ele>
      </trkpt>
      <trkpt lat="33.935090000" lon="-111.653450000">
        <ele>622</ele>
      </trkpt>
      <trkpt lat="33.935040000" lon="-111.653290000">
        <ele>623</ele>
      </trkpt>
      <trkpt lat="33.934970000" lon="-111.653130000">
        <ele>623</ele>
      </trkpt>
      <trkpt lat="33.935020000" lon="-111.652890000">
        <ele>623</ele>
      </trkpt>
      <trkpt lat="33.935010000" lon="-111.652770000">
        <ele>623</ele>
      </trkpt>
      <trkpt lat="33.935070000" lon="-111.652610000">
        <ele>624</ele>
      </trkpt>
      <trkpt lat="33.935060000" lon="-111.652430000">
        <ele>624</ele>
      </trkpt>
      <trkpt lat="33.935010000" lon="-111.652250000">
        <ele>623</ele>
      </trkpt>
      <trkpt lat="33.935050000" lon="-111.652150000">
        <ele>623</ele>
      </trkpt>
      <trkpt lat="33.935040000" lon="-111.652080000">
        <ele>622</ele>
      </trkpt>
      <trkpt lat="33.934990000" lon="-111.651960000">
        <ele>622</ele>
      </trkpt>
      <trkpt lat="33.934950000" lon="-111.651940000">
        <ele>621</ele>
      </trkpt>
      <trkpt lat="33.934800000" lon="-111.651960000">
        <ele>621</ele>
      </trkpt>
      <trkpt lat="33.934640000" lon="-111.651830000">
        <ele>621</ele>
      </trkpt>
      <trkpt lat="33.934610000" lon="-111.651720000">
        <ele>621</ele>
      </trkpt>
      <trkpt lat="33.934600000" lon="-111.651530000">
        <ele>621</ele>
      </trkpt>
      <trkpt lat="33.934560000" lon="-111.651410000">
        <ele>621</ele>
      </trkpt>
      <trkpt lat="33.934560000" lon="-111.651290000">
        <ele>621</ele>
      </trkpt>
      <trkpt lat="33.934400000" lon="-111.651060000">
        <ele>621</ele>
      </trkpt>
      <trkpt lat="33.934380000" lon="-111.650880000">
        <ele>622</ele>
      </trkpt>
      <trkpt lat="33.934340000" lon="-111.650770000">
        <ele>623</ele>
      </trkpt>
      <trkpt lat="33.934300000" lon="-111.650740000">
        <ele>623</ele>
      </trkpt>
      <trkpt lat="33.934280000" lon="-111.650680000">
        <ele>624</ele>
      </trkpt>
      <trkpt lat="33.934310000" lon="-111.650570000">
        <ele>624</ele>
      </trkpt>
      <trkpt lat="33.934270000" lon="-111.650210000">
        <ele>623</ele>
      </trkpt>
      <trkpt lat="33.934160000" lon="-111.650100000">
        <ele>625</ele>
      </trkpt>
      <trkpt lat="33.934100000" lon="-111.649940000">
        <ele>625</ele>
      </trkpt>
      <trkpt lat="33.934140000" lon="-111.649530000">
        <ele>625</ele>
      </trkpt>
      <trkpt lat="33.934040000" lon="-111.649340000">
        <ele>626</ele>
      </trkpt>
      <trkpt lat="33.934060000" lon="-111.649050000">
        <ele>628</ele>
      </trkpt>
      <trkpt lat="33.934020000" lon="-111.648880000">
        <ele>629</ele>
      </trkpt>
      <trkpt lat="33.934010000" lon="-111.648620000">
        <ele>631</ele>
      </trkpt>
      <trkpt lat="33.934000000" lon="-111.648570000">
        <ele>631</ele>
      </trkpt>
      <trkpt lat="33.933920000" lon="-111.648500000">
        <ele>633</ele>
      </trkpt>
      <trkpt lat="33.933900000" lon="-111.648440000">
        <ele>634</ele>
      </trkpt>
      <trkpt lat="33.933940000" lon="-111.648390000">
        <ele>634</ele>
      </trkpt>
      <trkpt lat="33.933880000" lon="-111.648310000">
        <ele>635</ele>
      </trkpt>
      <trkpt lat="33.933890000" lon="-111.648140000">
        <ele>635</ele>
      </trkpt>
      <trkpt lat="33.933830000" lon="-111.648060000">
        <ele>635</ele>
      </trkpt>
      <trkpt lat="33.933800000" lon="-111.647880000">
        <ele>633</ele>
      </trkpt>
      <trkpt lat="33.933750000" lon="-111.647730000">
        <ele>633</ele>
      </trkpt>
      <trkpt lat="33.933680000" lon="-111.647580000">
        <ele>633</ele>
      </trkpt>
      <trkpt lat="33.933640000" lon="-111.647540000">
        <ele>633</ele>
      </trkpt>
      <trkpt lat="33.933650000" lon="-111.647480000">
        <ele>633</ele>
      </trkpt>
      <trkpt lat="33.933510000" lon="-111.647410000">
        <ele>633</ele>
      </trkpt>
      <trkpt lat="33.933460000" lon="-111.647300000">
        <ele>633</ele>
      </trkpt>
      <trkpt lat="33.933330000" lon="-111.647220000">
        <ele>633</ele>
      </trkpt>
      <trkpt lat="33.933270000" lon="-111.647110000">
        <ele>633</ele>
      </trkpt>
      <trkpt lat="33.933210000" lon="-111.647120000">
        <ele>633</ele>
      </trkpt>
      <trkpt lat="33.933130000" lon="-111.647180000">
        <ele>634</ele>
      </trkpt>
      <trkpt lat="33.932980000" lon="-111.647190000">
        <ele>634</ele>
      </trkpt>
      <trkpt lat="33.932940000" lon="-111.647160000">
        <ele>635</ele>
      </trkpt>
      <trkpt lat="33.932840000" lon="-111.647140000">
        <ele>636</ele>
      </trkpt>
      <trkpt lat="33.932700000" lon="-111.647040000">
        <ele>638</ele>
      </trkpt>
      <trkpt lat="33.932610000" lon="-111.647050000">
        <ele>640</ele>
      </trkpt>
      <trkpt lat="33.932510000" lon="-111.647030000">
        <ele>641</ele>
      </trkpt>
      <trkpt lat="33.932420000" lon="-111.646980000">
        <ele>642</ele>
      </trkpt>
      <trkpt lat="33.932250000" lon="-111.646850000">
        <ele>643</ele>
      </trkpt>
      <trkpt lat="33.932210000" lon="-111.646740000">
        <ele>644</ele>
      </trkpt>
      <trkpt lat="33.932180000" lon="-111.646700000">
        <ele>644</ele>
      </trkpt>
      <trkpt lat="33.932040000" lon="-111.646660000">
        <ele>644</ele>
      </trkpt>
      <trkpt lat="33.932000000" lon="-111.646620000">
        <ele>644</ele>
      </trkpt>
      <trkpt lat="33.931930000" lon="-111.646270000">
        <ele>654</ele>
      </trkpt>
      <trkpt lat="33.931940000" lon="-111.646040000">
        <ele>661</ele>
      </trkpt>
      <trkpt lat="33.931880000" lon="-111.645940000">
        <ele>664</ele>
      </trkpt>
      <trkpt lat="33.931860000" lon="-111.645830000">
        <ele>667</ele>
      </trkpt>
      <trkpt lat="33.931780000" lon="-111.645680000">
        <ele>669</ele>
      </trkpt>
      <trkpt lat="33.931770000" lon="-111.645630000">
        <ele>669</ele>
      </trkpt>
      <trkpt lat="33.931810000" lon="-111.645600000">
        <ele>669</ele>
      </trkpt>
      <trkpt lat="33.931870000" lon="-111.645350000">
        <ele>664</ele>
      </trkpt>
      <trkpt lat="33.931830000" lon="-111.645180000">
        <ele>660</ele>
      </trkpt>
      <trkpt lat="33.932180000" lon="-111.644850000">
        <ele>660</ele>
      </trkpt>
      <trkpt lat="33.932320000" lon="-111.644530000">
        <ele>665</ele>
      </trkpt>
      <trkpt lat="33.932370000" lon="-111.644310000">
        <ele>670</ele>
      </trkpt>
      <trkpt lat="33.932270000" lon="-111.644280000">
        <ele>669</ele>
      </trkpt>
      <trkpt lat="33.932270000" lon="-111.644000000">
        <ele>671</ele>
      </trkpt>
      <trkpt lat="33.932250000" lon="-111.643950000">
        <ele>671</ele>
      </trkpt>
      <trkpt lat="33.932300000" lon="-111.643940000">
        <ele>671</ele>
      </trkpt>
      <trkpt lat="33.932350000" lon="-111.643950000">
        <ele>672</ele>
      </trkpt>
      <trkpt lat="33.932410000" lon="-111.643930000">
        <ele>672</ele>
      </trkpt>
      <trkpt lat="33.932540000" lon="-111.643830000">
        <ele>674</ele>
      </trkpt>
      <trkpt lat="33.932650000" lon="-111.643720000">
        <ele>674</ele>
      </trkpt>
      <trkpt lat="33.932740000" lon="-111.643570000">
        <ele>673</ele>
      </trkpt>
      <trkpt lat="33.932750000" lon="-111.643320000">
        <ele>671</ele>
      </trkpt>
      <trkpt lat="33.932680000" lon="-111.643210000">
        <ele>670</ele>
      </trkpt>
      <trkpt lat="33.932670000" lon="-111.642970000">
        <ele>670</ele>
      </trkpt>
      <trkpt lat="33.932620000" lon="-111.642860000">
        <ele>669</ele>
      </trkpt>
      <trkpt lat="33.932600000" lon="-111.642750000">
        <ele>669</ele>
      </trkpt>
      <trkpt lat="33.932500000" lon="-111.642540000">
        <ele>667</ele>
      </trkpt>
      <trkpt lat="33.932450000" lon="-111.642540000">
        <ele>666</ele>
      </trkpt>
      <trkpt lat="33.932330000" lon="-111.642200000">
        <ele>667</ele>
      </trkpt>
      <trkpt lat="33.932310000" lon="-111.642090000">
        <ele>669</ele>
      </trkpt>
      <trkpt lat="33.932270000" lon="-111.642040000">
        <ele>669</ele>
      </trkpt>
      <trkpt lat="33.932270000" lon="-111.641980000">
        <ele>670</ele>
      </trkpt>
      <trkpt lat="33.932160000" lon="-111.641780000">
        <ele>671</ele>
      </trkpt>
      <trkpt lat="33.932040000" lon="-111.641690000">
        <ele>671</ele>
      </trkpt>
      <trkpt lat="33.931850000" lon="-111.641600000">
        <ele>670</ele>
      </trkpt>
      <trkpt lat="33.931630000" lon="-111.641440000">
        <ele>669</ele>
      </trkpt>
      <trkpt lat="33.931480000" lon="-111.641290000">
        <ele>666</ele>
      </trkpt>
      <trkpt lat="33.931250000" lon="-111.641140000">
        <ele>669</ele>
      </trkpt>
      <trkpt lat="33.931030000" lon="-111.640940000">
        <ele>666</ele>
      </trkpt>
      <trkpt lat="33.930510000" lon="-111.640560000">
        <ele>660</ele>
      </trkpt>
      <trkpt lat="33.930130000" lon="-111.640380000">
        <ele>660</ele>
      </trkpt>
      <trkpt lat="33.929990000" lon="-111.640300000">
        <ele>661</ele>
      </trkpt>
      <trkpt lat="33.929800000" lon="-111.640230000">
        <ele>661</ele>
      </trkpt>
      <trkpt lat="33.929480000" lon="-111.640010000">
        <ele>660</ele>
      </trkpt>
      <trkpt lat="33.929420000" lon="-111.639920000">
        <ele>660</ele>
      </trkpt>
      <trkpt lat="33.929340000" lon="-111.639830000">
        <ele>659</ele>
      </trkpt>
      <trkpt lat="33.929240000" lon="-111.639770000">
        <ele>659</ele>
      </trkpt>
      <trkpt lat="33.929140000" lon="-111.639640000">
        <ele>659</ele>
      </trkpt>
      <trkpt lat="33.929100000" lon="-111.639470000">
        <ele>657</ele>
      </trkpt>
      <trkpt lat="33.929100000" lon="-111.639410000">
        <ele>655</ele>
      </trkpt>
      <trkpt lat="33.929070000" lon="-111.639360000">
        <ele>654</ele>
      </trkpt>
      <trkpt lat="33.929070000" lon="-111.639130000">
        <ele>648</ele>
      </trkpt>
      <trkpt lat="33.929020000" lon="-111.639150000">
        <ele>648</ele>
      </trkpt>
      <trkpt lat="33.929020000" lon="-111.639080000">
        <ele>647</ele>
      </trkpt>
      <trkpt lat="33.928980000" lon="-111.639040000">
        <ele>646</ele>
      </trkpt>
      <trkpt lat="33.929020000" lon="-111.639020000">
        <ele>647</ele>
      </trkpt>
      <trkpt lat="33.928980000" lon="-111.638960000">
        <ele>646</ele>
      </trkpt>
      <trkpt lat="33.928940000" lon="-111.638850000">
        <ele>645</ele>
      </trkpt>
      <trkpt lat="33.928990000" lon="-111.638740000">
        <ele>643</ele>
      </trkpt>
      <trkpt lat="33.929080000" lon="-111.638660000">
        <ele>641</ele>
      </trkpt>
      <trkpt lat="33.929130000" lon="-111.638660000">
        <ele>640</ele>
      </trkpt>
      <trkpt lat="33.929210000" lon="-111.638450000">
        <ele>634</ele>
      </trkpt>
      <trkpt lat="33.929260000" lon="-111.638450000">
        <ele>633</ele>
      </trkpt>
      <trkpt lat="33.929380000" lon="-111.638270000">
        <ele>626</ele>
      </trkpt>
      <trkpt lat="33.929390000" lon="-111.638220000">
        <ele>624</ele>
      </trkpt>
      <trkpt lat="33.929360000" lon="-111.638100000">
        <ele>623</ele>
      </trkpt>
      <trkpt lat="33.929430000" lon="-111.638020000">
        <ele>622</ele>
      </trkpt>
      <trkpt lat="33.929650000" lon="-111.638130000">
        <ele>612</ele>
      </trkpt>
      <trkpt lat="33.929730000" lon="-111.637990000">
        <ele>610</ele>
      </trkpt>
      <trkpt lat="33.929810000" lon="-111.637950000">
        <ele>610</ele>
      </trkpt>
      <trkpt lat="33.930020000" lon="-111.638110000">
        <ele>610</ele>
      </trkpt>
      <trkpt lat="33.930220000" lon="-111.638150000">
        <ele>613</ele>
      </trkpt>
      <trkpt lat="33.930260000" lon="-111.638180000">
        <ele>614</ele>
      </trkpt>
      <trkpt lat="33.930280000" lon="-111.638240000">
        <ele>615</ele>
      </trkpt>
      <trkpt lat="33.930270000" lon="-111.638180000">
        <ele>614</ele>
      </trkpt>
      <trkpt lat="33.930510000" lon="-111.638160000">
        <ele>624</ele>
      </trkpt>
      <trkpt lat="33.930550000" lon="-111.638180000">
        <ele>626</ele>
      </trkpt>
      <trkpt lat="33.930600000" lon="-111.638060000">
        <ele>629</ele>
      </trkpt>
      <trkpt lat="33.930510000" lon="-111.637860000">
        <ele>630</ele>
      </trkpt>
      <trkpt lat="33.930360000" lon="-111.637710000">
        <ele>632</ele>
      </trkpt>
      <trkpt lat="33.930320000" lon="-111.637420000">
        <ele>634</ele>
      </trkpt>
      <trkpt lat="33.930290000" lon="-111.637320000">
        <ele>634</ele>
      </trkpt>
      <trkpt lat="33.930300000" lon="-111.637210000">
        <ele>637</ele>
      </trkpt>
      <trkpt lat="33.930160000" lon="-111.637020000">
        <ele>636</ele>
      </trkpt>
      <trkpt lat="33.930070000" lon="-111.636980000">
        <ele>636</ele>
      </trkpt>
      <trkpt lat="33.930000000" lon="-111.636920000">
        <ele>635</ele>
      </trkpt>
      <trkpt lat="33.930000000" lon="-111.636850000">
        <ele>636</ele>
      </trkpt>
      <trkpt lat="33.930050000" lon="-111.636750000">
        <ele>635</ele>
      </trkpt>
      <trkpt lat="33.930150000" lon="-111.636740000">
        <ele>633</ele>
      </trkpt>
      <trkpt lat="33.930160000" lon="-111.636630000">
        <ele>629</ele>
      </trkpt>
      <trkpt lat="33.930200000" lon="-111.636600000">
        <ele>628</ele>
      </trkpt>
      <trkpt lat="33.930360000" lon="-111.636600000">
        <ele>625</ele>
      </trkpt>
      <trkpt lat="33.930420000" lon="-111.636510000">
        <ele>623</ele>
      </trkpt>
      <trkpt lat="33.930440000" lon="-111.636400000">
        <ele>620</ele>
      </trkpt>
      <trkpt lat="33.930420000" lon="-111.636340000">
        <ele>619</ele>
      </trkpt>
      <trkpt lat="33.930380000" lon="-111.636310000">
        <ele>619</ele>
      </trkpt>
      <trkpt lat="33.930390000" lon="-111.636250000">
        <ele>619</ele>
      </trkpt>
      <trkpt lat="33.930360000" lon="-111.636200000">
        <ele>618</ele>
      </trkpt>
      <trkpt lat="33.930390000" lon="-111.636100000">
        <ele>618</ele>
      </trkpt>
      <trkpt lat="33.930380000" lon="-111.636030000">
        <ele>618</ele>
      </trkpt>
      <trkpt lat="33.930290000" lon="-111.635980000">
        <ele>617</ele>
      </trkpt>
      <trkpt lat="33.930260000" lon="-111.635940000">
        <ele>617</ele>
      </trkpt>
      <trkpt lat="33.930240000" lon="-111.635830000">
        <ele>618</ele>
      </trkpt>
      <trkpt lat="33.930270000" lon="-111.635720000">
        <ele>620</ele>
      </trkpt>
      <trkpt lat="33.930410000" lon="-111.635470000">
        <ele>621</ele>
      </trkpt>
      <trkpt lat="33.930450000" lon="-111.635450000">
        <ele>622</ele>
      </trkpt>
      <trkpt lat="33.930460000" lon="-111.635330000">
        <ele>623</ele>
      </trkpt>
      <trkpt lat="33.930540000" lon="-111.635170000">
        <ele>626</ele>
      </trkpt>
      <trkpt lat="33.930780000" lon="-111.635110000">
        <ele>628</ele>
      </trkpt>
      <trkpt lat="33.930910000" lon="-111.634930000">
        <ele>630</ele>
      </trkpt>
      <trkpt lat="33.930950000" lon="-111.634910000">
        <ele>630</ele>
      </trkpt>
      <trkpt lat="33.931000000" lon="-111.634670000">
        <ele>630</ele>
      </trkpt>
      <trkpt lat="33.930990000" lon="-111.634620000">
        <ele>630</ele>
      </trkpt>
      <trkpt lat="33.931010000" lon="-111.634550000">
        <ele>629</ele>
      </trkpt>
      <trkpt lat="33.931020000" lon="-111.634260000">
        <ele>626</ele>
      </trkpt>
      <trkpt lat="33.931060000" lon="-111.634210000">
        <ele>625</ele>
      </trkpt>
      <trkpt lat="33.931090000" lon="-111.634100000">
        <ele>623</ele>
      </trkpt>
      <trkpt lat="33.931140000" lon="-111.634080000">
        <ele>622</ele>
      </trkpt>
      <trkpt lat="33.931130000" lon="-111.633780000">
        <ele>617</ele>
      </trkpt>
      <trkpt lat="33.931080000" lon="-111.633690000">
        <ele>616</ele>
      </trkpt>
      <trkpt lat="33.931060000" lon="-111.633520000">
        <ele>613</ele>
      </trkpt>
      <trkpt lat="33.931000000" lon="-111.633510000">
        <ele>613</ele>
      </trkpt>
      <trkpt lat="33.930980000" lon="-111.633470000">
        <ele>612</ele>
      </trkpt>
      <trkpt lat="33.930950000" lon="-111.633290000">
        <ele>609</ele>
      </trkpt>
      <trkpt lat="33.930990000" lon="-111.633240000">
        <ele>609</ele>
      </trkpt>
      <trkpt lat="33.930980000" lon="-111.633120000">
        <ele>609</ele>
      </trkpt>
      <trkpt lat="33.930930000" lon="-111.633020000">
        <ele>609</ele>
      </trkpt>
      <trkpt lat="33.930880000" lon="-111.632850000">
        <ele>608</ele>
      </trkpt>
      <trkpt lat="33.930860000" lon="-111.632670000">
        <ele>608</ele>
      </trkpt>
      <trkpt lat="33.930880000" lon="-111.632610000">
        <ele>608</ele>
      </trkpt>
      <trkpt lat="33.930850000" lon="-111.632550000">
        <ele>608</ele>
      </trkpt>
      <trkpt lat="33.930860000" lon="-111.632430000">
        <ele>608</ele>
      </trkpt>
      <trkpt lat="33.930840000" lon="-111.632380000">
        <ele>608</ele>
      </trkpt>
      <trkpt lat="33.930750000" lon="-111.632310000">
        <ele>608</ele>
      </trkpt>
      <trkpt lat="33.930710000" lon="-111.632300000">
        <ele>608</ele>
      </trkpt>
      <trkpt lat="33.930660000" lon="-111.632250000">
        <ele>608</ele>
      </trkpt>
      <trkpt lat="33.930610000" lon="-111.632020000">
        <ele>607</ele>
      </trkpt>
      <trkpt lat="33.930630000" lon="-111.631960000">
        <ele>607</ele>
      </trkpt>
      <trkpt lat="33.930570000" lon="-111.631800000">
        <ele>607</ele>
      </trkpt>
      <trkpt lat="33.930500000" lon="-111.631710000">
        <ele>607</ele>
      </trkpt>
      <trkpt lat="33.930360000" lon="-111.631450000">
        <ele>606</ele>
      </trkpt>
      <trkpt lat="33.930320000" lon="-111.631280000">
        <ele>605</ele>
      </trkpt>
      <trkpt lat="33.930360000" lon="-111.631160000">
        <ele>604</ele>
      </trkpt>
      <trkpt lat="33.930340000" lon="-111.631040000">
        <ele>603</ele>
      </trkpt>
      <trkpt lat="33.930300000" lon="-111.631050000">
        <ele>603</ele>
      </trkpt>
      <trkpt lat="33.929980000" lon="-111.630850000">
        <ele>599</ele>
      </trkpt>
      <trkpt lat="33.929790000" lon="-111.630780000">
        <ele>598</ele>
      </trkpt>
      <trkpt lat="33.929710000" lon="-111.630710000">
        <ele>597</ele>
      </trkpt>
      <trkpt lat="33.929660000" lon="-111.630710000">
        <ele>597</ele>
      </trkpt>
      <trkpt lat="33.929640000" lon="-111.630770000">
        <ele>597</ele>
      </trkpt>
      <trkpt lat="33.929590000" lon="-111.630800000">
        <ele>597</ele>
      </trkpt>
      <trkpt lat="33.929430000" lon="-111.630800000">
        <ele>597</ele>
      </trkpt>
      <trkpt lat="33.929380000" lon="-111.630760000">
        <ele>597</ele>
      </trkpt>
      <trkpt lat="33.929240000" lon="-111.630490000">
        <ele>597</ele>
      </trkpt>
      <trkpt lat="33.929210000" lon="-111.630450000">
        <ele>597</ele>
      </trkpt>
      <trkpt lat="33.929160000" lon="-111.630470000">
        <ele>598</ele>
      </trkpt>
      <trkpt lat="33.929090000" lon="-111.630390000">
        <ele>598</ele>
      </trkpt>
      <trkpt lat="33.929150000" lon="-111.630140000">
        <ele>597</ele>
      </trkpt>
      <trkpt lat="33.928960000" lon="-111.630080000">
        <ele>596</ele>
      </trkpt>
      <trkpt lat="33.928860000" lon="-111.630160000">
        <ele>596</ele>
      </trkpt>
      <trkpt lat="33.928870000" lon="-111.630100000">
        <ele>596</ele>
      </trkpt>
      <trkpt lat="33.928830000" lon="-111.630120000">
        <ele>596</ele>
      </trkpt>
      <trkpt lat="33.928780000" lon="-111.630100000">
        <ele>596</ele>
      </trkpt>
      <trkpt lat="33.928820000" lon="-111.630100000">
        <ele>596</ele>
      </trkpt>
      <trkpt lat="33.928780000" lon="-111.630070000">
        <ele>595</ele>
      </trkpt>
      <trkpt lat="33.928740000" lon="-111.630090000">
        <ele>596</ele>
      </trkpt>
      <trkpt lat="33.928670000" lon="-111.630020000">
        <ele>595</ele>
      </trkpt>
      <trkpt lat="33.928530000" lon="-111.630020000">
        <ele>595</ele>
      </trkpt>
      <trkpt lat="33.928440000" lon="-111.629980000">
        <ele>594</ele>
      </trkpt>
      <trkpt lat="33.928330000" lon="-111.630000000">
        <ele>595</ele>
      </trkpt>
      <trkpt lat="33.928240000" lon="-111.630050000">
        <ele>595</ele>
      </trkpt>
      <trkpt lat="33.928150000" lon="-111.630080000">
        <ele>595</ele>
      </trkpt>
      <trkpt lat="33.928050000" lon="-111.630290000">
        <ele>594</ele>
      </trkpt>
      <trkpt lat="33.928030000" lon="-111.630410000">
        <ele>594</ele>
      </trkpt>
      <trkpt lat="33.927990000" lon="-111.630460000">
        <ele>594</ele>
      </trkpt>
      <trkpt lat="33.927950000" lon="-111.630630000">
        <ele>594</ele>
      </trkpt>
      <trkpt lat="33.927890000" lon="-111.630710000">
        <ele>594</ele>
      </trkpt>
      <trkpt lat="33.927770000" lon="-111.630800000">
        <ele>595</ele>
      </trkpt>
      <trkpt lat="33.927680000" lon="-111.630830000">
        <ele>594</ele>
      </trkpt>
      <trkpt lat="33.927600000" lon="-111.630900000">
        <ele>592</ele>
      </trkpt>
      <trkpt lat="33.927490000" lon="-111.631090000">
        <ele>590</ele>
      </trkpt>
      <trkpt lat="33.927490000" lon="-111.631150000">
        <ele>591</ele>
      </trkpt>
      <trkpt lat="33.927400000" lon="-111.631300000">
        <ele>590</ele>
      </trkpt>
      <trkpt lat="33.927300000" lon="-111.631400000">
        <ele>586</ele>
      </trkpt>
      <trkpt lat="33.927300000" lon="-111.631460000">
        <ele>586</ele>
      </trkpt>
      <trkpt lat="33.927260000" lon="-111.631500000">
        <ele>585</ele>
      </trkpt>
      <trkpt lat="33.927130000" lon="-111.631560000">
        <ele>584</ele>
      </trkpt>
      <trkpt lat="33.927110000" lon="-111.631670000">
        <ele>584</ele>
      </trkpt>
      <trkpt lat="33.927030000" lon="-111.631750000">
        <ele>583</ele>
      </trkpt>
      <trkpt lat="33.926940000" lon="-111.631800000">
        <ele>584</ele>
      </trkpt>
      <trkpt lat="33.926890000" lon="-111.631800000">
        <ele>584</ele>
      </trkpt>
      <trkpt lat="33.926870000" lon="-111.631850000">
        <ele>584</ele>
      </trkpt>
      <trkpt lat="33.926870000" lon="-111.631970000">
        <ele>584</ele>
      </trkpt>
      <trkpt lat="33.926840000" lon="-111.632020000">
        <ele>583</ele>
      </trkpt>
      <trkpt lat="33.926880000" lon="-111.632260000">
        <ele>583</ele>
      </trkpt>
      <trkpt lat="33.926830000" lon="-111.632260000">
        <ele>583</ele>
      </trkpt>
      <trkpt lat="33.926750000" lon="-111.632220000">
        <ele>583</ele>
      </trkpt>
      <trkpt lat="33.926820000" lon="-111.632310000">
        <ele>583</ele>
      </trkpt>
      <trkpt lat="33.926830000" lon="-111.632420000">
        <ele>583</ele>
      </trkpt>
      <trkpt lat="33.926780000" lon="-111.632450000">
        <ele>583</ele>
      </trkpt>
      <trkpt lat="33.926790000" lon="-111.632500000">
        <ele>584</ele>
      </trkpt>
      <trkpt lat="33.926690000" lon="-111.632650000">
        <ele>583</ele>
      </trkpt>
      <trkpt lat="33.926620000" lon="-111.632720000">
        <ele>584</ele>
      </trkpt>
      <trkpt lat="33.926480000" lon="-111.632780000">
        <ele>584</ele>
      </trkpt>
      <trkpt lat="33.926440000" lon="-111.632780000">
        <ele>583</ele>
      </trkpt>
      <trkpt lat="33.926400000" lon="-111.632820000">
        <ele>584</ele>
      </trkpt>
      <trkpt lat="33.926300000" lon="-111.632780000">
        <ele>583</ele>
      </trkpt>
      <trkpt lat="33.926250000" lon="-111.632800000">
        <ele>584</ele>
      </trkpt>
      <trkpt lat="33.926170000" lon="-111.632880000">
        <ele>584</ele>
      </trkpt>
      <trkpt lat="33.926130000" lon="-111.632900000">
        <ele>584</ele>
      </trkpt>
      <trkpt lat="33.926110000" lon="-111.632840000">
        <ele>583</ele>
      </trkpt>
      <trkpt lat="33.926070000" lon="-111.632830000">
        <ele>583</ele>
      </trkpt>
      <trkpt lat="33.926110000" lon="-111.632870000">
        <ele>583</ele>
      </trkpt>
      <trkpt lat="33.926100000" lon="-111.632920000">
        <ele>584</ele>
      </trkpt>
      <trkpt lat="33.926150000" lon="-111.632930000">
        <ele>584</ele>
      </trkpt>
      <trkpt lat="33.926170000" lon="-111.632830000">
        <ele>584</ele>
      </trkpt>
      <trkpt lat="33.926110000" lon="-111.632920000">
        <ele>584</ele>
      </trkpt>
      <trkpt lat="33.926130000" lon="-111.632860000">
        <ele>583</ele>
      </trkpt>
      <trkpt lat="33.926100000" lon="-111.632900000">
        <ele>584</ele>
      </trkpt>
      <trkpt lat="33.926130000" lon="-111.632940000">
        <ele>584</ele>
      </trkpt>
      <trkpt lat="33.926160000" lon="-111.632890000">
        <ele>584</ele>
      </trkpt>
      <trkpt lat="33.926120000" lon="-111.632920000">
        <ele>584</ele>
      </trkpt>
      <trkpt lat="33.926100000" lon="-111.632980000">
        <ele>584</ele>
      </trkpt>
      <trkpt lat="33.926160000" lon="-111.633060000">
        <ele>583</ele>
      </trkpt>
      <trkpt lat="33.926160000" lon="-111.633120000">
        <ele>583</ele>
      </trkpt>
      <trkpt lat="33.926000000" lon="-111.633250000">
        <ele>584</ele>
      </trkpt>
      <trkpt lat="33.925960000" lon="-111.633260000">
        <ele>584</ele>
      </trkpt>
      <trkpt lat="33.925860000" lon="-111.633250000">
        <ele>583</ele>
      </trkpt>
      <trkpt lat="33.925770000" lon="-111.633290000">
        <ele>583</ele>
      </trkpt>
      <trkpt lat="33.925700000" lon="-111.633450000">
        <ele>583</ele>
      </trkpt>
      <trkpt lat="33.925610000" lon="-111.633500000">
        <ele>583</ele>
      </trkpt>
      <trkpt lat="33.925620000" lon="-111.633570000">
        <ele>584</ele>
      </trkpt>
      <trkpt lat="33.925580000" lon="-111.633670000">
        <ele>583</ele>
      </trkpt>
      <trkpt lat="33.925500000" lon="-111.633750000">
        <ele>583</ele>
      </trkpt>
      <trkpt lat="33.925490000" lon="-111.633810000">
        <ele>583</ele>
      </trkpt>
      <trkpt lat="33.925490000" lon="-111.633980000">
        <ele>583</ele>
      </trkpt>
      <trkpt lat="33.925460000" lon="-111.634100000">
        <ele>583</ele>
      </trkpt>
      <trkpt lat="33.925490000" lon="-111.634210000">
        <ele>583</ele>
      </trkpt>
      <trkpt lat="33.925460000" lon="-111.634310000">
        <ele>583</ele>
      </trkpt>
      <trkpt lat="33.925380000" lon="-111.634460000">
        <ele>583</ele>
      </trkpt>
      <trkpt lat="33.925290000" lon="-111.634460000">
        <ele>584</ele>
      </trkpt>
      <trkpt lat="33.925240000" lon="-111.634560000">
        <ele>584</ele>
      </trkpt>
      <trkpt lat="33.925300000" lon="-111.634800000">
        <ele>585</ele>
      </trkpt>
      <trkpt lat="33.925270000" lon="-111.634900000">
        <ele>584</ele>
      </trkpt>
      <trkpt lat="33.925300000" lon="-111.634950000">
        <ele>584</ele>
      </trkpt>
      <trkpt lat="33.925330000" lon="-111.635080000">
        <ele>583</ele>
      </trkpt>
      <trkpt lat="33.925300000" lon="-111.635120000">
        <ele>583</ele>
      </trkpt>
      <trkpt lat="33.925300000" lon="-111.635230000">
        <ele>583</ele>
      </trkpt>
      <trkpt lat="33.925240000" lon="-111.635330000">
        <ele>583</ele>
      </trkpt>
      <trkpt lat="33.925260000" lon="-111.635380000">
        <ele>583</ele>
      </trkpt>
      <trkpt lat="33.925210000" lon="-111.635480000">
        <ele>583</ele>
      </trkpt>
      <trkpt lat="33.925210000" lon="-111.635530000">
        <ele>583</ele>
      </trkpt>
      <trkpt lat="33.925270000" lon="-111.635620000">
        <ele>583</ele>
      </trkpt>
      <trkpt lat="33.925230000" lon="-111.635660000">
        <ele>584</ele>
      </trkpt>
      <trkpt lat="33.925140000" lon="-111.635700000">
        <ele>583</ele>
      </trkpt>
      <trkpt lat="33.925130000" lon="-111.635760000">
        <ele>583</ele>
      </trkpt>
      <trkpt lat="33.925140000" lon="-111.635810000">
        <ele>584</ele>
      </trkpt>
      <trkpt lat="33.925070000" lon="-111.635900000">
        <ele>584</ele>
      </trkpt>
      <trkpt lat="33.925020000" lon="-111.635920000">
        <ele>583</ele>
      </trkpt>
      <trkpt lat="33.924920000" lon="-111.635910000">
        <ele>583</ele>
      </trkpt>
      <trkpt lat="33.924840000" lon="-111.635960000">
        <ele>583</ele>
      </trkpt>
      <trkpt lat="33.924870000" lon="-111.636000000">
        <ele>583</ele>
      </trkpt>
      <trkpt lat="33.924880000" lon="-111.635940000">
        <ele>583</ele>
      </trkpt>
      <trkpt lat="33.924780000" lon="-111.635970000">
        <ele>583</ele>
      </trkpt>
      <trkpt lat="33.924700000" lon="-111.636130000">
        <ele>582</ele>
      </trkpt>
      <trkpt lat="33.924620000" lon="-111.636190000">
        <ele>581</ele>
      </trkpt>
      <trkpt lat="33.924590000" lon="-111.636230000">
        <ele>581</ele>
      </trkpt>
      <trkpt lat="33.924520000" lon="-111.636390000">
        <ele>580</ele>
      </trkpt>
      <trkpt lat="33.924480000" lon="-111.636360000">
        <ele>580</ele>
      </trkpt>
      <trkpt lat="33.924430000" lon="-111.636360000">
        <ele>580</ele>
      </trkpt>
      <trkpt lat="33.924310000" lon="-111.636470000">
        <ele>579</ele>
      </trkpt>
      <trkpt lat="33.924260000" lon="-111.636470000">
        <ele>579</ele>
      </trkpt>
      <trkpt lat="33.924230000" lon="-111.636650000">
        <ele>577</ele>
      </trkpt>
      <trkpt lat="33.924260000" lon="-111.636690000">
        <ele>577</ele>
      </trkpt>
      <trkpt lat="33.924230000" lon="-111.636800000">
        <ele>577</ele>
      </trkpt>
      <trkpt lat="33.924180000" lon="-111.636820000">
        <ele>577</ele>
      </trkpt>
      <trkpt lat="33.924020000" lon="-111.636980000">
        <ele>578</ele>
      </trkpt>
      <trkpt lat="33.923910000" lon="-111.636990000">
        <ele>577</ele>
      </trkpt>
      <trkpt lat="33.923840000" lon="-111.637090000">
        <ele>578</ele>
      </trkpt>
      <trkpt lat="33.923800000" lon="-111.637110000">
        <ele>577</ele>
      </trkpt>
      <trkpt lat="33.923790000" lon="-111.637170000">
        <ele>579</ele>
      </trkpt>
      <trkpt lat="33.923710000" lon="-111.637230000">
        <ele>578</ele>
      </trkpt>
      <trkpt lat="33.923660000" lon="-111.637190000">
        <ele>576</ele>
      </trkpt>
      <trkpt lat="33.923570000" lon="-111.637170000">
        <ele>573</ele>
      </trkpt>
      <trkpt lat="33.923380000" lon="-111.637200000">
        <ele>572</ele>
      </trkpt>
      <trkpt lat="33.923130000" lon="-111.637370000">
        <ele>572</ele>
      </trkpt>
      <trkpt lat="33.923080000" lon="-111.637390000">
        <ele>572</ele>
      </trkpt>
      <trkpt lat="33.923060000" lon="-111.637330000">
        <ele>572</ele>
      </trkpt>
      <trkpt lat="33.922960000" lon="-111.637480000">
        <ele>572</ele>
      </trkpt>
      <trkpt lat="33.922870000" lon="-111.637440000">
        <ele>572</ele>
      </trkpt>
      <trkpt lat="33.922830000" lon="-111.637480000">
        <ele>572</ele>
      </trkpt>
      <trkpt lat="33.922730000" lon="-111.637480000">
        <ele>573</ele>
      </trkpt>
      <trkpt lat="33.922690000" lon="-111.637500000">
        <ele>574</ele>
      </trkpt>
      <trkpt lat="33.922650000" lon="-111.637530000">
        <ele>574</ele>
      </trkpt>
      <trkpt lat="33.922650000" lon="-111.637640000">
        <ele>572</ele>
      </trkpt>
      <trkpt lat="33.922610000" lon="-111.637670000">
        <ele>572</ele>
      </trkpt>
      <trkpt lat="33.922500000" lon="-111.637660000">
        <ele>573</ele>
      </trkpt>
      <trkpt lat="33.922450000" lon="-111.637690000">
        <ele>573</ele>
      </trkpt>
      <trkpt lat="33.922360000" lon="-111.637640000">
        <ele>574</ele>
      </trkpt>
      <trkpt lat="33.922270000" lon="-111.637690000">
        <ele>573</ele>
      </trkpt>
      <trkpt lat="33.922280000" lon="-111.637740000">
        <ele>572</ele>
      </trkpt>
      <trkpt lat="33.922260000" lon="-111.637790000">
        <ele>572</ele>
      </trkpt>
      <trkpt lat="33.922160000" lon="-111.637800000">
        <ele>572</ele>
      </trkpt>
      <trkpt lat="33.922110000" lon="-111.637820000">
        <ele>572</ele>
      </trkpt>
      <trkpt lat="33.922080000" lon="-111.637860000">
        <ele>572</ele>
      </trkpt>
      <trkpt lat="33.922050000" lon="-111.637960000">
        <ele>572</ele>
      </trkpt>
      <trkpt lat="33.921960000" lon="-111.638020000">
        <ele>572</ele>
      </trkpt>
      <trkpt lat="33.921900000" lon="-111.638250000">
        <ele>572</ele>
      </trkpt>
      <trkpt lat="33.921830000" lon="-111.638320000">
        <ele>572</ele>
      </trkpt>
      <trkpt lat="33.921840000" lon="-111.638380000">
        <ele>572</ele>
      </trkpt>
      <trkpt lat="33.921750000" lon="-111.638400000">
        <ele>572</ele>
      </trkpt>
      <trkpt lat="33.921760000" lon="-111.638520000">
        <ele>572</ele>
      </trkpt>
      <trkpt lat="33.921740000" lon="-111.638690000">
        <ele>572</ele>
      </trkpt>
      <trkpt lat="33.921760000" lon="-111.638820000">
        <ele>572</ele>
      </trkpt>
      <trkpt lat="33.921640000" lon="-111.639000000">
        <ele>572</ele>
      </trkpt>
      <trkpt lat="33.921660000" lon="-111.639110000">
        <ele>572</ele>
      </trkpt>
      <trkpt lat="33.921640000" lon="-111.639210000">
        <ele>572</ele>
      </trkpt>
      <trkpt lat="33.921540000" lon="-111.639330000">
        <ele>572</ele>
      </trkpt>
      <trkpt lat="33.921540000" lon="-111.639400000">
        <ele>572</ele>
      </trkpt>
      <trkpt lat="33.921460000" lon="-111.639470000">
        <ele>572</ele>
      </trkpt>
      <trkpt lat="33.921470000" lon="-111.639590000">
        <ele>572</ele>
      </trkpt>
      <trkpt lat="33.921420000" lon="-111.639690000">
        <ele>572</ele>
      </trkpt>
      <trkpt lat="33.921290000" lon="-111.639780000">
        <ele>573</ele>
      </trkpt>
      <trkpt lat="33.921280000" lon="-111.639830000">
        <ele>573</ele>
      </trkpt>
      <trkpt lat="33.921240000" lon="-111.639870000">
        <ele>573</ele>
      </trkpt>
      <trkpt lat="33.921220000" lon="-111.639990000">
        <ele>573</ele>
      </trkpt>
      <trkpt lat="33.921110000" lon="-111.640130000">
        <ele>573</ele>
      </trkpt>
      <trkpt lat="33.921130000" lon="-111.640180000">
        <ele>572</ele>
      </trkpt>
      <trkpt lat="33.921110000" lon="-111.640240000">
        <ele>572</ele>
      </trkpt>
      <trkpt lat="33.921090000" lon="-111.640430000">
        <ele>571</ele>
      </trkpt>
      <trkpt lat="33.920980000" lon="-111.640650000">
        <ele>572</ele>
      </trkpt>
      <trkpt lat="33.920940000" lon="-111.640890000">
        <ele>571</ele>
      </trkpt>
      <trkpt lat="33.920890000" lon="-111.640990000">
        <ele>571</ele>
      </trkpt>
      <trkpt lat="33.920740000" lon="-111.641160000">
        <ele>569</ele>
      </trkpt>
      <trkpt lat="33.920690000" lon="-111.641330000">
        <ele>568</ele>
      </trkpt>
      <trkpt lat="33.920540000" lon="-111.641570000">
        <ele>569</ele>
      </trkpt>
      <trkpt lat="33.920210000" lon="-111.641940000">
        <ele>569</ele>
      </trkpt>
      <trkpt lat="33.920200000" lon="-111.641990000">
        <ele>568</ele>
      </trkpt>
      <trkpt lat="33.920130000" lon="-111.642080000">
        <ele>566</ele>
      </trkpt>
      <trkpt lat="33.919990000" lon="-111.642360000">
        <ele>561</ele>
      </trkpt>
      <trkpt lat="33.919910000" lon="-111.642430000">
        <ele>562</ele>
      </trkpt>
      <trkpt lat="33.919800000" lon="-111.642640000">
        <ele>562</ele>
      </trkpt>
      <trkpt lat="33.919730000" lon="-111.643110000">
        <ele>560</ele>
      </trkpt>
      <trkpt lat="33.919760000" lon="-111.643170000">
        <ele>560</ele>
      </trkpt>
      <trkpt lat="33.919730000" lon="-111.643210000">
        <ele>560</ele>
      </trkpt>
      <trkpt lat="33.919700000" lon="-111.643320000">
        <ele>560</ele>
      </trkpt>
      <trkpt lat="33.919660000" lon="-111.643360000">
        <ele>560</ele>
      </trkpt>
      <trkpt lat="33.919620000" lon="-111.643460000">
        <ele>560</ele>
      </trkpt>
      <trkpt lat="33.919630000" lon="-111.643520000">
        <ele>560</ele>
      </trkpt>
      <trkpt lat="33.919610000" lon="-111.643570000">
        <ele>560</ele>
      </trkpt>
      <trkpt lat="33.919660000" lon="-111.644070000">
        <ele>560</ele>
      </trkpt>
      <trkpt lat="33.919520000" lon="-111.644460000">
        <ele>560</ele>
      </trkpt>
      <trkpt lat="33.919530000" lon="-111.644580000">
        <ele>560</ele>
      </trkpt>
      <trkpt lat="33.919500000" lon="-111.644750000">
        <ele>560</ele>
      </trkpt>
      <trkpt lat="33.919420000" lon="-111.644900000">
        <ele>560</ele>
      </trkpt>
      <trkpt lat="33.919320000" lon="-111.645020000">
        <ele>560</ele>
      </trkpt>
      <trkpt lat="33.919320000" lon="-111.645080000">
        <ele>560</ele>
      </trkpt>
      <trkpt lat="33.919280000" lon="-111.645110000">
        <ele>560</ele>
      </trkpt>
      <trkpt lat="33.919310000" lon="-111.645160000">
        <ele>560</ele>
      </trkpt>
      <trkpt lat="33.919310000" lon="-111.645100000">
        <ele>560</ele>
      </trkpt>
      <trkpt lat="33.919220000" lon="-111.645170000">
        <ele>560</ele>
      </trkpt>
      <trkpt lat="33.919180000" lon="-111.645160000">
        <ele>560</ele>
      </trkpt>
      <trkpt lat="33.919130000" lon="-111.645190000">
        <ele>560</ele>
      </trkpt>
      <trkpt lat="33.919030000" lon="-111.645190000">
        <ele>560</ele>
      </trkpt>
      <trkpt lat="33.919020000" lon="-111.645250000">
        <ele>560</ele>
      </trkpt>
      <trkpt lat="33.918920000" lon="-111.645260000">
        <ele>560</ele>
      </trkpt>
      <trkpt lat="33.918790000" lon="-111.645340000">
        <ele>559</ele>
      </trkpt>
      <trkpt lat="33.918360000" lon="-111.645440000">
        <ele>558</ele>
      </trkpt>
      <trkpt lat="33.918160000" lon="-111.645530000">
        <ele>558</ele>
      </trkpt>
      <trkpt lat="33.917970000" lon="-111.645650000">
        <ele>557</ele>
      </trkpt>
      <trkpt lat="33.917800000" lon="-111.645800000">
        <ele>557</ele>
      </trkpt>
      <trkpt lat="33.917780000" lon="-111.645910000">
        <ele>557</ele>
      </trkpt>
      <trkpt lat="33.917810000" lon="-111.646020000">
        <ele>557</ele>
      </trkpt>
      <trkpt lat="33.917780000" lon="-111.646070000">
        <ele>558</ele>
      </trkpt>
      <trkpt lat="33.917790000" lon="-111.646130000">
        <ele>559</ele>
      </trkpt>
      <trkpt lat="33.917770000" lon="-111.646290000">
        <ele>558</ele>
      </trkpt>
      <trkpt lat="33.917790000" lon="-111.646410000">
        <ele>556</ele>
      </trkpt>
      <trkpt lat="33.918140000" lon="-111.646740000">
        <ele>553</ele>
      </trkpt>
      <trkpt lat="33.918290000" lon="-111.646820000">
        <ele>552</ele>
      </trkpt>
      <trkpt lat="33.918380000" lon="-111.646950000">
        <ele>552</ele>
      </trkpt>
      <trkpt lat="33.918380000" lon="-111.647070000">
        <ele>552</ele>
      </trkpt>
      <trkpt lat="33.918300000" lon="-111.647200000">
        <ele>552</ele>
      </trkpt>
      <trkpt lat="33.918090000" lon="-111.647340000">
        <ele>552</ele>
      </trkpt>
      <trkpt lat="33.918010000" lon="-111.647470000">
        <ele>555</ele>
      </trkpt>
      <trkpt lat="33.917970000" lon="-111.647440000">
        <ele>558</ele>
      </trkpt>
      <trkpt lat="33.917960000" lon="-111.647510000">
        <ele>560</ele>
      </trkpt>
      <trkpt lat="33.917990000" lon="-111.647550000">
        <ele>558</ele>
      </trkpt>
      <trkpt lat="33.918060000" lon="-111.647580000">
        <ele>555</ele>
      </trkpt>
      <trkpt lat="33.918110000" lon="-111.647760000">
        <ele>556</ele>
      </trkpt>
      <trkpt lat="33.918240000" lon="-111.647840000">
        <ele>552</ele>
      </trkpt>
      <trkpt lat="33.918330000" lon="-111.648010000">
        <ele>552</ele>
      </trkpt>
      <trkpt lat="33.918360000" lon="-111.648040000">
        <ele>552</ele>
      </trkpt>
      <trkpt lat="33.918390000" lon="-111.648150000">
        <ele>552</ele>
      </trkpt>
      <trkpt lat="33.918380000" lon="-111.648270000">
        <ele>552</ele>
      </trkpt>
      <trkpt lat="33.918420000" lon="-111.648310000">
        <ele>552</ele>
      </trkpt>
      <trkpt lat="33.918470000" lon="-111.648430000">
        <ele>556</ele>
      </trkpt>
      <trkpt lat="33.918450000" lon="-111.648550000">
        <ele>556</ele>
      </trkpt>
      <trkpt lat="33.918380000" lon="-111.648720000">
        <ele>550</ele>
      </trkpt>
      <trkpt lat="33.918360000" lon="-111.648890000">
        <ele>547</ele>
      </trkpt>
      <trkpt lat="33.918270000" lon="-111.649110000">
        <ele>546</ele>
      </trkpt>
      <trkpt lat="33.918070000" lon="-111.649310000">
        <ele>546</ele>
      </trkpt>
      <trkpt lat="33.917930000" lon="-111.649390000">
        <ele>546</ele>
      </trkpt>
      <trkpt lat="33.917910000" lon="-111.649450000">
        <ele>546</ele>
      </trkpt>
      <trkpt lat="33.917840000" lon="-111.649540000">
        <ele>546</ele>
      </trkpt>
      <trkpt lat="33.917850000" lon="-111.649600000">
        <ele>546</ele>
      </trkpt>
      <trkpt lat="33.917760000" lon="-111.649810000">
        <ele>546</ele>
      </trkpt>
      <trkpt lat="33.917680000" lon="-111.650110000">
        <ele>544</ele>
      </trkpt>
      <trkpt lat="33.917680000" lon="-111.650350000">
        <ele>544</ele>
      </trkpt>
      <trkpt lat="33.917720000" lon="-111.650460000">
        <ele>544</ele>
      </trkpt>
      <trkpt lat="33.917760000" lon="-111.650780000">
        <ele>542</ele>
      </trkpt>
      <trkpt lat="33.917900000" lon="-111.651110000">
        <ele>542</ele>
      </trkpt>
      <trkpt lat="33.917980000" lon="-111.651190000">
        <ele>541</ele>
      </trkpt>
      <trkpt lat="33.918020000" lon="-111.651300000">
        <ele>539</ele>
      </trkpt>
      <trkpt lat="33.918280000" lon="-111.651750000">
        <ele>537</ele>
      </trkpt>
      <trkpt lat="33.918480000" lon="-111.651930000">
        <ele>537</ele>
      </trkpt>
      <trkpt lat="33.918540000" lon="-111.651940000">
        <ele>537</ele>
      </trkpt>
      <trkpt lat="33.918580000" lon="-111.652050000">
        <ele>537</ele>
      </trkpt>
      <trkpt lat="33.918710000" lon="-111.652140000">
        <ele>537</ele>
      </trkpt>
      <trkpt lat="33.918760000" lon="-111.652260000">
        <ele>537</ele>
      </trkpt>
      <trkpt lat="33.918840000" lon="-111.652340000">
        <ele>537</ele>
      </trkpt>
      <trkpt lat="33.918880000" lon="-111.652340000">
        <ele>537</ele>
      </trkpt>
      <trkpt lat="33.919000000" lon="-111.652470000">
        <ele>537</ele>
      </trkpt>
      <trkpt lat="33.919050000" lon="-111.652490000">
        <ele>537</ele>
      </trkpt>
      <trkpt lat="33.919150000" lon="-111.652480000">
        <ele>537</ele>
      </trkpt>
      <trkpt lat="33.919190000" lon="-111.652440000">
        <ele>537</ele>
      </trkpt>
      <trkpt lat="33.919220000" lon="-111.652280000">
        <ele>537</ele>
      </trkpt>
      <trkpt lat="33.919170000" lon="-111.652280000">
        <ele>537</ele>
      </trkpt>
      <trkpt lat="33.919220000" lon="-111.652260000">
        <ele>537</ele>
      </trkpt>
      <trkpt lat="33.919240000" lon="-111.652220000">
        <ele>537</ele>
      </trkpt>
      <trkpt lat="33.919240000" lon="-111.652270000">
        <ele>537</ele>
      </trkpt>
      <trkpt lat="33.919260000" lon="-111.652220000">
        <ele>537</ele>
      </trkpt>
      <trkpt lat="33.919230000" lon="-111.652250000">
        <ele>537</ele>
      </trkpt>
      <trkpt lat="33.919260000" lon="-111.652210000">
        <ele>537</ele>
      </trkpt>
      <trkpt lat="33.919250000" lon="-111.652270000">
        <ele>537</ele>
      </trkpt>
      <trkpt lat="33.919210000" lon="-111.652290000">
        <ele>537</ele>
      </trkpt>
      <trkpt lat="33.919240000" lon="-111.652330000">
        <ele>537</ele>
      </trkpt>
      <trkpt lat="33.919190000" lon="-111.652300000">
        <ele>537</ele>
      </trkpt>
      <trkpt lat="33.919220000" lon="-111.652260000">
        <ele>537</ele>
      </trkpt>
      <trkpt lat="33.919160000" lon="-111.652330000">
        <ele>537</ele>
      </trkpt>
      <trkpt lat="33.919160000" lon="-111.652280000">
        <ele>537</ele>
      </trkpt>
      <trkpt lat="33.919110000" lon="-111.652270000">
        <ele>537</ele>
      </trkpt>
      <trkpt lat="33.919130000" lon="-111.652220000">
        <ele>537</ele>
      </trkpt>
      <trkpt lat="33.919180000" lon="-111.652210000">
        <ele>537</ele>
      </trkpt>
      <trkpt lat="33.919190000" lon="-111.652270000">
        <ele>537</ele>
      </trkpt>
      <trkpt lat="33.919150000" lon="-111.652250000">
        <ele>537</ele>
      </trkpt>
      <trkpt lat="33.919160000" lon="-111.652310000">
        <ele>537</ele>
      </trkpt>
      <trkpt lat="33.919200000" lon="-111.652330000">
        <ele>537</ele>
      </trkpt>
      <trkpt lat="33.919220000" lon="-111.652280000">
        <ele>537</ele>
      </trkpt>
      <trkpt lat="33.919180000" lon="-111.652270000">
        <ele>537</ele>
      </trkpt>
      <trkpt lat="33.919300000" lon="-111.652340000">
        <ele>537</ele>
      </trkpt>
      <trkpt lat="33.919330000" lon="-111.652290000">
        <ele>537</ele>
      </trkpt>
      <trkpt lat="33.919330000" lon="-111.652230000">
        <ele>537</ele>
      </trkpt>
      <trkpt lat="33.919380000" lon="-111.652240000">
        <ele>537</ele>
      </trkpt>
      <trkpt lat="33.919420000" lon="-111.652210000">
        <ele>537</ele>
      </trkpt>
      <trkpt lat="33.919560000" lon="-111.652190000">
        <ele>537</ele>
      </trkpt>
      <trkpt lat="33.919760000" lon="-111.652290000">
        <ele>537</ele>
      </trkpt>
      <trkpt lat="33.920000000" lon="-111.652710000">
        <ele>540</ele>
      </trkpt>
      <trkpt lat="33.920070000" lon="-111.652880000">
        <ele>544</ele>
      </trkpt>
      <trkpt lat="33.920040000" lon="-111.653010000">
        <ele>544</ele>
      </trkpt>
      <trkpt lat="33.920050000" lon="-111.653080000">
        <ele>546</ele>
      </trkpt>
      <trkpt lat="33.919940000" lon="-111.653290000">
        <ele>539</ele>
      </trkpt>
      <trkpt lat="33.919890000" lon="-111.653720000">
        <ele>543</ele>
      </trkpt>
      <trkpt lat="33.919760000" lon="-111.654050000">
        <ele>539</ele>
      </trkpt>
      <trkpt lat="33.919730000" lon="-111.654290000">
        <ele>541</ele>
      </trkpt>
      <trkpt lat="33.919660000" lon="-111.654560000">
        <ele>537</ele>
      </trkpt>
      <trkpt lat="33.919630000" lon="-111.655040000">
        <ele>536</ele>
      </trkpt>
      <trkpt lat="33.919740000" lon="-111.655390000">
        <ele>537</ele>
      </trkpt>
      <trkpt lat="33.919730000" lon="-111.655910000">
        <ele>545</ele>
      </trkpt>
      <trkpt lat="33.919540000" lon="-111.656450000">
        <ele>537</ele>
      </trkpt>
      <trkpt lat="33.919370000" lon="-111.656600000">
        <ele>537</ele>
      </trkpt>
      <trkpt lat="33.919350000" lon="-111.656660000">
        <ele>537</ele>
      </trkpt>
      <trkpt lat="33.919220000" lon="-111.656740000">
        <ele>536</ele>
      </trkpt>
      <trkpt lat="33.919020000" lon="-111.657000000">
        <ele>536</ele>
      </trkpt>
      <trkpt lat="33.918750000" lon="-111.657220000">
        <ele>536</ele>
      </trkpt>
      <trkpt lat="33.918600000" lon="-111.657260000">
        <ele>536</ele>
      </trkpt>
      <trkpt lat="33.918550000" lon="-111.657260000">
        <ele>536</ele>
      </trkpt>
      <trkpt lat="33.918380000" lon="-111.657360000">
        <ele>536</ele>
      </trkpt>
      <trkpt lat="33.918280000" lon="-111.657360000">
        <ele>536</ele>
      </trkpt>
      <trkpt lat="33.917870000" lon="-111.657520000">
        <ele>536</ele>
      </trkpt>
      <trkpt lat="33.917800000" lon="-111.657590000">
        <ele>536</ele>
      </trkpt>
      <trkpt lat="33.917710000" lon="-111.657630000">
        <ele>536</ele>
      </trkpt>
      <trkpt lat="33.917680000" lon="-111.657680000">
        <ele>536</ele>
      </trkpt>
      <trkpt lat="33.917460000" lon="-111.657840000">
        <ele>536</ele>
      </trkpt>
      <trkpt lat="33.917400000" lon="-111.657930000">
        <ele>536</ele>
      </trkpt>
      <trkpt lat="33.917260000" lon="-111.658000000">
        <ele>536</ele>
      </trkpt>
      <trkpt lat="33.917200000" lon="-111.658080000">
        <ele>536</ele>
      </trkpt>
      <trkpt lat="33.917150000" lon="-111.658090000">
        <ele>536</ele>
      </trkpt>
      <trkpt lat="33.917030000" lon="-111.658270000">
        <ele>536</ele>
      </trkpt>
      <trkpt lat="33.916890000" lon="-111.658590000">
        <ele>536</ele>
      </trkpt>
      <trkpt lat="33.916790000" lon="-111.658750000">
        <ele>536</ele>
      </trkpt>
      <trkpt lat="33.916680000" lon="-111.658870000">
        <ele>536</ele>
      </trkpt>
      <trkpt lat="33.916640000" lon="-111.658990000">
        <ele>537</ele>
      </trkpt>
      <trkpt lat="33.916560000" lon="-111.659080000">
        <ele>537</ele>
      </trkpt>
      <trkpt lat="33.916470000" lon="-111.659250000">
        <ele>537</ele>
      </trkpt>
      <trkpt lat="33.916430000" lon="-111.659560000">
        <ele>538</ele>
      </trkpt>
      <trkpt lat="33.916450000" lon="-111.659690000">
        <ele>539</ele>
      </trkpt>
      <trkpt lat="33.916510000" lon="-111.659790000">
        <ele>540</ele>
      </trkpt>
      <trkpt lat="33.916480000" lon="-111.659900000">
        <ele>541</ele>
      </trkpt>
      <trkpt lat="33.916430000" lon="-111.660000000">
        <ele>541</ele>
      </trkpt>
      <trkpt lat="33.916340000" lon="-111.660060000">
        <ele>541</ele>
      </trkpt>
      <trkpt lat="33.916220000" lon="-111.660290000">
        <ele>545</ele>
      </trkpt>
      <trkpt lat="33.916090000" lon="-111.660400000">
        <ele>548</ele>
      </trkpt>
      <trkpt lat="33.915990000" lon="-111.660390000">
        <ele>542</ele>
      </trkpt>
      <trkpt lat="33.915850000" lon="-111.660440000">
        <ele>538</ele>
      </trkpt>
      <trkpt lat="33.915840000" lon="-111.660500000">
        <ele>538</ele>
      </trkpt>
      <trkpt lat="33.915810000" lon="-111.660540000">
        <ele>538</ele>
      </trkpt>
      <trkpt lat="33.915570000" lon="-111.660650000">
        <ele>537</ele>
      </trkpt>
      <trkpt lat="33.915300000" lon="-111.660680000">
        <ele>537</ele>
      </trkpt>
      <trkpt lat="33.915200000" lon="-111.660670000">
        <ele>537</ele>
      </trkpt>
      <trkpt lat="33.914990000" lon="-111.660580000">
        <ele>536</ele>
      </trkpt>
      <trkpt lat="33.914720000" lon="-111.660350000">
        <ele>536</ele>
      </trkpt>
      <trkpt lat="33.914530000" lon="-111.660100000">
        <ele>535</ele>
      </trkpt>
      <trkpt lat="33.914430000" lon="-111.660040000">
        <ele>537</ele>
      </trkpt>
      <trkpt lat="33.914380000" lon="-111.660030000">
        <ele>539</ele>
      </trkpt>
      <trkpt lat="33.914340000" lon="-111.660070000">
        <ele>538</ele>
      </trkpt>
      <trkpt lat="33.914340000" lon="-111.660140000">
        <ele>536</ele>
      </trkpt>
      <trkpt lat="33.914240000" lon="-111.660210000">
        <ele>536</ele>
      </trkpt>
      <trkpt lat="33.914140000" lon="-111.660200000">
        <ele>538</ele>
      </trkpt>
      <trkpt lat="33.913930000" lon="-111.660260000">
        <ele>539</ele>
      </trkpt>
      <trkpt lat="33.913520000" lon="-111.660640000">
        <ele>538</ele>
      </trkpt>
      <trkpt lat="33.913210000" lon="-111.660820000">
        <ele>537</ele>
      </trkpt>
      <trkpt lat="33.913020000" lon="-111.661030000">
        <ele>535</ele>
      </trkpt>
      <trkpt lat="33.912840000" lon="-111.661180000">
        <ele>535</ele>
      </trkpt>
      <trkpt lat="33.912490000" lon="-111.661620000">
        <ele>536</ele>
      </trkpt>
      <trkpt lat="33.912370000" lon="-111.661830000">
        <ele>536</ele>
      </trkpt>
      <trkpt lat="33.911810000" lon="-111.662440000">
        <ele>535</ele>
      </trkpt>
      <trkpt lat="33.911460000" lon="-111.662700000">
        <ele>535</ele>
      </trkpt>
      <trkpt lat="33.911250000" lon="-111.662910000">
        <ele>535</ele>
      </trkpt>
      <trkpt lat="33.910900000" lon="-111.663190000">
        <ele>535</ele>
      </trkpt>
      <trkpt lat="33.910790000" lon="-111.663320000">
        <ele>535</ele>
      </trkpt>
      <trkpt lat="33.910490000" lon="-111.663510000">
        <ele>535</ele>
      </trkpt>
      <trkpt lat="33.910320000" lon="-111.663570000">
        <ele>535</ele>
      </trkpt>
      <trkpt lat="33.910220000" lon="-111.663530000">
        <ele>535</ele>
      </trkpt>
      <trkpt lat="33.910190000" lon="-111.663400000">
        <ele>534</ele>
      </trkpt>
      <trkpt lat="33.909970000" lon="-111.663170000">
        <ele>534</ele>
      </trkpt>
      <trkpt lat="33.909910000" lon="-111.663140000">
        <ele>534</ele>
      </trkpt>
      <trkpt lat="33.909710000" lon="-111.662970000">
        <ele>534</ele>
      </trkpt>
      <trkpt lat="33.909600000" lon="-111.662940000">
        <ele>534</ele>
      </trkpt>
      <trkpt lat="33.909320000" lon="-111.662760000">
        <ele>534</ele>
      </trkpt>
      <trkpt lat="33.909220000" lon="-111.662730000">
        <ele>534</ele>
      </trkpt>
      <trkpt lat="33.909030000" lon="-111.662620000">
        <ele>534</ele>
      </trkpt>
      <trkpt lat="33.908820000" lon="-111.662580000">
        <ele>534</ele>
      </trkpt>
      <trkpt lat="33.908560000" lon="-111.662480000">
        <ele>534</ele>
      </trkpt>
      <trkpt lat="33.908410000" lon="-111.662470000">
        <ele>534</ele>
      </trkpt>
      <trkpt lat="33.908380000" lon="-111.662420000">
        <ele>534</ele>
      </trkpt>
      <trkpt lat="33.908280000" lon="-111.662400000">
        <ele>534</ele>
      </trkpt>
      <trkpt lat="33.908240000" lon="-111.662370000">
        <ele>534</ele>
      </trkpt>
      <trkpt lat="33.908130000" lon="-111.662340000">
        <ele>534</ele>
      </trkpt>
      <trkpt lat="33.908050000" lon="-111.662280000">
        <ele>534</ele>
      </trkpt>
      <trkpt lat="33.907920000" lon="-111.662230000">
        <ele>534</ele>
      </trkpt>
      <trkpt lat="33.907780000" lon="-111.662150000">
        <ele>534</ele>
      </trkpt>
      <trkpt lat="33.907750000" lon="-111.662040000">
        <ele>534</ele>
      </trkpt>
      <trkpt lat="33.907710000" lon="-111.662020000">
        <ele>534</ele>
      </trkpt>
      <trkpt lat="33.907600000" lon="-111.661810000">
        <ele>534</ele>
      </trkpt>
      <trkpt lat="33.907520000" lon="-111.661750000">
        <ele>534</ele>
      </trkpt>
      <trkpt lat="33.907150000" lon="-111.661210000">
        <ele>534</ele>
      </trkpt>
      <trkpt lat="33.906980000" lon="-111.661030000">
        <ele>534</ele>
      </trkpt>
      <trkpt lat="33.906900000" lon="-111.660850000">
        <ele>534</ele>
      </trkpt>
      <trkpt lat="33.906820000" lon="-111.660770000">
        <ele>534</ele>
      </trkpt>
      <trkpt lat="33.906690000" lon="-111.660560000">
        <ele>534</ele>
      </trkpt>
      <trkpt lat="33.906580000" lon="-111.660440000">
        <ele>534</ele>
      </trkpt>
      <trkpt lat="33.906440000" lon="-111.660180000">
        <ele>534</ele>
      </trkpt>
      <trkpt lat="33.906360000" lon="-111.660090000">
        <ele>534</ele>
      </trkpt>
      <trkpt lat="33.906380000" lon="-111.660030000">
        <ele>534</ele>
      </trkpt>
      <trkpt lat="33.906340000" lon="-111.660000000">
        <ele>534</ele>
      </trkpt>
      <trkpt lat="33.906320000" lon="-111.659940000">
        <ele>534</ele>
      </trkpt>
      <trkpt lat="33.906270000" lon="-111.659940000">
        <ele>534</ele>
      </trkpt>
      <trkpt lat="33.906230000" lon="-111.659880000">
        <ele>534</ele>
      </trkpt>
      <trkpt lat="33.906100000" lon="-111.659580000">
        <ele>534</ele>
      </trkpt>
      <trkpt lat="33.905990000" lon="-111.659410000">
        <ele>534</ele>
      </trkpt>
      <trkpt lat="33.905870000" lon="-111.658850000">
        <ele>534</ele>
      </trkpt>
      <trkpt lat="33.905600000" lon="-111.658490000">
        <ele>534</ele>
      </trkpt>
      <trkpt lat="33.905450000" lon="-111.658190000">
        <ele>534</ele>
      </trkpt>
      <trkpt lat="33.905370000" lon="-111.658110000">
        <ele>534</ele>
      </trkpt>
      <trkpt lat="33.905000000" lon="-111.657660000">
        <ele>534</ele>
      </trkpt>
      <trkpt lat="33.904900000" lon="-111.657400000">
        <ele>534</ele>
      </trkpt>
      <trkpt lat="33.904800000" lon="-111.656950000">
        <ele>534</ele>
      </trkpt>
      <trkpt lat="33.904780000" lon="-111.656750000">
        <ele>534</ele>
      </trkpt>
      <trkpt lat="33.904710000" lon="-111.656590000">
        <ele>534</ele>
      </trkpt>
      <trkpt lat="33.904650000" lon="-111.656220000">
        <ele>535</ele>
      </trkpt>
      <trkpt lat="33.904530000" lon="-111.655860000">
        <ele>535</ele>
      </trkpt>
      <trkpt lat="33.904380000" lon="-111.655680000">
        <ele>534</ele>
      </trkpt>
      <trkpt lat="33.904170000" lon="-111.655480000">
        <ele>534</ele>
      </trkpt>
      <trkpt lat="33.903660000" lon="-111.655170000">
        <ele>534</ele>
      </trkpt>
      <trkpt lat="33.903400000" lon="-111.654930000">
        <ele>533</ele>
      </trkpt>
      <trkpt lat="33.903270000" lon="-111.654760000">
        <ele>534</ele>
      </trkpt>
      <trkpt lat="33.903100000" lon="-111.654660000">
        <ele>533</ele>
      </trkpt>
      <trkpt lat="33.902970000" lon="-111.654470000">
        <ele>534</ele>
      </trkpt>
      <trkpt lat="33.902890000" lon="-111.654410000">
        <ele>534</ele>
      </trkpt>
      <trkpt lat="33.902820000" lon="-111.654320000">
        <ele>534</ele>
      </trkpt>
      <trkpt lat="33.902670000" lon="-111.654030000">
        <ele>534</ele>
      </trkpt>
      <trkpt lat="33.902430000" lon="-111.653790000">
        <ele>534</ele>
      </trkpt>
      <trkpt lat="33.902380000" lon="-111.653680000">
        <ele>534</ele>
      </trkpt>
      <trkpt lat="33.902240000" lon="-111.653510000">
        <ele>534</ele>
      </trkpt>
      <trkpt lat="33.902210000" lon="-111.653390000">
        <ele>535</ele>
      </trkpt>
      <trkpt lat="33.902150000" lon="-111.653300000">
        <ele>535</ele>
      </trkpt>
      <trkpt lat="33.902000000" lon="-111.653130000">
        <ele>534</ele>
      </trkpt>
      <trkpt lat="33.901950000" lon="-111.653130000">
        <ele>534</ele>
      </trkpt>
      <trkpt lat="33.901870000" lon="-111.653030000">
        <ele>534</ele>
      </trkpt>
      <trkpt lat="33.901830000" lon="-111.653030000">
        <ele>534</ele>
      </trkpt>
      <trkpt lat="33.901830000" lon="-111.652980000">
        <ele>534</ele>
      </trkpt>
      <trkpt lat="33.901800000" lon="-111.652940000">
        <ele>534</ele>
      </trkpt>
      <trkpt lat="33.901750000" lon="-111.652740000">
        <ele>534</ele>
      </trkpt>
      <trkpt lat="33.901640000" lon="-111.652530000">
        <ele>534</ele>
      </trkpt>
      <trkpt lat="33.901620000" lon="-111.652280000">
        <ele>534</ele>
      </trkpt>
      <trkpt lat="33.901660000" lon="-111.652240000">
        <ele>534</ele>
      </trkpt>
      <trkpt lat="33.901650000" lon="-111.652120000">
        <ele>534</ele>
      </trkpt>
      <trkpt lat="33.901670000" lon="-111.652010000">
        <ele>534</ele>
      </trkpt>
      <trkpt lat="33.901760000" lon="-111.651950000">
        <ele>534</ele>
      </trkpt>
      <trkpt lat="33.901790000" lon="-111.651890000">
        <ele>534</ele>
      </trkpt>
      <trkpt lat="33.901970000" lon="-111.651710000">
        <ele>534</ele>
      </trkpt>
      <trkpt lat="33.902020000" lon="-111.651610000">
        <ele>534</ele>
      </trkpt>
      <trkpt lat="33.902140000" lon="-111.651510000">
        <ele>534</ele>
      </trkpt>
      <trkpt lat="33.902370000" lon="-111.651170000">
        <ele>534</ele>
      </trkpt>
      <trkpt lat="33.902490000" lon="-111.651060000">
        <ele>534</ele>
      </trkpt>
      <trkpt lat="33.902540000" lon="-111.651060000">
        <ele>534</ele>
      </trkpt>
      <trkpt lat="33.902790000" lon="-111.650760000">
        <ele>534</ele>
      </trkpt>
      <trkpt lat="33.902830000" lon="-111.650600000">
        <ele>534</ele>
      </trkpt>
      <trkpt lat="33.903040000" lon="-111.650250000">
        <ele>534</ele>
      </trkpt>
      <trkpt lat="33.903200000" lon="-111.650070000">
        <ele>534</ele>
      </trkpt>
      <trkpt lat="33.903260000" lon="-111.649910000">
        <ele>534</ele>
      </trkpt>
      <trkpt lat="33.903330000" lon="-111.649840000">
        <ele>534</ele>
      </trkpt>
      <trkpt lat="33.903600000" lon="-111.648930000">
        <ele>534</ele>
      </trkpt>
      <trkpt lat="33.903600000" lon="-111.648580000">
        <ele>534</ele>
      </trkpt>
      <trkpt lat="33.903630000" lon="-111.648470000">
        <ele>534</ele>
      </trkpt>
      <trkpt lat="33.903500000" lon="-111.648160000">
        <ele>534</ele>
      </trkpt>
      <trkpt lat="33.903430000" lon="-111.647910000">
        <ele>534</ele>
      </trkpt>
      <trkpt lat="33.903360000" lon="-111.647840000">
        <ele>534</ele>
      </trkpt>
      <trkpt lat="33.903210000" lon="-111.647530000">
        <ele>534</ele>
      </trkpt>
      <trkpt lat="33.903140000" lon="-111.647450000">
        <ele>534</ele>
      </trkpt>
      <trkpt lat="33.903090000" lon="-111.647260000">
        <ele>534</ele>
      </trkpt>
      <trkpt lat="33.902980000" lon="-111.647140000">
        <ele>534</ele>
      </trkpt>
      <trkpt lat="33.902910000" lon="-111.646970000">
        <ele>534</ele>
      </trkpt>
      <trkpt lat="33.902840000" lon="-111.646880000">
        <ele>534</ele>
      </trkpt>
      <trkpt lat="33.902760000" lon="-111.646660000">
        <ele>534</ele>
      </trkpt>
      <trkpt lat="33.902650000" lon="-111.646530000">
        <ele>534</ele>
      </trkpt>
      <trkpt lat="33.902600000" lon="-111.646380000">
        <ele>534</ele>
      </trkpt>
      <trkpt lat="33.902490000" lon="-111.646170000">
        <ele>534</ele>
      </trkpt>
      <trkpt lat="33.902490000" lon="-111.646120000">
        <ele>534</ele>
      </trkpt>
      <trkpt lat="33.902360000" lon="-111.645780000">
        <ele>534</ele>
      </trkpt>
      <trkpt lat="33.902250000" lon="-111.645390000">
        <ele>534</ele>
      </trkpt>
      <trkpt lat="33.902140000" lon="-111.645180000">
        <ele>534</ele>
      </trkpt>
      <trkpt lat="33.902100000" lon="-111.645150000">
        <ele>534</ele>
      </trkpt>
      <trkpt lat="33.902000000" lon="-111.644940000">
        <ele>534</ele>
      </trkpt>
      <trkpt lat="33.901960000" lon="-111.644760000">
        <ele>534</ele>
      </trkpt>
      <trkpt lat="33.901820000" lon="-111.644390000">
        <ele>534</ele>
      </trkpt>
      <trkpt lat="33.901760000" lon="-111.644310000">
        <ele>534</ele>
      </trkpt>
      <trkpt lat="33.901660000" lon="-111.644110000">
        <ele>534</ele>
      </trkpt>
      <trkpt lat="33.901580000" lon="-111.644030000">
        <ele>534</ele>
      </trkpt>
      <trkpt lat="33.901490000" lon="-111.643810000">
        <ele>534</ele>
      </trkpt>
      <trkpt lat="33.901350000" lon="-111.643620000">
        <ele>534</ele>
      </trkpt>
      <trkpt lat="33.901310000" lon="-111.643590000">
        <ele>534</ele>
      </trkpt>
      <trkpt lat="33.901280000" lon="-111.643480000">
        <ele>534</ele>
      </trkpt>
      <trkpt lat="33.901100000" lon="-111.643260000">
        <ele>534</ele>
      </trkpt>
      <trkpt lat="33.901000000" lon="-111.643250000">
        <ele>534</ele>
      </trkpt>
      <trkpt lat="33.900890000" lon="-111.643020000">
        <ele>534</ele>
      </trkpt>
      <trkpt lat="33.900790000" lon="-111.642890000">
        <ele>534</ele>
      </trkpt>
      <trkpt lat="33.900630000" lon="-111.642760000">
        <ele>533</ele>
      </trkpt>
      <trkpt lat="33.900530000" lon="-111.642730000">
        <ele>533</ele>
      </trkpt>
      <trkpt lat="33.900400000" lon="-111.642640000">
        <ele>533</ele>
      </trkpt>
      <trkpt lat="33.900250000" lon="-111.642610000">
        <ele>533</ele>
      </trkpt>
      <trkpt lat="33.900070000" lon="-111.642520000">
        <ele>533</ele>
      </trkpt>
      <trkpt lat="33.899820000" lon="-111.642490000">
        <ele>533</ele>
      </trkpt>
      <trkpt lat="33.899730000" lon="-111.642450000">
        <ele>533</ele>
      </trkpt>
      <trkpt lat="33.899680000" lon="-111.642460000">
        <ele>533</ele>
      </trkpt>
      <trkpt lat="33.899500000" lon="-111.642380000">
        <ele>533</ele>
      </trkpt>
      <trkpt lat="33.899410000" lon="-111.642370000">
        <ele>533</ele>
      </trkpt>
      <trkpt lat="33.899360000" lon="-111.642390000">
        <ele>533</ele>
      </trkpt>
      <trkpt lat="33.899210000" lon="-111.642360000">
        <ele>533</ele>
      </trkpt>
      <trkpt lat="33.899120000" lon="-111.642380000">
        <ele>533</ele>
      </trkpt>
      <trkpt lat="33.899070000" lon="-111.642350000">
        <ele>533</ele>
      </trkpt>
      <trkpt lat="33.898970000" lon="-111.642360000">
        <ele>533</ele>
      </trkpt>
      <trkpt lat="33.898730000" lon="-111.642300000">
        <ele>533</ele>
      </trkpt>
      <trkpt lat="33.898500000" lon="-111.642310000">
        <ele>533</ele>
      </trkpt>
      <trkpt lat="33.898410000" lon="-111.642270000">
        <ele>533</ele>
      </trkpt>
      <trkpt lat="33.898110000" lon="-111.642220000">
        <ele>533</ele>
      </trkpt>
      <trkpt lat="33.897800000" lon="-111.642170000">
        <ele>533</ele>
      </trkpt>
      <trkpt lat="33.897700000" lon="-111.642180000">
        <ele>533</ele>
      </trkpt>
      <trkpt lat="33.897560000" lon="-111.642120000">
        <ele>533</ele>
      </trkpt>
      <trkpt lat="33.897420000" lon="-111.642160000">
        <ele>533</ele>
      </trkpt>
      <trkpt lat="33.897080000" lon="-111.642040000">
        <ele>533</ele>
      </trkpt>
      <trkpt lat="33.896980000" lon="-111.642070000">
        <ele>533</ele>
      </trkpt>
      <trkpt lat="33.896900000" lon="-111.642030000">
        <ele>533</ele>
      </trkpt>
      <trkpt lat="33.896800000" lon="-111.642030000">
        <ele>533</ele>
      </trkpt>
      <trkpt lat="33.896690000" lon="-111.641990000">
        <ele>533</ele>
      </trkpt>
      <trkpt lat="33.896430000" lon="-111.642040000">
        <ele>533</ele>
      </trkpt>
      <trkpt lat="33.896350000" lon="-111.641950000">
        <ele>533</ele>
      </trkpt>
      <trkpt lat="33.896300000" lon="-111.641960000">
        <ele>533</ele>
      </trkpt>
      <trkpt lat="33.896250000" lon="-111.641920000">
        <ele>533</ele>
      </trkpt>
      <trkpt lat="33.896150000" lon="-111.641920000">
        <ele>533</ele>
      </trkpt>
      <trkpt lat="33.896050000" lon="-111.641880000">
        <ele>533</ele>
      </trkpt>
      <trkpt lat="33.896000000" lon="-111.641890000">
        <ele>533</ele>
      </trkpt>
      <trkpt lat="33.895630000" lon="-111.641710000">
        <ele>533</ele>
      </trkpt>
      <trkpt lat="33.895530000" lon="-111.641740000">
        <ele>533</ele>
      </trkpt>
      <trkpt lat="33.895440000" lon="-111.641720000">
        <ele>533</ele>
      </trkpt>
      <trkpt lat="33.895310000" lon="-111.641640000">
        <ele>533</ele>
      </trkpt>
      <trkpt lat="33.895200000" lon="-111.641610000">
        <ele>533</ele>
      </trkpt>
      <trkpt lat="33.895160000" lon="-111.641610000">
        <ele>533</ele>
      </trkpt>
      <trkpt lat="33.895110000" lon="-111.641580000">
        <ele>533</ele>
      </trkpt>
      <trkpt lat="33.895010000" lon="-111.641560000">
        <ele>533</ele>
      </trkpt>
      <trkpt lat="33.894830000" lon="-111.641430000">
        <ele>533</ele>
      </trkpt>
      <trkpt lat="33.894730000" lon="-111.641420000">
        <ele>533</ele>
      </trkpt>
      <trkpt lat="33.894650000" lon="-111.641370000">
        <ele>533</ele>
      </trkpt>
      <trkpt lat="33.894190000" lon="-111.640980000">
        <ele>534</ele>
      </trkpt>
      <trkpt lat="33.893970000" lon="-111.640860000">
        <ele>534</ele>
      </trkpt>
      <trkpt lat="33.893830000" lon="-111.640690000">
        <ele>534</ele>
      </trkpt>
      <trkpt lat="33.893600000" lon="-111.640540000">
        <ele>533</ele>
      </trkpt>
      <trkpt lat="33.893420000" lon="-111.640330000">
        <ele>533</ele>
      </trkpt>
      <trkpt lat="33.893380000" lon="-111.640220000">
        <ele>533</ele>
      </trkpt>
      <trkpt lat="33.893300000" lon="-111.640140000">
        <ele>533</ele>
      </trkpt>
      <trkpt lat="33.893260000" lon="-111.640020000">
        <ele>533</ele>
      </trkpt>
      <trkpt lat="33.893180000" lon="-111.639960000">
        <ele>533</ele>
      </trkpt>
      <trkpt lat="33.893030000" lon="-111.639570000">
        <ele>533</ele>
      </trkpt>
      <trkpt lat="33.892990000" lon="-111.639530000">
        <ele>533</ele>
      </trkpt>
      <trkpt lat="33.892880000" lon="-111.639270000">
        <ele>533</ele>
      </trkpt>
      <trkpt lat="33.892800000" lon="-111.638980000">
        <ele>533</ele>
      </trkpt>
      <trkpt lat="33.892750000" lon="-111.638890000">
        <ele>533</ele>
      </trkpt>
      <trkpt lat="33.892660000" lon="-111.638630000">
        <ele>533</ele>
      </trkpt>
      <trkpt lat="33.892510000" lon="-111.638330000">
        <ele>533</ele>
      </trkpt>
      <trkpt lat="33.892540000" lon="-111.638210000">
        <ele>533</ele>
      </trkpt>
      <trkpt lat="33.892510000" lon="-111.638080000">
        <ele>533</ele>
      </trkpt>
      <trkpt lat="33.892360000" lon="-111.637700000">
        <ele>533</ele>
      </trkpt>
      <trkpt lat="33.892340000" lon="-111.637520000">
        <ele>533</ele>
      </trkpt>
      <trkpt lat="33.892250000" lon="-111.637370000">
        <ele>533</ele>
      </trkpt>
      <trkpt lat="33.892170000" lon="-111.637020000">
        <ele>533</ele>
      </trkpt>
      <trkpt lat="33.892040000" lon="-111.636840000">
        <ele>533</ele>
      </trkpt>
      <trkpt lat="33.892030000" lon="-111.636780000">
        <ele>533</ele>
      </trkpt>
      <trkpt lat="33.891900000" lon="-111.636540000">
        <ele>533</ele>
      </trkpt>
      <trkpt lat="33.891910000" lon="-111.636480000">
        <ele>533</ele>
      </trkpt>
      <trkpt lat="33.891820000" lon="-111.636230000">
        <ele>533</ele>
      </trkpt>
      <trkpt lat="33.891700000" lon="-111.636120000">
        <ele>533</ele>
      </trkpt>
      <trkpt lat="33.891620000" lon="-111.635910000">
        <ele>533</ele>
      </trkpt>
      <trkpt lat="33.891450000" lon="-111.635710000">
        <ele>533</ele>
      </trkpt>
      <trkpt lat="33.891220000" lon="-111.635340000">
        <ele>533</ele>
      </trkpt>
      <trkpt lat="33.891100000" lon="-111.635240000">
        <ele>533</ele>
      </trkpt>
      <trkpt lat="33.890940000" lon="-111.634920000">
        <ele>533</ele>
      </trkpt>
      <trkpt lat="33.890900000" lon="-111.634880000">
        <ele>533</ele>
      </trkpt>
      <trkpt lat="33.890720000" lon="-111.634810000">
        <ele>533</ele>
      </trkpt>
      <trkpt lat="33.890670000" lon="-111.634710000">
        <ele>533</ele>
      </trkpt>
      <trkpt lat="33.890620000" lon="-111.634680000">
        <ele>533</ele>
      </trkpt>
      <trkpt lat="33.890480000" lon="-111.634450000">
        <ele>533</ele>
      </trkpt>
      <trkpt lat="33.890380000" lon="-111.634330000">
        <ele>533</ele>
      </trkpt>
      <trkpt lat="33.890270000" lon="-111.634310000">
        <ele>533</ele>
      </trkpt>
      <trkpt lat="33.890060000" lon="-111.634140000">
        <ele>533</ele>
      </trkpt>
      <trkpt lat="33.889850000" lon="-111.633870000">
        <ele>533</ele>
      </trkpt>
      <trkpt lat="33.889710000" lon="-111.633640000">
        <ele>533</ele>
      </trkpt>
      <trkpt lat="33.889620000" lon="-111.633560000">
        <ele>533</ele>
      </trkpt>
      <trkpt lat="33.889610000" lon="-111.633500000">
        <ele>533</ele>
      </trkpt>
      <trkpt lat="33.889540000" lon="-111.633420000">
        <ele>533</ele>
      </trkpt>
      <trkpt lat="33.889480000" lon="-111.633250000">
        <ele>533</ele>
      </trkpt>
      <trkpt lat="33.889400000" lon="-111.633180000">
        <ele>533</ele>
      </trkpt>
      <trkpt lat="33.889300000" lon="-111.633040000">
        <ele>533</ele>
      </trkpt>
      <trkpt lat="33.889240000" lon="-111.632880000">
        <ele>533</ele>
      </trkpt>
      <trkpt lat="33.889200000" lon="-111.632840000">
        <ele>533</ele>
      </trkpt>
      <trkpt lat="33.889200000" lon="-111.632790000">
        <ele>533</ele>
      </trkpt>
      <trkpt lat="33.889150000" lon="-111.632790000">
        <ele>533</ele>
      </trkpt>
      <trkpt lat="33.889070000" lon="-111.632730000">
        <ele>533</ele>
      </trkpt>
      <trkpt lat="33.889020000" lon="-111.632610000">
        <ele>533</ele>
      </trkpt>
      <trkpt lat="33.888960000" lon="-111.632540000">
        <ele>533</ele>
      </trkpt>
      <trkpt lat="33.888940000" lon="-111.632420000">
        <ele>533</ele>
      </trkpt>
      <trkpt lat="33.888860000" lon="-111.632360000">
        <ele>533</ele>
      </trkpt>
      <trkpt lat="33.888840000" lon="-111.632300000">
        <ele>533</ele>
      </trkpt>
      <trkpt lat="33.888750000" lon="-111.632220000">
        <ele>533</ele>
      </trkpt>
      <trkpt lat="33.888690000" lon="-111.632070000">
        <ele>533</ele>
      </trkpt>
      <trkpt lat="33.888700000" lon="-111.632010000">
        <ele>533</ele>
      </trkpt>
      <trkpt lat="33.888640000" lon="-111.631910000">
        <ele>533</ele>
      </trkpt>
      <trkpt lat="33.888580000" lon="-111.631740000">
        <ele>533</ele>
      </trkpt>
      <trkpt lat="33.888520000" lon="-111.631670000">
        <ele>533</ele>
      </trkpt>
      <trkpt lat="33.888320000" lon="-111.631340000">
        <ele>533</ele>
      </trkpt>
      <trkpt lat="33.888200000" lon="-111.631260000">
        <ele>533</ele>
      </trkpt>
      <trkpt lat="33.888080000" lon="-111.630990000">
        <ele>533</ele>
      </trkpt>
      <trkpt lat="33.887800000" lon="-111.630680000">
        <ele>533</ele>
      </trkpt>
      <trkpt lat="33.887750000" lon="-111.630570000">
        <ele>533</ele>
      </trkpt>
      <trkpt lat="33.887640000" lon="-111.630450000">
        <ele>533</ele>
      </trkpt>
      <trkpt lat="33.887480000" lon="-111.630150000">
        <ele>533</ele>
      </trkpt>
      <trkpt lat="33.887330000" lon="-111.629970000">
        <ele>533</ele>
      </trkpt>
      <trkpt lat="33.887380000" lon="-111.629870000">
        <ele>533</ele>
      </trkpt>
      <trkpt lat="33.887370000" lon="-111.629810000">
        <ele>533</ele>
      </trkpt>
      <trkpt lat="33.887310000" lon="-111.629710000">
        <ele>533</ele>
      </trkpt>
      <trkpt lat="33.887080000" lon="-111.629400000">
        <ele>533</ele>
      </trkpt>
      <trkpt lat="33.887000000" lon="-111.629330000">
        <ele>533</ele>
      </trkpt>
      <trkpt lat="33.886800000" lon="-111.628980000">
        <ele>533</ele>
      </trkpt>
      <trkpt lat="33.886650000" lon="-111.628900000">
        <ele>533</ele>
      </trkpt>
      <trkpt lat="33.886450000" lon="-111.628710000">
        <ele>533</ele>
      </trkpt>
      <trkpt lat="33.886350000" lon="-111.628580000">
        <ele>533</ele>
      </trkpt>
      <trkpt lat="33.886290000" lon="-111.628410000">
        <ele>533</ele>
      </trkpt>
      <trkpt lat="33.886250000" lon="-111.628380000">
        <ele>533</ele>
      </trkpt>
      <trkpt lat="33.886200000" lon="-111.628270000">
        <ele>533</ele>
      </trkpt>
      <trkpt lat="33.885980000" lon="-111.628010000">
        <ele>533</ele>
      </trkpt>
      <trkpt lat="33.885940000" lon="-111.627980000">
        <ele>533</ele>
      </trkpt>
      <trkpt lat="33.885730000" lon="-111.627430000">
        <ele>533</ele>
      </trkpt>
      <trkpt lat="33.885600000" lon="-111.627320000">
        <ele>533</ele>
      </trkpt>
      <trkpt lat="33.885510000" lon="-111.627180000">
        <ele>533</ele>
      </trkpt>
      <trkpt lat="33.885420000" lon="-111.627010000">
        <ele>533</ele>
      </trkpt>
      <trkpt lat="33.885360000" lon="-111.626810000">
        <ele>533</ele>
      </trkpt>
      <trkpt lat="33.885220000" lon="-111.626550000">
        <ele>533</ele>
      </trkpt>
      <trkpt lat="33.885160000" lon="-111.626380000">
        <ele>533</ele>
      </trkpt>
      <trkpt lat="33.885090000" lon="-111.626290000">
        <ele>533</ele>
      </trkpt>
      <trkpt lat="33.885040000" lon="-111.626390000">
        <ele>533</ele>
      </trkpt>
      <trkpt lat="33.885000000" lon="-111.626420000">
        <ele>533</ele>
      </trkpt>
      <trkpt lat="33.884970000" lon="-111.626370000">
        <ele>533</ele>
      </trkpt>
      <trkpt lat="33.884890000" lon="-111.626060000">
        <ele>533</ele>
      </trkpt>
      <trkpt lat="33.884850000" lon="-111.626010000">
        <ele>533</ele>
      </trkpt>
      <trkpt lat="33.884800000" lon="-111.626020000">
        <ele>533</ele>
      </trkpt>
      <trkpt lat="33.884720000" lon="-111.625880000">
        <ele>533</ele>
      </trkpt>
      <trkpt lat="33.884620000" lon="-111.625670000">
        <ele>533</ele>
      </trkpt>
      <trkpt lat="33.884540000" lon="-111.625580000">
        <ele>533</ele>
      </trkpt>
      <trkpt lat="33.884490000" lon="-111.625410000">
        <ele>533</ele>
      </trkpt>
      <trkpt lat="33.884270000" lon="-111.625010000">
        <ele>533</ele>
      </trkpt>
      <trkpt lat="33.884180000" lon="-111.624730000">
        <ele>533</ele>
      </trkpt>
      <trkpt lat="33.884110000" lon="-111.624640000">
        <ele>533</ele>
      </trkpt>
      <trkpt lat="33.883990000" lon="-111.624380000">
        <ele>533</ele>
      </trkpt>
      <trkpt lat="33.883860000" lon="-111.624210000">
        <ele>533</ele>
      </trkpt>
      <trkpt lat="33.883850000" lon="-111.624100000">
        <ele>533</ele>
      </trkpt>
      <trkpt lat="33.883800000" lon="-111.623940000">
        <ele>533</ele>
      </trkpt>
      <trkpt lat="33.883750000" lon="-111.623920000">
        <ele>533</ele>
      </trkpt>
      <trkpt lat="33.883680000" lon="-111.623820000">
        <ele>533</ele>
      </trkpt>
      <trkpt lat="33.883590000" lon="-111.623770000">
        <ele>533</ele>
      </trkpt>
      <trkpt lat="33.883510000" lon="-111.623620000">
        <ele>533</ele>
      </trkpt>
      <trkpt lat="33.883430000" lon="-111.623550000">
        <ele>533</ele>
      </trkpt>
      <trkpt lat="33.883210000" lon="-111.623170000">
        <ele>533</ele>
      </trkpt>
      <trkpt lat="33.883190000" lon="-111.623050000">
        <ele>533</ele>
      </trkpt>
      <trkpt lat="33.883020000" lon="-111.622830000">
        <ele>533</ele>
      </trkpt>
      <trkpt lat="33.882920000" lon="-111.622630000">
        <ele>533</ele>
      </trkpt>
      <trkpt lat="33.882780000" lon="-111.622460000">
        <ele>533</ele>
      </trkpt>
      <trkpt lat="33.882730000" lon="-111.622440000">
        <ele>533</ele>
      </trkpt>
      <trkpt lat="33.882680000" lon="-111.622330000">
        <ele>533</ele>
      </trkpt>
      <trkpt lat="33.882560000" lon="-111.622210000">
        <ele>533</ele>
      </trkpt>
      <trkpt lat="33.882540000" lon="-111.622160000">
        <ele>533</ele>
      </trkpt>
      <trkpt lat="33.882450000" lon="-111.622130000">
        <ele>534</ele>
      </trkpt>
      <trkpt lat="33.882410000" lon="-111.622160000">
        <ele>534</ele>
      </trkpt>
      <trkpt lat="33.882410000" lon="-111.622220000">
        <ele>534</ele>
      </trkpt>
      <trkpt lat="33.882450000" lon="-111.622190000">
        <ele>533</ele>
      </trkpt>
      <trkpt lat="33.882400000" lon="-111.622090000">
        <ele>535</ele>
      </trkpt>
      <trkpt lat="33.882450000" lon="-111.622100000">
        <ele>534</ele>
      </trkpt>
      <trkpt lat="33.882470000" lon="-111.622150000">
        <ele>533</ele>
      </trkpt>
      <trkpt lat="33.882420000" lon="-111.622150000">
        <ele>534</ele>
      </trkpt>
      <trkpt lat="33.882390000" lon="-111.622110000">
        <ele>536</ele>
      </trkpt>
      <trkpt lat="33.882340000" lon="-111.622100000">
        <ele>537</ele>
      </trkpt>
      <trkpt lat="33.882320000" lon="-111.622050000">
        <ele>537</ele>
      </trkpt>
      <trkpt lat="33.882330000" lon="-111.622080000">
        <ele>537</ele>
      </trkpt>
      <trkpt lat="33.882370000" lon="-111.622060000">
        <ele>536</ele>
      </trkpt>
      <trkpt lat="33.882430000" lon="-111.621990000">
        <ele>534</ele>
      </trkpt>
      <trkpt lat="33.882340000" lon="-111.622030000">
        <ele>537</ele>
      </trkpt>
      <trkpt lat="33.882320000" lon="-111.621980000">
        <ele>537</ele>
      </trkpt>
      <trkpt lat="33.882180000" lon="-111.621890000">
        <ele>539</ele>
      </trkpt>
      <trkpt lat="33.882080000" lon="-111.621870000">
        <ele>541</ele>
      </trkpt>
      <trkpt lat="33.881610000" lon="-111.621410000">
        <ele>540</ele>
      </trkpt>
      <trkpt lat="33.881550000" lon="-111.621310000">
        <ele>540</ele>
      </trkpt>
      <trkpt lat="33.881450000" lon="-111.621060000">
        <ele>544</ele>
      </trkpt>
      <trkpt lat="33.881390000" lon="-111.620770000">
        <ele>544</ele>
      </trkpt>
      <trkpt lat="33.881420000" lon="-111.620650000">
        <ele>544</ele>
      </trkpt>
      <trkpt lat="33.881410000" lon="-111.620590000">
        <ele>545</ele>
      </trkpt>
      <trkpt lat="33.881340000" lon="-111.620420000">
        <ele>549</ele>
      </trkpt>
      <trkpt lat="33.881230000" lon="-111.619930000">
        <ele>546</ele>
      </trkpt>
      <trkpt lat="33.881120000" lon="-111.619800000">
        <ele>545</ele>
      </trkpt>
      <trkpt lat="33.881030000" lon="-111.619650000">
        <ele>544</ele>
      </trkpt>
      <trkpt lat="33.880940000" lon="-111.619590000">
        <ele>544</ele>
      </trkpt>
      <trkpt lat="33.880800000" lon="-111.619420000">
        <ele>544</ele>
      </trkpt>
      <trkpt lat="33.880640000" lon="-111.619180000">
        <ele>544</ele>
      </trkpt>
      <trkpt lat="33.880390000" lon="-111.618990000">
        <ele>546</ele>
      </trkpt>
      <trkpt lat="33.880320000" lon="-111.618610000">
        <ele>543</ele>
      </trkpt>
      <trkpt lat="33.880180000" lon="-111.618430000">
        <ele>544</ele>
      </trkpt>
      <trkpt lat="33.880130000" lon="-111.618320000">
        <ele>545</ele>
      </trkpt>
      <trkpt lat="33.880170000" lon="-111.618120000">
        <ele>547</ele>
      </trkpt>
      <trkpt lat="33.880360000" lon="-111.617620000">
        <ele>548</ele>
      </trkpt>
      <trkpt lat="33.880510000" lon="-111.617360000">
        <ele>548</ele>
      </trkpt>
      <trkpt lat="33.880530000" lon="-111.617230000">
        <ele>547</ele>
      </trkpt>
      <trkpt lat="33.880520000" lon="-111.617110000">
        <ele>547</ele>
      </trkpt>
      <trkpt lat="33.880460000" lon="-111.616940000">
        <ele>546</ele>
      </trkpt>
      <trkpt lat="33.880380000" lon="-111.616390000">
        <ele>545</ele>
      </trkpt>
      <trkpt lat="33.880250000" lon="-111.616150000">
        <ele>545</ele>
      </trkpt>
      <trkpt lat="33.880010000" lon="-111.615930000">
        <ele>545</ele>
      </trkpt>
      <trkpt lat="33.879930000" lon="-111.615750000">
        <ele>545</ele>
      </trkpt>
      <trkpt lat="33.879780000" lon="-111.615600000">
        <ele>546</ele>
      </trkpt>
      <trkpt lat="33.879580000" lon="-111.615550000">
        <ele>547</ele>
      </trkpt>
      <trkpt lat="33.879370000" lon="-111.615530000">
        <ele>548</ele>
      </trkpt>
      <trkpt lat="33.879090000" lon="-111.615480000">
        <ele>549</ele>
      </trkpt>
      <trkpt lat="33.878940000" lon="-111.615420000">
        <ele>548</ele>
      </trkpt>
      <trkpt lat="33.878850000" lon="-111.615400000">
        <ele>548</ele>
      </trkpt>
      <trkpt lat="33.878690000" lon="-111.615420000">
        <ele>548</ele>
      </trkpt>
      <trkpt lat="33.878550000" lon="-111.615390000">
        <ele>548</ele>
      </trkpt>
      <trkpt lat="33.878490000" lon="-111.615400000">
        <ele>548</ele>
      </trkpt>
      <trkpt lat="33.878200000" lon="-111.615520000">
        <ele>548</ele>
      </trkpt>
      <trkpt lat="33.877930000" lon="-111.615530000">
        <ele>548</ele>
      </trkpt>
      <trkpt lat="33.877830000" lon="-111.615560000">
        <ele>548</ele>
      </trkpt>
      <trkpt lat="33.877330000" lon="-111.615510000">
        <ele>549</ele>
      </trkpt>
      <trkpt lat="33.877010000" lon="-111.615390000">
        <ele>548</ele>
      </trkpt>
      <trkpt lat="33.876630000" lon="-111.615400000">
        <ele>549</ele>
      </trkpt>
      <trkpt lat="33.876440000" lon="-111.615490000">
        <ele>549</ele>
      </trkpt>
      <trkpt lat="33.876340000" lon="-111.615500000">
        <ele>550</ele>
      </trkpt>
      <trkpt lat="33.876310000" lon="-111.615450000">
        <ele>550</ele>
      </trkpt>
      <trkpt lat="33.876300000" lon="-111.615390000">
        <ele>549</ele>
      </trkpt>
      <trkpt lat="33.876300000" lon="-111.615330000">
        <ele>549</ele>
      </trkpt>
      <trkpt lat="33.876330000" lon="-111.615210000">
        <ele>549</ele>
      </trkpt>
      <trkpt lat="33.876290000" lon="-111.614940000">
        <ele>549</ele>
      </trkpt>
      <trkpt lat="33.876230000" lon="-111.614810000">
        <ele>549</ele>
      </trkpt>
      <trkpt lat="33.875840000" lon="-111.614270000">
        <ele>551</ele>
      </trkpt>
      <trkpt lat="33.875750000" lon="-111.614050000">
        <ele>552</ele>
      </trkpt>
      <trkpt lat="33.875770000" lon="-111.613920000">
        <ele>553</ele>
      </trkpt>
      <trkpt lat="33.875720000" lon="-111.613920000">
        <ele>553</ele>
      </trkpt>
      <trkpt lat="33.875580000" lon="-111.614200000">
        <ele>551</ele>
      </trkpt>
      <trkpt lat="33.875380000" lon="-111.614690000">
        <ele>550</ele>
      </trkpt>
      <trkpt lat="33.875240000" lon="-111.614930000">
        <ele>550</ele>
      </trkpt>
      <trkpt lat="33.875050000" lon="-111.615010000">
        <ele>550</ele>
      </trkpt>
      <trkpt lat="33.874880000" lon="-111.615170000">
        <ele>550</ele>
      </trkpt>
      <trkpt lat="33.874580000" lon="-111.615290000">
        <ele>550</ele>
      </trkpt>
      <trkpt lat="33.874360000" lon="-111.615440000">
        <ele>550</ele>
      </trkpt>
      <trkpt lat="33.874000000" lon="-111.615500000">
        <ele>549</ele>
      </trkpt>
      <trkpt lat="33.873850000" lon="-111.615570000">
        <ele>549</ele>
      </trkpt>
      <trkpt lat="33.873770000" lon="-111.615640000">
        <ele>549</ele>
      </trkpt>
      <trkpt lat="33.873700000" lon="-111.615880000">
        <ele>550</ele>
      </trkpt>
      <trkpt lat="33.873680000" lon="-111.616260000">
        <ele>554</ele>
      </trkpt>
      <trkpt lat="33.873590000" lon="-111.616350000">
        <ele>554</ele>
      </trkpt>
      <trkpt lat="33.873320000" lon="-111.616430000">
        <ele>554</ele>
      </trkpt>
      <trkpt lat="33.872910000" lon="-111.616520000">
        <ele>552</ele>
      </trkpt>
      <trkpt lat="33.872850000" lon="-111.616530000">
        <ele>551</ele>
      </trkpt>
      <trkpt lat="33.872800000" lon="-111.616510000">
        <ele>551</ele>
      </trkpt>
      <trkpt lat="33.872690000" lon="-111.616380000">
        <ele>550</ele>
      </trkpt>
      <trkpt lat="33.872500000" lon="-111.616070000">
        <ele>549</ele>
      </trkpt>
      <trkpt lat="33.872480000" lon="-111.616010000">
        <ele>549</ele>
      </trkpt>
      <trkpt lat="33.872480000" lon="-111.615870000">
        <ele>549</ele>
      </trkpt>
    </trkseg>
  </trk>
</gpx>
