<?xml version="1.0" encoding="UTF-8"?>
<gpx version="1.1" creator="GPSBabel - https://www.gpsbabel.org" xmlns="http://www.topografix.com/GPX/1/1" xmlns:xsi="http://www.w3.org/2001/XMLSchema-instance" xmlns:gpxx="http://www.garmin.com/xmlschemas/GpxExtensions/v3">
  <metadata>
    <name>Sheep Bridge / Mountain Spring Loop</name>
    <desc>Sheep Bridge / Mountain Spring Loop</desc>
    <time>2026-08-30T18:03:10.448Z</time>
    <bounds minlat="34.074450000" minlon="-111.709050000" maxlat="34.119720000" maxlon="-111.573740000"/>
  </metadata>
  <trk>
    <name>Sheep Bridge  Mountain Spring Loop</name>
    <trkseg>
      <trkpt lat="34.076670000" lon="-111.708730000">
        <ele>622</ele>
      </trkpt>
      <trkpt lat="34.076720000" lon="-111.708740000">
        <ele>623</ele>
      </trkpt>
      <trkpt lat="34.076890000" lon="-111.708660000">
        <ele>623</ele>
      </trkpt>
      <trkpt lat="34.076920000" lon="-111.708670000">
        <ele>623</ele>
      </trkpt>
      <trkpt lat="34.076930000" lon="-111.708690000">
        <ele>623</ele>
      </trkpt>
      <trkpt lat="34.076940000" lon="-111.708630000">
        <ele>623</ele>
      </trkpt>
      <trkpt lat="34.076920000" lon="-111.708610000">
        <ele>623</ele>
      </trkpt>
      <trkpt lat="34.076940000" lon="-111.708670000">
        <ele>623</ele>
      </trkpt>
      <trkpt lat="34.076990000" lon="-111.708630000">
        <ele>624</ele>
      </trkpt>
      <trkpt lat="34.077120000" lon="-111.708660000">
        <ele>625</ele>
      </trkpt>
      <trkpt lat="34.077280000" lon="-111.708780000">
        <ele>626</ele>
      </trkpt>
      <trkpt lat="34.077430000" lon="-111.709030000">
        <ele>627</ele>
      </trkpt>
      <trkpt lat="34.077480000" lon="-111.709050000">
        <ele>629</ele>
      </trkpt>
      <trkpt lat="34.077590000" lon="-111.708930000">
        <ele>629</ele>
      </trkpt>
      <trkpt lat="34.077650000" lon="-111.708750000">
        <ele>632</ele>
      </trkpt>
      <trkpt lat="34.077660000" lon="-111.708660000">
        <ele>633</ele>
      </trkpt>
      <trkpt lat="34.077740000" lon="-111.708480000">
        <ele>635</ele>
      </trkpt>
      <trkpt lat="34.077950000" lon="-111.708340000">
        <ele>637</ele>
      </trkpt>
      <trkpt lat="34.078020000" lon="-111.708280000">
        <ele>637</ele>
      </trkpt>
      <trkpt lat="34.078020000" lon="-111.708250000">
        <ele>637</ele>
      </trkpt>
      <trkpt lat="34.077950000" lon="-111.708160000">
        <ele>636</ele>
      </trkpt>
      <trkpt lat="34.077740000" lon="-111.707630000">
        <ele>625</ele>
      </trkpt>
      <trkpt lat="34.077680000" lon="-111.707560000">
        <ele>624</ele>
      </trkpt>
      <trkpt lat="34.077570000" lon="-111.707310000">
        <ele>623</ele>
      </trkpt>
      <trkpt lat="34.077470000" lon="-111.707030000">
        <ele>625</ele>
      </trkpt>
      <trkpt lat="34.077250000" lon="-111.706620000">
        <ele>634</ele>
      </trkpt>
      <trkpt lat="34.077120000" lon="-111.706560000">
        <ele>635</ele>
      </trkpt>
      <trkpt lat="34.077020000" lon="-111.706570000">
        <ele>637</ele>
      </trkpt>
      <trkpt lat="34.076920000" lon="-111.706530000">
        <ele>642</ele>
      </trkpt>
      <trkpt lat="34.076840000" lon="-111.706240000">
        <ele>643</ele>
      </trkpt>
      <trkpt lat="34.076810000" lon="-111.706000000">
        <ele>641</ele>
      </trkpt>
      <trkpt lat="34.076780000" lon="-111.705940000">
        <ele>640</ele>
      </trkpt>
      <trkpt lat="34.076650000" lon="-111.705810000">
        <ele>637</ele>
      </trkpt>
      <trkpt lat="34.076570000" lon="-111.705780000">
        <ele>635</ele>
      </trkpt>
      <trkpt lat="34.076480000" lon="-111.705790000">
        <ele>634</ele>
      </trkpt>
      <trkpt lat="34.076230000" lon="-111.705590000">
        <ele>634</ele>
      </trkpt>
      <trkpt lat="34.076150000" lon="-111.705410000">
        <ele>635</ele>
      </trkpt>
      <trkpt lat="34.076040000" lon="-111.705260000">
        <ele>636</ele>
      </trkpt>
      <trkpt lat="34.076000000" lon="-111.705120000">
        <ele>637</ele>
      </trkpt>
      <trkpt lat="34.075890000" lon="-111.705010000">
        <ele>640</ele>
      </trkpt>
      <trkpt lat="34.075860000" lon="-111.704830000">
        <ele>637</ele>
      </trkpt>
      <trkpt lat="34.075800000" lon="-111.704770000">
        <ele>637</ele>
      </trkpt>
      <trkpt lat="34.075790000" lon="-111.704680000">
        <ele>635</ele>
      </trkpt>
      <trkpt lat="34.075680000" lon="-111.704410000">
        <ele>634</ele>
      </trkpt>
      <trkpt lat="34.075590000" lon="-111.704330000">
        <ele>634</ele>
      </trkpt>
      <trkpt lat="34.075580000" lon="-111.704260000">
        <ele>635</ele>
      </trkpt>
      <trkpt lat="34.075670000" lon="-111.704000000">
        <ele>636</ele>
      </trkpt>
      <trkpt lat="34.075650000" lon="-111.703870000">
        <ele>638</ele>
      </trkpt>
      <trkpt lat="34.075690000" lon="-111.703510000">
        <ele>636</ele>
      </trkpt>
      <trkpt lat="34.075640000" lon="-111.703310000">
        <ele>635</ele>
      </trkpt>
      <trkpt lat="34.075660000" lon="-111.703080000">
        <ele>634</ele>
      </trkpt>
      <trkpt lat="34.075690000" lon="-111.703020000">
        <ele>634</ele>
      </trkpt>
      <trkpt lat="34.075790000" lon="-111.703090000">
        <ele>634</ele>
      </trkpt>
      <trkpt lat="34.075810000" lon="-111.703140000">
        <ele>634</ele>
      </trkpt>
      <trkpt lat="34.075900000" lon="-111.703140000">
        <ele>634</ele>
      </trkpt>
      <trkpt lat="34.075950000" lon="-111.703220000">
        <ele>635</ele>
      </trkpt>
      <trkpt lat="34.076010000" lon="-111.703270000">
        <ele>635</ele>
      </trkpt>
      <trkpt lat="34.076040000" lon="-111.703260000">
        <ele>635</ele>
      </trkpt>
      <trkpt lat="34.076110000" lon="-111.703330000">
        <ele>635</ele>
      </trkpt>
      <trkpt lat="34.076190000" lon="-111.703270000">
        <ele>637</ele>
      </trkpt>
      <trkpt lat="34.076200000" lon="-111.703200000">
        <ele>640</ele>
      </trkpt>
      <trkpt lat="34.076340000" lon="-111.703270000">
        <ele>639</ele>
      </trkpt>
      <trkpt lat="34.076460000" lon="-111.703380000">
        <ele>638</ele>
      </trkpt>
      <trkpt lat="34.076560000" lon="-111.703510000">
        <ele>638</ele>
      </trkpt>
      <trkpt lat="34.076660000" lon="-111.703540000">
        <ele>639</ele>
      </trkpt>
      <trkpt lat="34.076760000" lon="-111.703610000">
        <ele>639</ele>
      </trkpt>
      <trkpt lat="34.076850000" lon="-111.703650000">
        <ele>640</ele>
      </trkpt>
      <trkpt lat="34.076880000" lon="-111.703690000">
        <ele>641</ele>
      </trkpt>
      <trkpt lat="34.076970000" lon="-111.703720000">
        <ele>642</ele>
      </trkpt>
      <trkpt lat="34.077330000" lon="-111.704030000">
        <ele>642</ele>
      </trkpt>
      <trkpt lat="34.077440000" lon="-111.703980000">
        <ele>644</ele>
      </trkpt>
      <trkpt lat="34.077520000" lon="-111.704030000">
        <ele>641</ele>
      </trkpt>
      <trkpt lat="34.077730000" lon="-111.704090000">
        <ele>637</ele>
      </trkpt>
      <trkpt lat="34.077980000" lon="-111.704090000">
        <ele>636</ele>
      </trkpt>
      <trkpt lat="34.078040000" lon="-111.704020000">
        <ele>638</ele>
      </trkpt>
      <trkpt lat="34.078060000" lon="-111.703920000">
        <ele>641</ele>
      </trkpt>
      <trkpt lat="34.078020000" lon="-111.703830000">
        <ele>644</ele>
      </trkpt>
      <trkpt lat="34.078070000" lon="-111.703790000">
        <ele>642</ele>
      </trkpt>
      <trkpt lat="34.078210000" lon="-111.703820000">
        <ele>637</ele>
      </trkpt>
      <trkpt lat="34.078290000" lon="-111.703870000">
        <ele>635</ele>
      </trkpt>
      <trkpt lat="34.078320000" lon="-111.703860000">
        <ele>635</ele>
      </trkpt>
      <trkpt lat="34.078300000" lon="-111.703830000">
        <ele>635</ele>
      </trkpt>
      <trkpt lat="34.078350000" lon="-111.703860000">
        <ele>635</ele>
      </trkpt>
      <trkpt lat="34.078400000" lon="-111.703780000">
        <ele>634</ele>
      </trkpt>
      <trkpt lat="34.078410000" lon="-111.703850000">
        <ele>634</ele>
      </trkpt>
      <trkpt lat="34.078400000" lon="-111.703750000">
        <ele>634</ele>
      </trkpt>
      <trkpt lat="34.078430000" lon="-111.703700000">
        <ele>634</ele>
      </trkpt>
      <trkpt lat="34.078440000" lon="-111.703620000">
        <ele>634</ele>
      </trkpt>
      <trkpt lat="34.078520000" lon="-111.703620000">
        <ele>635</ele>
      </trkpt>
      <trkpt lat="34.078670000" lon="-111.703860000">
        <ele>637</ele>
      </trkpt>
      <trkpt lat="34.078730000" lon="-111.704000000">
        <ele>637</ele>
      </trkpt>
      <trkpt lat="34.078880000" lon="-111.704110000">
        <ele>640</ele>
      </trkpt>
      <trkpt lat="34.078950000" lon="-111.704260000">
        <ele>640</ele>
      </trkpt>
      <trkpt lat="34.079010000" lon="-111.704260000">
        <ele>641</ele>
      </trkpt>
      <trkpt lat="34.079050000" lon="-111.704220000">
        <ele>643</ele>
      </trkpt>
      <trkpt lat="34.079060000" lon="-111.704160000">
        <ele>644</ele>
      </trkpt>
      <trkpt lat="34.079000000" lon="-111.704020000">
        <ele>644</ele>
      </trkpt>
      <trkpt lat="34.078950000" lon="-111.703820000">
        <ele>647</ele>
      </trkpt>
      <trkpt lat="34.078970000" lon="-111.703750000">
        <ele>649</ele>
      </trkpt>
      <trkpt lat="34.078940000" lon="-111.703750000">
        <ele>648</ele>
      </trkpt>
      <trkpt lat="34.078930000" lon="-111.703710000">
        <ele>648</ele>
      </trkpt>
      <trkpt lat="34.078950000" lon="-111.703640000">
        <ele>650</ele>
      </trkpt>
      <trkpt lat="34.079040000" lon="-111.703530000">
        <ele>653</ele>
      </trkpt>
      <trkpt lat="34.079100000" lon="-111.703510000">
        <ele>654</ele>
      </trkpt>
      <trkpt lat="34.079120000" lon="-111.703510000">
        <ele>655</ele>
      </trkpt>
      <trkpt lat="34.079230000" lon="-111.703600000">
        <ele>655</ele>
      </trkpt>
      <trkpt lat="34.079530000" lon="-111.703680000">
        <ele>657</ele>
      </trkpt>
      <trkpt lat="34.079610000" lon="-111.703640000">
        <ele>657</ele>
      </trkpt>
      <trkpt lat="34.079700000" lon="-111.703630000">
        <ele>657</ele>
      </trkpt>
      <trkpt lat="34.079920000" lon="-111.703640000">
        <ele>658</ele>
      </trkpt>
      <trkpt lat="34.080010000" lon="-111.703660000">
        <ele>659</ele>
      </trkpt>
      <trkpt lat="34.080150000" lon="-111.703660000">
        <ele>661</ele>
      </trkpt>
      <trkpt lat="34.080590000" lon="-111.703740000">
        <ele>667</ele>
      </trkpt>
      <trkpt lat="34.080730000" lon="-111.703820000">
        <ele>668</ele>
      </trkpt>
      <trkpt lat="34.080830000" lon="-111.703790000">
        <ele>670</ele>
      </trkpt>
      <trkpt lat="34.080960000" lon="-111.703820000">
        <ele>671</ele>
      </trkpt>
      <trkpt lat="34.081320000" lon="-111.703720000">
        <ele>674</ele>
      </trkpt>
      <trkpt lat="34.081380000" lon="-111.703660000">
        <ele>674</ele>
      </trkpt>
      <trkpt lat="34.081520000" lon="-111.703610000">
        <ele>673</ele>
      </trkpt>
      <trkpt lat="34.081640000" lon="-111.703600000">
        <ele>671</ele>
      </trkpt>
      <trkpt lat="34.081860000" lon="-111.703240000">
        <ele>674</ele>
      </trkpt>
      <trkpt lat="34.081910000" lon="-111.703290000">
        <ele>673</ele>
      </trkpt>
      <trkpt lat="34.081940000" lon="-111.703290000">
        <ele>673</ele>
      </trkpt>
      <trkpt lat="34.082000000" lon="-111.703360000">
        <ele>673</ele>
      </trkpt>
      <trkpt lat="34.082260000" lon="-111.703450000">
        <ele>674</ele>
      </trkpt>
      <trkpt lat="34.082420000" lon="-111.703370000">
        <ele>677</ele>
      </trkpt>
      <trkpt lat="34.082650000" lon="-111.703360000">
        <ele>679</ele>
      </trkpt>
      <trkpt lat="34.082990000" lon="-111.703150000">
        <ele>684</ele>
      </trkpt>
      <trkpt lat="34.083130000" lon="-111.703040000">
        <ele>684</ele>
      </trkpt>
      <trkpt lat="34.083180000" lon="-111.702950000">
        <ele>685</ele>
      </trkpt>
      <trkpt lat="34.083260000" lon="-111.702920000">
        <ele>684</ele>
      </trkpt>
      <trkpt lat="34.083310000" lon="-111.702820000">
        <ele>686</ele>
      </trkpt>
      <trkpt lat="34.083610000" lon="-111.702370000">
        <ele>697</ele>
      </trkpt>
      <trkpt lat="34.083860000" lon="-111.702120000">
        <ele>696</ele>
      </trkpt>
      <trkpt lat="34.084090000" lon="-111.702040000">
        <ele>695</ele>
      </trkpt>
      <trkpt lat="34.084210000" lon="-111.702060000">
        <ele>695</ele>
      </trkpt>
      <trkpt lat="34.084270000" lon="-111.702040000">
        <ele>695</ele>
      </trkpt>
      <trkpt lat="34.084350000" lon="-111.702080000">
        <ele>695</ele>
      </trkpt>
      <trkpt lat="34.084400000" lon="-111.701790000">
        <ele>699</ele>
      </trkpt>
      <trkpt lat="34.084430000" lon="-111.701720000">
        <ele>700</ele>
      </trkpt>
      <trkpt lat="34.084480000" lon="-111.701700000">
        <ele>701</ele>
      </trkpt>
      <trkpt lat="34.084600000" lon="-111.701500000">
        <ele>703</ele>
      </trkpt>
      <trkpt lat="34.084640000" lon="-111.701280000">
        <ele>703</ele>
      </trkpt>
      <trkpt lat="34.084620000" lon="-111.701270000">
        <ele>703</ele>
      </trkpt>
      <trkpt lat="34.084630000" lon="-111.701240000">
        <ele>703</ele>
      </trkpt>
      <trkpt lat="34.084820000" lon="-111.700980000">
        <ele>701</ele>
      </trkpt>
      <trkpt lat="34.084870000" lon="-111.700940000">
        <ele>700</ele>
      </trkpt>
      <trkpt lat="34.085140000" lon="-111.700880000">
        <ele>701</ele>
      </trkpt>
      <trkpt lat="34.085170000" lon="-111.700840000">
        <ele>701</ele>
      </trkpt>
      <trkpt lat="34.085170000" lon="-111.700870000">
        <ele>701</ele>
      </trkpt>
      <trkpt lat="34.085130000" lon="-111.700910000">
        <ele>701</ele>
      </trkpt>
      <trkpt lat="34.085020000" lon="-111.700920000">
        <ele>700</ele>
      </trkpt>
      <trkpt lat="34.085000000" lon="-111.700910000">
        <ele>700</ele>
      </trkpt>
      <trkpt lat="34.085020000" lon="-111.700810000">
        <ele>699</ele>
      </trkpt>
      <trkpt lat="34.085080000" lon="-111.700760000">
        <ele>699</ele>
      </trkpt>
      <trkpt lat="34.085100000" lon="-111.700650000">
        <ele>699</ele>
      </trkpt>
      <trkpt lat="34.085110000" lon="-111.700680000">
        <ele>699</ele>
      </trkpt>
      <trkpt lat="34.085110000" lon="-111.700510000">
        <ele>700</ele>
      </trkpt>
      <trkpt lat="34.085230000" lon="-111.700380000">
        <ele>705</ele>
      </trkpt>
      <trkpt lat="34.085240000" lon="-111.700220000">
        <ele>706</ele>
      </trkpt>
      <trkpt lat="34.085330000" lon="-111.700100000">
        <ele>707</ele>
      </trkpt>
      <trkpt lat="34.085430000" lon="-111.700040000">
        <ele>708</ele>
      </trkpt>
      <trkpt lat="34.085570000" lon="-111.700020000">
        <ele>709</ele>
      </trkpt>
      <trkpt lat="34.085640000" lon="-111.699960000">
        <ele>709</ele>
      </trkpt>
      <trkpt lat="34.085770000" lon="-111.699660000">
        <ele>713</ele>
      </trkpt>
      <trkpt lat="34.085950000" lon="-111.699600000">
        <ele>716</ele>
      </trkpt>
      <trkpt lat="34.086020000" lon="-111.699470000">
        <ele>720</ele>
      </trkpt>
      <trkpt lat="34.086240000" lon="-111.699250000">
        <ele>727</ele>
      </trkpt>
      <trkpt lat="34.086270000" lon="-111.699200000">
        <ele>728</ele>
      </trkpt>
      <trkpt lat="34.086250000" lon="-111.699130000">
        <ele>730</ele>
      </trkpt>
      <trkpt lat="34.086270000" lon="-111.699070000">
        <ele>731</ele>
      </trkpt>
      <trkpt lat="34.086320000" lon="-111.699000000">
        <ele>732</ele>
      </trkpt>
      <trkpt lat="34.086390000" lon="-111.698930000">
        <ele>732</ele>
      </trkpt>
      <trkpt lat="34.086500000" lon="-111.698890000">
        <ele>734</ele>
      </trkpt>
      <trkpt lat="34.086560000" lon="-111.698880000">
        <ele>734</ele>
      </trkpt>
      <trkpt lat="34.086700000" lon="-111.698940000">
        <ele>735</ele>
      </trkpt>
      <trkpt lat="34.086760000" lon="-111.698910000">
        <ele>736</ele>
      </trkpt>
      <trkpt lat="34.086790000" lon="-111.698910000">
        <ele>736</ele>
      </trkpt>
      <trkpt lat="34.086900000" lon="-111.698790000">
        <ele>738</ele>
      </trkpt>
      <trkpt lat="34.087100000" lon="-111.698720000">
        <ele>740</ele>
      </trkpt>
      <trkpt lat="34.087250000" lon="-111.698730000">
        <ele>742</ele>
      </trkpt>
      <trkpt lat="34.087320000" lon="-111.698690000">
        <ele>743</ele>
      </trkpt>
      <trkpt lat="34.087410000" lon="-111.698460000">
        <ele>744</ele>
      </trkpt>
      <trkpt lat="34.087430000" lon="-111.698310000">
        <ele>746</ele>
      </trkpt>
      <trkpt lat="34.087510000" lon="-111.698200000">
        <ele>747</ele>
      </trkpt>
      <trkpt lat="34.087630000" lon="-111.698120000">
        <ele>749</ele>
      </trkpt>
      <trkpt lat="34.087730000" lon="-111.697950000">
        <ele>749</ele>
      </trkpt>
      <trkpt lat="34.087750000" lon="-111.697930000">
        <ele>749</ele>
      </trkpt>
      <trkpt lat="34.087830000" lon="-111.697930000">
        <ele>750</ele>
      </trkpt>
      <trkpt lat="34.087910000" lon="-111.697870000">
        <ele>751</ele>
      </trkpt>
      <trkpt lat="34.087980000" lon="-111.697760000">
        <ele>751</ele>
      </trkpt>
      <trkpt lat="34.088090000" lon="-111.697660000">
        <ele>752</ele>
      </trkpt>
      <trkpt lat="34.088110000" lon="-111.697590000">
        <ele>751</ele>
      </trkpt>
      <trkpt lat="34.088260000" lon="-111.697320000">
        <ele>752</ele>
      </trkpt>
      <trkpt lat="34.088310000" lon="-111.697140000">
        <ele>753</ele>
      </trkpt>
      <trkpt lat="34.088410000" lon="-111.696970000">
        <ele>755</ele>
      </trkpt>
      <trkpt lat="34.088490000" lon="-111.696770000">
        <ele>756</ele>
      </trkpt>
      <trkpt lat="34.088550000" lon="-111.696690000">
        <ele>756</ele>
      </trkpt>
      <trkpt lat="34.088570000" lon="-111.696590000">
        <ele>756</ele>
      </trkpt>
      <trkpt lat="34.088770000" lon="-111.696440000">
        <ele>756</ele>
      </trkpt>
      <trkpt lat="34.088870000" lon="-111.696460000">
        <ele>758</ele>
      </trkpt>
      <trkpt lat="34.088890000" lon="-111.696440000">
        <ele>758</ele>
      </trkpt>
      <trkpt lat="34.089020000" lon="-111.696310000">
        <ele>759</ele>
      </trkpt>
      <trkpt lat="34.089090000" lon="-111.696200000">
        <ele>759</ele>
      </trkpt>
      <trkpt lat="34.089230000" lon="-111.696120000">
        <ele>760</ele>
      </trkpt>
      <trkpt lat="34.089330000" lon="-111.695990000">
        <ele>760</ele>
      </trkpt>
      <trkpt lat="34.089470000" lon="-111.695890000">
        <ele>762</ele>
      </trkpt>
      <trkpt lat="34.089610000" lon="-111.695860000">
        <ele>765</ele>
      </trkpt>
      <trkpt lat="34.089670000" lon="-111.695830000">
        <ele>765</ele>
      </trkpt>
      <trkpt lat="34.089850000" lon="-111.695630000">
        <ele>765</ele>
      </trkpt>
      <trkpt lat="34.089960000" lon="-111.695590000">
        <ele>766</ele>
      </trkpt>
      <trkpt lat="34.090100000" lon="-111.695470000">
        <ele>766</ele>
      </trkpt>
      <trkpt lat="34.090180000" lon="-111.695460000">
        <ele>766</ele>
      </trkpt>
      <trkpt lat="34.090390000" lon="-111.695390000">
        <ele>766</ele>
      </trkpt>
      <trkpt lat="34.090550000" lon="-111.695360000">
        <ele>766</ele>
      </trkpt>
      <trkpt lat="34.090710000" lon="-111.695310000">
        <ele>766</ele>
      </trkpt>
      <trkpt lat="34.091100000" lon="-111.695080000">
        <ele>763</ele>
      </trkpt>
      <trkpt lat="34.091540000" lon="-111.695000000">
        <ele>761</ele>
      </trkpt>
      <trkpt lat="34.091640000" lon="-111.694940000">
        <ele>760</ele>
      </trkpt>
      <trkpt lat="34.091840000" lon="-111.694740000">
        <ele>757</ele>
      </trkpt>
      <trkpt lat="34.091880000" lon="-111.694650000">
        <ele>756</ele>
      </trkpt>
      <trkpt lat="34.092020000" lon="-111.694510000">
        <ele>755</ele>
      </trkpt>
      <trkpt lat="34.092160000" lon="-111.694090000">
        <ele>757</ele>
      </trkpt>
      <trkpt lat="34.092290000" lon="-111.693980000">
        <ele>758</ele>
      </trkpt>
      <trkpt lat="34.092360000" lon="-111.693880000">
        <ele>760</ele>
      </trkpt>
      <trkpt lat="34.092380000" lon="-111.693790000">
        <ele>761</ele>
      </trkpt>
      <trkpt lat="34.092370000" lon="-111.693720000">
        <ele>762</ele>
      </trkpt>
      <trkpt lat="34.092480000" lon="-111.693390000">
        <ele>763</ele>
      </trkpt>
      <trkpt lat="34.092590000" lon="-111.693220000">
        <ele>764</ele>
      </trkpt>
      <trkpt lat="34.092640000" lon="-111.693200000">
        <ele>764</ele>
      </trkpt>
      <trkpt lat="34.092660000" lon="-111.693070000">
        <ele>763</ele>
      </trkpt>
      <trkpt lat="34.092790000" lon="-111.692890000">
        <ele>762</ele>
      </trkpt>
      <trkpt lat="34.092920000" lon="-111.692530000">
        <ele>759</ele>
      </trkpt>
      <trkpt lat="34.093010000" lon="-111.692380000">
        <ele>758</ele>
      </trkpt>
      <trkpt lat="34.093030000" lon="-111.692300000">
        <ele>758</ele>
      </trkpt>
      <trkpt lat="34.093200000" lon="-111.692040000">
        <ele>759</ele>
      </trkpt>
      <trkpt lat="34.093320000" lon="-111.691890000">
        <ele>760</ele>
      </trkpt>
      <trkpt lat="34.093430000" lon="-111.691580000">
        <ele>763</ele>
      </trkpt>
      <trkpt lat="34.093550000" lon="-111.691400000">
        <ele>764</ele>
      </trkpt>
      <trkpt lat="34.093690000" lon="-111.691010000">
        <ele>768</ele>
      </trkpt>
      <trkpt lat="34.093770000" lon="-111.690840000">
        <ele>769</ele>
      </trkpt>
      <trkpt lat="34.093830000" lon="-111.690750000">
        <ele>769</ele>
      </trkpt>
      <trkpt lat="34.094050000" lon="-111.690630000">
        <ele>768</ele>
      </trkpt>
      <trkpt lat="34.094240000" lon="-111.690480000">
        <ele>769</ele>
      </trkpt>
      <trkpt lat="34.094270000" lon="-111.690340000">
        <ele>771</ele>
      </trkpt>
      <trkpt lat="34.094330000" lon="-111.690230000">
        <ele>772</ele>
      </trkpt>
      <trkpt lat="34.094350000" lon="-111.690090000">
        <ele>773</ele>
      </trkpt>
      <trkpt lat="34.094320000" lon="-111.689940000">
        <ele>774</ele>
      </trkpt>
      <trkpt lat="34.094350000" lon="-111.689810000">
        <ele>776</ele>
      </trkpt>
      <trkpt lat="34.094440000" lon="-111.689660000">
        <ele>778</ele>
      </trkpt>
      <trkpt lat="34.094470000" lon="-111.689560000">
        <ele>779</ele>
      </trkpt>
      <trkpt lat="34.094550000" lon="-111.689420000">
        <ele>780</ele>
      </trkpt>
      <trkpt lat="34.094560000" lon="-111.689360000">
        <ele>781</ele>
      </trkpt>
      <trkpt lat="34.094770000" lon="-111.689160000">
        <ele>782</ele>
      </trkpt>
      <trkpt lat="34.094820000" lon="-111.689060000">
        <ele>783</ele>
      </trkpt>
      <trkpt lat="34.094820000" lon="-111.688990000">
        <ele>783</ele>
      </trkpt>
      <trkpt lat="34.094910000" lon="-111.688840000">
        <ele>783</ele>
      </trkpt>
      <trkpt lat="34.095020000" lon="-111.688710000">
        <ele>783</ele>
      </trkpt>
      <trkpt lat="34.095100000" lon="-111.688670000">
        <ele>783</ele>
      </trkpt>
      <trkpt lat="34.095230000" lon="-111.688470000">
        <ele>782</ele>
      </trkpt>
      <trkpt lat="34.095270000" lon="-111.688350000">
        <ele>782</ele>
      </trkpt>
      <trkpt lat="34.095260000" lon="-111.688110000">
        <ele>782</ele>
      </trkpt>
      <trkpt lat="34.095330000" lon="-111.687960000">
        <ele>782</ele>
      </trkpt>
      <trkpt lat="34.095340000" lon="-111.687850000">
        <ele>781</ele>
      </trkpt>
      <trkpt lat="34.095450000" lon="-111.687720000">
        <ele>781</ele>
      </trkpt>
      <trkpt lat="34.095520000" lon="-111.687180000">
        <ele>780</ele>
      </trkpt>
      <trkpt lat="34.095540000" lon="-111.687170000">
        <ele>780</ele>
      </trkpt>
      <trkpt lat="34.095610000" lon="-111.687010000">
        <ele>780</ele>
      </trkpt>
      <trkpt lat="34.095610000" lon="-111.686890000">
        <ele>781</ele>
      </trkpt>
      <trkpt lat="34.095680000" lon="-111.686740000">
        <ele>781</ele>
      </trkpt>
      <trkpt lat="34.095860000" lon="-111.686480000">
        <ele>781</ele>
      </trkpt>
      <trkpt lat="34.095860000" lon="-111.686380000">
        <ele>782</ele>
      </trkpt>
      <trkpt lat="34.095810000" lon="-111.686260000">
        <ele>782</ele>
      </trkpt>
      <trkpt lat="34.095790000" lon="-111.686080000">
        <ele>782</ele>
      </trkpt>
      <trkpt lat="34.095670000" lon="-111.685640000">
        <ele>782</ele>
      </trkpt>
      <trkpt lat="34.095700000" lon="-111.685540000">
        <ele>782</ele>
      </trkpt>
      <trkpt lat="34.095650000" lon="-111.684740000">
        <ele>787</ele>
      </trkpt>
      <trkpt lat="34.095750000" lon="-111.684090000">
        <ele>791</ele>
      </trkpt>
      <trkpt lat="34.095730000" lon="-111.683900000">
        <ele>791</ele>
      </trkpt>
      <trkpt lat="34.095750000" lon="-111.683850000">
        <ele>791</ele>
      </trkpt>
      <trkpt lat="34.095820000" lon="-111.683770000">
        <ele>791</ele>
      </trkpt>
      <trkpt lat="34.095940000" lon="-111.683510000">
        <ele>792</ele>
      </trkpt>
      <trkpt lat="34.096050000" lon="-111.682940000">
        <ele>790</ele>
      </trkpt>
      <trkpt lat="34.096140000" lon="-111.682700000">
        <ele>790</ele>
      </trkpt>
      <trkpt lat="34.096150000" lon="-111.682490000">
        <ele>789</ele>
      </trkpt>
      <trkpt lat="34.096190000" lon="-111.682350000">
        <ele>789</ele>
      </trkpt>
      <trkpt lat="34.096170000" lon="-111.681990000">
        <ele>786</ele>
      </trkpt>
      <trkpt lat="34.096200000" lon="-111.681580000">
        <ele>786</ele>
      </trkpt>
      <trkpt lat="34.096230000" lon="-111.681490000">
        <ele>786</ele>
      </trkpt>
      <trkpt lat="34.096230000" lon="-111.681310000">
        <ele>787</ele>
      </trkpt>
      <trkpt lat="34.096310000" lon="-111.681080000">
        <ele>789</ele>
      </trkpt>
      <trkpt lat="34.096300000" lon="-111.680940000">
        <ele>789</ele>
      </trkpt>
      <trkpt lat="34.096240000" lon="-111.680730000">
        <ele>789</ele>
      </trkpt>
      <trkpt lat="34.096170000" lon="-111.680540000">
        <ele>788</ele>
      </trkpt>
      <trkpt lat="34.096060000" lon="-111.680370000">
        <ele>787</ele>
      </trkpt>
      <trkpt lat="34.096030000" lon="-111.680280000">
        <ele>787</ele>
      </trkpt>
      <trkpt lat="34.096030000" lon="-111.680100000">
        <ele>788</ele>
      </trkpt>
      <trkpt lat="34.095930000" lon="-111.679830000">
        <ele>786</ele>
      </trkpt>
      <trkpt lat="34.095830000" lon="-111.679260000">
        <ele>787</ele>
      </trkpt>
      <trkpt lat="34.095680000" lon="-111.678970000">
        <ele>791</ele>
      </trkpt>
      <trkpt lat="34.095640000" lon="-111.678830000">
        <ele>793</ele>
      </trkpt>
      <trkpt lat="34.095680000" lon="-111.678680000">
        <ele>794</ele>
      </trkpt>
      <trkpt lat="34.095780000" lon="-111.678510000">
        <ele>796</ele>
      </trkpt>
      <trkpt lat="34.095890000" lon="-111.678140000">
        <ele>800</ele>
      </trkpt>
      <trkpt lat="34.095950000" lon="-111.678000000">
        <ele>799</ele>
      </trkpt>
      <trkpt lat="34.096070000" lon="-111.677830000">
        <ele>799</ele>
      </trkpt>
      <trkpt lat="34.096140000" lon="-111.677650000">
        <ele>798</ele>
      </trkpt>
      <trkpt lat="34.096150000" lon="-111.677570000">
        <ele>797</ele>
      </trkpt>
      <trkpt lat="34.096120000" lon="-111.677520000">
        <ele>796</ele>
      </trkpt>
      <trkpt lat="34.096190000" lon="-111.677240000">
        <ele>799</ele>
      </trkpt>
      <trkpt lat="34.096200000" lon="-111.677070000">
        <ele>799</ele>
      </trkpt>
      <trkpt lat="34.096310000" lon="-111.676780000">
        <ele>800</ele>
      </trkpt>
      <trkpt lat="34.096310000" lon="-111.676640000">
        <ele>800</ele>
      </trkpt>
      <trkpt lat="34.096380000" lon="-111.676460000">
        <ele>801</ele>
      </trkpt>
      <trkpt lat="34.096440000" lon="-111.676190000">
        <ele>800</ele>
      </trkpt>
      <trkpt lat="34.096440000" lon="-111.676050000">
        <ele>798</ele>
      </trkpt>
      <trkpt lat="34.096470000" lon="-111.675930000">
        <ele>798</ele>
      </trkpt>
      <trkpt lat="34.096540000" lon="-111.675880000">
        <ele>800</ele>
      </trkpt>
      <trkpt lat="34.096670000" lon="-111.675660000">
        <ele>802</ele>
      </trkpt>
      <trkpt lat="34.096700000" lon="-111.675600000">
        <ele>802</ele>
      </trkpt>
      <trkpt lat="34.096720000" lon="-111.675410000">
        <ele>801</ele>
      </trkpt>
      <trkpt lat="34.096780000" lon="-111.675300000">
        <ele>801</ele>
      </trkpt>
      <trkpt lat="34.096850000" lon="-111.675280000">
        <ele>802</ele>
      </trkpt>
      <trkpt lat="34.096880000" lon="-111.675220000">
        <ele>802</ele>
      </trkpt>
      <trkpt lat="34.096960000" lon="-111.675380000">
        <ele>803</ele>
      </trkpt>
      <trkpt lat="34.096910000" lon="-111.675460000">
        <ele>804</ele>
      </trkpt>
      <trkpt lat="34.096920000" lon="-111.675400000">
        <ele>803</ele>
      </trkpt>
      <trkpt lat="34.097310000" lon="-111.675000000">
        <ele>803</ele>
      </trkpt>
      <trkpt lat="34.097270000" lon="-111.674860000">
        <ele>802</ele>
      </trkpt>
      <trkpt lat="34.097290000" lon="-111.674830000">
        <ele>802</ele>
      </trkpt>
      <trkpt lat="34.097320000" lon="-111.674920000">
        <ele>803</ele>
      </trkpt>
      <trkpt lat="34.097280000" lon="-111.675070000">
        <ele>804</ele>
      </trkpt>
      <trkpt lat="34.097220000" lon="-111.675160000">
        <ele>804</ele>
      </trkpt>
      <trkpt lat="34.097150000" lon="-111.675050000">
        <ele>803</ele>
      </trkpt>
      <trkpt lat="34.097100000" lon="-111.675020000">
        <ele>802</ele>
      </trkpt>
      <trkpt lat="34.097040000" lon="-111.674860000">
        <ele>799</ele>
      </trkpt>
      <trkpt lat="34.097110000" lon="-111.674950000">
        <ele>801</ele>
      </trkpt>
      <trkpt lat="34.097220000" lon="-111.675010000">
        <ele>803</ele>
      </trkpt>
      <trkpt lat="34.097270000" lon="-111.675080000">
        <ele>804</ele>
      </trkpt>
      <trkpt lat="34.097400000" lon="-111.674880000">
        <ele>803</ele>
      </trkpt>
      <trkpt lat="34.097430000" lon="-111.674790000">
        <ele>803</ele>
      </trkpt>
      <trkpt lat="34.097650000" lon="-111.674580000">
        <ele>804</ele>
      </trkpt>
      <trkpt lat="34.097850000" lon="-111.674070000">
        <ele>808</ele>
      </trkpt>
      <trkpt lat="34.097970000" lon="-111.673880000">
        <ele>809</ele>
      </trkpt>
      <trkpt lat="34.098070000" lon="-111.673670000">
        <ele>809</ele>
      </trkpt>
      <trkpt lat="34.098260000" lon="-111.673320000">
        <ele>809</ele>
      </trkpt>
      <trkpt lat="34.098350000" lon="-111.673230000">
        <ele>810</ele>
      </trkpt>
      <trkpt lat="34.098350000" lon="-111.673090000">
        <ele>810</ele>
      </trkpt>
      <trkpt lat="34.098390000" lon="-111.673090000">
        <ele>810</ele>
      </trkpt>
      <trkpt lat="34.098400000" lon="-111.673210000">
        <ele>810</ele>
      </trkpt>
      <trkpt lat="34.098610000" lon="-111.672960000">
        <ele>811</ele>
      </trkpt>
      <trkpt lat="34.098760000" lon="-111.672650000">
        <ele>812</ele>
      </trkpt>
      <trkpt lat="34.098860000" lon="-111.672560000">
        <ele>812</ele>
      </trkpt>
      <trkpt lat="34.099040000" lon="-111.672200000">
        <ele>814</ele>
      </trkpt>
      <trkpt lat="34.099160000" lon="-111.672020000">
        <ele>815</ele>
      </trkpt>
      <trkpt lat="34.099240000" lon="-111.671790000">
        <ele>817</ele>
      </trkpt>
      <trkpt lat="34.099390000" lon="-111.671520000">
        <ele>816</ele>
      </trkpt>
      <trkpt lat="34.099470000" lon="-111.671310000">
        <ele>816</ele>
      </trkpt>
      <trkpt lat="34.099610000" lon="-111.671180000">
        <ele>817</ele>
      </trkpt>
      <trkpt lat="34.099720000" lon="-111.670980000">
        <ele>816</ele>
      </trkpt>
      <trkpt lat="34.099780000" lon="-111.670940000">
        <ele>816</ele>
      </trkpt>
      <trkpt lat="34.099730000" lon="-111.670700000">
        <ele>811</ele>
      </trkpt>
      <trkpt lat="34.099810000" lon="-111.670460000">
        <ele>808</ele>
      </trkpt>
      <trkpt lat="34.099980000" lon="-111.670160000">
        <ele>806</ele>
      </trkpt>
      <trkpt lat="34.100180000" lon="-111.670110000">
        <ele>805</ele>
      </trkpt>
      <trkpt lat="34.100350000" lon="-111.670160000">
        <ele>803</ele>
      </trkpt>
      <trkpt lat="34.100450000" lon="-111.670130000">
        <ele>800</ele>
      </trkpt>
      <trkpt lat="34.100510000" lon="-111.670080000">
        <ele>799</ele>
      </trkpt>
      <trkpt lat="34.100550000" lon="-111.669980000">
        <ele>796</ele>
      </trkpt>
      <trkpt lat="34.100770000" lon="-111.669890000">
        <ele>793</ele>
      </trkpt>
      <trkpt lat="34.100830000" lon="-111.669880000">
        <ele>792</ele>
      </trkpt>
      <trkpt lat="34.100920000" lon="-111.669800000">
        <ele>790</ele>
      </trkpt>
      <trkpt lat="34.100980000" lon="-111.669790000">
        <ele>789</ele>
      </trkpt>
      <trkpt lat="34.101010000" lon="-111.669740000">
        <ele>787</ele>
      </trkpt>
      <trkpt lat="34.101290000" lon="-111.669680000">
        <ele>782</ele>
      </trkpt>
      <trkpt lat="34.101310000" lon="-111.669690000">
        <ele>782</ele>
      </trkpt>
      <trkpt lat="34.101530000" lon="-111.669580000">
        <ele>780</ele>
      </trkpt>
      <trkpt lat="34.101680000" lon="-111.669580000">
        <ele>780</ele>
      </trkpt>
      <trkpt lat="34.101860000" lon="-111.669550000">
        <ele>780</ele>
      </trkpt>
      <trkpt lat="34.101950000" lon="-111.669470000">
        <ele>780</ele>
      </trkpt>
      <trkpt lat="34.102050000" lon="-111.669450000">
        <ele>781</ele>
      </trkpt>
      <trkpt lat="34.102130000" lon="-111.669390000">
        <ele>781</ele>
      </trkpt>
      <trkpt lat="34.102410000" lon="-111.669310000">
        <ele>784</ele>
      </trkpt>
      <trkpt lat="34.102520000" lon="-111.669190000">
        <ele>786</ele>
      </trkpt>
      <trkpt lat="34.102720000" lon="-111.669160000">
        <ele>789</ele>
      </trkpt>
      <trkpt lat="34.102950000" lon="-111.669060000">
        <ele>792</ele>
      </trkpt>
      <trkpt lat="34.103220000" lon="-111.668850000">
        <ele>791</ele>
      </trkpt>
      <trkpt lat="34.103290000" lon="-111.668630000">
        <ele>791</ele>
      </trkpt>
      <trkpt lat="34.103340000" lon="-111.668530000">
        <ele>793</ele>
      </trkpt>
      <trkpt lat="34.103440000" lon="-111.668410000">
        <ele>799</ele>
      </trkpt>
      <trkpt lat="34.103540000" lon="-111.668380000">
        <ele>803</ele>
      </trkpt>
      <trkpt lat="34.103650000" lon="-111.668090000">
        <ele>796</ele>
      </trkpt>
      <trkpt lat="34.103720000" lon="-111.667980000">
        <ele>800</ele>
      </trkpt>
      <trkpt lat="34.103780000" lon="-111.667750000">
        <ele>803</ele>
      </trkpt>
      <trkpt lat="34.103860000" lon="-111.667670000">
        <ele>803</ele>
      </trkpt>
      <trkpt lat="34.104120000" lon="-111.667590000">
        <ele>805</ele>
      </trkpt>
      <trkpt lat="34.104160000" lon="-111.667510000">
        <ele>803</ele>
      </trkpt>
      <trkpt lat="34.104230000" lon="-111.667460000">
        <ele>801</ele>
      </trkpt>
      <trkpt lat="34.104340000" lon="-111.667430000">
        <ele>800</ele>
      </trkpt>
      <trkpt lat="34.104340000" lon="-111.667360000">
        <ele>798</ele>
      </trkpt>
      <trkpt lat="34.104390000" lon="-111.667310000">
        <ele>796</ele>
      </trkpt>
      <trkpt lat="34.104530000" lon="-111.667230000">
        <ele>796</ele>
      </trkpt>
      <trkpt lat="34.104630000" lon="-111.667120000">
        <ele>795</ele>
      </trkpt>
      <trkpt lat="34.104810000" lon="-111.666970000">
        <ele>794</ele>
      </trkpt>
      <trkpt lat="34.105100000" lon="-111.666830000">
        <ele>791</ele>
      </trkpt>
      <trkpt lat="34.105280000" lon="-111.666820000">
        <ele>790</ele>
      </trkpt>
      <trkpt lat="34.105390000" lon="-111.666680000">
        <ele>786</ele>
      </trkpt>
      <trkpt lat="34.105530000" lon="-111.666650000">
        <ele>784</ele>
      </trkpt>
      <trkpt lat="34.105580000" lon="-111.666600000">
        <ele>783</ele>
      </trkpt>
      <trkpt lat="34.105630000" lon="-111.666600000">
        <ele>782</ele>
      </trkpt>
      <trkpt lat="34.105670000" lon="-111.666540000">
        <ele>781</ele>
      </trkpt>
      <trkpt lat="34.105870000" lon="-111.666490000">
        <ele>780</ele>
      </trkpt>
      <trkpt lat="34.106010000" lon="-111.666420000">
        <ele>780</ele>
      </trkpt>
      <trkpt lat="34.106150000" lon="-111.666380000">
        <ele>780</ele>
      </trkpt>
      <trkpt lat="34.106230000" lon="-111.666360000">
        <ele>781</ele>
      </trkpt>
      <trkpt lat="34.106420000" lon="-111.666370000">
        <ele>782</ele>
      </trkpt>
      <trkpt lat="34.106490000" lon="-111.666340000">
        <ele>783</ele>
      </trkpt>
      <trkpt lat="34.106520000" lon="-111.666320000">
        <ele>783</ele>
      </trkpt>
      <trkpt lat="34.106530000" lon="-111.666250000">
        <ele>784</ele>
      </trkpt>
      <trkpt lat="34.106580000" lon="-111.666230000">
        <ele>785</ele>
      </trkpt>
      <trkpt lat="34.106630000" lon="-111.666170000">
        <ele>786</ele>
      </trkpt>
      <trkpt lat="34.106730000" lon="-111.666100000">
        <ele>788</ele>
      </trkpt>
      <trkpt lat="34.106980000" lon="-111.665730000">
        <ele>798</ele>
      </trkpt>
      <trkpt lat="34.107200000" lon="-111.665560000">
        <ele>805</ele>
      </trkpt>
      <trkpt lat="34.107290000" lon="-111.665540000">
        <ele>806</ele>
      </trkpt>
      <trkpt lat="34.107440000" lon="-111.665570000">
        <ele>807</ele>
      </trkpt>
      <trkpt lat="34.107650000" lon="-111.665710000">
        <ele>809</ele>
      </trkpt>
      <trkpt lat="34.107800000" lon="-111.665760000">
        <ele>812</ele>
      </trkpt>
      <trkpt lat="34.107840000" lon="-111.665640000">
        <ele>815</ele>
      </trkpt>
      <trkpt lat="34.107930000" lon="-111.665620000">
        <ele>817</ele>
      </trkpt>
      <trkpt lat="34.107960000" lon="-111.665640000">
        <ele>817</ele>
      </trkpt>
      <trkpt lat="34.108080000" lon="-111.665600000">
        <ele>820</ele>
      </trkpt>
      <trkpt lat="34.108080000" lon="-111.665480000">
        <ele>822</ele>
      </trkpt>
      <trkpt lat="34.108280000" lon="-111.665470000">
        <ele>825</ele>
      </trkpt>
      <trkpt lat="34.108360000" lon="-111.665420000">
        <ele>827</ele>
      </trkpt>
      <trkpt lat="34.108520000" lon="-111.665480000">
        <ele>827</ele>
      </trkpt>
      <trkpt lat="34.108600000" lon="-111.665450000">
        <ele>830</ele>
      </trkpt>
      <trkpt lat="34.108780000" lon="-111.665460000">
        <ele>834</ele>
      </trkpt>
      <trkpt lat="34.108910000" lon="-111.665410000">
        <ele>839</ele>
      </trkpt>
      <trkpt lat="34.109020000" lon="-111.665290000">
        <ele>848</ele>
      </trkpt>
      <trkpt lat="34.109170000" lon="-111.665250000">
        <ele>851</ele>
      </trkpt>
      <trkpt lat="34.109220000" lon="-111.665270000">
        <ele>852</ele>
      </trkpt>
      <trkpt lat="34.109290000" lon="-111.665220000">
        <ele>852</ele>
      </trkpt>
      <trkpt lat="34.109390000" lon="-111.665120000">
        <ele>855</ele>
      </trkpt>
      <trkpt lat="34.109460000" lon="-111.664930000">
        <ele>864</ele>
      </trkpt>
      <trkpt lat="34.109510000" lon="-111.664880000">
        <ele>865</ele>
      </trkpt>
      <trkpt lat="34.109520000" lon="-111.664820000">
        <ele>866</ele>
      </trkpt>
      <trkpt lat="34.109510000" lon="-111.664760000">
        <ele>866</ele>
      </trkpt>
      <trkpt lat="34.109550000" lon="-111.664680000">
        <ele>867</ele>
      </trkpt>
      <trkpt lat="34.109550000" lon="-111.664620000">
        <ele>869</ele>
      </trkpt>
      <trkpt lat="34.109610000" lon="-111.664530000">
        <ele>873</ele>
      </trkpt>
      <trkpt lat="34.109580000" lon="-111.664280000">
        <ele>880</ele>
      </trkpt>
      <trkpt lat="34.109660000" lon="-111.664090000">
        <ele>882</ele>
      </trkpt>
      <trkpt lat="34.109700000" lon="-111.664060000">
        <ele>883</ele>
      </trkpt>
      <trkpt lat="34.109730000" lon="-111.664060000">
        <ele>883</ele>
      </trkpt>
      <trkpt lat="34.109900000" lon="-111.664240000">
        <ele>883</ele>
      </trkpt>
      <trkpt lat="34.109890000" lon="-111.663910000">
        <ele>888</ele>
      </trkpt>
      <trkpt lat="34.109830000" lon="-111.663740000">
        <ele>890</ele>
      </trkpt>
      <trkpt lat="34.110060000" lon="-111.663470000">
        <ele>895</ele>
      </trkpt>
      <trkpt lat="34.110160000" lon="-111.663440000">
        <ele>897</ele>
      </trkpt>
      <trkpt lat="34.110220000" lon="-111.663390000">
        <ele>899</ele>
      </trkpt>
      <trkpt lat="34.110320000" lon="-111.663400000">
        <ele>900</ele>
      </trkpt>
      <trkpt lat="34.110410000" lon="-111.663320000">
        <ele>902</ele>
      </trkpt>
      <trkpt lat="34.110460000" lon="-111.663230000">
        <ele>905</ele>
      </trkpt>
      <trkpt lat="34.110500000" lon="-111.663110000">
        <ele>907</ele>
      </trkpt>
      <trkpt lat="34.110440000" lon="-111.662880000">
        <ele>910</ele>
      </trkpt>
      <trkpt lat="34.110470000" lon="-111.662750000">
        <ele>912</ele>
      </trkpt>
      <trkpt lat="34.110560000" lon="-111.662610000">
        <ele>913</ele>
      </trkpt>
      <trkpt lat="34.110620000" lon="-111.662610000">
        <ele>914</ele>
      </trkpt>
      <trkpt lat="34.110630000" lon="-111.662490000">
        <ele>913</ele>
      </trkpt>
      <trkpt lat="34.110690000" lon="-111.662440000">
        <ele>912</ele>
      </trkpt>
      <trkpt lat="34.110710000" lon="-111.662380000">
        <ele>912</ele>
      </trkpt>
      <trkpt lat="34.110700000" lon="-111.662210000">
        <ele>911</ele>
      </trkpt>
      <trkpt lat="34.110820000" lon="-111.662090000">
        <ele>908</ele>
      </trkpt>
      <trkpt lat="34.110880000" lon="-111.662110000">
        <ele>907</ele>
      </trkpt>
      <trkpt lat="34.110980000" lon="-111.662080000">
        <ele>904</ele>
      </trkpt>
      <trkpt lat="34.111010000" lon="-111.662060000">
        <ele>903</ele>
      </trkpt>
      <trkpt lat="34.111040000" lon="-111.662110000">
        <ele>903</ele>
      </trkpt>
      <trkpt lat="34.111160000" lon="-111.661860000">
        <ele>899</ele>
      </trkpt>
      <trkpt lat="34.111300000" lon="-111.661830000">
        <ele>895</ele>
      </trkpt>
      <trkpt lat="34.111370000" lon="-111.661760000">
        <ele>893</ele>
      </trkpt>
      <trkpt lat="34.111450000" lon="-111.661760000">
        <ele>890</ele>
      </trkpt>
      <trkpt lat="34.111550000" lon="-111.661600000">
        <ele>889</ele>
      </trkpt>
      <trkpt lat="34.111730000" lon="-111.661390000">
        <ele>886</ele>
      </trkpt>
      <trkpt lat="34.111760000" lon="-111.661270000">
        <ele>889</ele>
      </trkpt>
      <trkpt lat="34.112010000" lon="-111.661010000">
        <ele>886</ele>
      </trkpt>
      <trkpt lat="34.112030000" lon="-111.660990000">
        <ele>885</ele>
      </trkpt>
      <trkpt lat="34.112110000" lon="-111.661010000">
        <ele>883</ele>
      </trkpt>
      <trkpt lat="34.112180000" lon="-111.660960000">
        <ele>882</ele>
      </trkpt>
      <trkpt lat="34.112310000" lon="-111.660970000">
        <ele>878</ele>
      </trkpt>
      <trkpt lat="34.112320000" lon="-111.660890000">
        <ele>878</ele>
      </trkpt>
      <trkpt lat="34.112360000" lon="-111.660830000">
        <ele>878</ele>
      </trkpt>
      <trkpt lat="34.112560000" lon="-111.660750000">
        <ele>871</ele>
      </trkpt>
      <trkpt lat="34.112670000" lon="-111.660640000">
        <ele>867</ele>
      </trkpt>
      <trkpt lat="34.112740000" lon="-111.660540000">
        <ele>865</ele>
      </trkpt>
      <trkpt lat="34.112750000" lon="-111.660450000">
        <ele>865</ele>
      </trkpt>
      <trkpt lat="34.112810000" lon="-111.660380000">
        <ele>863</ele>
      </trkpt>
      <trkpt lat="34.112880000" lon="-111.660330000">
        <ele>860</ele>
      </trkpt>
      <trkpt lat="34.112920000" lon="-111.660340000">
        <ele>858</ele>
      </trkpt>
      <trkpt lat="34.112960000" lon="-111.660280000">
        <ele>857</ele>
      </trkpt>
      <trkpt lat="34.113110000" lon="-111.660180000">
        <ele>852</ele>
      </trkpt>
      <trkpt lat="34.113170000" lon="-111.660120000">
        <ele>849</ele>
      </trkpt>
      <trkpt lat="34.113330000" lon="-111.660070000">
        <ele>846</ele>
      </trkpt>
      <trkpt lat="34.113380000" lon="-111.660080000">
        <ele>845</ele>
      </trkpt>
      <trkpt lat="34.113470000" lon="-111.660000000">
        <ele>844</ele>
      </trkpt>
      <trkpt lat="34.113550000" lon="-111.660000000">
        <ele>843</ele>
      </trkpt>
      <trkpt lat="34.113650000" lon="-111.659950000">
        <ele>842</ele>
      </trkpt>
      <trkpt lat="34.113740000" lon="-111.659800000">
        <ele>840</ele>
      </trkpt>
      <trkpt lat="34.113750000" lon="-111.659670000">
        <ele>839</ele>
      </trkpt>
      <trkpt lat="34.113840000" lon="-111.659620000">
        <ele>838</ele>
      </trkpt>
      <trkpt lat="34.113900000" lon="-111.659540000">
        <ele>837</ele>
      </trkpt>
      <trkpt lat="34.114040000" lon="-111.659510000">
        <ele>835</ele>
      </trkpt>
      <trkpt lat="34.114100000" lon="-111.659520000">
        <ele>834</ele>
      </trkpt>
      <trkpt lat="34.114170000" lon="-111.659510000">
        <ele>833</ele>
      </trkpt>
      <trkpt lat="34.114220000" lon="-111.659470000">
        <ele>832</ele>
      </trkpt>
      <trkpt lat="34.114300000" lon="-111.659330000">
        <ele>831</ele>
      </trkpt>
      <trkpt lat="34.114490000" lon="-111.659300000">
        <ele>830</ele>
      </trkpt>
      <trkpt lat="34.114680000" lon="-111.659120000">
        <ele>829</ele>
      </trkpt>
      <trkpt lat="34.114790000" lon="-111.659110000">
        <ele>829</ele>
      </trkpt>
      <trkpt lat="34.114860000" lon="-111.659180000">
        <ele>829</ele>
      </trkpt>
      <trkpt lat="34.114910000" lon="-111.659180000">
        <ele>829</ele>
      </trkpt>
      <trkpt lat="34.115120000" lon="-111.658930000">
        <ele>829</ele>
      </trkpt>
      <trkpt lat="34.115380000" lon="-111.658820000">
        <ele>829</ele>
      </trkpt>
      <trkpt lat="34.115480000" lon="-111.658690000">
        <ele>829</ele>
      </trkpt>
      <trkpt lat="34.115610000" lon="-111.658610000">
        <ele>829</ele>
      </trkpt>
      <trkpt lat="34.115770000" lon="-111.658280000">
        <ele>829</ele>
      </trkpt>
      <trkpt lat="34.115750000" lon="-111.658170000">
        <ele>829</ele>
      </trkpt>
      <trkpt lat="34.115750000" lon="-111.658000000">
        <ele>830</ele>
      </trkpt>
      <trkpt lat="34.115630000" lon="-111.657710000">
        <ele>830</ele>
      </trkpt>
      <trkpt lat="34.115620000" lon="-111.657530000">
        <ele>829</ele>
      </trkpt>
      <trkpt lat="34.115650000" lon="-111.657420000">
        <ele>829</ele>
      </trkpt>
      <trkpt lat="34.115640000" lon="-111.657200000">
        <ele>829</ele>
      </trkpt>
      <trkpt lat="34.115810000" lon="-111.656900000">
        <ele>829</ele>
      </trkpt>
      <trkpt lat="34.115820000" lon="-111.656790000">
        <ele>829</ele>
      </trkpt>
      <trkpt lat="34.115870000" lon="-111.656670000">
        <ele>829</ele>
      </trkpt>
      <trkpt lat="34.115920000" lon="-111.656620000">
        <ele>829</ele>
      </trkpt>
      <trkpt lat="34.115920000" lon="-111.656500000">
        <ele>829</ele>
      </trkpt>
      <trkpt lat="34.115860000" lon="-111.656280000">
        <ele>829</ele>
      </trkpt>
      <trkpt lat="34.115870000" lon="-111.656220000">
        <ele>829</ele>
      </trkpt>
      <trkpt lat="34.115920000" lon="-111.656160000">
        <ele>829</ele>
      </trkpt>
      <trkpt lat="34.115930000" lon="-111.656060000">
        <ele>829</ele>
      </trkpt>
      <trkpt lat="34.115950000" lon="-111.656060000">
        <ele>829</ele>
      </trkpt>
      <trkpt lat="34.115880000" lon="-111.655790000">
        <ele>829</ele>
      </trkpt>
      <trkpt lat="34.115920000" lon="-111.655690000">
        <ele>829</ele>
      </trkpt>
      <trkpt lat="34.115940000" lon="-111.655700000">
        <ele>829</ele>
      </trkpt>
      <trkpt lat="34.115940000" lon="-111.655640000">
        <ele>829</ele>
      </trkpt>
      <trkpt lat="34.115840000" lon="-111.655350000">
        <ele>831</ele>
      </trkpt>
      <trkpt lat="34.115790000" lon="-111.655290000">
        <ele>832</ele>
      </trkpt>
      <trkpt lat="34.115770000" lon="-111.655230000">
        <ele>832</ele>
      </trkpt>
      <trkpt lat="34.115790000" lon="-111.655180000">
        <ele>833</ele>
      </trkpt>
      <trkpt lat="34.115850000" lon="-111.655140000">
        <ele>833</ele>
      </trkpt>
      <trkpt lat="34.115920000" lon="-111.654960000">
        <ele>835</ele>
      </trkpt>
      <trkpt lat="34.116040000" lon="-111.654870000">
        <ele>836</ele>
      </trkpt>
      <trkpt lat="34.116010000" lon="-111.654870000">
        <ele>836</ele>
      </trkpt>
      <trkpt lat="34.115920000" lon="-111.654720000">
        <ele>837</ele>
      </trkpt>
      <trkpt lat="34.115870000" lon="-111.654690000">
        <ele>837</ele>
      </trkpt>
      <trkpt lat="34.115800000" lon="-111.654590000">
        <ele>838</ele>
      </trkpt>
      <trkpt lat="34.115790000" lon="-111.654560000">
        <ele>838</ele>
      </trkpt>
      <trkpt lat="34.115850000" lon="-111.654510000">
        <ele>839</ele>
      </trkpt>
      <trkpt lat="34.115860000" lon="-111.654440000">
        <ele>839</ele>
      </trkpt>
      <trkpt lat="34.115840000" lon="-111.654410000">
        <ele>839</ele>
      </trkpt>
      <trkpt lat="34.115770000" lon="-111.654380000">
        <ele>839</ele>
      </trkpt>
      <trkpt lat="34.115810000" lon="-111.654140000">
        <ele>840</ele>
      </trkpt>
      <trkpt lat="34.115740000" lon="-111.653870000">
        <ele>840</ele>
      </trkpt>
      <trkpt lat="34.115750000" lon="-111.653560000">
        <ele>841</ele>
      </trkpt>
      <trkpt lat="34.115710000" lon="-111.653500000">
        <ele>841</ele>
      </trkpt>
      <trkpt lat="34.115650000" lon="-111.653470000">
        <ele>841</ele>
      </trkpt>
      <trkpt lat="34.115600000" lon="-111.653360000">
        <ele>842</ele>
      </trkpt>
      <trkpt lat="34.115500000" lon="-111.653270000">
        <ele>842</ele>
      </trkpt>
      <trkpt lat="34.115450000" lon="-111.653160000">
        <ele>842</ele>
      </trkpt>
      <trkpt lat="34.115490000" lon="-111.653040000">
        <ele>843</ele>
      </trkpt>
      <trkpt lat="34.115430000" lon="-111.652970000">
        <ele>843</ele>
      </trkpt>
      <trkpt lat="34.115430000" lon="-111.652900000">
        <ele>843</ele>
      </trkpt>
      <trkpt lat="34.115370000" lon="-111.652620000">
        <ele>843</ele>
      </trkpt>
      <trkpt lat="34.115370000" lon="-111.652370000">
        <ele>843</ele>
      </trkpt>
      <trkpt lat="34.115440000" lon="-111.652100000">
        <ele>845</ele>
      </trkpt>
      <trkpt lat="34.115440000" lon="-111.652000000">
        <ele>846</ele>
      </trkpt>
      <trkpt lat="34.115420000" lon="-111.651940000">
        <ele>846</ele>
      </trkpt>
      <trkpt lat="34.115440000" lon="-111.651750000">
        <ele>847</ele>
      </trkpt>
      <trkpt lat="34.115570000" lon="-111.651430000">
        <ele>849</ele>
      </trkpt>
      <trkpt lat="34.115570000" lon="-111.651100000">
        <ele>850</ele>
      </trkpt>
      <trkpt lat="34.115630000" lon="-111.650940000">
        <ele>852</ele>
      </trkpt>
      <trkpt lat="34.115610000" lon="-111.650820000">
        <ele>852</ele>
      </trkpt>
      <trkpt lat="34.115620000" lon="-111.650720000">
        <ele>852</ele>
      </trkpt>
      <trkpt lat="34.115570000" lon="-111.650660000">
        <ele>852</ele>
      </trkpt>
      <trkpt lat="34.115530000" lon="-111.650540000">
        <ele>852</ele>
      </trkpt>
      <trkpt lat="34.115700000" lon="-111.650100000">
        <ele>855</ele>
      </trkpt>
      <trkpt lat="34.115720000" lon="-111.649960000">
        <ele>855</ele>
      </trkpt>
      <trkpt lat="34.115640000" lon="-111.649650000">
        <ele>857</ele>
      </trkpt>
      <trkpt lat="34.115570000" lon="-111.649570000">
        <ele>857</ele>
      </trkpt>
      <trkpt lat="34.115520000" lon="-111.649430000">
        <ele>858</ele>
      </trkpt>
      <trkpt lat="34.115460000" lon="-111.649220000">
        <ele>859</ele>
      </trkpt>
      <trkpt lat="34.115470000" lon="-111.649070000">
        <ele>860</ele>
      </trkpt>
      <trkpt lat="34.115410000" lon="-111.648920000">
        <ele>859</ele>
      </trkpt>
      <trkpt lat="34.115150000" lon="-111.648900000">
        <ele>855</ele>
      </trkpt>
      <trkpt lat="34.115090000" lon="-111.648710000">
        <ele>855</ele>
      </trkpt>
      <trkpt lat="34.115060000" lon="-111.648700000">
        <ele>854</ele>
      </trkpt>
      <trkpt lat="34.114960000" lon="-111.648790000">
        <ele>854</ele>
      </trkpt>
      <trkpt lat="34.114920000" lon="-111.648720000">
        <ele>854</ele>
      </trkpt>
      <trkpt lat="34.114830000" lon="-111.648730000">
        <ele>854</ele>
      </trkpt>
      <trkpt lat="34.114930000" lon="-111.648600000">
        <ele>855</ele>
      </trkpt>
      <trkpt lat="34.114920000" lon="-111.648570000">
        <ele>855</ele>
      </trkpt>
      <trkpt lat="34.114950000" lon="-111.648510000">
        <ele>855</ele>
      </trkpt>
      <trkpt lat="34.114910000" lon="-111.648440000">
        <ele>856</ele>
      </trkpt>
      <trkpt lat="34.114920000" lon="-111.648410000">
        <ele>857</ele>
      </trkpt>
      <trkpt lat="34.114870000" lon="-111.648420000">
        <ele>857</ele>
      </trkpt>
      <trkpt lat="34.114900000" lon="-111.648400000">
        <ele>857</ele>
      </trkpt>
      <trkpt lat="34.114950000" lon="-111.648390000">
        <ele>857</ele>
      </trkpt>
      <trkpt lat="34.114990000" lon="-111.648420000">
        <ele>856</ele>
      </trkpt>
      <trkpt lat="34.115010000" lon="-111.648350000">
        <ele>857</ele>
      </trkpt>
      <trkpt lat="34.114980000" lon="-111.648290000">
        <ele>858</ele>
      </trkpt>
      <trkpt lat="34.115010000" lon="-111.648400000">
        <ele>857</ele>
      </trkpt>
      <trkpt lat="34.115060000" lon="-111.648410000">
        <ele>856</ele>
      </trkpt>
      <trkpt lat="34.115100000" lon="-111.648380000">
        <ele>857</ele>
      </trkpt>
      <trkpt lat="34.115230000" lon="-111.648450000">
        <ele>857</ele>
      </trkpt>
      <trkpt lat="34.115290000" lon="-111.648430000">
        <ele>858</ele>
      </trkpt>
      <trkpt lat="34.115340000" lon="-111.648360000">
        <ele>859</ele>
      </trkpt>
      <trkpt lat="34.115470000" lon="-111.648340000">
        <ele>861</ele>
      </trkpt>
      <trkpt lat="34.115480000" lon="-111.648310000">
        <ele>861</ele>
      </trkpt>
      <trkpt lat="34.115530000" lon="-111.648280000">
        <ele>862</ele>
      </trkpt>
      <trkpt lat="34.115620000" lon="-111.648130000">
        <ele>863</ele>
      </trkpt>
      <trkpt lat="34.115650000" lon="-111.647880000">
        <ele>864</ele>
      </trkpt>
      <trkpt lat="34.115760000" lon="-111.647790000">
        <ele>865</ele>
      </trkpt>
      <trkpt lat="34.115900000" lon="-111.647560000">
        <ele>867</ele>
      </trkpt>
      <trkpt lat="34.115920000" lon="-111.647470000">
        <ele>869</ele>
      </trkpt>
      <trkpt lat="34.115910000" lon="-111.647350000">
        <ele>870</ele>
      </trkpt>
      <trkpt lat="34.115960000" lon="-111.647240000">
        <ele>870</ele>
      </trkpt>
      <trkpt lat="34.115960000" lon="-111.647140000">
        <ele>870</ele>
      </trkpt>
      <trkpt lat="34.116090000" lon="-111.646880000">
        <ele>875</ele>
      </trkpt>
      <trkpt lat="34.116090000" lon="-111.646750000">
        <ele>877</ele>
      </trkpt>
      <trkpt lat="34.116160000" lon="-111.646450000">
        <ele>878</ele>
      </trkpt>
      <trkpt lat="34.116120000" lon="-111.646410000">
        <ele>877</ele>
      </trkpt>
      <trkpt lat="34.116120000" lon="-111.646330000">
        <ele>877</ele>
      </trkpt>
      <trkpt lat="34.116170000" lon="-111.646250000">
        <ele>877</ele>
      </trkpt>
      <trkpt lat="34.116100000" lon="-111.646080000">
        <ele>878</ele>
      </trkpt>
      <trkpt lat="34.116130000" lon="-111.645880000">
        <ele>880</ele>
      </trkpt>
      <trkpt lat="34.116160000" lon="-111.645800000">
        <ele>881</ele>
      </trkpt>
      <trkpt lat="34.116280000" lon="-111.645660000">
        <ele>884</ele>
      </trkpt>
      <trkpt lat="34.116290000" lon="-111.645530000">
        <ele>885</ele>
      </trkpt>
      <trkpt lat="34.116270000" lon="-111.645440000">
        <ele>885</ele>
      </trkpt>
      <trkpt lat="34.116310000" lon="-111.645310000">
        <ele>886</ele>
      </trkpt>
      <trkpt lat="34.116300000" lon="-111.645270000">
        <ele>887</ele>
      </trkpt>
      <trkpt lat="34.116350000" lon="-111.645060000">
        <ele>888</ele>
      </trkpt>
      <trkpt lat="34.116340000" lon="-111.645020000">
        <ele>888</ele>
      </trkpt>
      <trkpt lat="34.116400000" lon="-111.644930000">
        <ele>888</ele>
      </trkpt>
      <trkpt lat="34.116400000" lon="-111.644850000">
        <ele>888</ele>
      </trkpt>
      <trkpt lat="34.116440000" lon="-111.644730000">
        <ele>887</ele>
      </trkpt>
      <trkpt lat="34.116410000" lon="-111.644500000">
        <ele>884</ele>
      </trkpt>
      <trkpt lat="34.116350000" lon="-111.644460000">
        <ele>882</ele>
      </trkpt>
      <trkpt lat="34.116350000" lon="-111.644150000">
        <ele>880</ele>
      </trkpt>
      <trkpt lat="34.116370000" lon="-111.644040000">
        <ele>880</ele>
      </trkpt>
      <trkpt lat="34.116350000" lon="-111.643850000">
        <ele>881</ele>
      </trkpt>
      <trkpt lat="34.116300000" lon="-111.643720000">
        <ele>881</ele>
      </trkpt>
      <trkpt lat="34.116240000" lon="-111.643210000">
        <ele>885</ele>
      </trkpt>
      <trkpt lat="34.116230000" lon="-111.643180000">
        <ele>885</ele>
      </trkpt>
      <trkpt lat="34.116150000" lon="-111.643190000">
        <ele>885</ele>
      </trkpt>
      <trkpt lat="34.116140000" lon="-111.643260000">
        <ele>884</ele>
      </trkpt>
      <trkpt lat="34.116060000" lon="-111.643310000">
        <ele>883</ele>
      </trkpt>
      <trkpt lat="34.115970000" lon="-111.643330000">
        <ele>883</ele>
      </trkpt>
      <trkpt lat="34.115950000" lon="-111.643300000">
        <ele>883</ele>
      </trkpt>
      <trkpt lat="34.115950000" lon="-111.643270000">
        <ele>884</ele>
      </trkpt>
      <trkpt lat="34.116010000" lon="-111.643280000">
        <ele>884</ele>
      </trkpt>
      <trkpt lat="34.116070000" lon="-111.643250000">
        <ele>884</ele>
      </trkpt>
      <trkpt lat="34.116130000" lon="-111.643180000">
        <ele>885</ele>
      </trkpt>
      <trkpt lat="34.116170000" lon="-111.643090000">
        <ele>886</ele>
      </trkpt>
      <trkpt lat="34.116240000" lon="-111.643030000">
        <ele>886</ele>
      </trkpt>
      <trkpt lat="34.116270000" lon="-111.642880000">
        <ele>887</ele>
      </trkpt>
      <trkpt lat="34.116270000" lon="-111.642740000">
        <ele>887</ele>
      </trkpt>
      <trkpt lat="34.116170000" lon="-111.642580000">
        <ele>887</ele>
      </trkpt>
      <trkpt lat="34.116190000" lon="-111.642630000">
        <ele>887</ele>
      </trkpt>
      <trkpt lat="34.116170000" lon="-111.642660000">
        <ele>887</ele>
      </trkpt>
      <trkpt lat="34.116090000" lon="-111.642650000">
        <ele>886</ele>
      </trkpt>
      <trkpt lat="34.116170000" lon="-111.642320000">
        <ele>887</ele>
      </trkpt>
      <trkpt lat="34.116120000" lon="-111.642160000">
        <ele>887</ele>
      </trkpt>
      <trkpt lat="34.116070000" lon="-111.642060000">
        <ele>887</ele>
      </trkpt>
      <trkpt lat="34.116010000" lon="-111.642110000">
        <ele>887</ele>
      </trkpt>
      <trkpt lat="34.116000000" lon="-111.642190000">
        <ele>887</ele>
      </trkpt>
      <trkpt lat="34.115970000" lon="-111.642240000">
        <ele>887</ele>
      </trkpt>
      <trkpt lat="34.115990000" lon="-111.642210000">
        <ele>887</ele>
      </trkpt>
      <trkpt lat="34.115960000" lon="-111.642130000">
        <ele>887</ele>
      </trkpt>
      <trkpt lat="34.116030000" lon="-111.641990000">
        <ele>887</ele>
      </trkpt>
      <trkpt lat="34.116000000" lon="-111.641900000">
        <ele>887</ele>
      </trkpt>
      <trkpt lat="34.116010000" lon="-111.641810000">
        <ele>887</ele>
      </trkpt>
      <trkpt lat="34.115960000" lon="-111.641760000">
        <ele>887</ele>
      </trkpt>
      <trkpt lat="34.115910000" lon="-111.641650000">
        <ele>887</ele>
      </trkpt>
      <trkpt lat="34.115890000" lon="-111.641550000">
        <ele>887</ele>
      </trkpt>
      <trkpt lat="34.115930000" lon="-111.641400000">
        <ele>887</ele>
      </trkpt>
      <trkpt lat="34.116000000" lon="-111.641380000">
        <ele>887</ele>
      </trkpt>
      <trkpt lat="34.116030000" lon="-111.641290000">
        <ele>886</ele>
      </trkpt>
      <trkpt lat="34.115930000" lon="-111.641190000">
        <ele>887</ele>
      </trkpt>
      <trkpt lat="34.115890000" lon="-111.641190000">
        <ele>887</ele>
      </trkpt>
      <trkpt lat="34.115800000" lon="-111.641230000">
        <ele>887</ele>
      </trkpt>
      <trkpt lat="34.115770000" lon="-111.641220000">
        <ele>887</ele>
      </trkpt>
      <trkpt lat="34.115750000" lon="-111.641160000">
        <ele>887</ele>
      </trkpt>
      <trkpt lat="34.115610000" lon="-111.641140000">
        <ele>888</ele>
      </trkpt>
      <trkpt lat="34.115560000" lon="-111.641070000">
        <ele>888</ele>
      </trkpt>
      <trkpt lat="34.115480000" lon="-111.640740000">
        <ele>890</ele>
      </trkpt>
      <trkpt lat="34.115490000" lon="-111.640660000">
        <ele>890</ele>
      </trkpt>
      <trkpt lat="34.115460000" lon="-111.640420000">
        <ele>890</ele>
      </trkpt>
      <trkpt lat="34.115490000" lon="-111.640290000">
        <ele>890</ele>
      </trkpt>
      <trkpt lat="34.115510000" lon="-111.639970000">
        <ele>891</ele>
      </trkpt>
      <trkpt lat="34.115490000" lon="-111.639800000">
        <ele>892</ele>
      </trkpt>
      <trkpt lat="34.115530000" lon="-111.639510000">
        <ele>896</ele>
      </trkpt>
      <trkpt lat="34.115490000" lon="-111.639210000">
        <ele>900</ele>
      </trkpt>
      <trkpt lat="34.115420000" lon="-111.639090000">
        <ele>901</ele>
      </trkpt>
      <trkpt lat="34.115450000" lon="-111.639080000">
        <ele>901</ele>
      </trkpt>
      <trkpt lat="34.115430000" lon="-111.638520000">
        <ele>902</ele>
      </trkpt>
      <trkpt lat="34.115530000" lon="-111.638320000">
        <ele>903</ele>
      </trkpt>
      <trkpt lat="34.115540000" lon="-111.638190000">
        <ele>904</ele>
      </trkpt>
      <trkpt lat="34.115610000" lon="-111.637980000">
        <ele>910</ele>
      </trkpt>
      <trkpt lat="34.115690000" lon="-111.637850000">
        <ele>913</ele>
      </trkpt>
      <trkpt lat="34.115700000" lon="-111.637780000">
        <ele>914</ele>
      </trkpt>
      <trkpt lat="34.115680000" lon="-111.637580000">
        <ele>915</ele>
      </trkpt>
      <trkpt lat="34.115810000" lon="-111.637220000">
        <ele>915</ele>
      </trkpt>
      <trkpt lat="34.115770000" lon="-111.637110000">
        <ele>915</ele>
      </trkpt>
      <trkpt lat="34.115780000" lon="-111.636750000">
        <ele>917</ele>
      </trkpt>
      <trkpt lat="34.115860000" lon="-111.636500000">
        <ele>923</ele>
      </trkpt>
      <trkpt lat="34.115910000" lon="-111.636160000">
        <ele>928</ele>
      </trkpt>
      <trkpt lat="34.115980000" lon="-111.635970000">
        <ele>930</ele>
      </trkpt>
      <trkpt lat="34.116040000" lon="-111.635960000">
        <ele>931</ele>
      </trkpt>
      <trkpt lat="34.116080000" lon="-111.635910000">
        <ele>932</ele>
      </trkpt>
      <trkpt lat="34.116140000" lon="-111.635650000">
        <ele>938</ele>
      </trkpt>
      <trkpt lat="34.116090000" lon="-111.635660000">
        <ele>938</ele>
      </trkpt>
      <trkpt lat="34.116090000" lon="-111.635480000">
        <ele>940</ele>
      </trkpt>
      <trkpt lat="34.116060000" lon="-111.635370000">
        <ele>942</ele>
      </trkpt>
      <trkpt lat="34.116140000" lon="-111.635050000">
        <ele>944</ele>
      </trkpt>
      <trkpt lat="34.116260000" lon="-111.634730000">
        <ele>943</ele>
      </trkpt>
      <trkpt lat="34.116310000" lon="-111.634640000">
        <ele>942</ele>
      </trkpt>
      <trkpt lat="34.116330000" lon="-111.634370000">
        <ele>941</ele>
      </trkpt>
      <trkpt lat="34.116310000" lon="-111.634190000">
        <ele>941</ele>
      </trkpt>
      <trkpt lat="34.116360000" lon="-111.634070000">
        <ele>942</ele>
      </trkpt>
      <trkpt lat="34.116350000" lon="-111.633980000">
        <ele>943</ele>
      </trkpt>
      <trkpt lat="34.116240000" lon="-111.633870000">
        <ele>944</ele>
      </trkpt>
      <trkpt lat="34.116250000" lon="-111.633810000">
        <ele>945</ele>
      </trkpt>
      <trkpt lat="34.116210000" lon="-111.633650000">
        <ele>948</ele>
      </trkpt>
      <trkpt lat="34.116170000" lon="-111.633630000">
        <ele>948</ele>
      </trkpt>
      <trkpt lat="34.116010000" lon="-111.633360000">
        <ele>953</ele>
      </trkpt>
      <trkpt lat="34.115910000" lon="-111.633260000">
        <ele>953</ele>
      </trkpt>
      <trkpt lat="34.115890000" lon="-111.633160000">
        <ele>954</ele>
      </trkpt>
      <trkpt lat="34.115750000" lon="-111.632970000">
        <ele>956</ele>
      </trkpt>
      <trkpt lat="34.115710000" lon="-111.632930000">
        <ele>958</ele>
      </trkpt>
      <trkpt lat="34.115660000" lon="-111.632930000">
        <ele>958</ele>
      </trkpt>
      <trkpt lat="34.115650000" lon="-111.632910000">
        <ele>959</ele>
      </trkpt>
      <trkpt lat="34.115600000" lon="-111.632830000">
        <ele>962</ele>
      </trkpt>
      <trkpt lat="34.115590000" lon="-111.632730000">
        <ele>963</ele>
      </trkpt>
      <trkpt lat="34.115470000" lon="-111.632490000">
        <ele>967</ele>
      </trkpt>
      <trkpt lat="34.115430000" lon="-111.632530000">
        <ele>967</ele>
      </trkpt>
      <trkpt lat="34.115410000" lon="-111.632470000">
        <ele>969</ele>
      </trkpt>
      <trkpt lat="34.115330000" lon="-111.632450000">
        <ele>971</ele>
      </trkpt>
      <trkpt lat="34.115190000" lon="-111.632330000">
        <ele>976</ele>
      </trkpt>
      <trkpt lat="34.115120000" lon="-111.632210000">
        <ele>979</ele>
      </trkpt>
      <trkpt lat="34.115020000" lon="-111.632180000">
        <ele>981</ele>
      </trkpt>
      <trkpt lat="34.114970000" lon="-111.632000000">
        <ele>984</ele>
      </trkpt>
      <trkpt lat="34.114910000" lon="-111.631930000">
        <ele>986</ele>
      </trkpt>
      <trkpt lat="34.114880000" lon="-111.631840000">
        <ele>987</ele>
      </trkpt>
      <trkpt lat="34.114860000" lon="-111.631590000">
        <ele>986</ele>
      </trkpt>
      <trkpt lat="34.114710000" lon="-111.631320000">
        <ele>989</ele>
      </trkpt>
      <trkpt lat="34.114690000" lon="-111.631070000">
        <ele>988</ele>
      </trkpt>
      <trkpt lat="34.114760000" lon="-111.631080000">
        <ele>987</ele>
      </trkpt>
      <trkpt lat="34.114800000" lon="-111.630880000">
        <ele>987</ele>
      </trkpt>
      <trkpt lat="34.114840000" lon="-111.630790000">
        <ele>987</ele>
      </trkpt>
      <trkpt lat="34.114840000" lon="-111.630630000">
        <ele>987</ele>
      </trkpt>
      <trkpt lat="34.114770000" lon="-111.630500000">
        <ele>988</ele>
      </trkpt>
      <trkpt lat="34.114800000" lon="-111.630390000">
        <ele>990</ele>
      </trkpt>
      <trkpt lat="34.114920000" lon="-111.630250000">
        <ele>996</ele>
      </trkpt>
      <trkpt lat="34.114990000" lon="-111.630130000">
        <ele>1000</ele>
      </trkpt>
      <trkpt lat="34.115100000" lon="-111.630020000">
        <ele>1003</ele>
      </trkpt>
      <trkpt lat="34.115180000" lon="-111.630020000">
        <ele>1003</ele>
      </trkpt>
      <trkpt lat="34.115290000" lon="-111.629980000">
        <ele>1004</ele>
      </trkpt>
      <trkpt lat="34.115310000" lon="-111.630000000">
        <ele>1004</ele>
      </trkpt>
      <trkpt lat="34.115220000" lon="-111.629950000">
        <ele>1005</ele>
      </trkpt>
      <trkpt lat="34.115220000" lon="-111.629920000">
        <ele>1006</ele>
      </trkpt>
      <trkpt lat="34.115270000" lon="-111.629760000">
        <ele>1008</ele>
      </trkpt>
      <trkpt lat="34.115350000" lon="-111.629650000">
        <ele>1010</ele>
      </trkpt>
      <trkpt lat="34.115460000" lon="-111.629350000">
        <ele>1015</ele>
      </trkpt>
      <trkpt lat="34.115420000" lon="-111.629060000">
        <ele>1019</ele>
      </trkpt>
      <trkpt lat="34.115430000" lon="-111.628670000">
        <ele>1023</ele>
      </trkpt>
      <trkpt lat="34.115370000" lon="-111.628380000">
        <ele>1027</ele>
      </trkpt>
      <trkpt lat="34.115440000" lon="-111.628220000">
        <ele>1022</ele>
      </trkpt>
      <trkpt lat="34.115460000" lon="-111.628090000">
        <ele>1025</ele>
      </trkpt>
      <trkpt lat="34.115570000" lon="-111.628100000">
        <ele>1024</ele>
      </trkpt>
      <trkpt lat="34.115590000" lon="-111.628080000">
        <ele>1026</ele>
      </trkpt>
      <trkpt lat="34.115570000" lon="-111.628050000">
        <ele>1027</ele>
      </trkpt>
      <trkpt lat="34.115570000" lon="-111.628020000">
        <ele>1028</ele>
      </trkpt>
      <trkpt lat="34.115600000" lon="-111.628010000">
        <ele>1029</ele>
      </trkpt>
      <trkpt lat="34.115740000" lon="-111.628030000">
        <ele>1029</ele>
      </trkpt>
      <trkpt lat="34.115800000" lon="-111.627990000">
        <ele>1031</ele>
      </trkpt>
      <trkpt lat="34.115910000" lon="-111.628010000">
        <ele>1032</ele>
      </trkpt>
      <trkpt lat="34.115980000" lon="-111.627980000">
        <ele>1035</ele>
      </trkpt>
      <trkpt lat="34.116080000" lon="-111.627980000">
        <ele>1035</ele>
      </trkpt>
      <trkpt lat="34.116380000" lon="-111.627890000">
        <ele>1038</ele>
      </trkpt>
      <trkpt lat="34.116480000" lon="-111.627820000">
        <ele>1040</ele>
      </trkpt>
      <trkpt lat="34.116610000" lon="-111.627830000">
        <ele>1041</ele>
      </trkpt>
      <trkpt lat="34.116650000" lon="-111.627800000">
        <ele>1042</ele>
      </trkpt>
      <trkpt lat="34.116880000" lon="-111.627880000">
        <ele>1045</ele>
      </trkpt>
      <trkpt lat="34.116920000" lon="-111.627920000">
        <ele>1045</ele>
      </trkpt>
      <trkpt lat="34.116920000" lon="-111.627970000">
        <ele>1045</ele>
      </trkpt>
      <trkpt lat="34.116890000" lon="-111.627970000">
        <ele>1044</ele>
      </trkpt>
      <trkpt lat="34.116890000" lon="-111.627700000">
        <ele>1048</ele>
      </trkpt>
      <trkpt lat="34.116910000" lon="-111.627640000">
        <ele>1050</ele>
      </trkpt>
      <trkpt lat="34.117100000" lon="-111.627440000">
        <ele>1059</ele>
      </trkpt>
      <trkpt lat="34.117120000" lon="-111.627430000">
        <ele>1060</ele>
      </trkpt>
      <trkpt lat="34.117150000" lon="-111.627470000">
        <ele>1059</ele>
      </trkpt>
      <trkpt lat="34.117120000" lon="-111.627490000">
        <ele>1058</ele>
      </trkpt>
      <trkpt lat="34.117080000" lon="-111.627450000">
        <ele>1059</ele>
      </trkpt>
      <trkpt lat="34.117210000" lon="-111.627100000">
        <ele>1064</ele>
      </trkpt>
      <trkpt lat="34.117360000" lon="-111.626830000">
        <ele>1064</ele>
      </trkpt>
      <trkpt lat="34.117460000" lon="-111.626720000">
        <ele>1064</ele>
      </trkpt>
      <trkpt lat="34.117520000" lon="-111.626570000">
        <ele>1065</ele>
      </trkpt>
      <trkpt lat="34.117620000" lon="-111.626500000">
        <ele>1062</ele>
      </trkpt>
      <trkpt lat="34.117710000" lon="-111.626370000">
        <ele>1062</ele>
      </trkpt>
      <trkpt lat="34.117820000" lon="-111.626300000">
        <ele>1063</ele>
      </trkpt>
      <trkpt lat="34.117830000" lon="-111.626260000">
        <ele>1065</ele>
      </trkpt>
      <trkpt lat="34.117990000" lon="-111.626120000">
        <ele>1067</ele>
      </trkpt>
      <trkpt lat="34.118070000" lon="-111.625970000">
        <ele>1068</ele>
      </trkpt>
      <trkpt lat="34.118190000" lon="-111.625860000">
        <ele>1066</ele>
      </trkpt>
      <trkpt lat="34.118210000" lon="-111.625760000">
        <ele>1067</ele>
      </trkpt>
      <trkpt lat="34.118340000" lon="-111.625620000">
        <ele>1067</ele>
      </trkpt>
      <trkpt lat="34.118390000" lon="-111.625590000">
        <ele>1066</ele>
      </trkpt>
      <trkpt lat="34.118460000" lon="-111.625500000">
        <ele>1065</ele>
      </trkpt>
      <trkpt lat="34.118560000" lon="-111.625450000">
        <ele>1061</ele>
      </trkpt>
      <trkpt lat="34.118610000" lon="-111.625370000">
        <ele>1061</ele>
      </trkpt>
      <trkpt lat="34.118590000" lon="-111.625320000">
        <ele>1062</ele>
      </trkpt>
      <trkpt lat="34.118610000" lon="-111.625220000">
        <ele>1063</ele>
      </trkpt>
      <trkpt lat="34.118690000" lon="-111.625170000">
        <ele>1061</ele>
      </trkpt>
      <trkpt lat="34.118690000" lon="-111.625030000">
        <ele>1063</ele>
      </trkpt>
      <trkpt lat="34.118710000" lon="-111.625010000">
        <ele>1063</ele>
      </trkpt>
      <trkpt lat="34.118720000" lon="-111.624910000">
        <ele>1065</ele>
      </trkpt>
      <trkpt lat="34.118840000" lon="-111.624730000">
        <ele>1064</ele>
      </trkpt>
      <trkpt lat="34.118800000" lon="-111.624710000">
        <ele>1066</ele>
      </trkpt>
      <trkpt lat="34.118790000" lon="-111.624650000">
        <ele>1067</ele>
      </trkpt>
      <trkpt lat="34.118920000" lon="-111.624600000">
        <ele>1065</ele>
      </trkpt>
      <trkpt lat="34.119030000" lon="-111.624400000">
        <ele>1069</ele>
      </trkpt>
      <trkpt lat="34.119020000" lon="-111.624370000">
        <ele>1071</ele>
      </trkpt>
      <trkpt lat="34.118950000" lon="-111.624390000">
        <ele>1072</ele>
      </trkpt>
      <trkpt lat="34.118880000" lon="-111.624380000">
        <ele>1074</ele>
      </trkpt>
      <trkpt lat="34.118860000" lon="-111.624350000">
        <ele>1075</ele>
      </trkpt>
      <trkpt lat="34.118860000" lon="-111.624240000">
        <ele>1077</ele>
      </trkpt>
      <trkpt lat="34.119020000" lon="-111.623800000">
        <ele>1091</ele>
      </trkpt>
      <trkpt lat="34.119000000" lon="-111.623730000">
        <ele>1092</ele>
      </trkpt>
      <trkpt lat="34.119020000" lon="-111.623620000">
        <ele>1092</ele>
      </trkpt>
      <trkpt lat="34.118960000" lon="-111.623330000">
        <ele>1092</ele>
      </trkpt>
      <trkpt lat="34.118870000" lon="-111.623170000">
        <ele>1093</ele>
      </trkpt>
      <trkpt lat="34.118850000" lon="-111.623070000">
        <ele>1093</ele>
      </trkpt>
      <trkpt lat="34.118710000" lon="-111.622810000">
        <ele>1091</ele>
      </trkpt>
      <trkpt lat="34.118670000" lon="-111.622620000">
        <ele>1090</ele>
      </trkpt>
      <trkpt lat="34.118620000" lon="-111.622570000">
        <ele>1091</ele>
      </trkpt>
      <trkpt lat="34.118680000" lon="-111.622290000">
        <ele>1093</ele>
      </trkpt>
      <trkpt lat="34.118670000" lon="-111.622230000">
        <ele>1094</ele>
      </trkpt>
      <trkpt lat="34.118610000" lon="-111.622200000">
        <ele>1097</ele>
      </trkpt>
      <trkpt lat="34.118590000" lon="-111.622140000">
        <ele>1098</ele>
      </trkpt>
      <trkpt lat="34.118590000" lon="-111.622000000">
        <ele>1099</ele>
      </trkpt>
      <trkpt lat="34.118630000" lon="-111.621900000">
        <ele>1099</ele>
      </trkpt>
      <trkpt lat="34.118640000" lon="-111.621730000">
        <ele>1103</ele>
      </trkpt>
      <trkpt lat="34.118660000" lon="-111.621710000">
        <ele>1102</ele>
      </trkpt>
      <trkpt lat="34.118790000" lon="-111.621700000">
        <ele>1100</ele>
      </trkpt>
      <trkpt lat="34.118840000" lon="-111.621620000">
        <ele>1100</ele>
      </trkpt>
      <trkpt lat="34.118840000" lon="-111.621590000">
        <ele>1100</ele>
      </trkpt>
      <trkpt lat="34.118800000" lon="-111.621550000">
        <ele>1099</ele>
      </trkpt>
      <trkpt lat="34.118570000" lon="-111.621470000">
        <ele>1098</ele>
      </trkpt>
      <trkpt lat="34.118520000" lon="-111.621470000">
        <ele>1099</ele>
      </trkpt>
      <trkpt lat="34.118300000" lon="-111.621250000">
        <ele>1095</ele>
      </trkpt>
      <trkpt lat="34.118180000" lon="-111.621160000">
        <ele>1097</ele>
      </trkpt>
      <trkpt lat="34.118150000" lon="-111.621070000">
        <ele>1097</ele>
      </trkpt>
      <trkpt lat="34.118250000" lon="-111.620980000">
        <ele>1092</ele>
      </trkpt>
      <trkpt lat="34.118280000" lon="-111.620820000">
        <ele>1094</ele>
      </trkpt>
      <trkpt lat="34.118250000" lon="-111.620780000">
        <ele>1095</ele>
      </trkpt>
      <trkpt lat="34.118250000" lon="-111.620740000">
        <ele>1097</ele>
      </trkpt>
      <trkpt lat="34.118330000" lon="-111.620550000">
        <ele>1103</ele>
      </trkpt>
      <trkpt lat="34.118330000" lon="-111.620400000">
        <ele>1111</ele>
      </trkpt>
      <trkpt lat="34.118360000" lon="-111.620380000">
        <ele>1111</ele>
      </trkpt>
      <trkpt lat="34.118380000" lon="-111.620300000">
        <ele>1114</ele>
      </trkpt>
      <trkpt lat="34.118430000" lon="-111.620220000">
        <ele>1117</ele>
      </trkpt>
      <trkpt lat="34.118410000" lon="-111.620170000">
        <ele>1119</ele>
      </trkpt>
      <trkpt lat="34.118340000" lon="-111.620120000">
        <ele>1122</ele>
      </trkpt>
      <trkpt lat="34.118370000" lon="-111.620060000">
        <ele>1123</ele>
      </trkpt>
      <trkpt lat="34.118410000" lon="-111.620030000">
        <ele>1123</ele>
      </trkpt>
      <trkpt lat="34.118430000" lon="-111.619910000">
        <ele>1126</ele>
      </trkpt>
      <trkpt lat="34.118650000" lon="-111.619600000">
        <ele>1132</ele>
      </trkpt>
      <trkpt lat="34.118700000" lon="-111.619450000">
        <ele>1135</ele>
      </trkpt>
      <trkpt lat="34.118720000" lon="-111.619280000">
        <ele>1139</ele>
      </trkpt>
      <trkpt lat="34.118820000" lon="-111.619010000">
        <ele>1142</ele>
      </trkpt>
      <trkpt lat="34.118820000" lon="-111.618920000">
        <ele>1142</ele>
      </trkpt>
      <trkpt lat="34.118780000" lon="-111.618880000">
        <ele>1142</ele>
      </trkpt>
      <trkpt lat="34.118780000" lon="-111.618710000">
        <ele>1141</ele>
      </trkpt>
      <trkpt lat="34.118670000" lon="-111.618520000">
        <ele>1141</ele>
      </trkpt>
      <trkpt lat="34.118490000" lon="-111.618320000">
        <ele>1142</ele>
      </trkpt>
      <trkpt lat="34.118420000" lon="-111.617950000">
        <ele>1142</ele>
      </trkpt>
      <trkpt lat="34.118310000" lon="-111.617760000">
        <ele>1145</ele>
      </trkpt>
      <trkpt lat="34.118330000" lon="-111.617650000">
        <ele>1144</ele>
      </trkpt>
      <trkpt lat="34.118410000" lon="-111.617490000">
        <ele>1142</ele>
      </trkpt>
      <trkpt lat="34.118360000" lon="-111.617260000">
        <ele>1143</ele>
      </trkpt>
      <trkpt lat="34.118310000" lon="-111.617120000">
        <ele>1142</ele>
      </trkpt>
      <trkpt lat="34.118320000" lon="-111.616980000">
        <ele>1140</ele>
      </trkpt>
      <trkpt lat="34.118290000" lon="-111.616880000">
        <ele>1140</ele>
      </trkpt>
      <trkpt lat="34.118300000" lon="-111.616770000">
        <ele>1139</ele>
      </trkpt>
      <trkpt lat="34.118280000" lon="-111.616670000">
        <ele>1138</ele>
      </trkpt>
      <trkpt lat="34.118380000" lon="-111.616490000">
        <ele>1136</ele>
      </trkpt>
      <trkpt lat="34.118460000" lon="-111.616250000">
        <ele>1133</ele>
      </trkpt>
      <trkpt lat="34.118570000" lon="-111.616080000">
        <ele>1131</ele>
      </trkpt>
      <trkpt lat="34.118700000" lon="-111.615710000">
        <ele>1131</ele>
      </trkpt>
      <trkpt lat="34.118660000" lon="-111.615660000">
        <ele>1130</ele>
      </trkpt>
      <trkpt lat="34.118640000" lon="-111.615560000">
        <ele>1130</ele>
      </trkpt>
      <trkpt lat="34.118660000" lon="-111.615370000">
        <ele>1133</ele>
      </trkpt>
      <trkpt lat="34.118560000" lon="-111.614990000">
        <ele>1137</ele>
      </trkpt>
      <trkpt lat="34.118570000" lon="-111.614960000">
        <ele>1137</ele>
      </trkpt>
      <trkpt lat="34.118640000" lon="-111.614890000">
        <ele>1140</ele>
      </trkpt>
      <trkpt lat="34.118700000" lon="-111.614890000">
        <ele>1141</ele>
      </trkpt>
      <trkpt lat="34.118710000" lon="-111.614730000">
        <ele>1143</ele>
      </trkpt>
      <trkpt lat="34.118780000" lon="-111.614670000">
        <ele>1145</ele>
      </trkpt>
      <trkpt lat="34.118770000" lon="-111.614550000">
        <ele>1145</ele>
      </trkpt>
      <trkpt lat="34.118740000" lon="-111.614520000">
        <ele>1145</ele>
      </trkpt>
      <trkpt lat="34.118720000" lon="-111.614450000">
        <ele>1145</ele>
      </trkpt>
      <trkpt lat="34.118750000" lon="-111.614300000">
        <ele>1145</ele>
      </trkpt>
      <trkpt lat="34.118730000" lon="-111.614110000">
        <ele>1146</ele>
      </trkpt>
      <trkpt lat="34.118800000" lon="-111.613940000">
        <ele>1148</ele>
      </trkpt>
      <trkpt lat="34.118880000" lon="-111.613860000">
        <ele>1149</ele>
      </trkpt>
      <trkpt lat="34.118910000" lon="-111.613790000">
        <ele>1151</ele>
      </trkpt>
      <trkpt lat="34.118960000" lon="-111.613520000">
        <ele>1157</ele>
      </trkpt>
      <trkpt lat="34.119040000" lon="-111.613400000">
        <ele>1159</ele>
      </trkpt>
      <trkpt lat="34.119090000" lon="-111.613220000">
        <ele>1161</ele>
      </trkpt>
      <trkpt lat="34.119100000" lon="-111.612960000">
        <ele>1162</ele>
      </trkpt>
      <trkpt lat="34.119300000" lon="-111.612620000">
        <ele>1159</ele>
      </trkpt>
      <trkpt lat="34.119430000" lon="-111.612240000">
        <ele>1160</ele>
      </trkpt>
      <trkpt lat="34.119460000" lon="-111.612040000">
        <ele>1162</ele>
      </trkpt>
      <trkpt lat="34.119540000" lon="-111.611900000">
        <ele>1165</ele>
      </trkpt>
      <trkpt lat="34.119610000" lon="-111.611730000">
        <ele>1169</ele>
      </trkpt>
      <trkpt lat="34.119580000" lon="-111.611570000">
        <ele>1171</ele>
      </trkpt>
      <trkpt lat="34.119630000" lon="-111.611520000">
        <ele>1172</ele>
      </trkpt>
      <trkpt lat="34.119640000" lon="-111.611450000">
        <ele>1172</ele>
      </trkpt>
      <trkpt lat="34.119620000" lon="-111.611390000">
        <ele>1172</ele>
      </trkpt>
      <trkpt lat="34.119650000" lon="-111.611320000">
        <ele>1173</ele>
      </trkpt>
      <trkpt lat="34.119700000" lon="-111.611290000">
        <ele>1173</ele>
      </trkpt>
      <trkpt lat="34.119720000" lon="-111.611200000">
        <ele>1173</ele>
      </trkpt>
      <trkpt lat="34.119670000" lon="-111.611080000">
        <ele>1174</ele>
      </trkpt>
      <trkpt lat="34.119670000" lon="-111.610930000">
        <ele>1175</ele>
      </trkpt>
      <trkpt lat="34.119700000" lon="-111.610880000">
        <ele>1175</ele>
      </trkpt>
      <trkpt lat="34.119670000" lon="-111.610720000">
        <ele>1177</ele>
      </trkpt>
      <trkpt lat="34.119630000" lon="-111.610600000">
        <ele>1179</ele>
      </trkpt>
      <trkpt lat="34.119550000" lon="-111.610470000">
        <ele>1179</ele>
      </trkpt>
      <trkpt lat="34.119520000" lon="-111.610360000">
        <ele>1180</ele>
      </trkpt>
      <trkpt lat="34.119530000" lon="-111.610260000">
        <ele>1183</ele>
      </trkpt>
      <trkpt lat="34.119510000" lon="-111.610160000">
        <ele>1185</ele>
      </trkpt>
      <trkpt lat="34.119450000" lon="-111.610030000">
        <ele>1186</ele>
      </trkpt>
      <trkpt lat="34.119440000" lon="-111.609930000">
        <ele>1188</ele>
      </trkpt>
      <trkpt lat="34.119270000" lon="-111.609580000">
        <ele>1185</ele>
      </trkpt>
      <trkpt lat="34.119250000" lon="-111.609340000">
        <ele>1191</ele>
      </trkpt>
      <trkpt lat="34.119180000" lon="-111.609220000">
        <ele>1192</ele>
      </trkpt>
      <trkpt lat="34.119170000" lon="-111.609100000">
        <ele>1194</ele>
      </trkpt>
      <trkpt lat="34.119050000" lon="-111.608890000">
        <ele>1196</ele>
      </trkpt>
      <trkpt lat="34.119010000" lon="-111.608700000">
        <ele>1199</ele>
      </trkpt>
      <trkpt lat="34.118930000" lon="-111.608540000">
        <ele>1202</ele>
      </trkpt>
      <trkpt lat="34.118940000" lon="-111.608480000">
        <ele>1203</ele>
      </trkpt>
      <trkpt lat="34.118880000" lon="-111.608390000">
        <ele>1204</ele>
      </trkpt>
      <trkpt lat="34.118880000" lon="-111.608240000">
        <ele>1207</ele>
      </trkpt>
      <trkpt lat="34.118830000" lon="-111.608160000">
        <ele>1206</ele>
      </trkpt>
      <trkpt lat="34.118770000" lon="-111.607990000">
        <ele>1207</ele>
      </trkpt>
      <trkpt lat="34.118790000" lon="-111.607910000">
        <ele>1208</ele>
      </trkpt>
      <trkpt lat="34.118750000" lon="-111.607810000">
        <ele>1208</ele>
      </trkpt>
      <trkpt lat="34.118690000" lon="-111.607740000">
        <ele>1207</ele>
      </trkpt>
      <trkpt lat="34.118630000" lon="-111.607570000">
        <ele>1206</ele>
      </trkpt>
      <trkpt lat="34.118630000" lon="-111.607510000">
        <ele>1206</ele>
      </trkpt>
      <trkpt lat="34.118670000" lon="-111.607450000">
        <ele>1207</ele>
      </trkpt>
      <trkpt lat="34.118650000" lon="-111.607360000">
        <ele>1206</ele>
      </trkpt>
      <trkpt lat="34.118680000" lon="-111.607210000">
        <ele>1206</ele>
      </trkpt>
      <trkpt lat="34.118720000" lon="-111.607180000">
        <ele>1207</ele>
      </trkpt>
      <trkpt lat="34.118720000" lon="-111.607120000">
        <ele>1207</ele>
      </trkpt>
      <trkpt lat="34.118780000" lon="-111.607010000">
        <ele>1208</ele>
      </trkpt>
      <trkpt lat="34.118830000" lon="-111.606980000">
        <ele>1209</ele>
      </trkpt>
      <trkpt lat="34.118840000" lon="-111.606930000">
        <ele>1208</ele>
      </trkpt>
      <trkpt lat="34.118880000" lon="-111.606880000">
        <ele>1209</ele>
      </trkpt>
      <trkpt lat="34.118890000" lon="-111.606780000">
        <ele>1209</ele>
      </trkpt>
      <trkpt lat="34.118920000" lon="-111.606720000">
        <ele>1211</ele>
      </trkpt>
      <trkpt lat="34.118870000" lon="-111.606620000">
        <ele>1213</ele>
      </trkpt>
      <trkpt lat="34.118820000" lon="-111.606590000">
        <ele>1213</ele>
      </trkpt>
      <trkpt lat="34.118760000" lon="-111.606570000">
        <ele>1213</ele>
      </trkpt>
      <trkpt lat="34.118720000" lon="-111.606600000">
        <ele>1211</ele>
      </trkpt>
      <trkpt lat="34.118700000" lon="-111.606580000">
        <ele>1211</ele>
      </trkpt>
      <trkpt lat="34.118650000" lon="-111.606420000">
        <ele>1217</ele>
      </trkpt>
      <trkpt lat="34.118690000" lon="-111.606350000">
        <ele>1219</ele>
      </trkpt>
      <trkpt lat="34.118690000" lon="-111.606290000">
        <ele>1219</ele>
      </trkpt>
      <trkpt lat="34.118640000" lon="-111.606190000">
        <ele>1219</ele>
      </trkpt>
      <trkpt lat="34.118630000" lon="-111.606080000">
        <ele>1219</ele>
      </trkpt>
      <trkpt lat="34.118570000" lon="-111.605920000">
        <ele>1217</ele>
      </trkpt>
      <trkpt lat="34.118630000" lon="-111.605730000">
        <ele>1221</ele>
      </trkpt>
      <trkpt lat="34.118550000" lon="-111.605630000">
        <ele>1220</ele>
      </trkpt>
      <trkpt lat="34.118460000" lon="-111.605420000">
        <ele>1216</ele>
      </trkpt>
      <trkpt lat="34.118520000" lon="-111.605430000">
        <ele>1217</ele>
      </trkpt>
      <trkpt lat="34.118550000" lon="-111.605400000">
        <ele>1217</ele>
      </trkpt>
      <trkpt lat="34.118630000" lon="-111.605240000">
        <ele>1218</ele>
      </trkpt>
      <trkpt lat="34.118630000" lon="-111.605210000">
        <ele>1219</ele>
      </trkpt>
      <trkpt lat="34.118740000" lon="-111.605100000">
        <ele>1222</ele>
      </trkpt>
      <trkpt lat="34.118740000" lon="-111.605070000">
        <ele>1222</ele>
      </trkpt>
      <trkpt lat="34.118790000" lon="-111.605050000">
        <ele>1224</ele>
      </trkpt>
      <trkpt lat="34.118710000" lon="-111.604980000">
        <ele>1224</ele>
      </trkpt>
      <trkpt lat="34.118710000" lon="-111.604910000">
        <ele>1227</ele>
      </trkpt>
      <trkpt lat="34.118790000" lon="-111.604800000">
        <ele>1230</ele>
      </trkpt>
      <trkpt lat="34.118740000" lon="-111.604670000">
        <ele>1232</ele>
      </trkpt>
      <trkpt lat="34.118860000" lon="-111.604560000">
        <ele>1233</ele>
      </trkpt>
      <trkpt lat="34.118890000" lon="-111.604510000">
        <ele>1234</ele>
      </trkpt>
      <trkpt lat="34.118880000" lon="-111.604480000">
        <ele>1235</ele>
      </trkpt>
      <trkpt lat="34.118930000" lon="-111.604460000">
        <ele>1236</ele>
      </trkpt>
      <trkpt lat="34.118980000" lon="-111.604360000">
        <ele>1240</ele>
      </trkpt>
      <trkpt lat="34.119090000" lon="-111.604240000">
        <ele>1244</ele>
      </trkpt>
      <trkpt lat="34.119120000" lon="-111.604160000">
        <ele>1245</ele>
      </trkpt>
      <trkpt lat="34.119020000" lon="-111.604010000">
        <ele>1250</ele>
      </trkpt>
      <trkpt lat="34.118830000" lon="-111.603950000">
        <ele>1252</ele>
      </trkpt>
      <trkpt lat="34.118700000" lon="-111.603800000">
        <ele>1255</ele>
      </trkpt>
      <trkpt lat="34.118610000" lon="-111.603730000">
        <ele>1256</ele>
      </trkpt>
      <trkpt lat="34.118540000" lon="-111.603550000">
        <ele>1260</ele>
      </trkpt>
      <trkpt lat="34.118540000" lon="-111.603430000">
        <ele>1264</ele>
      </trkpt>
      <trkpt lat="34.118450000" lon="-111.603280000">
        <ele>1267</ele>
      </trkpt>
      <trkpt lat="34.118300000" lon="-111.603200000">
        <ele>1269</ele>
      </trkpt>
      <trkpt lat="34.118300000" lon="-111.603160000">
        <ele>1270</ele>
      </trkpt>
      <trkpt lat="34.118270000" lon="-111.603150000">
        <ele>1271</ele>
      </trkpt>
      <trkpt lat="34.118190000" lon="-111.603210000">
        <ele>1269</ele>
      </trkpt>
      <trkpt lat="34.118160000" lon="-111.603200000">
        <ele>1269</ele>
      </trkpt>
      <trkpt lat="34.117930000" lon="-111.603030000">
        <ele>1279</ele>
      </trkpt>
      <trkpt lat="34.117670000" lon="-111.603080000">
        <ele>1284</ele>
      </trkpt>
      <trkpt lat="34.117420000" lon="-111.603180000">
        <ele>1290</ele>
      </trkpt>
      <trkpt lat="34.117330000" lon="-111.603270000">
        <ele>1290</ele>
      </trkpt>
      <trkpt lat="34.117210000" lon="-111.603340000">
        <ele>1291</ele>
      </trkpt>
      <trkpt lat="34.117070000" lon="-111.603450000">
        <ele>1294</ele>
      </trkpt>
      <trkpt lat="34.116920000" lon="-111.603510000">
        <ele>1297</ele>
      </trkpt>
      <trkpt lat="34.116820000" lon="-111.603530000">
        <ele>1299</ele>
      </trkpt>
      <trkpt lat="34.116760000" lon="-111.603650000">
        <ele>1299</ele>
      </trkpt>
      <trkpt lat="34.116610000" lon="-111.603820000">
        <ele>1300</ele>
      </trkpt>
      <trkpt lat="34.116480000" lon="-111.603920000">
        <ele>1302</ele>
      </trkpt>
      <trkpt lat="34.116360000" lon="-111.604060000">
        <ele>1304</ele>
      </trkpt>
      <trkpt lat="34.116330000" lon="-111.604050000">
        <ele>1304</ele>
      </trkpt>
      <trkpt lat="34.116180000" lon="-111.603930000">
        <ele>1306</ele>
      </trkpt>
      <trkpt lat="34.116110000" lon="-111.603830000">
        <ele>1307</ele>
      </trkpt>
      <trkpt lat="34.116060000" lon="-111.603690000">
        <ele>1308</ele>
      </trkpt>
      <trkpt lat="34.116070000" lon="-111.603600000">
        <ele>1309</ele>
      </trkpt>
      <trkpt lat="34.116010000" lon="-111.603350000">
        <ele>1311</ele>
      </trkpt>
      <trkpt lat="34.115950000" lon="-111.603210000">
        <ele>1312</ele>
      </trkpt>
      <trkpt lat="34.115970000" lon="-111.602960000">
        <ele>1312</ele>
      </trkpt>
      <trkpt lat="34.116040000" lon="-111.602830000">
        <ele>1311</ele>
      </trkpt>
      <trkpt lat="34.115980000" lon="-111.602520000">
        <ele>1307</ele>
      </trkpt>
      <trkpt lat="34.115980000" lon="-111.602390000">
        <ele>1306</ele>
      </trkpt>
      <trkpt lat="34.116100000" lon="-111.602190000">
        <ele>1303</ele>
      </trkpt>
      <trkpt lat="34.116090000" lon="-111.602150000">
        <ele>1302</ele>
      </trkpt>
      <trkpt lat="34.116170000" lon="-111.602000000">
        <ele>1298</ele>
      </trkpt>
      <trkpt lat="34.116210000" lon="-111.601790000">
        <ele>1293</ele>
      </trkpt>
      <trkpt lat="34.116280000" lon="-111.601670000">
        <ele>1292</ele>
      </trkpt>
      <trkpt lat="34.116270000" lon="-111.601530000">
        <ele>1290</ele>
      </trkpt>
      <trkpt lat="34.116340000" lon="-111.601460000">
        <ele>1289</ele>
      </trkpt>
      <trkpt lat="34.116410000" lon="-111.601290000">
        <ele>1288</ele>
      </trkpt>
      <trkpt lat="34.116490000" lon="-111.601200000">
        <ele>1288</ele>
      </trkpt>
      <trkpt lat="34.116590000" lon="-111.600970000">
        <ele>1288</ele>
      </trkpt>
      <trkpt lat="34.116690000" lon="-111.600890000">
        <ele>1289</ele>
      </trkpt>
      <trkpt lat="34.116760000" lon="-111.600770000">
        <ele>1289</ele>
      </trkpt>
      <trkpt lat="34.116760000" lon="-111.600730000">
        <ele>1288</ele>
      </trkpt>
      <trkpt lat="34.116680000" lon="-111.600650000">
        <ele>1285</ele>
      </trkpt>
      <trkpt lat="34.116750000" lon="-111.600470000">
        <ele>1287</ele>
      </trkpt>
      <trkpt lat="34.116740000" lon="-111.600420000">
        <ele>1287</ele>
      </trkpt>
      <trkpt lat="34.116700000" lon="-111.600370000">
        <ele>1286</ele>
      </trkpt>
      <trkpt lat="34.116630000" lon="-111.600350000">
        <ele>1286</ele>
      </trkpt>
      <trkpt lat="34.116620000" lon="-111.600230000">
        <ele>1287</ele>
      </trkpt>
      <trkpt lat="34.116510000" lon="-111.600190000">
        <ele>1288</ele>
      </trkpt>
      <trkpt lat="34.116440000" lon="-111.600130000">
        <ele>1288</ele>
      </trkpt>
      <trkpt lat="34.116440000" lon="-111.599780000">
        <ele>1292</ele>
      </trkpt>
      <trkpt lat="34.116170000" lon="-111.599470000">
        <ele>1297</ele>
      </trkpt>
      <trkpt lat="34.116180000" lon="-111.599270000">
        <ele>1301</ele>
      </trkpt>
      <trkpt lat="34.116210000" lon="-111.599100000">
        <ele>1303</ele>
      </trkpt>
      <trkpt lat="34.116180000" lon="-111.598990000">
        <ele>1305</ele>
      </trkpt>
      <trkpt lat="34.116200000" lon="-111.598850000">
        <ele>1307</ele>
      </trkpt>
      <trkpt lat="34.116030000" lon="-111.598710000">
        <ele>1309</ele>
      </trkpt>
      <trkpt lat="34.115970000" lon="-111.598690000">
        <ele>1309</ele>
      </trkpt>
      <trkpt lat="34.115750000" lon="-111.598680000">
        <ele>1309</ele>
      </trkpt>
      <trkpt lat="34.115580000" lon="-111.598530000">
        <ele>1310</ele>
      </trkpt>
      <trkpt lat="34.115540000" lon="-111.598360000">
        <ele>1311</ele>
      </trkpt>
      <trkpt lat="34.115600000" lon="-111.598190000">
        <ele>1313</ele>
      </trkpt>
      <trkpt lat="34.115570000" lon="-111.598090000">
        <ele>1312</ele>
      </trkpt>
      <trkpt lat="34.115570000" lon="-111.597980000">
        <ele>1311</ele>
      </trkpt>
      <trkpt lat="34.115610000" lon="-111.597880000">
        <ele>1312</ele>
      </trkpt>
      <trkpt lat="34.115710000" lon="-111.597760000">
        <ele>1313</ele>
      </trkpt>
      <trkpt lat="34.115760000" lon="-111.597650000">
        <ele>1311</ele>
      </trkpt>
      <trkpt lat="34.115780000" lon="-111.597470000">
        <ele>1306</ele>
      </trkpt>
      <trkpt lat="34.115740000" lon="-111.597350000">
        <ele>1305</ele>
      </trkpt>
      <trkpt lat="34.115650000" lon="-111.597270000">
        <ele>1304</ele>
      </trkpt>
      <trkpt lat="34.115610000" lon="-111.597190000">
        <ele>1306</ele>
      </trkpt>
      <trkpt lat="34.115520000" lon="-111.597160000">
        <ele>1304</ele>
      </trkpt>
      <trkpt lat="34.115420000" lon="-111.597080000">
        <ele>1303</ele>
      </trkpt>
      <trkpt lat="34.115350000" lon="-111.596870000">
        <ele>1304</ele>
      </trkpt>
      <trkpt lat="34.115220000" lon="-111.596670000">
        <ele>1302</ele>
      </trkpt>
      <trkpt lat="34.115020000" lon="-111.596710000">
        <ele>1299</ele>
      </trkpt>
      <trkpt lat="34.114880000" lon="-111.596690000">
        <ele>1299</ele>
      </trkpt>
      <trkpt lat="34.114590000" lon="-111.596520000">
        <ele>1303</ele>
      </trkpt>
      <trkpt lat="34.114490000" lon="-111.596480000">
        <ele>1304</ele>
      </trkpt>
      <trkpt lat="34.114270000" lon="-111.596510000">
        <ele>1304</ele>
      </trkpt>
      <trkpt lat="34.114210000" lon="-111.596490000">
        <ele>1304</ele>
      </trkpt>
      <trkpt lat="34.114170000" lon="-111.596530000">
        <ele>1303</ele>
      </trkpt>
      <trkpt lat="34.114110000" lon="-111.596540000">
        <ele>1303</ele>
      </trkpt>
      <trkpt lat="34.113970000" lon="-111.596510000">
        <ele>1304</ele>
      </trkpt>
      <trkpt lat="34.113850000" lon="-111.596510000">
        <ele>1304</ele>
      </trkpt>
      <trkpt lat="34.113750000" lon="-111.596470000">
        <ele>1305</ele>
      </trkpt>
      <trkpt lat="34.113690000" lon="-111.596500000">
        <ele>1306</ele>
      </trkpt>
      <trkpt lat="34.113620000" lon="-111.596510000">
        <ele>1307</ele>
      </trkpt>
      <trkpt lat="34.113560000" lon="-111.596570000">
        <ele>1307</ele>
      </trkpt>
      <trkpt lat="34.113330000" lon="-111.596620000">
        <ele>1308</ele>
      </trkpt>
      <trkpt lat="34.113240000" lon="-111.596660000">
        <ele>1308</ele>
      </trkpt>
      <trkpt lat="34.113190000" lon="-111.596660000">
        <ele>1308</ele>
      </trkpt>
      <trkpt lat="34.113050000" lon="-111.596730000">
        <ele>1307</ele>
      </trkpt>
      <trkpt lat="34.112950000" lon="-111.596720000">
        <ele>1306</ele>
      </trkpt>
      <trkpt lat="34.112690000" lon="-111.596760000">
        <ele>1303</ele>
      </trkpt>
      <trkpt lat="34.112470000" lon="-111.596720000">
        <ele>1302</ele>
      </trkpt>
      <trkpt lat="34.112200000" lon="-111.596530000">
        <ele>1303</ele>
      </trkpt>
      <trkpt lat="34.111980000" lon="-111.596320000">
        <ele>1306</ele>
      </trkpt>
      <trkpt lat="34.111850000" lon="-111.596230000">
        <ele>1308</ele>
      </trkpt>
      <trkpt lat="34.111780000" lon="-111.596090000">
        <ele>1312</ele>
      </trkpt>
      <trkpt lat="34.111780000" lon="-111.595870000">
        <ele>1314</ele>
      </trkpt>
      <trkpt lat="34.111720000" lon="-111.595580000">
        <ele>1316</ele>
      </trkpt>
      <trkpt lat="34.111650000" lon="-111.595500000">
        <ele>1316</ele>
      </trkpt>
      <trkpt lat="34.111590000" lon="-111.595380000">
        <ele>1316</ele>
      </trkpt>
      <trkpt lat="34.111450000" lon="-111.595300000">
        <ele>1316</ele>
      </trkpt>
      <trkpt lat="34.111370000" lon="-111.595280000">
        <ele>1317</ele>
      </trkpt>
      <trkpt lat="34.111230000" lon="-111.595170000">
        <ele>1317</ele>
      </trkpt>
      <trkpt lat="34.111170000" lon="-111.595160000">
        <ele>1317</ele>
      </trkpt>
      <trkpt lat="34.110920000" lon="-111.595260000">
        <ele>1318</ele>
      </trkpt>
      <trkpt lat="34.110760000" lon="-111.595270000">
        <ele>1317</ele>
      </trkpt>
      <trkpt lat="34.110620000" lon="-111.595380000">
        <ele>1317</ele>
      </trkpt>
      <trkpt lat="34.110460000" lon="-111.595430000">
        <ele>1316</ele>
      </trkpt>
      <trkpt lat="34.110270000" lon="-111.595430000">
        <ele>1314</ele>
      </trkpt>
      <trkpt lat="34.110150000" lon="-111.595500000">
        <ele>1313</ele>
      </trkpt>
      <trkpt lat="34.109860000" lon="-111.595510000">
        <ele>1310</ele>
      </trkpt>
      <trkpt lat="34.109570000" lon="-111.595380000">
        <ele>1305</ele>
      </trkpt>
      <trkpt lat="34.109490000" lon="-111.595360000">
        <ele>1304</ele>
      </trkpt>
      <trkpt lat="34.109360000" lon="-111.595220000">
        <ele>1301</ele>
      </trkpt>
      <trkpt lat="34.109330000" lon="-111.595160000">
        <ele>1300</ele>
      </trkpt>
      <trkpt lat="34.109270000" lon="-111.595130000">
        <ele>1299</ele>
      </trkpt>
      <trkpt lat="34.109220000" lon="-111.595150000">
        <ele>1299</ele>
      </trkpt>
      <trkpt lat="34.109060000" lon="-111.595130000">
        <ele>1296</ele>
      </trkpt>
      <trkpt lat="34.109030000" lon="-111.595150000">
        <ele>1295</ele>
      </trkpt>
      <trkpt lat="34.108910000" lon="-111.595090000">
        <ele>1292</ele>
      </trkpt>
      <trkpt lat="34.108570000" lon="-111.595140000">
        <ele>1286</ele>
      </trkpt>
      <trkpt lat="34.108500000" lon="-111.595120000">
        <ele>1284</ele>
      </trkpt>
      <trkpt lat="34.108440000" lon="-111.595070000">
        <ele>1282</ele>
      </trkpt>
      <trkpt lat="34.108270000" lon="-111.595020000">
        <ele>1279</ele>
      </trkpt>
      <trkpt lat="34.108230000" lon="-111.594980000">
        <ele>1279</ele>
      </trkpt>
      <trkpt lat="34.108010000" lon="-111.594950000">
        <ele>1277</ele>
      </trkpt>
      <trkpt lat="34.107860000" lon="-111.594880000">
        <ele>1273</ele>
      </trkpt>
      <trkpt lat="34.107820000" lon="-111.594830000">
        <ele>1272</ele>
      </trkpt>
      <trkpt lat="34.107810000" lon="-111.594730000">
        <ele>1270</ele>
      </trkpt>
      <trkpt lat="34.107780000" lon="-111.594680000">
        <ele>1269</ele>
      </trkpt>
      <trkpt lat="34.107870000" lon="-111.594560000">
        <ele>1267</ele>
      </trkpt>
      <trkpt lat="34.107960000" lon="-111.594490000">
        <ele>1267</ele>
      </trkpt>
      <trkpt lat="34.107870000" lon="-111.594470000">
        <ele>1265</ele>
      </trkpt>
      <trkpt lat="34.107820000" lon="-111.594410000">
        <ele>1264</ele>
      </trkpt>
      <trkpt lat="34.107710000" lon="-111.594370000">
        <ele>1261</ele>
      </trkpt>
      <trkpt lat="34.107660000" lon="-111.594280000">
        <ele>1259</ele>
      </trkpt>
      <trkpt lat="34.107650000" lon="-111.594170000">
        <ele>1257</ele>
      </trkpt>
      <trkpt lat="34.107680000" lon="-111.594130000">
        <ele>1256</ele>
      </trkpt>
      <trkpt lat="34.107630000" lon="-111.593890000">
        <ele>1252</ele>
      </trkpt>
      <trkpt lat="34.107690000" lon="-111.593810000">
        <ele>1250</ele>
      </trkpt>
      <trkpt lat="34.107620000" lon="-111.593620000">
        <ele>1243</ele>
      </trkpt>
      <trkpt lat="34.107680000" lon="-111.593620000">
        <ele>1244</ele>
      </trkpt>
      <trkpt lat="34.107770000" lon="-111.593520000">
        <ele>1241</ele>
      </trkpt>
      <trkpt lat="34.107770000" lon="-111.593480000">
        <ele>1240</ele>
      </trkpt>
      <trkpt lat="34.107820000" lon="-111.593450000">
        <ele>1239</ele>
      </trkpt>
      <trkpt lat="34.108030000" lon="-111.593510000">
        <ele>1238</ele>
      </trkpt>
      <trkpt lat="34.108160000" lon="-111.593430000">
        <ele>1235</ele>
      </trkpt>
      <trkpt lat="34.108230000" lon="-111.593330000">
        <ele>1233</ele>
      </trkpt>
      <trkpt lat="34.108390000" lon="-111.593260000">
        <ele>1234</ele>
      </trkpt>
      <trkpt lat="34.108450000" lon="-111.593200000">
        <ele>1233</ele>
      </trkpt>
      <trkpt lat="34.108510000" lon="-111.593170000">
        <ele>1232</ele>
      </trkpt>
      <trkpt lat="34.108570000" lon="-111.593090000">
        <ele>1230</ele>
      </trkpt>
      <trkpt lat="34.108890000" lon="-111.592940000">
        <ele>1227</ele>
      </trkpt>
      <trkpt lat="34.108970000" lon="-111.592880000">
        <ele>1225</ele>
      </trkpt>
      <trkpt lat="34.109000000" lon="-111.592730000">
        <ele>1221</ele>
      </trkpt>
      <trkpt lat="34.109140000" lon="-111.592640000">
        <ele>1221</ele>
      </trkpt>
      <trkpt lat="34.109210000" lon="-111.592500000">
        <ele>1219</ele>
      </trkpt>
      <trkpt lat="34.109250000" lon="-111.592490000">
        <ele>1220</ele>
      </trkpt>
      <trkpt lat="34.109400000" lon="-111.592370000">
        <ele>1220</ele>
      </trkpt>
      <trkpt lat="34.109440000" lon="-111.592260000">
        <ele>1218</ele>
      </trkpt>
      <trkpt lat="34.109520000" lon="-111.592250000">
        <ele>1219</ele>
      </trkpt>
      <trkpt lat="34.109550000" lon="-111.592180000">
        <ele>1218</ele>
      </trkpt>
      <trkpt lat="34.109680000" lon="-111.592170000">
        <ele>1219</ele>
      </trkpt>
      <trkpt lat="34.109720000" lon="-111.592120000">
        <ele>1219</ele>
      </trkpt>
      <trkpt lat="34.109690000" lon="-111.592030000">
        <ele>1218</ele>
      </trkpt>
      <trkpt lat="34.109700000" lon="-111.592010000">
        <ele>1218</ele>
      </trkpt>
      <trkpt lat="34.109680000" lon="-111.591920000">
        <ele>1218</ele>
      </trkpt>
      <trkpt lat="34.109690000" lon="-111.591850000">
        <ele>1219</ele>
      </trkpt>
      <trkpt lat="34.109750000" lon="-111.591750000">
        <ele>1219</ele>
      </trkpt>
      <trkpt lat="34.109730000" lon="-111.591690000">
        <ele>1219</ele>
      </trkpt>
      <trkpt lat="34.109770000" lon="-111.591640000">
        <ele>1220</ele>
      </trkpt>
      <trkpt lat="34.109820000" lon="-111.591480000">
        <ele>1220</ele>
      </trkpt>
      <trkpt lat="34.109870000" lon="-111.591410000">
        <ele>1221</ele>
      </trkpt>
      <trkpt lat="34.109870000" lon="-111.591300000">
        <ele>1222</ele>
      </trkpt>
      <trkpt lat="34.109910000" lon="-111.591230000">
        <ele>1223</ele>
      </trkpt>
      <trkpt lat="34.109880000" lon="-111.591170000">
        <ele>1223</ele>
      </trkpt>
      <trkpt lat="34.109880000" lon="-111.591010000">
        <ele>1225</ele>
      </trkpt>
      <trkpt lat="34.109980000" lon="-111.590810000">
        <ele>1227</ele>
      </trkpt>
      <trkpt lat="34.110020000" lon="-111.590770000">
        <ele>1228</ele>
      </trkpt>
      <trkpt lat="34.110070000" lon="-111.590660000">
        <ele>1229</ele>
      </trkpt>
      <trkpt lat="34.110170000" lon="-111.590560000">
        <ele>1231</ele>
      </trkpt>
      <trkpt lat="34.110160000" lon="-111.590490000">
        <ele>1232</ele>
      </trkpt>
      <trkpt lat="34.110190000" lon="-111.590430000">
        <ele>1232</ele>
      </trkpt>
      <trkpt lat="34.110260000" lon="-111.590300000">
        <ele>1234</ele>
      </trkpt>
      <trkpt lat="34.110330000" lon="-111.590200000">
        <ele>1237</ele>
      </trkpt>
      <trkpt lat="34.110340000" lon="-111.590010000">
        <ele>1240</ele>
      </trkpt>
      <trkpt lat="34.110240000" lon="-111.589800000">
        <ele>1244</ele>
      </trkpt>
      <trkpt lat="34.110150000" lon="-111.589510000">
        <ele>1246</ele>
      </trkpt>
      <trkpt lat="34.110110000" lon="-111.589450000">
        <ele>1245</ele>
      </trkpt>
      <trkpt lat="34.110080000" lon="-111.589290000">
        <ele>1244</ele>
      </trkpt>
      <trkpt lat="34.110110000" lon="-111.589020000">
        <ele>1248</ele>
      </trkpt>
      <trkpt lat="34.110180000" lon="-111.588900000">
        <ele>1253</ele>
      </trkpt>
      <trkpt lat="34.110220000" lon="-111.588850000">
        <ele>1256</ele>
      </trkpt>
      <trkpt lat="34.110220000" lon="-111.588820000">
        <ele>1255</ele>
      </trkpt>
      <trkpt lat="34.110320000" lon="-111.588710000">
        <ele>1257</ele>
      </trkpt>
      <trkpt lat="34.110330000" lon="-111.588640000">
        <ele>1256</ele>
      </trkpt>
      <trkpt lat="34.110380000" lon="-111.588540000">
        <ele>1258</ele>
      </trkpt>
      <trkpt lat="34.110490000" lon="-111.588480000">
        <ele>1264</ele>
      </trkpt>
      <trkpt lat="34.110550000" lon="-111.588330000">
        <ele>1267</ele>
      </trkpt>
      <trkpt lat="34.110660000" lon="-111.588160000">
        <ele>1270</ele>
      </trkpt>
      <trkpt lat="34.110710000" lon="-111.587930000">
        <ele>1273</ele>
      </trkpt>
      <trkpt lat="34.110720000" lon="-111.587800000">
        <ele>1275</ele>
      </trkpt>
      <trkpt lat="34.110750000" lon="-111.587790000">
        <ele>1277</ele>
      </trkpt>
      <trkpt lat="34.110810000" lon="-111.587970000">
        <ele>1280</ele>
      </trkpt>
      <trkpt lat="34.110800000" lon="-111.587900000">
        <ele>1280</ele>
      </trkpt>
      <trkpt lat="34.110840000" lon="-111.587820000">
        <ele>1283</ele>
      </trkpt>
      <trkpt lat="34.110870000" lon="-111.587660000">
        <ele>1286</ele>
      </trkpt>
      <trkpt lat="34.110850000" lon="-111.587580000">
        <ele>1285</ele>
      </trkpt>
      <trkpt lat="34.110900000" lon="-111.587520000">
        <ele>1288</ele>
      </trkpt>
      <trkpt lat="34.110930000" lon="-111.587380000">
        <ele>1290</ele>
      </trkpt>
      <trkpt lat="34.110970000" lon="-111.587350000">
        <ele>1292</ele>
      </trkpt>
      <trkpt lat="34.111010000" lon="-111.587270000">
        <ele>1295</ele>
      </trkpt>
      <trkpt lat="34.111070000" lon="-111.586970000">
        <ele>1298</ele>
      </trkpt>
      <trkpt lat="34.111130000" lon="-111.586890000">
        <ele>1301</ele>
      </trkpt>
      <trkpt lat="34.111150000" lon="-111.586790000">
        <ele>1301</ele>
      </trkpt>
      <trkpt lat="34.111220000" lon="-111.586660000">
        <ele>1306</ele>
      </trkpt>
      <trkpt lat="34.111220000" lon="-111.586550000">
        <ele>1306</ele>
      </trkpt>
      <trkpt lat="34.111140000" lon="-111.586480000">
        <ele>1302</ele>
      </trkpt>
      <trkpt lat="34.111260000" lon="-111.586140000">
        <ele>1314</ele>
      </trkpt>
      <trkpt lat="34.111360000" lon="-111.585680000">
        <ele>1320</ele>
      </trkpt>
      <trkpt lat="34.111390000" lon="-111.585620000">
        <ele>1322</ele>
      </trkpt>
      <trkpt lat="34.111440000" lon="-111.585570000">
        <ele>1324</ele>
      </trkpt>
      <trkpt lat="34.111500000" lon="-111.585380000">
        <ele>1328</ele>
      </trkpt>
      <trkpt lat="34.111480000" lon="-111.585320000">
        <ele>1327</ele>
      </trkpt>
      <trkpt lat="34.111610000" lon="-111.585100000">
        <ele>1335</ele>
      </trkpt>
      <trkpt lat="34.111620000" lon="-111.584830000">
        <ele>1338</ele>
      </trkpt>
      <trkpt lat="34.111680000" lon="-111.584650000">
        <ele>1341</ele>
      </trkpt>
      <trkpt lat="34.111660000" lon="-111.584570000">
        <ele>1339</ele>
      </trkpt>
      <trkpt lat="34.111680000" lon="-111.584240000">
        <ele>1345</ele>
      </trkpt>
      <trkpt lat="34.111670000" lon="-111.584100000">
        <ele>1350</ele>
      </trkpt>
      <trkpt lat="34.111490000" lon="-111.583890000">
        <ele>1352</ele>
      </trkpt>
      <trkpt lat="34.111420000" lon="-111.583700000">
        <ele>1353</ele>
      </trkpt>
      <trkpt lat="34.111440000" lon="-111.583660000">
        <ele>1354</ele>
      </trkpt>
      <trkpt lat="34.111500000" lon="-111.583670000">
        <ele>1357</ele>
      </trkpt>
      <trkpt lat="34.111640000" lon="-111.583740000">
        <ele>1361</ele>
      </trkpt>
      <trkpt lat="34.111680000" lon="-111.583780000">
        <ele>1362</ele>
      </trkpt>
      <trkpt lat="34.111920000" lon="-111.583860000">
        <ele>1369</ele>
      </trkpt>
      <trkpt lat="34.112000000" lon="-111.583940000">
        <ele>1370</ele>
      </trkpt>
      <trkpt lat="34.112100000" lon="-111.584100000">
        <ele>1370</ele>
      </trkpt>
      <trkpt lat="34.112100000" lon="-111.584050000">
        <ele>1372</ele>
      </trkpt>
      <trkpt lat="34.112080000" lon="-111.583930000">
        <ele>1373</ele>
      </trkpt>
      <trkpt lat="34.112080000" lon="-111.583790000">
        <ele>1376</ele>
      </trkpt>
      <trkpt lat="34.111990000" lon="-111.583580000">
        <ele>1381</ele>
      </trkpt>
      <trkpt lat="34.112010000" lon="-111.583520000">
        <ele>1383</ele>
      </trkpt>
      <trkpt lat="34.111960000" lon="-111.583320000">
        <ele>1385</ele>
      </trkpt>
      <trkpt lat="34.111940000" lon="-111.582980000">
        <ele>1389</ele>
      </trkpt>
      <trkpt lat="34.111910000" lon="-111.582890000">
        <ele>1388</ele>
      </trkpt>
      <trkpt lat="34.111880000" lon="-111.582660000">
        <ele>1391</ele>
      </trkpt>
      <trkpt lat="34.111900000" lon="-111.582260000">
        <ele>1402</ele>
      </trkpt>
      <trkpt lat="34.111890000" lon="-111.582120000">
        <ele>1405</ele>
      </trkpt>
      <trkpt lat="34.111840000" lon="-111.581940000">
        <ele>1407</ele>
      </trkpt>
      <trkpt lat="34.111860000" lon="-111.581570000">
        <ele>1417</ele>
      </trkpt>
      <trkpt lat="34.111830000" lon="-111.581440000">
        <ele>1419</ele>
      </trkpt>
      <trkpt lat="34.111820000" lon="-111.580980000">
        <ele>1427</ele>
      </trkpt>
      <trkpt lat="34.111900000" lon="-111.580730000">
        <ele>1432</ele>
      </trkpt>
      <trkpt lat="34.111980000" lon="-111.580580000">
        <ele>1434</ele>
      </trkpt>
      <trkpt lat="34.112040000" lon="-111.580410000">
        <ele>1435</ele>
      </trkpt>
      <trkpt lat="34.112110000" lon="-111.580340000">
        <ele>1436</ele>
      </trkpt>
      <trkpt lat="34.112110000" lon="-111.580380000">
        <ele>1436</ele>
      </trkpt>
      <trkpt lat="34.112020000" lon="-111.580430000">
        <ele>1435</ele>
      </trkpt>
      <trkpt lat="34.112030000" lon="-111.580400000">
        <ele>1435</ele>
      </trkpt>
      <trkpt lat="34.112060000" lon="-111.580410000">
        <ele>1435</ele>
      </trkpt>
      <trkpt lat="34.112080000" lon="-111.580380000">
        <ele>1436</ele>
      </trkpt>
      <trkpt lat="34.112060000" lon="-111.580350000">
        <ele>1436</ele>
      </trkpt>
      <trkpt lat="34.112080000" lon="-111.580290000">
        <ele>1436</ele>
      </trkpt>
      <trkpt lat="34.112150000" lon="-111.580170000">
        <ele>1437</ele>
      </trkpt>
      <trkpt lat="34.112120000" lon="-111.579900000">
        <ele>1438</ele>
      </trkpt>
      <trkpt lat="34.112200000" lon="-111.579740000">
        <ele>1439</ele>
      </trkpt>
      <trkpt lat="34.112200000" lon="-111.579670000">
        <ele>1440</ele>
      </trkpt>
      <trkpt lat="34.112120000" lon="-111.579570000">
        <ele>1441</ele>
      </trkpt>
      <trkpt lat="34.112060000" lon="-111.579440000">
        <ele>1444</ele>
      </trkpt>
      <trkpt lat="34.112050000" lon="-111.579340000">
        <ele>1446</ele>
      </trkpt>
      <trkpt lat="34.111910000" lon="-111.579200000">
        <ele>1448</ele>
      </trkpt>
      <trkpt lat="34.111870000" lon="-111.578940000">
        <ele>1452</ele>
      </trkpt>
      <trkpt lat="34.111840000" lon="-111.578600000">
        <ele>1456</ele>
      </trkpt>
      <trkpt lat="34.111710000" lon="-111.578420000">
        <ele>1456</ele>
      </trkpt>
      <trkpt lat="34.111590000" lon="-111.578320000">
        <ele>1456</ele>
      </trkpt>
      <trkpt lat="34.111580000" lon="-111.578210000">
        <ele>1456</ele>
      </trkpt>
      <trkpt lat="34.111400000" lon="-111.577800000">
        <ele>1461</ele>
      </trkpt>
      <trkpt lat="34.111430000" lon="-111.577620000">
        <ele>1464</ele>
      </trkpt>
      <trkpt lat="34.111340000" lon="-111.577490000">
        <ele>1466</ele>
      </trkpt>
      <trkpt lat="34.111250000" lon="-111.577250000">
        <ele>1470</ele>
      </trkpt>
      <trkpt lat="34.111070000" lon="-111.576940000">
        <ele>1474</ele>
      </trkpt>
      <trkpt lat="34.110980000" lon="-111.576620000">
        <ele>1475</ele>
      </trkpt>
      <trkpt lat="34.110940000" lon="-111.576540000">
        <ele>1475</ele>
      </trkpt>
      <trkpt lat="34.110820000" lon="-111.576490000">
        <ele>1475</ele>
      </trkpt>
      <trkpt lat="34.110610000" lon="-111.576490000">
        <ele>1476</ele>
      </trkpt>
      <trkpt lat="34.110540000" lon="-111.576550000">
        <ele>1476</ele>
      </trkpt>
      <trkpt lat="34.110330000" lon="-111.576600000">
        <ele>1477</ele>
      </trkpt>
      <trkpt lat="34.110140000" lon="-111.576540000">
        <ele>1478</ele>
      </trkpt>
      <trkpt lat="34.109970000" lon="-111.576520000">
        <ele>1478</ele>
      </trkpt>
      <trkpt lat="34.109840000" lon="-111.576450000">
        <ele>1478</ele>
      </trkpt>
      <trkpt lat="34.109650000" lon="-111.576480000">
        <ele>1477</ele>
      </trkpt>
      <trkpt lat="34.109540000" lon="-111.576440000">
        <ele>1478</ele>
      </trkpt>
      <trkpt lat="34.109420000" lon="-111.576540000">
        <ele>1476</ele>
      </trkpt>
      <trkpt lat="34.109170000" lon="-111.576640000">
        <ele>1473</ele>
      </trkpt>
      <trkpt lat="34.109070000" lon="-111.576610000">
        <ele>1473</ele>
      </trkpt>
      <trkpt lat="34.108880000" lon="-111.576450000">
        <ele>1478</ele>
      </trkpt>
      <trkpt lat="34.108740000" lon="-111.576410000">
        <ele>1479</ele>
      </trkpt>
      <trkpt lat="34.108610000" lon="-111.576310000">
        <ele>1480</ele>
      </trkpt>
      <trkpt lat="34.108510000" lon="-111.576300000">
        <ele>1480</ele>
      </trkpt>
      <trkpt lat="34.108430000" lon="-111.576230000">
        <ele>1482</ele>
      </trkpt>
      <trkpt lat="34.108390000" lon="-111.576220000">
        <ele>1482</ele>
      </trkpt>
      <trkpt lat="34.108340000" lon="-111.576240000">
        <ele>1481</ele>
      </trkpt>
      <trkpt lat="34.108300000" lon="-111.576290000">
        <ele>1480</ele>
      </trkpt>
      <trkpt lat="34.108220000" lon="-111.576330000">
        <ele>1480</ele>
      </trkpt>
      <trkpt lat="34.108030000" lon="-111.576310000">
        <ele>1482</ele>
      </trkpt>
      <trkpt lat="34.107910000" lon="-111.576370000">
        <ele>1484</ele>
      </trkpt>
      <trkpt lat="34.107840000" lon="-111.576420000">
        <ele>1485</ele>
      </trkpt>
      <trkpt lat="34.107810000" lon="-111.576480000">
        <ele>1485</ele>
      </trkpt>
      <trkpt lat="34.107480000" lon="-111.576720000">
        <ele>1489</ele>
      </trkpt>
      <trkpt lat="34.107410000" lon="-111.576860000">
        <ele>1486</ele>
      </trkpt>
      <trkpt lat="34.107290000" lon="-111.576940000">
        <ele>1485</ele>
      </trkpt>
      <trkpt lat="34.107210000" lon="-111.576930000">
        <ele>1484</ele>
      </trkpt>
      <trkpt lat="34.107070000" lon="-111.576880000">
        <ele>1485</ele>
      </trkpt>
      <trkpt lat="34.106960000" lon="-111.576870000">
        <ele>1484</ele>
      </trkpt>
      <trkpt lat="34.106850000" lon="-111.576840000">
        <ele>1484</ele>
      </trkpt>
      <trkpt lat="34.106790000" lon="-111.576850000">
        <ele>1483</ele>
      </trkpt>
      <trkpt lat="34.106640000" lon="-111.577000000">
        <ele>1479</ele>
      </trkpt>
      <trkpt lat="34.106470000" lon="-111.577050000">
        <ele>1480</ele>
      </trkpt>
      <trkpt lat="34.106290000" lon="-111.577230000">
        <ele>1478</ele>
      </trkpt>
      <trkpt lat="34.106160000" lon="-111.577320000">
        <ele>1478</ele>
      </trkpt>
      <trkpt lat="34.105940000" lon="-111.577400000">
        <ele>1478</ele>
      </trkpt>
      <trkpt lat="34.105590000" lon="-111.577630000">
        <ele>1478</ele>
      </trkpt>
      <trkpt lat="34.105380000" lon="-111.577510000">
        <ele>1478</ele>
      </trkpt>
      <trkpt lat="34.105190000" lon="-111.577330000">
        <ele>1480</ele>
      </trkpt>
      <trkpt lat="34.105100000" lon="-111.577300000">
        <ele>1480</ele>
      </trkpt>
      <trkpt lat="34.104930000" lon="-111.577150000">
        <ele>1481</ele>
      </trkpt>
      <trkpt lat="34.104840000" lon="-111.577020000">
        <ele>1482</ele>
      </trkpt>
      <trkpt lat="34.104730000" lon="-111.576980000">
        <ele>1481</ele>
      </trkpt>
      <trkpt lat="34.104440000" lon="-111.576660000">
        <ele>1484</ele>
      </trkpt>
      <trkpt lat="34.104290000" lon="-111.576530000">
        <ele>1485</ele>
      </trkpt>
      <trkpt lat="34.104130000" lon="-111.576180000">
        <ele>1484</ele>
      </trkpt>
      <trkpt lat="34.104030000" lon="-111.576010000">
        <ele>1482</ele>
      </trkpt>
      <trkpt lat="34.104060000" lon="-111.575990000">
        <ele>1483</ele>
      </trkpt>
      <trkpt lat="34.104060000" lon="-111.575800000">
        <ele>1483</ele>
      </trkpt>
      <trkpt lat="34.104020000" lon="-111.575640000">
        <ele>1483</ele>
      </trkpt>
      <trkpt lat="34.103880000" lon="-111.575420000">
        <ele>1481</ele>
      </trkpt>
      <trkpt lat="34.103710000" lon="-111.575000000">
        <ele>1475</ele>
      </trkpt>
      <trkpt lat="34.103630000" lon="-111.574900000">
        <ele>1474</ele>
      </trkpt>
      <trkpt lat="34.103630000" lon="-111.574790000">
        <ele>1474</ele>
      </trkpt>
      <trkpt lat="34.103670000" lon="-111.574720000">
        <ele>1474</ele>
      </trkpt>
      <trkpt lat="34.103660000" lon="-111.574650000">
        <ele>1474</ele>
      </trkpt>
      <trkpt lat="34.103630000" lon="-111.574630000">
        <ele>1474</ele>
      </trkpt>
      <trkpt lat="34.103520000" lon="-111.574670000">
        <ele>1475</ele>
      </trkpt>
      <trkpt lat="34.103190000" lon="-111.574680000">
        <ele>1476</ele>
      </trkpt>
      <trkpt lat="34.102900000" lon="-111.574560000">
        <ele>1476</ele>
      </trkpt>
      <trkpt lat="34.102850000" lon="-111.574590000">
        <ele>1476</ele>
      </trkpt>
      <trkpt lat="34.102730000" lon="-111.574590000">
        <ele>1475</ele>
      </trkpt>
      <trkpt lat="34.102490000" lon="-111.574510000">
        <ele>1473</ele>
      </trkpt>
      <trkpt lat="34.102280000" lon="-111.574510000">
        <ele>1471</ele>
      </trkpt>
      <trkpt lat="34.102120000" lon="-111.574490000">
        <ele>1470</ele>
      </trkpt>
      <trkpt lat="34.102010000" lon="-111.574410000">
        <ele>1470</ele>
      </trkpt>
      <trkpt lat="34.101770000" lon="-111.574350000">
        <ele>1469</ele>
      </trkpt>
      <trkpt lat="34.101660000" lon="-111.574240000">
        <ele>1469</ele>
      </trkpt>
      <trkpt lat="34.101490000" lon="-111.574170000">
        <ele>1466</ele>
      </trkpt>
      <trkpt lat="34.101190000" lon="-111.573900000">
        <ele>1462</ele>
      </trkpt>
      <trkpt lat="34.101110000" lon="-111.573770000">
        <ele>1463</ele>
      </trkpt>
      <trkpt lat="34.101040000" lon="-111.573740000">
        <ele>1462</ele>
      </trkpt>
      <trkpt lat="34.100930000" lon="-111.573790000">
        <ele>1460</ele>
      </trkpt>
      <trkpt lat="34.100870000" lon="-111.573840000">
        <ele>1458</ele>
      </trkpt>
      <trkpt lat="34.100830000" lon="-111.573810000">
        <ele>1459</ele>
      </trkpt>
      <trkpt lat="34.100800000" lon="-111.573820000">
        <ele>1459</ele>
      </trkpt>
      <trkpt lat="34.100730000" lon="-111.573890000">
        <ele>1457</ele>
      </trkpt>
      <trkpt lat="34.100680000" lon="-111.573890000">
        <ele>1457</ele>
      </trkpt>
      <trkpt lat="34.100690000" lon="-111.573850000">
        <ele>1458</ele>
      </trkpt>
      <trkpt lat="34.100710000" lon="-111.573870000">
        <ele>1458</ele>
      </trkpt>
      <trkpt lat="34.100740000" lon="-111.573840000">
        <ele>1458</ele>
      </trkpt>
      <trkpt lat="34.100760000" lon="-111.573870000">
        <ele>1458</ele>
      </trkpt>
      <trkpt lat="34.100780000" lon="-111.573850000">
        <ele>1458</ele>
      </trkpt>
      <trkpt lat="34.100730000" lon="-111.573850000">
        <ele>1458</ele>
      </trkpt>
      <trkpt lat="34.100760000" lon="-111.573830000">
        <ele>1459</ele>
      </trkpt>
      <trkpt lat="34.100640000" lon="-111.574200000">
        <ele>1450</ele>
      </trkpt>
      <trkpt lat="34.100700000" lon="-111.574140000">
        <ele>1451</ele>
      </trkpt>
      <trkpt lat="34.100690000" lon="-111.574100000">
        <ele>1451</ele>
      </trkpt>
      <trkpt lat="34.100670000" lon="-111.574080000">
        <ele>1452</ele>
      </trkpt>
      <trkpt lat="34.100640000" lon="-111.574090000">
        <ele>1451</ele>
      </trkpt>
      <trkpt lat="34.100750000" lon="-111.573960000">
        <ele>1455</ele>
      </trkpt>
      <trkpt lat="34.100770000" lon="-111.573900000">
        <ele>1457</ele>
      </trkpt>
      <trkpt lat="34.100980000" lon="-111.573780000">
        <ele>1461</ele>
      </trkpt>
      <trkpt lat="34.101050000" lon="-111.573780000">
        <ele>1461</ele>
      </trkpt>
      <trkpt lat="34.101290000" lon="-111.573960000">
        <ele>1464</ele>
      </trkpt>
      <trkpt lat="34.101460000" lon="-111.574150000">
        <ele>1466</ele>
      </trkpt>
      <trkpt lat="34.101690000" lon="-111.574260000">
        <ele>1469</ele>
      </trkpt>
      <trkpt lat="34.101760000" lon="-111.574370000">
        <ele>1468</ele>
      </trkpt>
      <trkpt lat="34.101680000" lon="-111.574650000">
        <ele>1463</ele>
      </trkpt>
      <trkpt lat="34.101520000" lon="-111.575040000">
        <ele>1457</ele>
      </trkpt>
      <trkpt lat="34.101460000" lon="-111.575090000">
        <ele>1456</ele>
      </trkpt>
      <trkpt lat="34.101330000" lon="-111.575320000">
        <ele>1454</ele>
      </trkpt>
      <trkpt lat="34.101290000" lon="-111.575320000">
        <ele>1454</ele>
      </trkpt>
      <trkpt lat="34.101230000" lon="-111.575360000">
        <ele>1453</ele>
      </trkpt>
      <trkpt lat="34.101210000" lon="-111.575460000">
        <ele>1452</ele>
      </trkpt>
      <trkpt lat="34.101170000" lon="-111.575520000">
        <ele>1451</ele>
      </trkpt>
      <trkpt lat="34.101080000" lon="-111.575570000">
        <ele>1448</ele>
      </trkpt>
      <trkpt lat="34.101180000" lon="-111.576000000">
        <ele>1443</ele>
      </trkpt>
      <trkpt lat="34.101190000" lon="-111.576240000">
        <ele>1441</ele>
      </trkpt>
      <trkpt lat="34.101180000" lon="-111.576360000">
        <ele>1440</ele>
      </trkpt>
      <trkpt lat="34.101120000" lon="-111.576490000">
        <ele>1438</ele>
      </trkpt>
      <trkpt lat="34.101100000" lon="-111.576710000">
        <ele>1434</ele>
      </trkpt>
      <trkpt lat="34.101060000" lon="-111.576810000">
        <ele>1431</ele>
      </trkpt>
      <trkpt lat="34.101050000" lon="-111.576970000">
        <ele>1428</ele>
      </trkpt>
      <trkpt lat="34.101060000" lon="-111.577070000">
        <ele>1427</ele>
      </trkpt>
      <trkpt lat="34.100970000" lon="-111.577230000">
        <ele>1426</ele>
      </trkpt>
      <trkpt lat="34.101010000" lon="-111.577320000">
        <ele>1426</ele>
      </trkpt>
      <trkpt lat="34.101010000" lon="-111.577490000">
        <ele>1428</ele>
      </trkpt>
      <trkpt lat="34.100980000" lon="-111.577550000">
        <ele>1428</ele>
      </trkpt>
      <trkpt lat="34.101010000" lon="-111.577660000">
        <ele>1429</ele>
      </trkpt>
      <trkpt lat="34.100990000" lon="-111.577750000">
        <ele>1430</ele>
      </trkpt>
      <trkpt lat="34.100960000" lon="-111.577800000">
        <ele>1429</ele>
      </trkpt>
      <trkpt lat="34.100970000" lon="-111.578020000">
        <ele>1430</ele>
      </trkpt>
      <trkpt lat="34.100960000" lon="-111.578120000">
        <ele>1430</ele>
      </trkpt>
      <trkpt lat="34.100880000" lon="-111.578240000">
        <ele>1427</ele>
      </trkpt>
      <trkpt lat="34.100820000" lon="-111.578420000">
        <ele>1425</ele>
      </trkpt>
      <trkpt lat="34.100650000" lon="-111.578770000">
        <ele>1426</ele>
      </trkpt>
      <trkpt lat="34.100650000" lon="-111.578820000">
        <ele>1427</ele>
      </trkpt>
      <trkpt lat="34.100460000" lon="-111.579060000">
        <ele>1430</ele>
      </trkpt>
      <trkpt lat="34.100400000" lon="-111.579110000">
        <ele>1430</ele>
      </trkpt>
      <trkpt lat="34.100350000" lon="-111.579210000">
        <ele>1432</ele>
      </trkpt>
      <trkpt lat="34.100250000" lon="-111.579330000">
        <ele>1433</ele>
      </trkpt>
      <trkpt lat="34.100190000" lon="-111.579460000">
        <ele>1435</ele>
      </trkpt>
      <trkpt lat="34.100120000" lon="-111.579510000">
        <ele>1435</ele>
      </trkpt>
      <trkpt lat="34.100040000" lon="-111.579620000">
        <ele>1438</ele>
      </trkpt>
      <trkpt lat="34.099860000" lon="-111.579670000">
        <ele>1438</ele>
      </trkpt>
      <trkpt lat="34.099760000" lon="-111.579750000">
        <ele>1440</ele>
      </trkpt>
      <trkpt lat="34.099740000" lon="-111.579840000">
        <ele>1444</ele>
      </trkpt>
      <trkpt lat="34.099660000" lon="-111.579910000">
        <ele>1447</ele>
      </trkpt>
      <trkpt lat="34.099600000" lon="-111.580040000">
        <ele>1452</ele>
      </trkpt>
      <trkpt lat="34.099470000" lon="-111.580170000">
        <ele>1455</ele>
      </trkpt>
      <trkpt lat="34.099350000" lon="-111.580240000">
        <ele>1454</ele>
      </trkpt>
      <trkpt lat="34.099130000" lon="-111.580550000">
        <ele>1454</ele>
      </trkpt>
      <trkpt lat="34.099120000" lon="-111.580770000">
        <ele>1457</ele>
      </trkpt>
      <trkpt lat="34.099170000" lon="-111.581250000">
        <ele>1459</ele>
      </trkpt>
      <trkpt lat="34.099130000" lon="-111.581430000">
        <ele>1458</ele>
      </trkpt>
      <trkpt lat="34.099160000" lon="-111.581510000">
        <ele>1460</ele>
      </trkpt>
      <trkpt lat="34.099110000" lon="-111.581680000">
        <ele>1458</ele>
      </trkpt>
      <trkpt lat="34.099110000" lon="-111.581760000">
        <ele>1458</ele>
      </trkpt>
      <trkpt lat="34.099160000" lon="-111.581900000">
        <ele>1460</ele>
      </trkpt>
      <trkpt lat="34.099210000" lon="-111.582120000">
        <ele>1461</ele>
      </trkpt>
      <trkpt lat="34.099260000" lon="-111.582200000">
        <ele>1464</ele>
      </trkpt>
      <trkpt lat="34.099290000" lon="-111.582390000">
        <ele>1466</ele>
      </trkpt>
      <trkpt lat="34.099260000" lon="-111.582480000">
        <ele>1466</ele>
      </trkpt>
      <trkpt lat="34.099220000" lon="-111.583110000">
        <ele>1474</ele>
      </trkpt>
      <trkpt lat="34.098940000" lon="-111.583220000">
        <ele>1474</ele>
      </trkpt>
      <trkpt lat="34.098910000" lon="-111.583200000">
        <ele>1473</ele>
      </trkpt>
      <trkpt lat="34.098790000" lon="-111.583230000">
        <ele>1473</ele>
      </trkpt>
      <trkpt lat="34.098700000" lon="-111.583360000">
        <ele>1476</ele>
      </trkpt>
      <trkpt lat="34.098580000" lon="-111.583420000">
        <ele>1476</ele>
      </trkpt>
      <trkpt lat="34.098480000" lon="-111.583430000">
        <ele>1476</ele>
      </trkpt>
      <trkpt lat="34.098440000" lon="-111.583480000">
        <ele>1477</ele>
      </trkpt>
      <trkpt lat="34.098420000" lon="-111.583570000">
        <ele>1479</ele>
      </trkpt>
      <trkpt lat="34.098350000" lon="-111.583630000">
        <ele>1480</ele>
      </trkpt>
      <trkpt lat="34.098320000" lon="-111.583670000">
        <ele>1481</ele>
      </trkpt>
      <trkpt lat="34.098270000" lon="-111.583650000">
        <ele>1481</ele>
      </trkpt>
      <trkpt lat="34.098280000" lon="-111.583610000">
        <ele>1480</ele>
      </trkpt>
      <trkpt lat="34.098260000" lon="-111.583580000">
        <ele>1480</ele>
      </trkpt>
      <trkpt lat="34.098200000" lon="-111.583650000">
        <ele>1482</ele>
      </trkpt>
      <trkpt lat="34.098110000" lon="-111.583910000">
        <ele>1488</ele>
      </trkpt>
      <trkpt lat="34.097960000" lon="-111.583960000">
        <ele>1491</ele>
      </trkpt>
      <trkpt lat="34.097930000" lon="-111.584030000">
        <ele>1494</ele>
      </trkpt>
      <trkpt lat="34.097820000" lon="-111.584100000">
        <ele>1497</ele>
      </trkpt>
      <trkpt lat="34.097730000" lon="-111.584110000">
        <ele>1499</ele>
      </trkpt>
      <trkpt lat="34.097630000" lon="-111.584180000">
        <ele>1502</ele>
      </trkpt>
      <trkpt lat="34.097470000" lon="-111.584230000">
        <ele>1504</ele>
      </trkpt>
      <trkpt lat="34.097410000" lon="-111.584300000">
        <ele>1506</ele>
      </trkpt>
      <trkpt lat="34.097470000" lon="-111.584380000">
        <ele>1509</ele>
      </trkpt>
      <trkpt lat="34.097610000" lon="-111.584440000">
        <ele>1509</ele>
      </trkpt>
      <trkpt lat="34.097650000" lon="-111.584490000">
        <ele>1510</ele>
      </trkpt>
      <trkpt lat="34.097680000" lon="-111.584610000">
        <ele>1512</ele>
      </trkpt>
      <trkpt lat="34.097690000" lon="-111.584840000">
        <ele>1517</ele>
      </trkpt>
      <trkpt lat="34.097830000" lon="-111.585030000">
        <ele>1519</ele>
      </trkpt>
      <trkpt lat="34.097870000" lon="-111.585310000">
        <ele>1523</ele>
      </trkpt>
      <trkpt lat="34.097850000" lon="-111.585420000">
        <ele>1527</ele>
      </trkpt>
      <trkpt lat="34.097890000" lon="-111.585580000">
        <ele>1531</ele>
      </trkpt>
      <trkpt lat="34.097850000" lon="-111.585690000">
        <ele>1533</ele>
      </trkpt>
      <trkpt lat="34.097840000" lon="-111.585660000">
        <ele>1532</ele>
      </trkpt>
      <trkpt lat="34.097860000" lon="-111.585730000">
        <ele>1533</ele>
      </trkpt>
      <trkpt lat="34.097830000" lon="-111.585790000">
        <ele>1533</ele>
      </trkpt>
      <trkpt lat="34.097860000" lon="-111.585890000">
        <ele>1533</ele>
      </trkpt>
      <trkpt lat="34.097860000" lon="-111.586050000">
        <ele>1531</ele>
      </trkpt>
      <trkpt lat="34.097840000" lon="-111.586110000">
        <ele>1529</ele>
      </trkpt>
      <trkpt lat="34.097770000" lon="-111.586210000">
        <ele>1526</ele>
      </trkpt>
      <trkpt lat="34.097800000" lon="-111.586330000">
        <ele>1524</ele>
      </trkpt>
      <trkpt lat="34.097770000" lon="-111.586490000">
        <ele>1522</ele>
      </trkpt>
      <trkpt lat="34.097810000" lon="-111.586560000">
        <ele>1521</ele>
      </trkpt>
      <trkpt lat="34.097870000" lon="-111.586760000">
        <ele>1519</ele>
      </trkpt>
      <trkpt lat="34.097850000" lon="-111.586860000">
        <ele>1516</ele>
      </trkpt>
      <trkpt lat="34.097880000" lon="-111.586980000">
        <ele>1514</ele>
      </trkpt>
      <trkpt lat="34.097860000" lon="-111.587040000">
        <ele>1512</ele>
      </trkpt>
      <trkpt lat="34.097880000" lon="-111.587120000">
        <ele>1510</ele>
      </trkpt>
      <trkpt lat="34.097870000" lon="-111.587230000">
        <ele>1506</ele>
      </trkpt>
      <trkpt lat="34.097990000" lon="-111.587520000">
        <ele>1503</ele>
      </trkpt>
      <trkpt lat="34.098010000" lon="-111.587680000">
        <ele>1500</ele>
      </trkpt>
      <trkpt lat="34.097980000" lon="-111.587800000">
        <ele>1496</ele>
      </trkpt>
      <trkpt lat="34.097930000" lon="-111.587880000">
        <ele>1493</ele>
      </trkpt>
      <trkpt lat="34.097910000" lon="-111.588080000">
        <ele>1489</ele>
      </trkpt>
      <trkpt lat="34.097870000" lon="-111.588160000">
        <ele>1487</ele>
      </trkpt>
      <trkpt lat="34.097890000" lon="-111.588190000">
        <ele>1487</ele>
      </trkpt>
      <trkpt lat="34.097920000" lon="-111.588400000">
        <ele>1485</ele>
      </trkpt>
      <trkpt lat="34.097850000" lon="-111.588560000">
        <ele>1481</ele>
      </trkpt>
      <trkpt lat="34.097780000" lon="-111.588820000">
        <ele>1477</ele>
      </trkpt>
      <trkpt lat="34.097700000" lon="-111.588850000">
        <ele>1475</ele>
      </trkpt>
      <trkpt lat="34.097540000" lon="-111.588770000">
        <ele>1472</ele>
      </trkpt>
      <trkpt lat="34.097490000" lon="-111.588850000">
        <ele>1470</ele>
      </trkpt>
      <trkpt lat="34.097470000" lon="-111.588990000">
        <ele>1469</ele>
      </trkpt>
      <trkpt lat="34.097490000" lon="-111.589220000">
        <ele>1469</ele>
      </trkpt>
      <trkpt lat="34.097460000" lon="-111.589340000">
        <ele>1469</ele>
      </trkpt>
      <trkpt lat="34.097350000" lon="-111.589490000">
        <ele>1468</ele>
      </trkpt>
      <trkpt lat="34.097320000" lon="-111.589630000">
        <ele>1468</ele>
      </trkpt>
      <trkpt lat="34.097230000" lon="-111.589870000">
        <ele>1466</ele>
      </trkpt>
      <trkpt lat="34.097290000" lon="-111.590050000">
        <ele>1465</ele>
      </trkpt>
      <trkpt lat="34.097280000" lon="-111.590180000">
        <ele>1463</ele>
      </trkpt>
      <trkpt lat="34.097330000" lon="-111.590300000">
        <ele>1460</ele>
      </trkpt>
      <trkpt lat="34.097390000" lon="-111.590370000">
        <ele>1458</ele>
      </trkpt>
      <trkpt lat="34.097390000" lon="-111.590430000">
        <ele>1456</ele>
      </trkpt>
      <trkpt lat="34.097350000" lon="-111.590500000">
        <ele>1455</ele>
      </trkpt>
      <trkpt lat="34.097230000" lon="-111.590550000">
        <ele>1457</ele>
      </trkpt>
      <trkpt lat="34.097090000" lon="-111.590760000">
        <ele>1454</ele>
      </trkpt>
      <trkpt lat="34.097040000" lon="-111.590940000">
        <ele>1447</ele>
      </trkpt>
      <trkpt lat="34.097060000" lon="-111.591090000">
        <ele>1441</ele>
      </trkpt>
      <trkpt lat="34.097000000" lon="-111.591130000">
        <ele>1440</ele>
      </trkpt>
      <trkpt lat="34.096890000" lon="-111.591140000">
        <ele>1439</ele>
      </trkpt>
      <trkpt lat="34.096850000" lon="-111.591160000">
        <ele>1438</ele>
      </trkpt>
      <trkpt lat="34.096770000" lon="-111.591160000">
        <ele>1436</ele>
      </trkpt>
      <trkpt lat="34.096710000" lon="-111.591180000">
        <ele>1434</ele>
      </trkpt>
      <trkpt lat="34.096700000" lon="-111.591210000">
        <ele>1432</ele>
      </trkpt>
      <trkpt lat="34.096700000" lon="-111.591350000">
        <ele>1428</ele>
      </trkpt>
      <trkpt lat="34.096590000" lon="-111.591330000">
        <ele>1425</ele>
      </trkpt>
      <trkpt lat="34.096480000" lon="-111.591200000">
        <ele>1425</ele>
      </trkpt>
      <trkpt lat="34.096390000" lon="-111.591210000">
        <ele>1421</ele>
      </trkpt>
      <trkpt lat="34.096340000" lon="-111.591180000">
        <ele>1420</ele>
      </trkpt>
      <trkpt lat="34.096320000" lon="-111.591180000">
        <ele>1418</ele>
      </trkpt>
      <trkpt lat="34.096300000" lon="-111.591210000">
        <ele>1416</ele>
      </trkpt>
      <trkpt lat="34.096450000" lon="-111.591600000">
        <ele>1413</ele>
      </trkpt>
      <trkpt lat="34.096530000" lon="-111.591700000">
        <ele>1413</ele>
      </trkpt>
      <trkpt lat="34.096580000" lon="-111.591840000">
        <ele>1410</ele>
      </trkpt>
      <trkpt lat="34.096710000" lon="-111.592010000">
        <ele>1410</ele>
      </trkpt>
      <trkpt lat="34.096790000" lon="-111.592150000">
        <ele>1408</ele>
      </trkpt>
      <trkpt lat="34.096770000" lon="-111.592170000">
        <ele>1407</ele>
      </trkpt>
      <trkpt lat="34.096690000" lon="-111.592130000">
        <ele>1407</ele>
      </trkpt>
      <trkpt lat="34.096600000" lon="-111.592040000">
        <ele>1406</ele>
      </trkpt>
      <trkpt lat="34.096140000" lon="-111.591990000">
        <ele>1390</ele>
      </trkpt>
      <trkpt lat="34.096250000" lon="-111.592210000">
        <ele>1388</ele>
      </trkpt>
      <trkpt lat="34.096430000" lon="-111.592710000">
        <ele>1379</ele>
      </trkpt>
      <trkpt lat="34.096530000" lon="-111.592900000">
        <ele>1375</ele>
      </trkpt>
      <trkpt lat="34.096560000" lon="-111.593000000">
        <ele>1372</ele>
      </trkpt>
      <trkpt lat="34.096560000" lon="-111.593110000">
        <ele>1369</ele>
      </trkpt>
      <trkpt lat="34.096610000" lon="-111.593210000">
        <ele>1367</ele>
      </trkpt>
      <trkpt lat="34.096520000" lon="-111.593220000">
        <ele>1365</ele>
      </trkpt>
      <trkpt lat="34.096390000" lon="-111.593180000">
        <ele>1363</ele>
      </trkpt>
      <trkpt lat="34.096250000" lon="-111.593100000">
        <ele>1361</ele>
      </trkpt>
      <trkpt lat="34.096050000" lon="-111.593040000">
        <ele>1357</ele>
      </trkpt>
      <trkpt lat="34.095970000" lon="-111.592980000">
        <ele>1357</ele>
      </trkpt>
      <trkpt lat="34.095920000" lon="-111.592970000">
        <ele>1355</ele>
      </trkpt>
      <trkpt lat="34.095920000" lon="-111.593000000">
        <ele>1354</ele>
      </trkpt>
      <trkpt lat="34.096010000" lon="-111.593170000">
        <ele>1352</ele>
      </trkpt>
      <trkpt lat="34.096030000" lon="-111.593280000">
        <ele>1351</ele>
      </trkpt>
      <trkpt lat="34.096160000" lon="-111.593480000">
        <ele>1349</ele>
      </trkpt>
      <trkpt lat="34.096240000" lon="-111.593660000">
        <ele>1346</ele>
      </trkpt>
      <trkpt lat="34.096480000" lon="-111.593980000">
        <ele>1343</ele>
      </trkpt>
      <trkpt lat="34.096630000" lon="-111.594100000">
        <ele>1343</ele>
      </trkpt>
      <trkpt lat="34.096580000" lon="-111.594270000">
        <ele>1338</ele>
      </trkpt>
      <trkpt lat="34.096530000" lon="-111.594360000">
        <ele>1336</ele>
      </trkpt>
      <trkpt lat="34.096480000" lon="-111.594680000">
        <ele>1334</ele>
      </trkpt>
      <trkpt lat="34.096370000" lon="-111.594920000">
        <ele>1330</ele>
      </trkpt>
      <trkpt lat="34.096370000" lon="-111.595220000">
        <ele>1328</ele>
      </trkpt>
      <trkpt lat="34.096390000" lon="-111.595440000">
        <ele>1328</ele>
      </trkpt>
      <trkpt lat="34.096380000" lon="-111.595500000">
        <ele>1327</ele>
      </trkpt>
      <trkpt lat="34.096400000" lon="-111.595670000">
        <ele>1325</ele>
      </trkpt>
      <trkpt lat="34.096340000" lon="-111.595830000">
        <ele>1321</ele>
      </trkpt>
      <trkpt lat="34.096260000" lon="-111.595970000">
        <ele>1317</ele>
      </trkpt>
      <trkpt lat="34.096240000" lon="-111.595970000">
        <ele>1316</ele>
      </trkpt>
      <trkpt lat="34.096230000" lon="-111.596090000">
        <ele>1313</ele>
      </trkpt>
      <trkpt lat="34.096240000" lon="-111.596380000">
        <ele>1307</ele>
      </trkpt>
      <trkpt lat="34.096310000" lon="-111.596520000">
        <ele>1305</ele>
      </trkpt>
      <trkpt lat="34.096390000" lon="-111.596960000">
        <ele>1296</ele>
      </trkpt>
      <trkpt lat="34.096470000" lon="-111.597170000">
        <ele>1293</ele>
      </trkpt>
      <trkpt lat="34.096460000" lon="-111.597270000">
        <ele>1291</ele>
      </trkpt>
      <trkpt lat="34.096410000" lon="-111.597390000">
        <ele>1286</ele>
      </trkpt>
      <trkpt lat="34.096450000" lon="-111.598430000">
        <ele>1289</ele>
      </trkpt>
      <trkpt lat="34.096420000" lon="-111.598530000">
        <ele>1289</ele>
      </trkpt>
      <trkpt lat="34.096440000" lon="-111.598690000">
        <ele>1291</ele>
      </trkpt>
      <trkpt lat="34.096340000" lon="-111.599110000">
        <ele>1286</ele>
      </trkpt>
      <trkpt lat="34.096380000" lon="-111.599220000">
        <ele>1286</ele>
      </trkpt>
      <trkpt lat="34.096460000" lon="-111.599250000">
        <ele>1289</ele>
      </trkpt>
      <trkpt lat="34.096470000" lon="-111.599330000">
        <ele>1289</ele>
      </trkpt>
      <trkpt lat="34.096540000" lon="-111.599540000">
        <ele>1289</ele>
      </trkpt>
      <trkpt lat="34.096550000" lon="-111.599630000">
        <ele>1286</ele>
      </trkpt>
      <trkpt lat="34.096680000" lon="-111.599780000">
        <ele>1284</ele>
      </trkpt>
      <trkpt lat="34.096760000" lon="-111.599780000">
        <ele>1285</ele>
      </trkpt>
      <trkpt lat="34.096870000" lon="-111.599890000">
        <ele>1283</ele>
      </trkpt>
      <trkpt lat="34.096910000" lon="-111.600040000">
        <ele>1280</ele>
      </trkpt>
      <trkpt lat="34.097010000" lon="-111.600250000">
        <ele>1280</ele>
      </trkpt>
      <trkpt lat="34.097020000" lon="-111.600320000">
        <ele>1280</ele>
      </trkpt>
      <trkpt lat="34.096950000" lon="-111.600540000">
        <ele>1277</ele>
      </trkpt>
      <trkpt lat="34.096930000" lon="-111.600770000">
        <ele>1274</ele>
      </trkpt>
      <trkpt lat="34.096840000" lon="-111.601200000">
        <ele>1266</ele>
      </trkpt>
      <trkpt lat="34.096860000" lon="-111.601270000">
        <ele>1265</ele>
      </trkpt>
      <trkpt lat="34.096900000" lon="-111.601330000">
        <ele>1266</ele>
      </trkpt>
      <trkpt lat="34.097010000" lon="-111.601430000">
        <ele>1267</ele>
      </trkpt>
      <trkpt lat="34.097100000" lon="-111.601580000">
        <ele>1263</ele>
      </trkpt>
      <trkpt lat="34.097160000" lon="-111.601600000">
        <ele>1264</ele>
      </trkpt>
      <trkpt lat="34.097170000" lon="-111.601690000">
        <ele>1261</ele>
      </trkpt>
      <trkpt lat="34.097140000" lon="-111.601760000">
        <ele>1257</ele>
      </trkpt>
      <trkpt lat="34.097150000" lon="-111.602020000">
        <ele>1254</ele>
      </trkpt>
      <trkpt lat="34.097100000" lon="-111.602180000">
        <ele>1247</ele>
      </trkpt>
      <trkpt lat="34.097130000" lon="-111.602410000">
        <ele>1251</ele>
      </trkpt>
      <trkpt lat="34.097120000" lon="-111.602510000">
        <ele>1249</ele>
      </trkpt>
      <trkpt lat="34.097250000" lon="-111.603100000">
        <ele>1241</ele>
      </trkpt>
      <trkpt lat="34.097240000" lon="-111.603150000">
        <ele>1240</ele>
      </trkpt>
      <trkpt lat="34.097380000" lon="-111.603290000">
        <ele>1241</ele>
      </trkpt>
      <trkpt lat="34.097310000" lon="-111.603380000">
        <ele>1238</ele>
      </trkpt>
      <trkpt lat="34.097150000" lon="-111.603410000">
        <ele>1237</ele>
      </trkpt>
      <trkpt lat="34.097000000" lon="-111.603420000">
        <ele>1234</ele>
      </trkpt>
      <trkpt lat="34.096860000" lon="-111.603340000">
        <ele>1231</ele>
      </trkpt>
      <trkpt lat="34.096780000" lon="-111.603360000">
        <ele>1229</ele>
      </trkpt>
      <trkpt lat="34.096670000" lon="-111.603420000">
        <ele>1228</ele>
      </trkpt>
      <trkpt lat="34.096600000" lon="-111.603440000">
        <ele>1227</ele>
      </trkpt>
      <trkpt lat="34.096570000" lon="-111.603500000">
        <ele>1227</ele>
      </trkpt>
      <trkpt lat="34.096510000" lon="-111.603520000">
        <ele>1226</ele>
      </trkpt>
      <trkpt lat="34.096420000" lon="-111.603520000">
        <ele>1225</ele>
      </trkpt>
      <trkpt lat="34.096320000" lon="-111.603580000">
        <ele>1224</ele>
      </trkpt>
      <trkpt lat="34.096220000" lon="-111.603540000">
        <ele>1222</ele>
      </trkpt>
      <trkpt lat="34.096150000" lon="-111.603380000">
        <ele>1221</ele>
      </trkpt>
      <trkpt lat="34.095970000" lon="-111.603160000">
        <ele>1219</ele>
      </trkpt>
      <trkpt lat="34.095830000" lon="-111.603130000">
        <ele>1219</ele>
      </trkpt>
      <trkpt lat="34.095760000" lon="-111.603190000">
        <ele>1220</ele>
      </trkpt>
      <trkpt lat="34.095700000" lon="-111.603220000">
        <ele>1220</ele>
      </trkpt>
      <trkpt lat="34.095640000" lon="-111.603220000">
        <ele>1220</ele>
      </trkpt>
      <trkpt lat="34.095610000" lon="-111.603240000">
        <ele>1220</ele>
      </trkpt>
      <trkpt lat="34.095520000" lon="-111.603200000">
        <ele>1219</ele>
      </trkpt>
      <trkpt lat="34.095370000" lon="-111.603090000">
        <ele>1216</ele>
      </trkpt>
      <trkpt lat="34.095200000" lon="-111.603020000">
        <ele>1212</ele>
      </trkpt>
      <trkpt lat="34.095080000" lon="-111.603030000">
        <ele>1211</ele>
      </trkpt>
      <trkpt lat="34.094930000" lon="-111.603140000">
        <ele>1210</ele>
      </trkpt>
      <trkpt lat="34.094880000" lon="-111.603150000">
        <ele>1208</ele>
      </trkpt>
      <trkpt lat="34.094780000" lon="-111.603110000">
        <ele>1204</ele>
      </trkpt>
      <trkpt lat="34.094730000" lon="-111.603120000">
        <ele>1203</ele>
      </trkpt>
      <trkpt lat="34.094560000" lon="-111.603180000">
        <ele>1200</ele>
      </trkpt>
      <trkpt lat="34.094530000" lon="-111.603180000">
        <ele>1199</ele>
      </trkpt>
      <trkpt lat="34.094420000" lon="-111.603100000">
        <ele>1195</ele>
      </trkpt>
      <trkpt lat="34.094360000" lon="-111.603080000">
        <ele>1194</ele>
      </trkpt>
      <trkpt lat="34.094320000" lon="-111.603100000">
        <ele>1193</ele>
      </trkpt>
      <trkpt lat="34.094280000" lon="-111.603070000">
        <ele>1192</ele>
      </trkpt>
      <trkpt lat="34.094210000" lon="-111.603120000">
        <ele>1189</ele>
      </trkpt>
      <trkpt lat="34.094140000" lon="-111.603110000">
        <ele>1187</ele>
      </trkpt>
      <trkpt lat="34.094100000" lon="-111.603160000">
        <ele>1186</ele>
      </trkpt>
      <trkpt lat="34.093960000" lon="-111.603210000">
        <ele>1184</ele>
      </trkpt>
      <trkpt lat="34.093890000" lon="-111.603290000">
        <ele>1185</ele>
      </trkpt>
      <trkpt lat="34.093760000" lon="-111.603350000">
        <ele>1182</ele>
      </trkpt>
      <trkpt lat="34.093650000" lon="-111.603320000">
        <ele>1179</ele>
      </trkpt>
      <trkpt lat="34.093610000" lon="-111.603360000">
        <ele>1178</ele>
      </trkpt>
      <trkpt lat="34.093510000" lon="-111.603300000">
        <ele>1177</ele>
      </trkpt>
      <trkpt lat="34.093460000" lon="-111.603090000">
        <ele>1178</ele>
      </trkpt>
      <trkpt lat="34.093380000" lon="-111.602890000">
        <ele>1178</ele>
      </trkpt>
      <trkpt lat="34.093280000" lon="-111.602830000">
        <ele>1179</ele>
      </trkpt>
      <trkpt lat="34.093220000" lon="-111.602740000">
        <ele>1180</ele>
      </trkpt>
      <trkpt lat="34.093200000" lon="-111.602740000">
        <ele>1180</ele>
      </trkpt>
      <trkpt lat="34.093200000" lon="-111.602760000">
        <ele>1180</ele>
      </trkpt>
      <trkpt lat="34.093210000" lon="-111.602610000">
        <ele>1181</ele>
      </trkpt>
      <trkpt lat="34.093130000" lon="-111.602410000">
        <ele>1181</ele>
      </trkpt>
      <trkpt lat="34.093080000" lon="-111.602050000">
        <ele>1180</ele>
      </trkpt>
      <trkpt lat="34.093080000" lon="-111.602010000">
        <ele>1180</ele>
      </trkpt>
      <trkpt lat="34.093130000" lon="-111.601960000">
        <ele>1179</ele>
      </trkpt>
      <trkpt lat="34.093160000" lon="-111.601880000">
        <ele>1178</ele>
      </trkpt>
      <trkpt lat="34.093130000" lon="-111.601760000">
        <ele>1179</ele>
      </trkpt>
      <trkpt lat="34.093160000" lon="-111.601690000">
        <ele>1178</ele>
      </trkpt>
      <trkpt lat="34.093160000" lon="-111.601570000">
        <ele>1177</ele>
      </trkpt>
      <trkpt lat="34.093030000" lon="-111.601280000">
        <ele>1177</ele>
      </trkpt>
      <trkpt lat="34.092810000" lon="-111.600970000">
        <ele>1175</ele>
      </trkpt>
      <trkpt lat="34.092740000" lon="-111.600950000">
        <ele>1176</ele>
      </trkpt>
      <trkpt lat="34.092550000" lon="-111.600760000">
        <ele>1173</ele>
      </trkpt>
      <trkpt lat="34.092500000" lon="-111.600760000">
        <ele>1174</ele>
      </trkpt>
      <trkpt lat="34.092390000" lon="-111.600690000">
        <ele>1173</ele>
      </trkpt>
      <trkpt lat="34.092240000" lon="-111.600530000">
        <ele>1169</ele>
      </trkpt>
      <trkpt lat="34.092190000" lon="-111.600520000">
        <ele>1170</ele>
      </trkpt>
      <trkpt lat="34.092100000" lon="-111.600420000">
        <ele>1167</ele>
      </trkpt>
      <trkpt lat="34.092020000" lon="-111.600390000">
        <ele>1167</ele>
      </trkpt>
      <trkpt lat="34.091900000" lon="-111.600280000">
        <ele>1162</ele>
      </trkpt>
      <trkpt lat="34.091900000" lon="-111.600140000">
        <ele>1152</ele>
      </trkpt>
      <trkpt lat="34.091870000" lon="-111.600130000">
        <ele>1152</ele>
      </trkpt>
      <trkpt lat="34.091800000" lon="-111.600030000">
        <ele>1147</ele>
      </trkpt>
      <trkpt lat="34.091780000" lon="-111.600040000">
        <ele>1147</ele>
      </trkpt>
      <trkpt lat="34.091750000" lon="-111.599970000">
        <ele>1145</ele>
      </trkpt>
      <trkpt lat="34.091620000" lon="-111.599870000">
        <ele>1142</ele>
      </trkpt>
      <trkpt lat="34.091600000" lon="-111.599880000">
        <ele>1142</ele>
      </trkpt>
      <trkpt lat="34.091490000" lon="-111.599830000">
        <ele>1135</ele>
      </trkpt>
      <trkpt lat="34.091520000" lon="-111.599760000">
        <ele>1133</ele>
      </trkpt>
      <trkpt lat="34.091510000" lon="-111.599730000">
        <ele>1132</ele>
      </trkpt>
      <trkpt lat="34.091460000" lon="-111.599700000">
        <ele>1128</ele>
      </trkpt>
      <trkpt lat="34.091430000" lon="-111.599710000">
        <ele>1127</ele>
      </trkpt>
      <trkpt lat="34.091410000" lon="-111.599690000">
        <ele>1126</ele>
      </trkpt>
      <trkpt lat="34.091410000" lon="-111.599610000">
        <ele>1125</ele>
      </trkpt>
      <trkpt lat="34.091450000" lon="-111.599550000">
        <ele>1124</ele>
      </trkpt>
      <trkpt lat="34.091380000" lon="-111.599560000">
        <ele>1123</ele>
      </trkpt>
      <trkpt lat="34.091340000" lon="-111.599510000">
        <ele>1121</ele>
      </trkpt>
      <trkpt lat="34.091350000" lon="-111.599400000">
        <ele>1119</ele>
      </trkpt>
      <trkpt lat="34.091420000" lon="-111.599350000">
        <ele>1117</ele>
      </trkpt>
      <trkpt lat="34.091390000" lon="-111.599270000">
        <ele>1113</ele>
      </trkpt>
      <trkpt lat="34.091370000" lon="-111.599250000">
        <ele>1112</ele>
      </trkpt>
      <trkpt lat="34.091330000" lon="-111.599260000">
        <ele>1112</ele>
      </trkpt>
      <trkpt lat="34.091320000" lon="-111.599220000">
        <ele>1110</ele>
      </trkpt>
      <trkpt lat="34.091230000" lon="-111.599160000">
        <ele>1107</ele>
      </trkpt>
      <trkpt lat="34.091190000" lon="-111.599220000">
        <ele>1108</ele>
      </trkpt>
      <trkpt lat="34.091110000" lon="-111.599190000">
        <ele>1103</ele>
      </trkpt>
      <trkpt lat="34.091060000" lon="-111.599300000">
        <ele>1102</ele>
      </trkpt>
      <trkpt lat="34.091030000" lon="-111.599290000">
        <ele>1100</ele>
      </trkpt>
      <trkpt lat="34.091040000" lon="-111.599110000">
        <ele>1098</ele>
      </trkpt>
      <trkpt lat="34.091090000" lon="-111.598900000">
        <ele>1099</ele>
      </trkpt>
      <trkpt lat="34.091080000" lon="-111.598840000">
        <ele>1101</ele>
      </trkpt>
      <trkpt lat="34.090890000" lon="-111.598670000">
        <ele>1104</ele>
      </trkpt>
      <trkpt lat="34.090860000" lon="-111.598510000">
        <ele>1107</ele>
      </trkpt>
      <trkpt lat="34.090830000" lon="-111.598510000">
        <ele>1107</ele>
      </trkpt>
      <trkpt lat="34.090780000" lon="-111.598550000">
        <ele>1105</ele>
      </trkpt>
      <trkpt lat="34.090710000" lon="-111.598520000">
        <ele>1105</ele>
      </trkpt>
      <trkpt lat="34.090660000" lon="-111.598600000">
        <ele>1104</ele>
      </trkpt>
      <trkpt lat="34.090680000" lon="-111.598580000">
        <ele>1104</ele>
      </trkpt>
      <trkpt lat="34.090710000" lon="-111.598600000">
        <ele>1104</ele>
      </trkpt>
      <trkpt lat="34.090760000" lon="-111.598550000">
        <ele>1105</ele>
      </trkpt>
      <trkpt lat="34.091050000" lon="-111.599330000">
        <ele>1102</ele>
      </trkpt>
      <trkpt lat="34.091110000" lon="-111.599250000">
        <ele>1104</ele>
      </trkpt>
      <trkpt lat="34.091170000" lon="-111.599260000">
        <ele>1108</ele>
      </trkpt>
      <trkpt lat="34.091240000" lon="-111.599220000">
        <ele>1110</ele>
      </trkpt>
      <trkpt lat="34.091300000" lon="-111.599220000">
        <ele>1110</ele>
      </trkpt>
      <trkpt lat="34.091460000" lon="-111.599330000">
        <ele>1117</ele>
      </trkpt>
      <trkpt lat="34.091480000" lon="-111.599370000">
        <ele>1119</ele>
      </trkpt>
      <trkpt lat="34.091600000" lon="-111.599470000">
        <ele>1125</ele>
      </trkpt>
      <trkpt lat="34.091630000" lon="-111.599420000">
        <ele>1123</ele>
      </trkpt>
      <trkpt lat="34.091660000" lon="-111.599420000">
        <ele>1124</ele>
      </trkpt>
      <trkpt lat="34.091740000" lon="-111.599480000">
        <ele>1127</ele>
      </trkpt>
      <trkpt lat="34.091980000" lon="-111.599570000">
        <ele>1129</ele>
      </trkpt>
      <trkpt lat="34.092070000" lon="-111.599640000">
        <ele>1130</ele>
      </trkpt>
      <trkpt lat="34.092290000" lon="-111.599700000">
        <ele>1128</ele>
      </trkpt>
      <trkpt lat="34.092310000" lon="-111.599730000">
        <ele>1129</ele>
      </trkpt>
      <trkpt lat="34.092270000" lon="-111.599780000">
        <ele>1133</ele>
      </trkpt>
      <trkpt lat="34.092260000" lon="-111.599840000">
        <ele>1135</ele>
      </trkpt>
      <trkpt lat="34.092300000" lon="-111.599890000">
        <ele>1136</ele>
      </trkpt>
      <trkpt lat="34.092290000" lon="-111.599930000">
        <ele>1138</ele>
      </trkpt>
      <trkpt lat="34.092310000" lon="-111.599980000">
        <ele>1140</ele>
      </trkpt>
      <trkpt lat="34.092420000" lon="-111.600070000">
        <ele>1142</ele>
      </trkpt>
      <trkpt lat="34.092400000" lon="-111.600090000">
        <ele>1144</ele>
      </trkpt>
      <trkpt lat="34.092390000" lon="-111.600190000">
        <ele>1151</ele>
      </trkpt>
      <trkpt lat="34.092330000" lon="-111.600250000">
        <ele>1156</ele>
      </trkpt>
      <trkpt lat="34.092360000" lon="-111.600260000">
        <ele>1156</ele>
      </trkpt>
      <trkpt lat="34.092350000" lon="-111.600290000">
        <ele>1157</ele>
      </trkpt>
      <trkpt lat="34.092280000" lon="-111.600330000">
        <ele>1161</ele>
      </trkpt>
      <trkpt lat="34.092280000" lon="-111.600370000">
        <ele>1162</ele>
      </trkpt>
      <trkpt lat="34.092390000" lon="-111.600440000">
        <ele>1163</ele>
      </trkpt>
      <trkpt lat="34.092450000" lon="-111.600530000">
        <ele>1166</ele>
      </trkpt>
      <trkpt lat="34.092480000" lon="-111.600600000">
        <ele>1168</ele>
      </trkpt>
      <trkpt lat="34.092460000" lon="-111.600640000">
        <ele>1170</ele>
      </trkpt>
      <trkpt lat="34.092470000" lon="-111.600710000">
        <ele>1173</ele>
      </trkpt>
      <trkpt lat="34.092570000" lon="-111.600760000">
        <ele>1173</ele>
      </trkpt>
      <trkpt lat="34.092770000" lon="-111.600970000">
        <ele>1176</ele>
      </trkpt>
      <trkpt lat="34.092830000" lon="-111.601000000">
        <ele>1175</ele>
      </trkpt>
      <trkpt lat="34.093010000" lon="-111.601210000">
        <ele>1176</ele>
      </trkpt>
      <trkpt lat="34.093120000" lon="-111.601490000">
        <ele>1178</ele>
      </trkpt>
      <trkpt lat="34.093170000" lon="-111.601570000">
        <ele>1177</ele>
      </trkpt>
      <trkpt lat="34.093150000" lon="-111.601790000">
        <ele>1179</ele>
      </trkpt>
      <trkpt lat="34.093180000" lon="-111.602160000">
        <ele>1178</ele>
      </trkpt>
      <trkpt lat="34.093130000" lon="-111.602240000">
        <ele>1180</ele>
      </trkpt>
      <trkpt lat="34.093170000" lon="-111.602330000">
        <ele>1180</ele>
      </trkpt>
      <trkpt lat="34.093190000" lon="-111.602510000">
        <ele>1181</ele>
      </trkpt>
      <trkpt lat="34.093250000" lon="-111.602630000">
        <ele>1181</ele>
      </trkpt>
      <trkpt lat="34.093260000" lon="-111.602730000">
        <ele>1180</ele>
      </trkpt>
      <trkpt lat="34.093150000" lon="-111.602780000">
        <ele>1179</ele>
      </trkpt>
      <trkpt lat="34.092940000" lon="-111.602980000">
        <ele>1172</ele>
      </trkpt>
      <trkpt lat="34.092890000" lon="-111.603070000">
        <ele>1170</ele>
      </trkpt>
      <trkpt lat="34.092890000" lon="-111.603190000">
        <ele>1168</ele>
      </trkpt>
      <trkpt lat="34.092850000" lon="-111.603240000">
        <ele>1167</ele>
      </trkpt>
      <trkpt lat="34.092980000" lon="-111.603730000">
        <ele>1165</ele>
      </trkpt>
      <trkpt lat="34.092920000" lon="-111.604010000">
        <ele>1162</ele>
      </trkpt>
      <trkpt lat="34.092820000" lon="-111.604030000">
        <ele>1162</ele>
      </trkpt>
      <trkpt lat="34.092820000" lon="-111.604000000">
        <ele>1163</ele>
      </trkpt>
      <trkpt lat="34.092850000" lon="-111.604000000">
        <ele>1163</ele>
      </trkpt>
      <trkpt lat="34.092890000" lon="-111.604050000">
        <ele>1162</ele>
      </trkpt>
      <trkpt lat="34.092950000" lon="-111.604160000">
        <ele>1161</ele>
      </trkpt>
      <trkpt lat="34.092980000" lon="-111.604280000">
        <ele>1160</ele>
      </trkpt>
      <trkpt lat="34.093130000" lon="-111.604520000">
        <ele>1156</ele>
      </trkpt>
      <trkpt lat="34.093370000" lon="-111.604650000">
        <ele>1151</ele>
      </trkpt>
      <trkpt lat="34.093620000" lon="-111.604980000">
        <ele>1153</ele>
      </trkpt>
      <trkpt lat="34.093640000" lon="-111.605050000">
        <ele>1154</ele>
      </trkpt>
      <trkpt lat="34.093650000" lon="-111.605220000">
        <ele>1148</ele>
      </trkpt>
      <trkpt lat="34.093720000" lon="-111.605530000">
        <ele>1139</ele>
      </trkpt>
      <trkpt lat="34.093870000" lon="-111.605910000">
        <ele>1134</ele>
      </trkpt>
      <trkpt lat="34.093940000" lon="-111.606040000">
        <ele>1133</ele>
      </trkpt>
      <trkpt lat="34.094180000" lon="-111.606360000">
        <ele>1138</ele>
      </trkpt>
      <trkpt lat="34.094310000" lon="-111.606480000">
        <ele>1141</ele>
      </trkpt>
      <trkpt lat="34.094300000" lon="-111.606500000">
        <ele>1140</ele>
      </trkpt>
      <trkpt lat="34.094310000" lon="-111.606590000">
        <ele>1138</ele>
      </trkpt>
      <trkpt lat="34.094390000" lon="-111.606800000">
        <ele>1136</ele>
      </trkpt>
      <trkpt lat="34.094540000" lon="-111.606970000">
        <ele>1137</ele>
      </trkpt>
      <trkpt lat="34.094610000" lon="-111.607000000">
        <ele>1137</ele>
      </trkpt>
      <trkpt lat="34.094680000" lon="-111.607080000">
        <ele>1136</ele>
      </trkpt>
      <trkpt lat="34.094820000" lon="-111.607310000">
        <ele>1133</ele>
      </trkpt>
      <trkpt lat="34.094820000" lon="-111.607390000">
        <ele>1133</ele>
      </trkpt>
      <trkpt lat="34.094680000" lon="-111.607640000">
        <ele>1130</ele>
      </trkpt>
      <trkpt lat="34.094600000" lon="-111.607870000">
        <ele>1125</ele>
      </trkpt>
      <trkpt lat="34.094620000" lon="-111.608170000">
        <ele>1124</ele>
      </trkpt>
      <trkpt lat="34.094690000" lon="-111.608310000">
        <ele>1125</ele>
      </trkpt>
      <trkpt lat="34.094670000" lon="-111.608660000">
        <ele>1122</ele>
      </trkpt>
      <trkpt lat="34.094710000" lon="-111.608780000">
        <ele>1122</ele>
      </trkpt>
      <trkpt lat="34.094680000" lon="-111.608860000">
        <ele>1120</ele>
      </trkpt>
      <trkpt lat="34.094710000" lon="-111.609060000">
        <ele>1118</ele>
      </trkpt>
      <trkpt lat="34.094590000" lon="-111.609260000">
        <ele>1114</ele>
      </trkpt>
      <trkpt lat="34.094530000" lon="-111.609310000">
        <ele>1114</ele>
      </trkpt>
      <trkpt lat="34.094500000" lon="-111.609410000">
        <ele>1114</ele>
      </trkpt>
      <trkpt lat="34.094350000" lon="-111.609580000">
        <ele>1112</ele>
      </trkpt>
      <trkpt lat="34.094320000" lon="-111.609580000">
        <ele>1111</ele>
      </trkpt>
      <trkpt lat="34.094240000" lon="-111.609760000">
        <ele>1111</ele>
      </trkpt>
      <trkpt lat="34.094080000" lon="-111.609910000">
        <ele>1109</ele>
      </trkpt>
      <trkpt lat="34.094010000" lon="-111.610100000">
        <ele>1111</ele>
      </trkpt>
      <trkpt lat="34.093940000" lon="-111.610110000">
        <ele>1110</ele>
      </trkpt>
      <trkpt lat="34.093880000" lon="-111.610170000">
        <ele>1109</ele>
      </trkpt>
      <trkpt lat="34.093710000" lon="-111.610370000">
        <ele>1110</ele>
      </trkpt>
      <trkpt lat="34.093580000" lon="-111.610430000">
        <ele>1109</ele>
      </trkpt>
      <trkpt lat="34.093430000" lon="-111.610560000">
        <ele>1110</ele>
      </trkpt>
      <trkpt lat="34.093270000" lon="-111.610630000">
        <ele>1110</ele>
      </trkpt>
      <trkpt lat="34.093150000" lon="-111.610610000">
        <ele>1108</ele>
      </trkpt>
      <trkpt lat="34.093120000" lon="-111.610630000">
        <ele>1108</ele>
      </trkpt>
      <trkpt lat="34.093030000" lon="-111.610630000">
        <ele>1107</ele>
      </trkpt>
      <trkpt lat="34.092960000" lon="-111.610600000">
        <ele>1107</ele>
      </trkpt>
      <trkpt lat="34.092900000" lon="-111.610620000">
        <ele>1107</ele>
      </trkpt>
      <trkpt lat="34.092800000" lon="-111.610580000">
        <ele>1105</ele>
      </trkpt>
      <trkpt lat="34.092720000" lon="-111.610600000">
        <ele>1105</ele>
      </trkpt>
      <trkpt lat="34.092550000" lon="-111.610780000">
        <ele>1109</ele>
      </trkpt>
      <trkpt lat="34.092140000" lon="-111.610870000">
        <ele>1108</ele>
      </trkpt>
      <trkpt lat="34.092100000" lon="-111.610920000">
        <ele>1109</ele>
      </trkpt>
      <trkpt lat="34.091910000" lon="-111.610990000">
        <ele>1109</ele>
      </trkpt>
      <trkpt lat="34.091690000" lon="-111.611200000">
        <ele>1109</ele>
      </trkpt>
      <trkpt lat="34.091630000" lon="-111.611300000">
        <ele>1109</ele>
      </trkpt>
      <trkpt lat="34.091520000" lon="-111.611360000">
        <ele>1108</ele>
      </trkpt>
      <trkpt lat="34.091420000" lon="-111.611490000">
        <ele>1108</ele>
      </trkpt>
      <trkpt lat="34.091400000" lon="-111.611570000">
        <ele>1107</ele>
      </trkpt>
      <trkpt lat="34.091310000" lon="-111.611570000">
        <ele>1107</ele>
      </trkpt>
      <trkpt lat="34.091210000" lon="-111.611660000">
        <ele>1105</ele>
      </trkpt>
      <trkpt lat="34.091190000" lon="-111.611730000">
        <ele>1103</ele>
      </trkpt>
      <trkpt lat="34.091200000" lon="-111.611910000">
        <ele>1100</ele>
      </trkpt>
      <trkpt lat="34.091140000" lon="-111.611990000">
        <ele>1097</ele>
      </trkpt>
      <trkpt lat="34.091150000" lon="-111.612140000">
        <ele>1097</ele>
      </trkpt>
      <trkpt lat="34.091090000" lon="-111.612140000">
        <ele>1095</ele>
      </trkpt>
      <trkpt lat="34.090880000" lon="-111.611960000">
        <ele>1093</ele>
      </trkpt>
      <trkpt lat="34.090860000" lon="-111.612020000">
        <ele>1091</ele>
      </trkpt>
      <trkpt lat="34.090870000" lon="-111.612150000">
        <ele>1088</ele>
      </trkpt>
      <trkpt lat="34.090810000" lon="-111.612330000">
        <ele>1084</ele>
      </trkpt>
      <trkpt lat="34.090760000" lon="-111.612350000">
        <ele>1082</ele>
      </trkpt>
      <trkpt lat="34.090710000" lon="-111.612480000">
        <ele>1079</ele>
      </trkpt>
      <trkpt lat="34.090660000" lon="-111.612560000">
        <ele>1077</ele>
      </trkpt>
      <trkpt lat="34.090600000" lon="-111.612600000">
        <ele>1075</ele>
      </trkpt>
      <trkpt lat="34.090620000" lon="-111.612490000">
        <ele>1077</ele>
      </trkpt>
      <trkpt lat="34.090560000" lon="-111.612370000">
        <ele>1078</ele>
      </trkpt>
      <trkpt lat="34.090530000" lon="-111.612370000">
        <ele>1078</ele>
      </trkpt>
      <trkpt lat="34.090460000" lon="-111.612470000">
        <ele>1075</ele>
      </trkpt>
      <trkpt lat="34.090440000" lon="-111.612520000">
        <ele>1074</ele>
      </trkpt>
      <trkpt lat="34.090390000" lon="-111.612580000">
        <ele>1073</ele>
      </trkpt>
      <trkpt lat="34.090250000" lon="-111.612780000">
        <ele>1069</ele>
      </trkpt>
      <trkpt lat="34.090140000" lon="-111.613120000">
        <ele>1062</ele>
      </trkpt>
      <trkpt lat="34.089980000" lon="-111.613290000">
        <ele>1062</ele>
      </trkpt>
      <trkpt lat="34.089960000" lon="-111.613650000">
        <ele>1059</ele>
      </trkpt>
      <trkpt lat="34.089930000" lon="-111.613750000">
        <ele>1056</ele>
      </trkpt>
      <trkpt lat="34.089940000" lon="-111.613940000">
        <ele>1049</ele>
      </trkpt>
      <trkpt lat="34.089900000" lon="-111.613990000">
        <ele>1049</ele>
      </trkpt>
      <trkpt lat="34.089890000" lon="-111.614110000">
        <ele>1048</ele>
      </trkpt>
      <trkpt lat="34.089800000" lon="-111.614150000">
        <ele>1049</ele>
      </trkpt>
      <trkpt lat="34.089720000" lon="-111.614250000">
        <ele>1048</ele>
      </trkpt>
      <trkpt lat="34.089590000" lon="-111.614300000">
        <ele>1046</ele>
      </trkpt>
      <trkpt lat="34.089460000" lon="-111.614410000">
        <ele>1041</ele>
      </trkpt>
      <trkpt lat="34.089390000" lon="-111.614430000">
        <ele>1041</ele>
      </trkpt>
      <trkpt lat="34.089250000" lon="-111.614640000">
        <ele>1036</ele>
      </trkpt>
      <trkpt lat="34.089180000" lon="-111.614650000">
        <ele>1036</ele>
      </trkpt>
      <trkpt lat="34.088990000" lon="-111.614780000">
        <ele>1033</ele>
      </trkpt>
      <trkpt lat="34.088920000" lon="-111.614780000">
        <ele>1033</ele>
      </trkpt>
      <trkpt lat="34.088820000" lon="-111.614910000">
        <ele>1026</ele>
      </trkpt>
      <trkpt lat="34.088640000" lon="-111.614920000">
        <ele>1025</ele>
      </trkpt>
      <trkpt lat="34.088480000" lon="-111.614960000">
        <ele>1023</ele>
      </trkpt>
      <trkpt lat="34.088370000" lon="-111.614940000">
        <ele>1023</ele>
      </trkpt>
      <trkpt lat="34.088320000" lon="-111.614970000">
        <ele>1023</ele>
      </trkpt>
      <trkpt lat="34.088250000" lon="-111.614960000">
        <ele>1025</ele>
      </trkpt>
      <trkpt lat="34.088200000" lon="-111.615030000">
        <ele>1026</ele>
      </trkpt>
      <trkpt lat="34.088200000" lon="-111.615100000">
        <ele>1025</ele>
      </trkpt>
      <trkpt lat="34.088050000" lon="-111.615240000">
        <ele>1023</ele>
      </trkpt>
      <trkpt lat="34.087950000" lon="-111.615220000">
        <ele>1022</ele>
      </trkpt>
      <trkpt lat="34.087920000" lon="-111.615260000">
        <ele>1020</ele>
      </trkpt>
      <trkpt lat="34.087860000" lon="-111.615260000">
        <ele>1018</ele>
      </trkpt>
      <trkpt lat="34.087880000" lon="-111.615390000">
        <ele>1014</ele>
      </trkpt>
      <trkpt lat="34.087780000" lon="-111.615360000">
        <ele>1013</ele>
      </trkpt>
      <trkpt lat="34.087790000" lon="-111.615450000">
        <ele>1011</ele>
      </trkpt>
      <trkpt lat="34.087620000" lon="-111.615410000">
        <ele>1007</ele>
      </trkpt>
      <trkpt lat="34.087470000" lon="-111.615300000">
        <ele>1007</ele>
      </trkpt>
      <trkpt lat="34.087250000" lon="-111.615420000">
        <ele>1000</ele>
      </trkpt>
      <trkpt lat="34.086930000" lon="-111.615130000">
        <ele>997</ele>
      </trkpt>
      <trkpt lat="34.086800000" lon="-111.615140000">
        <ele>993</ele>
      </trkpt>
      <trkpt lat="34.086610000" lon="-111.615100000">
        <ele>989</ele>
      </trkpt>
      <trkpt lat="34.086530000" lon="-111.615050000">
        <ele>989</ele>
      </trkpt>
      <trkpt lat="34.086440000" lon="-111.615020000">
        <ele>987</ele>
      </trkpt>
      <trkpt lat="34.086350000" lon="-111.614940000">
        <ele>986</ele>
      </trkpt>
      <trkpt lat="34.086250000" lon="-111.614950000">
        <ele>983</ele>
      </trkpt>
      <trkpt lat="34.085920000" lon="-111.614870000">
        <ele>974</ele>
      </trkpt>
      <trkpt lat="34.085780000" lon="-111.614880000">
        <ele>970</ele>
      </trkpt>
      <trkpt lat="34.085570000" lon="-111.614790000">
        <ele>965</ele>
      </trkpt>
      <trkpt lat="34.085460000" lon="-111.614800000">
        <ele>963</ele>
      </trkpt>
      <trkpt lat="34.085420000" lon="-111.614820000">
        <ele>963</ele>
      </trkpt>
      <trkpt lat="34.085320000" lon="-111.614810000">
        <ele>963</ele>
      </trkpt>
      <trkpt lat="34.085230000" lon="-111.614840000">
        <ele>962</ele>
      </trkpt>
      <trkpt lat="34.085090000" lon="-111.614760000">
        <ele>962</ele>
      </trkpt>
      <trkpt lat="34.084860000" lon="-111.614740000">
        <ele>960</ele>
      </trkpt>
      <trkpt lat="34.084470000" lon="-111.614910000">
        <ele>955</ele>
      </trkpt>
      <trkpt lat="34.084370000" lon="-111.614990000">
        <ele>953</ele>
      </trkpt>
      <trkpt lat="34.084220000" lon="-111.615040000">
        <ele>952</ele>
      </trkpt>
      <trkpt lat="34.084150000" lon="-111.615100000">
        <ele>951</ele>
      </trkpt>
      <trkpt lat="34.083960000" lon="-111.615130000">
        <ele>951</ele>
      </trkpt>
      <trkpt lat="34.083970000" lon="-111.615160000">
        <ele>951</ele>
      </trkpt>
      <trkpt lat="34.083940000" lon="-111.615230000">
        <ele>951</ele>
      </trkpt>
      <trkpt lat="34.083930000" lon="-111.615310000">
        <ele>951</ele>
      </trkpt>
      <trkpt lat="34.083870000" lon="-111.615430000">
        <ele>951</ele>
      </trkpt>
      <trkpt lat="34.083740000" lon="-111.615530000">
        <ele>951</ele>
      </trkpt>
      <trkpt lat="34.083690000" lon="-111.615620000">
        <ele>951</ele>
      </trkpt>
      <trkpt lat="34.083490000" lon="-111.615850000">
        <ele>948</ele>
      </trkpt>
      <trkpt lat="34.083430000" lon="-111.615960000">
        <ele>945</ele>
      </trkpt>
      <trkpt lat="34.083290000" lon="-111.616100000">
        <ele>941</ele>
      </trkpt>
      <trkpt lat="34.083190000" lon="-111.616280000">
        <ele>939</ele>
      </trkpt>
      <trkpt lat="34.083140000" lon="-111.616350000">
        <ele>939</ele>
      </trkpt>
      <trkpt lat="34.083080000" lon="-111.616390000">
        <ele>939</ele>
      </trkpt>
      <trkpt lat="34.083040000" lon="-111.616480000">
        <ele>939</ele>
      </trkpt>
      <trkpt lat="34.082580000" lon="-111.616740000">
        <ele>938</ele>
      </trkpt>
      <trkpt lat="34.082400000" lon="-111.616950000">
        <ele>937</ele>
      </trkpt>
      <trkpt lat="34.082360000" lon="-111.617080000">
        <ele>935</ele>
      </trkpt>
      <trkpt lat="34.082200000" lon="-111.617200000">
        <ele>934</ele>
      </trkpt>
      <trkpt lat="34.082130000" lon="-111.617340000">
        <ele>932</ele>
      </trkpt>
      <trkpt lat="34.082090000" lon="-111.617510000">
        <ele>930</ele>
      </trkpt>
      <trkpt lat="34.081980000" lon="-111.617640000">
        <ele>929</ele>
      </trkpt>
      <trkpt lat="34.081940000" lon="-111.617720000">
        <ele>928</ele>
      </trkpt>
      <trkpt lat="34.081840000" lon="-111.617720000">
        <ele>928</ele>
      </trkpt>
      <trkpt lat="34.081780000" lon="-111.617790000">
        <ele>927</ele>
      </trkpt>
      <trkpt lat="34.081720000" lon="-111.617800000">
        <ele>927</ele>
      </trkpt>
      <trkpt lat="34.081710000" lon="-111.617950000">
        <ele>927</ele>
      </trkpt>
      <trkpt lat="34.081650000" lon="-111.618000000">
        <ele>927</ele>
      </trkpt>
      <trkpt lat="34.081650000" lon="-111.618050000">
        <ele>926</ele>
      </trkpt>
      <trkpt lat="34.081700000" lon="-111.618110000">
        <ele>926</ele>
      </trkpt>
      <trkpt lat="34.081700000" lon="-111.618140000">
        <ele>926</ele>
      </trkpt>
      <trkpt lat="34.081650000" lon="-111.618210000">
        <ele>926</ele>
      </trkpt>
      <trkpt lat="34.081560000" lon="-111.618250000">
        <ele>927</ele>
      </trkpt>
      <trkpt lat="34.081510000" lon="-111.618300000">
        <ele>927</ele>
      </trkpt>
      <trkpt lat="34.081530000" lon="-111.618380000">
        <ele>927</ele>
      </trkpt>
      <trkpt lat="34.081470000" lon="-111.618830000">
        <ele>926</ele>
      </trkpt>
      <trkpt lat="34.081500000" lon="-111.618990000">
        <ele>926</ele>
      </trkpt>
      <trkpt lat="34.081410000" lon="-111.619230000">
        <ele>925</ele>
      </trkpt>
      <trkpt lat="34.081410000" lon="-111.619400000">
        <ele>925</ele>
      </trkpt>
      <trkpt lat="34.081370000" lon="-111.619490000">
        <ele>925</ele>
      </trkpt>
      <trkpt lat="34.081430000" lon="-111.619450000">
        <ele>925</ele>
      </trkpt>
      <trkpt lat="34.081050000" lon="-111.619980000">
        <ele>922</ele>
      </trkpt>
      <trkpt lat="34.081030000" lon="-111.620060000">
        <ele>922</ele>
      </trkpt>
      <trkpt lat="34.081000000" lon="-111.620080000">
        <ele>921</ele>
      </trkpt>
      <trkpt lat="34.080960000" lon="-111.620240000">
        <ele>921</ele>
      </trkpt>
      <trkpt lat="34.080960000" lon="-111.620310000">
        <ele>921</ele>
      </trkpt>
      <trkpt lat="34.080900000" lon="-111.620360000">
        <ele>920</ele>
      </trkpt>
      <trkpt lat="34.080860000" lon="-111.620510000">
        <ele>919</ele>
      </trkpt>
      <trkpt lat="34.080880000" lon="-111.620600000">
        <ele>919</ele>
      </trkpt>
      <trkpt lat="34.080880000" lon="-111.620710000">
        <ele>918</ele>
      </trkpt>
      <trkpt lat="34.080830000" lon="-111.620880000">
        <ele>916</ele>
      </trkpt>
      <trkpt lat="34.080770000" lon="-111.620960000">
        <ele>916</ele>
      </trkpt>
      <trkpt lat="34.080740000" lon="-111.621070000">
        <ele>916</ele>
      </trkpt>
      <trkpt lat="34.080720000" lon="-111.621280000">
        <ele>918</ele>
      </trkpt>
      <trkpt lat="34.080780000" lon="-111.621400000">
        <ele>922</ele>
      </trkpt>
      <trkpt lat="34.080790000" lon="-111.621550000">
        <ele>923</ele>
      </trkpt>
      <trkpt lat="34.080880000" lon="-111.621700000">
        <ele>923</ele>
      </trkpt>
      <trkpt lat="34.080910000" lon="-111.621810000">
        <ele>922</ele>
      </trkpt>
      <trkpt lat="34.080850000" lon="-111.621960000">
        <ele>921</ele>
      </trkpt>
      <trkpt lat="34.080840000" lon="-111.622070000">
        <ele>921</ele>
      </trkpt>
      <trkpt lat="34.080880000" lon="-111.622200000">
        <ele>922</ele>
      </trkpt>
      <trkpt lat="34.080830000" lon="-111.622390000">
        <ele>923</ele>
      </trkpt>
      <trkpt lat="34.080850000" lon="-111.622560000">
        <ele>923</ele>
      </trkpt>
      <trkpt lat="34.080980000" lon="-111.622700000">
        <ele>924</ele>
      </trkpt>
      <trkpt lat="34.080990000" lon="-111.622870000">
        <ele>923</ele>
      </trkpt>
      <trkpt lat="34.081040000" lon="-111.622970000">
        <ele>923</ele>
      </trkpt>
      <trkpt lat="34.081120000" lon="-111.623310000">
        <ele>924</ele>
      </trkpt>
      <trkpt lat="34.081110000" lon="-111.623610000">
        <ele>922</ele>
      </trkpt>
      <trkpt lat="34.081160000" lon="-111.623800000">
        <ele>923</ele>
      </trkpt>
      <trkpt lat="34.081230000" lon="-111.623900000">
        <ele>924</ele>
      </trkpt>
      <trkpt lat="34.081140000" lon="-111.624160000">
        <ele>926</ele>
      </trkpt>
      <trkpt lat="34.081100000" lon="-111.624470000">
        <ele>927</ele>
      </trkpt>
      <trkpt lat="34.081050000" lon="-111.624520000">
        <ele>928</ele>
      </trkpt>
      <trkpt lat="34.081030000" lon="-111.624600000">
        <ele>928</ele>
      </trkpt>
      <trkpt lat="34.081050000" lon="-111.624710000">
        <ele>928</ele>
      </trkpt>
      <trkpt lat="34.080930000" lon="-111.624840000">
        <ele>928</ele>
      </trkpt>
      <trkpt lat="34.080920000" lon="-111.624890000">
        <ele>928</ele>
      </trkpt>
      <trkpt lat="34.080930000" lon="-111.625060000">
        <ele>928</ele>
      </trkpt>
      <trkpt lat="34.080900000" lon="-111.625160000">
        <ele>928</ele>
      </trkpt>
      <trkpt lat="34.080900000" lon="-111.625390000">
        <ele>928</ele>
      </trkpt>
      <trkpt lat="34.080840000" lon="-111.625630000">
        <ele>928</ele>
      </trkpt>
      <trkpt lat="34.080840000" lon="-111.625990000">
        <ele>926</ele>
      </trkpt>
      <trkpt lat="34.080890000" lon="-111.626090000">
        <ele>925</ele>
      </trkpt>
      <trkpt lat="34.080860000" lon="-111.626400000">
        <ele>922</ele>
      </trkpt>
      <trkpt lat="34.080820000" lon="-111.626510000">
        <ele>921</ele>
      </trkpt>
      <trkpt lat="34.080810000" lon="-111.626810000">
        <ele>918</ele>
      </trkpt>
      <trkpt lat="34.080850000" lon="-111.626920000">
        <ele>917</ele>
      </trkpt>
      <trkpt lat="34.080860000" lon="-111.627100000">
        <ele>916</ele>
      </trkpt>
      <trkpt lat="34.080850000" lon="-111.627250000">
        <ele>915</ele>
      </trkpt>
      <trkpt lat="34.080820000" lon="-111.627390000">
        <ele>914</ele>
      </trkpt>
      <trkpt lat="34.080810000" lon="-111.628010000">
        <ele>905</ele>
      </trkpt>
      <trkpt lat="34.080900000" lon="-111.628470000">
        <ele>901</ele>
      </trkpt>
      <trkpt lat="34.080890000" lon="-111.628640000">
        <ele>902</ele>
      </trkpt>
      <trkpt lat="34.080910000" lon="-111.628770000">
        <ele>902</ele>
      </trkpt>
      <trkpt lat="34.080940000" lon="-111.628830000">
        <ele>902</ele>
      </trkpt>
      <trkpt lat="34.080950000" lon="-111.629150000">
        <ele>902</ele>
      </trkpt>
      <trkpt lat="34.080950000" lon="-111.629290000">
        <ele>901</ele>
      </trkpt>
      <trkpt lat="34.080880000" lon="-111.629490000">
        <ele>900</ele>
      </trkpt>
      <trkpt lat="34.080890000" lon="-111.629840000">
        <ele>895</ele>
      </trkpt>
      <trkpt lat="34.081050000" lon="-111.630340000">
        <ele>892</ele>
      </trkpt>
      <trkpt lat="34.081040000" lon="-111.630410000">
        <ele>892</ele>
      </trkpt>
      <trkpt lat="34.081050000" lon="-111.630600000">
        <ele>889</ele>
      </trkpt>
      <trkpt lat="34.081090000" lon="-111.630780000">
        <ele>887</ele>
      </trkpt>
      <trkpt lat="34.081060000" lon="-111.631030000">
        <ele>887</ele>
      </trkpt>
      <trkpt lat="34.081080000" lon="-111.631390000">
        <ele>890</ele>
      </trkpt>
      <trkpt lat="34.081070000" lon="-111.631530000">
        <ele>891</ele>
      </trkpt>
      <trkpt lat="34.081180000" lon="-111.631980000">
        <ele>891</ele>
      </trkpt>
      <trkpt lat="34.081480000" lon="-111.632790000">
        <ele>880</ele>
      </trkpt>
      <trkpt lat="34.081510000" lon="-111.633100000">
        <ele>878</ele>
      </trkpt>
      <trkpt lat="34.081600000" lon="-111.633310000">
        <ele>874</ele>
      </trkpt>
      <trkpt lat="34.081650000" lon="-111.633590000">
        <ele>870</ele>
      </trkpt>
      <trkpt lat="34.081660000" lon="-111.633770000">
        <ele>869</ele>
      </trkpt>
      <trkpt lat="34.081720000" lon="-111.633920000">
        <ele>865</ele>
      </trkpt>
      <trkpt lat="34.081800000" lon="-111.634300000">
        <ele>861</ele>
      </trkpt>
      <trkpt lat="34.081790000" lon="-111.634410000">
        <ele>861</ele>
      </trkpt>
      <trkpt lat="34.081730000" lon="-111.634540000">
        <ele>861</ele>
      </trkpt>
      <trkpt lat="34.081710000" lon="-111.634780000">
        <ele>859</ele>
      </trkpt>
      <trkpt lat="34.081690000" lon="-111.635010000">
        <ele>859</ele>
      </trkpt>
      <trkpt lat="34.081720000" lon="-111.635130000">
        <ele>859</ele>
      </trkpt>
      <trkpt lat="34.081720000" lon="-111.635260000">
        <ele>858</ele>
      </trkpt>
      <trkpt lat="34.081770000" lon="-111.635420000">
        <ele>857</ele>
      </trkpt>
      <trkpt lat="34.081820000" lon="-111.635460000">
        <ele>855</ele>
      </trkpt>
      <trkpt lat="34.081860000" lon="-111.635700000">
        <ele>854</ele>
      </trkpt>
      <trkpt lat="34.081960000" lon="-111.635870000">
        <ele>853</ele>
      </trkpt>
      <trkpt lat="34.081960000" lon="-111.635930000">
        <ele>853</ele>
      </trkpt>
      <trkpt lat="34.082030000" lon="-111.635990000">
        <ele>853</ele>
      </trkpt>
      <trkpt lat="34.082090000" lon="-111.636080000">
        <ele>852</ele>
      </trkpt>
      <trkpt lat="34.082230000" lon="-111.636480000">
        <ele>847</ele>
      </trkpt>
      <trkpt lat="34.082230000" lon="-111.636650000">
        <ele>846</ele>
      </trkpt>
      <trkpt lat="34.082260000" lon="-111.636840000">
        <ele>843</ele>
      </trkpt>
      <trkpt lat="34.082180000" lon="-111.637010000">
        <ele>842</ele>
      </trkpt>
      <trkpt lat="34.082160000" lon="-111.637120000">
        <ele>841</ele>
      </trkpt>
      <trkpt lat="34.082230000" lon="-111.637310000">
        <ele>841</ele>
      </trkpt>
      <trkpt lat="34.082230000" lon="-111.637390000">
        <ele>841</ele>
      </trkpt>
      <trkpt lat="34.082290000" lon="-111.637540000">
        <ele>841</ele>
      </trkpt>
      <trkpt lat="34.082320000" lon="-111.637740000">
        <ele>841</ele>
      </trkpt>
      <trkpt lat="34.082200000" lon="-111.638100000">
        <ele>841</ele>
      </trkpt>
      <trkpt lat="34.082160000" lon="-111.638400000">
        <ele>840</ele>
      </trkpt>
      <trkpt lat="34.082260000" lon="-111.638520000">
        <ele>840</ele>
      </trkpt>
      <trkpt lat="34.082600000" lon="-111.639130000">
        <ele>840</ele>
      </trkpt>
      <trkpt lat="34.082710000" lon="-111.639470000">
        <ele>837</ele>
      </trkpt>
      <trkpt lat="34.082930000" lon="-111.639830000">
        <ele>831</ele>
      </trkpt>
      <trkpt lat="34.082950000" lon="-111.639930000">
        <ele>830</ele>
      </trkpt>
      <trkpt lat="34.082920000" lon="-111.639960000">
        <ele>830</ele>
      </trkpt>
      <trkpt lat="34.082920000" lon="-111.640010000">
        <ele>830</ele>
      </trkpt>
      <trkpt lat="34.083020000" lon="-111.640050000">
        <ele>830</ele>
      </trkpt>
      <trkpt lat="34.083080000" lon="-111.640190000">
        <ele>829</ele>
      </trkpt>
      <trkpt lat="34.083240000" lon="-111.640400000">
        <ele>828</ele>
      </trkpt>
      <trkpt lat="34.083310000" lon="-111.640600000">
        <ele>827</ele>
      </trkpt>
      <trkpt lat="34.083320000" lon="-111.640730000">
        <ele>827</ele>
      </trkpt>
      <trkpt lat="34.083490000" lon="-111.640930000">
        <ele>827</ele>
      </trkpt>
      <trkpt lat="34.083500000" lon="-111.640990000">
        <ele>826</ele>
      </trkpt>
      <trkpt lat="34.083570000" lon="-111.641080000">
        <ele>827</ele>
      </trkpt>
      <trkpt lat="34.083580000" lon="-111.641180000">
        <ele>827</ele>
      </trkpt>
      <trkpt lat="34.083660000" lon="-111.641300000">
        <ele>827</ele>
      </trkpt>
      <trkpt lat="34.083580000" lon="-111.641470000">
        <ele>827</ele>
      </trkpt>
      <trkpt lat="34.083590000" lon="-111.641680000">
        <ele>827</ele>
      </trkpt>
      <trkpt lat="34.083550000" lon="-111.642110000">
        <ele>827</ele>
      </trkpt>
      <trkpt lat="34.083580000" lon="-111.642290000">
        <ele>826</ele>
      </trkpt>
      <trkpt lat="34.083550000" lon="-111.642480000">
        <ele>823</ele>
      </trkpt>
      <trkpt lat="34.083570000" lon="-111.642780000">
        <ele>820</ele>
      </trkpt>
      <trkpt lat="34.083590000" lon="-111.642910000">
        <ele>820</ele>
      </trkpt>
      <trkpt lat="34.083580000" lon="-111.643090000">
        <ele>818</ele>
      </trkpt>
      <trkpt lat="34.083640000" lon="-111.643320000">
        <ele>818</ele>
      </trkpt>
      <trkpt lat="34.083610000" lon="-111.643940000">
        <ele>817</ele>
      </trkpt>
      <trkpt lat="34.083660000" lon="-111.644030000">
        <ele>817</ele>
      </trkpt>
      <trkpt lat="34.083640000" lon="-111.644140000">
        <ele>817</ele>
      </trkpt>
      <trkpt lat="34.083830000" lon="-111.644450000">
        <ele>817</ele>
      </trkpt>
      <trkpt lat="34.083800000" lon="-111.644460000">
        <ele>817</ele>
      </trkpt>
      <trkpt lat="34.083790000" lon="-111.644490000">
        <ele>817</ele>
      </trkpt>
      <trkpt lat="34.083790000" lon="-111.644460000">
        <ele>817</ele>
      </trkpt>
      <trkpt lat="34.083730000" lon="-111.644670000">
        <ele>817</ele>
      </trkpt>
      <trkpt lat="34.083750000" lon="-111.644900000">
        <ele>817</ele>
      </trkpt>
      <trkpt lat="34.083740000" lon="-111.645000000">
        <ele>817</ele>
      </trkpt>
      <trkpt lat="34.083780000" lon="-111.645200000">
        <ele>816</ele>
      </trkpt>
      <trkpt lat="34.083720000" lon="-111.645410000">
        <ele>816</ele>
      </trkpt>
      <trkpt lat="34.083740000" lon="-111.645490000">
        <ele>816</ele>
      </trkpt>
      <trkpt lat="34.083690000" lon="-111.645590000">
        <ele>816</ele>
      </trkpt>
      <trkpt lat="34.083580000" lon="-111.645960000">
        <ele>815</ele>
      </trkpt>
      <trkpt lat="34.083430000" lon="-111.646110000">
        <ele>813</ele>
      </trkpt>
      <trkpt lat="34.083150000" lon="-111.646510000">
        <ele>810</ele>
      </trkpt>
      <trkpt lat="34.082990000" lon="-111.646660000">
        <ele>809</ele>
      </trkpt>
      <trkpt lat="34.082780000" lon="-111.646800000">
        <ele>807</ele>
      </trkpt>
      <trkpt lat="34.082740000" lon="-111.646860000">
        <ele>806</ele>
      </trkpt>
      <trkpt lat="34.082410000" lon="-111.647050000">
        <ele>805</ele>
      </trkpt>
      <trkpt lat="34.082350000" lon="-111.647130000">
        <ele>805</ele>
      </trkpt>
      <trkpt lat="34.082250000" lon="-111.647210000">
        <ele>804</ele>
      </trkpt>
      <trkpt lat="34.082160000" lon="-111.647460000">
        <ele>805</ele>
      </trkpt>
      <trkpt lat="34.081980000" lon="-111.647790000">
        <ele>804</ele>
      </trkpt>
      <trkpt lat="34.081930000" lon="-111.648050000">
        <ele>804</ele>
      </trkpt>
      <trkpt lat="34.081830000" lon="-111.648140000">
        <ele>804</ele>
      </trkpt>
      <trkpt lat="34.081650000" lon="-111.648420000">
        <ele>804</ele>
      </trkpt>
      <trkpt lat="34.081520000" lon="-111.648510000">
        <ele>804</ele>
      </trkpt>
      <trkpt lat="34.081380000" lon="-111.648670000">
        <ele>805</ele>
      </trkpt>
      <trkpt lat="34.081290000" lon="-111.648740000">
        <ele>805</ele>
      </trkpt>
      <trkpt lat="34.081200000" lon="-111.648870000">
        <ele>805</ele>
      </trkpt>
      <trkpt lat="34.081190000" lon="-111.648960000">
        <ele>805</ele>
      </trkpt>
      <trkpt lat="34.081140000" lon="-111.649030000">
        <ele>804</ele>
      </trkpt>
      <trkpt lat="34.081010000" lon="-111.649200000">
        <ele>803</ele>
      </trkpt>
      <trkpt lat="34.080760000" lon="-111.649440000">
        <ele>804</ele>
      </trkpt>
      <trkpt lat="34.080730000" lon="-111.649510000">
        <ele>804</ele>
      </trkpt>
      <trkpt lat="34.080520000" lon="-111.649800000">
        <ele>802</ele>
      </trkpt>
      <trkpt lat="34.080210000" lon="-111.650460000">
        <ele>801</ele>
      </trkpt>
      <trkpt lat="34.080040000" lon="-111.651110000">
        <ele>799</ele>
      </trkpt>
      <trkpt lat="34.079970000" lon="-111.651260000">
        <ele>798</ele>
      </trkpt>
      <trkpt lat="34.079950000" lon="-111.651440000">
        <ele>797</ele>
      </trkpt>
      <trkpt lat="34.079880000" lon="-111.651570000">
        <ele>796</ele>
      </trkpt>
      <trkpt lat="34.079810000" lon="-111.651980000">
        <ele>793</ele>
      </trkpt>
      <trkpt lat="34.079720000" lon="-111.652150000">
        <ele>793</ele>
      </trkpt>
      <trkpt lat="34.079680000" lon="-111.652470000">
        <ele>792</ele>
      </trkpt>
      <trkpt lat="34.079630000" lon="-111.652570000">
        <ele>792</ele>
      </trkpt>
      <trkpt lat="34.079600000" lon="-111.652720000">
        <ele>792</ele>
      </trkpt>
      <trkpt lat="34.079470000" lon="-111.653020000">
        <ele>792</ele>
      </trkpt>
      <trkpt lat="34.079410000" lon="-111.653100000">
        <ele>792</ele>
      </trkpt>
      <trkpt lat="34.079430000" lon="-111.653290000">
        <ele>792</ele>
      </trkpt>
      <trkpt lat="34.079400000" lon="-111.653350000">
        <ele>793</ele>
      </trkpt>
      <trkpt lat="34.079250000" lon="-111.654030000">
        <ele>792</ele>
      </trkpt>
      <trkpt lat="34.079170000" lon="-111.654190000">
        <ele>791</ele>
      </trkpt>
      <trkpt lat="34.079050000" lon="-111.654330000">
        <ele>790</ele>
      </trkpt>
      <trkpt lat="34.079010000" lon="-111.654460000">
        <ele>790</ele>
      </trkpt>
      <trkpt lat="34.078910000" lon="-111.654640000">
        <ele>789</ele>
      </trkpt>
      <trkpt lat="34.078620000" lon="-111.655050000">
        <ele>786</ele>
      </trkpt>
      <trkpt lat="34.078420000" lon="-111.655430000">
        <ele>784</ele>
      </trkpt>
      <trkpt lat="34.078240000" lon="-111.655680000">
        <ele>782</ele>
      </trkpt>
      <trkpt lat="34.078170000" lon="-111.655850000">
        <ele>780</ele>
      </trkpt>
      <trkpt lat="34.078120000" lon="-111.655910000">
        <ele>780</ele>
      </trkpt>
      <trkpt lat="34.078020000" lon="-111.655970000">
        <ele>780</ele>
      </trkpt>
      <trkpt lat="34.078010000" lon="-111.656000000">
        <ele>780</ele>
      </trkpt>
      <trkpt lat="34.078040000" lon="-111.656000000">
        <ele>779</ele>
      </trkpt>
      <trkpt lat="34.077990000" lon="-111.656020000">
        <ele>780</ele>
      </trkpt>
      <trkpt lat="34.077970000" lon="-111.656040000">
        <ele>779</ele>
      </trkpt>
      <trkpt lat="34.077920000" lon="-111.656380000">
        <ele>778</ele>
      </trkpt>
      <trkpt lat="34.077910000" lon="-111.656600000">
        <ele>777</ele>
      </trkpt>
      <trkpt lat="34.077860000" lon="-111.656710000">
        <ele>777</ele>
      </trkpt>
      <trkpt lat="34.077820000" lon="-111.657320000">
        <ele>772</ele>
      </trkpt>
      <trkpt lat="34.077760000" lon="-111.657540000">
        <ele>770</ele>
      </trkpt>
      <trkpt lat="34.077730000" lon="-111.657890000">
        <ele>768</ele>
      </trkpt>
      <trkpt lat="34.077680000" lon="-111.658080000">
        <ele>768</ele>
      </trkpt>
      <trkpt lat="34.077690000" lon="-111.658410000">
        <ele>768</ele>
      </trkpt>
      <trkpt lat="34.077630000" lon="-111.658730000">
        <ele>767</ele>
      </trkpt>
      <trkpt lat="34.077640000" lon="-111.658850000">
        <ele>767</ele>
      </trkpt>
      <trkpt lat="34.077590000" lon="-111.659230000">
        <ele>765</ele>
      </trkpt>
      <trkpt lat="34.077510000" lon="-111.659540000">
        <ele>762</ele>
      </trkpt>
      <trkpt lat="34.077530000" lon="-111.659730000">
        <ele>761</ele>
      </trkpt>
      <trkpt lat="34.077480000" lon="-111.659870000">
        <ele>760</ele>
      </trkpt>
      <trkpt lat="34.077490000" lon="-111.660050000">
        <ele>759</ele>
      </trkpt>
      <trkpt lat="34.077460000" lon="-111.660110000">
        <ele>759</ele>
      </trkpt>
      <trkpt lat="34.077460000" lon="-111.660290000">
        <ele>758</ele>
      </trkpt>
      <trkpt lat="34.077400000" lon="-111.660610000">
        <ele>756</ele>
      </trkpt>
      <trkpt lat="34.077410000" lon="-111.660750000">
        <ele>756</ele>
      </trkpt>
      <trkpt lat="34.077320000" lon="-111.661070000">
        <ele>756</ele>
      </trkpt>
      <trkpt lat="34.077320000" lon="-111.661180000">
        <ele>756</ele>
      </trkpt>
      <trkpt lat="34.077290000" lon="-111.661270000">
        <ele>756</ele>
      </trkpt>
      <trkpt lat="34.077290000" lon="-111.661480000">
        <ele>756</ele>
      </trkpt>
      <trkpt lat="34.077260000" lon="-111.661650000">
        <ele>756</ele>
      </trkpt>
      <trkpt lat="34.077300000" lon="-111.661800000">
        <ele>756</ele>
      </trkpt>
      <trkpt lat="34.077300000" lon="-111.661930000">
        <ele>756</ele>
      </trkpt>
      <trkpt lat="34.077250000" lon="-111.662030000">
        <ele>756</ele>
      </trkpt>
      <trkpt lat="34.077170000" lon="-111.662370000">
        <ele>756</ele>
      </trkpt>
      <trkpt lat="34.077140000" lon="-111.662610000">
        <ele>755</ele>
      </trkpt>
      <trkpt lat="34.077070000" lon="-111.662920000">
        <ele>755</ele>
      </trkpt>
      <trkpt lat="34.077070000" lon="-111.663060000">
        <ele>755</ele>
      </trkpt>
      <trkpt lat="34.077030000" lon="-111.663250000">
        <ele>755</ele>
      </trkpt>
      <trkpt lat="34.077020000" lon="-111.663530000">
        <ele>755</ele>
      </trkpt>
      <trkpt lat="34.076990000" lon="-111.663590000">
        <ele>754</ele>
      </trkpt>
      <trkpt lat="34.076950000" lon="-111.664090000">
        <ele>752</ele>
      </trkpt>
      <trkpt lat="34.076920000" lon="-111.664180000">
        <ele>752</ele>
      </trkpt>
      <trkpt lat="34.076920000" lon="-111.664310000">
        <ele>751</ele>
      </trkpt>
      <trkpt lat="34.076890000" lon="-111.664370000">
        <ele>751</ele>
      </trkpt>
      <trkpt lat="34.076850000" lon="-111.664550000">
        <ele>750</ele>
      </trkpt>
      <trkpt lat="34.076860000" lon="-111.664660000">
        <ele>749</ele>
      </trkpt>
      <trkpt lat="34.076800000" lon="-111.665120000">
        <ele>747</ele>
      </trkpt>
      <trkpt lat="34.076690000" lon="-111.665670000">
        <ele>745</ele>
      </trkpt>
      <trkpt lat="34.076680000" lon="-111.666190000">
        <ele>745</ele>
      </trkpt>
      <trkpt lat="34.076620000" lon="-111.666360000">
        <ele>745</ele>
      </trkpt>
      <trkpt lat="34.076550000" lon="-111.667060000">
        <ele>745</ele>
      </trkpt>
      <trkpt lat="34.076480000" lon="-111.667190000">
        <ele>744</ele>
      </trkpt>
      <trkpt lat="34.076490000" lon="-111.667300000">
        <ele>744</ele>
      </trkpt>
      <trkpt lat="34.076530000" lon="-111.667360000">
        <ele>745</ele>
      </trkpt>
      <trkpt lat="34.076520000" lon="-111.667600000">
        <ele>745</ele>
      </trkpt>
      <trkpt lat="34.076540000" lon="-111.667700000">
        <ele>745</ele>
      </trkpt>
      <trkpt lat="34.076510000" lon="-111.667810000">
        <ele>745</ele>
      </trkpt>
      <trkpt lat="34.076490000" lon="-111.668080000">
        <ele>745</ele>
      </trkpt>
      <trkpt lat="34.076410000" lon="-111.668380000">
        <ele>744</ele>
      </trkpt>
      <trkpt lat="34.076400000" lon="-111.668590000">
        <ele>744</ele>
      </trkpt>
      <trkpt lat="34.076310000" lon="-111.668950000">
        <ele>744</ele>
      </trkpt>
      <trkpt lat="34.076280000" lon="-111.669210000">
        <ele>744</ele>
      </trkpt>
      <trkpt lat="34.076220000" lon="-111.669390000">
        <ele>744</ele>
      </trkpt>
      <trkpt lat="34.076210000" lon="-111.669560000">
        <ele>743</ele>
      </trkpt>
      <trkpt lat="34.076250000" lon="-111.669750000">
        <ele>743</ele>
      </trkpt>
      <trkpt lat="34.076230000" lon="-111.670250000">
        <ele>743</ele>
      </trkpt>
      <trkpt lat="34.076270000" lon="-111.670380000">
        <ele>743</ele>
      </trkpt>
      <trkpt lat="34.076270000" lon="-111.670590000">
        <ele>743</ele>
      </trkpt>
      <trkpt lat="34.076320000" lon="-111.670820000">
        <ele>743</ele>
      </trkpt>
      <trkpt lat="34.076340000" lon="-111.671180000">
        <ele>745</ele>
      </trkpt>
      <trkpt lat="34.076380000" lon="-111.671430000">
        <ele>745</ele>
      </trkpt>
      <trkpt lat="34.076360000" lon="-111.671620000">
        <ele>745</ele>
      </trkpt>
      <trkpt lat="34.076370000" lon="-111.671790000">
        <ele>744</ele>
      </trkpt>
      <trkpt lat="34.076340000" lon="-111.671900000">
        <ele>745</ele>
      </trkpt>
      <trkpt lat="34.076370000" lon="-111.672000000">
        <ele>745</ele>
      </trkpt>
      <trkpt lat="34.076430000" lon="-111.672090000">
        <ele>744</ele>
      </trkpt>
      <trkpt lat="34.076630000" lon="-111.672260000">
        <ele>743</ele>
      </trkpt>
      <trkpt lat="34.076700000" lon="-111.672350000">
        <ele>742</ele>
      </trkpt>
      <trkpt lat="34.076710000" lon="-111.672420000">
        <ele>742</ele>
      </trkpt>
      <trkpt lat="34.076790000" lon="-111.672610000">
        <ele>741</ele>
      </trkpt>
      <trkpt lat="34.076850000" lon="-111.672860000">
        <ele>740</ele>
      </trkpt>
      <trkpt lat="34.076850000" lon="-111.673060000">
        <ele>741</ele>
      </trkpt>
      <trkpt lat="34.076880000" lon="-111.673150000">
        <ele>741</ele>
      </trkpt>
      <trkpt lat="34.076890000" lon="-111.673260000">
        <ele>741</ele>
      </trkpt>
      <trkpt lat="34.076840000" lon="-111.673420000">
        <ele>742</ele>
      </trkpt>
      <trkpt lat="34.076840000" lon="-111.673530000">
        <ele>743</ele>
      </trkpt>
      <trkpt lat="34.076710000" lon="-111.673840000">
        <ele>743</ele>
      </trkpt>
      <trkpt lat="34.076640000" lon="-111.673950000">
        <ele>744</ele>
      </trkpt>
      <trkpt lat="34.076620000" lon="-111.674040000">
        <ele>743</ele>
      </trkpt>
      <trkpt lat="34.076490000" lon="-111.674250000">
        <ele>743</ele>
      </trkpt>
      <trkpt lat="34.076470000" lon="-111.674320000">
        <ele>743</ele>
      </trkpt>
      <trkpt lat="34.076310000" lon="-111.674520000">
        <ele>742</ele>
      </trkpt>
      <trkpt lat="34.076120000" lon="-111.674840000">
        <ele>737</ele>
      </trkpt>
      <trkpt lat="34.076010000" lon="-111.675310000">
        <ele>731</ele>
      </trkpt>
      <trkpt lat="34.075940000" lon="-111.675330000">
        <ele>731</ele>
      </trkpt>
      <trkpt lat="34.075920000" lon="-111.675370000">
        <ele>731</ele>
      </trkpt>
      <trkpt lat="34.075930000" lon="-111.675580000">
        <ele>730</ele>
      </trkpt>
      <trkpt lat="34.075980000" lon="-111.675780000">
        <ele>729</ele>
      </trkpt>
      <trkpt lat="34.075900000" lon="-111.675920000">
        <ele>726</ele>
      </trkpt>
      <trkpt lat="34.075900000" lon="-111.676070000">
        <ele>724</ele>
      </trkpt>
      <trkpt lat="34.075860000" lon="-111.676130000">
        <ele>722</ele>
      </trkpt>
      <trkpt lat="34.075840000" lon="-111.676260000">
        <ele>721</ele>
      </trkpt>
      <trkpt lat="34.075740000" lon="-111.676450000">
        <ele>719</ele>
      </trkpt>
      <trkpt lat="34.075680000" lon="-111.676710000">
        <ele>719</ele>
      </trkpt>
      <trkpt lat="34.075630000" lon="-111.676860000">
        <ele>718</ele>
      </trkpt>
      <trkpt lat="34.075460000" lon="-111.677060000">
        <ele>718</ele>
      </trkpt>
      <trkpt lat="34.075420000" lon="-111.677220000">
        <ele>718</ele>
      </trkpt>
      <trkpt lat="34.075430000" lon="-111.677250000">
        <ele>718</ele>
      </trkpt>
      <trkpt lat="34.075260000" lon="-111.677750000">
        <ele>718</ele>
      </trkpt>
      <trkpt lat="34.075240000" lon="-111.677770000">
        <ele>718</ele>
      </trkpt>
      <trkpt lat="34.075050000" lon="-111.677780000">
        <ele>718</ele>
      </trkpt>
      <trkpt lat="34.074960000" lon="-111.677820000">
        <ele>718</ele>
      </trkpt>
      <trkpt lat="34.074870000" lon="-111.677960000">
        <ele>718</ele>
      </trkpt>
      <trkpt lat="34.074880000" lon="-111.677990000">
        <ele>718</ele>
      </trkpt>
      <trkpt lat="34.074940000" lon="-111.677820000">
        <ele>718</ele>
      </trkpt>
      <trkpt lat="34.074990000" lon="-111.677770000">
        <ele>718</ele>
      </trkpt>
      <trkpt lat="34.075120000" lon="-111.677750000">
        <ele>718</ele>
      </trkpt>
      <trkpt lat="34.075240000" lon="-111.677770000">
        <ele>718</ele>
      </trkpt>
      <trkpt lat="34.075250000" lon="-111.677790000">
        <ele>718</ele>
      </trkpt>
      <trkpt lat="34.075250000" lon="-111.677890000">
        <ele>718</ele>
      </trkpt>
      <trkpt lat="34.075210000" lon="-111.678030000">
        <ele>718</ele>
      </trkpt>
      <trkpt lat="34.075230000" lon="-111.678090000">
        <ele>718</ele>
      </trkpt>
      <trkpt lat="34.075190000" lon="-111.678260000">
        <ele>718</ele>
      </trkpt>
      <trkpt lat="34.075200000" lon="-111.678330000">
        <ele>718</ele>
      </trkpt>
      <trkpt lat="34.075250000" lon="-111.678420000">
        <ele>719</ele>
      </trkpt>
      <trkpt lat="34.075190000" lon="-111.678680000">
        <ele>722</ele>
      </trkpt>
      <trkpt lat="34.075180000" lon="-111.678850000">
        <ele>725</ele>
      </trkpt>
      <trkpt lat="34.075210000" lon="-111.678960000">
        <ele>726</ele>
      </trkpt>
      <trkpt lat="34.075160000" lon="-111.678980000">
        <ele>726</ele>
      </trkpt>
      <trkpt lat="34.075100000" lon="-111.679140000">
        <ele>727</ele>
      </trkpt>
      <trkpt lat="34.075120000" lon="-111.679270000">
        <ele>728</ele>
      </trkpt>
      <trkpt lat="34.075190000" lon="-111.679330000">
        <ele>728</ele>
      </trkpt>
      <trkpt lat="34.075270000" lon="-111.679470000">
        <ele>729</ele>
      </trkpt>
      <trkpt lat="34.075280000" lon="-111.679710000">
        <ele>729</ele>
      </trkpt>
      <trkpt lat="34.075310000" lon="-111.679760000">
        <ele>729</ele>
      </trkpt>
      <trkpt lat="34.075330000" lon="-111.680110000">
        <ele>728</ele>
      </trkpt>
      <trkpt lat="34.075370000" lon="-111.680240000">
        <ele>728</ele>
      </trkpt>
      <trkpt lat="34.075430000" lon="-111.680350000">
        <ele>729</ele>
      </trkpt>
      <trkpt lat="34.075430000" lon="-111.680510000">
        <ele>728</ele>
      </trkpt>
      <trkpt lat="34.075370000" lon="-111.680810000">
        <ele>726</ele>
      </trkpt>
      <trkpt lat="34.075200000" lon="-111.681130000">
        <ele>724</ele>
      </trkpt>
      <trkpt lat="34.075140000" lon="-111.681720000">
        <ele>723</ele>
      </trkpt>
      <trkpt lat="34.075250000" lon="-111.682120000">
        <ele>723</ele>
      </trkpt>
      <trkpt lat="34.075250000" lon="-111.682220000">
        <ele>722</ele>
      </trkpt>
      <trkpt lat="34.075360000" lon="-111.682660000">
        <ele>721</ele>
      </trkpt>
      <trkpt lat="34.075350000" lon="-111.682890000">
        <ele>720</ele>
      </trkpt>
      <trkpt lat="34.075360000" lon="-111.683150000">
        <ele>719</ele>
      </trkpt>
      <trkpt lat="34.075290000" lon="-111.683310000">
        <ele>718</ele>
      </trkpt>
      <trkpt lat="34.075260000" lon="-111.683630000">
        <ele>717</ele>
      </trkpt>
      <trkpt lat="34.075140000" lon="-111.684010000">
        <ele>715</ele>
      </trkpt>
      <trkpt lat="34.075090000" lon="-111.684330000">
        <ele>714</ele>
      </trkpt>
      <trkpt lat="34.074900000" lon="-111.684680000">
        <ele>709</ele>
      </trkpt>
      <trkpt lat="34.074870000" lon="-111.684770000">
        <ele>708</ele>
      </trkpt>
      <trkpt lat="34.074870000" lon="-111.684840000">
        <ele>708</ele>
      </trkpt>
      <trkpt lat="34.074810000" lon="-111.684980000">
        <ele>707</ele>
      </trkpt>
      <trkpt lat="34.074790000" lon="-111.685270000">
        <ele>705</ele>
      </trkpt>
      <trkpt lat="34.074840000" lon="-111.685620000">
        <ele>701</ele>
      </trkpt>
      <trkpt lat="34.074830000" lon="-111.686050000">
        <ele>697</ele>
      </trkpt>
      <trkpt lat="34.074860000" lon="-111.686160000">
        <ele>697</ele>
      </trkpt>
      <trkpt lat="34.074800000" lon="-111.686500000">
        <ele>695</ele>
      </trkpt>
      <trkpt lat="34.074740000" lon="-111.686690000">
        <ele>695</ele>
      </trkpt>
      <trkpt lat="34.074750000" lon="-111.686870000">
        <ele>695</ele>
      </trkpt>
      <trkpt lat="34.074740000" lon="-111.687140000">
        <ele>695</ele>
      </trkpt>
      <trkpt lat="34.074660000" lon="-111.687290000">
        <ele>694</ele>
      </trkpt>
      <trkpt lat="34.074580000" lon="-111.687590000">
        <ele>694</ele>
      </trkpt>
      <trkpt lat="34.074500000" lon="-111.687740000">
        <ele>693</ele>
      </trkpt>
      <trkpt lat="34.074460000" lon="-111.687870000">
        <ele>692</ele>
      </trkpt>
      <trkpt lat="34.074460000" lon="-111.688020000">
        <ele>692</ele>
      </trkpt>
      <trkpt lat="34.074540000" lon="-111.688360000">
        <ele>690</ele>
      </trkpt>
      <trkpt lat="34.074540000" lon="-111.688540000">
        <ele>689</ele>
      </trkpt>
      <trkpt lat="34.074580000" lon="-111.688660000">
        <ele>689</ele>
      </trkpt>
      <trkpt lat="34.074550000" lon="-111.688720000">
        <ele>688</ele>
      </trkpt>
      <trkpt lat="34.074540000" lon="-111.689020000">
        <ele>685</ele>
      </trkpt>
      <trkpt lat="34.074450000" lon="-111.689290000">
        <ele>684</ele>
      </trkpt>
      <trkpt lat="34.074520000" lon="-111.689780000">
        <ele>683</ele>
      </trkpt>
      <trkpt lat="34.074510000" lon="-111.689960000">
        <ele>683</ele>
      </trkpt>
      <trkpt lat="34.074540000" lon="-111.690260000">
        <ele>683</ele>
      </trkpt>
      <trkpt lat="34.074530000" lon="-111.690570000">
        <ele>682</ele>
      </trkpt>
      <trkpt lat="34.074630000" lon="-111.690880000">
        <ele>682</ele>
      </trkpt>
      <trkpt lat="34.074640000" lon="-111.691120000">
        <ele>682</ele>
      </trkpt>
      <trkpt lat="34.074730000" lon="-111.691360000">
        <ele>682</ele>
      </trkpt>
      <trkpt lat="34.074750000" lon="-111.691680000">
        <ele>682</ele>
      </trkpt>
      <trkpt lat="34.074840000" lon="-111.691930000">
        <ele>682</ele>
      </trkpt>
      <trkpt lat="34.075050000" lon="-111.692310000">
        <ele>682</ele>
      </trkpt>
      <trkpt lat="34.075210000" lon="-111.692500000">
        <ele>682</ele>
      </trkpt>
      <trkpt lat="34.075290000" lon="-111.692690000">
        <ele>682</ele>
      </trkpt>
      <trkpt lat="34.075390000" lon="-111.692840000">
        <ele>682</ele>
      </trkpt>
      <trkpt lat="34.075420000" lon="-111.692940000">
        <ele>682</ele>
      </trkpt>
      <trkpt lat="34.075490000" lon="-111.693050000">
        <ele>682</ele>
      </trkpt>
      <trkpt lat="34.075520000" lon="-111.693200000">
        <ele>682</ele>
      </trkpt>
      <trkpt lat="34.075700000" lon="-111.693450000">
        <ele>682</ele>
      </trkpt>
      <trkpt lat="34.075770000" lon="-111.693620000">
        <ele>682</ele>
      </trkpt>
      <trkpt lat="34.075870000" lon="-111.693700000">
        <ele>682</ele>
      </trkpt>
      <trkpt lat="34.075980000" lon="-111.693840000">
        <ele>682</ele>
      </trkpt>
      <trkpt lat="34.076190000" lon="-111.694150000">
        <ele>680</ele>
      </trkpt>
      <trkpt lat="34.076290000" lon="-111.694400000">
        <ele>679</ele>
      </trkpt>
      <trkpt lat="34.076360000" lon="-111.694500000">
        <ele>679</ele>
      </trkpt>
      <trkpt lat="34.076430000" lon="-111.694660000">
        <ele>677</ele>
      </trkpt>
      <trkpt lat="34.076370000" lon="-111.694740000">
        <ele>677</ele>
      </trkpt>
      <trkpt lat="34.076400000" lon="-111.694890000">
        <ele>676</ele>
      </trkpt>
      <trkpt lat="34.076560000" lon="-111.695230000">
        <ele>673</ele>
      </trkpt>
      <trkpt lat="34.076660000" lon="-111.695570000">
        <ele>671</ele>
      </trkpt>
      <trkpt lat="34.076740000" lon="-111.695700000">
        <ele>671</ele>
      </trkpt>
      <trkpt lat="34.077140000" lon="-111.696140000">
        <ele>670</ele>
      </trkpt>
      <trkpt lat="34.077280000" lon="-111.696350000">
        <ele>670</ele>
      </trkpt>
      <trkpt lat="34.077360000" lon="-111.696610000">
        <ele>669</ele>
      </trkpt>
      <trkpt lat="34.077340000" lon="-111.696820000">
        <ele>667</ele>
      </trkpt>
      <trkpt lat="34.077390000" lon="-111.696990000">
        <ele>665</ele>
      </trkpt>
      <trkpt lat="34.077440000" lon="-111.697240000">
        <ele>664</ele>
      </trkpt>
      <trkpt lat="34.077380000" lon="-111.697320000">
        <ele>664</ele>
      </trkpt>
      <trkpt lat="34.077370000" lon="-111.697370000">
        <ele>664</ele>
      </trkpt>
      <trkpt lat="34.077380000" lon="-111.697770000">
        <ele>667</ele>
      </trkpt>
      <trkpt lat="34.077250000" lon="-111.698060000">
        <ele>665</ele>
      </trkpt>
      <trkpt lat="34.077240000" lon="-111.698140000">
        <ele>666</ele>
      </trkpt>
      <trkpt lat="34.077260000" lon="-111.698400000">
        <ele>668</ele>
      </trkpt>
      <trkpt lat="34.077210000" lon="-111.698590000">
        <ele>669</ele>
      </trkpt>
      <trkpt lat="34.077160000" lon="-111.698750000">
        <ele>669</ele>
      </trkpt>
      <trkpt lat="34.076960000" lon="-111.699030000">
        <ele>668</ele>
      </trkpt>
      <trkpt lat="34.076920000" lon="-111.699150000">
        <ele>668</ele>
      </trkpt>
      <trkpt lat="34.076950000" lon="-111.699260000">
        <ele>669</ele>
      </trkpt>
      <trkpt lat="34.076940000" lon="-111.699330000">
        <ele>669</ele>
      </trkpt>
      <trkpt lat="34.076970000" lon="-111.699560000">
        <ele>668</ele>
      </trkpt>
      <trkpt lat="34.076920000" lon="-111.699760000">
        <ele>668</ele>
      </trkpt>
      <trkpt lat="34.076930000" lon="-111.699840000">
        <ele>668</ele>
      </trkpt>
      <trkpt lat="34.076890000" lon="-111.699900000">
        <ele>667</ele>
      </trkpt>
      <trkpt lat="34.076840000" lon="-111.700200000">
        <ele>664</ele>
      </trkpt>
      <trkpt lat="34.076690000" lon="-111.700790000">
        <ele>656</ele>
      </trkpt>
      <trkpt lat="34.076690000" lon="-111.701200000">
        <ele>655</ele>
      </trkpt>
      <trkpt lat="34.076660000" lon="-111.701290000">
        <ele>654</ele>
      </trkpt>
      <trkpt lat="34.076650000" lon="-111.701440000">
        <ele>654</ele>
      </trkpt>
      <trkpt lat="34.076650000" lon="-111.702120000">
        <ele>655</ele>
      </trkpt>
      <trkpt lat="34.076630000" lon="-111.702180000">
        <ele>655</ele>
      </trkpt>
      <trkpt lat="34.076570000" lon="-111.702250000">
        <ele>654</ele>
      </trkpt>
      <trkpt lat="34.076450000" lon="-111.702300000">
        <ele>653</ele>
      </trkpt>
      <trkpt lat="34.076410000" lon="-111.702390000">
        <ele>651</ele>
      </trkpt>
      <trkpt lat="34.076350000" lon="-111.702820000">
        <ele>646</ele>
      </trkpt>
      <trkpt lat="34.076310000" lon="-111.702910000">
        <ele>646</ele>
      </trkpt>
      <trkpt lat="34.076160000" lon="-111.703030000">
        <ele>645</ele>
      </trkpt>
      <trkpt lat="34.076170000" lon="-111.703150000">
        <ele>641</ele>
      </trkpt>
      <trkpt lat="34.076220000" lon="-111.703230000">
        <ele>639</ele>
      </trkpt>
      <trkpt lat="34.076170000" lon="-111.703350000">
        <ele>635</ele>
      </trkpt>
      <trkpt lat="34.076140000" lon="-111.703360000">
        <ele>634</ele>
      </trkpt>
      <trkpt lat="34.076110000" lon="-111.703350000">
        <ele>635</ele>
      </trkpt>
      <trkpt lat="34.076060000" lon="-111.703280000">
        <ele>635</ele>
      </trkpt>
      <trkpt lat="34.075990000" lon="-111.703260000">
        <ele>635</ele>
      </trkpt>
      <trkpt lat="34.075890000" lon="-111.703130000">
        <ele>634</ele>
      </trkpt>
      <trkpt lat="34.075810000" lon="-111.703100000">
        <ele>634</ele>
      </trkpt>
      <trkpt lat="34.075750000" lon="-111.703100000">
        <ele>634</ele>
      </trkpt>
      <trkpt lat="34.075700000" lon="-111.703130000">
        <ele>634</ele>
      </trkpt>
      <trkpt lat="34.075670000" lon="-111.703190000">
        <ele>634</ele>
      </trkpt>
      <trkpt lat="34.075640000" lon="-111.703370000">
        <ele>635</ele>
      </trkpt>
      <trkpt lat="34.075670000" lon="-111.703540000">
        <ele>636</ele>
      </trkpt>
      <trkpt lat="34.075650000" lon="-111.703600000">
        <ele>637</ele>
      </trkpt>
      <trkpt lat="34.075650000" lon="-111.703940000">
        <ele>637</ele>
      </trkpt>
      <trkpt lat="34.075640000" lon="-111.704140000">
        <ele>635</ele>
      </trkpt>
      <trkpt lat="34.075600000" lon="-111.704300000">
        <ele>634</ele>
      </trkpt>
      <trkpt lat="34.075630000" lon="-111.704430000">
        <ele>634</ele>
      </trkpt>
      <trkpt lat="34.075710000" lon="-111.704460000">
        <ele>634</ele>
      </trkpt>
      <trkpt lat="34.075750000" lon="-111.704550000">
        <ele>634</ele>
      </trkpt>
      <trkpt lat="34.075790000" lon="-111.704680000">
        <ele>635</ele>
      </trkpt>
      <trkpt lat="34.075800000" lon="-111.704780000">
        <ele>637</ele>
      </trkpt>
      <trkpt lat="34.075850000" lon="-111.704850000">
        <ele>638</ele>
      </trkpt>
      <trkpt lat="34.075890000" lon="-111.705030000">
        <ele>640</ele>
      </trkpt>
      <trkpt lat="34.076020000" lon="-111.705190000">
        <ele>637</ele>
      </trkpt>
      <trkpt lat="34.076170000" lon="-111.705460000">
        <ele>635</ele>
      </trkpt>
      <trkpt lat="34.076210000" lon="-111.705650000">
        <ele>634</ele>
      </trkpt>
      <trkpt lat="34.076280000" lon="-111.705710000">
        <ele>633</ele>
      </trkpt>
      <trkpt lat="34.076490000" lon="-111.705810000">
        <ele>636</ele>
      </trkpt>
      <trkpt lat="34.076590000" lon="-111.705810000">
        <ele>637</ele>
      </trkpt>
      <trkpt lat="34.076710000" lon="-111.705860000">
        <ele>638</ele>
      </trkpt>
      <trkpt lat="34.076780000" lon="-111.705960000">
        <ele>641</ele>
      </trkpt>
      <trkpt lat="34.076820000" lon="-111.706030000">
        <ele>641</ele>
      </trkpt>
      <trkpt lat="34.076870000" lon="-111.706400000">
        <ele>643</ele>
      </trkpt>
      <trkpt lat="34.076940000" lon="-111.706580000">
        <ele>641</ele>
      </trkpt>
      <trkpt lat="34.077160000" lon="-111.706670000">
        <ele>634</ele>
      </trkpt>
      <trkpt lat="34.077260000" lon="-111.706650000">
        <ele>634</ele>
      </trkpt>
      <trkpt lat="34.077350000" lon="-111.706870000">
        <ele>631</ele>
      </trkpt>
      <trkpt lat="34.077410000" lon="-111.706920000">
        <ele>628</ele>
      </trkpt>
      <trkpt lat="34.077470000" lon="-111.707040000">
        <ele>625</ele>
      </trkpt>
      <trkpt lat="34.077460000" lon="-111.707080000">
        <ele>624</ele>
      </trkpt>
      <trkpt lat="34.077500000" lon="-111.707170000">
        <ele>623</ele>
      </trkpt>
      <trkpt lat="34.077530000" lon="-111.707200000">
        <ele>623</ele>
      </trkpt>
      <trkpt lat="34.077570000" lon="-111.707380000">
        <ele>623</ele>
      </trkpt>
      <trkpt lat="34.077670000" lon="-111.707550000">
        <ele>623</ele>
      </trkpt>
      <trkpt lat="34.077720000" lon="-111.707610000">
        <ele>625</ele>
      </trkpt>
      <trkpt lat="34.077900000" lon="-111.708030000">
        <ele>635</ele>
      </trkpt>
      <trkpt lat="34.077970000" lon="-111.708140000">
        <ele>636</ele>
      </trkpt>
      <trkpt lat="34.077960000" lon="-111.708310000">
        <ele>637</ele>
      </trkpt>
      <trkpt lat="34.077900000" lon="-111.708390000">
        <ele>637</ele>
      </trkpt>
      <trkpt lat="34.077760000" lon="-111.708450000">
        <ele>636</ele>
      </trkpt>
      <trkpt lat="34.077650000" lon="-111.708630000">
        <ele>633</ele>
      </trkpt>
      <trkpt lat="34.077540000" lon="-111.708970000">
        <ele>628</ele>
      </trkpt>
      <trkpt lat="34.077430000" lon="-111.709030000">
        <ele>628</ele>
      </trkpt>
      <trkpt lat="34.077370000" lon="-111.709030000">
        <ele>627</ele>
      </trkpt>
      <trkpt lat="34.077290000" lon="-111.708870000">
        <ele>625</ele>
      </trkpt>
    </trkseg>
  </trk>
</gpx>
