<?xml version="1.0" encoding="UTF-8"?>
<gpx version="1.1" creator="GPSBabel - https://www.gpsbabel.org" xmlns="http://www.topografix.com/GPX/1/1" xmlns:xsi="http://www.w3.org/2001/XMLSchema-instance" xmlns:gpxx="http://www.garmin.com/xmlschemas/GpxExtensions/v3">
  <metadata>
    <name>Midnight Mesa Loop - Mazatzal</name>
    <desc>Midnight Mesa Loop - Mazatzal</desc>
    <time>2026-08-30T18:03:30.844Z</time>
    <bounds minlat="34.074280000" minlon="-111.708230000" maxlat="34.164880000" maxlon="-111.550120000"/>
  </metadata>
  <trk>
    <name>Midnight Mesa Loop - Mazatzal</name>
    <trkseg>
      <trkpt lat="34.077800000" lon="-111.708230000">
        <ele>636</ele>
      </trkpt>
      <trkpt lat="34.077940000" lon="-111.708190000">
        <ele>636</ele>
      </trkpt>
      <trkpt lat="34.078050000" lon="-111.708180000">
        <ele>636</ele>
      </trkpt>
      <trkpt lat="34.078050000" lon="-111.708150000">
        <ele>636</ele>
      </trkpt>
      <trkpt lat="34.078020000" lon="-111.708120000">
        <ele>636</ele>
      </trkpt>
      <trkpt lat="34.078030000" lon="-111.708150000">
        <ele>636</ele>
      </trkpt>
      <trkpt lat="34.078010000" lon="-111.708170000">
        <ele>636</ele>
      </trkpt>
      <trkpt lat="34.077960000" lon="-111.708140000">
        <ele>636</ele>
      </trkpt>
      <trkpt lat="34.077840000" lon="-111.707960000">
        <ele>633</ele>
      </trkpt>
      <trkpt lat="34.077530000" lon="-111.707350000">
        <ele>623</ele>
      </trkpt>
      <trkpt lat="34.077500000" lon="-111.707220000">
        <ele>623</ele>
      </trkpt>
      <trkpt lat="34.077380000" lon="-111.707000000">
        <ele>627</ele>
      </trkpt>
      <trkpt lat="34.077250000" lon="-111.706650000">
        <ele>634</ele>
      </trkpt>
      <trkpt lat="34.077140000" lon="-111.706580000">
        <ele>635</ele>
      </trkpt>
      <trkpt lat="34.077010000" lon="-111.706580000">
        <ele>638</ele>
      </trkpt>
      <trkpt lat="34.076910000" lon="-111.706520000">
        <ele>642</ele>
      </trkpt>
      <trkpt lat="34.076860000" lon="-111.706210000">
        <ele>642</ele>
      </trkpt>
      <trkpt lat="34.076790000" lon="-111.706010000">
        <ele>641</ele>
      </trkpt>
      <trkpt lat="34.076680000" lon="-111.705880000">
        <ele>639</ele>
      </trkpt>
      <trkpt lat="34.076500000" lon="-111.705810000">
        <ele>636</ele>
      </trkpt>
      <trkpt lat="34.076380000" lon="-111.705710000">
        <ele>633</ele>
      </trkpt>
      <trkpt lat="34.076240000" lon="-111.705630000">
        <ele>634</ele>
      </trkpt>
      <trkpt lat="34.076200000" lon="-111.705590000">
        <ele>634</ele>
      </trkpt>
      <trkpt lat="34.076180000" lon="-111.705520000">
        <ele>635</ele>
      </trkpt>
      <trkpt lat="34.076120000" lon="-111.705470000">
        <ele>636</ele>
      </trkpt>
      <trkpt lat="34.076040000" lon="-111.705480000">
        <ele>638</ele>
      </trkpt>
      <trkpt lat="34.076030000" lon="-111.705500000">
        <ele>639</ele>
      </trkpt>
      <trkpt lat="34.075980000" lon="-111.705520000">
        <ele>640</ele>
      </trkpt>
      <trkpt lat="34.076030000" lon="-111.705480000">
        <ele>638</ele>
      </trkpt>
      <trkpt lat="34.076090000" lon="-111.705480000">
        <ele>636</ele>
      </trkpt>
      <trkpt lat="34.076150000" lon="-111.705510000">
        <ele>635</ele>
      </trkpt>
      <trkpt lat="34.076230000" lon="-111.705630000">
        <ele>634</ele>
      </trkpt>
      <trkpt lat="34.076100000" lon="-111.705480000">
        <ele>636</ele>
      </trkpt>
      <trkpt lat="34.075940000" lon="-111.705440000">
        <ele>641</ele>
      </trkpt>
      <trkpt lat="34.075920000" lon="-111.705490000">
        <ele>642</ele>
      </trkpt>
      <trkpt lat="34.075900000" lon="-111.705480000">
        <ele>643</ele>
      </trkpt>
      <trkpt lat="34.075860000" lon="-111.705420000">
        <ele>643</ele>
      </trkpt>
      <trkpt lat="34.075860000" lon="-111.705360000">
        <ele>643</ele>
      </trkpt>
      <trkpt lat="34.075900000" lon="-111.705310000">
        <ele>641</ele>
      </trkpt>
      <trkpt lat="34.075950000" lon="-111.705280000">
        <ele>639</ele>
      </trkpt>
      <trkpt lat="34.075980000" lon="-111.705290000">
        <ele>638</ele>
      </trkpt>
      <trkpt lat="34.076000000" lon="-111.705220000">
        <ele>637</ele>
      </trkpt>
      <trkpt lat="34.075870000" lon="-111.705010000">
        <ele>641</ele>
      </trkpt>
      <trkpt lat="34.075830000" lon="-111.704840000">
        <ele>638</ele>
      </trkpt>
      <trkpt lat="34.075780000" lon="-111.704790000">
        <ele>638</ele>
      </trkpt>
      <trkpt lat="34.075740000" lon="-111.704680000">
        <ele>636</ele>
      </trkpt>
      <trkpt lat="34.075670000" lon="-111.704430000">
        <ele>634</ele>
      </trkpt>
      <trkpt lat="34.075570000" lon="-111.704360000">
        <ele>634</ele>
      </trkpt>
      <trkpt lat="34.075560000" lon="-111.704300000">
        <ele>634</ele>
      </trkpt>
      <trkpt lat="34.075670000" lon="-111.703890000">
        <ele>637</ele>
      </trkpt>
      <trkpt lat="34.075660000" lon="-111.703660000">
        <ele>638</ele>
      </trkpt>
      <trkpt lat="34.075670000" lon="-111.703470000">
        <ele>636</ele>
      </trkpt>
      <trkpt lat="34.075640000" lon="-111.703300000">
        <ele>634</ele>
      </trkpt>
      <trkpt lat="34.075660000" lon="-111.703280000">
        <ele>634</ele>
      </trkpt>
      <trkpt lat="34.075670000" lon="-111.703170000">
        <ele>634</ele>
      </trkpt>
      <trkpt lat="34.075720000" lon="-111.703090000">
        <ele>634</ele>
      </trkpt>
      <trkpt lat="34.075750000" lon="-111.703090000">
        <ele>634</ele>
      </trkpt>
      <trkpt lat="34.075790000" lon="-111.703120000">
        <ele>634</ele>
      </trkpt>
      <trkpt lat="34.075810000" lon="-111.703190000">
        <ele>634</ele>
      </trkpt>
      <trkpt lat="34.075710000" lon="-111.703050000">
        <ele>634</ele>
      </trkpt>
      <trkpt lat="34.075710000" lon="-111.703160000">
        <ele>634</ele>
      </trkpt>
      <trkpt lat="34.075890000" lon="-111.703300000">
        <ele>634</ele>
      </trkpt>
      <trkpt lat="34.075920000" lon="-111.703350000">
        <ele>634</ele>
      </trkpt>
      <trkpt lat="34.075910000" lon="-111.703380000">
        <ele>634</ele>
      </trkpt>
      <trkpt lat="34.075940000" lon="-111.703400000">
        <ele>634</ele>
      </trkpt>
      <trkpt lat="34.075940000" lon="-111.703370000">
        <ele>634</ele>
      </trkpt>
      <trkpt lat="34.075820000" lon="-111.703190000">
        <ele>634</ele>
      </trkpt>
      <trkpt lat="34.075850000" lon="-111.703140000">
        <ele>634</ele>
      </trkpt>
      <trkpt lat="34.076020000" lon="-111.703230000">
        <ele>635</ele>
      </trkpt>
      <trkpt lat="34.076120000" lon="-111.703320000">
        <ele>635</ele>
      </trkpt>
      <trkpt lat="34.076170000" lon="-111.703310000">
        <ele>636</ele>
      </trkpt>
      <trkpt lat="34.076200000" lon="-111.703240000">
        <ele>638</ele>
      </trkpt>
      <trkpt lat="34.076150000" lon="-111.703070000">
        <ele>644</ele>
      </trkpt>
      <trkpt lat="34.076190000" lon="-111.703000000">
        <ele>646</ele>
      </trkpt>
      <trkpt lat="34.076250000" lon="-111.702960000">
        <ele>646</ele>
      </trkpt>
      <trkpt lat="34.076340000" lon="-111.702830000">
        <ele>646</ele>
      </trkpt>
      <trkpt lat="34.076350000" lon="-111.702690000">
        <ele>646</ele>
      </trkpt>
      <trkpt lat="34.076400000" lon="-111.702520000">
        <ele>649</ele>
      </trkpt>
      <trkpt lat="34.076400000" lon="-111.702350000">
        <ele>652</ele>
      </trkpt>
      <trkpt lat="34.076480000" lon="-111.702240000">
        <ele>654</ele>
      </trkpt>
      <trkpt lat="34.076590000" lon="-111.702160000">
        <ele>655</ele>
      </trkpt>
      <trkpt lat="34.076630000" lon="-111.702080000">
        <ele>655</ele>
      </trkpt>
      <trkpt lat="34.076650000" lon="-111.701790000">
        <ele>655</ele>
      </trkpt>
      <trkpt lat="34.076630000" lon="-111.701610000">
        <ele>654</ele>
      </trkpt>
      <trkpt lat="34.076690000" lon="-111.701060000">
        <ele>655</ele>
      </trkpt>
      <trkpt lat="34.076710000" lon="-111.700720000">
        <ele>657</ele>
      </trkpt>
      <trkpt lat="34.076780000" lon="-111.700380000">
        <ele>663</ele>
      </trkpt>
      <trkpt lat="34.076820000" lon="-111.700260000">
        <ele>664</ele>
      </trkpt>
      <trkpt lat="34.076840000" lon="-111.700050000">
        <ele>665</ele>
      </trkpt>
      <trkpt lat="34.076890000" lon="-111.699920000">
        <ele>667</ele>
      </trkpt>
      <trkpt lat="34.076900000" lon="-111.699740000">
        <ele>668</ele>
      </trkpt>
      <trkpt lat="34.076970000" lon="-111.699550000">
        <ele>668</ele>
      </trkpt>
      <trkpt lat="34.076950000" lon="-111.699320000">
        <ele>669</ele>
      </trkpt>
      <trkpt lat="34.076900000" lon="-111.699110000">
        <ele>668</ele>
      </trkpt>
      <trkpt lat="34.076940000" lon="-111.698980000">
        <ele>667</ele>
      </trkpt>
      <trkpt lat="34.077110000" lon="-111.698760000">
        <ele>668</ele>
      </trkpt>
      <trkpt lat="34.077220000" lon="-111.698540000">
        <ele>669</ele>
      </trkpt>
      <trkpt lat="34.077230000" lon="-111.698150000">
        <ele>666</ele>
      </trkpt>
      <trkpt lat="34.077370000" lon="-111.697610000">
        <ele>665</ele>
      </trkpt>
      <trkpt lat="34.077370000" lon="-111.697280000">
        <ele>664</ele>
      </trkpt>
      <trkpt lat="34.077390000" lon="-111.697180000">
        <ele>664</ele>
      </trkpt>
      <trkpt lat="34.077520000" lon="-111.697040000">
        <ele>666</ele>
      </trkpt>
      <trkpt lat="34.077490000" lon="-111.697080000">
        <ele>666</ele>
      </trkpt>
      <trkpt lat="34.077350000" lon="-111.697120000">
        <ele>664</ele>
      </trkpt>
      <trkpt lat="34.077300000" lon="-111.697100000">
        <ele>664</ele>
      </trkpt>
      <trkpt lat="34.077310000" lon="-111.697070000">
        <ele>664</ele>
      </trkpt>
      <trkpt lat="34.077250000" lon="-111.697060000">
        <ele>664</ele>
      </trkpt>
      <trkpt lat="34.077220000" lon="-111.697010000">
        <ele>664</ele>
      </trkpt>
      <trkpt lat="34.077240000" lon="-111.696940000">
        <ele>665</ele>
      </trkpt>
      <trkpt lat="34.077310000" lon="-111.696890000">
        <ele>666</ele>
      </trkpt>
      <trkpt lat="34.077330000" lon="-111.696830000">
        <ele>667</ele>
      </trkpt>
      <trkpt lat="34.077360000" lon="-111.696430000">
        <ele>670</ele>
      </trkpt>
      <trkpt lat="34.077400000" lon="-111.696320000">
        <ele>670</ele>
      </trkpt>
      <trkpt lat="34.077420000" lon="-111.696350000">
        <ele>670</ele>
      </trkpt>
      <trkpt lat="34.077390000" lon="-111.696450000">
        <ele>670</ele>
      </trkpt>
      <trkpt lat="34.077370000" lon="-111.696470000">
        <ele>670</ele>
      </trkpt>
      <trkpt lat="34.077340000" lon="-111.696460000">
        <ele>670</ele>
      </trkpt>
      <trkpt lat="34.077260000" lon="-111.696370000">
        <ele>670</ele>
      </trkpt>
      <trkpt lat="34.077050000" lon="-111.696060000">
        <ele>670</ele>
      </trkpt>
      <trkpt lat="34.077010000" lon="-111.696040000">
        <ele>670</ele>
      </trkpt>
      <trkpt lat="34.077040000" lon="-111.696020000">
        <ele>670</ele>
      </trkpt>
      <trkpt lat="34.076880000" lon="-111.695880000">
        <ele>671</ele>
      </trkpt>
      <trkpt lat="34.076850000" lon="-111.695820000">
        <ele>670</ele>
      </trkpt>
      <trkpt lat="34.076700000" lon="-111.695680000">
        <ele>671</ele>
      </trkpt>
      <trkpt lat="34.076690000" lon="-111.695650000">
        <ele>671</ele>
      </trkpt>
      <trkpt lat="34.076610000" lon="-111.695570000">
        <ele>671</ele>
      </trkpt>
      <trkpt lat="34.076580000" lon="-111.695480000">
        <ele>672</ele>
      </trkpt>
      <trkpt lat="34.076570000" lon="-111.695330000">
        <ele>673</ele>
      </trkpt>
      <trkpt lat="34.076390000" lon="-111.694950000">
        <ele>676</ele>
      </trkpt>
      <trkpt lat="34.076360000" lon="-111.694810000">
        <ele>677</ele>
      </trkpt>
      <trkpt lat="34.076400000" lon="-111.694650000">
        <ele>678</ele>
      </trkpt>
      <trkpt lat="34.076340000" lon="-111.694480000">
        <ele>679</ele>
      </trkpt>
      <trkpt lat="34.076180000" lon="-111.694240000">
        <ele>680</ele>
      </trkpt>
      <trkpt lat="34.076090000" lon="-111.694020000">
        <ele>681</ele>
      </trkpt>
      <trkpt lat="34.075840000" lon="-111.693690000">
        <ele>682</ele>
      </trkpt>
      <trkpt lat="34.075730000" lon="-111.693590000">
        <ele>682</ele>
      </trkpt>
      <trkpt lat="34.075660000" lon="-111.693500000">
        <ele>682</ele>
      </trkpt>
      <trkpt lat="34.075640000" lon="-111.693430000">
        <ele>682</ele>
      </trkpt>
      <trkpt lat="34.075530000" lon="-111.693310000">
        <ele>682</ele>
      </trkpt>
      <trkpt lat="34.075520000" lon="-111.693250000">
        <ele>682</ele>
      </trkpt>
      <trkpt lat="34.075200000" lon="-111.692570000">
        <ele>682</ele>
      </trkpt>
      <trkpt lat="34.074800000" lon="-111.691930000">
        <ele>682</ele>
      </trkpt>
      <trkpt lat="34.074680000" lon="-111.691480000">
        <ele>682</ele>
      </trkpt>
      <trkpt lat="34.074670000" lon="-111.691230000">
        <ele>682</ele>
      </trkpt>
      <trkpt lat="34.074610000" lon="-111.691000000">
        <ele>682</ele>
      </trkpt>
      <trkpt lat="34.074570000" lon="-111.690750000">
        <ele>682</ele>
      </trkpt>
      <trkpt lat="34.074450000" lon="-111.690340000">
        <ele>683</ele>
      </trkpt>
      <trkpt lat="34.074520000" lon="-111.690250000">
        <ele>683</ele>
      </trkpt>
      <trkpt lat="34.074500000" lon="-111.690090000">
        <ele>683</ele>
      </trkpt>
      <trkpt lat="34.074370000" lon="-111.690020000">
        <ele>683</ele>
      </trkpt>
      <trkpt lat="34.074460000" lon="-111.689900000">
        <ele>683</ele>
      </trkpt>
      <trkpt lat="34.074480000" lon="-111.689730000">
        <ele>683</ele>
      </trkpt>
      <trkpt lat="34.074480000" lon="-111.689620000">
        <ele>683</ele>
      </trkpt>
      <trkpt lat="34.074440000" lon="-111.689530000">
        <ele>683</ele>
      </trkpt>
      <trkpt lat="34.074400000" lon="-111.689180000">
        <ele>684</ele>
      </trkpt>
      <trkpt lat="34.074340000" lon="-111.689140000">
        <ele>684</ele>
      </trkpt>
      <trkpt lat="34.074280000" lon="-111.689160000">
        <ele>684</ele>
      </trkpt>
      <trkpt lat="34.074450000" lon="-111.688960000">
        <ele>686</ele>
      </trkpt>
      <trkpt lat="34.074450000" lon="-111.688890000">
        <ele>686</ele>
      </trkpt>
      <trkpt lat="34.074400000" lon="-111.688770000">
        <ele>687</ele>
      </trkpt>
      <trkpt lat="34.074370000" lon="-111.688560000">
        <ele>688</ele>
      </trkpt>
      <trkpt lat="34.074380000" lon="-111.688410000">
        <ele>689</ele>
      </trkpt>
      <trkpt lat="34.074450000" lon="-111.688180000">
        <ele>691</ele>
      </trkpt>
      <trkpt lat="34.074440000" lon="-111.687790000">
        <ele>692</ele>
      </trkpt>
      <trkpt lat="34.074460000" lon="-111.687620000">
        <ele>693</ele>
      </trkpt>
      <trkpt lat="34.074560000" lon="-111.687520000">
        <ele>694</ele>
      </trkpt>
      <trkpt lat="34.074640000" lon="-111.687340000">
        <ele>694</ele>
      </trkpt>
      <trkpt lat="34.074640000" lon="-111.687240000">
        <ele>694</ele>
      </trkpt>
      <trkpt lat="34.074690000" lon="-111.687070000">
        <ele>695</ele>
      </trkpt>
      <trkpt lat="34.074690000" lon="-111.686870000">
        <ele>695</ele>
      </trkpt>
      <trkpt lat="34.074760000" lon="-111.686540000">
        <ele>695</ele>
      </trkpt>
      <trkpt lat="34.074790000" lon="-111.686210000">
        <ele>696</ele>
      </trkpt>
      <trkpt lat="34.074810000" lon="-111.686140000">
        <ele>696</ele>
      </trkpt>
      <trkpt lat="34.074820000" lon="-111.685610000">
        <ele>701</ele>
      </trkpt>
      <trkpt lat="34.074780000" lon="-111.685420000">
        <ele>703</ele>
      </trkpt>
      <trkpt lat="34.074750000" lon="-111.684880000">
        <ele>707</ele>
      </trkpt>
      <trkpt lat="34.074920000" lon="-111.684600000">
        <ele>710</ele>
      </trkpt>
      <trkpt lat="34.074930000" lon="-111.684450000">
        <ele>712</ele>
      </trkpt>
      <trkpt lat="34.074910000" lon="-111.684400000">
        <ele>712</ele>
      </trkpt>
      <trkpt lat="34.074950000" lon="-111.684400000">
        <ele>712</ele>
      </trkpt>
      <trkpt lat="34.074980000" lon="-111.684350000">
        <ele>713</ele>
      </trkpt>
      <trkpt lat="34.075090000" lon="-111.684110000">
        <ele>715</ele>
      </trkpt>
      <trkpt lat="34.075120000" lon="-111.683920000">
        <ele>716</ele>
      </trkpt>
      <trkpt lat="34.075250000" lon="-111.683500000">
        <ele>717</ele>
      </trkpt>
      <trkpt lat="34.075270000" lon="-111.683310000">
        <ele>718</ele>
      </trkpt>
      <trkpt lat="34.075310000" lon="-111.683160000">
        <ele>719</ele>
      </trkpt>
      <trkpt lat="34.075330000" lon="-111.682700000">
        <ele>720</ele>
      </trkpt>
      <trkpt lat="34.075220000" lon="-111.682150000">
        <ele>723</ele>
      </trkpt>
      <trkpt lat="34.075150000" lon="-111.681970000">
        <ele>723</ele>
      </trkpt>
      <trkpt lat="34.075160000" lon="-111.681870000">
        <ele>723</ele>
      </trkpt>
      <trkpt lat="34.075120000" lon="-111.681650000">
        <ele>722</ele>
      </trkpt>
      <trkpt lat="34.075160000" lon="-111.681420000">
        <ele>723</ele>
      </trkpt>
      <trkpt lat="34.075150000" lon="-111.681350000">
        <ele>723</ele>
      </trkpt>
      <trkpt lat="34.075190000" lon="-111.681240000">
        <ele>723</ele>
      </trkpt>
      <trkpt lat="34.075190000" lon="-111.681030000">
        <ele>724</ele>
      </trkpt>
      <trkpt lat="34.075310000" lon="-111.680840000">
        <ele>726</ele>
      </trkpt>
      <trkpt lat="34.075410000" lon="-111.680610000">
        <ele>727</ele>
      </trkpt>
      <trkpt lat="34.075400000" lon="-111.680370000">
        <ele>728</ele>
      </trkpt>
      <trkpt lat="34.075370000" lon="-111.680230000">
        <ele>728</ele>
      </trkpt>
      <trkpt lat="34.075290000" lon="-111.680030000">
        <ele>728</ele>
      </trkpt>
      <trkpt lat="34.075260000" lon="-111.679770000">
        <ele>729</ele>
      </trkpt>
      <trkpt lat="34.075230000" lon="-111.679670000">
        <ele>728</ele>
      </trkpt>
      <trkpt lat="34.075250000" lon="-111.679480000">
        <ele>729</ele>
      </trkpt>
      <trkpt lat="34.075180000" lon="-111.679320000">
        <ele>728</ele>
      </trkpt>
      <trkpt lat="34.075060000" lon="-111.679160000">
        <ele>727</ele>
      </trkpt>
      <trkpt lat="34.075060000" lon="-111.679050000">
        <ele>726</ele>
      </trkpt>
      <trkpt lat="34.075100000" lon="-111.678940000">
        <ele>726</ele>
      </trkpt>
      <trkpt lat="34.075170000" lon="-111.678880000">
        <ele>725</ele>
      </trkpt>
      <trkpt lat="34.075180000" lon="-111.678590000">
        <ele>721</ele>
      </trkpt>
      <trkpt lat="34.075240000" lon="-111.678380000">
        <ele>718</ele>
      </trkpt>
      <trkpt lat="34.075240000" lon="-111.678340000">
        <ele>718</ele>
      </trkpt>
      <trkpt lat="34.075170000" lon="-111.678260000">
        <ele>718</ele>
      </trkpt>
      <trkpt lat="34.075160000" lon="-111.678100000">
        <ele>718</ele>
      </trkpt>
      <trkpt lat="34.075200000" lon="-111.677930000">
        <ele>718</ele>
      </trkpt>
      <trkpt lat="34.075250000" lon="-111.677410000">
        <ele>718</ele>
      </trkpt>
      <trkpt lat="34.075310000" lon="-111.677320000">
        <ele>718</ele>
      </trkpt>
      <trkpt lat="34.075350000" lon="-111.677220000">
        <ele>718</ele>
      </trkpt>
      <trkpt lat="34.075420000" lon="-111.677140000">
        <ele>718</ele>
      </trkpt>
      <trkpt lat="34.075470000" lon="-111.676980000">
        <ele>718</ele>
      </trkpt>
      <trkpt lat="34.075550000" lon="-111.676880000">
        <ele>718</ele>
      </trkpt>
      <trkpt lat="34.075610000" lon="-111.676760000">
        <ele>719</ele>
      </trkpt>
      <trkpt lat="34.075790000" lon="-111.676150000">
        <ele>721</ele>
      </trkpt>
      <trkpt lat="34.075910000" lon="-111.675900000">
        <ele>727</ele>
      </trkpt>
      <trkpt lat="34.075910000" lon="-111.675800000">
        <ele>728</ele>
      </trkpt>
      <trkpt lat="34.075950000" lon="-111.675700000">
        <ele>729</ele>
      </trkpt>
      <trkpt lat="34.075890000" lon="-111.675430000">
        <ele>730</ele>
      </trkpt>
      <trkpt lat="34.075920000" lon="-111.675270000">
        <ele>731</ele>
      </trkpt>
      <trkpt lat="34.075970000" lon="-111.675250000">
        <ele>731</ele>
      </trkpt>
      <trkpt lat="34.075990000" lon="-111.675200000">
        <ele>732</ele>
      </trkpt>
      <trkpt lat="34.076020000" lon="-111.674960000">
        <ele>735</ele>
      </trkpt>
      <trkpt lat="34.076110000" lon="-111.674710000">
        <ele>738</ele>
      </trkpt>
      <trkpt lat="34.076520000" lon="-111.674120000">
        <ele>743</ele>
      </trkpt>
      <trkpt lat="34.076540000" lon="-111.674040000">
        <ele>744</ele>
      </trkpt>
      <trkpt lat="34.076530000" lon="-111.673930000">
        <ele>744</ele>
      </trkpt>
      <trkpt lat="34.076560000" lon="-111.673870000">
        <ele>743</ele>
      </trkpt>
      <trkpt lat="34.076580000" lon="-111.673880000">
        <ele>743</ele>
      </trkpt>
      <trkpt lat="34.076620000" lon="-111.673850000">
        <ele>743</ele>
      </trkpt>
      <trkpt lat="34.076710000" lon="-111.673650000">
        <ele>743</ele>
      </trkpt>
      <trkpt lat="34.076850000" lon="-111.673070000">
        <ele>741</ele>
      </trkpt>
      <trkpt lat="34.076820000" lon="-111.672860000">
        <ele>740</ele>
      </trkpt>
      <trkpt lat="34.076670000" lon="-111.672380000">
        <ele>743</ele>
      </trkpt>
      <trkpt lat="34.076580000" lon="-111.672190000">
        <ele>743</ele>
      </trkpt>
      <trkpt lat="34.076430000" lon="-111.672100000">
        <ele>745</ele>
      </trkpt>
      <trkpt lat="34.076360000" lon="-111.672020000">
        <ele>745</ele>
      </trkpt>
      <trkpt lat="34.076310000" lon="-111.671900000">
        <ele>745</ele>
      </trkpt>
      <trkpt lat="34.076350000" lon="-111.671700000">
        <ele>745</ele>
      </trkpt>
      <trkpt lat="34.076330000" lon="-111.671640000">
        <ele>745</ele>
      </trkpt>
      <trkpt lat="34.076360000" lon="-111.671370000">
        <ele>745</ele>
      </trkpt>
      <trkpt lat="34.076250000" lon="-111.670610000">
        <ele>743</ele>
      </trkpt>
      <trkpt lat="34.076210000" lon="-111.670080000">
        <ele>743</ele>
      </trkpt>
      <trkpt lat="34.076220000" lon="-111.669820000">
        <ele>743</ele>
      </trkpt>
      <trkpt lat="34.076190000" lon="-111.669510000">
        <ele>743</ele>
      </trkpt>
      <trkpt lat="34.076260000" lon="-111.669230000">
        <ele>744</ele>
      </trkpt>
      <trkpt lat="34.076310000" lon="-111.668790000">
        <ele>744</ele>
      </trkpt>
      <trkpt lat="34.076380000" lon="-111.668510000">
        <ele>744</ele>
      </trkpt>
      <trkpt lat="34.076390000" lon="-111.668380000">
        <ele>744</ele>
      </trkpt>
      <trkpt lat="34.076500000" lon="-111.667850000">
        <ele>745</ele>
      </trkpt>
      <trkpt lat="34.076510000" lon="-111.667420000">
        <ele>745</ele>
      </trkpt>
      <trkpt lat="34.076440000" lon="-111.667190000">
        <ele>744</ele>
      </trkpt>
      <trkpt lat="34.076530000" lon="-111.666850000">
        <ele>744</ele>
      </trkpt>
      <trkpt lat="34.076570000" lon="-111.666580000">
        <ele>744</ele>
      </trkpt>
      <trkpt lat="34.076610000" lon="-111.666430000">
        <ele>745</ele>
      </trkpt>
      <trkpt lat="34.076660000" lon="-111.666160000">
        <ele>745</ele>
      </trkpt>
      <trkpt lat="34.076660000" lon="-111.665900000">
        <ele>745</ele>
      </trkpt>
      <trkpt lat="34.076730000" lon="-111.665290000">
        <ele>746</ele>
      </trkpt>
      <trkpt lat="34.076800000" lon="-111.664950000">
        <ele>747</ele>
      </trkpt>
      <trkpt lat="34.076850000" lon="-111.664640000">
        <ele>749</ele>
      </trkpt>
      <trkpt lat="34.076860000" lon="-111.664400000">
        <ele>751</ele>
      </trkpt>
      <trkpt lat="34.076970000" lon="-111.663740000">
        <ele>754</ele>
      </trkpt>
      <trkpt lat="34.076950000" lon="-111.663640000">
        <ele>754</ele>
      </trkpt>
      <trkpt lat="34.077000000" lon="-111.663400000">
        <ele>755</ele>
      </trkpt>
      <trkpt lat="34.076990000" lon="-111.663130000">
        <ele>755</ele>
      </trkpt>
      <trkpt lat="34.077090000" lon="-111.662780000">
        <ele>755</ele>
      </trkpt>
      <trkpt lat="34.077140000" lon="-111.662280000">
        <ele>756</ele>
      </trkpt>
      <trkpt lat="34.077220000" lon="-111.662110000">
        <ele>756</ele>
      </trkpt>
      <trkpt lat="34.077220000" lon="-111.662000000">
        <ele>756</ele>
      </trkpt>
      <trkpt lat="34.077280000" lon="-111.661830000">
        <ele>756</ele>
      </trkpt>
      <trkpt lat="34.077260000" lon="-111.661800000">
        <ele>756</ele>
      </trkpt>
      <trkpt lat="34.077270000" lon="-111.661830000">
        <ele>756</ele>
      </trkpt>
      <trkpt lat="34.077280000" lon="-111.661810000">
        <ele>756</ele>
      </trkpt>
      <trkpt lat="34.077250000" lon="-111.661650000">
        <ele>756</ele>
      </trkpt>
      <trkpt lat="34.077280000" lon="-111.661420000">
        <ele>756</ele>
      </trkpt>
      <trkpt lat="34.077260000" lon="-111.661360000">
        <ele>756</ele>
      </trkpt>
      <trkpt lat="34.077380000" lon="-111.660730000">
        <ele>756</ele>
      </trkpt>
      <trkpt lat="34.077370000" lon="-111.660530000">
        <ele>757</ele>
      </trkpt>
      <trkpt lat="34.077470000" lon="-111.660180000">
        <ele>758</ele>
      </trkpt>
      <trkpt lat="34.077450000" lon="-111.659990000">
        <ele>759</ele>
      </trkpt>
      <trkpt lat="34.077460000" lon="-111.659850000">
        <ele>760</ele>
      </trkpt>
      <trkpt lat="34.077510000" lon="-111.659640000">
        <ele>761</ele>
      </trkpt>
      <trkpt lat="34.077510000" lon="-111.659530000">
        <ele>762</ele>
      </trkpt>
      <trkpt lat="34.077560000" lon="-111.659230000">
        <ele>765</ele>
      </trkpt>
      <trkpt lat="34.077600000" lon="-111.659070000">
        <ele>766</ele>
      </trkpt>
      <trkpt lat="34.077600000" lon="-111.658860000">
        <ele>767</ele>
      </trkpt>
      <trkpt lat="34.077670000" lon="-111.658480000">
        <ele>768</ele>
      </trkpt>
      <trkpt lat="34.077700000" lon="-111.657930000">
        <ele>768</ele>
      </trkpt>
      <trkpt lat="34.077720000" lon="-111.657820000">
        <ele>769</ele>
      </trkpt>
      <trkpt lat="34.077740000" lon="-111.657520000">
        <ele>771</ele>
      </trkpt>
      <trkpt lat="34.077840000" lon="-111.657100000">
        <ele>775</ele>
      </trkpt>
      <trkpt lat="34.077860000" lon="-111.656670000">
        <ele>778</ele>
      </trkpt>
      <trkpt lat="34.077920000" lon="-111.656580000">
        <ele>777</ele>
      </trkpt>
      <trkpt lat="34.077930000" lon="-111.656370000">
        <ele>778</ele>
      </trkpt>
      <trkpt lat="34.077990000" lon="-111.656090000">
        <ele>779</ele>
      </trkpt>
      <trkpt lat="34.077990000" lon="-111.656020000">
        <ele>780</ele>
      </trkpt>
      <trkpt lat="34.078060000" lon="-111.655930000">
        <ele>780</ele>
      </trkpt>
      <trkpt lat="34.078160000" lon="-111.655890000">
        <ele>780</ele>
      </trkpt>
      <trkpt lat="34.078190000" lon="-111.655850000">
        <ele>780</ele>
      </trkpt>
      <trkpt lat="34.078290000" lon="-111.655640000">
        <ele>782</ele>
      </trkpt>
      <trkpt lat="34.078490000" lon="-111.655380000">
        <ele>784</ele>
      </trkpt>
      <trkpt lat="34.078560000" lon="-111.655160000">
        <ele>786</ele>
      </trkpt>
      <trkpt lat="34.078750000" lon="-111.654810000">
        <ele>787</ele>
      </trkpt>
      <trkpt lat="34.078790000" lon="-111.654750000">
        <ele>788</ele>
      </trkpt>
      <trkpt lat="34.078850000" lon="-111.654710000">
        <ele>789</ele>
      </trkpt>
      <trkpt lat="34.078930000" lon="-111.654550000">
        <ele>789</ele>
      </trkpt>
      <trkpt lat="34.079030000" lon="-111.654430000">
        <ele>790</ele>
      </trkpt>
      <trkpt lat="34.079120000" lon="-111.654200000">
        <ele>791</ele>
      </trkpt>
      <trkpt lat="34.079240000" lon="-111.654040000">
        <ele>792</ele>
      </trkpt>
      <trkpt lat="34.079250000" lon="-111.653880000">
        <ele>792</ele>
      </trkpt>
      <trkpt lat="34.079320000" lon="-111.653710000">
        <ele>792</ele>
      </trkpt>
      <trkpt lat="34.079400000" lon="-111.653330000">
        <ele>793</ele>
      </trkpt>
      <trkpt lat="34.079450000" lon="-111.653240000">
        <ele>792</ele>
      </trkpt>
      <trkpt lat="34.079410000" lon="-111.653190000">
        <ele>792</ele>
      </trkpt>
      <trkpt lat="34.079400000" lon="-111.653120000">
        <ele>792</ele>
      </trkpt>
      <trkpt lat="34.079590000" lon="-111.652770000">
        <ele>792</ele>
      </trkpt>
      <trkpt lat="34.079620000" lon="-111.652550000">
        <ele>792</ele>
      </trkpt>
      <trkpt lat="34.079690000" lon="-111.652350000">
        <ele>792</ele>
      </trkpt>
      <trkpt lat="34.079710000" lon="-111.652210000">
        <ele>793</ele>
      </trkpt>
      <trkpt lat="34.079750000" lon="-111.652110000">
        <ele>793</ele>
      </trkpt>
      <trkpt lat="34.079790000" lon="-111.652080000">
        <ele>793</ele>
      </trkpt>
      <trkpt lat="34.079830000" lon="-111.651790000">
        <ele>795</ele>
      </trkpt>
      <trkpt lat="34.079960000" lon="-111.651450000">
        <ele>797</ele>
      </trkpt>
      <trkpt lat="34.079970000" lon="-111.651250000">
        <ele>798</ele>
      </trkpt>
      <trkpt lat="34.080120000" lon="-111.650790000">
        <ele>800</ele>
      </trkpt>
      <trkpt lat="34.080140000" lon="-111.650640000">
        <ele>800</ele>
      </trkpt>
      <trkpt lat="34.080220000" lon="-111.650440000">
        <ele>801</ele>
      </trkpt>
      <trkpt lat="34.080290000" lon="-111.650350000">
        <ele>801</ele>
      </trkpt>
      <trkpt lat="34.080360000" lon="-111.650200000">
        <ele>802</ele>
      </trkpt>
      <trkpt lat="34.080380000" lon="-111.650110000">
        <ele>801</ele>
      </trkpt>
      <trkpt lat="34.080460000" lon="-111.649930000">
        <ele>802</ele>
      </trkpt>
      <trkpt lat="34.080600000" lon="-111.649750000">
        <ele>803</ele>
      </trkpt>
      <trkpt lat="34.080740000" lon="-111.649500000">
        <ele>804</ele>
      </trkpt>
      <trkpt lat="34.081020000" lon="-111.649220000">
        <ele>803</ele>
      </trkpt>
      <trkpt lat="34.081180000" lon="-111.649010000">
        <ele>805</ele>
      </trkpt>
      <trkpt lat="34.081290000" lon="-111.648820000">
        <ele>805</ele>
      </trkpt>
      <trkpt lat="34.081690000" lon="-111.648470000">
        <ele>804</ele>
      </trkpt>
      <trkpt lat="34.081780000" lon="-111.648340000">
        <ele>804</ele>
      </trkpt>
      <trkpt lat="34.081920000" lon="-111.648050000">
        <ele>804</ele>
      </trkpt>
      <trkpt lat="34.081930000" lon="-111.647880000">
        <ele>804</ele>
      </trkpt>
      <trkpt lat="34.082010000" lon="-111.647770000">
        <ele>804</ele>
      </trkpt>
      <trkpt lat="34.082040000" lon="-111.647650000">
        <ele>804</ele>
      </trkpt>
      <trkpt lat="34.082100000" lon="-111.647580000">
        <ele>805</ele>
      </trkpt>
      <trkpt lat="34.082100000" lon="-111.647520000">
        <ele>805</ele>
      </trkpt>
      <trkpt lat="34.082250000" lon="-111.647300000">
        <ele>804</ele>
      </trkpt>
      <trkpt lat="34.082440000" lon="-111.647110000">
        <ele>805</ele>
      </trkpt>
      <trkpt lat="34.082550000" lon="-111.647050000">
        <ele>805</ele>
      </trkpt>
      <trkpt lat="34.083160000" lon="-111.646620000">
        <ele>810</ele>
      </trkpt>
      <trkpt lat="34.083230000" lon="-111.646510000">
        <ele>811</ele>
      </trkpt>
      <trkpt lat="34.083310000" lon="-111.646450000">
        <ele>812</ele>
      </trkpt>
      <trkpt lat="34.083360000" lon="-111.646320000">
        <ele>812</ele>
      </trkpt>
      <trkpt lat="34.083450000" lon="-111.646170000">
        <ele>813</ele>
      </trkpt>
      <trkpt lat="34.083560000" lon="-111.646060000">
        <ele>814</ele>
      </trkpt>
      <trkpt lat="34.083630000" lon="-111.645900000">
        <ele>815</ele>
      </trkpt>
      <trkpt lat="34.083660000" lon="-111.645740000">
        <ele>816</ele>
      </trkpt>
      <trkpt lat="34.083730000" lon="-111.645600000">
        <ele>816</ele>
      </trkpt>
      <trkpt lat="34.083720000" lon="-111.645540000">
        <ele>816</ele>
      </trkpt>
      <trkpt lat="34.083750000" lon="-111.645300000">
        <ele>816</ele>
      </trkpt>
      <trkpt lat="34.083700000" lon="-111.645150000">
        <ele>816</ele>
      </trkpt>
      <trkpt lat="34.083710000" lon="-111.645030000">
        <ele>817</ele>
      </trkpt>
      <trkpt lat="34.083750000" lon="-111.644940000">
        <ele>817</ele>
      </trkpt>
      <trkpt lat="34.083700000" lon="-111.644850000">
        <ele>816</ele>
      </trkpt>
      <trkpt lat="34.083720000" lon="-111.644640000">
        <ele>817</ele>
      </trkpt>
      <trkpt lat="34.083760000" lon="-111.644590000">
        <ele>817</ele>
      </trkpt>
      <trkpt lat="34.083920000" lon="-111.644680000">
        <ele>817</ele>
      </trkpt>
      <trkpt lat="34.083900000" lon="-111.644700000">
        <ele>817</ele>
      </trkpt>
      <trkpt lat="34.083840000" lon="-111.644660000">
        <ele>817</ele>
      </trkpt>
      <trkpt lat="34.083730000" lon="-111.644650000">
        <ele>817</ele>
      </trkpt>
      <trkpt lat="34.083760000" lon="-111.644560000">
        <ele>817</ele>
      </trkpt>
      <trkpt lat="34.083770000" lon="-111.644440000">
        <ele>817</ele>
      </trkpt>
      <trkpt lat="34.083620000" lon="-111.644140000">
        <ele>817</ele>
      </trkpt>
      <trkpt lat="34.083640000" lon="-111.644070000">
        <ele>817</ele>
      </trkpt>
      <trkpt lat="34.083570000" lon="-111.643930000">
        <ele>817</ele>
      </trkpt>
      <trkpt lat="34.083640000" lon="-111.643580000">
        <ele>817</ele>
      </trkpt>
      <trkpt lat="34.083590000" lon="-111.643400000">
        <ele>817</ele>
      </trkpt>
      <trkpt lat="34.083600000" lon="-111.643210000">
        <ele>818</ele>
      </trkpt>
      <trkpt lat="34.083570000" lon="-111.643150000">
        <ele>818</ele>
      </trkpt>
      <trkpt lat="34.083590000" lon="-111.642880000">
        <ele>820</ele>
      </trkpt>
      <trkpt lat="34.083550000" lon="-111.642810000">
        <ele>820</ele>
      </trkpt>
      <trkpt lat="34.083560000" lon="-111.642710000">
        <ele>821</ele>
      </trkpt>
      <trkpt lat="34.083520000" lon="-111.642640000">
        <ele>821</ele>
      </trkpt>
      <trkpt lat="34.083530000" lon="-111.642470000">
        <ele>823</ele>
      </trkpt>
      <trkpt lat="34.083560000" lon="-111.642290000">
        <ele>826</ele>
      </trkpt>
      <trkpt lat="34.083540000" lon="-111.641970000">
        <ele>827</ele>
      </trkpt>
      <trkpt lat="34.083550000" lon="-111.641790000">
        <ele>827</ele>
      </trkpt>
      <trkpt lat="34.083570000" lon="-111.641690000">
        <ele>827</ele>
      </trkpt>
      <trkpt lat="34.083570000" lon="-111.641490000">
        <ele>827</ele>
      </trkpt>
      <trkpt lat="34.083620000" lon="-111.641360000">
        <ele>827</ele>
      </trkpt>
      <trkpt lat="34.083620000" lon="-111.641290000">
        <ele>827</ele>
      </trkpt>
      <trkpt lat="34.083540000" lon="-111.641180000">
        <ele>827</ele>
      </trkpt>
      <trkpt lat="34.083540000" lon="-111.641100000">
        <ele>827</ele>
      </trkpt>
      <trkpt lat="34.083480000" lon="-111.641020000">
        <ele>826</ele>
      </trkpt>
      <trkpt lat="34.083470000" lon="-111.640940000">
        <ele>826</ele>
      </trkpt>
      <trkpt lat="34.083410000" lon="-111.640860000">
        <ele>826</ele>
      </trkpt>
      <trkpt lat="34.083310000" lon="-111.640790000">
        <ele>826</ele>
      </trkpt>
      <trkpt lat="34.083280000" lon="-111.640730000">
        <ele>827</ele>
      </trkpt>
      <trkpt lat="34.083250000" lon="-111.640470000">
        <ele>828</ele>
      </trkpt>
      <trkpt lat="34.083210000" lon="-111.640450000">
        <ele>828</ele>
      </trkpt>
      <trkpt lat="34.083160000" lon="-111.640340000">
        <ele>829</ele>
      </trkpt>
      <trkpt lat="34.083060000" lon="-111.640260000">
        <ele>829</ele>
      </trkpt>
      <trkpt lat="34.083000000" lon="-111.640090000">
        <ele>830</ele>
      </trkpt>
      <trkpt lat="34.082920000" lon="-111.640060000">
        <ele>830</ele>
      </trkpt>
      <trkpt lat="34.082890000" lon="-111.639880000">
        <ele>830</ele>
      </trkpt>
      <trkpt lat="34.082860000" lon="-111.639780000">
        <ele>831</ele>
      </trkpt>
      <trkpt lat="34.082630000" lon="-111.639390000">
        <ele>837</ele>
      </trkpt>
      <trkpt lat="34.082570000" lon="-111.639150000">
        <ele>840</ele>
      </trkpt>
      <trkpt lat="34.082410000" lon="-111.638950000">
        <ele>839</ele>
      </trkpt>
      <trkpt lat="34.082330000" lon="-111.638750000">
        <ele>839</ele>
      </trkpt>
      <trkpt lat="34.082240000" lon="-111.638630000">
        <ele>839</ele>
      </trkpt>
      <trkpt lat="34.082220000" lon="-111.638550000">
        <ele>840</ele>
      </trkpt>
      <trkpt lat="34.082150000" lon="-111.638440000">
        <ele>840</ele>
      </trkpt>
      <trkpt lat="34.082150000" lon="-111.638250000">
        <ele>840</ele>
      </trkpt>
      <trkpt lat="34.082310000" lon="-111.637830000">
        <ele>841</ele>
      </trkpt>
      <trkpt lat="34.082280000" lon="-111.637730000">
        <ele>841</ele>
      </trkpt>
      <trkpt lat="34.082280000" lon="-111.637570000">
        <ele>841</ele>
      </trkpt>
      <trkpt lat="34.082190000" lon="-111.637370000">
        <ele>841</ele>
      </trkpt>
      <trkpt lat="34.082130000" lon="-111.637190000">
        <ele>841</ele>
      </trkpt>
      <trkpt lat="34.082180000" lon="-111.636990000">
        <ele>842</ele>
      </trkpt>
      <trkpt lat="34.082240000" lon="-111.636900000">
        <ele>843</ele>
      </trkpt>
      <trkpt lat="34.082380000" lon="-111.636820000">
        <ele>842</ele>
      </trkpt>
      <trkpt lat="34.082390000" lon="-111.636650000">
        <ele>843</ele>
      </trkpt>
      <trkpt lat="34.082430000" lon="-111.636560000">
        <ele>842</ele>
      </trkpt>
      <trkpt lat="34.082370000" lon="-111.636470000">
        <ele>844</ele>
      </trkpt>
      <trkpt lat="34.082380000" lon="-111.636400000">
        <ele>845</ele>
      </trkpt>
      <trkpt lat="34.082370000" lon="-111.636380000">
        <ele>845</ele>
      </trkpt>
      <trkpt lat="34.082400000" lon="-111.636410000">
        <ele>844</ele>
      </trkpt>
      <trkpt lat="34.082370000" lon="-111.636450000">
        <ele>844</ele>
      </trkpt>
      <trkpt lat="34.082270000" lon="-111.636450000">
        <ele>846</ele>
      </trkpt>
      <trkpt lat="34.082230000" lon="-111.636470000">
        <ele>847</ele>
      </trkpt>
      <trkpt lat="34.082210000" lon="-111.636450000">
        <ele>848</ele>
      </trkpt>
      <trkpt lat="34.082090000" lon="-111.636130000">
        <ele>852</ele>
      </trkpt>
      <trkpt lat="34.082030000" lon="-111.636050000">
        <ele>853</ele>
      </trkpt>
      <trkpt lat="34.081960000" lon="-111.636000000">
        <ele>854</ele>
      </trkpt>
      <trkpt lat="34.081940000" lon="-111.635870000">
        <ele>853</ele>
      </trkpt>
      <trkpt lat="34.081860000" lon="-111.635780000">
        <ele>854</ele>
      </trkpt>
      <trkpt lat="34.081790000" lon="-111.635510000">
        <ele>856</ele>
      </trkpt>
      <trkpt lat="34.081700000" lon="-111.635380000">
        <ele>858</ele>
      </trkpt>
      <trkpt lat="34.081670000" lon="-111.635030000">
        <ele>860</ele>
      </trkpt>
      <trkpt lat="34.081730000" lon="-111.634780000">
        <ele>859</ele>
      </trkpt>
      <trkpt lat="34.081710000" lon="-111.634710000">
        <ele>860</ele>
      </trkpt>
      <trkpt lat="34.081740000" lon="-111.634640000">
        <ele>860</ele>
      </trkpt>
      <trkpt lat="34.081730000" lon="-111.634570000">
        <ele>861</ele>
      </trkpt>
      <trkpt lat="34.081800000" lon="-111.634360000">
        <ele>861</ele>
      </trkpt>
      <trkpt lat="34.081640000" lon="-111.633780000">
        <ele>869</ele>
      </trkpt>
      <trkpt lat="34.081620000" lon="-111.633560000">
        <ele>872</ele>
      </trkpt>
      <trkpt lat="34.081540000" lon="-111.633190000">
        <ele>877</ele>
      </trkpt>
      <trkpt lat="34.081490000" lon="-111.633080000">
        <ele>879</ele>
      </trkpt>
      <trkpt lat="34.081490000" lon="-111.632940000">
        <ele>879</ele>
      </trkpt>
      <trkpt lat="34.081450000" lon="-111.632880000">
        <ele>880</ele>
      </trkpt>
      <trkpt lat="34.081410000" lon="-111.632680000">
        <ele>883</ele>
      </trkpt>
      <trkpt lat="34.081320000" lon="-111.632430000">
        <ele>887</ele>
      </trkpt>
      <trkpt lat="34.081270000" lon="-111.632380000">
        <ele>889</ele>
      </trkpt>
      <trkpt lat="34.081200000" lon="-111.632230000">
        <ele>891</ele>
      </trkpt>
      <trkpt lat="34.081170000" lon="-111.632060000">
        <ele>892</ele>
      </trkpt>
      <trkpt lat="34.081040000" lon="-111.631660000">
        <ele>893</ele>
      </trkpt>
      <trkpt lat="34.081060000" lon="-111.631400000">
        <ele>890</ele>
      </trkpt>
      <trkpt lat="34.081040000" lon="-111.631290000">
        <ele>890</ele>
      </trkpt>
      <trkpt lat="34.081040000" lon="-111.631150000">
        <ele>889</ele>
      </trkpt>
      <trkpt lat="34.081070000" lon="-111.630870000">
        <ele>887</ele>
      </trkpt>
      <trkpt lat="34.081030000" lon="-111.630360000">
        <ele>892</ele>
      </trkpt>
      <trkpt lat="34.080910000" lon="-111.630010000">
        <ele>894</ele>
      </trkpt>
      <trkpt lat="34.080860000" lon="-111.629960000">
        <ele>894</ele>
      </trkpt>
      <trkpt lat="34.080900000" lon="-111.629740000">
        <ele>895</ele>
      </trkpt>
      <trkpt lat="34.080900000" lon="-111.629520000">
        <ele>899</ele>
      </trkpt>
      <trkpt lat="34.080960000" lon="-111.629190000">
        <ele>902</ele>
      </trkpt>
      <trkpt lat="34.080930000" lon="-111.628980000">
        <ele>902</ele>
      </trkpt>
      <trkpt lat="34.080870000" lon="-111.628800000">
        <ele>903</ele>
      </trkpt>
      <trkpt lat="34.080860000" lon="-111.628310000">
        <ele>902</ele>
      </trkpt>
      <trkpt lat="34.080810000" lon="-111.628230000">
        <ele>903</ele>
      </trkpt>
      <trkpt lat="34.080830000" lon="-111.628130000">
        <ele>904</ele>
      </trkpt>
      <trkpt lat="34.080780000" lon="-111.627940000">
        <ele>906</ele>
      </trkpt>
      <trkpt lat="34.080830000" lon="-111.627130000">
        <ele>916</ele>
      </trkpt>
      <trkpt lat="34.080820000" lon="-111.626960000">
        <ele>917</ele>
      </trkpt>
      <trkpt lat="34.080790000" lon="-111.626870000">
        <ele>917</ele>
      </trkpt>
      <trkpt lat="34.080780000" lon="-111.626550000">
        <ele>920</ele>
      </trkpt>
      <trkpt lat="34.080820000" lon="-111.626480000">
        <ele>921</ele>
      </trkpt>
      <trkpt lat="34.080840000" lon="-111.626470000">
        <ele>921</ele>
      </trkpt>
      <trkpt lat="34.080880000" lon="-111.626150000">
        <ele>925</ele>
      </trkpt>
      <trkpt lat="34.080820000" lon="-111.626020000">
        <ele>926</ele>
      </trkpt>
      <trkpt lat="34.080820000" lon="-111.625650000">
        <ele>928</ele>
      </trkpt>
      <trkpt lat="34.080880000" lon="-111.625410000">
        <ele>928</ele>
      </trkpt>
      <trkpt lat="34.080880000" lon="-111.625200000">
        <ele>928</ele>
      </trkpt>
      <trkpt lat="34.080930000" lon="-111.625070000">
        <ele>928</ele>
      </trkpt>
      <trkpt lat="34.080940000" lon="-111.624920000">
        <ele>928</ele>
      </trkpt>
      <trkpt lat="34.080990000" lon="-111.624740000">
        <ele>928</ele>
      </trkpt>
      <trkpt lat="34.081040000" lon="-111.624690000">
        <ele>928</ele>
      </trkpt>
      <trkpt lat="34.081050000" lon="-111.624540000">
        <ele>928</ele>
      </trkpt>
      <trkpt lat="34.081110000" lon="-111.624450000">
        <ele>927</ele>
      </trkpt>
      <trkpt lat="34.081100000" lon="-111.624390000">
        <ele>927</ele>
      </trkpt>
      <trkpt lat="34.081120000" lon="-111.624200000">
        <ele>926</ele>
      </trkpt>
      <trkpt lat="34.081220000" lon="-111.623890000">
        <ele>924</ele>
      </trkpt>
      <trkpt lat="34.081150000" lon="-111.623870000">
        <ele>923</ele>
      </trkpt>
      <trkpt lat="34.081120000" lon="-111.623830000">
        <ele>922</ele>
      </trkpt>
      <trkpt lat="34.081120000" lon="-111.623650000">
        <ele>922</ele>
      </trkpt>
      <trkpt lat="34.081090000" lon="-111.623580000">
        <ele>922</ele>
      </trkpt>
      <trkpt lat="34.081100000" lon="-111.623290000">
        <ele>924</ele>
      </trkpt>
      <trkpt lat="34.081020000" lon="-111.622990000">
        <ele>923</ele>
      </trkpt>
      <trkpt lat="34.080960000" lon="-111.622860000">
        <ele>922</ele>
      </trkpt>
      <trkpt lat="34.080970000" lon="-111.622690000">
        <ele>924</ele>
      </trkpt>
      <trkpt lat="34.080950000" lon="-111.622660000">
        <ele>924</ele>
      </trkpt>
      <trkpt lat="34.080900000" lon="-111.622670000">
        <ele>923</ele>
      </trkpt>
      <trkpt lat="34.080860000" lon="-111.622630000">
        <ele>922</ele>
      </trkpt>
      <trkpt lat="34.080810000" lon="-111.622430000">
        <ele>923</ele>
      </trkpt>
      <trkpt lat="34.080880000" lon="-111.622200000">
        <ele>922</ele>
      </trkpt>
      <trkpt lat="34.080840000" lon="-111.622030000">
        <ele>921</ele>
      </trkpt>
      <trkpt lat="34.080900000" lon="-111.621890000">
        <ele>922</ele>
      </trkpt>
      <trkpt lat="34.080830000" lon="-111.621650000">
        <ele>922</ele>
      </trkpt>
      <trkpt lat="34.080770000" lon="-111.621560000">
        <ele>922</ele>
      </trkpt>
      <trkpt lat="34.080750000" lon="-111.621390000">
        <ele>921</ele>
      </trkpt>
      <trkpt lat="34.080710000" lon="-111.621310000">
        <ele>919</ele>
      </trkpt>
      <trkpt lat="34.080770000" lon="-111.620980000">
        <ele>916</ele>
      </trkpt>
      <trkpt lat="34.080870000" lon="-111.620780000">
        <ele>917</ele>
      </trkpt>
      <trkpt lat="34.080840000" lon="-111.620530000">
        <ele>918</ele>
      </trkpt>
      <trkpt lat="34.080900000" lon="-111.620380000">
        <ele>920</ele>
      </trkpt>
      <trkpt lat="34.080970000" lon="-111.620290000">
        <ele>921</ele>
      </trkpt>
      <trkpt lat="34.081070000" lon="-111.619980000">
        <ele>922</ele>
      </trkpt>
      <trkpt lat="34.081280000" lon="-111.619810000">
        <ele>924</ele>
      </trkpt>
      <trkpt lat="34.081330000" lon="-111.619750000">
        <ele>925</ele>
      </trkpt>
      <trkpt lat="34.081350000" lon="-111.619620000">
        <ele>925</ele>
      </trkpt>
      <trkpt lat="34.081430000" lon="-111.619430000">
        <ele>925</ele>
      </trkpt>
      <trkpt lat="34.081410000" lon="-111.619290000">
        <ele>925</ele>
      </trkpt>
      <trkpt lat="34.081450000" lon="-111.619130000">
        <ele>926</ele>
      </trkpt>
      <trkpt lat="34.081440000" lon="-111.619110000">
        <ele>926</ele>
      </trkpt>
      <trkpt lat="34.081480000" lon="-111.619050000">
        <ele>926</ele>
      </trkpt>
      <trkpt lat="34.081480000" lon="-111.618940000">
        <ele>926</ele>
      </trkpt>
      <trkpt lat="34.081450000" lon="-111.618850000">
        <ele>926</ele>
      </trkpt>
      <trkpt lat="34.081450000" lon="-111.618690000">
        <ele>926</ele>
      </trkpt>
      <trkpt lat="34.081510000" lon="-111.618430000">
        <ele>926</ele>
      </trkpt>
      <trkpt lat="34.081510000" lon="-111.618310000">
        <ele>927</ele>
      </trkpt>
      <trkpt lat="34.081530000" lon="-111.618280000">
        <ele>927</ele>
      </trkpt>
      <trkpt lat="34.081640000" lon="-111.618220000">
        <ele>926</ele>
      </trkpt>
      <trkpt lat="34.081700000" lon="-111.618120000">
        <ele>926</ele>
      </trkpt>
      <trkpt lat="34.081710000" lon="-111.618100000">
        <ele>926</ele>
      </trkpt>
      <trkpt lat="34.081670000" lon="-111.618050000">
        <ele>927</ele>
      </trkpt>
      <trkpt lat="34.081670000" lon="-111.618000000">
        <ele>927</ele>
      </trkpt>
      <trkpt lat="34.081750000" lon="-111.617880000">
        <ele>927</ele>
      </trkpt>
      <trkpt lat="34.081840000" lon="-111.617840000">
        <ele>927</ele>
      </trkpt>
      <trkpt lat="34.081900000" lon="-111.617780000">
        <ele>928</ele>
      </trkpt>
      <trkpt lat="34.081940000" lon="-111.617710000">
        <ele>928</ele>
      </trkpt>
      <trkpt lat="34.082010000" lon="-111.617670000">
        <ele>929</ele>
      </trkpt>
      <trkpt lat="34.082120000" lon="-111.617460000">
        <ele>931</ele>
      </trkpt>
      <trkpt lat="34.082220000" lon="-111.617180000">
        <ele>934</ele>
      </trkpt>
      <trkpt lat="34.082350000" lon="-111.617090000">
        <ele>935</ele>
      </trkpt>
      <trkpt lat="34.082390000" lon="-111.617010000">
        <ele>936</ele>
      </trkpt>
      <trkpt lat="34.082630000" lon="-111.616690000">
        <ele>939</ele>
      </trkpt>
      <trkpt lat="34.082720000" lon="-111.616680000">
        <ele>939</ele>
      </trkpt>
      <trkpt lat="34.083030000" lon="-111.616510000">
        <ele>939</ele>
      </trkpt>
      <trkpt lat="34.083090000" lon="-111.616350000">
        <ele>938</ele>
      </trkpt>
      <trkpt lat="34.083220000" lon="-111.616250000">
        <ele>939</ele>
      </trkpt>
      <trkpt lat="34.083240000" lon="-111.616190000">
        <ele>940</ele>
      </trkpt>
      <trkpt lat="34.083340000" lon="-111.616070000">
        <ele>942</ele>
      </trkpt>
      <trkpt lat="34.083490000" lon="-111.615960000">
        <ele>945</ele>
      </trkpt>
      <trkpt lat="34.083530000" lon="-111.615820000">
        <ele>949</ele>
      </trkpt>
      <trkpt lat="34.083900000" lon="-111.615390000">
        <ele>951</ele>
      </trkpt>
      <trkpt lat="34.084010000" lon="-111.615130000">
        <ele>951</ele>
      </trkpt>
      <trkpt lat="34.084160000" lon="-111.615090000">
        <ele>951</ele>
      </trkpt>
      <trkpt lat="34.084430000" lon="-111.614970000">
        <ele>954</ele>
      </trkpt>
      <trkpt lat="34.084530000" lon="-111.614890000">
        <ele>955</ele>
      </trkpt>
      <trkpt lat="34.084960000" lon="-111.614730000">
        <ele>962</ele>
      </trkpt>
      <trkpt lat="34.085080000" lon="-111.614740000">
        <ele>962</ele>
      </trkpt>
      <trkpt lat="34.085330000" lon="-111.614830000">
        <ele>963</ele>
      </trkpt>
      <trkpt lat="34.085420000" lon="-111.614810000">
        <ele>963</ele>
      </trkpt>
      <trkpt lat="34.085650000" lon="-111.614800000">
        <ele>967</ele>
      </trkpt>
      <trkpt lat="34.085820000" lon="-111.614870000">
        <ele>972</ele>
      </trkpt>
      <trkpt lat="34.085930000" lon="-111.614890000">
        <ele>974</ele>
      </trkpt>
      <trkpt lat="34.086030000" lon="-111.614870000">
        <ele>977</ele>
      </trkpt>
      <trkpt lat="34.086120000" lon="-111.614900000">
        <ele>979</ele>
      </trkpt>
      <trkpt lat="34.086220000" lon="-111.614910000">
        <ele>982</ele>
      </trkpt>
      <trkpt lat="34.086260000" lon="-111.614960000">
        <ele>983</ele>
      </trkpt>
      <trkpt lat="34.086320000" lon="-111.614980000">
        <ele>985</ele>
      </trkpt>
      <trkpt lat="34.086470000" lon="-111.615000000">
        <ele>988</ele>
      </trkpt>
      <trkpt lat="34.086730000" lon="-111.615150000">
        <ele>990</ele>
      </trkpt>
      <trkpt lat="34.086850000" lon="-111.615180000">
        <ele>993</ele>
      </trkpt>
      <trkpt lat="34.087030000" lon="-111.615170000">
        <ele>998</ele>
      </trkpt>
      <trkpt lat="34.087200000" lon="-111.615350000">
        <ele>1000</ele>
      </trkpt>
      <trkpt lat="34.087320000" lon="-111.615420000">
        <ele>1001</ele>
      </trkpt>
      <trkpt lat="34.087500000" lon="-111.615350000">
        <ele>1006</ele>
      </trkpt>
      <trkpt lat="34.087640000" lon="-111.615420000">
        <ele>1007</ele>
      </trkpt>
      <trkpt lat="34.087860000" lon="-111.615470000">
        <ele>1011</ele>
      </trkpt>
      <trkpt lat="34.087820000" lon="-111.615440000">
        <ele>1012</ele>
      </trkpt>
      <trkpt lat="34.087810000" lon="-111.615410000">
        <ele>1012</ele>
      </trkpt>
      <trkpt lat="34.087890000" lon="-111.615360000">
        <ele>1015</ele>
      </trkpt>
      <trkpt lat="34.087940000" lon="-111.615360000">
        <ele>1016</ele>
      </trkpt>
      <trkpt lat="34.087940000" lon="-111.615250000">
        <ele>1021</ele>
      </trkpt>
      <trkpt lat="34.088080000" lon="-111.615260000">
        <ele>1023</ele>
      </trkpt>
      <trkpt lat="34.088130000" lon="-111.615240000">
        <ele>1024</ele>
      </trkpt>
      <trkpt lat="34.088290000" lon="-111.614990000">
        <ele>1024</ele>
      </trkpt>
      <trkpt lat="34.088350000" lon="-111.615010000">
        <ele>1023</ele>
      </trkpt>
      <trkpt lat="34.088440000" lon="-111.614950000">
        <ele>1023</ele>
      </trkpt>
      <trkpt lat="34.088690000" lon="-111.614980000">
        <ele>1023</ele>
      </trkpt>
      <trkpt lat="34.088850000" lon="-111.614930000">
        <ele>1025</ele>
      </trkpt>
      <trkpt lat="34.088950000" lon="-111.614830000">
        <ele>1030</ele>
      </trkpt>
      <trkpt lat="34.089050000" lon="-111.614800000">
        <ele>1032</ele>
      </trkpt>
      <trkpt lat="34.089140000" lon="-111.614730000">
        <ele>1035</ele>
      </trkpt>
      <trkpt lat="34.089300000" lon="-111.614660000">
        <ele>1035</ele>
      </trkpt>
      <trkpt lat="34.089360000" lon="-111.614590000">
        <ele>1035</ele>
      </trkpt>
      <trkpt lat="34.089400000" lon="-111.614620000">
        <ele>1034</ele>
      </trkpt>
      <trkpt lat="34.089370000" lon="-111.614620000">
        <ele>1035</ele>
      </trkpt>
      <trkpt lat="34.089340000" lon="-111.614560000">
        <ele>1036</ele>
      </trkpt>
      <trkpt lat="34.089410000" lon="-111.614450000">
        <ele>1040</ele>
      </trkpt>
      <trkpt lat="34.089540000" lon="-111.614380000">
        <ele>1042</ele>
      </trkpt>
      <trkpt lat="34.089670000" lon="-111.614260000">
        <ele>1047</ele>
      </trkpt>
      <trkpt lat="34.089720000" lon="-111.614260000">
        <ele>1047</ele>
      </trkpt>
      <trkpt lat="34.089770000" lon="-111.614230000">
        <ele>1048</ele>
      </trkpt>
      <trkpt lat="34.089880000" lon="-111.614120000">
        <ele>1048</ele>
      </trkpt>
      <trkpt lat="34.089890000" lon="-111.613960000">
        <ele>1050</ele>
      </trkpt>
      <trkpt lat="34.089940000" lon="-111.613870000">
        <ele>1051</ele>
      </trkpt>
      <trkpt lat="34.089930000" lon="-111.613730000">
        <ele>1056</ele>
      </trkpt>
      <trkpt lat="34.089960000" lon="-111.613660000">
        <ele>1058</ele>
      </trkpt>
      <trkpt lat="34.090000000" lon="-111.613220000">
        <ele>1063</ele>
      </trkpt>
      <trkpt lat="34.090040000" lon="-111.613200000">
        <ele>1062</ele>
      </trkpt>
      <trkpt lat="34.090150000" lon="-111.613060000">
        <ele>1064</ele>
      </trkpt>
      <trkpt lat="34.090240000" lon="-111.612880000">
        <ele>1067</ele>
      </trkpt>
      <trkpt lat="34.090300000" lon="-111.612680000">
        <ele>1071</ele>
      </trkpt>
      <trkpt lat="34.090360000" lon="-111.612610000">
        <ele>1072</ele>
      </trkpt>
      <trkpt lat="34.090380000" lon="-111.612630000">
        <ele>1072</ele>
      </trkpt>
      <trkpt lat="34.090440000" lon="-111.612540000">
        <ele>1074</ele>
      </trkpt>
      <trkpt lat="34.090600000" lon="-111.612560000">
        <ele>1075</ele>
      </trkpt>
      <trkpt lat="34.090640000" lon="-111.612590000">
        <ele>1076</ele>
      </trkpt>
      <trkpt lat="34.090730000" lon="-111.612480000">
        <ele>1080</ele>
      </trkpt>
      <trkpt lat="34.090740000" lon="-111.612410000">
        <ele>1081</ele>
      </trkpt>
      <trkpt lat="34.090880000" lon="-111.612160000">
        <ele>1088</ele>
      </trkpt>
      <trkpt lat="34.090890000" lon="-111.611960000">
        <ele>1093</ele>
      </trkpt>
      <trkpt lat="34.090940000" lon="-111.611980000">
        <ele>1093</ele>
      </trkpt>
      <trkpt lat="34.091070000" lon="-111.612120000">
        <ele>1094</ele>
      </trkpt>
      <trkpt lat="34.091140000" lon="-111.612150000">
        <ele>1096</ele>
      </trkpt>
      <trkpt lat="34.091170000" lon="-111.612140000">
        <ele>1098</ele>
      </trkpt>
      <trkpt lat="34.091200000" lon="-111.612060000">
        <ele>1099</ele>
      </trkpt>
      <trkpt lat="34.091180000" lon="-111.611980000">
        <ele>1099</ele>
      </trkpt>
      <trkpt lat="34.091220000" lon="-111.611900000">
        <ele>1101</ele>
      </trkpt>
      <trkpt lat="34.091200000" lon="-111.611730000">
        <ele>1104</ele>
      </trkpt>
      <trkpt lat="34.091280000" lon="-111.611600000">
        <ele>1107</ele>
      </trkpt>
      <trkpt lat="34.091330000" lon="-111.611580000">
        <ele>1107</ele>
      </trkpt>
      <trkpt lat="34.091420000" lon="-111.611590000">
        <ele>1107</ele>
      </trkpt>
      <trkpt lat="34.091440000" lon="-111.611580000">
        <ele>1108</ele>
      </trkpt>
      <trkpt lat="34.091480000" lon="-111.611460000">
        <ele>1108</ele>
      </trkpt>
      <trkpt lat="34.091570000" lon="-111.611350000">
        <ele>1108</ele>
      </trkpt>
      <trkpt lat="34.091650000" lon="-111.611320000">
        <ele>1109</ele>
      </trkpt>
      <trkpt lat="34.091770000" lon="-111.611170000">
        <ele>1109</ele>
      </trkpt>
      <trkpt lat="34.091870000" lon="-111.611120000">
        <ele>1109</ele>
      </trkpt>
      <trkpt lat="34.092020000" lon="-111.610970000">
        <ele>1109</ele>
      </trkpt>
      <trkpt lat="34.092090000" lon="-111.610930000">
        <ele>1109</ele>
      </trkpt>
      <trkpt lat="34.092220000" lon="-111.610890000">
        <ele>1109</ele>
      </trkpt>
      <trkpt lat="34.092430000" lon="-111.610870000">
        <ele>1110</ele>
      </trkpt>
      <trkpt lat="34.092540000" lon="-111.610820000">
        <ele>1109</ele>
      </trkpt>
      <trkpt lat="34.092840000" lon="-111.610610000">
        <ele>1106</ele>
      </trkpt>
      <trkpt lat="34.092890000" lon="-111.610640000">
        <ele>1107</ele>
      </trkpt>
      <trkpt lat="34.092950000" lon="-111.610650000">
        <ele>1108</ele>
      </trkpt>
      <trkpt lat="34.093110000" lon="-111.610640000">
        <ele>1108</ele>
      </trkpt>
      <trkpt lat="34.093270000" lon="-111.610650000">
        <ele>1110</ele>
      </trkpt>
      <trkpt lat="34.093370000" lon="-111.610620000">
        <ele>1111</ele>
      </trkpt>
      <trkpt lat="34.093520000" lon="-111.610520000">
        <ele>1110</ele>
      </trkpt>
      <trkpt lat="34.093530000" lon="-111.610480000">
        <ele>1110</ele>
      </trkpt>
      <trkpt lat="34.093800000" lon="-111.610330000">
        <ele>1111</ele>
      </trkpt>
      <trkpt lat="34.093930000" lon="-111.610160000">
        <ele>1110</ele>
      </trkpt>
      <trkpt lat="34.094030000" lon="-111.610100000">
        <ele>1111</ele>
      </trkpt>
      <trkpt lat="34.094130000" lon="-111.609890000">
        <ele>1110</ele>
      </trkpt>
      <trkpt lat="34.094240000" lon="-111.609780000">
        <ele>1112</ele>
      </trkpt>
      <trkpt lat="34.094320000" lon="-111.609610000">
        <ele>1111</ele>
      </trkpt>
      <trkpt lat="34.094380000" lon="-111.609580000">
        <ele>1112</ele>
      </trkpt>
      <trkpt lat="34.094500000" lon="-111.609430000">
        <ele>1114</ele>
      </trkpt>
      <trkpt lat="34.094610000" lon="-111.609260000">
        <ele>1115</ele>
      </trkpt>
      <trkpt lat="34.094620000" lon="-111.609210000">
        <ele>1115</ele>
      </trkpt>
      <trkpt lat="34.094680000" lon="-111.609170000">
        <ele>1116</ele>
      </trkpt>
      <trkpt lat="34.094690000" lon="-111.609140000">
        <ele>1117</ele>
      </trkpt>
      <trkpt lat="34.094700000" lon="-111.609060000">
        <ele>1117</ele>
      </trkpt>
      <trkpt lat="34.094680000" lon="-111.608960000">
        <ele>1118</ele>
      </trkpt>
      <trkpt lat="34.094700000" lon="-111.608790000">
        <ele>1121</ele>
      </trkpt>
      <trkpt lat="34.094670000" lon="-111.608740000">
        <ele>1121</ele>
      </trkpt>
      <trkpt lat="34.094640000" lon="-111.608480000">
        <ele>1122</ele>
      </trkpt>
      <trkpt lat="34.094670000" lon="-111.608340000">
        <ele>1124</ele>
      </trkpt>
      <trkpt lat="34.094590000" lon="-111.608060000">
        <ele>1124</ele>
      </trkpt>
      <trkpt lat="34.094590000" lon="-111.607920000">
        <ele>1125</ele>
      </trkpt>
      <trkpt lat="34.094690000" lon="-111.607560000">
        <ele>1130</ele>
      </trkpt>
      <trkpt lat="34.094810000" lon="-111.607400000">
        <ele>1133</ele>
      </trkpt>
      <trkpt lat="34.094810000" lon="-111.607270000">
        <ele>1133</ele>
      </trkpt>
      <trkpt lat="34.094740000" lon="-111.607200000">
        <ele>1133</ele>
      </trkpt>
      <trkpt lat="34.094680000" lon="-111.607070000">
        <ele>1136</ele>
      </trkpt>
      <trkpt lat="34.094510000" lon="-111.606960000">
        <ele>1137</ele>
      </trkpt>
      <trkpt lat="34.094420000" lon="-111.606850000">
        <ele>1136</ele>
      </trkpt>
      <trkpt lat="34.094340000" lon="-111.606700000">
        <ele>1135</ele>
      </trkpt>
      <trkpt lat="34.094260000" lon="-111.606460000">
        <ele>1139</ele>
      </trkpt>
      <trkpt lat="34.094190000" lon="-111.606450000">
        <ele>1136</ele>
      </trkpt>
      <trkpt lat="34.094040000" lon="-111.606190000">
        <ele>1135</ele>
      </trkpt>
      <trkpt lat="34.093920000" lon="-111.606040000">
        <ele>1133</ele>
      </trkpt>
      <trkpt lat="34.093780000" lon="-111.605740000">
        <ele>1135</ele>
      </trkpt>
      <trkpt lat="34.093770000" lon="-111.605610000">
        <ele>1138</ele>
      </trkpt>
      <trkpt lat="34.093710000" lon="-111.605530000">
        <ele>1139</ele>
      </trkpt>
      <trkpt lat="34.093700000" lon="-111.605430000">
        <ele>1142</ele>
      </trkpt>
      <trkpt lat="34.093590000" lon="-111.605120000">
        <ele>1149</ele>
      </trkpt>
      <trkpt lat="34.093580000" lon="-111.605000000">
        <ele>1151</ele>
      </trkpt>
      <trkpt lat="34.093510000" lon="-111.604880000">
        <ele>1150</ele>
      </trkpt>
      <trkpt lat="34.093370000" lon="-111.604700000">
        <ele>1149</ele>
      </trkpt>
      <trkpt lat="34.093260000" lon="-111.604600000">
        <ele>1151</ele>
      </trkpt>
      <trkpt lat="34.093150000" lon="-111.604560000">
        <ele>1155</ele>
      </trkpt>
      <trkpt lat="34.093000000" lon="-111.604390000">
        <ele>1160</ele>
      </trkpt>
      <trkpt lat="34.092980000" lon="-111.604220000">
        <ele>1160</ele>
      </trkpt>
      <trkpt lat="34.092900000" lon="-111.604060000">
        <ele>1162</ele>
      </trkpt>
      <trkpt lat="34.092910000" lon="-111.603990000">
        <ele>1163</ele>
      </trkpt>
      <trkpt lat="34.092950000" lon="-111.603910000">
        <ele>1164</ele>
      </trkpt>
      <trkpt lat="34.092950000" lon="-111.603520000">
        <ele>1166</ele>
      </trkpt>
      <trkpt lat="34.092860000" lon="-111.603200000">
        <ele>1168</ele>
      </trkpt>
      <trkpt lat="34.092870000" lon="-111.603160000">
        <ele>1168</ele>
      </trkpt>
      <trkpt lat="34.092950000" lon="-111.603050000">
        <ele>1171</ele>
      </trkpt>
      <trkpt lat="34.092960000" lon="-111.602970000">
        <ele>1172</ele>
      </trkpt>
      <trkpt lat="34.093010000" lon="-111.602910000">
        <ele>1174</ele>
      </trkpt>
      <trkpt lat="34.093220000" lon="-111.602770000">
        <ele>1180</ele>
      </trkpt>
      <trkpt lat="34.093270000" lon="-111.602760000">
        <ele>1180</ele>
      </trkpt>
      <trkpt lat="34.093420000" lon="-111.602910000">
        <ele>1178</ele>
      </trkpt>
      <trkpt lat="34.093410000" lon="-111.602940000">
        <ele>1178</ele>
      </trkpt>
      <trkpt lat="34.093310000" lon="-111.603000000">
        <ele>1177</ele>
      </trkpt>
      <trkpt lat="34.093400000" lon="-111.602970000">
        <ele>1178</ele>
      </trkpt>
      <trkpt lat="34.093400000" lon="-111.603000000">
        <ele>1178</ele>
      </trkpt>
      <trkpt lat="34.093390000" lon="-111.602970000">
        <ele>1178</ele>
      </trkpt>
      <trkpt lat="34.093410000" lon="-111.602970000">
        <ele>1178</ele>
      </trkpt>
      <trkpt lat="34.093420000" lon="-111.603010000">
        <ele>1178</ele>
      </trkpt>
      <trkpt lat="34.093330000" lon="-111.603050000">
        <ele>1177</ele>
      </trkpt>
      <trkpt lat="34.093360000" lon="-111.603120000">
        <ele>1176</ele>
      </trkpt>
      <trkpt lat="34.093350000" lon="-111.602950000">
        <ele>1178</ele>
      </trkpt>
      <trkpt lat="34.093430000" lon="-111.603010000">
        <ele>1178</ele>
      </trkpt>
      <trkpt lat="34.093370000" lon="-111.602960000">
        <ele>1178</ele>
      </trkpt>
      <trkpt lat="34.093360000" lon="-111.602900000">
        <ele>1178</ele>
      </trkpt>
      <trkpt lat="34.093370000" lon="-111.603110000">
        <ele>1177</ele>
      </trkpt>
      <trkpt lat="34.093500000" lon="-111.603100000">
        <ele>1178</ele>
      </trkpt>
      <trkpt lat="34.093480000" lon="-111.603070000">
        <ele>1178</ele>
      </trkpt>
      <trkpt lat="34.093450000" lon="-111.603080000">
        <ele>1178</ele>
      </trkpt>
      <trkpt lat="34.093460000" lon="-111.603100000">
        <ele>1178</ele>
      </trkpt>
      <trkpt lat="34.093550000" lon="-111.603170000">
        <ele>1178</ele>
      </trkpt>
      <trkpt lat="34.093610000" lon="-111.603320000">
        <ele>1178</ele>
      </trkpt>
      <trkpt lat="34.093680000" lon="-111.603300000">
        <ele>1180</ele>
      </trkpt>
      <trkpt lat="34.093720000" lon="-111.603330000">
        <ele>1181</ele>
      </trkpt>
      <trkpt lat="34.093940000" lon="-111.603290000">
        <ele>1186</ele>
      </trkpt>
      <trkpt lat="34.093970000" lon="-111.603240000">
        <ele>1185</ele>
      </trkpt>
      <trkpt lat="34.094050000" lon="-111.603210000">
        <ele>1186</ele>
      </trkpt>
      <trkpt lat="34.094160000" lon="-111.603080000">
        <ele>1188</ele>
      </trkpt>
      <trkpt lat="34.094280000" lon="-111.603130000">
        <ele>1192</ele>
      </trkpt>
      <trkpt lat="34.094430000" lon="-111.603130000">
        <ele>1196</ele>
      </trkpt>
      <trkpt lat="34.094500000" lon="-111.603160000">
        <ele>1198</ele>
      </trkpt>
      <trkpt lat="34.094550000" lon="-111.603210000">
        <ele>1201</ele>
      </trkpt>
      <trkpt lat="34.094640000" lon="-111.603190000">
        <ele>1202</ele>
      </trkpt>
      <trkpt lat="34.094880000" lon="-111.603060000">
        <ele>1206</ele>
      </trkpt>
      <trkpt lat="34.094930000" lon="-111.603140000">
        <ele>1210</ele>
      </trkpt>
      <trkpt lat="34.094970000" lon="-111.603140000">
        <ele>1211</ele>
      </trkpt>
      <trkpt lat="34.095090000" lon="-111.603040000">
        <ele>1211</ele>
      </trkpt>
      <trkpt lat="34.095250000" lon="-111.603050000">
        <ele>1214</ele>
      </trkpt>
      <trkpt lat="34.095280000" lon="-111.603070000">
        <ele>1215</ele>
      </trkpt>
      <trkpt lat="34.095380000" lon="-111.603110000">
        <ele>1217</ele>
      </trkpt>
      <trkpt lat="34.095410000" lon="-111.603140000">
        <ele>1218</ele>
      </trkpt>
      <trkpt lat="34.095490000" lon="-111.603160000">
        <ele>1218</ele>
      </trkpt>
      <trkpt lat="34.095640000" lon="-111.603280000">
        <ele>1221</ele>
      </trkpt>
      <trkpt lat="34.095720000" lon="-111.603290000">
        <ele>1221</ele>
      </trkpt>
      <trkpt lat="34.095890000" lon="-111.603190000">
        <ele>1220</ele>
      </trkpt>
      <trkpt lat="34.095940000" lon="-111.603200000">
        <ele>1220</ele>
      </trkpt>
      <trkpt lat="34.096030000" lon="-111.603260000">
        <ele>1220</ele>
      </trkpt>
      <trkpt lat="34.096200000" lon="-111.603440000">
        <ele>1221</ele>
      </trkpt>
      <trkpt lat="34.096240000" lon="-111.603530000">
        <ele>1222</ele>
      </trkpt>
      <trkpt lat="34.096230000" lon="-111.603600000">
        <ele>1222</ele>
      </trkpt>
      <trkpt lat="34.096280000" lon="-111.603570000">
        <ele>1223</ele>
      </trkpt>
      <trkpt lat="34.096470000" lon="-111.603540000">
        <ele>1226</ele>
      </trkpt>
      <trkpt lat="34.096560000" lon="-111.603480000">
        <ele>1227</ele>
      </trkpt>
      <trkpt lat="34.096640000" lon="-111.603470000">
        <ele>1228</ele>
      </trkpt>
      <trkpt lat="34.096840000" lon="-111.603380000">
        <ele>1231</ele>
      </trkpt>
      <trkpt lat="34.097010000" lon="-111.603410000">
        <ele>1234</ele>
      </trkpt>
      <trkpt lat="34.097060000" lon="-111.603400000">
        <ele>1235</ele>
      </trkpt>
      <trkpt lat="34.097150000" lon="-111.603460000">
        <ele>1236</ele>
      </trkpt>
      <trkpt lat="34.097180000" lon="-111.603420000">
        <ele>1237</ele>
      </trkpt>
      <trkpt lat="34.097300000" lon="-111.603410000">
        <ele>1238</ele>
      </trkpt>
      <trkpt lat="34.097360000" lon="-111.603320000">
        <ele>1240</ele>
      </trkpt>
      <trkpt lat="34.097350000" lon="-111.603260000">
        <ele>1241</ele>
      </trkpt>
      <trkpt lat="34.097250000" lon="-111.603180000">
        <ele>1240</ele>
      </trkpt>
      <trkpt lat="34.097230000" lon="-111.602950000">
        <ele>1241</ele>
      </trkpt>
      <trkpt lat="34.097170000" lon="-111.602650000">
        <ele>1248</ele>
      </trkpt>
      <trkpt lat="34.097120000" lon="-111.602530000">
        <ele>1249</ele>
      </trkpt>
      <trkpt lat="34.097130000" lon="-111.602420000">
        <ele>1250</ele>
      </trkpt>
      <trkpt lat="34.097100000" lon="-111.602310000">
        <ele>1248</ele>
      </trkpt>
      <trkpt lat="34.097120000" lon="-111.602170000">
        <ele>1249</ele>
      </trkpt>
      <trkpt lat="34.097140000" lon="-111.602160000">
        <ele>1250</ele>
      </trkpt>
      <trkpt lat="34.097150000" lon="-111.602120000">
        <ele>1251</ele>
      </trkpt>
      <trkpt lat="34.097150000" lon="-111.601830000">
        <ele>1257</ele>
      </trkpt>
      <trkpt lat="34.097180000" lon="-111.601660000">
        <ele>1262</ele>
      </trkpt>
      <trkpt lat="34.097060000" lon="-111.601490000">
        <ele>1266</ele>
      </trkpt>
      <trkpt lat="34.097000000" lon="-111.601440000">
        <ele>1266</ele>
      </trkpt>
      <trkpt lat="34.096970000" lon="-111.601440000">
        <ele>1264</ele>
      </trkpt>
      <trkpt lat="34.096860000" lon="-111.601280000">
        <ele>1265</ele>
      </trkpt>
      <trkpt lat="34.096880000" lon="-111.601140000">
        <ele>1269</ele>
      </trkpt>
      <trkpt lat="34.096870000" lon="-111.600980000">
        <ele>1270</ele>
      </trkpt>
      <trkpt lat="34.096900000" lon="-111.600950000">
        <ele>1272</ele>
      </trkpt>
      <trkpt lat="34.096930000" lon="-111.600650000">
        <ele>1275</ele>
      </trkpt>
      <trkpt lat="34.096960000" lon="-111.600580000">
        <ele>1277</ele>
      </trkpt>
      <trkpt lat="34.096950000" lon="-111.600480000">
        <ele>1277</ele>
      </trkpt>
      <trkpt lat="34.097010000" lon="-111.600300000">
        <ele>1279</ele>
      </trkpt>
      <trkpt lat="34.096970000" lon="-111.600070000">
        <ele>1281</ele>
      </trkpt>
      <trkpt lat="34.096950000" lon="-111.600040000">
        <ele>1281</ele>
      </trkpt>
      <trkpt lat="34.096860000" lon="-111.600020000">
        <ele>1280</ele>
      </trkpt>
      <trkpt lat="34.096870000" lon="-111.599890000">
        <ele>1283</ele>
      </trkpt>
      <trkpt lat="34.096830000" lon="-111.599820000">
        <ele>1285</ele>
      </trkpt>
      <trkpt lat="34.096780000" lon="-111.599790000">
        <ele>1285</ele>
      </trkpt>
      <trkpt lat="34.096660000" lon="-111.599770000">
        <ele>1284</ele>
      </trkpt>
      <trkpt lat="34.096540000" lon="-111.599620000">
        <ele>1286</ele>
      </trkpt>
      <trkpt lat="34.096540000" lon="-111.599550000">
        <ele>1288</ele>
      </trkpt>
      <trkpt lat="34.096480000" lon="-111.599320000">
        <ele>1289</ele>
      </trkpt>
      <trkpt lat="34.096390000" lon="-111.599250000">
        <ele>1287</ele>
      </trkpt>
      <trkpt lat="34.096390000" lon="-111.598900000">
        <ele>1289</ele>
      </trkpt>
      <trkpt lat="34.096440000" lon="-111.598640000">
        <ele>1291</ele>
      </trkpt>
      <trkpt lat="34.096420000" lon="-111.598270000">
        <ele>1288</ele>
      </trkpt>
      <trkpt lat="34.096440000" lon="-111.597820000">
        <ele>1286</ele>
      </trkpt>
      <trkpt lat="34.096380000" lon="-111.597300000">
        <ele>1287</ele>
      </trkpt>
      <trkpt lat="34.096430000" lon="-111.597210000">
        <ele>1291</ele>
      </trkpt>
      <trkpt lat="34.096410000" lon="-111.597150000">
        <ele>1292</ele>
      </trkpt>
      <trkpt lat="34.096430000" lon="-111.597050000">
        <ele>1295</ele>
      </trkpt>
      <trkpt lat="34.096390000" lon="-111.596980000">
        <ele>1296</ele>
      </trkpt>
      <trkpt lat="34.096300000" lon="-111.596520000">
        <ele>1305</ele>
      </trkpt>
      <trkpt lat="34.096200000" lon="-111.596330000">
        <ele>1307</ele>
      </trkpt>
      <trkpt lat="34.096180000" lon="-111.596180000">
        <ele>1310</ele>
      </trkpt>
      <trkpt lat="34.096250000" lon="-111.595990000">
        <ele>1316</ele>
      </trkpt>
      <trkpt lat="34.096260000" lon="-111.595930000">
        <ele>1317</ele>
      </trkpt>
      <trkpt lat="34.096270000" lon="-111.595960000">
        <ele>1317</ele>
      </trkpt>
      <trkpt lat="34.096300000" lon="-111.595930000">
        <ele>1318</ele>
      </trkpt>
      <trkpt lat="34.096330000" lon="-111.595780000">
        <ele>1322</ele>
      </trkpt>
      <trkpt lat="34.096390000" lon="-111.595700000">
        <ele>1324</ele>
      </trkpt>
      <trkpt lat="34.096370000" lon="-111.595620000">
        <ele>1325</ele>
      </trkpt>
      <trkpt lat="34.096400000" lon="-111.595560000">
        <ele>1326</ele>
      </trkpt>
      <trkpt lat="34.096280000" lon="-111.595360000">
        <ele>1327</ele>
      </trkpt>
      <trkpt lat="34.096260000" lon="-111.595260000">
        <ele>1327</ele>
      </trkpt>
      <trkpt lat="34.096280000" lon="-111.595190000">
        <ele>1328</ele>
      </trkpt>
      <trkpt lat="34.096340000" lon="-111.595140000">
        <ele>1328</ele>
      </trkpt>
      <trkpt lat="34.096360000" lon="-111.595050000">
        <ele>1329</ele>
      </trkpt>
      <trkpt lat="34.096310000" lon="-111.594940000">
        <ele>1329</ele>
      </trkpt>
      <trkpt lat="34.096320000" lon="-111.594870000">
        <ele>1330</ele>
      </trkpt>
      <trkpt lat="34.096260000" lon="-111.594750000">
        <ele>1331</ele>
      </trkpt>
      <trkpt lat="34.096260000" lon="-111.594620000">
        <ele>1332</ele>
      </trkpt>
      <trkpt lat="34.096360000" lon="-111.594500000">
        <ele>1334</ele>
      </trkpt>
      <trkpt lat="34.096380000" lon="-111.594370000">
        <ele>1335</ele>
      </trkpt>
      <trkpt lat="34.096460000" lon="-111.594260000">
        <ele>1338</ele>
      </trkpt>
      <trkpt lat="34.096520000" lon="-111.594230000">
        <ele>1339</ele>
      </trkpt>
      <trkpt lat="34.096600000" lon="-111.594090000">
        <ele>1343</ele>
      </trkpt>
      <trkpt lat="34.096360000" lon="-111.593830000">
        <ele>1344</ele>
      </trkpt>
      <trkpt lat="34.096180000" lon="-111.593530000">
        <ele>1348</ele>
      </trkpt>
      <trkpt lat="34.096080000" lon="-111.593410000">
        <ele>1349</ele>
      </trkpt>
      <trkpt lat="34.095980000" lon="-111.593100000">
        <ele>1353</ele>
      </trkpt>
      <trkpt lat="34.095940000" lon="-111.593020000">
        <ele>1354</ele>
      </trkpt>
      <trkpt lat="34.095970000" lon="-111.593000000">
        <ele>1356</ele>
      </trkpt>
      <trkpt lat="34.096110000" lon="-111.593100000">
        <ele>1358</ele>
      </trkpt>
      <trkpt lat="34.096200000" lon="-111.593110000">
        <ele>1360</ele>
      </trkpt>
      <trkpt lat="34.096550000" lon="-111.593260000">
        <ele>1364</ele>
      </trkpt>
      <trkpt lat="34.096580000" lon="-111.593260000">
        <ele>1365</ele>
      </trkpt>
      <trkpt lat="34.096640000" lon="-111.593190000">
        <ele>1368</ele>
      </trkpt>
      <trkpt lat="34.096650000" lon="-111.593160000">
        <ele>1369</ele>
      </trkpt>
      <trkpt lat="34.096570000" lon="-111.593110000">
        <ele>1369</ele>
      </trkpt>
      <trkpt lat="34.096530000" lon="-111.592920000">
        <ele>1374</ele>
      </trkpt>
      <trkpt lat="34.096370000" lon="-111.592650000">
        <ele>1379</ele>
      </trkpt>
      <trkpt lat="34.096240000" lon="-111.592210000">
        <ele>1388</ele>
      </trkpt>
      <trkpt lat="34.096180000" lon="-111.592130000">
        <ele>1388</ele>
      </trkpt>
      <trkpt lat="34.096140000" lon="-111.592010000">
        <ele>1390</ele>
      </trkpt>
      <trkpt lat="34.096260000" lon="-111.592000000">
        <ele>1394</ele>
      </trkpt>
      <trkpt lat="34.096320000" lon="-111.592040000">
        <ele>1396</ele>
      </trkpt>
      <trkpt lat="34.096600000" lon="-111.592070000">
        <ele>1406</ele>
      </trkpt>
      <trkpt lat="34.096730000" lon="-111.592170000">
        <ele>1407</ele>
      </trkpt>
      <trkpt lat="34.096780000" lon="-111.592180000">
        <ele>1407</ele>
      </trkpt>
      <trkpt lat="34.096810000" lon="-111.592150000">
        <ele>1409</ele>
      </trkpt>
      <trkpt lat="34.096740000" lon="-111.592080000">
        <ele>1409</ele>
      </trkpt>
      <trkpt lat="34.096660000" lon="-111.591930000">
        <ele>1410</ele>
      </trkpt>
      <trkpt lat="34.096580000" lon="-111.591860000">
        <ele>1409</ele>
      </trkpt>
      <trkpt lat="34.096540000" lon="-111.591740000">
        <ele>1412</ele>
      </trkpt>
      <trkpt lat="34.096430000" lon="-111.591610000">
        <ele>1412</ele>
      </trkpt>
      <trkpt lat="34.096420000" lon="-111.591490000">
        <ele>1414</ele>
      </trkpt>
      <trkpt lat="34.096350000" lon="-111.591360000">
        <ele>1415</ele>
      </trkpt>
      <trkpt lat="34.096290000" lon="-111.591140000">
        <ele>1417</ele>
      </trkpt>
      <trkpt lat="34.096340000" lon="-111.591200000">
        <ele>1419</ele>
      </trkpt>
      <trkpt lat="34.096440000" lon="-111.591220000">
        <ele>1423</ele>
      </trkpt>
      <trkpt lat="34.096480000" lon="-111.591300000">
        <ele>1422</ele>
      </trkpt>
      <trkpt lat="34.096530000" lon="-111.591330000">
        <ele>1423</ele>
      </trkpt>
      <trkpt lat="34.096690000" lon="-111.591350000">
        <ele>1428</ele>
      </trkpt>
      <trkpt lat="34.096700000" lon="-111.591200000">
        <ele>1432</ele>
      </trkpt>
      <trkpt lat="34.096720000" lon="-111.591190000">
        <ele>1434</ele>
      </trkpt>
      <trkpt lat="34.096770000" lon="-111.591150000">
        <ele>1436</ele>
      </trkpt>
      <trkpt lat="34.096860000" lon="-111.591180000">
        <ele>1437</ele>
      </trkpt>
      <trkpt lat="34.096880000" lon="-111.591120000">
        <ele>1439</ele>
      </trkpt>
      <trkpt lat="34.096970000" lon="-111.591110000">
        <ele>1441</ele>
      </trkpt>
      <trkpt lat="34.097020000" lon="-111.591070000">
        <ele>1442</ele>
      </trkpt>
      <trkpt lat="34.097040000" lon="-111.591080000">
        <ele>1442</ele>
      </trkpt>
      <trkpt lat="34.097030000" lon="-111.590940000">
        <ele>1448</ele>
      </trkpt>
      <trkpt lat="34.097090000" lon="-111.590760000">
        <ele>1454</ele>
      </trkpt>
      <trkpt lat="34.097140000" lon="-111.590670000">
        <ele>1456</ele>
      </trkpt>
      <trkpt lat="34.097220000" lon="-111.590590000">
        <ele>1457</ele>
      </trkpt>
      <trkpt lat="34.097230000" lon="-111.590500000">
        <ele>1458</ele>
      </trkpt>
      <trkpt lat="34.097250000" lon="-111.590500000">
        <ele>1458</ele>
      </trkpt>
      <trkpt lat="34.097360000" lon="-111.590440000">
        <ele>1457</ele>
      </trkpt>
      <trkpt lat="34.097390000" lon="-111.590350000">
        <ele>1459</ele>
      </trkpt>
      <trkpt lat="34.097370000" lon="-111.590310000">
        <ele>1460</ele>
      </trkpt>
      <trkpt lat="34.097310000" lon="-111.590300000">
        <ele>1461</ele>
      </trkpt>
      <trkpt lat="34.097280000" lon="-111.590250000">
        <ele>1462</ele>
      </trkpt>
      <trkpt lat="34.097280000" lon="-111.589990000">
        <ele>1465</ele>
      </trkpt>
      <trkpt lat="34.097220000" lon="-111.589840000">
        <ele>1466</ele>
      </trkpt>
      <trkpt lat="34.097240000" lon="-111.589760000">
        <ele>1467</ele>
      </trkpt>
      <trkpt lat="34.097340000" lon="-111.589600000">
        <ele>1468</ele>
      </trkpt>
      <trkpt lat="34.097350000" lon="-111.589490000">
        <ele>1468</ele>
      </trkpt>
      <trkpt lat="34.097490000" lon="-111.589300000">
        <ele>1470</ele>
      </trkpt>
      <trkpt lat="34.097510000" lon="-111.589170000">
        <ele>1469</ele>
      </trkpt>
      <trkpt lat="34.097490000" lon="-111.588990000">
        <ele>1469</ele>
      </trkpt>
      <trkpt lat="34.097510000" lon="-111.588880000">
        <ele>1470</ele>
      </trkpt>
      <trkpt lat="34.097510000" lon="-111.588790000">
        <ele>1471</ele>
      </trkpt>
      <trkpt lat="34.097560000" lon="-111.588730000">
        <ele>1472</ele>
      </trkpt>
      <trkpt lat="34.097670000" lon="-111.588860000">
        <ele>1474</ele>
      </trkpt>
      <trkpt lat="34.097810000" lon="-111.588820000">
        <ele>1478</ele>
      </trkpt>
      <trkpt lat="34.097870000" lon="-111.588670000">
        <ele>1481</ele>
      </trkpt>
      <trkpt lat="34.097870000" lon="-111.588510000">
        <ele>1483</ele>
      </trkpt>
      <trkpt lat="34.097920000" lon="-111.588470000">
        <ele>1484</ele>
      </trkpt>
      <trkpt lat="34.097940000" lon="-111.588400000">
        <ele>1486</ele>
      </trkpt>
      <trkpt lat="34.097940000" lon="-111.588300000">
        <ele>1487</ele>
      </trkpt>
      <trkpt lat="34.097890000" lon="-111.588160000">
        <ele>1487</ele>
      </trkpt>
      <trkpt lat="34.097930000" lon="-111.588060000">
        <ele>1490</ele>
      </trkpt>
      <trkpt lat="34.097930000" lon="-111.587870000">
        <ele>1494</ele>
      </trkpt>
      <trkpt lat="34.097950000" lon="-111.587780000">
        <ele>1496</ele>
      </trkpt>
      <trkpt lat="34.097980000" lon="-111.587730000">
        <ele>1498</ele>
      </trkpt>
      <trkpt lat="34.098000000" lon="-111.587640000">
        <ele>1501</ele>
      </trkpt>
      <trkpt lat="34.097980000" lon="-111.587570000">
        <ele>1502</ele>
      </trkpt>
      <trkpt lat="34.098010000" lon="-111.587480000">
        <ele>1505</ele>
      </trkpt>
      <trkpt lat="34.097960000" lon="-111.587430000">
        <ele>1504</ele>
      </trkpt>
      <trkpt lat="34.097920000" lon="-111.587270000">
        <ele>1507</ele>
      </trkpt>
      <trkpt lat="34.097900000" lon="-111.587260000">
        <ele>1506</ele>
      </trkpt>
      <trkpt lat="34.097840000" lon="-111.587070000">
        <ele>1510</ele>
      </trkpt>
      <trkpt lat="34.097800000" lon="-111.587000000">
        <ele>1510</ele>
      </trkpt>
      <trkpt lat="34.097780000" lon="-111.586840000">
        <ele>1514</ele>
      </trkpt>
      <trkpt lat="34.097840000" lon="-111.586810000">
        <ele>1517</ele>
      </trkpt>
      <trkpt lat="34.097840000" lon="-111.586780000">
        <ele>1517</ele>
      </trkpt>
      <trkpt lat="34.097810000" lon="-111.586730000">
        <ele>1517</ele>
      </trkpt>
      <trkpt lat="34.097800000" lon="-111.586610000">
        <ele>1520</ele>
      </trkpt>
      <trkpt lat="34.097760000" lon="-111.586530000">
        <ele>1521</ele>
      </trkpt>
      <trkpt lat="34.097740000" lon="-111.586440000">
        <ele>1523</ele>
      </trkpt>
      <trkpt lat="34.097770000" lon="-111.586260000">
        <ele>1525</ele>
      </trkpt>
      <trkpt lat="34.097740000" lon="-111.586170000">
        <ele>1527</ele>
      </trkpt>
      <trkpt lat="34.097780000" lon="-111.586130000">
        <ele>1528</ele>
      </trkpt>
      <trkpt lat="34.097840000" lon="-111.586110000">
        <ele>1529</ele>
      </trkpt>
      <trkpt lat="34.097770000" lon="-111.585780000">
        <ele>1533</ele>
      </trkpt>
      <trkpt lat="34.097770000" lon="-111.585710000">
        <ele>1533</ele>
      </trkpt>
      <trkpt lat="34.097860000" lon="-111.585530000">
        <ele>1530</ele>
      </trkpt>
      <trkpt lat="34.097840000" lon="-111.585420000">
        <ele>1527</ele>
      </trkpt>
      <trkpt lat="34.097880000" lon="-111.585230000">
        <ele>1522</ele>
      </trkpt>
      <trkpt lat="34.097820000" lon="-111.585110000">
        <ele>1520</ele>
      </trkpt>
      <trkpt lat="34.097820000" lon="-111.585000000">
        <ele>1518</ele>
      </trkpt>
      <trkpt lat="34.097730000" lon="-111.584910000">
        <ele>1517</ele>
      </trkpt>
      <trkpt lat="34.097640000" lon="-111.584460000">
        <ele>1509</ele>
      </trkpt>
      <trkpt lat="34.097430000" lon="-111.584320000">
        <ele>1507</ele>
      </trkpt>
      <trkpt lat="34.097400000" lon="-111.584250000">
        <ele>1505</ele>
      </trkpt>
      <trkpt lat="34.097420000" lon="-111.584220000">
        <ele>1504</ele>
      </trkpt>
      <trkpt lat="34.097520000" lon="-111.584190000">
        <ele>1503</ele>
      </trkpt>
      <trkpt lat="34.097670000" lon="-111.584070000">
        <ele>1499</ele>
      </trkpt>
      <trkpt lat="34.097770000" lon="-111.584050000">
        <ele>1497</ele>
      </trkpt>
      <trkpt lat="34.097840000" lon="-111.584000000">
        <ele>1494</ele>
      </trkpt>
      <trkpt lat="34.097940000" lon="-111.583990000">
        <ele>1492</ele>
      </trkpt>
      <trkpt lat="34.097960000" lon="-111.583930000">
        <ele>1490</ele>
      </trkpt>
      <trkpt lat="34.098010000" lon="-111.583940000">
        <ele>1489</ele>
      </trkpt>
      <trkpt lat="34.098070000" lon="-111.583900000">
        <ele>1488</ele>
      </trkpt>
      <trkpt lat="34.098070000" lon="-111.583870000">
        <ele>1487</ele>
      </trkpt>
      <trkpt lat="34.098140000" lon="-111.583820000">
        <ele>1486</ele>
      </trkpt>
      <trkpt lat="34.098140000" lon="-111.583760000">
        <ele>1485</ele>
      </trkpt>
      <trkpt lat="34.098180000" lon="-111.583710000">
        <ele>1483</ele>
      </trkpt>
      <trkpt lat="34.098180000" lon="-111.583650000">
        <ele>1482</ele>
      </trkpt>
      <trkpt lat="34.098580000" lon="-111.583410000">
        <ele>1476</ele>
      </trkpt>
      <trkpt lat="34.098680000" lon="-111.583320000">
        <ele>1475</ele>
      </trkpt>
      <trkpt lat="34.098780000" lon="-111.583290000">
        <ele>1475</ele>
      </trkpt>
      <trkpt lat="34.098830000" lon="-111.583240000">
        <ele>1474</ele>
      </trkpt>
      <trkpt lat="34.098890000" lon="-111.583210000">
        <ele>1473</ele>
      </trkpt>
      <trkpt lat="34.099010000" lon="-111.583180000">
        <ele>1473</ele>
      </trkpt>
      <trkpt lat="34.099110000" lon="-111.583210000">
        <ele>1474</ele>
      </trkpt>
      <trkpt lat="34.099160000" lon="-111.583140000">
        <ele>1473</ele>
      </trkpt>
      <trkpt lat="34.099250000" lon="-111.583130000">
        <ele>1474</ele>
      </trkpt>
      <trkpt lat="34.099270000" lon="-111.583110000">
        <ele>1474</ele>
      </trkpt>
      <trkpt lat="34.099250000" lon="-111.582870000">
        <ele>1470</ele>
      </trkpt>
      <trkpt lat="34.099280000" lon="-111.582640000">
        <ele>1468</ele>
      </trkpt>
      <trkpt lat="34.099280000" lon="-111.582380000">
        <ele>1466</ele>
      </trkpt>
      <trkpt lat="34.099250000" lon="-111.582220000">
        <ele>1464</ele>
      </trkpt>
      <trkpt lat="34.099200000" lon="-111.582080000">
        <ele>1460</ele>
      </trkpt>
      <trkpt lat="34.099190000" lon="-111.581970000">
        <ele>1461</ele>
      </trkpt>
      <trkpt lat="34.099150000" lon="-111.581900000">
        <ele>1459</ele>
      </trkpt>
      <trkpt lat="34.099120000" lon="-111.581730000">
        <ele>1458</ele>
      </trkpt>
      <trkpt lat="34.099180000" lon="-111.581580000">
        <ele>1461</ele>
      </trkpt>
      <trkpt lat="34.099160000" lon="-111.581490000">
        <ele>1460</ele>
      </trkpt>
      <trkpt lat="34.099190000" lon="-111.581310000">
        <ele>1460</ele>
      </trkpt>
      <trkpt lat="34.099170000" lon="-111.581170000">
        <ele>1459</ele>
      </trkpt>
      <trkpt lat="34.099180000" lon="-111.581000000">
        <ele>1460</ele>
      </trkpt>
      <trkpt lat="34.099140000" lon="-111.580890000">
        <ele>1458</ele>
      </trkpt>
      <trkpt lat="34.099110000" lon="-111.580680000">
        <ele>1456</ele>
      </trkpt>
      <trkpt lat="34.099070000" lon="-111.580610000">
        <ele>1453</ele>
      </trkpt>
      <trkpt lat="34.099090000" lon="-111.580460000">
        <ele>1452</ele>
      </trkpt>
      <trkpt lat="34.099180000" lon="-111.580380000">
        <ele>1453</ele>
      </trkpt>
      <trkpt lat="34.099200000" lon="-111.580310000">
        <ele>1452</ele>
      </trkpt>
      <trkpt lat="34.099300000" lon="-111.580190000">
        <ele>1452</ele>
      </trkpt>
      <trkpt lat="34.099390000" lon="-111.580150000">
        <ele>1453</ele>
      </trkpt>
      <trkpt lat="34.099430000" lon="-111.580080000">
        <ele>1451</ele>
      </trkpt>
      <trkpt lat="34.099570000" lon="-111.580020000">
        <ele>1451</ele>
      </trkpt>
      <trkpt lat="34.099680000" lon="-111.579870000">
        <ele>1445</ele>
      </trkpt>
      <trkpt lat="34.099760000" lon="-111.579810000">
        <ele>1443</ele>
      </trkpt>
      <trkpt lat="34.099780000" lon="-111.579670000">
        <ele>1437</ele>
      </trkpt>
      <trkpt lat="34.099840000" lon="-111.579610000">
        <ele>1436</ele>
      </trkpt>
      <trkpt lat="34.099930000" lon="-111.579580000">
        <ele>1436</ele>
      </trkpt>
      <trkpt lat="34.100030000" lon="-111.579600000">
        <ele>1437</ele>
      </trkpt>
      <trkpt lat="34.100190000" lon="-111.579450000">
        <ele>1435</ele>
      </trkpt>
      <trkpt lat="34.100210000" lon="-111.579370000">
        <ele>1433</ele>
      </trkpt>
      <trkpt lat="34.100280000" lon="-111.579240000">
        <ele>1431</ele>
      </trkpt>
      <trkpt lat="34.100350000" lon="-111.579180000">
        <ele>1431</ele>
      </trkpt>
      <trkpt lat="34.100410000" lon="-111.579100000">
        <ele>1430</ele>
      </trkpt>
      <trkpt lat="34.100470000" lon="-111.579070000">
        <ele>1431</ele>
      </trkpt>
      <trkpt lat="34.100650000" lon="-111.578890000">
        <ele>1429</ele>
      </trkpt>
      <trkpt lat="34.100720000" lon="-111.578590000">
        <ele>1423</ele>
      </trkpt>
      <trkpt lat="34.100800000" lon="-111.578450000">
        <ele>1425</ele>
      </trkpt>
      <trkpt lat="34.100860000" lon="-111.578250000">
        <ele>1427</ele>
      </trkpt>
      <trkpt lat="34.100910000" lon="-111.578150000">
        <ele>1429</ele>
      </trkpt>
      <trkpt lat="34.100950000" lon="-111.578040000">
        <ele>1430</ele>
      </trkpt>
      <trkpt lat="34.100940000" lon="-111.577910000">
        <ele>1429</ele>
      </trkpt>
      <trkpt lat="34.101000000" lon="-111.577750000">
        <ele>1430</ele>
      </trkpt>
      <trkpt lat="34.100980000" lon="-111.577560000">
        <ele>1428</ele>
      </trkpt>
      <trkpt lat="34.101010000" lon="-111.577320000">
        <ele>1426</ele>
      </trkpt>
      <trkpt lat="34.100990000" lon="-111.577260000">
        <ele>1426</ele>
      </trkpt>
      <trkpt lat="34.101080000" lon="-111.577080000">
        <ele>1427</ele>
      </trkpt>
      <trkpt lat="34.101070000" lon="-111.576810000">
        <ele>1431</ele>
      </trkpt>
      <trkpt lat="34.101110000" lon="-111.576600000">
        <ele>1436</ele>
      </trkpt>
      <trkpt lat="34.101110000" lon="-111.576490000">
        <ele>1438</ele>
      </trkpt>
      <trkpt lat="34.101160000" lon="-111.576400000">
        <ele>1439</ele>
      </trkpt>
      <trkpt lat="34.101150000" lon="-111.576360000">
        <ele>1439</ele>
      </trkpt>
      <trkpt lat="34.101170000" lon="-111.576260000">
        <ele>1440</ele>
      </trkpt>
      <trkpt lat="34.101150000" lon="-111.576170000">
        <ele>1441</ele>
      </trkpt>
      <trkpt lat="34.101190000" lon="-111.576080000">
        <ele>1443</ele>
      </trkpt>
      <trkpt lat="34.101190000" lon="-111.575980000">
        <ele>1444</ele>
      </trkpt>
      <trkpt lat="34.101140000" lon="-111.575860000">
        <ele>1444</ele>
      </trkpt>
      <trkpt lat="34.101100000" lon="-111.575470000">
        <ele>1450</ele>
      </trkpt>
      <trkpt lat="34.101150000" lon="-111.575380000">
        <ele>1452</ele>
      </trkpt>
      <trkpt lat="34.101220000" lon="-111.575350000">
        <ele>1453</ele>
      </trkpt>
      <trkpt lat="34.101240000" lon="-111.575280000">
        <ele>1454</ele>
      </trkpt>
      <trkpt lat="34.101320000" lon="-111.575250000">
        <ele>1454</ele>
      </trkpt>
      <trkpt lat="34.101400000" lon="-111.575260000">
        <ele>1455</ele>
      </trkpt>
      <trkpt lat="34.101450000" lon="-111.575180000">
        <ele>1456</ele>
      </trkpt>
      <trkpt lat="34.101490000" lon="-111.575070000">
        <ele>1457</ele>
      </trkpt>
      <trkpt lat="34.101550000" lon="-111.575010000">
        <ele>1458</ele>
      </trkpt>
      <trkpt lat="34.101610000" lon="-111.574730000">
        <ele>1461</ele>
      </trkpt>
      <trkpt lat="34.101670000" lon="-111.574620000">
        <ele>1464</ele>
      </trkpt>
      <trkpt lat="34.101760000" lon="-111.574360000">
        <ele>1468</ele>
      </trkpt>
      <trkpt lat="34.101640000" lon="-111.574250000">
        <ele>1468</ele>
      </trkpt>
      <trkpt lat="34.101510000" lon="-111.574230000">
        <ele>1466</ele>
      </trkpt>
      <trkpt lat="34.101470000" lon="-111.574190000">
        <ele>1465</ele>
      </trkpt>
      <trkpt lat="34.101430000" lon="-111.574140000">
        <ele>1465</ele>
      </trkpt>
      <trkpt lat="34.101280000" lon="-111.574030000">
        <ele>1462</ele>
      </trkpt>
      <trkpt lat="34.101260000" lon="-111.573980000">
        <ele>1463</ele>
      </trkpt>
      <trkpt lat="34.101190000" lon="-111.573930000">
        <ele>1462</ele>
      </trkpt>
      <trkpt lat="34.101120000" lon="-111.573840000">
        <ele>1462</ele>
      </trkpt>
      <trkpt lat="34.101020000" lon="-111.573780000">
        <ele>1461</ele>
      </trkpt>
      <trkpt lat="34.100890000" lon="-111.573880000">
        <ele>1457</ele>
      </trkpt>
      <trkpt lat="34.100810000" lon="-111.573870000">
        <ele>1458</ele>
      </trkpt>
      <trkpt lat="34.100750000" lon="-111.573980000">
        <ele>1454</ele>
      </trkpt>
      <trkpt lat="34.100790000" lon="-111.573940000">
        <ele>1456</ele>
      </trkpt>
      <trkpt lat="34.100770000" lon="-111.573870000">
        <ele>1458</ele>
      </trkpt>
      <trkpt lat="34.100740000" lon="-111.573870000">
        <ele>1458</ele>
      </trkpt>
      <trkpt lat="34.100750000" lon="-111.573900000">
        <ele>1457</ele>
      </trkpt>
      <trkpt lat="34.100730000" lon="-111.573890000">
        <ele>1457</ele>
      </trkpt>
      <trkpt lat="34.100660000" lon="-111.574010000">
        <ele>1453</ele>
      </trkpt>
      <trkpt lat="34.100720000" lon="-111.573980000">
        <ele>1454</ele>
      </trkpt>
      <trkpt lat="34.100680000" lon="-111.573980000">
        <ele>1454</ele>
      </trkpt>
      <trkpt lat="34.100700000" lon="-111.573870000">
        <ele>1458</ele>
      </trkpt>
      <trkpt lat="34.100730000" lon="-111.573880000">
        <ele>1457</ele>
      </trkpt>
      <trkpt lat="34.100700000" lon="-111.573870000">
        <ele>1458</ele>
      </trkpt>
      <trkpt lat="34.101010000" lon="-111.573790000">
        <ele>1461</ele>
      </trkpt>
      <trkpt lat="34.101020000" lon="-111.573750000">
        <ele>1462</ele>
      </trkpt>
      <trkpt lat="34.101050000" lon="-111.573760000">
        <ele>1462</ele>
      </trkpt>
      <trkpt lat="34.101130000" lon="-111.573800000">
        <ele>1463</ele>
      </trkpt>
      <trkpt lat="34.101490000" lon="-111.574230000">
        <ele>1466</ele>
      </trkpt>
      <trkpt lat="34.101550000" lon="-111.574260000">
        <ele>1467</ele>
      </trkpt>
      <trkpt lat="34.101650000" lon="-111.574270000">
        <ele>1468</ele>
      </trkpt>
      <trkpt lat="34.101790000" lon="-111.574380000">
        <ele>1468</ele>
      </trkpt>
      <trkpt lat="34.101860000" lon="-111.574380000">
        <ele>1469</ele>
      </trkpt>
      <trkpt lat="34.102060000" lon="-111.574460000">
        <ele>1470</ele>
      </trkpt>
      <trkpt lat="34.102160000" lon="-111.574530000">
        <ele>1470</ele>
      </trkpt>
      <trkpt lat="34.102220000" lon="-111.574520000">
        <ele>1471</ele>
      </trkpt>
      <trkpt lat="34.102340000" lon="-111.574550000">
        <ele>1471</ele>
      </trkpt>
      <trkpt lat="34.102390000" lon="-111.574540000">
        <ele>1472</ele>
      </trkpt>
      <trkpt lat="34.102460000" lon="-111.574570000">
        <ele>1472</ele>
      </trkpt>
      <trkpt lat="34.102580000" lon="-111.574550000">
        <ele>1473</ele>
      </trkpt>
      <trkpt lat="34.102750000" lon="-111.574590000">
        <ele>1475</ele>
      </trkpt>
      <trkpt lat="34.102890000" lon="-111.574580000">
        <ele>1476</ele>
      </trkpt>
      <trkpt lat="34.102920000" lon="-111.574550000">
        <ele>1477</ele>
      </trkpt>
      <trkpt lat="34.102890000" lon="-111.574420000">
        <ele>1478</ele>
      </trkpt>
      <trkpt lat="34.102910000" lon="-111.574320000">
        <ele>1480</ele>
      </trkpt>
      <trkpt lat="34.102950000" lon="-111.574270000">
        <ele>1481</ele>
      </trkpt>
      <trkpt lat="34.103180000" lon="-111.574120000">
        <ele>1486</ele>
      </trkpt>
      <trkpt lat="34.103340000" lon="-111.573980000">
        <ele>1491</ele>
      </trkpt>
      <trkpt lat="34.103380000" lon="-111.573910000">
        <ele>1492</ele>
      </trkpt>
      <trkpt lat="34.103360000" lon="-111.573850000">
        <ele>1493</ele>
      </trkpt>
      <trkpt lat="34.103290000" lon="-111.573770000">
        <ele>1495</ele>
      </trkpt>
      <trkpt lat="34.103230000" lon="-111.573650000">
        <ele>1498</ele>
      </trkpt>
      <trkpt lat="34.103350000" lon="-111.573540000">
        <ele>1500</ele>
      </trkpt>
      <trkpt lat="34.103410000" lon="-111.573530000">
        <ele>1500</ele>
      </trkpt>
      <trkpt lat="34.103490000" lon="-111.573440000">
        <ele>1503</ele>
      </trkpt>
      <trkpt lat="34.103590000" lon="-111.573380000">
        <ele>1504</ele>
      </trkpt>
      <trkpt lat="34.103630000" lon="-111.573300000">
        <ele>1507</ele>
      </trkpt>
      <trkpt lat="34.103470000" lon="-111.573100000">
        <ele>1512</ele>
      </trkpt>
      <trkpt lat="34.103340000" lon="-111.573100000">
        <ele>1512</ele>
      </trkpt>
      <trkpt lat="34.103140000" lon="-111.573010000">
        <ele>1515</ele>
      </trkpt>
      <trkpt lat="34.103110000" lon="-111.572930000">
        <ele>1519</ele>
      </trkpt>
      <trkpt lat="34.102850000" lon="-111.572770000">
        <ele>1525</ele>
      </trkpt>
      <trkpt lat="34.102800000" lon="-111.572770000">
        <ele>1525</ele>
      </trkpt>
      <trkpt lat="34.102680000" lon="-111.572610000">
        <ele>1529</ele>
      </trkpt>
      <trkpt lat="34.102880000" lon="-111.572460000">
        <ele>1533</ele>
      </trkpt>
      <trkpt lat="34.103010000" lon="-111.572400000">
        <ele>1535</ele>
      </trkpt>
      <trkpt lat="34.103000000" lon="-111.572330000">
        <ele>1537</ele>
      </trkpt>
      <trkpt lat="34.102940000" lon="-111.572270000">
        <ele>1538</ele>
      </trkpt>
      <trkpt lat="34.102840000" lon="-111.572110000">
        <ele>1541</ele>
      </trkpt>
      <trkpt lat="34.102840000" lon="-111.572040000">
        <ele>1542</ele>
      </trkpt>
      <trkpt lat="34.102920000" lon="-111.572020000">
        <ele>1544</ele>
      </trkpt>
      <trkpt lat="34.102980000" lon="-111.572040000">
        <ele>1544</ele>
      </trkpt>
      <trkpt lat="34.103120000" lon="-111.571990000">
        <ele>1548</ele>
      </trkpt>
      <trkpt lat="34.103330000" lon="-111.571730000">
        <ele>1552</ele>
      </trkpt>
      <trkpt lat="34.103430000" lon="-111.571500000">
        <ele>1554</ele>
      </trkpt>
      <trkpt lat="34.103470000" lon="-111.571270000">
        <ele>1557</ele>
      </trkpt>
      <trkpt lat="34.103700000" lon="-111.570930000">
        <ele>1564</ele>
      </trkpt>
      <trkpt lat="34.103830000" lon="-111.570650000">
        <ele>1566</ele>
      </trkpt>
      <trkpt lat="34.103950000" lon="-111.570550000">
        <ele>1566</ele>
      </trkpt>
      <trkpt lat="34.104000000" lon="-111.570440000">
        <ele>1567</ele>
      </trkpt>
      <trkpt lat="34.103980000" lon="-111.570330000">
        <ele>1568</ele>
      </trkpt>
      <trkpt lat="34.104010000" lon="-111.570230000">
        <ele>1570</ele>
      </trkpt>
      <trkpt lat="34.103950000" lon="-111.570180000">
        <ele>1571</ele>
      </trkpt>
      <trkpt lat="34.103910000" lon="-111.570100000">
        <ele>1572</ele>
      </trkpt>
      <trkpt lat="34.103850000" lon="-111.570030000">
        <ele>1573</ele>
      </trkpt>
      <trkpt lat="34.103780000" lon="-111.570000000">
        <ele>1573</ele>
      </trkpt>
      <trkpt lat="34.103700000" lon="-111.569900000">
        <ele>1575</ele>
      </trkpt>
      <trkpt lat="34.103690000" lon="-111.569730000">
        <ele>1581</ele>
      </trkpt>
      <trkpt lat="34.103800000" lon="-111.569650000">
        <ele>1586</ele>
      </trkpt>
      <trkpt lat="34.104040000" lon="-111.569600000">
        <ele>1590</ele>
      </trkpt>
      <trkpt lat="34.104100000" lon="-111.569540000">
        <ele>1592</ele>
      </trkpt>
      <trkpt lat="34.104180000" lon="-111.569550000">
        <ele>1593</ele>
      </trkpt>
      <trkpt lat="34.104270000" lon="-111.569610000">
        <ele>1594</ele>
      </trkpt>
      <trkpt lat="34.104290000" lon="-111.569590000">
        <ele>1594</ele>
      </trkpt>
      <trkpt lat="34.104160000" lon="-111.569390000">
        <ele>1596</ele>
      </trkpt>
      <trkpt lat="34.104130000" lon="-111.569230000">
        <ele>1599</ele>
      </trkpt>
      <trkpt lat="34.104140000" lon="-111.569200000">
        <ele>1600</ele>
      </trkpt>
      <trkpt lat="34.104300000" lon="-111.569230000">
        <ele>1603</ele>
      </trkpt>
      <trkpt lat="34.104310000" lon="-111.569200000">
        <ele>1604</ele>
      </trkpt>
      <trkpt lat="34.104200000" lon="-111.568890000">
        <ele>1609</ele>
      </trkpt>
      <trkpt lat="34.104230000" lon="-111.568460000">
        <ele>1616</ele>
      </trkpt>
      <trkpt lat="34.104190000" lon="-111.568250000">
        <ele>1619</ele>
      </trkpt>
      <trkpt lat="34.104230000" lon="-111.567950000">
        <ele>1626</ele>
      </trkpt>
      <trkpt lat="34.104200000" lon="-111.567860000">
        <ele>1627</ele>
      </trkpt>
      <trkpt lat="34.104150000" lon="-111.567850000">
        <ele>1626</ele>
      </trkpt>
      <trkpt lat="34.104130000" lon="-111.567670000">
        <ele>1630</ele>
      </trkpt>
      <trkpt lat="34.104160000" lon="-111.567610000">
        <ele>1632</ele>
      </trkpt>
      <trkpt lat="34.104230000" lon="-111.567550000">
        <ele>1633</ele>
      </trkpt>
      <trkpt lat="34.104220000" lon="-111.567490000">
        <ele>1634</ele>
      </trkpt>
      <trkpt lat="34.104260000" lon="-111.567370000">
        <ele>1635</ele>
      </trkpt>
      <trkpt lat="34.104330000" lon="-111.567320000">
        <ele>1635</ele>
      </trkpt>
      <trkpt lat="34.104370000" lon="-111.567260000">
        <ele>1635</ele>
      </trkpt>
      <trkpt lat="34.104380000" lon="-111.566950000">
        <ele>1632</ele>
      </trkpt>
      <trkpt lat="34.104320000" lon="-111.566420000">
        <ele>1629</ele>
      </trkpt>
      <trkpt lat="34.104210000" lon="-111.566170000">
        <ele>1631</ele>
      </trkpt>
      <trkpt lat="34.104150000" lon="-111.565880000">
        <ele>1631</ele>
      </trkpt>
      <trkpt lat="34.104100000" lon="-111.565790000">
        <ele>1633</ele>
      </trkpt>
      <trkpt lat="34.104100000" lon="-111.565650000">
        <ele>1633</ele>
      </trkpt>
      <trkpt lat="34.104080000" lon="-111.565600000">
        <ele>1634</ele>
      </trkpt>
      <trkpt lat="34.104120000" lon="-111.565470000">
        <ele>1632</ele>
      </trkpt>
      <trkpt lat="34.104080000" lon="-111.565280000">
        <ele>1631</ele>
      </trkpt>
      <trkpt lat="34.104030000" lon="-111.565150000">
        <ele>1633</ele>
      </trkpt>
      <trkpt lat="34.104080000" lon="-111.564830000">
        <ele>1632</ele>
      </trkpt>
      <trkpt lat="34.104070000" lon="-111.564690000">
        <ele>1633</ele>
      </trkpt>
      <trkpt lat="34.103990000" lon="-111.564490000">
        <ele>1636</ele>
      </trkpt>
      <trkpt lat="34.103990000" lon="-111.564420000">
        <ele>1636</ele>
      </trkpt>
      <trkpt lat="34.104030000" lon="-111.564230000">
        <ele>1635</ele>
      </trkpt>
      <trkpt lat="34.104030000" lon="-111.564120000">
        <ele>1635</ele>
      </trkpt>
      <trkpt lat="34.104120000" lon="-111.563840000">
        <ele>1634</ele>
      </trkpt>
      <trkpt lat="34.104180000" lon="-111.563720000">
        <ele>1633</ele>
      </trkpt>
      <trkpt lat="34.104370000" lon="-111.563560000">
        <ele>1629</ele>
      </trkpt>
      <trkpt lat="34.104400000" lon="-111.563440000">
        <ele>1629</ele>
      </trkpt>
      <trkpt lat="34.104560000" lon="-111.563260000">
        <ele>1626</ele>
      </trkpt>
      <trkpt lat="34.104550000" lon="-111.563150000">
        <ele>1626</ele>
      </trkpt>
      <trkpt lat="34.104590000" lon="-111.563130000">
        <ele>1625</ele>
      </trkpt>
      <trkpt lat="34.104610000" lon="-111.563100000">
        <ele>1625</ele>
      </trkpt>
      <trkpt lat="34.104800000" lon="-111.562700000">
        <ele>1622</ele>
      </trkpt>
      <trkpt lat="34.104840000" lon="-111.562650000">
        <ele>1622</ele>
      </trkpt>
      <trkpt lat="34.104870000" lon="-111.562640000">
        <ele>1621</ele>
      </trkpt>
      <trkpt lat="34.104920000" lon="-111.562670000">
        <ele>1620</ele>
      </trkpt>
      <trkpt lat="34.105010000" lon="-111.562650000">
        <ele>1619</ele>
      </trkpt>
      <trkpt lat="34.105250000" lon="-111.562510000">
        <ele>1616</ele>
      </trkpt>
      <trkpt lat="34.105390000" lon="-111.562490000">
        <ele>1614</ele>
      </trkpt>
      <trkpt lat="34.105590000" lon="-111.562310000">
        <ele>1612</ele>
      </trkpt>
      <trkpt lat="34.105870000" lon="-111.562170000">
        <ele>1608</ele>
      </trkpt>
      <trkpt lat="34.106010000" lon="-111.562180000">
        <ele>1605</ele>
      </trkpt>
      <trkpt lat="34.106150000" lon="-111.562140000">
        <ele>1603</ele>
      </trkpt>
      <trkpt lat="34.106250000" lon="-111.562150000">
        <ele>1602</ele>
      </trkpt>
      <trkpt lat="34.106350000" lon="-111.562140000">
        <ele>1601</ele>
      </trkpt>
      <trkpt lat="34.106450000" lon="-111.562190000">
        <ele>1598</ele>
      </trkpt>
      <trkpt lat="34.106620000" lon="-111.562170000">
        <ele>1596</ele>
      </trkpt>
      <trkpt lat="34.106760000" lon="-111.562210000">
        <ele>1595</ele>
      </trkpt>
      <trkpt lat="34.107210000" lon="-111.562130000">
        <ele>1589</ele>
      </trkpt>
      <trkpt lat="34.107260000" lon="-111.562100000">
        <ele>1588</ele>
      </trkpt>
      <trkpt lat="34.107400000" lon="-111.562060000">
        <ele>1585</ele>
      </trkpt>
      <trkpt lat="34.107590000" lon="-111.561890000">
        <ele>1583</ele>
      </trkpt>
      <trkpt lat="34.107630000" lon="-111.561830000">
        <ele>1582</ele>
      </trkpt>
      <trkpt lat="34.107770000" lon="-111.561720000">
        <ele>1579</ele>
      </trkpt>
      <trkpt lat="34.107800000" lon="-111.561730000">
        <ele>1579</ele>
      </trkpt>
      <trkpt lat="34.107930000" lon="-111.561620000">
        <ele>1577</ele>
      </trkpt>
      <trkpt lat="34.108100000" lon="-111.561530000">
        <ele>1576</ele>
      </trkpt>
      <trkpt lat="34.108150000" lon="-111.561440000">
        <ele>1575</ele>
      </trkpt>
      <trkpt lat="34.108150000" lon="-111.561310000">
        <ele>1573</ele>
      </trkpt>
      <trkpt lat="34.108220000" lon="-111.561130000">
        <ele>1567</ele>
      </trkpt>
      <trkpt lat="34.108330000" lon="-111.560970000">
        <ele>1564</ele>
      </trkpt>
      <trkpt lat="34.108420000" lon="-111.560750000">
        <ele>1561</ele>
      </trkpt>
      <trkpt lat="34.108440000" lon="-111.560640000">
        <ele>1559</ele>
      </trkpt>
      <trkpt lat="34.108570000" lon="-111.560290000">
        <ele>1552</ele>
      </trkpt>
      <trkpt lat="34.108610000" lon="-111.560240000">
        <ele>1552</ele>
      </trkpt>
      <trkpt lat="34.108720000" lon="-111.560000000">
        <ele>1552</ele>
      </trkpt>
      <trkpt lat="34.108720000" lon="-111.559960000">
        <ele>1552</ele>
      </trkpt>
      <trkpt lat="34.108640000" lon="-111.559850000">
        <ele>1547</ele>
      </trkpt>
      <trkpt lat="34.108650000" lon="-111.559760000">
        <ele>1545</ele>
      </trkpt>
      <trkpt lat="34.108680000" lon="-111.559700000">
        <ele>1545</ele>
      </trkpt>
      <trkpt lat="34.108870000" lon="-111.559480000">
        <ele>1548</ele>
      </trkpt>
      <trkpt lat="34.108880000" lon="-111.559380000">
        <ele>1547</ele>
      </trkpt>
      <trkpt lat="34.108830000" lon="-111.559340000">
        <ele>1546</ele>
      </trkpt>
      <trkpt lat="34.108800000" lon="-111.559260000">
        <ele>1547</ele>
      </trkpt>
      <trkpt lat="34.108680000" lon="-111.559240000">
        <ele>1548</ele>
      </trkpt>
      <trkpt lat="34.108560000" lon="-111.559280000">
        <ele>1549</ele>
      </trkpt>
      <trkpt lat="34.108450000" lon="-111.559400000">
        <ele>1545</ele>
      </trkpt>
      <trkpt lat="34.108270000" lon="-111.559480000">
        <ele>1543</ele>
      </trkpt>
      <trkpt lat="34.108150000" lon="-111.559470000">
        <ele>1543</ele>
      </trkpt>
      <trkpt lat="34.108070000" lon="-111.559420000">
        <ele>1546</ele>
      </trkpt>
      <trkpt lat="34.107820000" lon="-111.559380000">
        <ele>1546</ele>
      </trkpt>
      <trkpt lat="34.107740000" lon="-111.559340000">
        <ele>1548</ele>
      </trkpt>
      <trkpt lat="34.107680000" lon="-111.559340000">
        <ele>1548</ele>
      </trkpt>
      <trkpt lat="34.107590000" lon="-111.559250000">
        <ele>1550</ele>
      </trkpt>
      <trkpt lat="34.107510000" lon="-111.559240000">
        <ele>1548</ele>
      </trkpt>
      <trkpt lat="34.107330000" lon="-111.559120000">
        <ele>1548</ele>
      </trkpt>
      <trkpt lat="34.107290000" lon="-111.559070000">
        <ele>1549</ele>
      </trkpt>
      <trkpt lat="34.107110000" lon="-111.558990000">
        <ele>1547</ele>
      </trkpt>
      <trkpt lat="34.106980000" lon="-111.558870000">
        <ele>1544</ele>
      </trkpt>
      <trkpt lat="34.106850000" lon="-111.558620000">
        <ele>1544</ele>
      </trkpt>
      <trkpt lat="34.106790000" lon="-111.558540000">
        <ele>1545</ele>
      </trkpt>
      <trkpt lat="34.106650000" lon="-111.558420000">
        <ele>1544</ele>
      </trkpt>
      <trkpt lat="34.106580000" lon="-111.558320000">
        <ele>1544</ele>
      </trkpt>
      <trkpt lat="34.106440000" lon="-111.558160000">
        <ele>1539</ele>
      </trkpt>
      <trkpt lat="34.106250000" lon="-111.557900000">
        <ele>1538</ele>
      </trkpt>
      <trkpt lat="34.106270000" lon="-111.557770000">
        <ele>1543</ele>
      </trkpt>
      <trkpt lat="34.106240000" lon="-111.557780000">
        <ele>1542</ele>
      </trkpt>
      <trkpt lat="34.106210000" lon="-111.557760000">
        <ele>1542</ele>
      </trkpt>
      <trkpt lat="34.106220000" lon="-111.557730000">
        <ele>1542</ele>
      </trkpt>
      <trkpt lat="34.106140000" lon="-111.557680000">
        <ele>1541</ele>
      </trkpt>
      <trkpt lat="34.106120000" lon="-111.557720000">
        <ele>1540</ele>
      </trkpt>
      <trkpt lat="34.106030000" lon="-111.557720000">
        <ele>1536</ele>
      </trkpt>
      <trkpt lat="34.106040000" lon="-111.557660000">
        <ele>1538</ele>
      </trkpt>
      <trkpt lat="34.106010000" lon="-111.557610000">
        <ele>1537</ele>
      </trkpt>
      <trkpt lat="34.106040000" lon="-111.557660000">
        <ele>1538</ele>
      </trkpt>
      <trkpt lat="34.106020000" lon="-111.557680000">
        <ele>1537</ele>
      </trkpt>
      <trkpt lat="34.105910000" lon="-111.557670000">
        <ele>1531</ele>
      </trkpt>
      <trkpt lat="34.105870000" lon="-111.557630000">
        <ele>1530</ele>
      </trkpt>
      <trkpt lat="34.105750000" lon="-111.557280000">
        <ele>1531</ele>
      </trkpt>
      <trkpt lat="34.105710000" lon="-111.557230000">
        <ele>1531</ele>
      </trkpt>
      <trkpt lat="34.105700000" lon="-111.557140000">
        <ele>1532</ele>
      </trkpt>
      <trkpt lat="34.105640000" lon="-111.557050000">
        <ele>1530</ele>
      </trkpt>
      <trkpt lat="34.105660000" lon="-111.556960000">
        <ele>1531</ele>
      </trkpt>
      <trkpt lat="34.105590000" lon="-111.556860000">
        <ele>1529</ele>
      </trkpt>
      <trkpt lat="34.105560000" lon="-111.556770000">
        <ele>1529</ele>
      </trkpt>
      <trkpt lat="34.105580000" lon="-111.556550000">
        <ele>1535</ele>
      </trkpt>
      <trkpt lat="34.105580000" lon="-111.556510000">
        <ele>1535</ele>
      </trkpt>
      <trkpt lat="34.105550000" lon="-111.556520000">
        <ele>1534</ele>
      </trkpt>
      <trkpt lat="34.105560000" lon="-111.556470000">
        <ele>1534</ele>
      </trkpt>
      <trkpt lat="34.105600000" lon="-111.556410000">
        <ele>1536</ele>
      </trkpt>
      <trkpt lat="34.105580000" lon="-111.556300000">
        <ele>1535</ele>
      </trkpt>
      <trkpt lat="34.105600000" lon="-111.556240000">
        <ele>1536</ele>
      </trkpt>
      <trkpt lat="34.105580000" lon="-111.556210000">
        <ele>1535</ele>
      </trkpt>
      <trkpt lat="34.105630000" lon="-111.556220000">
        <ele>1536</ele>
      </trkpt>
      <trkpt lat="34.105650000" lon="-111.556280000">
        <ele>1537</ele>
      </trkpt>
      <trkpt lat="34.105650000" lon="-111.556320000">
        <ele>1537</ele>
      </trkpt>
      <trkpt lat="34.105610000" lon="-111.556380000">
        <ele>1536</ele>
      </trkpt>
      <trkpt lat="34.105650000" lon="-111.556450000">
        <ele>1537</ele>
      </trkpt>
      <trkpt lat="34.105660000" lon="-111.556430000">
        <ele>1538</ele>
      </trkpt>
      <trkpt lat="34.105640000" lon="-111.556450000">
        <ele>1537</ele>
      </trkpt>
      <trkpt lat="34.105660000" lon="-111.556470000">
        <ele>1538</ele>
      </trkpt>
      <trkpt lat="34.105600000" lon="-111.556570000">
        <ele>1535</ele>
      </trkpt>
      <trkpt lat="34.105600000" lon="-111.556730000">
        <ele>1532</ele>
      </trkpt>
      <trkpt lat="34.105620000" lon="-111.556840000">
        <ele>1530</ele>
      </trkpt>
      <trkpt lat="34.105660000" lon="-111.556910000">
        <ele>1532</ele>
      </trkpt>
      <trkpt lat="34.105650000" lon="-111.557000000">
        <ele>1530</ele>
      </trkpt>
      <trkpt lat="34.105680000" lon="-111.557040000">
        <ele>1532</ele>
      </trkpt>
      <trkpt lat="34.105690000" lon="-111.557220000">
        <ele>1530</ele>
      </trkpt>
      <trkpt lat="34.105710000" lon="-111.557330000">
        <ele>1529</ele>
      </trkpt>
      <trkpt lat="34.105740000" lon="-111.557320000">
        <ele>1530</ele>
      </trkpt>
      <trkpt lat="34.105730000" lon="-111.557350000">
        <ele>1529</ele>
      </trkpt>
      <trkpt lat="34.105730000" lon="-111.557310000">
        <ele>1530</ele>
      </trkpt>
      <trkpt lat="34.105760000" lon="-111.557300000">
        <ele>1531</ele>
      </trkpt>
      <trkpt lat="34.105870000" lon="-111.557500000">
        <ele>1532</ele>
      </trkpt>
      <trkpt lat="34.105930000" lon="-111.557750000">
        <ele>1529</ele>
      </trkpt>
      <trkpt lat="34.105970000" lon="-111.557840000">
        <ele>1529</ele>
      </trkpt>
      <trkpt lat="34.106120000" lon="-111.557830000">
        <ele>1537</ele>
      </trkpt>
      <trkpt lat="34.106210000" lon="-111.557920000">
        <ele>1536</ele>
      </trkpt>
      <trkpt lat="34.106280000" lon="-111.557940000">
        <ele>1538</ele>
      </trkpt>
      <trkpt lat="34.106410000" lon="-111.558060000">
        <ele>1540</ele>
      </trkpt>
      <trkpt lat="34.106540000" lon="-111.558230000">
        <ele>1543</ele>
      </trkpt>
      <trkpt lat="34.106600000" lon="-111.558280000">
        <ele>1545</ele>
      </trkpt>
      <trkpt lat="34.106680000" lon="-111.558470000">
        <ele>1544</ele>
      </trkpt>
      <trkpt lat="34.106750000" lon="-111.558530000">
        <ele>1544</ele>
      </trkpt>
      <trkpt lat="34.106820000" lon="-111.558630000">
        <ele>1542</ele>
      </trkpt>
      <trkpt lat="34.106890000" lon="-111.558670000">
        <ele>1544</ele>
      </trkpt>
      <trkpt lat="34.106990000" lon="-111.558840000">
        <ele>1545</ele>
      </trkpt>
      <trkpt lat="34.107130000" lon="-111.558950000">
        <ele>1549</ele>
      </trkpt>
      <trkpt lat="34.107250000" lon="-111.559100000">
        <ele>1547</ele>
      </trkpt>
      <trkpt lat="34.107400000" lon="-111.559160000">
        <ele>1548</ele>
      </trkpt>
      <trkpt lat="34.107510000" lon="-111.559270000">
        <ele>1548</ele>
      </trkpt>
      <trkpt lat="34.107580000" lon="-111.559280000">
        <ele>1549</ele>
      </trkpt>
      <trkpt lat="34.107680000" lon="-111.559350000">
        <ele>1547</ele>
      </trkpt>
      <trkpt lat="34.107740000" lon="-111.559350000">
        <ele>1548</ele>
      </trkpt>
      <trkpt lat="34.107990000" lon="-111.559450000">
        <ele>1545</ele>
      </trkpt>
      <trkpt lat="34.108380000" lon="-111.559490000">
        <ele>1542</ele>
      </trkpt>
      <trkpt lat="34.108420000" lon="-111.559440000">
        <ele>1543</ele>
      </trkpt>
      <trkpt lat="34.108510000" lon="-111.559400000">
        <ele>1545</ele>
      </trkpt>
      <trkpt lat="34.108560000" lon="-111.559410000">
        <ele>1544</ele>
      </trkpt>
      <trkpt lat="34.108640000" lon="-111.559370000">
        <ele>1545</ele>
      </trkpt>
      <trkpt lat="34.108670000" lon="-111.559390000">
        <ele>1545</ele>
      </trkpt>
      <trkpt lat="34.108700000" lon="-111.559500000">
        <ele>1545</ele>
      </trkpt>
      <trkpt lat="34.108820000" lon="-111.559450000">
        <ele>1547</ele>
      </trkpt>
      <trkpt lat="34.108870000" lon="-111.559470000">
        <ele>1548</ele>
      </trkpt>
      <trkpt lat="34.108950000" lon="-111.559390000">
        <ele>1548</ele>
      </trkpt>
      <trkpt lat="34.109020000" lon="-111.559350000">
        <ele>1549</ele>
      </trkpt>
      <trkpt lat="34.109100000" lon="-111.559080000">
        <ele>1551</ele>
      </trkpt>
      <trkpt lat="34.109310000" lon="-111.558800000">
        <ele>1559</ele>
      </trkpt>
      <trkpt lat="34.109380000" lon="-111.558650000">
        <ele>1560</ele>
      </trkpt>
      <trkpt lat="34.109480000" lon="-111.558540000">
        <ele>1561</ele>
      </trkpt>
      <trkpt lat="34.109570000" lon="-111.558350000">
        <ele>1564</ele>
      </trkpt>
      <trkpt lat="34.109680000" lon="-111.558040000">
        <ele>1569</ele>
      </trkpt>
      <trkpt lat="34.109770000" lon="-111.557890000">
        <ele>1572</ele>
      </trkpt>
      <trkpt lat="34.109800000" lon="-111.557750000">
        <ele>1573</ele>
      </trkpt>
      <trkpt lat="34.109880000" lon="-111.557500000">
        <ele>1576</ele>
      </trkpt>
      <trkpt lat="34.110000000" lon="-111.557390000">
        <ele>1580</ele>
      </trkpt>
      <trkpt lat="34.110020000" lon="-111.557260000">
        <ele>1582</ele>
      </trkpt>
      <trkpt lat="34.110070000" lon="-111.557210000">
        <ele>1583</ele>
      </trkpt>
      <trkpt lat="34.110090000" lon="-111.556980000">
        <ele>1585</ele>
      </trkpt>
      <trkpt lat="34.110150000" lon="-111.556930000">
        <ele>1586</ele>
      </trkpt>
      <trkpt lat="34.110200000" lon="-111.556810000">
        <ele>1589</ele>
      </trkpt>
      <trkpt lat="34.110210000" lon="-111.556680000">
        <ele>1589</ele>
      </trkpt>
      <trkpt lat="34.110190000" lon="-111.556420000">
        <ele>1590</ele>
      </trkpt>
      <trkpt lat="34.110210000" lon="-111.556290000">
        <ele>1592</ele>
      </trkpt>
      <trkpt lat="34.110310000" lon="-111.556170000">
        <ele>1595</ele>
      </trkpt>
      <trkpt lat="34.110360000" lon="-111.555840000">
        <ele>1598</ele>
      </trkpt>
      <trkpt lat="34.110400000" lon="-111.555760000">
        <ele>1600</ele>
      </trkpt>
      <trkpt lat="34.110540000" lon="-111.555690000">
        <ele>1603</ele>
      </trkpt>
      <trkpt lat="34.110600000" lon="-111.555580000">
        <ele>1604</ele>
      </trkpt>
      <trkpt lat="34.110650000" lon="-111.555550000">
        <ele>1606</ele>
      </trkpt>
      <trkpt lat="34.110660000" lon="-111.555340000">
        <ele>1606</ele>
      </trkpt>
      <trkpt lat="34.110870000" lon="-111.555020000">
        <ele>1609</ele>
      </trkpt>
      <trkpt lat="34.110910000" lon="-111.554860000">
        <ele>1610</ele>
      </trkpt>
      <trkpt lat="34.110890000" lon="-111.554770000">
        <ele>1610</ele>
      </trkpt>
      <trkpt lat="34.110900000" lon="-111.554700000">
        <ele>1611</ele>
      </trkpt>
      <trkpt lat="34.111020000" lon="-111.554570000">
        <ele>1614</ele>
      </trkpt>
      <trkpt lat="34.111150000" lon="-111.554570000">
        <ele>1615</ele>
      </trkpt>
      <trkpt lat="34.111240000" lon="-111.554480000">
        <ele>1617</ele>
      </trkpt>
      <trkpt lat="34.111340000" lon="-111.554460000">
        <ele>1618</ele>
      </trkpt>
      <trkpt lat="34.111390000" lon="-111.554430000">
        <ele>1619</ele>
      </trkpt>
      <trkpt lat="34.111480000" lon="-111.554430000">
        <ele>1620</ele>
      </trkpt>
      <trkpt lat="34.111550000" lon="-111.554400000">
        <ele>1621</ele>
      </trkpt>
      <trkpt lat="34.111670000" lon="-111.554490000">
        <ele>1622</ele>
      </trkpt>
      <trkpt lat="34.111790000" lon="-111.554510000">
        <ele>1623</ele>
      </trkpt>
      <trkpt lat="34.111930000" lon="-111.554430000">
        <ele>1624</ele>
      </trkpt>
      <trkpt lat="34.112010000" lon="-111.554340000">
        <ele>1625</ele>
      </trkpt>
      <trkpt lat="34.112130000" lon="-111.554340000">
        <ele>1626</ele>
      </trkpt>
      <trkpt lat="34.112300000" lon="-111.554450000">
        <ele>1628</ele>
      </trkpt>
      <trkpt lat="34.112350000" lon="-111.554520000">
        <ele>1628</ele>
      </trkpt>
      <trkpt lat="34.112450000" lon="-111.554580000">
        <ele>1628</ele>
      </trkpt>
      <trkpt lat="34.112480000" lon="-111.554660000">
        <ele>1628</ele>
      </trkpt>
      <trkpt lat="34.112580000" lon="-111.554700000">
        <ele>1627</ele>
      </trkpt>
      <trkpt lat="34.112580000" lon="-111.554720000">
        <ele>1627</ele>
      </trkpt>
      <trkpt lat="34.112560000" lon="-111.554700000">
        <ele>1627</ele>
      </trkpt>
      <trkpt lat="34.112410000" lon="-111.554690000">
        <ele>1628</ele>
      </trkpt>
      <trkpt lat="34.113040000" lon="-111.554890000">
        <ele>1623</ele>
      </trkpt>
      <trkpt lat="34.113060000" lon="-111.554910000">
        <ele>1622</ele>
      </trkpt>
      <trkpt lat="34.113160000" lon="-111.554920000">
        <ele>1620</ele>
      </trkpt>
      <trkpt lat="34.113360000" lon="-111.555010000">
        <ele>1617</ele>
      </trkpt>
      <trkpt lat="34.113430000" lon="-111.554970000">
        <ele>1616</ele>
      </trkpt>
      <trkpt lat="34.113500000" lon="-111.554980000">
        <ele>1616</ele>
      </trkpt>
      <trkpt lat="34.113640000" lon="-111.554950000">
        <ele>1614</ele>
      </trkpt>
      <trkpt lat="34.113780000" lon="-111.554970000">
        <ele>1614</ele>
      </trkpt>
      <trkpt lat="34.113800000" lon="-111.554900000">
        <ele>1613</ele>
      </trkpt>
      <trkpt lat="34.113860000" lon="-111.554850000">
        <ele>1613</ele>
      </trkpt>
      <trkpt lat="34.114050000" lon="-111.554880000">
        <ele>1619</ele>
      </trkpt>
      <trkpt lat="34.114100000" lon="-111.554790000">
        <ele>1620</ele>
      </trkpt>
      <trkpt lat="34.114130000" lon="-111.554810000">
        <ele>1622</ele>
      </trkpt>
      <trkpt lat="34.114200000" lon="-111.554710000">
        <ele>1623</ele>
      </trkpt>
      <trkpt lat="34.114390000" lon="-111.554680000">
        <ele>1627</ele>
      </trkpt>
      <trkpt lat="34.114430000" lon="-111.554660000">
        <ele>1626</ele>
      </trkpt>
      <trkpt lat="34.114550000" lon="-111.554660000">
        <ele>1628</ele>
      </trkpt>
      <trkpt lat="34.114660000" lon="-111.554680000">
        <ele>1628</ele>
      </trkpt>
      <trkpt lat="34.114660000" lon="-111.554710000">
        <ele>1629</ele>
      </trkpt>
      <trkpt lat="34.114710000" lon="-111.554740000">
        <ele>1629</ele>
      </trkpt>
      <trkpt lat="34.114790000" lon="-111.554740000">
        <ele>1628</ele>
      </trkpt>
      <trkpt lat="34.114820000" lon="-111.554660000">
        <ele>1628</ele>
      </trkpt>
      <trkpt lat="34.114880000" lon="-111.554620000">
        <ele>1628</ele>
      </trkpt>
      <trkpt lat="34.114990000" lon="-111.554620000">
        <ele>1629</ele>
      </trkpt>
      <trkpt lat="34.115230000" lon="-111.554540000">
        <ele>1630</ele>
      </trkpt>
      <trkpt lat="34.115360000" lon="-111.554590000">
        <ele>1632</ele>
      </trkpt>
      <trkpt lat="34.115460000" lon="-111.554560000">
        <ele>1633</ele>
      </trkpt>
      <trkpt lat="34.115530000" lon="-111.554590000">
        <ele>1633</ele>
      </trkpt>
      <trkpt lat="34.115750000" lon="-111.554560000">
        <ele>1635</ele>
      </trkpt>
      <trkpt lat="34.115920000" lon="-111.554500000">
        <ele>1635</ele>
      </trkpt>
      <trkpt lat="34.116050000" lon="-111.554500000">
        <ele>1634</ele>
      </trkpt>
      <trkpt lat="34.116130000" lon="-111.554540000">
        <ele>1634</ele>
      </trkpt>
      <trkpt lat="34.116210000" lon="-111.554520000">
        <ele>1633</ele>
      </trkpt>
      <trkpt lat="34.116390000" lon="-111.554510000">
        <ele>1630</ele>
      </trkpt>
      <trkpt lat="34.116600000" lon="-111.554570000">
        <ele>1628</ele>
      </trkpt>
      <trkpt lat="34.116660000" lon="-111.554530000">
        <ele>1627</ele>
      </trkpt>
      <trkpt lat="34.116720000" lon="-111.554530000">
        <ele>1626</ele>
      </trkpt>
      <trkpt lat="34.116850000" lon="-111.554590000">
        <ele>1627</ele>
      </trkpt>
      <trkpt lat="34.116910000" lon="-111.554670000">
        <ele>1629</ele>
      </trkpt>
      <trkpt lat="34.117080000" lon="-111.554710000">
        <ele>1632</ele>
      </trkpt>
      <trkpt lat="34.117120000" lon="-111.554750000">
        <ele>1633</ele>
      </trkpt>
      <trkpt lat="34.117150000" lon="-111.554740000">
        <ele>1633</ele>
      </trkpt>
      <trkpt lat="34.117170000" lon="-111.554660000">
        <ele>1632</ele>
      </trkpt>
      <trkpt lat="34.117420000" lon="-111.554590000">
        <ele>1634</ele>
      </trkpt>
      <trkpt lat="34.117540000" lon="-111.554480000">
        <ele>1634</ele>
      </trkpt>
      <trkpt lat="34.117620000" lon="-111.554190000">
        <ele>1632</ele>
      </trkpt>
      <trkpt lat="34.117560000" lon="-111.554040000">
        <ele>1632</ele>
      </trkpt>
      <trkpt lat="34.117590000" lon="-111.553910000">
        <ele>1636</ele>
      </trkpt>
      <trkpt lat="34.117770000" lon="-111.553580000">
        <ele>1649</ele>
      </trkpt>
      <trkpt lat="34.117800000" lon="-111.553420000">
        <ele>1648</ele>
      </trkpt>
      <trkpt lat="34.117840000" lon="-111.553340000">
        <ele>1650</ele>
      </trkpt>
      <trkpt lat="34.117890000" lon="-111.553070000">
        <ele>1642</ele>
      </trkpt>
      <trkpt lat="34.118000000" lon="-111.552920000">
        <ele>1644</ele>
      </trkpt>
      <trkpt lat="34.118030000" lon="-111.552800000">
        <ele>1639</ele>
      </trkpt>
      <trkpt lat="34.118220000" lon="-111.552620000">
        <ele>1651</ele>
      </trkpt>
      <trkpt lat="34.118460000" lon="-111.552730000">
        <ele>1660</ele>
      </trkpt>
      <trkpt lat="34.118570000" lon="-111.552700000">
        <ele>1657</ele>
      </trkpt>
      <trkpt lat="34.118690000" lon="-111.552760000">
        <ele>1659</ele>
      </trkpt>
      <trkpt lat="34.118910000" lon="-111.552820000">
        <ele>1665</ele>
      </trkpt>
      <trkpt lat="34.119120000" lon="-111.553000000">
        <ele>1669</ele>
      </trkpt>
      <trkpt lat="34.119150000" lon="-111.553000000">
        <ele>1668</ele>
      </trkpt>
      <trkpt lat="34.119260000" lon="-111.552950000">
        <ele>1662</ele>
      </trkpt>
      <trkpt lat="34.119300000" lon="-111.552910000">
        <ele>1658</ele>
      </trkpt>
      <trkpt lat="34.119480000" lon="-111.552920000">
        <ele>1669</ele>
      </trkpt>
      <trkpt lat="34.119560000" lon="-111.552890000">
        <ele>1668</ele>
      </trkpt>
      <trkpt lat="34.119730000" lon="-111.552860000">
        <ele>1669</ele>
      </trkpt>
      <trkpt lat="34.119940000" lon="-111.552930000">
        <ele>1672</ele>
      </trkpt>
      <trkpt lat="34.119990000" lon="-111.552900000">
        <ele>1670</ele>
      </trkpt>
      <trkpt lat="34.120090000" lon="-111.552790000">
        <ele>1665</ele>
      </trkpt>
      <trkpt lat="34.120230000" lon="-111.552730000">
        <ele>1665</ele>
      </trkpt>
      <trkpt lat="34.120590000" lon="-111.552820000">
        <ele>1671</ele>
      </trkpt>
      <trkpt lat="34.120680000" lon="-111.552770000">
        <ele>1668</ele>
      </trkpt>
      <trkpt lat="34.120750000" lon="-111.552780000">
        <ele>1669</ele>
      </trkpt>
      <trkpt lat="34.120800000" lon="-111.552810000">
        <ele>1672</ele>
      </trkpt>
      <trkpt lat="34.121000000" lon="-111.552870000">
        <ele>1674</ele>
      </trkpt>
      <trkpt lat="34.121060000" lon="-111.552830000">
        <ele>1669</ele>
      </trkpt>
      <trkpt lat="34.121080000" lon="-111.552740000">
        <ele>1661</ele>
      </trkpt>
      <trkpt lat="34.121100000" lon="-111.552760000">
        <ele>1663</ele>
      </trkpt>
      <trkpt lat="34.121120000" lon="-111.552670000">
        <ele>1657</ele>
      </trkpt>
      <trkpt lat="34.121230000" lon="-111.552490000">
        <ele>1658</ele>
      </trkpt>
      <trkpt lat="34.121280000" lon="-111.552310000">
        <ele>1656</ele>
      </trkpt>
      <trkpt lat="34.121360000" lon="-111.552190000">
        <ele>1660</ele>
      </trkpt>
      <trkpt lat="34.121360000" lon="-111.552130000">
        <ele>1659</ele>
      </trkpt>
      <trkpt lat="34.121570000" lon="-111.551770000">
        <ele>1658</ele>
      </trkpt>
      <trkpt lat="34.121570000" lon="-111.551500000">
        <ele>1650</ele>
      </trkpt>
      <trkpt lat="34.121480000" lon="-111.551340000">
        <ele>1648</ele>
      </trkpt>
      <trkpt lat="34.121470000" lon="-111.551130000">
        <ele>1646</ele>
      </trkpt>
      <trkpt lat="34.121580000" lon="-111.551030000">
        <ele>1643</ele>
      </trkpt>
      <trkpt lat="34.121700000" lon="-111.551010000">
        <ele>1640</ele>
      </trkpt>
      <trkpt lat="34.121730000" lon="-111.550970000">
        <ele>1638</ele>
      </trkpt>
      <trkpt lat="34.121750000" lon="-111.550900000">
        <ele>1636</ele>
      </trkpt>
      <trkpt lat="34.121740000" lon="-111.550620000">
        <ele>1629</ele>
      </trkpt>
      <trkpt lat="34.121840000" lon="-111.550540000">
        <ele>1627</ele>
      </trkpt>
      <trkpt lat="34.121880000" lon="-111.550450000">
        <ele>1625</ele>
      </trkpt>
      <trkpt lat="34.121910000" lon="-111.550450000">
        <ele>1625</ele>
      </trkpt>
      <trkpt lat="34.122010000" lon="-111.550270000">
        <ele>1623</ele>
      </trkpt>
      <trkpt lat="34.122060000" lon="-111.550260000">
        <ele>1622</ele>
      </trkpt>
      <trkpt lat="34.122130000" lon="-111.550310000">
        <ele>1622</ele>
      </trkpt>
      <trkpt lat="34.122200000" lon="-111.550420000">
        <ele>1621</ele>
      </trkpt>
      <trkpt lat="34.122450000" lon="-111.550530000">
        <ele>1616</ele>
      </trkpt>
      <trkpt lat="34.122520000" lon="-111.550300000">
        <ele>1614</ele>
      </trkpt>
      <trkpt lat="34.122600000" lon="-111.550150000">
        <ele>1615</ele>
      </trkpt>
      <trkpt lat="34.122780000" lon="-111.550130000">
        <ele>1612</ele>
      </trkpt>
      <trkpt lat="34.122840000" lon="-111.550150000">
        <ele>1611</ele>
      </trkpt>
      <trkpt lat="34.122910000" lon="-111.550120000">
        <ele>1611</ele>
      </trkpt>
      <trkpt lat="34.122940000" lon="-111.550140000">
        <ele>1610</ele>
      </trkpt>
      <trkpt lat="34.122910000" lon="-111.550130000">
        <ele>1611</ele>
      </trkpt>
      <trkpt lat="34.122870000" lon="-111.550170000">
        <ele>1610</ele>
      </trkpt>
      <trkpt lat="34.122870000" lon="-111.550210000">
        <ele>1609</ele>
      </trkpt>
      <trkpt lat="34.122900000" lon="-111.550230000">
        <ele>1608</ele>
      </trkpt>
      <trkpt lat="34.122900000" lon="-111.550310000">
        <ele>1606</ele>
      </trkpt>
      <trkpt lat="34.122850000" lon="-111.550390000">
        <ele>1605</ele>
      </trkpt>
      <trkpt lat="34.122860000" lon="-111.550490000">
        <ele>1604</ele>
      </trkpt>
      <trkpt lat="34.122890000" lon="-111.550510000">
        <ele>1603</ele>
      </trkpt>
      <trkpt lat="34.122900000" lon="-111.550630000">
        <ele>1603</ele>
      </trkpt>
      <trkpt lat="34.123000000" lon="-111.550600000">
        <ele>1602</ele>
      </trkpt>
      <trkpt lat="34.123040000" lon="-111.550530000">
        <ele>1600</ele>
      </trkpt>
      <trkpt lat="34.123160000" lon="-111.550550000">
        <ele>1598</ele>
      </trkpt>
      <trkpt lat="34.123280000" lon="-111.550510000">
        <ele>1595</ele>
      </trkpt>
      <trkpt lat="34.123330000" lon="-111.550550000">
        <ele>1594</ele>
      </trkpt>
      <trkpt lat="34.123310000" lon="-111.550640000">
        <ele>1595</ele>
      </trkpt>
      <trkpt lat="34.123330000" lon="-111.550660000">
        <ele>1595</ele>
      </trkpt>
      <trkpt lat="34.123430000" lon="-111.550700000">
        <ele>1592</ele>
      </trkpt>
      <trkpt lat="34.123590000" lon="-111.550840000">
        <ele>1590</ele>
      </trkpt>
      <trkpt lat="34.123790000" lon="-111.550930000">
        <ele>1588</ele>
      </trkpt>
      <trkpt lat="34.123810000" lon="-111.550950000">
        <ele>1588</ele>
      </trkpt>
      <trkpt lat="34.123860000" lon="-111.550930000">
        <ele>1587</ele>
      </trkpt>
      <trkpt lat="34.124100000" lon="-111.550990000">
        <ele>1583</ele>
      </trkpt>
      <trkpt lat="34.124180000" lon="-111.550980000">
        <ele>1581</ele>
      </trkpt>
      <trkpt lat="34.124310000" lon="-111.551190000">
        <ele>1580</ele>
      </trkpt>
      <trkpt lat="34.124360000" lon="-111.551190000">
        <ele>1578</ele>
      </trkpt>
      <trkpt lat="34.124450000" lon="-111.551260000">
        <ele>1577</ele>
      </trkpt>
      <trkpt lat="34.124450000" lon="-111.551180000">
        <ele>1576</ele>
      </trkpt>
      <trkpt lat="34.124480000" lon="-111.551160000">
        <ele>1575</ele>
      </trkpt>
      <trkpt lat="34.124500000" lon="-111.551180000">
        <ele>1574</ele>
      </trkpt>
      <trkpt lat="34.124650000" lon="-111.551170000">
        <ele>1573</ele>
      </trkpt>
      <trkpt lat="34.124700000" lon="-111.551200000">
        <ele>1573</ele>
      </trkpt>
      <trkpt lat="34.124750000" lon="-111.551270000">
        <ele>1573</ele>
      </trkpt>
      <trkpt lat="34.124860000" lon="-111.551330000">
        <ele>1573</ele>
      </trkpt>
      <trkpt lat="34.124920000" lon="-111.551320000">
        <ele>1572</ele>
      </trkpt>
      <trkpt lat="34.125090000" lon="-111.551450000">
        <ele>1572</ele>
      </trkpt>
      <trkpt lat="34.125120000" lon="-111.551450000">
        <ele>1572</ele>
      </trkpt>
      <trkpt lat="34.125170000" lon="-111.551410000">
        <ele>1571</ele>
      </trkpt>
      <trkpt lat="34.125220000" lon="-111.551520000">
        <ele>1571</ele>
      </trkpt>
      <trkpt lat="34.125320000" lon="-111.551470000">
        <ele>1569</ele>
      </trkpt>
      <trkpt lat="34.125370000" lon="-111.551510000">
        <ele>1569</ele>
      </trkpt>
      <trkpt lat="34.125510000" lon="-111.551540000">
        <ele>1567</ele>
      </trkpt>
      <trkpt lat="34.125590000" lon="-111.551530000">
        <ele>1565</ele>
      </trkpt>
      <trkpt lat="34.125650000" lon="-111.551570000">
        <ele>1565</ele>
      </trkpt>
      <trkpt lat="34.125720000" lon="-111.551530000">
        <ele>1563</ele>
      </trkpt>
      <trkpt lat="34.125880000" lon="-111.551600000">
        <ele>1563</ele>
      </trkpt>
      <trkpt lat="34.125920000" lon="-111.551560000">
        <ele>1561</ele>
      </trkpt>
      <trkpt lat="34.125960000" lon="-111.551560000">
        <ele>1561</ele>
      </trkpt>
      <trkpt lat="34.126040000" lon="-111.551610000">
        <ele>1561</ele>
      </trkpt>
      <trkpt lat="34.126100000" lon="-111.551720000">
        <ele>1562</ele>
      </trkpt>
      <trkpt lat="34.126280000" lon="-111.551750000">
        <ele>1560</ele>
      </trkpt>
      <trkpt lat="34.126350000" lon="-111.551750000">
        <ele>1559</ele>
      </trkpt>
      <trkpt lat="34.126430000" lon="-111.551720000">
        <ele>1557</ele>
      </trkpt>
      <trkpt lat="34.126600000" lon="-111.551580000">
        <ele>1554</ele>
      </trkpt>
      <trkpt lat="34.126660000" lon="-111.551610000">
        <ele>1554</ele>
      </trkpt>
      <trkpt lat="34.126700000" lon="-111.551700000">
        <ele>1554</ele>
      </trkpt>
      <trkpt lat="34.126840000" lon="-111.551800000">
        <ele>1554</ele>
      </trkpt>
      <trkpt lat="34.126960000" lon="-111.551950000">
        <ele>1554</ele>
      </trkpt>
      <trkpt lat="34.127060000" lon="-111.552000000">
        <ele>1554</ele>
      </trkpt>
      <trkpt lat="34.127040000" lon="-111.551970000">
        <ele>1554</ele>
      </trkpt>
      <trkpt lat="34.127050000" lon="-111.551880000">
        <ele>1553</ele>
      </trkpt>
      <trkpt lat="34.127080000" lon="-111.551870000">
        <ele>1552</ele>
      </trkpt>
      <trkpt lat="34.127240000" lon="-111.551890000">
        <ele>1551</ele>
      </trkpt>
      <trkpt lat="34.127390000" lon="-111.551960000">
        <ele>1550</ele>
      </trkpt>
      <trkpt lat="34.127490000" lon="-111.551940000">
        <ele>1549</ele>
      </trkpt>
      <trkpt lat="34.127600000" lon="-111.552040000">
        <ele>1549</ele>
      </trkpt>
      <trkpt lat="34.127670000" lon="-111.552060000">
        <ele>1548</ele>
      </trkpt>
      <trkpt lat="34.127700000" lon="-111.552050000">
        <ele>1548</ele>
      </trkpt>
      <trkpt lat="34.127750000" lon="-111.552110000">
        <ele>1548</ele>
      </trkpt>
      <trkpt lat="34.127870000" lon="-111.552080000">
        <ele>1547</ele>
      </trkpt>
      <trkpt lat="34.127940000" lon="-111.552120000">
        <ele>1547</ele>
      </trkpt>
      <trkpt lat="34.128040000" lon="-111.552090000">
        <ele>1546</ele>
      </trkpt>
      <trkpt lat="34.128130000" lon="-111.551930000">
        <ele>1542</ele>
      </trkpt>
      <trkpt lat="34.128160000" lon="-111.551920000">
        <ele>1541</ele>
      </trkpt>
      <trkpt lat="34.128250000" lon="-111.551970000">
        <ele>1542</ele>
      </trkpt>
      <trkpt lat="34.128370000" lon="-111.551900000">
        <ele>1539</ele>
      </trkpt>
      <trkpt lat="34.128450000" lon="-111.551880000">
        <ele>1539</ele>
      </trkpt>
      <trkpt lat="34.128570000" lon="-111.551910000">
        <ele>1539</ele>
      </trkpt>
      <trkpt lat="34.128700000" lon="-111.551900000">
        <ele>1539</ele>
      </trkpt>
      <trkpt lat="34.128780000" lon="-111.551860000">
        <ele>1538</ele>
      </trkpt>
      <trkpt lat="34.129010000" lon="-111.551820000">
        <ele>1537</ele>
      </trkpt>
      <trkpt lat="34.129140000" lon="-111.551730000">
        <ele>1536</ele>
      </trkpt>
      <trkpt lat="34.129280000" lon="-111.551700000">
        <ele>1536</ele>
      </trkpt>
      <trkpt lat="34.129400000" lon="-111.551710000">
        <ele>1535</ele>
      </trkpt>
      <trkpt lat="34.129450000" lon="-111.551730000">
        <ele>1535</ele>
      </trkpt>
      <trkpt lat="34.129610000" lon="-111.551740000">
        <ele>1534</ele>
      </trkpt>
      <trkpt lat="34.129680000" lon="-111.551780000">
        <ele>1534</ele>
      </trkpt>
      <trkpt lat="34.129880000" lon="-111.551790000">
        <ele>1532</ele>
      </trkpt>
      <trkpt lat="34.130070000" lon="-111.551850000">
        <ele>1530</ele>
      </trkpt>
      <trkpt lat="34.130220000" lon="-111.551920000">
        <ele>1528</ele>
      </trkpt>
      <trkpt lat="34.130240000" lon="-111.551950000">
        <ele>1528</ele>
      </trkpt>
      <trkpt lat="34.130290000" lon="-111.552160000">
        <ele>1528</ele>
      </trkpt>
      <trkpt lat="34.130300000" lon="-111.552220000">
        <ele>1528</ele>
      </trkpt>
      <trkpt lat="34.130260000" lon="-111.552350000">
        <ele>1530</ele>
      </trkpt>
      <trkpt lat="34.130280000" lon="-111.552360000">
        <ele>1530</ele>
      </trkpt>
      <trkpt lat="34.130310000" lon="-111.552360000">
        <ele>1529</ele>
      </trkpt>
      <trkpt lat="34.130320000" lon="-111.552390000">
        <ele>1529</ele>
      </trkpt>
      <trkpt lat="34.130430000" lon="-111.552370000">
        <ele>1527</ele>
      </trkpt>
      <trkpt lat="34.130530000" lon="-111.552320000">
        <ele>1525</ele>
      </trkpt>
      <trkpt lat="34.130560000" lon="-111.552200000">
        <ele>1524</ele>
      </trkpt>
      <trkpt lat="34.130580000" lon="-111.552200000">
        <ele>1523</ele>
      </trkpt>
      <trkpt lat="34.130680000" lon="-111.552260000">
        <ele>1523</ele>
      </trkpt>
      <trkpt lat="34.130910000" lon="-111.552430000">
        <ele>1523</ele>
      </trkpt>
      <trkpt lat="34.131070000" lon="-111.552500000">
        <ele>1524</ele>
      </trkpt>
      <trkpt lat="34.131160000" lon="-111.552580000">
        <ele>1525</ele>
      </trkpt>
      <trkpt lat="34.131230000" lon="-111.552720000">
        <ele>1527</ele>
      </trkpt>
      <trkpt lat="34.131290000" lon="-111.552770000">
        <ele>1527</ele>
      </trkpt>
      <trkpt lat="34.131330000" lon="-111.552860000">
        <ele>1527</ele>
      </trkpt>
      <trkpt lat="34.131360000" lon="-111.552840000">
        <ele>1526</ele>
      </trkpt>
      <trkpt lat="34.131370000" lon="-111.552870000">
        <ele>1526</ele>
      </trkpt>
      <trkpt lat="34.131430000" lon="-111.553060000">
        <ele>1525</ele>
      </trkpt>
      <trkpt lat="34.131450000" lon="-111.553060000">
        <ele>1524</ele>
      </trkpt>
      <trkpt lat="34.131460000" lon="-111.553130000">
        <ele>1525</ele>
      </trkpt>
      <trkpt lat="34.131520000" lon="-111.553170000">
        <ele>1523</ele>
      </trkpt>
      <trkpt lat="34.131540000" lon="-111.553230000">
        <ele>1523</ele>
      </trkpt>
      <trkpt lat="34.131610000" lon="-111.553260000">
        <ele>1521</ele>
      </trkpt>
      <trkpt lat="34.131840000" lon="-111.553500000">
        <ele>1517</ele>
      </trkpt>
      <trkpt lat="34.132130000" lon="-111.553580000">
        <ele>1511</ele>
      </trkpt>
      <trkpt lat="34.132290000" lon="-111.553730000">
        <ele>1512</ele>
      </trkpt>
      <trkpt lat="34.132340000" lon="-111.553740000">
        <ele>1511</ele>
      </trkpt>
      <trkpt lat="34.132460000" lon="-111.553920000">
        <ele>1511</ele>
      </trkpt>
      <trkpt lat="34.132510000" lon="-111.553750000">
        <ele>1509</ele>
      </trkpt>
      <trkpt lat="34.132480000" lon="-111.553700000">
        <ele>1509</ele>
      </trkpt>
      <trkpt lat="34.132470000" lon="-111.553600000">
        <ele>1510</ele>
      </trkpt>
      <trkpt lat="34.132380000" lon="-111.553500000">
        <ele>1510</ele>
      </trkpt>
      <trkpt lat="34.132710000" lon="-111.553920000">
        <ele>1507</ele>
      </trkpt>
      <trkpt lat="34.132890000" lon="-111.553970000">
        <ele>1505</ele>
      </trkpt>
      <trkpt lat="34.132950000" lon="-111.554020000">
        <ele>1504</ele>
      </trkpt>
      <trkpt lat="34.132990000" lon="-111.554020000">
        <ele>1504</ele>
      </trkpt>
      <trkpt lat="34.133090000" lon="-111.554070000">
        <ele>1503</ele>
      </trkpt>
      <trkpt lat="34.133170000" lon="-111.554070000">
        <ele>1504</ele>
      </trkpt>
      <trkpt lat="34.133290000" lon="-111.554120000">
        <ele>1501</ele>
      </trkpt>
      <trkpt lat="34.133430000" lon="-111.554160000">
        <ele>1500</ele>
      </trkpt>
      <trkpt lat="34.133650000" lon="-111.554160000">
        <ele>1502</ele>
      </trkpt>
      <trkpt lat="34.133780000" lon="-111.554230000">
        <ele>1497</ele>
      </trkpt>
      <trkpt lat="34.133800000" lon="-111.554220000">
        <ele>1498</ele>
      </trkpt>
      <trkpt lat="34.133880000" lon="-111.554280000">
        <ele>1494</ele>
      </trkpt>
      <trkpt lat="34.133960000" lon="-111.554260000">
        <ele>1495</ele>
      </trkpt>
      <trkpt lat="34.133970000" lon="-111.554290000">
        <ele>1493</ele>
      </trkpt>
      <trkpt lat="34.134050000" lon="-111.554320000">
        <ele>1492</ele>
      </trkpt>
      <trkpt lat="34.134170000" lon="-111.554320000">
        <ele>1493</ele>
      </trkpt>
      <trkpt lat="34.134310000" lon="-111.554400000">
        <ele>1490</ele>
      </trkpt>
      <trkpt lat="34.134550000" lon="-111.554430000">
        <ele>1489</ele>
      </trkpt>
      <trkpt lat="34.134800000" lon="-111.554530000">
        <ele>1487</ele>
      </trkpt>
      <trkpt lat="34.134870000" lon="-111.554510000">
        <ele>1487</ele>
      </trkpt>
      <trkpt lat="34.134980000" lon="-111.554530000">
        <ele>1486</ele>
      </trkpt>
      <trkpt lat="34.135030000" lon="-111.554570000">
        <ele>1485</ele>
      </trkpt>
      <trkpt lat="34.135170000" lon="-111.554610000">
        <ele>1484</ele>
      </trkpt>
      <trkpt lat="34.135280000" lon="-111.554620000">
        <ele>1482</ele>
      </trkpt>
      <trkpt lat="34.135340000" lon="-111.554560000">
        <ele>1483</ele>
      </trkpt>
      <trkpt lat="34.135360000" lon="-111.554510000">
        <ele>1483</ele>
      </trkpt>
      <trkpt lat="34.135390000" lon="-111.554520000">
        <ele>1483</ele>
      </trkpt>
      <trkpt lat="34.135420000" lon="-111.554580000">
        <ele>1482</ele>
      </trkpt>
      <trkpt lat="34.135420000" lon="-111.554630000">
        <ele>1481</ele>
      </trkpt>
      <trkpt lat="34.135290000" lon="-111.554850000">
        <ele>1479</ele>
      </trkpt>
      <trkpt lat="34.135380000" lon="-111.554840000">
        <ele>1478</ele>
      </trkpt>
      <trkpt lat="34.135460000" lon="-111.554760000">
        <ele>1478</ele>
      </trkpt>
      <trkpt lat="34.135520000" lon="-111.554820000">
        <ele>1477</ele>
      </trkpt>
      <trkpt lat="34.135510000" lon="-111.554860000">
        <ele>1477</ele>
      </trkpt>
      <trkpt lat="34.135570000" lon="-111.554870000">
        <ele>1476</ele>
      </trkpt>
      <trkpt lat="34.135610000" lon="-111.555010000">
        <ele>1475</ele>
      </trkpt>
      <trkpt lat="34.135560000" lon="-111.555160000">
        <ele>1475</ele>
      </trkpt>
      <trkpt lat="34.135490000" lon="-111.555190000">
        <ele>1475</ele>
      </trkpt>
      <trkpt lat="34.135460000" lon="-111.555240000">
        <ele>1475</ele>
      </trkpt>
      <trkpt lat="34.135410000" lon="-111.555430000">
        <ele>1475</ele>
      </trkpt>
      <trkpt lat="34.135450000" lon="-111.555510000">
        <ele>1475</ele>
      </trkpt>
      <trkpt lat="34.135480000" lon="-111.555630000">
        <ele>1476</ele>
      </trkpt>
      <trkpt lat="34.135500000" lon="-111.555660000">
        <ele>1475</ele>
      </trkpt>
      <trkpt lat="34.135550000" lon="-111.555650000">
        <ele>1475</ele>
      </trkpt>
      <trkpt lat="34.135580000" lon="-111.555700000">
        <ele>1474</ele>
      </trkpt>
      <trkpt lat="34.135620000" lon="-111.556020000">
        <ele>1473</ele>
      </trkpt>
      <trkpt lat="34.135680000" lon="-111.556200000">
        <ele>1473</ele>
      </trkpt>
      <trkpt lat="34.135620000" lon="-111.556270000">
        <ele>1473</ele>
      </trkpt>
      <trkpt lat="34.135610000" lon="-111.556340000">
        <ele>1473</ele>
      </trkpt>
      <trkpt lat="34.135600000" lon="-111.556500000">
        <ele>1473</ele>
      </trkpt>
      <trkpt lat="34.135630000" lon="-111.556620000">
        <ele>1472</ele>
      </trkpt>
      <trkpt lat="34.135750000" lon="-111.556610000">
        <ele>1471</ele>
      </trkpt>
      <trkpt lat="34.135890000" lon="-111.556530000">
        <ele>1471</ele>
      </trkpt>
      <trkpt lat="34.135970000" lon="-111.556590000">
        <ele>1470</ele>
      </trkpt>
      <trkpt lat="34.136230000" lon="-111.556720000">
        <ele>1470</ele>
      </trkpt>
      <trkpt lat="34.136360000" lon="-111.556870000">
        <ele>1469</ele>
      </trkpt>
      <trkpt lat="34.136440000" lon="-111.556900000">
        <ele>1469</ele>
      </trkpt>
      <trkpt lat="34.136560000" lon="-111.557130000">
        <ele>1469</ele>
      </trkpt>
      <trkpt lat="34.136650000" lon="-111.557110000">
        <ele>1469</ele>
      </trkpt>
      <trkpt lat="34.136700000" lon="-111.557160000">
        <ele>1469</ele>
      </trkpt>
      <trkpt lat="34.136810000" lon="-111.557180000">
        <ele>1469</ele>
      </trkpt>
      <trkpt lat="34.136910000" lon="-111.557140000">
        <ele>1470</ele>
      </trkpt>
      <trkpt lat="34.137050000" lon="-111.557130000">
        <ele>1471</ele>
      </trkpt>
      <trkpt lat="34.137120000" lon="-111.557170000">
        <ele>1471</ele>
      </trkpt>
      <trkpt lat="34.137210000" lon="-111.557330000">
        <ele>1471</ele>
      </trkpt>
      <trkpt lat="34.137540000" lon="-111.557600000">
        <ele>1475</ele>
      </trkpt>
      <trkpt lat="34.137700000" lon="-111.557490000">
        <ele>1476</ele>
      </trkpt>
      <trkpt lat="34.137850000" lon="-111.557480000">
        <ele>1479</ele>
      </trkpt>
      <trkpt lat="34.137970000" lon="-111.557430000">
        <ele>1481</ele>
      </trkpt>
      <trkpt lat="34.138070000" lon="-111.557430000">
        <ele>1483</ele>
      </trkpt>
      <trkpt lat="34.138230000" lon="-111.557330000">
        <ele>1485</ele>
      </trkpt>
      <trkpt lat="34.138290000" lon="-111.557330000">
        <ele>1486</ele>
      </trkpt>
      <trkpt lat="34.138390000" lon="-111.557360000">
        <ele>1487</ele>
      </trkpt>
      <trkpt lat="34.138560000" lon="-111.557300000">
        <ele>1488</ele>
      </trkpt>
      <trkpt lat="34.138610000" lon="-111.557260000">
        <ele>1488</ele>
      </trkpt>
      <trkpt lat="34.138640000" lon="-111.557160000">
        <ele>1489</ele>
      </trkpt>
      <trkpt lat="34.138680000" lon="-111.557100000">
        <ele>1490</ele>
      </trkpt>
      <trkpt lat="34.138670000" lon="-111.557060000">
        <ele>1491</ele>
      </trkpt>
      <trkpt lat="34.138730000" lon="-111.556890000">
        <ele>1495</ele>
      </trkpt>
      <trkpt lat="34.138710000" lon="-111.556720000">
        <ele>1498</ele>
      </trkpt>
      <trkpt lat="34.138740000" lon="-111.556700000">
        <ele>1499</ele>
      </trkpt>
      <trkpt lat="34.138870000" lon="-111.556860000">
        <ele>1498</ele>
      </trkpt>
      <trkpt lat="34.139070000" lon="-111.556850000">
        <ele>1501</ele>
      </trkpt>
      <trkpt lat="34.139270000" lon="-111.556900000">
        <ele>1500</ele>
      </trkpt>
      <trkpt lat="34.139350000" lon="-111.557020000">
        <ele>1500</ele>
      </trkpt>
      <trkpt lat="34.139420000" lon="-111.557030000">
        <ele>1502</ele>
      </trkpt>
      <trkpt lat="34.139660000" lon="-111.557330000">
        <ele>1501</ele>
      </trkpt>
      <trkpt lat="34.139760000" lon="-111.557400000">
        <ele>1499</ele>
      </trkpt>
      <trkpt lat="34.140030000" lon="-111.557400000">
        <ele>1506</ele>
      </trkpt>
      <trkpt lat="34.140190000" lon="-111.557440000">
        <ele>1508</ele>
      </trkpt>
      <trkpt lat="34.140240000" lon="-111.557490000">
        <ele>1508</ele>
      </trkpt>
      <trkpt lat="34.140240000" lon="-111.557530000">
        <ele>1508</ele>
      </trkpt>
      <trkpt lat="34.140220000" lon="-111.557600000">
        <ele>1509</ele>
      </trkpt>
      <trkpt lat="34.140230000" lon="-111.557730000">
        <ele>1511</ele>
      </trkpt>
      <trkpt lat="34.140340000" lon="-111.557920000">
        <ele>1516</ele>
      </trkpt>
      <trkpt lat="34.140390000" lon="-111.557900000">
        <ele>1518</ele>
      </trkpt>
      <trkpt lat="34.140570000" lon="-111.557910000">
        <ele>1524</ele>
      </trkpt>
      <trkpt lat="34.140600000" lon="-111.557950000">
        <ele>1524</ele>
      </trkpt>
      <trkpt lat="34.140650000" lon="-111.557950000">
        <ele>1526</ele>
      </trkpt>
      <trkpt lat="34.140830000" lon="-111.558010000">
        <ele>1528</ele>
      </trkpt>
      <trkpt lat="34.141020000" lon="-111.558130000">
        <ele>1530</ele>
      </trkpt>
      <trkpt lat="34.141150000" lon="-111.558250000">
        <ele>1528</ele>
      </trkpt>
      <trkpt lat="34.141180000" lon="-111.558250000">
        <ele>1528</ele>
      </trkpt>
      <trkpt lat="34.141220000" lon="-111.558200000">
        <ele>1530</ele>
      </trkpt>
      <trkpt lat="34.141270000" lon="-111.558200000">
        <ele>1531</ele>
      </trkpt>
      <trkpt lat="34.141390000" lon="-111.558250000">
        <ele>1528</ele>
      </trkpt>
      <trkpt lat="34.141590000" lon="-111.558270000">
        <ele>1528</ele>
      </trkpt>
      <trkpt lat="34.141830000" lon="-111.558390000">
        <ele>1526</ele>
      </trkpt>
      <trkpt lat="34.141940000" lon="-111.558340000">
        <ele>1526</ele>
      </trkpt>
      <trkpt lat="34.142030000" lon="-111.558350000">
        <ele>1525</ele>
      </trkpt>
      <trkpt lat="34.142210000" lon="-111.558210000">
        <ele>1526</ele>
      </trkpt>
      <trkpt lat="34.142320000" lon="-111.557990000">
        <ele>1530</ele>
      </trkpt>
      <trkpt lat="34.142410000" lon="-111.557880000">
        <ele>1530</ele>
      </trkpt>
      <trkpt lat="34.142480000" lon="-111.557870000">
        <ele>1529</ele>
      </trkpt>
      <trkpt lat="34.142590000" lon="-111.557760000">
        <ele>1528</ele>
      </trkpt>
      <trkpt lat="34.142710000" lon="-111.557580000">
        <ele>1525</ele>
      </trkpt>
      <trkpt lat="34.142780000" lon="-111.557430000">
        <ele>1524</ele>
      </trkpt>
      <trkpt lat="34.142810000" lon="-111.557490000">
        <ele>1524</ele>
      </trkpt>
      <trkpt lat="34.142860000" lon="-111.557480000">
        <ele>1524</ele>
      </trkpt>
      <trkpt lat="34.142910000" lon="-111.557360000">
        <ele>1524</ele>
      </trkpt>
      <trkpt lat="34.142990000" lon="-111.557390000">
        <ele>1524</ele>
      </trkpt>
      <trkpt lat="34.143110000" lon="-111.557400000">
        <ele>1524</ele>
      </trkpt>
      <trkpt lat="34.143180000" lon="-111.557440000">
        <ele>1524</ele>
      </trkpt>
      <trkpt lat="34.143400000" lon="-111.557390000">
        <ele>1524</ele>
      </trkpt>
      <trkpt lat="34.143650000" lon="-111.557500000">
        <ele>1525</ele>
      </trkpt>
      <trkpt lat="34.143730000" lon="-111.557450000">
        <ele>1525</ele>
      </trkpt>
      <trkpt lat="34.143880000" lon="-111.557410000">
        <ele>1526</ele>
      </trkpt>
      <trkpt lat="34.143930000" lon="-111.557380000">
        <ele>1526</ele>
      </trkpt>
      <trkpt lat="34.143930000" lon="-111.557340000">
        <ele>1526</ele>
      </trkpt>
      <trkpt lat="34.143890000" lon="-111.557260000">
        <ele>1525</ele>
      </trkpt>
      <trkpt lat="34.143940000" lon="-111.557160000">
        <ele>1526</ele>
      </trkpt>
      <trkpt lat="34.143950000" lon="-111.557030000">
        <ele>1527</ele>
      </trkpt>
      <trkpt lat="34.144250000" lon="-111.556830000">
        <ele>1532</ele>
      </trkpt>
      <trkpt lat="34.144490000" lon="-111.556730000">
        <ele>1532</ele>
      </trkpt>
      <trkpt lat="34.144600000" lon="-111.556620000">
        <ele>1533</ele>
      </trkpt>
      <trkpt lat="34.144650000" lon="-111.556490000">
        <ele>1534</ele>
      </trkpt>
      <trkpt lat="34.144720000" lon="-111.556420000">
        <ele>1534</ele>
      </trkpt>
      <trkpt lat="34.144790000" lon="-111.556360000">
        <ele>1534</ele>
      </trkpt>
      <trkpt lat="34.144850000" lon="-111.556340000">
        <ele>1533</ele>
      </trkpt>
      <trkpt lat="34.144940000" lon="-111.556160000">
        <ele>1533</ele>
      </trkpt>
      <trkpt lat="34.145010000" lon="-111.556120000">
        <ele>1533</ele>
      </trkpt>
      <trkpt lat="34.145120000" lon="-111.556140000">
        <ele>1533</ele>
      </trkpt>
      <trkpt lat="34.145160000" lon="-111.556100000">
        <ele>1533</ele>
      </trkpt>
      <trkpt lat="34.145300000" lon="-111.556120000">
        <ele>1533</ele>
      </trkpt>
      <trkpt lat="34.145350000" lon="-111.556040000">
        <ele>1534</ele>
      </trkpt>
      <trkpt lat="34.145430000" lon="-111.556020000">
        <ele>1534</ele>
      </trkpt>
      <trkpt lat="34.145440000" lon="-111.555960000">
        <ele>1534</ele>
      </trkpt>
      <trkpt lat="34.145590000" lon="-111.555820000">
        <ele>1536</ele>
      </trkpt>
      <trkpt lat="34.145770000" lon="-111.555860000">
        <ele>1538</ele>
      </trkpt>
      <trkpt lat="34.145810000" lon="-111.555840000">
        <ele>1539</ele>
      </trkpt>
      <trkpt lat="34.146000000" lon="-111.555820000">
        <ele>1542</ele>
      </trkpt>
      <trkpt lat="34.146160000" lon="-111.555680000">
        <ele>1544</ele>
      </trkpt>
      <trkpt lat="34.146230000" lon="-111.555520000">
        <ele>1545</ele>
      </trkpt>
      <trkpt lat="34.146320000" lon="-111.555450000">
        <ele>1547</ele>
      </trkpt>
      <trkpt lat="34.146470000" lon="-111.555490000">
        <ele>1550</ele>
      </trkpt>
      <trkpt lat="34.146510000" lon="-111.555550000">
        <ele>1552</ele>
      </trkpt>
      <trkpt lat="34.146590000" lon="-111.555510000">
        <ele>1553</ele>
      </trkpt>
      <trkpt lat="34.146640000" lon="-111.555520000">
        <ele>1555</ele>
      </trkpt>
      <trkpt lat="34.146710000" lon="-111.555470000">
        <ele>1556</ele>
      </trkpt>
      <trkpt lat="34.146740000" lon="-111.555380000">
        <ele>1555</ele>
      </trkpt>
      <trkpt lat="34.146790000" lon="-111.555370000">
        <ele>1556</ele>
      </trkpt>
      <trkpt lat="34.146860000" lon="-111.555310000">
        <ele>1557</ele>
      </trkpt>
      <trkpt lat="34.146870000" lon="-111.555240000">
        <ele>1557</ele>
      </trkpt>
      <trkpt lat="34.146930000" lon="-111.555170000">
        <ele>1559</ele>
      </trkpt>
      <trkpt lat="34.147010000" lon="-111.555140000">
        <ele>1561</ele>
      </trkpt>
      <trkpt lat="34.147050000" lon="-111.554990000">
        <ele>1565</ele>
      </trkpt>
      <trkpt lat="34.147110000" lon="-111.555000000">
        <ele>1567</ele>
      </trkpt>
      <trkpt lat="34.147130000" lon="-111.554990000">
        <ele>1568</ele>
      </trkpt>
      <trkpt lat="34.147190000" lon="-111.555010000">
        <ele>1568</ele>
      </trkpt>
      <trkpt lat="34.147280000" lon="-111.554920000">
        <ele>1573</ele>
      </trkpt>
      <trkpt lat="34.147400000" lon="-111.554930000">
        <ele>1574</ele>
      </trkpt>
      <trkpt lat="34.147420000" lon="-111.554910000">
        <ele>1575</ele>
      </trkpt>
      <trkpt lat="34.147420000" lon="-111.554860000">
        <ele>1576</ele>
      </trkpt>
      <trkpt lat="34.147460000" lon="-111.554740000">
        <ele>1580</ele>
      </trkpt>
      <trkpt lat="34.147560000" lon="-111.554740000">
        <ele>1581</ele>
      </trkpt>
      <trkpt lat="34.147600000" lon="-111.554670000">
        <ele>1584</ele>
      </trkpt>
      <trkpt lat="34.147600000" lon="-111.554700000">
        <ele>1583</ele>
      </trkpt>
      <trkpt lat="34.147590000" lon="-111.554670000">
        <ele>1584</ele>
      </trkpt>
      <trkpt lat="34.147650000" lon="-111.554550000">
        <ele>1589</ele>
      </trkpt>
      <trkpt lat="34.147710000" lon="-111.554540000">
        <ele>1591</ele>
      </trkpt>
      <trkpt lat="34.147760000" lon="-111.554550000">
        <ele>1591</ele>
      </trkpt>
      <trkpt lat="34.147870000" lon="-111.554510000">
        <ele>1594</ele>
      </trkpt>
      <trkpt lat="34.147900000" lon="-111.554460000">
        <ele>1597</ele>
      </trkpt>
      <trkpt lat="34.148000000" lon="-111.554490000">
        <ele>1596</ele>
      </trkpt>
      <trkpt lat="34.148010000" lon="-111.554370000">
        <ele>1602</ele>
      </trkpt>
      <trkpt lat="34.147970000" lon="-111.554320000">
        <ele>1603</ele>
      </trkpt>
      <trkpt lat="34.147920000" lon="-111.554150000">
        <ele>1604</ele>
      </trkpt>
      <trkpt lat="34.148070000" lon="-111.554080000">
        <ele>1609</ele>
      </trkpt>
      <trkpt lat="34.148070000" lon="-111.553830000">
        <ele>1612</ele>
      </trkpt>
      <trkpt lat="34.147980000" lon="-111.553710000">
        <ele>1608</ele>
      </trkpt>
      <trkpt lat="34.147970000" lon="-111.553540000">
        <ele>1610</ele>
      </trkpt>
      <trkpt lat="34.148030000" lon="-111.553520000">
        <ele>1613</ele>
      </trkpt>
      <trkpt lat="34.148070000" lon="-111.553460000">
        <ele>1616</ele>
      </trkpt>
      <trkpt lat="34.148120000" lon="-111.553320000">
        <ele>1619</ele>
      </trkpt>
      <trkpt lat="34.148170000" lon="-111.553340000">
        <ele>1621</ele>
      </trkpt>
      <trkpt lat="34.148230000" lon="-111.553420000">
        <ele>1624</ele>
      </trkpt>
      <trkpt lat="34.148360000" lon="-111.553480000">
        <ele>1628</ele>
      </trkpt>
      <trkpt lat="34.148310000" lon="-111.553330000">
        <ele>1627</ele>
      </trkpt>
      <trkpt lat="34.148320000" lon="-111.553230000">
        <ele>1628</ele>
      </trkpt>
      <trkpt lat="34.148450000" lon="-111.553280000">
        <ele>1633</ele>
      </trkpt>
      <trkpt lat="34.148500000" lon="-111.553320000">
        <ele>1634</ele>
      </trkpt>
      <trkpt lat="34.148620000" lon="-111.553590000">
        <ele>1635</ele>
      </trkpt>
      <trkpt lat="34.148760000" lon="-111.553710000">
        <ele>1637</ele>
      </trkpt>
      <trkpt lat="34.148860000" lon="-111.553710000">
        <ele>1640</ele>
      </trkpt>
      <trkpt lat="34.148920000" lon="-111.553590000">
        <ele>1643</ele>
      </trkpt>
      <trkpt lat="34.148950000" lon="-111.553580000">
        <ele>1644</ele>
      </trkpt>
      <trkpt lat="34.149050000" lon="-111.553590000">
        <ele>1645</ele>
      </trkpt>
      <trkpt lat="34.149140000" lon="-111.553640000">
        <ele>1645</ele>
      </trkpt>
      <trkpt lat="34.149370000" lon="-111.553710000">
        <ele>1646</ele>
      </trkpt>
      <trkpt lat="34.149390000" lon="-111.553750000">
        <ele>1645</ele>
      </trkpt>
      <trkpt lat="34.149350000" lon="-111.553980000">
        <ele>1642</ele>
      </trkpt>
      <trkpt lat="34.149400000" lon="-111.554140000">
        <ele>1642</ele>
      </trkpt>
      <trkpt lat="34.149360000" lon="-111.554210000">
        <ele>1641</ele>
      </trkpt>
      <trkpt lat="34.149270000" lon="-111.554270000">
        <ele>1639</ele>
      </trkpt>
      <trkpt lat="34.149250000" lon="-111.554330000">
        <ele>1640</ele>
      </trkpt>
      <trkpt lat="34.149300000" lon="-111.554460000">
        <ele>1641</ele>
      </trkpt>
      <trkpt lat="34.149290000" lon="-111.554650000">
        <ele>1639</ele>
      </trkpt>
      <trkpt lat="34.149270000" lon="-111.554690000">
        <ele>1638</ele>
      </trkpt>
      <trkpt lat="34.149330000" lon="-111.555010000">
        <ele>1638</ele>
      </trkpt>
      <trkpt lat="34.149430000" lon="-111.555270000">
        <ele>1638</ele>
      </trkpt>
      <trkpt lat="34.149420000" lon="-111.555410000">
        <ele>1637</ele>
      </trkpt>
      <trkpt lat="34.149450000" lon="-111.555540000">
        <ele>1637</ele>
      </trkpt>
      <trkpt lat="34.149340000" lon="-111.555870000">
        <ele>1633</ele>
      </trkpt>
      <trkpt lat="34.149380000" lon="-111.556050000">
        <ele>1637</ele>
      </trkpt>
      <trkpt lat="34.149350000" lon="-111.556150000">
        <ele>1637</ele>
      </trkpt>
      <trkpt lat="34.149350000" lon="-111.556280000">
        <ele>1639</ele>
      </trkpt>
      <trkpt lat="34.149370000" lon="-111.556310000">
        <ele>1640</ele>
      </trkpt>
      <trkpt lat="34.149320000" lon="-111.556440000">
        <ele>1638</ele>
      </trkpt>
      <trkpt lat="34.149380000" lon="-111.556760000">
        <ele>1645</ele>
      </trkpt>
      <trkpt lat="34.149420000" lon="-111.556850000">
        <ele>1647</ele>
      </trkpt>
      <trkpt lat="34.149400000" lon="-111.557140000">
        <ele>1648</ele>
      </trkpt>
      <trkpt lat="34.149430000" lon="-111.557200000">
        <ele>1650</ele>
      </trkpt>
      <trkpt lat="34.149420000" lon="-111.557230000">
        <ele>1650</ele>
      </trkpt>
      <trkpt lat="34.149450000" lon="-111.557280000">
        <ele>1652</ele>
      </trkpt>
      <trkpt lat="34.149470000" lon="-111.557400000">
        <ele>1653</ele>
      </trkpt>
      <trkpt lat="34.149640000" lon="-111.557540000">
        <ele>1655</ele>
      </trkpt>
      <trkpt lat="34.149720000" lon="-111.557560000">
        <ele>1655</ele>
      </trkpt>
      <trkpt lat="34.149900000" lon="-111.557710000">
        <ele>1651</ele>
      </trkpt>
      <trkpt lat="34.150080000" lon="-111.557720000">
        <ele>1650</ele>
      </trkpt>
      <trkpt lat="34.150020000" lon="-111.557800000">
        <ele>1648</ele>
      </trkpt>
      <trkpt lat="34.150040000" lon="-111.557760000">
        <ele>1649</ele>
      </trkpt>
      <trkpt lat="34.150070000" lon="-111.557780000">
        <ele>1648</ele>
      </trkpt>
      <trkpt lat="34.150050000" lon="-111.557810000">
        <ele>1648</ele>
      </trkpt>
      <trkpt lat="34.150050000" lon="-111.557760000">
        <ele>1649</ele>
      </trkpt>
      <trkpt lat="34.150030000" lon="-111.557760000">
        <ele>1649</ele>
      </trkpt>
      <trkpt lat="34.150090000" lon="-111.557740000">
        <ele>1650</ele>
      </trkpt>
      <trkpt lat="34.150140000" lon="-111.557830000">
        <ele>1646</ele>
      </trkpt>
      <trkpt lat="34.150170000" lon="-111.557830000">
        <ele>1646</ele>
      </trkpt>
      <trkpt lat="34.150210000" lon="-111.557870000">
        <ele>1643</ele>
      </trkpt>
      <trkpt lat="34.150400000" lon="-111.557890000">
        <ele>1640</ele>
      </trkpt>
      <trkpt lat="34.150450000" lon="-111.557920000">
        <ele>1638</ele>
      </trkpt>
      <trkpt lat="34.150540000" lon="-111.558010000">
        <ele>1636</ele>
      </trkpt>
      <trkpt lat="34.150650000" lon="-111.558050000">
        <ele>1635</ele>
      </trkpt>
      <trkpt lat="34.150690000" lon="-111.558060000">
        <ele>1635</ele>
      </trkpt>
      <trkpt lat="34.150920000" lon="-111.557950000">
        <ele>1634</ele>
      </trkpt>
      <trkpt lat="34.150950000" lon="-111.557960000">
        <ele>1634</ele>
      </trkpt>
      <trkpt lat="34.151070000" lon="-111.557940000">
        <ele>1633</ele>
      </trkpt>
      <trkpt lat="34.151080000" lon="-111.557920000">
        <ele>1633</ele>
      </trkpt>
      <trkpt lat="34.151190000" lon="-111.557980000">
        <ele>1633</ele>
      </trkpt>
      <trkpt lat="34.151210000" lon="-111.558040000">
        <ele>1634</ele>
      </trkpt>
      <trkpt lat="34.151210000" lon="-111.558130000">
        <ele>1633</ele>
      </trkpt>
      <trkpt lat="34.151140000" lon="-111.558350000">
        <ele>1631</ele>
      </trkpt>
      <trkpt lat="34.151150000" lon="-111.558490000">
        <ele>1635</ele>
      </trkpt>
      <trkpt lat="34.151020000" lon="-111.558810000">
        <ele>1636</ele>
      </trkpt>
      <trkpt lat="34.151020000" lon="-111.558870000">
        <ele>1637</ele>
      </trkpt>
      <trkpt lat="34.151000000" lon="-111.558890000">
        <ele>1637</ele>
      </trkpt>
      <trkpt lat="34.150950000" lon="-111.558990000">
        <ele>1636</ele>
      </trkpt>
      <trkpt lat="34.150920000" lon="-111.559240000">
        <ele>1630</ele>
      </trkpt>
      <trkpt lat="34.150910000" lon="-111.559270000">
        <ele>1629</ele>
      </trkpt>
      <trkpt lat="34.150860000" lon="-111.559280000">
        <ele>1626</ele>
      </trkpt>
      <trkpt lat="34.150860000" lon="-111.559320000">
        <ele>1625</ele>
      </trkpt>
      <trkpt lat="34.150890000" lon="-111.559370000">
        <ele>1625</ele>
      </trkpt>
      <trkpt lat="34.150880000" lon="-111.559620000">
        <ele>1617</ele>
      </trkpt>
      <trkpt lat="34.150910000" lon="-111.559890000">
        <ele>1616</ele>
      </trkpt>
      <trkpt lat="34.150940000" lon="-111.559960000">
        <ele>1619</ele>
      </trkpt>
      <trkpt lat="34.150940000" lon="-111.560030000">
        <ele>1619</ele>
      </trkpt>
      <trkpt lat="34.150980000" lon="-111.560080000">
        <ele>1621</ele>
      </trkpt>
      <trkpt lat="34.151080000" lon="-111.560380000">
        <ele>1622</ele>
      </trkpt>
      <trkpt lat="34.151120000" lon="-111.560420000">
        <ele>1623</ele>
      </trkpt>
      <trkpt lat="34.151150000" lon="-111.560500000">
        <ele>1621</ele>
      </trkpt>
      <trkpt lat="34.151120000" lon="-111.560620000">
        <ele>1616</ele>
      </trkpt>
      <trkpt lat="34.151140000" lon="-111.560660000">
        <ele>1616</ele>
      </trkpt>
      <trkpt lat="34.151310000" lon="-111.560810000">
        <ele>1618</ele>
      </trkpt>
      <trkpt lat="34.151370000" lon="-111.560840000">
        <ele>1619</ele>
      </trkpt>
      <trkpt lat="34.151360000" lon="-111.560900000">
        <ele>1617</ele>
      </trkpt>
      <trkpt lat="34.151410000" lon="-111.560910000">
        <ele>1617</ele>
      </trkpt>
      <trkpt lat="34.151480000" lon="-111.561010000">
        <ele>1614</ele>
      </trkpt>
      <trkpt lat="34.151540000" lon="-111.561020000">
        <ele>1613</ele>
      </trkpt>
      <trkpt lat="34.151630000" lon="-111.561150000">
        <ele>1608</ele>
      </trkpt>
      <trkpt lat="34.151710000" lon="-111.561160000">
        <ele>1608</ele>
      </trkpt>
      <trkpt lat="34.151800000" lon="-111.561250000">
        <ele>1605</ele>
      </trkpt>
      <trkpt lat="34.151850000" lon="-111.561340000">
        <ele>1604</ele>
      </trkpt>
      <trkpt lat="34.151860000" lon="-111.561450000">
        <ele>1604</ele>
      </trkpt>
      <trkpt lat="34.151890000" lon="-111.561510000">
        <ele>1606</ele>
      </trkpt>
      <trkpt lat="34.151940000" lon="-111.561510000">
        <ele>1609</ele>
      </trkpt>
      <trkpt lat="34.151850000" lon="-111.561810000">
        <ele>1605</ele>
      </trkpt>
      <trkpt lat="34.151880000" lon="-111.561870000">
        <ele>1606</ele>
      </trkpt>
      <trkpt lat="34.151870000" lon="-111.561900000">
        <ele>1606</ele>
      </trkpt>
      <trkpt lat="34.151940000" lon="-111.561870000">
        <ele>1609</ele>
      </trkpt>
      <trkpt lat="34.151990000" lon="-111.561960000">
        <ele>1610</ele>
      </trkpt>
      <trkpt lat="34.152030000" lon="-111.561980000">
        <ele>1611</ele>
      </trkpt>
      <trkpt lat="34.152240000" lon="-111.562240000">
        <ele>1607</ele>
      </trkpt>
      <trkpt lat="34.152320000" lon="-111.562410000">
        <ele>1605</ele>
      </trkpt>
      <trkpt lat="34.152440000" lon="-111.562560000">
        <ele>1604</ele>
      </trkpt>
      <trkpt lat="34.152530000" lon="-111.562620000">
        <ele>1604</ele>
      </trkpt>
      <trkpt lat="34.152610000" lon="-111.562630000">
        <ele>1606</ele>
      </trkpt>
      <trkpt lat="34.152660000" lon="-111.562710000">
        <ele>1604</ele>
      </trkpt>
      <trkpt lat="34.152840000" lon="-111.562830000">
        <ele>1605</ele>
      </trkpt>
      <trkpt lat="34.152900000" lon="-111.562830000">
        <ele>1607</ele>
      </trkpt>
      <trkpt lat="34.152970000" lon="-111.562910000">
        <ele>1607</ele>
      </trkpt>
      <trkpt lat="34.153130000" lon="-111.563030000">
        <ele>1609</ele>
      </trkpt>
      <trkpt lat="34.153120000" lon="-111.563090000">
        <ele>1609</ele>
      </trkpt>
      <trkpt lat="34.153100000" lon="-111.563100000">
        <ele>1608</ele>
      </trkpt>
      <trkpt lat="34.153260000" lon="-111.563150000">
        <ele>1610</ele>
      </trkpt>
      <trkpt lat="34.153270000" lon="-111.563180000">
        <ele>1609</ele>
      </trkpt>
      <trkpt lat="34.153260000" lon="-111.563250000">
        <ele>1609</ele>
      </trkpt>
      <trkpt lat="34.153330000" lon="-111.563330000">
        <ele>1608</ele>
      </trkpt>
      <trkpt lat="34.153500000" lon="-111.563330000">
        <ele>1607</ele>
      </trkpt>
      <trkpt lat="34.153600000" lon="-111.563430000">
        <ele>1603</ele>
      </trkpt>
      <trkpt lat="34.153650000" lon="-111.563410000">
        <ele>1602</ele>
      </trkpt>
      <trkpt lat="34.153810000" lon="-111.563450000">
        <ele>1596</ele>
      </trkpt>
      <trkpt lat="34.153950000" lon="-111.563550000">
        <ele>1587</ele>
      </trkpt>
      <trkpt lat="34.153950000" lon="-111.563630000">
        <ele>1587</ele>
      </trkpt>
      <trkpt lat="34.154030000" lon="-111.563670000">
        <ele>1583</ele>
      </trkpt>
      <trkpt lat="34.154300000" lon="-111.563650000">
        <ele>1578</ele>
      </trkpt>
      <trkpt lat="34.154480000" lon="-111.563720000">
        <ele>1572</ele>
      </trkpt>
      <trkpt lat="34.154520000" lon="-111.563770000">
        <ele>1570</ele>
      </trkpt>
      <trkpt lat="34.154730000" lon="-111.563800000">
        <ele>1565</ele>
      </trkpt>
      <trkpt lat="34.154880000" lon="-111.563900000">
        <ele>1559</ele>
      </trkpt>
      <trkpt lat="34.155000000" lon="-111.563950000">
        <ele>1556</ele>
      </trkpt>
      <trkpt lat="34.155020000" lon="-111.563940000">
        <ele>1556</ele>
      </trkpt>
      <trkpt lat="34.155230000" lon="-111.564100000">
        <ele>1551</ele>
      </trkpt>
      <trkpt lat="34.155300000" lon="-111.564240000">
        <ele>1548</ele>
      </trkpt>
      <trkpt lat="34.155530000" lon="-111.564430000">
        <ele>1544</ele>
      </trkpt>
      <trkpt lat="34.155500000" lon="-111.564550000">
        <ele>1542</ele>
      </trkpt>
      <trkpt lat="34.155540000" lon="-111.564580000">
        <ele>1541</ele>
      </trkpt>
      <trkpt lat="34.155610000" lon="-111.564770000">
        <ele>1538</ele>
      </trkpt>
      <trkpt lat="34.155590000" lon="-111.564730000">
        <ele>1539</ele>
      </trkpt>
      <trkpt lat="34.155560000" lon="-111.564720000">
        <ele>1539</ele>
      </trkpt>
      <trkpt lat="34.155510000" lon="-111.564740000">
        <ele>1538</ele>
      </trkpt>
      <trkpt lat="34.155470000" lon="-111.564910000">
        <ele>1534</ele>
      </trkpt>
      <trkpt lat="34.155480000" lon="-111.564950000">
        <ele>1533</ele>
      </trkpt>
      <trkpt lat="34.155530000" lon="-111.565010000">
        <ele>1532</ele>
      </trkpt>
      <trkpt lat="34.155550000" lon="-111.565150000">
        <ele>1529</ele>
      </trkpt>
      <trkpt lat="34.155610000" lon="-111.565210000">
        <ele>1528</ele>
      </trkpt>
      <trkpt lat="34.155570000" lon="-111.565270000">
        <ele>1525</ele>
      </trkpt>
      <trkpt lat="34.155420000" lon="-111.565340000">
        <ele>1519</ele>
      </trkpt>
      <trkpt lat="34.155330000" lon="-111.565470000">
        <ele>1511</ele>
      </trkpt>
      <trkpt lat="34.155350000" lon="-111.565570000">
        <ele>1509</ele>
      </trkpt>
      <trkpt lat="34.155340000" lon="-111.565670000">
        <ele>1506</ele>
      </trkpt>
      <trkpt lat="34.155380000" lon="-111.565790000">
        <ele>1505</ele>
      </trkpt>
      <trkpt lat="34.155330000" lon="-111.565960000">
        <ele>1500</ele>
      </trkpt>
      <trkpt lat="34.155400000" lon="-111.566020000">
        <ele>1500</ele>
      </trkpt>
      <trkpt lat="34.155410000" lon="-111.566080000">
        <ele>1499</ele>
      </trkpt>
      <trkpt lat="34.155380000" lon="-111.566200000">
        <ele>1497</ele>
      </trkpt>
      <trkpt lat="34.155340000" lon="-111.566230000">
        <ele>1496</ele>
      </trkpt>
      <trkpt lat="34.155310000" lon="-111.566400000">
        <ele>1493</ele>
      </trkpt>
      <trkpt lat="34.155220000" lon="-111.566560000">
        <ele>1491</ele>
      </trkpt>
      <trkpt lat="34.155190000" lon="-111.566710000">
        <ele>1491</ele>
      </trkpt>
      <trkpt lat="34.155220000" lon="-111.566800000">
        <ele>1492</ele>
      </trkpt>
      <trkpt lat="34.155300000" lon="-111.566830000">
        <ele>1492</ele>
      </trkpt>
      <trkpt lat="34.155190000" lon="-111.566780000">
        <ele>1492</ele>
      </trkpt>
      <trkpt lat="34.155150000" lon="-111.566870000">
        <ele>1494</ele>
      </trkpt>
      <trkpt lat="34.155160000" lon="-111.566940000">
        <ele>1494</ele>
      </trkpt>
      <trkpt lat="34.155310000" lon="-111.566980000">
        <ele>1493</ele>
      </trkpt>
      <trkpt lat="34.155380000" lon="-111.567100000">
        <ele>1493</ele>
      </trkpt>
      <trkpt lat="34.155460000" lon="-111.567170000">
        <ele>1491</ele>
      </trkpt>
      <trkpt lat="34.155470000" lon="-111.567200000">
        <ele>1491</ele>
      </trkpt>
      <trkpt lat="34.155430000" lon="-111.567270000">
        <ele>1491</ele>
      </trkpt>
      <trkpt lat="34.155360000" lon="-111.567330000">
        <ele>1491</ele>
      </trkpt>
      <trkpt lat="34.155340000" lon="-111.567420000">
        <ele>1490</ele>
      </trkpt>
      <trkpt lat="34.155360000" lon="-111.567500000">
        <ele>1488</ele>
      </trkpt>
      <trkpt lat="34.155330000" lon="-111.567640000">
        <ele>1486</ele>
      </trkpt>
      <trkpt lat="34.155370000" lon="-111.567720000">
        <ele>1483</ele>
      </trkpt>
      <trkpt lat="34.155420000" lon="-111.567710000">
        <ele>1482</ele>
      </trkpt>
      <trkpt lat="34.155430000" lon="-111.567760000">
        <ele>1481</ele>
      </trkpt>
      <trkpt lat="34.155310000" lon="-111.567950000">
        <ele>1481</ele>
      </trkpt>
      <trkpt lat="34.155270000" lon="-111.568180000">
        <ele>1479</ele>
      </trkpt>
      <trkpt lat="34.155220000" lon="-111.568270000">
        <ele>1481</ele>
      </trkpt>
      <trkpt lat="34.155230000" lon="-111.568360000">
        <ele>1481</ele>
      </trkpt>
      <trkpt lat="34.155280000" lon="-111.568400000">
        <ele>1479</ele>
      </trkpt>
      <trkpt lat="34.155360000" lon="-111.568640000">
        <ele>1478</ele>
      </trkpt>
      <trkpt lat="34.155360000" lon="-111.568700000">
        <ele>1478</ele>
      </trkpt>
      <trkpt lat="34.155380000" lon="-111.568750000">
        <ele>1477</ele>
      </trkpt>
      <trkpt lat="34.155360000" lon="-111.568870000">
        <ele>1477</ele>
      </trkpt>
      <trkpt lat="34.155390000" lon="-111.568960000">
        <ele>1476</ele>
      </trkpt>
      <trkpt lat="34.155360000" lon="-111.569080000">
        <ele>1477</ele>
      </trkpt>
      <trkpt lat="34.155410000" lon="-111.569190000">
        <ele>1477</ele>
      </trkpt>
      <trkpt lat="34.155430000" lon="-111.569190000">
        <ele>1476</ele>
      </trkpt>
      <trkpt lat="34.155470000" lon="-111.569310000">
        <ele>1477</ele>
      </trkpt>
      <trkpt lat="34.155470000" lon="-111.569460000">
        <ele>1479</ele>
      </trkpt>
      <trkpt lat="34.155550000" lon="-111.569710000">
        <ele>1479</ele>
      </trkpt>
      <trkpt lat="34.155650000" lon="-111.569850000">
        <ele>1477</ele>
      </trkpt>
      <trkpt lat="34.155710000" lon="-111.569840000">
        <ele>1475</ele>
      </trkpt>
      <trkpt lat="34.155720000" lon="-111.569810000">
        <ele>1475</ele>
      </trkpt>
      <trkpt lat="34.155700000" lon="-111.569760000">
        <ele>1475</ele>
      </trkpt>
      <trkpt lat="34.155880000" lon="-111.569680000">
        <ele>1472</ele>
      </trkpt>
      <trkpt lat="34.156000000" lon="-111.569680000">
        <ele>1470</ele>
      </trkpt>
      <trkpt lat="34.156060000" lon="-111.569750000">
        <ele>1469</ele>
      </trkpt>
      <trkpt lat="34.156040000" lon="-111.569730000">
        <ele>1469</ele>
      </trkpt>
      <trkpt lat="34.156070000" lon="-111.569730000">
        <ele>1469</ele>
      </trkpt>
      <trkpt lat="34.156100000" lon="-111.569610000">
        <ele>1467</ele>
      </trkpt>
      <trkpt lat="34.156060000" lon="-111.569650000">
        <ele>1469</ele>
      </trkpt>
      <trkpt lat="34.156070000" lon="-111.569600000">
        <ele>1468</ele>
      </trkpt>
      <trkpt lat="34.156160000" lon="-111.569620000">
        <ele>1466</ele>
      </trkpt>
      <trkpt lat="34.156130000" lon="-111.569560000">
        <ele>1466</ele>
      </trkpt>
      <trkpt lat="34.156120000" lon="-111.569460000">
        <ele>1466</ele>
      </trkpt>
      <trkpt lat="34.156140000" lon="-111.569490000">
        <ele>1466</ele>
      </trkpt>
      <trkpt lat="34.156090000" lon="-111.569690000">
        <ele>1468</ele>
      </trkpt>
      <trkpt lat="34.156110000" lon="-111.569860000">
        <ele>1468</ele>
      </trkpt>
      <trkpt lat="34.156100000" lon="-111.570010000">
        <ele>1469</ele>
      </trkpt>
      <trkpt lat="34.156120000" lon="-111.570190000">
        <ele>1467</ele>
      </trkpt>
      <trkpt lat="34.156040000" lon="-111.570340000">
        <ele>1467</ele>
      </trkpt>
      <trkpt lat="34.156120000" lon="-111.570560000">
        <ele>1461</ele>
      </trkpt>
      <trkpt lat="34.156150000" lon="-111.570580000">
        <ele>1460</ele>
      </trkpt>
      <trkpt lat="34.156140000" lon="-111.570650000">
        <ele>1458</ele>
      </trkpt>
      <trkpt lat="34.156150000" lon="-111.570740000">
        <ele>1455</ele>
      </trkpt>
      <trkpt lat="34.156230000" lon="-111.570690000">
        <ele>1454</ele>
      </trkpt>
      <trkpt lat="34.156320000" lon="-111.570750000">
        <ele>1450</ele>
      </trkpt>
      <trkpt lat="34.156390000" lon="-111.570860000">
        <ele>1447</ele>
      </trkpt>
      <trkpt lat="34.156360000" lon="-111.570920000">
        <ele>1447</ele>
      </trkpt>
      <trkpt lat="34.156360000" lon="-111.571020000">
        <ele>1444</ele>
      </trkpt>
      <trkpt lat="34.156410000" lon="-111.571030000">
        <ele>1443</ele>
      </trkpt>
      <trkpt lat="34.156410000" lon="-111.571070000">
        <ele>1442</ele>
      </trkpt>
      <trkpt lat="34.156350000" lon="-111.571150000">
        <ele>1441</ele>
      </trkpt>
      <trkpt lat="34.156400000" lon="-111.571170000">
        <ele>1440</ele>
      </trkpt>
      <trkpt lat="34.156500000" lon="-111.571160000">
        <ele>1439</ele>
      </trkpt>
      <trkpt lat="34.156540000" lon="-111.571240000">
        <ele>1436</ele>
      </trkpt>
      <trkpt lat="34.156780000" lon="-111.571180000">
        <ele>1434</ele>
      </trkpt>
      <trkpt lat="34.156840000" lon="-111.571260000">
        <ele>1431</ele>
      </trkpt>
      <trkpt lat="34.156900000" lon="-111.571290000">
        <ele>1430</ele>
      </trkpt>
      <trkpt lat="34.156980000" lon="-111.571390000">
        <ele>1427</ele>
      </trkpt>
      <trkpt lat="34.157030000" lon="-111.571400000">
        <ele>1427</ele>
      </trkpt>
      <trkpt lat="34.157070000" lon="-111.571490000">
        <ele>1427</ele>
      </trkpt>
      <trkpt lat="34.157040000" lon="-111.571490000">
        <ele>1427</ele>
      </trkpt>
      <trkpt lat="34.157060000" lon="-111.571710000">
        <ele>1424</ele>
      </trkpt>
      <trkpt lat="34.157100000" lon="-111.571770000">
        <ele>1424</ele>
      </trkpt>
      <trkpt lat="34.157080000" lon="-111.571940000">
        <ele>1420</ele>
      </trkpt>
      <trkpt lat="34.157020000" lon="-111.572000000">
        <ele>1417</ele>
      </trkpt>
      <trkpt lat="34.156920000" lon="-111.572040000">
        <ele>1414</ele>
      </trkpt>
      <trkpt lat="34.156900000" lon="-111.572080000">
        <ele>1412</ele>
      </trkpt>
      <trkpt lat="34.156930000" lon="-111.572130000">
        <ele>1412</ele>
      </trkpt>
      <trkpt lat="34.156910000" lon="-111.572140000">
        <ele>1411</ele>
      </trkpt>
      <trkpt lat="34.156910000" lon="-111.572180000">
        <ele>1410</ele>
      </trkpt>
      <trkpt lat="34.156870000" lon="-111.572270000">
        <ele>1406</ele>
      </trkpt>
      <trkpt lat="34.156890000" lon="-111.572330000">
        <ele>1405</ele>
      </trkpt>
      <trkpt lat="34.156880000" lon="-111.572440000">
        <ele>1402</ele>
      </trkpt>
      <trkpt lat="34.157000000" lon="-111.572330000">
        <ele>1408</ele>
      </trkpt>
      <trkpt lat="34.156940000" lon="-111.572430000">
        <ele>1404</ele>
      </trkpt>
      <trkpt lat="34.156930000" lon="-111.572530000">
        <ele>1400</ele>
      </trkpt>
      <trkpt lat="34.156980000" lon="-111.572680000">
        <ele>1400</ele>
      </trkpt>
      <trkpt lat="34.156980000" lon="-111.572910000">
        <ele>1399</ele>
      </trkpt>
      <trkpt lat="34.156900000" lon="-111.573050000">
        <ele>1396</ele>
      </trkpt>
      <trkpt lat="34.156820000" lon="-111.573100000">
        <ele>1393</ele>
      </trkpt>
      <trkpt lat="34.156790000" lon="-111.573190000">
        <ele>1391</ele>
      </trkpt>
      <trkpt lat="34.156750000" lon="-111.573230000">
        <ele>1389</ele>
      </trkpt>
      <trkpt lat="34.156640000" lon="-111.573280000">
        <ele>1387</ele>
      </trkpt>
      <trkpt lat="34.156600000" lon="-111.573500000">
        <ele>1384</ele>
      </trkpt>
      <trkpt lat="34.156590000" lon="-111.573710000">
        <ele>1381</ele>
      </trkpt>
      <trkpt lat="34.156550000" lon="-111.573760000">
        <ele>1380</ele>
      </trkpt>
      <trkpt lat="34.156550000" lon="-111.573820000">
        <ele>1379</ele>
      </trkpt>
      <trkpt lat="34.156620000" lon="-111.573880000">
        <ele>1379</ele>
      </trkpt>
      <trkpt lat="34.156690000" lon="-111.573900000">
        <ele>1379</ele>
      </trkpt>
      <trkpt lat="34.156720000" lon="-111.573970000">
        <ele>1378</ele>
      </trkpt>
      <trkpt lat="34.156830000" lon="-111.573950000">
        <ele>1380</ele>
      </trkpt>
      <trkpt lat="34.156860000" lon="-111.574000000">
        <ele>1380</ele>
      </trkpt>
      <trkpt lat="34.156870000" lon="-111.574140000">
        <ele>1378</ele>
      </trkpt>
      <trkpt lat="34.156840000" lon="-111.574250000">
        <ele>1377</ele>
      </trkpt>
      <trkpt lat="34.156860000" lon="-111.574470000">
        <ele>1376</ele>
      </trkpt>
      <trkpt lat="34.156890000" lon="-111.574560000">
        <ele>1375</ele>
      </trkpt>
      <trkpt lat="34.157020000" lon="-111.574680000">
        <ele>1375</ele>
      </trkpt>
      <trkpt lat="34.157040000" lon="-111.574740000">
        <ele>1375</ele>
      </trkpt>
      <trkpt lat="34.157170000" lon="-111.574870000">
        <ele>1374</ele>
      </trkpt>
      <trkpt lat="34.157320000" lon="-111.575080000">
        <ele>1370</ele>
      </trkpt>
      <trkpt lat="34.157410000" lon="-111.575140000">
        <ele>1369</ele>
      </trkpt>
      <trkpt lat="34.157440000" lon="-111.575190000">
        <ele>1368</ele>
      </trkpt>
      <trkpt lat="34.157580000" lon="-111.575300000">
        <ele>1366</ele>
      </trkpt>
      <trkpt lat="34.157670000" lon="-111.575420000">
        <ele>1366</ele>
      </trkpt>
      <trkpt lat="34.157730000" lon="-111.575430000">
        <ele>1367</ele>
      </trkpt>
      <trkpt lat="34.157730000" lon="-111.575460000">
        <ele>1367</ele>
      </trkpt>
      <trkpt lat="34.157800000" lon="-111.575570000">
        <ele>1366</ele>
      </trkpt>
      <trkpt lat="34.157860000" lon="-111.575640000">
        <ele>1365</ele>
      </trkpt>
      <trkpt lat="34.158080000" lon="-111.575810000">
        <ele>1364</ele>
      </trkpt>
      <trkpt lat="34.158140000" lon="-111.575930000">
        <ele>1364</ele>
      </trkpt>
      <trkpt lat="34.158140000" lon="-111.575960000">
        <ele>1364</ele>
      </trkpt>
      <trkpt lat="34.158110000" lon="-111.575980000">
        <ele>1364</ele>
      </trkpt>
      <trkpt lat="34.158090000" lon="-111.575950000">
        <ele>1364</ele>
      </trkpt>
      <trkpt lat="34.158170000" lon="-111.575930000">
        <ele>1364</ele>
      </trkpt>
      <trkpt lat="34.158170000" lon="-111.575980000">
        <ele>1364</ele>
      </trkpt>
      <trkpt lat="34.158160000" lon="-111.575940000">
        <ele>1364</ele>
      </trkpt>
      <trkpt lat="34.158070000" lon="-111.576200000">
        <ele>1364</ele>
      </trkpt>
      <trkpt lat="34.158050000" lon="-111.576190000">
        <ele>1364</ele>
      </trkpt>
      <trkpt lat="34.158090000" lon="-111.576220000">
        <ele>1364</ele>
      </trkpt>
      <trkpt lat="34.158090000" lon="-111.576290000">
        <ele>1364</ele>
      </trkpt>
      <trkpt lat="34.158150000" lon="-111.576400000">
        <ele>1366</ele>
      </trkpt>
      <trkpt lat="34.158150000" lon="-111.576480000">
        <ele>1366</ele>
      </trkpt>
      <trkpt lat="34.158180000" lon="-111.576470000">
        <ele>1367</ele>
      </trkpt>
      <trkpt lat="34.158190000" lon="-111.576500000">
        <ele>1368</ele>
      </trkpt>
      <trkpt lat="34.158180000" lon="-111.576580000">
        <ele>1368</ele>
      </trkpt>
      <trkpt lat="34.158260000" lon="-111.576870000">
        <ele>1374</ele>
      </trkpt>
      <trkpt lat="34.158270000" lon="-111.577000000">
        <ele>1376</ele>
      </trkpt>
      <trkpt lat="34.158240000" lon="-111.576980000">
        <ele>1375</ele>
      </trkpt>
      <trkpt lat="34.158220000" lon="-111.576950000">
        <ele>1374</ele>
      </trkpt>
      <trkpt lat="34.158250000" lon="-111.576930000">
        <ele>1374</ele>
      </trkpt>
      <trkpt lat="34.158310000" lon="-111.576950000">
        <ele>1376</ele>
      </trkpt>
      <trkpt lat="34.158420000" lon="-111.576890000">
        <ele>1380</ele>
      </trkpt>
      <trkpt lat="34.158490000" lon="-111.576820000">
        <ele>1383</ele>
      </trkpt>
      <trkpt lat="34.158590000" lon="-111.576860000">
        <ele>1389</ele>
      </trkpt>
      <trkpt lat="34.158620000" lon="-111.577070000">
        <ele>1394</ele>
      </trkpt>
      <trkpt lat="34.158630000" lon="-111.577310000">
        <ele>1392</ele>
      </trkpt>
      <trkpt lat="34.158700000" lon="-111.577480000">
        <ele>1390</ele>
      </trkpt>
      <trkpt lat="34.158710000" lon="-111.577550000">
        <ele>1390</ele>
      </trkpt>
      <trkpt lat="34.158810000" lon="-111.577560000">
        <ele>1394</ele>
      </trkpt>
      <trkpt lat="34.158830000" lon="-111.577660000">
        <ele>1396</ele>
      </trkpt>
      <trkpt lat="34.158760000" lon="-111.577890000">
        <ele>1397</ele>
      </trkpt>
      <trkpt lat="34.158790000" lon="-111.578090000">
        <ele>1404</ele>
      </trkpt>
      <trkpt lat="34.158770000" lon="-111.578160000">
        <ele>1404</ele>
      </trkpt>
      <trkpt lat="34.158820000" lon="-111.578190000">
        <ele>1407</ele>
      </trkpt>
      <trkpt lat="34.158810000" lon="-111.578340000">
        <ele>1409</ele>
      </trkpt>
      <trkpt lat="34.158820000" lon="-111.578310000">
        <ele>1408</ele>
      </trkpt>
      <trkpt lat="34.158880000" lon="-111.578330000">
        <ele>1412</ele>
      </trkpt>
      <trkpt lat="34.158920000" lon="-111.578420000">
        <ele>1417</ele>
      </trkpt>
      <trkpt lat="34.158910000" lon="-111.578560000">
        <ele>1422</ele>
      </trkpt>
      <trkpt lat="34.158850000" lon="-111.578720000">
        <ele>1423</ele>
      </trkpt>
      <trkpt lat="34.158880000" lon="-111.578860000">
        <ele>1428</ele>
      </trkpt>
      <trkpt lat="34.158850000" lon="-111.579050000">
        <ele>1432</ele>
      </trkpt>
      <trkpt lat="34.158990000" lon="-111.579110000">
        <ele>1438</ele>
      </trkpt>
      <trkpt lat="34.159130000" lon="-111.579100000">
        <ele>1444</ele>
      </trkpt>
      <trkpt lat="34.159370000" lon="-111.578960000">
        <ele>1454</ele>
      </trkpt>
      <trkpt lat="34.159420000" lon="-111.578970000">
        <ele>1457</ele>
      </trkpt>
      <trkpt lat="34.159430000" lon="-111.579030000">
        <ele>1460</ele>
      </trkpt>
      <trkpt lat="34.159300000" lon="-111.579780000">
        <ele>1470</ele>
      </trkpt>
      <trkpt lat="34.159210000" lon="-111.579860000">
        <ele>1467</ele>
      </trkpt>
      <trkpt lat="34.159280000" lon="-111.579890000">
        <ele>1471</ele>
      </trkpt>
      <trkpt lat="34.159280000" lon="-111.580020000">
        <ele>1474</ele>
      </trkpt>
      <trkpt lat="34.159170000" lon="-111.580190000">
        <ele>1475</ele>
      </trkpt>
      <trkpt lat="34.159130000" lon="-111.580160000">
        <ele>1471</ele>
      </trkpt>
      <trkpt lat="34.159120000" lon="-111.580190000">
        <ele>1473</ele>
      </trkpt>
      <trkpt lat="34.159130000" lon="-111.580150000">
        <ele>1471</ele>
      </trkpt>
      <trkpt lat="34.159150000" lon="-111.580160000">
        <ele>1473</ele>
      </trkpt>
      <trkpt lat="34.159130000" lon="-111.580330000">
        <ele>1481</ele>
      </trkpt>
      <trkpt lat="34.159100000" lon="-111.580400000">
        <ele>1484</ele>
      </trkpt>
      <trkpt lat="34.159080000" lon="-111.580370000">
        <ele>1481</ele>
      </trkpt>
      <trkpt lat="34.159050000" lon="-111.580520000">
        <ele>1488</ele>
      </trkpt>
      <trkpt lat="34.159000000" lon="-111.580600000">
        <ele>1490</ele>
      </trkpt>
      <trkpt lat="34.158970000" lon="-111.580810000">
        <ele>1498</ele>
      </trkpt>
      <trkpt lat="34.158840000" lon="-111.581000000">
        <ele>1506</ele>
      </trkpt>
      <trkpt lat="34.158720000" lon="-111.581060000">
        <ele>1508</ele>
      </trkpt>
      <trkpt lat="34.158640000" lon="-111.581160000">
        <ele>1511</ele>
      </trkpt>
      <trkpt lat="34.158560000" lon="-111.581170000">
        <ele>1513</ele>
      </trkpt>
      <trkpt lat="34.158570000" lon="-111.581300000">
        <ele>1513</ele>
      </trkpt>
      <trkpt lat="34.158530000" lon="-111.581380000">
        <ele>1514</ele>
      </trkpt>
      <trkpt lat="34.158400000" lon="-111.581420000">
        <ele>1518</ele>
      </trkpt>
      <trkpt lat="34.158130000" lon="-111.581420000">
        <ele>1527</ele>
      </trkpt>
      <trkpt lat="34.158110000" lon="-111.581440000">
        <ele>1528</ele>
      </trkpt>
      <trkpt lat="34.158070000" lon="-111.581410000">
        <ele>1529</ele>
      </trkpt>
      <trkpt lat="34.157970000" lon="-111.581420000">
        <ele>1531</ele>
      </trkpt>
      <trkpt lat="34.157930000" lon="-111.581460000">
        <ele>1532</ele>
      </trkpt>
      <trkpt lat="34.157820000" lon="-111.581440000">
        <ele>1534</ele>
      </trkpt>
      <trkpt lat="34.157770000" lon="-111.581470000">
        <ele>1536</ele>
      </trkpt>
      <trkpt lat="34.157660000" lon="-111.581480000">
        <ele>1538</ele>
      </trkpt>
      <trkpt lat="34.157700000" lon="-111.581480000">
        <ele>1537</ele>
      </trkpt>
      <trkpt lat="34.157730000" lon="-111.581530000">
        <ele>1537</ele>
      </trkpt>
      <trkpt lat="34.157710000" lon="-111.581620000">
        <ele>1538</ele>
      </trkpt>
      <trkpt lat="34.157670000" lon="-111.581650000">
        <ele>1539</ele>
      </trkpt>
      <trkpt lat="34.157570000" lon="-111.581580000">
        <ele>1541</ele>
      </trkpt>
      <trkpt lat="34.157530000" lon="-111.581580000">
        <ele>1542</ele>
      </trkpt>
      <trkpt lat="34.157450000" lon="-111.581610000">
        <ele>1544</ele>
      </trkpt>
      <trkpt lat="34.157470000" lon="-111.581590000">
        <ele>1543</ele>
      </trkpt>
      <trkpt lat="34.157490000" lon="-111.581610000">
        <ele>1543</ele>
      </trkpt>
      <trkpt lat="34.157380000" lon="-111.581700000">
        <ele>1546</ele>
      </trkpt>
      <trkpt lat="34.157240000" lon="-111.581680000">
        <ele>1549</ele>
      </trkpt>
      <trkpt lat="34.157270000" lon="-111.581730000">
        <ele>1548</ele>
      </trkpt>
      <trkpt lat="34.157280000" lon="-111.581840000">
        <ele>1546</ele>
      </trkpt>
      <trkpt lat="34.157250000" lon="-111.581950000">
        <ele>1545</ele>
      </trkpt>
      <trkpt lat="34.157190000" lon="-111.581950000">
        <ele>1547</ele>
      </trkpt>
      <trkpt lat="34.157120000" lon="-111.581900000">
        <ele>1548</ele>
      </trkpt>
      <trkpt lat="34.157040000" lon="-111.581900000">
        <ele>1549</ele>
      </trkpt>
      <trkpt lat="34.156990000" lon="-111.581860000">
        <ele>1550</ele>
      </trkpt>
      <trkpt lat="34.156980000" lon="-111.581930000">
        <ele>1549</ele>
      </trkpt>
      <trkpt lat="34.156860000" lon="-111.581960000">
        <ele>1550</ele>
      </trkpt>
      <trkpt lat="34.156840000" lon="-111.581980000">
        <ele>1550</ele>
      </trkpt>
      <trkpt lat="34.156790000" lon="-111.581970000">
        <ele>1550</ele>
      </trkpt>
      <trkpt lat="34.156770000" lon="-111.581950000">
        <ele>1550</ele>
      </trkpt>
      <trkpt lat="34.156790000" lon="-111.581930000">
        <ele>1550</ele>
      </trkpt>
      <trkpt lat="34.156800000" lon="-111.582060000">
        <ele>1550</ele>
      </trkpt>
      <trkpt lat="34.156610000" lon="-111.582190000">
        <ele>1550</ele>
      </trkpt>
      <trkpt lat="34.156470000" lon="-111.582220000">
        <ele>1552</ele>
      </trkpt>
      <trkpt lat="34.156460000" lon="-111.582310000">
        <ele>1551</ele>
      </trkpt>
      <trkpt lat="34.156410000" lon="-111.582370000">
        <ele>1552</ele>
      </trkpt>
      <trkpt lat="34.156320000" lon="-111.582360000">
        <ele>1554</ele>
      </trkpt>
      <trkpt lat="34.156300000" lon="-111.582390000">
        <ele>1554</ele>
      </trkpt>
      <trkpt lat="34.156220000" lon="-111.582400000">
        <ele>1557</ele>
      </trkpt>
      <trkpt lat="34.156180000" lon="-111.582430000">
        <ele>1558</ele>
      </trkpt>
      <trkpt lat="34.156160000" lon="-111.582490000">
        <ele>1559</ele>
      </trkpt>
      <trkpt lat="34.156110000" lon="-111.582490000">
        <ele>1561</ele>
      </trkpt>
      <trkpt lat="34.156060000" lon="-111.582530000">
        <ele>1563</ele>
      </trkpt>
      <trkpt lat="34.156010000" lon="-111.582630000">
        <ele>1565</ele>
      </trkpt>
      <trkpt lat="34.155920000" lon="-111.582610000">
        <ele>1568</ele>
      </trkpt>
      <trkpt lat="34.155780000" lon="-111.582720000">
        <ele>1572</ele>
      </trkpt>
      <trkpt lat="34.155730000" lon="-111.582810000">
        <ele>1572</ele>
      </trkpt>
      <trkpt lat="34.155680000" lon="-111.582830000">
        <ele>1574</ele>
      </trkpt>
      <trkpt lat="34.155630000" lon="-111.582810000">
        <ele>1576</ele>
      </trkpt>
      <trkpt lat="34.155600000" lon="-111.582830000">
        <ele>1577</ele>
      </trkpt>
      <trkpt lat="34.155610000" lon="-111.582860000">
        <ele>1576</ele>
      </trkpt>
      <trkpt lat="34.155580000" lon="-111.582950000">
        <ele>1574</ele>
      </trkpt>
      <trkpt lat="34.155510000" lon="-111.582960000">
        <ele>1577</ele>
      </trkpt>
      <trkpt lat="34.155380000" lon="-111.582860000">
        <ele>1584</ele>
      </trkpt>
      <trkpt lat="34.155320000" lon="-111.582890000">
        <ele>1585</ele>
      </trkpt>
      <trkpt lat="34.155270000" lon="-111.583030000">
        <ele>1582</ele>
      </trkpt>
      <trkpt lat="34.155280000" lon="-111.583180000">
        <ele>1575</ele>
      </trkpt>
      <trkpt lat="34.155250000" lon="-111.583350000">
        <ele>1572</ele>
      </trkpt>
      <trkpt lat="34.155140000" lon="-111.583380000">
        <ele>1577</ele>
      </trkpt>
      <trkpt lat="34.155020000" lon="-111.583500000">
        <ele>1581</ele>
      </trkpt>
      <trkpt lat="34.155020000" lon="-111.583560000">
        <ele>1580</ele>
      </trkpt>
      <trkpt lat="34.154980000" lon="-111.583590000">
        <ele>1581</ele>
      </trkpt>
      <trkpt lat="34.154890000" lon="-111.583630000">
        <ele>1585</ele>
      </trkpt>
      <trkpt lat="34.154860000" lon="-111.583620000">
        <ele>1587</ele>
      </trkpt>
      <trkpt lat="34.154740000" lon="-111.583490000">
        <ele>1594</ele>
      </trkpt>
      <trkpt lat="34.154670000" lon="-111.583500000">
        <ele>1597</ele>
      </trkpt>
      <trkpt lat="34.154610000" lon="-111.583460000">
        <ele>1600</ele>
      </trkpt>
      <trkpt lat="34.154600000" lon="-111.583380000">
        <ele>1603</ele>
      </trkpt>
      <trkpt lat="34.154620000" lon="-111.583400000">
        <ele>1601</ele>
      </trkpt>
      <trkpt lat="34.154610000" lon="-111.583450000">
        <ele>1600</ele>
      </trkpt>
      <trkpt lat="34.154530000" lon="-111.583540000">
        <ele>1603</ele>
      </trkpt>
      <trkpt lat="34.154550000" lon="-111.583570000">
        <ele>1602</ele>
      </trkpt>
      <trkpt lat="34.154550000" lon="-111.583620000">
        <ele>1602</ele>
      </trkpt>
      <trkpt lat="34.154570000" lon="-111.583630000">
        <ele>1600</ele>
      </trkpt>
      <trkpt lat="34.154570000" lon="-111.583750000">
        <ele>1599</ele>
      </trkpt>
      <trkpt lat="34.154540000" lon="-111.583770000">
        <ele>1601</ele>
      </trkpt>
      <trkpt lat="34.154430000" lon="-111.583920000">
        <ele>1604</ele>
      </trkpt>
      <trkpt lat="34.154430000" lon="-111.583980000">
        <ele>1603</ele>
      </trkpt>
      <trkpt lat="34.154370000" lon="-111.584020000">
        <ele>1605</ele>
      </trkpt>
      <trkpt lat="34.154340000" lon="-111.584000000">
        <ele>1607</ele>
      </trkpt>
      <trkpt lat="34.154300000" lon="-111.584250000">
        <ele>1604</ele>
      </trkpt>
      <trkpt lat="34.154250000" lon="-111.584300000">
        <ele>1606</ele>
      </trkpt>
      <trkpt lat="34.154220000" lon="-111.584290000">
        <ele>1607</ele>
      </trkpt>
      <trkpt lat="34.154130000" lon="-111.584420000">
        <ele>1610</ele>
      </trkpt>
      <trkpt lat="34.154090000" lon="-111.584550000">
        <ele>1611</ele>
      </trkpt>
      <trkpt lat="34.154040000" lon="-111.584580000">
        <ele>1612</ele>
      </trkpt>
      <trkpt lat="34.153990000" lon="-111.584690000">
        <ele>1613</ele>
      </trkpt>
      <trkpt lat="34.153950000" lon="-111.584880000">
        <ele>1610</ele>
      </trkpt>
      <trkpt lat="34.153930000" lon="-111.584900000">
        <ele>1611</ele>
      </trkpt>
      <trkpt lat="34.153890000" lon="-111.584880000">
        <ele>1614</ele>
      </trkpt>
      <trkpt lat="34.153810000" lon="-111.584820000">
        <ele>1619</ele>
      </trkpt>
      <trkpt lat="34.153730000" lon="-111.585010000">
        <ele>1616</ele>
      </trkpt>
      <trkpt lat="34.153720000" lon="-111.585110000">
        <ele>1614</ele>
      </trkpt>
      <trkpt lat="34.153690000" lon="-111.585120000">
        <ele>1614</ele>
      </trkpt>
      <trkpt lat="34.153690000" lon="-111.585060000">
        <ele>1616</ele>
      </trkpt>
      <trkpt lat="34.153660000" lon="-111.585080000">
        <ele>1617</ele>
      </trkpt>
      <trkpt lat="34.153620000" lon="-111.585120000">
        <ele>1616</ele>
      </trkpt>
      <trkpt lat="34.153660000" lon="-111.585180000">
        <ele>1614</ele>
      </trkpt>
      <trkpt lat="34.153580000" lon="-111.585220000">
        <ele>1615</ele>
      </trkpt>
      <trkpt lat="34.153510000" lon="-111.585290000">
        <ele>1615</ele>
      </trkpt>
      <trkpt lat="34.153510000" lon="-111.585450000">
        <ele>1614</ele>
      </trkpt>
      <trkpt lat="34.153430000" lon="-111.585620000">
        <ele>1615</ele>
      </trkpt>
      <trkpt lat="34.153370000" lon="-111.585650000">
        <ele>1617</ele>
      </trkpt>
      <trkpt lat="34.153320000" lon="-111.585760000">
        <ele>1618</ele>
      </trkpt>
      <trkpt lat="34.153260000" lon="-111.585770000">
        <ele>1619</ele>
      </trkpt>
      <trkpt lat="34.153170000" lon="-111.585700000">
        <ele>1618</ele>
      </trkpt>
      <trkpt lat="34.153220000" lon="-111.585650000">
        <ele>1617</ele>
      </trkpt>
      <trkpt lat="34.153260000" lon="-111.585680000">
        <ele>1618</ele>
      </trkpt>
      <trkpt lat="34.153270000" lon="-111.585750000">
        <ele>1619</ele>
      </trkpt>
      <trkpt lat="34.153230000" lon="-111.586000000">
        <ele>1620</ele>
      </trkpt>
      <trkpt lat="34.153260000" lon="-111.586050000">
        <ele>1620</ele>
      </trkpt>
      <trkpt lat="34.153270000" lon="-111.586190000">
        <ele>1619</ele>
      </trkpt>
      <trkpt lat="34.153320000" lon="-111.586310000">
        <ele>1617</ele>
      </trkpt>
      <trkpt lat="34.153390000" lon="-111.586380000">
        <ele>1616</ele>
      </trkpt>
      <trkpt lat="34.153450000" lon="-111.586590000">
        <ele>1616</ele>
      </trkpt>
      <trkpt lat="34.153490000" lon="-111.586630000">
        <ele>1616</ele>
      </trkpt>
      <trkpt lat="34.153540000" lon="-111.586650000">
        <ele>1617</ele>
      </trkpt>
      <trkpt lat="34.153580000" lon="-111.586740000">
        <ele>1618</ele>
      </trkpt>
      <trkpt lat="34.153610000" lon="-111.586730000">
        <ele>1618</ele>
      </trkpt>
      <trkpt lat="34.153700000" lon="-111.586810000">
        <ele>1620</ele>
      </trkpt>
      <trkpt lat="34.153730000" lon="-111.586980000">
        <ele>1621</ele>
      </trkpt>
      <trkpt lat="34.153800000" lon="-111.587030000">
        <ele>1622</ele>
      </trkpt>
      <trkpt lat="34.153810000" lon="-111.587130000">
        <ele>1622</ele>
      </trkpt>
      <trkpt lat="34.153890000" lon="-111.587220000">
        <ele>1625</ele>
      </trkpt>
      <trkpt lat="34.153950000" lon="-111.587330000">
        <ele>1627</ele>
      </trkpt>
      <trkpt lat="34.153950000" lon="-111.587450000">
        <ele>1628</ele>
      </trkpt>
      <trkpt lat="34.154010000" lon="-111.587570000">
        <ele>1630</ele>
      </trkpt>
      <trkpt lat="34.153990000" lon="-111.587840000">
        <ele>1628</ele>
      </trkpt>
      <trkpt lat="34.154060000" lon="-111.587980000">
        <ele>1629</ele>
      </trkpt>
      <trkpt lat="34.154120000" lon="-111.588030000">
        <ele>1630</ele>
      </trkpt>
      <trkpt lat="34.154230000" lon="-111.588280000">
        <ele>1629</ele>
      </trkpt>
      <trkpt lat="34.154270000" lon="-111.588450000">
        <ele>1629</ele>
      </trkpt>
      <trkpt lat="34.154210000" lon="-111.588490000">
        <ele>1629</ele>
      </trkpt>
      <trkpt lat="34.154150000" lon="-111.588580000">
        <ele>1629</ele>
      </trkpt>
      <trkpt lat="34.154000000" lon="-111.588680000">
        <ele>1630</ele>
      </trkpt>
      <trkpt lat="34.153920000" lon="-111.588670000">
        <ele>1629</ele>
      </trkpt>
      <trkpt lat="34.153720000" lon="-111.588710000">
        <ele>1628</ele>
      </trkpt>
      <trkpt lat="34.153500000" lon="-111.588800000">
        <ele>1629</ele>
      </trkpt>
      <trkpt lat="34.153330000" lon="-111.588960000">
        <ele>1631</ele>
      </trkpt>
      <trkpt lat="34.153220000" lon="-111.589020000">
        <ele>1630</ele>
      </trkpt>
      <trkpt lat="34.153090000" lon="-111.589250000">
        <ele>1634</ele>
      </trkpt>
      <trkpt lat="34.153010000" lon="-111.589350000">
        <ele>1637</ele>
      </trkpt>
      <trkpt lat="34.152820000" lon="-111.589450000">
        <ele>1638</ele>
      </trkpt>
      <trkpt lat="34.152770000" lon="-111.589440000">
        <ele>1637</ele>
      </trkpt>
      <trkpt lat="34.152590000" lon="-111.589560000">
        <ele>1635</ele>
      </trkpt>
      <trkpt lat="34.152480000" lon="-111.589570000">
        <ele>1633</ele>
      </trkpt>
      <trkpt lat="34.152410000" lon="-111.589630000">
        <ele>1632</ele>
      </trkpt>
      <trkpt lat="34.152370000" lon="-111.589720000">
        <ele>1631</ele>
      </trkpt>
      <trkpt lat="34.152290000" lon="-111.589790000">
        <ele>1629</ele>
      </trkpt>
      <trkpt lat="34.152160000" lon="-111.590030000">
        <ele>1628</ele>
      </trkpt>
      <trkpt lat="34.152040000" lon="-111.590170000">
        <ele>1630</ele>
      </trkpt>
      <trkpt lat="34.151810000" lon="-111.590360000">
        <ele>1630</ele>
      </trkpt>
      <trkpt lat="34.151680000" lon="-111.590390000">
        <ele>1627</ele>
      </trkpt>
      <trkpt lat="34.151550000" lon="-111.590450000">
        <ele>1626</ele>
      </trkpt>
      <trkpt lat="34.151270000" lon="-111.590700000">
        <ele>1629</ele>
      </trkpt>
      <trkpt lat="34.151180000" lon="-111.590770000">
        <ele>1629</ele>
      </trkpt>
      <trkpt lat="34.151150000" lon="-111.590780000">
        <ele>1629</ele>
      </trkpt>
      <trkpt lat="34.151140000" lon="-111.590750000">
        <ele>1628</ele>
      </trkpt>
      <trkpt lat="34.151110000" lon="-111.590820000">
        <ele>1629</ele>
      </trkpt>
      <trkpt lat="34.150880000" lon="-111.590910000">
        <ele>1625</ele>
      </trkpt>
      <trkpt lat="34.150720000" lon="-111.591130000">
        <ele>1623</ele>
      </trkpt>
      <trkpt lat="34.150670000" lon="-111.591140000">
        <ele>1621</ele>
      </trkpt>
      <trkpt lat="34.150670000" lon="-111.591110000">
        <ele>1621</ele>
      </trkpt>
      <trkpt lat="34.150620000" lon="-111.591090000">
        <ele>1620</ele>
      </trkpt>
      <trkpt lat="34.150570000" lon="-111.591110000">
        <ele>1619</ele>
      </trkpt>
      <trkpt lat="34.150500000" lon="-111.591300000">
        <ele>1620</ele>
      </trkpt>
      <trkpt lat="34.150370000" lon="-111.591390000">
        <ele>1619</ele>
      </trkpt>
      <trkpt lat="34.150330000" lon="-111.591470000">
        <ele>1619</ele>
      </trkpt>
      <trkpt lat="34.150330000" lon="-111.591570000">
        <ele>1619</ele>
      </trkpt>
      <trkpt lat="34.150420000" lon="-111.591890000">
        <ele>1619</ele>
      </trkpt>
      <trkpt lat="34.150650000" lon="-111.592370000">
        <ele>1620</ele>
      </trkpt>
      <trkpt lat="34.150700000" lon="-111.592400000">
        <ele>1622</ele>
      </trkpt>
      <trkpt lat="34.150840000" lon="-111.592800000">
        <ele>1625</ele>
      </trkpt>
      <trkpt lat="34.150850000" lon="-111.593070000">
        <ele>1628</ele>
      </trkpt>
      <trkpt lat="34.150840000" lon="-111.593250000">
        <ele>1630</ele>
      </trkpt>
      <trkpt lat="34.150880000" lon="-111.593350000">
        <ele>1632</ele>
      </trkpt>
      <trkpt lat="34.150900000" lon="-111.593440000">
        <ele>1633</ele>
      </trkpt>
      <trkpt lat="34.150900000" lon="-111.593600000">
        <ele>1634</ele>
      </trkpt>
      <trkpt lat="34.150960000" lon="-111.593690000">
        <ele>1635</ele>
      </trkpt>
      <trkpt lat="34.150920000" lon="-111.593890000">
        <ele>1635</ele>
      </trkpt>
      <trkpt lat="34.150940000" lon="-111.594010000">
        <ele>1635</ele>
      </trkpt>
      <trkpt lat="34.150990000" lon="-111.594080000">
        <ele>1634</ele>
      </trkpt>
      <trkpt lat="34.151060000" lon="-111.594220000">
        <ele>1633</ele>
      </trkpt>
      <trkpt lat="34.151200000" lon="-111.594290000">
        <ele>1634</ele>
      </trkpt>
      <trkpt lat="34.151330000" lon="-111.594400000">
        <ele>1635</ele>
      </trkpt>
      <trkpt lat="34.151650000" lon="-111.594890000">
        <ele>1637</ele>
      </trkpt>
      <trkpt lat="34.151720000" lon="-111.594920000">
        <ele>1639</ele>
      </trkpt>
      <trkpt lat="34.151830000" lon="-111.595070000">
        <ele>1641</ele>
      </trkpt>
      <trkpt lat="34.152000000" lon="-111.595240000">
        <ele>1644</ele>
      </trkpt>
      <trkpt lat="34.152040000" lon="-111.595410000">
        <ele>1642</ele>
      </trkpt>
      <trkpt lat="34.152030000" lon="-111.595510000">
        <ele>1641</ele>
      </trkpt>
      <trkpt lat="34.151990000" lon="-111.595580000">
        <ele>1640</ele>
      </trkpt>
      <trkpt lat="34.152030000" lon="-111.595730000">
        <ele>1639</ele>
      </trkpt>
      <trkpt lat="34.152310000" lon="-111.595960000">
        <ele>1635</ele>
      </trkpt>
      <trkpt lat="34.152310000" lon="-111.596040000">
        <ele>1633</ele>
      </trkpt>
      <trkpt lat="34.152420000" lon="-111.596050000">
        <ele>1633</ele>
      </trkpt>
      <trkpt lat="34.152580000" lon="-111.596140000">
        <ele>1631</ele>
      </trkpt>
      <trkpt lat="34.152620000" lon="-111.596230000">
        <ele>1630</ele>
      </trkpt>
      <trkpt lat="34.152690000" lon="-111.596300000">
        <ele>1629</ele>
      </trkpt>
      <trkpt lat="34.152760000" lon="-111.596330000">
        <ele>1629</ele>
      </trkpt>
      <trkpt lat="34.152910000" lon="-111.596570000">
        <ele>1625</ele>
      </trkpt>
      <trkpt lat="34.153070000" lon="-111.596740000">
        <ele>1623</ele>
      </trkpt>
      <trkpt lat="34.153150000" lon="-111.596900000">
        <ele>1621</ele>
      </trkpt>
      <trkpt lat="34.153310000" lon="-111.596960000">
        <ele>1621</ele>
      </trkpt>
      <trkpt lat="34.153590000" lon="-111.597020000">
        <ele>1624</ele>
      </trkpt>
      <trkpt lat="34.153650000" lon="-111.597280000">
        <ele>1622</ele>
      </trkpt>
      <trkpt lat="34.153620000" lon="-111.597290000">
        <ele>1621</ele>
      </trkpt>
      <trkpt lat="34.153620000" lon="-111.597240000">
        <ele>1622</ele>
      </trkpt>
      <trkpt lat="34.153660000" lon="-111.597200000">
        <ele>1622</ele>
      </trkpt>
      <trkpt lat="34.153720000" lon="-111.597190000">
        <ele>1623</ele>
      </trkpt>
      <trkpt lat="34.153770000" lon="-111.597190000">
        <ele>1623</ele>
      </trkpt>
      <trkpt lat="34.153860000" lon="-111.597250000">
        <ele>1623</ele>
      </trkpt>
      <trkpt lat="34.153880000" lon="-111.597270000">
        <ele>1623</ele>
      </trkpt>
      <trkpt lat="34.153850000" lon="-111.597400000">
        <ele>1621</ele>
      </trkpt>
      <trkpt lat="34.153760000" lon="-111.597500000">
        <ele>1621</ele>
      </trkpt>
      <trkpt lat="34.153780000" lon="-111.597650000">
        <ele>1620</ele>
      </trkpt>
      <trkpt lat="34.153810000" lon="-111.597700000">
        <ele>1620</ele>
      </trkpt>
      <trkpt lat="34.153860000" lon="-111.597720000">
        <ele>1620</ele>
      </trkpt>
      <trkpt lat="34.153910000" lon="-111.597640000">
        <ele>1621</ele>
      </trkpt>
      <trkpt lat="34.154020000" lon="-111.597660000">
        <ele>1621</ele>
      </trkpt>
      <trkpt lat="34.154040000" lon="-111.597710000">
        <ele>1621</ele>
      </trkpt>
      <trkpt lat="34.154090000" lon="-111.597740000">
        <ele>1621</ele>
      </trkpt>
      <trkpt lat="34.154100000" lon="-111.597850000">
        <ele>1620</ele>
      </trkpt>
      <trkpt lat="34.154160000" lon="-111.597940000">
        <ele>1620</ele>
      </trkpt>
      <trkpt lat="34.154260000" lon="-111.597980000">
        <ele>1621</ele>
      </trkpt>
      <trkpt lat="34.154290000" lon="-111.598020000">
        <ele>1621</ele>
      </trkpt>
      <trkpt lat="34.154380000" lon="-111.598050000">
        <ele>1622</ele>
      </trkpt>
      <trkpt lat="34.154530000" lon="-111.598220000">
        <ele>1625</ele>
      </trkpt>
      <trkpt lat="34.154560000" lon="-111.598330000">
        <ele>1625</ele>
      </trkpt>
      <trkpt lat="34.154720000" lon="-111.598380000">
        <ele>1626</ele>
      </trkpt>
      <trkpt lat="34.154840000" lon="-111.598440000">
        <ele>1627</ele>
      </trkpt>
      <trkpt lat="34.154960000" lon="-111.598400000">
        <ele>1627</ele>
      </trkpt>
      <trkpt lat="34.155040000" lon="-111.598430000">
        <ele>1626</ele>
      </trkpt>
      <trkpt lat="34.155090000" lon="-111.598520000">
        <ele>1626</ele>
      </trkpt>
      <trkpt lat="34.155140000" lon="-111.598560000">
        <ele>1626</ele>
      </trkpt>
      <trkpt lat="34.155290000" lon="-111.598570000">
        <ele>1625</ele>
      </trkpt>
      <trkpt lat="34.155450000" lon="-111.598670000">
        <ele>1624</ele>
      </trkpt>
      <trkpt lat="34.155690000" lon="-111.598750000">
        <ele>1623</ele>
      </trkpt>
      <trkpt lat="34.155730000" lon="-111.598860000">
        <ele>1623</ele>
      </trkpt>
      <trkpt lat="34.155700000" lon="-111.598910000">
        <ele>1622</ele>
      </trkpt>
      <trkpt lat="34.155670000" lon="-111.598920000">
        <ele>1622</ele>
      </trkpt>
      <trkpt lat="34.155680000" lon="-111.599040000">
        <ele>1621</ele>
      </trkpt>
      <trkpt lat="34.155730000" lon="-111.599120000">
        <ele>1621</ele>
      </trkpt>
      <trkpt lat="34.155840000" lon="-111.599160000">
        <ele>1623</ele>
      </trkpt>
      <trkpt lat="34.155950000" lon="-111.599140000">
        <ele>1625</ele>
      </trkpt>
      <trkpt lat="34.156250000" lon="-111.598910000">
        <ele>1627</ele>
      </trkpt>
      <trkpt lat="34.156320000" lon="-111.598790000">
        <ele>1627</ele>
      </trkpt>
      <trkpt lat="34.156300000" lon="-111.598690000">
        <ele>1626</ele>
      </trkpt>
      <trkpt lat="34.156330000" lon="-111.598620000">
        <ele>1625</ele>
      </trkpt>
      <trkpt lat="34.156310000" lon="-111.598540000">
        <ele>1624</ele>
      </trkpt>
      <trkpt lat="34.156360000" lon="-111.598410000">
        <ele>1623</ele>
      </trkpt>
      <trkpt lat="34.156360000" lon="-111.598290000">
        <ele>1621</ele>
      </trkpt>
      <trkpt lat="34.156480000" lon="-111.598170000">
        <ele>1619</ele>
      </trkpt>
      <trkpt lat="34.156550000" lon="-111.598150000">
        <ele>1618</ele>
      </trkpt>
      <trkpt lat="34.156650000" lon="-111.598150000">
        <ele>1617</ele>
      </trkpt>
      <trkpt lat="34.156820000" lon="-111.598100000">
        <ele>1615</ele>
      </trkpt>
      <trkpt lat="34.157140000" lon="-111.598160000">
        <ele>1615</ele>
      </trkpt>
      <trkpt lat="34.157310000" lon="-111.598120000">
        <ele>1613</ele>
      </trkpt>
      <trkpt lat="34.157580000" lon="-111.598150000">
        <ele>1613</ele>
      </trkpt>
      <trkpt lat="34.157900000" lon="-111.598060000">
        <ele>1612</ele>
      </trkpt>
      <trkpt lat="34.158060000" lon="-111.598080000">
        <ele>1612</ele>
      </trkpt>
      <trkpt lat="34.158130000" lon="-111.598040000">
        <ele>1612</ele>
      </trkpt>
      <trkpt lat="34.158230000" lon="-111.598010000">
        <ele>1611</ele>
      </trkpt>
      <trkpt lat="34.158300000" lon="-111.598110000">
        <ele>1612</ele>
      </trkpt>
      <trkpt lat="34.158370000" lon="-111.598100000">
        <ele>1611</ele>
      </trkpt>
      <trkpt lat="34.158630000" lon="-111.598130000">
        <ele>1609</ele>
      </trkpt>
      <trkpt lat="34.158780000" lon="-111.598170000">
        <ele>1608</ele>
      </trkpt>
      <trkpt lat="34.158820000" lon="-111.598210000">
        <ele>1608</ele>
      </trkpt>
      <trkpt lat="34.159190000" lon="-111.598290000">
        <ele>1608</ele>
      </trkpt>
      <trkpt lat="34.159400000" lon="-111.598190000">
        <ele>1604</ele>
      </trkpt>
      <trkpt lat="34.159470000" lon="-111.598140000">
        <ele>1602</ele>
      </trkpt>
      <trkpt lat="34.159600000" lon="-111.598130000">
        <ele>1602</ele>
      </trkpt>
      <trkpt lat="34.159800000" lon="-111.598050000">
        <ele>1599</ele>
      </trkpt>
      <trkpt lat="34.159890000" lon="-111.598000000">
        <ele>1597</ele>
      </trkpt>
      <trkpt lat="34.160040000" lon="-111.597960000">
        <ele>1595</ele>
      </trkpt>
      <trkpt lat="34.160070000" lon="-111.597970000">
        <ele>1595</ele>
      </trkpt>
      <trkpt lat="34.160150000" lon="-111.597920000">
        <ele>1594</ele>
      </trkpt>
      <trkpt lat="34.160210000" lon="-111.597920000">
        <ele>1593</ele>
      </trkpt>
      <trkpt lat="34.160420000" lon="-111.598000000">
        <ele>1597</ele>
      </trkpt>
      <trkpt lat="34.160630000" lon="-111.597960000">
        <ele>1595</ele>
      </trkpt>
      <trkpt lat="34.160750000" lon="-111.597870000">
        <ele>1592</ele>
      </trkpt>
      <trkpt lat="34.160800000" lon="-111.597860000">
        <ele>1592</ele>
      </trkpt>
      <trkpt lat="34.160870000" lon="-111.597950000">
        <ele>1595</ele>
      </trkpt>
      <trkpt lat="34.160990000" lon="-111.597860000">
        <ele>1593</ele>
      </trkpt>
      <trkpt lat="34.161040000" lon="-111.597740000">
        <ele>1591</ele>
      </trkpt>
      <trkpt lat="34.161090000" lon="-111.597680000">
        <ele>1591</ele>
      </trkpt>
      <trkpt lat="34.161160000" lon="-111.597640000">
        <ele>1591</ele>
      </trkpt>
      <trkpt lat="34.161420000" lon="-111.597620000">
        <ele>1591</ele>
      </trkpt>
      <trkpt lat="34.161550000" lon="-111.597400000">
        <ele>1589</ele>
      </trkpt>
      <trkpt lat="34.161720000" lon="-111.597350000">
        <ele>1587</ele>
      </trkpt>
      <trkpt lat="34.161920000" lon="-111.597030000">
        <ele>1588</ele>
      </trkpt>
      <trkpt lat="34.162180000" lon="-111.596980000">
        <ele>1586</ele>
      </trkpt>
      <trkpt lat="34.162250000" lon="-111.596980000">
        <ele>1585</ele>
      </trkpt>
      <trkpt lat="34.162290000" lon="-111.596930000">
        <ele>1586</ele>
      </trkpt>
      <trkpt lat="34.162510000" lon="-111.596830000">
        <ele>1586</ele>
      </trkpt>
      <trkpt lat="34.162590000" lon="-111.596740000">
        <ele>1589</ele>
      </trkpt>
      <trkpt lat="34.162670000" lon="-111.596580000">
        <ele>1592</ele>
      </trkpt>
      <trkpt lat="34.162740000" lon="-111.596550000">
        <ele>1592</ele>
      </trkpt>
      <trkpt lat="34.162800000" lon="-111.596570000">
        <ele>1590</ele>
      </trkpt>
      <trkpt lat="34.162850000" lon="-111.596480000">
        <ele>1591</ele>
      </trkpt>
      <trkpt lat="34.163000000" lon="-111.596420000">
        <ele>1588</ele>
      </trkpt>
      <trkpt lat="34.163080000" lon="-111.596310000">
        <ele>1589</ele>
      </trkpt>
      <trkpt lat="34.163220000" lon="-111.596230000">
        <ele>1588</ele>
      </trkpt>
      <trkpt lat="34.163420000" lon="-111.596180000">
        <ele>1587</ele>
      </trkpt>
      <trkpt lat="34.163520000" lon="-111.596260000">
        <ele>1585</ele>
      </trkpt>
      <trkpt lat="34.163610000" lon="-111.596260000">
        <ele>1584</ele>
      </trkpt>
      <trkpt lat="34.163700000" lon="-111.596300000">
        <ele>1581</ele>
      </trkpt>
      <trkpt lat="34.163760000" lon="-111.596280000">
        <ele>1580</ele>
      </trkpt>
      <trkpt lat="34.163850000" lon="-111.596190000">
        <ele>1579</ele>
      </trkpt>
      <trkpt lat="34.163930000" lon="-111.596180000">
        <ele>1578</ele>
      </trkpt>
      <trkpt lat="34.164090000" lon="-111.596270000">
        <ele>1574</ele>
      </trkpt>
      <trkpt lat="34.164350000" lon="-111.596300000">
        <ele>1571</ele>
      </trkpt>
      <trkpt lat="34.164440000" lon="-111.596390000">
        <ele>1571</ele>
      </trkpt>
      <trkpt lat="34.164460000" lon="-111.596440000">
        <ele>1570</ele>
      </trkpt>
      <trkpt lat="34.164420000" lon="-111.596480000">
        <ele>1568</ele>
      </trkpt>
      <trkpt lat="34.164440000" lon="-111.596500000">
        <ele>1568</ele>
      </trkpt>
      <trkpt lat="34.164420000" lon="-111.596530000">
        <ele>1567</ele>
      </trkpt>
      <trkpt lat="34.164400000" lon="-111.596520000">
        <ele>1567</ele>
      </trkpt>
      <trkpt lat="34.164380000" lon="-111.596490000">
        <ele>1568</ele>
      </trkpt>
      <trkpt lat="34.164420000" lon="-111.596440000">
        <ele>1570</ele>
      </trkpt>
      <trkpt lat="34.164540000" lon="-111.596440000">
        <ele>1570</ele>
      </trkpt>
      <trkpt lat="34.164760000" lon="-111.596650000">
        <ele>1568</ele>
      </trkpt>
      <trkpt lat="34.164850000" lon="-111.596850000">
        <ele>1565</ele>
      </trkpt>
      <trkpt lat="34.164860000" lon="-111.597000000">
        <ele>1562</ele>
      </trkpt>
      <trkpt lat="34.164840000" lon="-111.597030000">
        <ele>1560</ele>
      </trkpt>
      <trkpt lat="34.164880000" lon="-111.597150000">
        <ele>1560</ele>
      </trkpt>
      <trkpt lat="34.164830000" lon="-111.597280000">
        <ele>1556</ele>
      </trkpt>
      <trkpt lat="34.164830000" lon="-111.597470000">
        <ele>1554</ele>
      </trkpt>
      <trkpt lat="34.164810000" lon="-111.597490000">
        <ele>1553</ele>
      </trkpt>
      <trkpt lat="34.164750000" lon="-111.597480000">
        <ele>1550</ele>
      </trkpt>
      <trkpt lat="34.164780000" lon="-111.597530000">
        <ele>1551</ele>
      </trkpt>
      <trkpt lat="34.164780000" lon="-111.597670000">
        <ele>1548</ele>
      </trkpt>
      <trkpt lat="34.164770000" lon="-111.597800000">
        <ele>1545</ele>
      </trkpt>
      <trkpt lat="34.164740000" lon="-111.597910000">
        <ele>1542</ele>
      </trkpt>
      <trkpt lat="34.164770000" lon="-111.598050000">
        <ele>1544</ele>
      </trkpt>
      <trkpt lat="34.164740000" lon="-111.598220000">
        <ele>1544</ele>
      </trkpt>
      <trkpt lat="34.164690000" lon="-111.598370000">
        <ele>1542</ele>
      </trkpt>
      <trkpt lat="34.164720000" lon="-111.598550000">
        <ele>1542</ele>
      </trkpt>
      <trkpt lat="34.164620000" lon="-111.598760000">
        <ele>1536</ele>
      </trkpt>
      <trkpt lat="34.164570000" lon="-111.598770000">
        <ele>1534</ele>
      </trkpt>
      <trkpt lat="34.164560000" lon="-111.598850000">
        <ele>1533</ele>
      </trkpt>
      <trkpt lat="34.164540000" lon="-111.598860000">
        <ele>1532</ele>
      </trkpt>
      <trkpt lat="34.164490000" lon="-111.598840000">
        <ele>1530</ele>
      </trkpt>
      <trkpt lat="34.164460000" lon="-111.598890000">
        <ele>1528</ele>
      </trkpt>
      <trkpt lat="34.164410000" lon="-111.598860000">
        <ele>1526</ele>
      </trkpt>
      <trkpt lat="34.164370000" lon="-111.599100000">
        <ele>1522</ele>
      </trkpt>
      <trkpt lat="34.164380000" lon="-111.599210000">
        <ele>1521</ele>
      </trkpt>
      <trkpt lat="34.164320000" lon="-111.599360000">
        <ele>1515</ele>
      </trkpt>
      <trkpt lat="34.164410000" lon="-111.599520000">
        <ele>1514</ele>
      </trkpt>
      <trkpt lat="34.164410000" lon="-111.599620000">
        <ele>1512</ele>
      </trkpt>
      <trkpt lat="34.164510000" lon="-111.599720000">
        <ele>1512</ele>
      </trkpt>
      <trkpt lat="34.164540000" lon="-111.599870000">
        <ele>1506</ele>
      </trkpt>
      <trkpt lat="34.164520000" lon="-111.599890000">
        <ele>1505</ele>
      </trkpt>
      <trkpt lat="34.164610000" lon="-111.599890000">
        <ele>1506</ele>
      </trkpt>
      <trkpt lat="34.164680000" lon="-111.600060000">
        <ele>1499</ele>
      </trkpt>
      <trkpt lat="34.164670000" lon="-111.600140000">
        <ele>1499</ele>
      </trkpt>
      <trkpt lat="34.164600000" lon="-111.600170000">
        <ele>1497</ele>
      </trkpt>
      <trkpt lat="34.164500000" lon="-111.600270000">
        <ele>1495</ele>
      </trkpt>
      <trkpt lat="34.164450000" lon="-111.600340000">
        <ele>1494</ele>
      </trkpt>
      <trkpt lat="34.164290000" lon="-111.600510000">
        <ele>1491</ele>
      </trkpt>
      <trkpt lat="34.164220000" lon="-111.600520000">
        <ele>1489</ele>
      </trkpt>
      <trkpt lat="34.164230000" lon="-111.600540000">
        <ele>1490</ele>
      </trkpt>
      <trkpt lat="34.164180000" lon="-111.600640000">
        <ele>1490</ele>
      </trkpt>
      <trkpt lat="34.164100000" lon="-111.600670000">
        <ele>1489</ele>
      </trkpt>
      <trkpt lat="34.164000000" lon="-111.600800000">
        <ele>1488</ele>
      </trkpt>
      <trkpt lat="34.164000000" lon="-111.600900000">
        <ele>1489</ele>
      </trkpt>
      <trkpt lat="34.163970000" lon="-111.601000000">
        <ele>1489</ele>
      </trkpt>
      <trkpt lat="34.163950000" lon="-111.601070000">
        <ele>1489</ele>
      </trkpt>
      <trkpt lat="34.163870000" lon="-111.601130000">
        <ele>1488</ele>
      </trkpt>
      <trkpt lat="34.163830000" lon="-111.601420000">
        <ele>1488</ele>
      </trkpt>
      <trkpt lat="34.163690000" lon="-111.601750000">
        <ele>1484</ele>
      </trkpt>
      <trkpt lat="34.163670000" lon="-111.602010000">
        <ele>1481</ele>
      </trkpt>
      <trkpt lat="34.163600000" lon="-111.602360000">
        <ele>1478</ele>
      </trkpt>
      <trkpt lat="34.163520000" lon="-111.602440000">
        <ele>1476</ele>
      </trkpt>
      <trkpt lat="34.163520000" lon="-111.602500000">
        <ele>1476</ele>
      </trkpt>
      <trkpt lat="34.163430000" lon="-111.602610000">
        <ele>1472</ele>
      </trkpt>
      <trkpt lat="34.163370000" lon="-111.602740000">
        <ele>1468</ele>
      </trkpt>
      <trkpt lat="34.163250000" lon="-111.602760000">
        <ele>1466</ele>
      </trkpt>
      <trkpt lat="34.163120000" lon="-111.602710000">
        <ele>1466</ele>
      </trkpt>
      <trkpt lat="34.163010000" lon="-111.602770000">
        <ele>1466</ele>
      </trkpt>
      <trkpt lat="34.162970000" lon="-111.602740000">
        <ele>1467</ele>
      </trkpt>
      <trkpt lat="34.162980000" lon="-111.602710000">
        <ele>1467</ele>
      </trkpt>
      <trkpt lat="34.163050000" lon="-111.602680000">
        <ele>1467</ele>
      </trkpt>
      <trkpt lat="34.163020000" lon="-111.602740000">
        <ele>1466</ele>
      </trkpt>
      <trkpt lat="34.163040000" lon="-111.603030000">
        <ele>1463</ele>
      </trkpt>
      <trkpt lat="34.163110000" lon="-111.603030000">
        <ele>1462</ele>
      </trkpt>
      <trkpt lat="34.163120000" lon="-111.603000000">
        <ele>1463</ele>
      </trkpt>
      <trkpt lat="34.163030000" lon="-111.602710000">
        <ele>1467</ele>
      </trkpt>
      <trkpt lat="34.163090000" lon="-111.603020000">
        <ele>1462</ele>
      </trkpt>
      <trkpt lat="34.163120000" lon="-111.603020000">
        <ele>1462</ele>
      </trkpt>
      <trkpt lat="34.163030000" lon="-111.602710000">
        <ele>1467</ele>
      </trkpt>
      <trkpt lat="34.163060000" lon="-111.602710000">
        <ele>1466</ele>
      </trkpt>
      <trkpt lat="34.163050000" lon="-111.602670000">
        <ele>1467</ele>
      </trkpt>
      <trkpt lat="34.163070000" lon="-111.602690000">
        <ele>1467</ele>
      </trkpt>
      <trkpt lat="34.163000000" lon="-111.602710000">
        <ele>1467</ele>
      </trkpt>
      <trkpt lat="34.162840000" lon="-111.602690000">
        <ele>1470</ele>
      </trkpt>
      <trkpt lat="34.162790000" lon="-111.602670000">
        <ele>1471</ele>
      </trkpt>
      <trkpt lat="34.162760000" lon="-111.602680000">
        <ele>1472</ele>
      </trkpt>
      <trkpt lat="34.162800000" lon="-111.602770000">
        <ele>1470</ele>
      </trkpt>
      <trkpt lat="34.162880000" lon="-111.602810000">
        <ele>1468</ele>
      </trkpt>
      <trkpt lat="34.162930000" lon="-111.603020000">
        <ele>1465</ele>
      </trkpt>
      <trkpt lat="34.162920000" lon="-111.603180000">
        <ele>1463</ele>
      </trkpt>
      <trkpt lat="34.162830000" lon="-111.603280000">
        <ele>1462</ele>
      </trkpt>
      <trkpt lat="34.162790000" lon="-111.603270000">
        <ele>1463</ele>
      </trkpt>
      <trkpt lat="34.162800000" lon="-111.603220000">
        <ele>1464</ele>
      </trkpt>
      <trkpt lat="34.162880000" lon="-111.603140000">
        <ele>1464</ele>
      </trkpt>
      <trkpt lat="34.162990000" lon="-111.603200000">
        <ele>1461</ele>
      </trkpt>
      <trkpt lat="34.163020000" lon="-111.603470000">
        <ele>1459</ele>
      </trkpt>
      <trkpt lat="34.163000000" lon="-111.603530000">
        <ele>1460</ele>
      </trkpt>
      <trkpt lat="34.163010000" lon="-111.603660000">
        <ele>1463</ele>
      </trkpt>
      <trkpt lat="34.162880000" lon="-111.603750000">
        <ele>1460</ele>
      </trkpt>
      <trkpt lat="34.162830000" lon="-111.603730000">
        <ele>1458</ele>
      </trkpt>
      <trkpt lat="34.162770000" lon="-111.603830000">
        <ele>1455</ele>
      </trkpt>
      <trkpt lat="34.162820000" lon="-111.603840000">
        <ele>1456</ele>
      </trkpt>
      <trkpt lat="34.162920000" lon="-111.603960000">
        <ele>1464</ele>
      </trkpt>
      <trkpt lat="34.162920000" lon="-111.604330000">
        <ele>1467</ele>
      </trkpt>
      <trkpt lat="34.162890000" lon="-111.604500000">
        <ele>1470</ele>
      </trkpt>
      <trkpt lat="34.162850000" lon="-111.604610000">
        <ele>1471</ele>
      </trkpt>
      <trkpt lat="34.162860000" lon="-111.604700000">
        <ele>1475</ele>
      </trkpt>
      <trkpt lat="34.162790000" lon="-111.604820000">
        <ele>1478</ele>
      </trkpt>
      <trkpt lat="34.162690000" lon="-111.605200000">
        <ele>1488</ele>
      </trkpt>
      <trkpt lat="34.162590000" lon="-111.605360000">
        <ele>1486</ele>
      </trkpt>
      <trkpt lat="34.162500000" lon="-111.605630000">
        <ele>1488</ele>
      </trkpt>
      <trkpt lat="34.162440000" lon="-111.605710000">
        <ele>1486</ele>
      </trkpt>
      <trkpt lat="34.162410000" lon="-111.605800000">
        <ele>1487</ele>
      </trkpt>
      <trkpt lat="34.162320000" lon="-111.605880000">
        <ele>1484</ele>
      </trkpt>
      <trkpt lat="34.162180000" lon="-111.606150000">
        <ele>1484</ele>
      </trkpt>
      <trkpt lat="34.162070000" lon="-111.606290000">
        <ele>1481</ele>
      </trkpt>
      <trkpt lat="34.162020000" lon="-111.606490000">
        <ele>1482</ele>
      </trkpt>
      <trkpt lat="34.162050000" lon="-111.606630000">
        <ele>1485</ele>
      </trkpt>
      <trkpt lat="34.161910000" lon="-111.606880000">
        <ele>1484</ele>
      </trkpt>
      <trkpt lat="34.161850000" lon="-111.607140000">
        <ele>1486</ele>
      </trkpt>
      <trkpt lat="34.161730000" lon="-111.607430000">
        <ele>1486</ele>
      </trkpt>
      <trkpt lat="34.161760000" lon="-111.607520000">
        <ele>1487</ele>
      </trkpt>
      <trkpt lat="34.161750000" lon="-111.607750000">
        <ele>1488</ele>
      </trkpt>
      <trkpt lat="34.161720000" lon="-111.607800000">
        <ele>1488</ele>
      </trkpt>
      <trkpt lat="34.161570000" lon="-111.607790000">
        <ele>1485</ele>
      </trkpt>
      <trkpt lat="34.161510000" lon="-111.607830000">
        <ele>1485</ele>
      </trkpt>
      <trkpt lat="34.161470000" lon="-111.607910000">
        <ele>1484</ele>
      </trkpt>
      <trkpt lat="34.161450000" lon="-111.608090000">
        <ele>1484</ele>
      </trkpt>
      <trkpt lat="34.161330000" lon="-111.608150000">
        <ele>1482</ele>
      </trkpt>
      <trkpt lat="34.161390000" lon="-111.608450000">
        <ele>1483</ele>
      </trkpt>
      <trkpt lat="34.161320000" lon="-111.608650000">
        <ele>1481</ele>
      </trkpt>
      <trkpt lat="34.161220000" lon="-111.608690000">
        <ele>1480</ele>
      </trkpt>
      <trkpt lat="34.161180000" lon="-111.608670000">
        <ele>1479</ele>
      </trkpt>
      <trkpt lat="34.161130000" lon="-111.608690000">
        <ele>1478</ele>
      </trkpt>
      <trkpt lat="34.161070000" lon="-111.608800000">
        <ele>1477</ele>
      </trkpt>
      <trkpt lat="34.161040000" lon="-111.608810000">
        <ele>1476</ele>
      </trkpt>
      <trkpt lat="34.161030000" lon="-111.608780000">
        <ele>1476</ele>
      </trkpt>
      <trkpt lat="34.160970000" lon="-111.608770000">
        <ele>1475</ele>
      </trkpt>
      <trkpt lat="34.160860000" lon="-111.608820000">
        <ele>1472</ele>
      </trkpt>
      <trkpt lat="34.160720000" lon="-111.608830000">
        <ele>1469</ele>
      </trkpt>
      <trkpt lat="34.160620000" lon="-111.608940000">
        <ele>1468</ele>
      </trkpt>
      <trkpt lat="34.160490000" lon="-111.608970000">
        <ele>1466</ele>
      </trkpt>
      <trkpt lat="34.160430000" lon="-111.609040000">
        <ele>1465</ele>
      </trkpt>
      <trkpt lat="34.160350000" lon="-111.609510000">
        <ele>1459</ele>
      </trkpt>
      <trkpt lat="34.160240000" lon="-111.609610000">
        <ele>1455</ele>
      </trkpt>
      <trkpt lat="34.160260000" lon="-111.609840000">
        <ele>1450</ele>
      </trkpt>
      <trkpt lat="34.160200000" lon="-111.609990000">
        <ele>1445</ele>
      </trkpt>
      <trkpt lat="34.160090000" lon="-111.610070000">
        <ele>1442</ele>
      </trkpt>
      <trkpt lat="34.160030000" lon="-111.610240000">
        <ele>1436</ele>
      </trkpt>
      <trkpt lat="34.159930000" lon="-111.610310000">
        <ele>1433</ele>
      </trkpt>
      <trkpt lat="34.159910000" lon="-111.610340000">
        <ele>1432</ele>
      </trkpt>
      <trkpt lat="34.159920000" lon="-111.610450000">
        <ele>1427</ele>
      </trkpt>
      <trkpt lat="34.159760000" lon="-111.610550000">
        <ele>1425</ele>
      </trkpt>
      <trkpt lat="34.159770000" lon="-111.610700000">
        <ele>1422</ele>
      </trkpt>
      <trkpt lat="34.159600000" lon="-111.610890000">
        <ele>1416</ele>
      </trkpt>
      <trkpt lat="34.159540000" lon="-111.611010000">
        <ele>1414</ele>
      </trkpt>
      <trkpt lat="34.159460000" lon="-111.611040000">
        <ele>1414</ele>
      </trkpt>
      <trkpt lat="34.159410000" lon="-111.611190000">
        <ele>1414</ele>
      </trkpt>
      <trkpt lat="34.159330000" lon="-111.611270000">
        <ele>1413</ele>
      </trkpt>
      <trkpt lat="34.159230000" lon="-111.611330000">
        <ele>1414</ele>
      </trkpt>
      <trkpt lat="34.159160000" lon="-111.611610000">
        <ele>1405</ele>
      </trkpt>
      <trkpt lat="34.159060000" lon="-111.611820000">
        <ele>1401</ele>
      </trkpt>
      <trkpt lat="34.158880000" lon="-111.611930000">
        <ele>1400</ele>
      </trkpt>
      <trkpt lat="34.158790000" lon="-111.612100000">
        <ele>1401</ele>
      </trkpt>
      <trkpt lat="34.158720000" lon="-111.612080000">
        <ele>1399</ele>
      </trkpt>
      <trkpt lat="34.158640000" lon="-111.612110000">
        <ele>1398</ele>
      </trkpt>
      <trkpt lat="34.158640000" lon="-111.612140000">
        <ele>1398</ele>
      </trkpt>
      <trkpt lat="34.158610000" lon="-111.612160000">
        <ele>1397</ele>
      </trkpt>
      <trkpt lat="34.158390000" lon="-111.612250000">
        <ele>1392</ele>
      </trkpt>
      <trkpt lat="34.158390000" lon="-111.612290000">
        <ele>1392</ele>
      </trkpt>
      <trkpt lat="34.158310000" lon="-111.612360000">
        <ele>1391</ele>
      </trkpt>
      <trkpt lat="34.158310000" lon="-111.612500000">
        <ele>1391</ele>
      </trkpt>
      <trkpt lat="34.158230000" lon="-111.612790000">
        <ele>1391</ele>
      </trkpt>
      <trkpt lat="34.158160000" lon="-111.612860000">
        <ele>1391</ele>
      </trkpt>
      <trkpt lat="34.158150000" lon="-111.612950000">
        <ele>1392</ele>
      </trkpt>
      <trkpt lat="34.157900000" lon="-111.613410000">
        <ele>1390</ele>
      </trkpt>
      <trkpt lat="34.157930000" lon="-111.613480000">
        <ele>1390</ele>
      </trkpt>
      <trkpt lat="34.157880000" lon="-111.613570000">
        <ele>1390</ele>
      </trkpt>
      <trkpt lat="34.157870000" lon="-111.613650000">
        <ele>1390</ele>
      </trkpt>
      <trkpt lat="34.157800000" lon="-111.613750000">
        <ele>1390</ele>
      </trkpt>
      <trkpt lat="34.157820000" lon="-111.613840000">
        <ele>1390</ele>
      </trkpt>
      <trkpt lat="34.157760000" lon="-111.614050000">
        <ele>1390</ele>
      </trkpt>
      <trkpt lat="34.157770000" lon="-111.614170000">
        <ele>1389</ele>
      </trkpt>
      <trkpt lat="34.157720000" lon="-111.614220000">
        <ele>1389</ele>
      </trkpt>
      <trkpt lat="34.157690000" lon="-111.614330000">
        <ele>1388</ele>
      </trkpt>
      <trkpt lat="34.157710000" lon="-111.614490000">
        <ele>1387</ele>
      </trkpt>
      <trkpt lat="34.157690000" lon="-111.614630000">
        <ele>1386</ele>
      </trkpt>
      <trkpt lat="34.157630000" lon="-111.614680000">
        <ele>1385</ele>
      </trkpt>
      <trkpt lat="34.157640000" lon="-111.614810000">
        <ele>1384</ele>
      </trkpt>
      <trkpt lat="34.157650000" lon="-111.614780000">
        <ele>1385</ele>
      </trkpt>
      <trkpt lat="34.157680000" lon="-111.614780000">
        <ele>1385</ele>
      </trkpt>
      <trkpt lat="34.157750000" lon="-111.614870000">
        <ele>1384</ele>
      </trkpt>
      <trkpt lat="34.157750000" lon="-111.614980000">
        <ele>1383</ele>
      </trkpt>
      <trkpt lat="34.157930000" lon="-111.615450000">
        <ele>1378</ele>
      </trkpt>
      <trkpt lat="34.157880000" lon="-111.615730000">
        <ele>1378</ele>
      </trkpt>
      <trkpt lat="34.157890000" lon="-111.615790000">
        <ele>1378</ele>
      </trkpt>
      <trkpt lat="34.157880000" lon="-111.615820000">
        <ele>1378</ele>
      </trkpt>
      <trkpt lat="34.157860000" lon="-111.615800000">
        <ele>1378</ele>
      </trkpt>
      <trkpt lat="34.157880000" lon="-111.615790000">
        <ele>1378</ele>
      </trkpt>
      <trkpt lat="34.157900000" lon="-111.615810000">
        <ele>1378</ele>
      </trkpt>
      <trkpt lat="34.157920000" lon="-111.615890000">
        <ele>1378</ele>
      </trkpt>
      <trkpt lat="34.157870000" lon="-111.616010000">
        <ele>1378</ele>
      </trkpt>
      <trkpt lat="34.157880000" lon="-111.616130000">
        <ele>1378</ele>
      </trkpt>
      <trkpt lat="34.157830000" lon="-111.616160000">
        <ele>1378</ele>
      </trkpt>
      <trkpt lat="34.157770000" lon="-111.616150000">
        <ele>1378</ele>
      </trkpt>
      <trkpt lat="34.157750000" lon="-111.616320000">
        <ele>1378</ele>
      </trkpt>
      <trkpt lat="34.157660000" lon="-111.616370000">
        <ele>1380</ele>
      </trkpt>
      <trkpt lat="34.157550000" lon="-111.616490000">
        <ele>1383</ele>
      </trkpt>
      <trkpt lat="34.157560000" lon="-111.616530000">
        <ele>1382</ele>
      </trkpt>
      <trkpt lat="34.157580000" lon="-111.616540000">
        <ele>1381</ele>
      </trkpt>
      <trkpt lat="34.157590000" lon="-111.616750000">
        <ele>1379</ele>
      </trkpt>
      <trkpt lat="34.157530000" lon="-111.617030000">
        <ele>1379</ele>
      </trkpt>
      <trkpt lat="34.157490000" lon="-111.617110000">
        <ele>1379</ele>
      </trkpt>
      <trkpt lat="34.157490000" lon="-111.617170000">
        <ele>1379</ele>
      </trkpt>
      <trkpt lat="34.157420000" lon="-111.617340000">
        <ele>1379</ele>
      </trkpt>
      <trkpt lat="34.157340000" lon="-111.617430000">
        <ele>1379</ele>
      </trkpt>
      <trkpt lat="34.157280000" lon="-111.617610000">
        <ele>1378</ele>
      </trkpt>
      <trkpt lat="34.157210000" lon="-111.617660000">
        <ele>1379</ele>
      </trkpt>
      <trkpt lat="34.157210000" lon="-111.617790000">
        <ele>1378</ele>
      </trkpt>
      <trkpt lat="34.157160000" lon="-111.617830000">
        <ele>1378</ele>
      </trkpt>
      <trkpt lat="34.157140000" lon="-111.617890000">
        <ele>1377</ele>
      </trkpt>
      <trkpt lat="34.157060000" lon="-111.617910000">
        <ele>1377</ele>
      </trkpt>
      <trkpt lat="34.156930000" lon="-111.618100000">
        <ele>1374</ele>
      </trkpt>
      <trkpt lat="34.156900000" lon="-111.618310000">
        <ele>1372</ele>
      </trkpt>
      <trkpt lat="34.156880000" lon="-111.618310000">
        <ele>1372</ele>
      </trkpt>
      <trkpt lat="34.156840000" lon="-111.618400000">
        <ele>1372</ele>
      </trkpt>
      <trkpt lat="34.156760000" lon="-111.618490000">
        <ele>1372</ele>
      </trkpt>
      <trkpt lat="34.156750000" lon="-111.618560000">
        <ele>1371</ele>
      </trkpt>
      <trkpt lat="34.156650000" lon="-111.618800000">
        <ele>1367</ele>
      </trkpt>
      <trkpt lat="34.156580000" lon="-111.618850000">
        <ele>1367</ele>
      </trkpt>
      <trkpt lat="34.156570000" lon="-111.618950000">
        <ele>1367</ele>
      </trkpt>
      <trkpt lat="34.156500000" lon="-111.619000000">
        <ele>1369</ele>
      </trkpt>
      <trkpt lat="34.156550000" lon="-111.619050000">
        <ele>1367</ele>
      </trkpt>
      <trkpt lat="34.156590000" lon="-111.619180000">
        <ele>1366</ele>
      </trkpt>
      <trkpt lat="34.156570000" lon="-111.619230000">
        <ele>1366</ele>
      </trkpt>
      <trkpt lat="34.156520000" lon="-111.619270000">
        <ele>1367</ele>
      </trkpt>
      <trkpt lat="34.156530000" lon="-111.619300000">
        <ele>1367</ele>
      </trkpt>
      <trkpt lat="34.156480000" lon="-111.619390000">
        <ele>1369</ele>
      </trkpt>
      <trkpt lat="34.156470000" lon="-111.619560000">
        <ele>1365</ele>
      </trkpt>
      <trkpt lat="34.156430000" lon="-111.619650000">
        <ele>1365</ele>
      </trkpt>
      <trkpt lat="34.156460000" lon="-111.619770000">
        <ele>1365</ele>
      </trkpt>
      <trkpt lat="34.156390000" lon="-111.619970000">
        <ele>1367</ele>
      </trkpt>
      <trkpt lat="34.156430000" lon="-111.620130000">
        <ele>1366</ele>
      </trkpt>
      <trkpt lat="34.156410000" lon="-111.620200000">
        <ele>1367</ele>
      </trkpt>
      <trkpt lat="34.156350000" lon="-111.620220000">
        <ele>1369</ele>
      </trkpt>
      <trkpt lat="34.156340000" lon="-111.620190000">
        <ele>1369</ele>
      </trkpt>
      <trkpt lat="34.156320000" lon="-111.620210000">
        <ele>1370</ele>
      </trkpt>
      <trkpt lat="34.156330000" lon="-111.620430000">
        <ele>1369</ele>
      </trkpt>
      <trkpt lat="34.156260000" lon="-111.620540000">
        <ele>1370</ele>
      </trkpt>
      <trkpt lat="34.156240000" lon="-111.620710000">
        <ele>1369</ele>
      </trkpt>
      <trkpt lat="34.156280000" lon="-111.620780000">
        <ele>1368</ele>
      </trkpt>
      <trkpt lat="34.156290000" lon="-111.620870000">
        <ele>1367</ele>
      </trkpt>
      <trkpt lat="34.156270000" lon="-111.620960000">
        <ele>1366</ele>
      </trkpt>
      <trkpt lat="34.156290000" lon="-111.620970000">
        <ele>1366</ele>
      </trkpt>
      <trkpt lat="34.156250000" lon="-111.621020000">
        <ele>1366</ele>
      </trkpt>
      <trkpt lat="34.156240000" lon="-111.621110000">
        <ele>1366</ele>
      </trkpt>
      <trkpt lat="34.156280000" lon="-111.621220000">
        <ele>1365</ele>
      </trkpt>
      <trkpt lat="34.156260000" lon="-111.621310000">
        <ele>1365</ele>
      </trkpt>
      <trkpt lat="34.156200000" lon="-111.621360000">
        <ele>1365</ele>
      </trkpt>
      <trkpt lat="34.156200000" lon="-111.621440000">
        <ele>1365</ele>
      </trkpt>
      <trkpt lat="34.156070000" lon="-111.621610000">
        <ele>1368</ele>
      </trkpt>
      <trkpt lat="34.155930000" lon="-111.621700000">
        <ele>1371</ele>
      </trkpt>
      <trkpt lat="34.155590000" lon="-111.621710000">
        <ele>1373</ele>
      </trkpt>
      <trkpt lat="34.155500000" lon="-111.621750000">
        <ele>1374</ele>
      </trkpt>
      <trkpt lat="34.155410000" lon="-111.621620000">
        <ele>1375</ele>
      </trkpt>
      <trkpt lat="34.155380000" lon="-111.621620000">
        <ele>1375</ele>
      </trkpt>
      <trkpt lat="34.155340000" lon="-111.621660000">
        <ele>1377</ele>
      </trkpt>
      <trkpt lat="34.155310000" lon="-111.621650000">
        <ele>1377</ele>
      </trkpt>
      <trkpt lat="34.155280000" lon="-111.621700000">
        <ele>1378</ele>
      </trkpt>
      <trkpt lat="34.155160000" lon="-111.621750000">
        <ele>1381</ele>
      </trkpt>
      <trkpt lat="34.155030000" lon="-111.621730000">
        <ele>1385</ele>
      </trkpt>
      <trkpt lat="34.154950000" lon="-111.621840000">
        <ele>1388</ele>
      </trkpt>
      <trkpt lat="34.154870000" lon="-111.621860000">
        <ele>1391</ele>
      </trkpt>
      <trkpt lat="34.154840000" lon="-111.621910000">
        <ele>1391</ele>
      </trkpt>
      <trkpt lat="34.154850000" lon="-111.621950000">
        <ele>1391</ele>
      </trkpt>
      <trkpt lat="34.154760000" lon="-111.622020000">
        <ele>1394</ele>
      </trkpt>
      <trkpt lat="34.154790000" lon="-111.622040000">
        <ele>1393</ele>
      </trkpt>
      <trkpt lat="34.154800000" lon="-111.622110000">
        <ele>1393</ele>
      </trkpt>
      <trkpt lat="34.154730000" lon="-111.622140000">
        <ele>1394</ele>
      </trkpt>
      <trkpt lat="34.154690000" lon="-111.622280000">
        <ele>1396</ele>
      </trkpt>
      <trkpt lat="34.154610000" lon="-111.622390000">
        <ele>1397</ele>
      </trkpt>
      <trkpt lat="34.154540000" lon="-111.622460000">
        <ele>1399</ele>
      </trkpt>
      <trkpt lat="34.154410000" lon="-111.622480000">
        <ele>1403</ele>
      </trkpt>
      <trkpt lat="34.154400000" lon="-111.622520000">
        <ele>1403</ele>
      </trkpt>
      <trkpt lat="34.154350000" lon="-111.622540000">
        <ele>1404</ele>
      </trkpt>
      <trkpt lat="34.154280000" lon="-111.622620000">
        <ele>1406</ele>
      </trkpt>
      <trkpt lat="34.154260000" lon="-111.622680000">
        <ele>1407</ele>
      </trkpt>
      <trkpt lat="34.154220000" lon="-111.622730000">
        <ele>1408</ele>
      </trkpt>
      <trkpt lat="34.154020000" lon="-111.622810000">
        <ele>1411</ele>
      </trkpt>
      <trkpt lat="34.153910000" lon="-111.623060000">
        <ele>1412</ele>
      </trkpt>
      <trkpt lat="34.153920000" lon="-111.623320000">
        <ele>1413</ele>
      </trkpt>
      <trkpt lat="34.153890000" lon="-111.623470000">
        <ele>1414</ele>
      </trkpt>
      <trkpt lat="34.153840000" lon="-111.623510000">
        <ele>1414</ele>
      </trkpt>
      <trkpt lat="34.153640000" lon="-111.623810000">
        <ele>1416</ele>
      </trkpt>
      <trkpt lat="34.153550000" lon="-111.623890000">
        <ele>1416</ele>
      </trkpt>
      <trkpt lat="34.153530000" lon="-111.623980000">
        <ele>1416</ele>
      </trkpt>
      <trkpt lat="34.153360000" lon="-111.624160000">
        <ele>1414</ele>
      </trkpt>
      <trkpt lat="34.153320000" lon="-111.624360000">
        <ele>1413</ele>
      </trkpt>
      <trkpt lat="34.153250000" lon="-111.624460000">
        <ele>1411</ele>
      </trkpt>
      <trkpt lat="34.153230000" lon="-111.624560000">
        <ele>1410</ele>
      </trkpt>
      <trkpt lat="34.153150000" lon="-111.624640000">
        <ele>1409</ele>
      </trkpt>
      <trkpt lat="34.153170000" lon="-111.624670000">
        <ele>1409</ele>
      </trkpt>
      <trkpt lat="34.153140000" lon="-111.624640000">
        <ele>1409</ele>
      </trkpt>
      <trkpt lat="34.153090000" lon="-111.624650000">
        <ele>1409</ele>
      </trkpt>
      <trkpt lat="34.153060000" lon="-111.624590000">
        <ele>1409</ele>
      </trkpt>
      <trkpt lat="34.153010000" lon="-111.624560000">
        <ele>1410</ele>
      </trkpt>
      <trkpt lat="34.152770000" lon="-111.624700000">
        <ele>1410</ele>
      </trkpt>
      <trkpt lat="34.152670000" lon="-111.624790000">
        <ele>1410</ele>
      </trkpt>
      <trkpt lat="34.152540000" lon="-111.624860000">
        <ele>1412</ele>
      </trkpt>
      <trkpt lat="34.152370000" lon="-111.625090000">
        <ele>1410</ele>
      </trkpt>
      <trkpt lat="34.152280000" lon="-111.625330000">
        <ele>1408</ele>
      </trkpt>
      <trkpt lat="34.152200000" lon="-111.625440000">
        <ele>1407</ele>
      </trkpt>
      <trkpt lat="34.152090000" lon="-111.625540000">
        <ele>1408</ele>
      </trkpt>
      <trkpt lat="34.151850000" lon="-111.625670000">
        <ele>1410</ele>
      </trkpt>
      <trkpt lat="34.151710000" lon="-111.625880000">
        <ele>1409</ele>
      </trkpt>
      <trkpt lat="34.151550000" lon="-111.625990000">
        <ele>1411</ele>
      </trkpt>
      <trkpt lat="34.151440000" lon="-111.626030000">
        <ele>1413</ele>
      </trkpt>
      <trkpt lat="34.151260000" lon="-111.626240000">
        <ele>1413</ele>
      </trkpt>
      <trkpt lat="34.150990000" lon="-111.626380000">
        <ele>1414</ele>
      </trkpt>
      <trkpt lat="34.150970000" lon="-111.626450000">
        <ele>1413</ele>
      </trkpt>
      <trkpt lat="34.150910000" lon="-111.626530000">
        <ele>1413</ele>
      </trkpt>
      <trkpt lat="34.150840000" lon="-111.626530000">
        <ele>1413</ele>
      </trkpt>
      <trkpt lat="34.150760000" lon="-111.626490000">
        <ele>1414</ele>
      </trkpt>
      <trkpt lat="34.150630000" lon="-111.626460000">
        <ele>1415</ele>
      </trkpt>
      <trkpt lat="34.150520000" lon="-111.626490000">
        <ele>1415</ele>
      </trkpt>
      <trkpt lat="34.150410000" lon="-111.626480000">
        <ele>1416</ele>
      </trkpt>
      <trkpt lat="34.150080000" lon="-111.626540000">
        <ele>1414</ele>
      </trkpt>
      <trkpt lat="34.150000000" lon="-111.626470000">
        <ele>1415</ele>
      </trkpt>
      <trkpt lat="34.149700000" lon="-111.626330000">
        <ele>1418</ele>
      </trkpt>
      <trkpt lat="34.149530000" lon="-111.626330000">
        <ele>1418</ele>
      </trkpt>
      <trkpt lat="34.149490000" lon="-111.626380000">
        <ele>1416</ele>
      </trkpt>
      <trkpt lat="34.149460000" lon="-111.626370000">
        <ele>1417</ele>
      </trkpt>
      <trkpt lat="34.149300000" lon="-111.626160000">
        <ele>1423</ele>
      </trkpt>
      <trkpt lat="34.149130000" lon="-111.626050000">
        <ele>1427</ele>
      </trkpt>
      <trkpt lat="34.149090000" lon="-111.625970000">
        <ele>1429</ele>
      </trkpt>
      <trkpt lat="34.149020000" lon="-111.625920000">
        <ele>1431</ele>
      </trkpt>
      <trkpt lat="34.148930000" lon="-111.625930000">
        <ele>1432</ele>
      </trkpt>
      <trkpt lat="34.148850000" lon="-111.625880000">
        <ele>1434</ele>
      </trkpt>
      <trkpt lat="34.148810000" lon="-111.625820000">
        <ele>1437</ele>
      </trkpt>
      <trkpt lat="34.148700000" lon="-111.625820000">
        <ele>1439</ele>
      </trkpt>
      <trkpt lat="34.148680000" lon="-111.625760000">
        <ele>1440</ele>
      </trkpt>
      <trkpt lat="34.148590000" lon="-111.625760000">
        <ele>1442</ele>
      </trkpt>
      <trkpt lat="34.148520000" lon="-111.625700000">
        <ele>1444</ele>
      </trkpt>
      <trkpt lat="34.148430000" lon="-111.625690000">
        <ele>1445</ele>
      </trkpt>
      <trkpt lat="34.148370000" lon="-111.625640000">
        <ele>1447</ele>
      </trkpt>
      <trkpt lat="34.148330000" lon="-111.625660000">
        <ele>1448</ele>
      </trkpt>
      <trkpt lat="34.148280000" lon="-111.625610000">
        <ele>1449</ele>
      </trkpt>
      <trkpt lat="34.148210000" lon="-111.625580000">
        <ele>1451</ele>
      </trkpt>
      <trkpt lat="34.148200000" lon="-111.625550000">
        <ele>1452</ele>
      </trkpt>
      <trkpt lat="34.148120000" lon="-111.625540000">
        <ele>1453</ele>
      </trkpt>
      <trkpt lat="34.148070000" lon="-111.625500000">
        <ele>1454</ele>
      </trkpt>
      <trkpt lat="34.148040000" lon="-111.625480000">
        <ele>1455</ele>
      </trkpt>
      <trkpt lat="34.148040000" lon="-111.625410000">
        <ele>1457</ele>
      </trkpt>
      <trkpt lat="34.147990000" lon="-111.625370000">
        <ele>1459</ele>
      </trkpt>
      <trkpt lat="34.147880000" lon="-111.625340000">
        <ele>1461</ele>
      </trkpt>
      <trkpt lat="34.147750000" lon="-111.625320000">
        <ele>1463</ele>
      </trkpt>
      <trkpt lat="34.147620000" lon="-111.625230000">
        <ele>1466</ele>
      </trkpt>
      <trkpt lat="34.147580000" lon="-111.625250000">
        <ele>1466</ele>
      </trkpt>
      <trkpt lat="34.147470000" lon="-111.625210000">
        <ele>1467</ele>
      </trkpt>
      <trkpt lat="34.147410000" lon="-111.625250000">
        <ele>1467</ele>
      </trkpt>
      <trkpt lat="34.147300000" lon="-111.625220000">
        <ele>1468</ele>
      </trkpt>
      <trkpt lat="34.147140000" lon="-111.625130000">
        <ele>1469</ele>
      </trkpt>
      <trkpt lat="34.147060000" lon="-111.625110000">
        <ele>1469</ele>
      </trkpt>
      <trkpt lat="34.147000000" lon="-111.625030000">
        <ele>1469</ele>
      </trkpt>
      <trkpt lat="34.146990000" lon="-111.624990000">
        <ele>1469</ele>
      </trkpt>
      <trkpt lat="34.146920000" lon="-111.624980000">
        <ele>1469</ele>
      </trkpt>
      <trkpt lat="34.146870000" lon="-111.624910000">
        <ele>1468</ele>
      </trkpt>
      <trkpt lat="34.146770000" lon="-111.624860000">
        <ele>1467</ele>
      </trkpt>
      <trkpt lat="34.146700000" lon="-111.624800000">
        <ele>1466</ele>
      </trkpt>
      <trkpt lat="34.146650000" lon="-111.624790000">
        <ele>1466</ele>
      </trkpt>
      <trkpt lat="34.146600000" lon="-111.624720000">
        <ele>1464</ele>
      </trkpt>
      <trkpt lat="34.146450000" lon="-111.624650000">
        <ele>1462</ele>
      </trkpt>
      <trkpt lat="34.146350000" lon="-111.624560000">
        <ele>1459</ele>
      </trkpt>
      <trkpt lat="34.145940000" lon="-111.624700000">
        <ele>1452</ele>
      </trkpt>
      <trkpt lat="34.145760000" lon="-111.624680000">
        <ele>1449</ele>
      </trkpt>
      <trkpt lat="34.145600000" lon="-111.624710000">
        <ele>1446</ele>
      </trkpt>
      <trkpt lat="34.145550000" lon="-111.624700000">
        <ele>1445</ele>
      </trkpt>
      <trkpt lat="34.145410000" lon="-111.624740000">
        <ele>1444</ele>
      </trkpt>
      <trkpt lat="34.145190000" lon="-111.624730000">
        <ele>1441</ele>
      </trkpt>
      <trkpt lat="34.144990000" lon="-111.624680000">
        <ele>1438</ele>
      </trkpt>
      <trkpt lat="34.144940000" lon="-111.624690000">
        <ele>1437</ele>
      </trkpt>
      <trkpt lat="34.144840000" lon="-111.624630000">
        <ele>1435</ele>
      </trkpt>
      <trkpt lat="34.144510000" lon="-111.624700000">
        <ele>1430</ele>
      </trkpt>
      <trkpt lat="34.144430000" lon="-111.624740000">
        <ele>1429</ele>
      </trkpt>
      <trkpt lat="34.144350000" lon="-111.624710000">
        <ele>1428</ele>
      </trkpt>
      <trkpt lat="34.144250000" lon="-111.624770000">
        <ele>1427</ele>
      </trkpt>
      <trkpt lat="34.144140000" lon="-111.624720000">
        <ele>1428</ele>
      </trkpt>
      <trkpt lat="34.144060000" lon="-111.624740000">
        <ele>1428</ele>
      </trkpt>
      <trkpt lat="34.143640000" lon="-111.624720000">
        <ele>1432</ele>
      </trkpt>
      <trkpt lat="34.143560000" lon="-111.624750000">
        <ele>1432</ele>
      </trkpt>
      <trkpt lat="34.143490000" lon="-111.624830000">
        <ele>1431</ele>
      </trkpt>
      <trkpt lat="34.143430000" lon="-111.624850000">
        <ele>1431</ele>
      </trkpt>
      <trkpt lat="34.143370000" lon="-111.624910000">
        <ele>1430</ele>
      </trkpt>
      <trkpt lat="34.143240000" lon="-111.624960000">
        <ele>1430</ele>
      </trkpt>
      <trkpt lat="34.143130000" lon="-111.624970000">
        <ele>1431</ele>
      </trkpt>
      <trkpt lat="34.142980000" lon="-111.624940000">
        <ele>1434</ele>
      </trkpt>
      <trkpt lat="34.142900000" lon="-111.625040000">
        <ele>1433</ele>
      </trkpt>
      <trkpt lat="34.142870000" lon="-111.625050000">
        <ele>1434</ele>
      </trkpt>
      <trkpt lat="34.142800000" lon="-111.625110000">
        <ele>1434</ele>
      </trkpt>
      <trkpt lat="34.142730000" lon="-111.625110000">
        <ele>1435</ele>
      </trkpt>
      <trkpt lat="34.142610000" lon="-111.625180000">
        <ele>1435</ele>
      </trkpt>
      <trkpt lat="34.142560000" lon="-111.625190000">
        <ele>1436</ele>
      </trkpt>
      <trkpt lat="34.142520000" lon="-111.625160000">
        <ele>1437</ele>
      </trkpt>
      <trkpt lat="34.142490000" lon="-111.625180000">
        <ele>1437</ele>
      </trkpt>
      <trkpt lat="34.142400000" lon="-111.625310000">
        <ele>1438</ele>
      </trkpt>
      <trkpt lat="34.142330000" lon="-111.625350000">
        <ele>1438</ele>
      </trkpt>
      <trkpt lat="34.142130000" lon="-111.625570000">
        <ele>1436</ele>
      </trkpt>
      <trkpt lat="34.142050000" lon="-111.625610000">
        <ele>1436</ele>
      </trkpt>
      <trkpt lat="34.141990000" lon="-111.625700000">
        <ele>1435</ele>
      </trkpt>
      <trkpt lat="34.141860000" lon="-111.625740000">
        <ele>1435</ele>
      </trkpt>
      <trkpt lat="34.141780000" lon="-111.625940000">
        <ele>1432</ele>
      </trkpt>
      <trkpt lat="34.141700000" lon="-111.625930000">
        <ele>1433</ele>
      </trkpt>
      <trkpt lat="34.141530000" lon="-111.626040000">
        <ele>1432</ele>
      </trkpt>
      <trkpt lat="34.141460000" lon="-111.626160000">
        <ele>1430</ele>
      </trkpt>
      <trkpt lat="34.141430000" lon="-111.626320000">
        <ele>1428</ele>
      </trkpt>
      <trkpt lat="34.141140000" lon="-111.626640000">
        <ele>1432</ele>
      </trkpt>
      <trkpt lat="34.141100000" lon="-111.626720000">
        <ele>1431</ele>
      </trkpt>
      <trkpt lat="34.140920000" lon="-111.626830000">
        <ele>1432</ele>
      </trkpt>
      <trkpt lat="34.140820000" lon="-111.626940000">
        <ele>1431</ele>
      </trkpt>
      <trkpt lat="34.140620000" lon="-111.627100000">
        <ele>1428</ele>
      </trkpt>
      <trkpt lat="34.140540000" lon="-111.627120000">
        <ele>1429</ele>
      </trkpt>
      <trkpt lat="34.140470000" lon="-111.627180000">
        <ele>1427</ele>
      </trkpt>
      <trkpt lat="34.140400000" lon="-111.627290000">
        <ele>1426</ele>
      </trkpt>
      <trkpt lat="34.140330000" lon="-111.627340000">
        <ele>1425</ele>
      </trkpt>
      <trkpt lat="34.140130000" lon="-111.627350000">
        <ele>1424</ele>
      </trkpt>
      <trkpt lat="34.140010000" lon="-111.627380000">
        <ele>1421</ele>
      </trkpt>
      <trkpt lat="34.139830000" lon="-111.627360000">
        <ele>1419</ele>
      </trkpt>
      <trkpt lat="34.139670000" lon="-111.627320000">
        <ele>1417</ele>
      </trkpt>
      <trkpt lat="34.139550000" lon="-111.627340000">
        <ele>1413</ele>
      </trkpt>
      <trkpt lat="34.139490000" lon="-111.627290000">
        <ele>1413</ele>
      </trkpt>
      <trkpt lat="34.139220000" lon="-111.627180000">
        <ele>1411</ele>
      </trkpt>
      <trkpt lat="34.139170000" lon="-111.627210000">
        <ele>1410</ele>
      </trkpt>
      <trkpt lat="34.139000000" lon="-111.627240000">
        <ele>1407</ele>
      </trkpt>
      <trkpt lat="34.138970000" lon="-111.627230000">
        <ele>1407</ele>
      </trkpt>
      <trkpt lat="34.138950000" lon="-111.627200000">
        <ele>1407</ele>
      </trkpt>
      <trkpt lat="34.138890000" lon="-111.627200000">
        <ele>1407</ele>
      </trkpt>
      <trkpt lat="34.138600000" lon="-111.627320000">
        <ele>1402</ele>
      </trkpt>
      <trkpt lat="34.138450000" lon="-111.627320000">
        <ele>1400</ele>
      </trkpt>
      <trkpt lat="34.138430000" lon="-111.627350000">
        <ele>1399</ele>
      </trkpt>
      <trkpt lat="34.138220000" lon="-111.627390000">
        <ele>1396</ele>
      </trkpt>
      <trkpt lat="34.138060000" lon="-111.627540000">
        <ele>1393</ele>
      </trkpt>
      <trkpt lat="34.137970000" lon="-111.627660000">
        <ele>1391</ele>
      </trkpt>
      <trkpt lat="34.137930000" lon="-111.627750000">
        <ele>1389</ele>
      </trkpt>
      <trkpt lat="34.137920000" lon="-111.627850000">
        <ele>1388</ele>
      </trkpt>
      <trkpt lat="34.137820000" lon="-111.628020000">
        <ele>1388</ele>
      </trkpt>
      <trkpt lat="34.137630000" lon="-111.628260000">
        <ele>1388</ele>
      </trkpt>
      <trkpt lat="34.137640000" lon="-111.628420000">
        <ele>1388</ele>
      </trkpt>
      <trkpt lat="34.137630000" lon="-111.628550000">
        <ele>1388</ele>
      </trkpt>
      <trkpt lat="34.137480000" lon="-111.628790000">
        <ele>1389</ele>
      </trkpt>
      <trkpt lat="34.137480000" lon="-111.628850000">
        <ele>1389</ele>
      </trkpt>
      <trkpt lat="34.137540000" lon="-111.629220000">
        <ele>1387</ele>
      </trkpt>
      <trkpt lat="34.137540000" lon="-111.629390000">
        <ele>1387</ele>
      </trkpt>
      <trkpt lat="34.137600000" lon="-111.629520000">
        <ele>1386</ele>
      </trkpt>
      <trkpt lat="34.137660000" lon="-111.629760000">
        <ele>1386</ele>
      </trkpt>
      <trkpt lat="34.137640000" lon="-111.629840000">
        <ele>1386</ele>
      </trkpt>
      <trkpt lat="34.137650000" lon="-111.629930000">
        <ele>1386</ele>
      </trkpt>
      <trkpt lat="34.137680000" lon="-111.630070000">
        <ele>1385</ele>
      </trkpt>
      <trkpt lat="34.137700000" lon="-111.630070000">
        <ele>1385</ele>
      </trkpt>
      <trkpt lat="34.137720000" lon="-111.630160000">
        <ele>1385</ele>
      </trkpt>
      <trkpt lat="34.137760000" lon="-111.630220000">
        <ele>1384</ele>
      </trkpt>
      <trkpt lat="34.137730000" lon="-111.630390000">
        <ele>1384</ele>
      </trkpt>
      <trkpt lat="34.137650000" lon="-111.630490000">
        <ele>1385</ele>
      </trkpt>
      <trkpt lat="34.137650000" lon="-111.630600000">
        <ele>1386</ele>
      </trkpt>
      <trkpt lat="34.137600000" lon="-111.630650000">
        <ele>1386</ele>
      </trkpt>
      <trkpt lat="34.137630000" lon="-111.630970000">
        <ele>1387</ele>
      </trkpt>
      <trkpt lat="34.137760000" lon="-111.631180000">
        <ele>1387</ele>
      </trkpt>
      <trkpt lat="34.137900000" lon="-111.631240000">
        <ele>1386</ele>
      </trkpt>
      <trkpt lat="34.137930000" lon="-111.631290000">
        <ele>1385</ele>
      </trkpt>
      <trkpt lat="34.137970000" lon="-111.631450000">
        <ele>1385</ele>
      </trkpt>
      <trkpt lat="34.138070000" lon="-111.631670000">
        <ele>1382</ele>
      </trkpt>
      <trkpt lat="34.138050000" lon="-111.631800000">
        <ele>1382</ele>
      </trkpt>
      <trkpt lat="34.138180000" lon="-111.631890000">
        <ele>1380</ele>
      </trkpt>
      <trkpt lat="34.138210000" lon="-111.631980000">
        <ele>1380</ele>
      </trkpt>
      <trkpt lat="34.138260000" lon="-111.632010000">
        <ele>1380</ele>
      </trkpt>
      <trkpt lat="34.138290000" lon="-111.632070000">
        <ele>1380</ele>
      </trkpt>
      <trkpt lat="34.138450000" lon="-111.632170000">
        <ele>1379</ele>
      </trkpt>
      <trkpt lat="34.138540000" lon="-111.632270000">
        <ele>1379</ele>
      </trkpt>
      <trkpt lat="34.138590000" lon="-111.632300000">
        <ele>1379</ele>
      </trkpt>
      <trkpt lat="34.138620000" lon="-111.632390000">
        <ele>1379</ele>
      </trkpt>
      <trkpt lat="34.138670000" lon="-111.632430000">
        <ele>1379</ele>
      </trkpt>
      <trkpt lat="34.138780000" lon="-111.632440000">
        <ele>1378</ele>
      </trkpt>
      <trkpt lat="34.138770000" lon="-111.632570000">
        <ele>1380</ele>
      </trkpt>
      <trkpt lat="34.138830000" lon="-111.632710000">
        <ele>1381</ele>
      </trkpt>
      <trkpt lat="34.138900000" lon="-111.632810000">
        <ele>1381</ele>
      </trkpt>
      <trkpt lat="34.138930000" lon="-111.632900000">
        <ele>1382</ele>
      </trkpt>
      <trkpt lat="34.138900000" lon="-111.633080000">
        <ele>1383</ele>
      </trkpt>
      <trkpt lat="34.138930000" lon="-111.633210000">
        <ele>1383</ele>
      </trkpt>
      <trkpt lat="34.139090000" lon="-111.633340000">
        <ele>1383</ele>
      </trkpt>
      <trkpt lat="34.139210000" lon="-111.633490000">
        <ele>1383</ele>
      </trkpt>
      <trkpt lat="34.139260000" lon="-111.633520000">
        <ele>1383</ele>
      </trkpt>
      <trkpt lat="34.139400000" lon="-111.633540000">
        <ele>1382</ele>
      </trkpt>
      <trkpt lat="34.139490000" lon="-111.633650000">
        <ele>1382</ele>
      </trkpt>
      <trkpt lat="34.139630000" lon="-111.633700000">
        <ele>1381</ele>
      </trkpt>
      <trkpt lat="34.139890000" lon="-111.633950000">
        <ele>1381</ele>
      </trkpt>
      <trkpt lat="34.140060000" lon="-111.634080000">
        <ele>1382</ele>
      </trkpt>
      <trkpt lat="34.140240000" lon="-111.634290000">
        <ele>1387</ele>
      </trkpt>
      <trkpt lat="34.140380000" lon="-111.634370000">
        <ele>1390</ele>
      </trkpt>
      <trkpt lat="34.140640000" lon="-111.634640000">
        <ele>1396</ele>
      </trkpt>
      <trkpt lat="34.140630000" lon="-111.634660000">
        <ele>1397</ele>
      </trkpt>
      <trkpt lat="34.140990000" lon="-111.635010000">
        <ele>1401</ele>
      </trkpt>
      <trkpt lat="34.141090000" lon="-111.635160000">
        <ele>1401</ele>
      </trkpt>
      <trkpt lat="34.141260000" lon="-111.635230000">
        <ele>1400</ele>
      </trkpt>
      <trkpt lat="34.141390000" lon="-111.635230000">
        <ele>1398</ele>
      </trkpt>
      <trkpt lat="34.141440000" lon="-111.635260000">
        <ele>1398</ele>
      </trkpt>
      <trkpt lat="34.141460000" lon="-111.635310000">
        <ele>1397</ele>
      </trkpt>
      <trkpt lat="34.141560000" lon="-111.635330000">
        <ele>1396</ele>
      </trkpt>
      <trkpt lat="34.141680000" lon="-111.635600000">
        <ele>1394</ele>
      </trkpt>
      <trkpt lat="34.141730000" lon="-111.635620000">
        <ele>1394</ele>
      </trkpt>
      <trkpt lat="34.141760000" lon="-111.635680000">
        <ele>1393</ele>
      </trkpt>
      <trkpt lat="34.141840000" lon="-111.635740000">
        <ele>1392</ele>
      </trkpt>
      <trkpt lat="34.141890000" lon="-111.635850000">
        <ele>1391</ele>
      </trkpt>
      <trkpt lat="34.142010000" lon="-111.635950000">
        <ele>1390</ele>
      </trkpt>
      <trkpt lat="34.142090000" lon="-111.636070000">
        <ele>1389</ele>
      </trkpt>
      <trkpt lat="34.142210000" lon="-111.636170000">
        <ele>1387</ele>
      </trkpt>
      <trkpt lat="34.142330000" lon="-111.636470000">
        <ele>1383</ele>
      </trkpt>
      <trkpt lat="34.142420000" lon="-111.636510000">
        <ele>1381</ele>
      </trkpt>
      <trkpt lat="34.142470000" lon="-111.636480000">
        <ele>1380</ele>
      </trkpt>
      <trkpt lat="34.142640000" lon="-111.636510000">
        <ele>1378</ele>
      </trkpt>
      <trkpt lat="34.142730000" lon="-111.636630000">
        <ele>1377</ele>
      </trkpt>
      <trkpt lat="34.142880000" lon="-111.636770000">
        <ele>1374</ele>
      </trkpt>
      <trkpt lat="34.142980000" lon="-111.636880000">
        <ele>1372</ele>
      </trkpt>
      <trkpt lat="34.143020000" lon="-111.636900000">
        <ele>1371</ele>
      </trkpt>
      <trkpt lat="34.143050000" lon="-111.637290000">
        <ele>1362</ele>
      </trkpt>
      <trkpt lat="34.143100000" lon="-111.637330000">
        <ele>1361</ele>
      </trkpt>
      <trkpt lat="34.143190000" lon="-111.637530000">
        <ele>1356</ele>
      </trkpt>
      <trkpt lat="34.143250000" lon="-111.637570000">
        <ele>1354</ele>
      </trkpt>
      <trkpt lat="34.143300000" lon="-111.637690000">
        <ele>1350</ele>
      </trkpt>
      <trkpt lat="34.143290000" lon="-111.637820000">
        <ele>1347</ele>
      </trkpt>
      <trkpt lat="34.143350000" lon="-111.638000000">
        <ele>1343</ele>
      </trkpt>
      <trkpt lat="34.143570000" lon="-111.638160000">
        <ele>1340</ele>
      </trkpt>
      <trkpt lat="34.143580000" lon="-111.638200000">
        <ele>1339</ele>
      </trkpt>
      <trkpt lat="34.143640000" lon="-111.638270000">
        <ele>1337</ele>
      </trkpt>
      <trkpt lat="34.143830000" lon="-111.638410000">
        <ele>1334</ele>
      </trkpt>
      <trkpt lat="34.144040000" lon="-111.638490000">
        <ele>1332</ele>
      </trkpt>
      <trkpt lat="34.144130000" lon="-111.638570000">
        <ele>1330</ele>
      </trkpt>
      <trkpt lat="34.144200000" lon="-111.638580000">
        <ele>1329</ele>
      </trkpt>
      <trkpt lat="34.144280000" lon="-111.638540000">
        <ele>1329</ele>
      </trkpt>
      <trkpt lat="34.144280000" lon="-111.638650000">
        <ele>1327</ele>
      </trkpt>
      <trkpt lat="34.144390000" lon="-111.638640000">
        <ele>1325</ele>
      </trkpt>
      <trkpt lat="34.144400000" lon="-111.638750000">
        <ele>1322</ele>
      </trkpt>
      <trkpt lat="34.144560000" lon="-111.638970000">
        <ele>1313</ele>
      </trkpt>
      <trkpt lat="34.144650000" lon="-111.639060000">
        <ele>1309</ele>
      </trkpt>
      <trkpt lat="34.144740000" lon="-111.639070000">
        <ele>1307</ele>
      </trkpt>
      <trkpt lat="34.144790000" lon="-111.639110000">
        <ele>1305</ele>
      </trkpt>
      <trkpt lat="34.144770000" lon="-111.639200000">
        <ele>1303</ele>
      </trkpt>
      <trkpt lat="34.144790000" lon="-111.639270000">
        <ele>1301</ele>
      </trkpt>
      <trkpt lat="34.144770000" lon="-111.639360000">
        <ele>1299</ele>
      </trkpt>
      <trkpt lat="34.144850000" lon="-111.639340000">
        <ele>1299</ele>
      </trkpt>
      <trkpt lat="34.144900000" lon="-111.639380000">
        <ele>1297</ele>
      </trkpt>
      <trkpt lat="34.144900000" lon="-111.639470000">
        <ele>1295</ele>
      </trkpt>
      <trkpt lat="34.145080000" lon="-111.639520000">
        <ele>1290</ele>
      </trkpt>
      <trkpt lat="34.145120000" lon="-111.639560000">
        <ele>1288</ele>
      </trkpt>
      <trkpt lat="34.145200000" lon="-111.639560000">
        <ele>1287</ele>
      </trkpt>
      <trkpt lat="34.145340000" lon="-111.639640000">
        <ele>1282</ele>
      </trkpt>
      <trkpt lat="34.145390000" lon="-111.639720000">
        <ele>1278</ele>
      </trkpt>
      <trkpt lat="34.145440000" lon="-111.639730000">
        <ele>1277</ele>
      </trkpt>
      <trkpt lat="34.145480000" lon="-111.639790000">
        <ele>1274</ele>
      </trkpt>
      <trkpt lat="34.145540000" lon="-111.639800000">
        <ele>1273</ele>
      </trkpt>
      <trkpt lat="34.145660000" lon="-111.639860000">
        <ele>1270</ele>
      </trkpt>
      <trkpt lat="34.145790000" lon="-111.639870000">
        <ele>1268</ele>
      </trkpt>
      <trkpt lat="34.145920000" lon="-111.640020000">
        <ele>1264</ele>
      </trkpt>
      <trkpt lat="34.145950000" lon="-111.640010000">
        <ele>1263</ele>
      </trkpt>
      <trkpt lat="34.145970000" lon="-111.640040000">
        <ele>1263</ele>
      </trkpt>
      <trkpt lat="34.145970000" lon="-111.640150000">
        <ele>1260</ele>
      </trkpt>
      <trkpt lat="34.146060000" lon="-111.640170000">
        <ele>1260</ele>
      </trkpt>
      <trkpt lat="34.146080000" lon="-111.640200000">
        <ele>1259</ele>
      </trkpt>
      <trkpt lat="34.146030000" lon="-111.640270000">
        <ele>1257</ele>
      </trkpt>
      <trkpt lat="34.146050000" lon="-111.640340000">
        <ele>1255</ele>
      </trkpt>
      <trkpt lat="34.146050000" lon="-111.640270000">
        <ele>1257</ele>
      </trkpt>
      <trkpt lat="34.145940000" lon="-111.640150000">
        <ele>1260</ele>
      </trkpt>
      <trkpt lat="34.145980000" lon="-111.640120000">
        <ele>1261</ele>
      </trkpt>
      <trkpt lat="34.145990000" lon="-111.640020000">
        <ele>1263</ele>
      </trkpt>
      <trkpt lat="34.145980000" lon="-111.640110000">
        <ele>1261</ele>
      </trkpt>
      <trkpt lat="34.146050000" lon="-111.640160000">
        <ele>1260</ele>
      </trkpt>
      <trkpt lat="34.146070000" lon="-111.640210000">
        <ele>1259</ele>
      </trkpt>
      <trkpt lat="34.146060000" lon="-111.640250000">
        <ele>1258</ele>
      </trkpt>
      <trkpt lat="34.146100000" lon="-111.640280000">
        <ele>1257</ele>
      </trkpt>
      <trkpt lat="34.146060000" lon="-111.640360000">
        <ele>1254</ele>
      </trkpt>
      <trkpt lat="34.146010000" lon="-111.640370000">
        <ele>1253</ele>
      </trkpt>
      <trkpt lat="34.145970000" lon="-111.640430000">
        <ele>1251</ele>
      </trkpt>
      <trkpt lat="34.145980000" lon="-111.640490000">
        <ele>1249</ele>
      </trkpt>
      <trkpt lat="34.145920000" lon="-111.640560000">
        <ele>1245</ele>
      </trkpt>
      <trkpt lat="34.145920000" lon="-111.640620000">
        <ele>1242</ele>
      </trkpt>
      <trkpt lat="34.145860000" lon="-111.640650000">
        <ele>1239</ele>
      </trkpt>
      <trkpt lat="34.145890000" lon="-111.640640000">
        <ele>1240</ele>
      </trkpt>
      <trkpt lat="34.145870000" lon="-111.640730000">
        <ele>1235</ele>
      </trkpt>
      <trkpt lat="34.145820000" lon="-111.640760000">
        <ele>1231</ele>
      </trkpt>
      <trkpt lat="34.145800000" lon="-111.640730000">
        <ele>1232</ele>
      </trkpt>
      <trkpt lat="34.145860000" lon="-111.640750000">
        <ele>1233</ele>
      </trkpt>
      <trkpt lat="34.145930000" lon="-111.640830000">
        <ele>1233</ele>
      </trkpt>
      <trkpt lat="34.145940000" lon="-111.640880000">
        <ele>1231</ele>
      </trkpt>
      <trkpt lat="34.145910000" lon="-111.641430000">
        <ele>1213</ele>
      </trkpt>
      <trkpt lat="34.145860000" lon="-111.641450000">
        <ele>1211</ele>
      </trkpt>
      <trkpt lat="34.145690000" lon="-111.641320000">
        <ele>1208</ele>
      </trkpt>
      <trkpt lat="34.145630000" lon="-111.641310000">
        <ele>1209</ele>
      </trkpt>
      <trkpt lat="34.145590000" lon="-111.641270000">
        <ele>1209</ele>
      </trkpt>
      <trkpt lat="34.145530000" lon="-111.641270000">
        <ele>1212</ele>
      </trkpt>
      <trkpt lat="34.145480000" lon="-111.641570000">
        <ele>1205</ele>
      </trkpt>
      <trkpt lat="34.145430000" lon="-111.641660000">
        <ele>1203</ele>
      </trkpt>
      <trkpt lat="34.145370000" lon="-111.641730000">
        <ele>1203</ele>
      </trkpt>
      <trkpt lat="34.145360000" lon="-111.641690000">
        <ele>1205</ele>
      </trkpt>
      <trkpt lat="34.145450000" lon="-111.641450000">
        <ele>1214</ele>
      </trkpt>
      <trkpt lat="34.145500000" lon="-111.641370000">
        <ele>1213</ele>
      </trkpt>
      <trkpt lat="34.145500000" lon="-111.641250000">
        <ele>1214</ele>
      </trkpt>
      <trkpt lat="34.145530000" lon="-111.641220000">
        <ele>1213</ele>
      </trkpt>
      <trkpt lat="34.145620000" lon="-111.641280000">
        <ele>1209</ele>
      </trkpt>
      <trkpt lat="34.145830000" lon="-111.641610000">
        <ele>1204</ele>
      </trkpt>
      <trkpt lat="34.145800000" lon="-111.641950000">
        <ele>1197</ele>
      </trkpt>
      <trkpt lat="34.145690000" lon="-111.642130000">
        <ele>1192</ele>
      </trkpt>
      <trkpt lat="34.145610000" lon="-111.642340000">
        <ele>1190</ele>
      </trkpt>
      <trkpt lat="34.145390000" lon="-111.642680000">
        <ele>1186</ele>
      </trkpt>
      <trkpt lat="34.145200000" lon="-111.642820000">
        <ele>1181</ele>
      </trkpt>
      <trkpt lat="34.145170000" lon="-111.642810000">
        <ele>1179</ele>
      </trkpt>
      <trkpt lat="34.145130000" lon="-111.642880000">
        <ele>1178</ele>
      </trkpt>
      <trkpt lat="34.145070000" lon="-111.642830000">
        <ele>1172</ele>
      </trkpt>
      <trkpt lat="34.145030000" lon="-111.642910000">
        <ele>1172</ele>
      </trkpt>
      <trkpt lat="34.144980000" lon="-111.642870000">
        <ele>1167</ele>
      </trkpt>
      <trkpt lat="34.144960000" lon="-111.642960000">
        <ele>1166</ele>
      </trkpt>
      <trkpt lat="34.144910000" lon="-111.643020000">
        <ele>1162</ele>
      </trkpt>
      <trkpt lat="34.144890000" lon="-111.642980000">
        <ele>1160</ele>
      </trkpt>
      <trkpt lat="34.144870000" lon="-111.643010000">
        <ele>1159</ele>
      </trkpt>
      <trkpt lat="34.144830000" lon="-111.642960000">
        <ele>1156</ele>
      </trkpt>
      <trkpt lat="34.144760000" lon="-111.643080000">
        <ele>1151</ele>
      </trkpt>
      <trkpt lat="34.144690000" lon="-111.643090000">
        <ele>1147</ele>
      </trkpt>
      <trkpt lat="34.144620000" lon="-111.643140000">
        <ele>1146</ele>
      </trkpt>
      <trkpt lat="34.144610000" lon="-111.643190000">
        <ele>1145</ele>
      </trkpt>
      <trkpt lat="34.144650000" lon="-111.643290000">
        <ele>1147</ele>
      </trkpt>
      <trkpt lat="34.144620000" lon="-111.643480000">
        <ele>1143</ele>
      </trkpt>
      <trkpt lat="34.144590000" lon="-111.643490000">
        <ele>1141</ele>
      </trkpt>
      <trkpt lat="34.144570000" lon="-111.643470000">
        <ele>1139</ele>
      </trkpt>
      <trkpt lat="34.144570000" lon="-111.643510000">
        <ele>1139</ele>
      </trkpt>
      <trkpt lat="34.144510000" lon="-111.643590000">
        <ele>1136</ele>
      </trkpt>
      <trkpt lat="34.144500000" lon="-111.643780000">
        <ele>1136</ele>
      </trkpt>
      <trkpt lat="34.144430000" lon="-111.643800000">
        <ele>1133</ele>
      </trkpt>
      <trkpt lat="34.144420000" lon="-111.643830000">
        <ele>1132</ele>
      </trkpt>
      <trkpt lat="34.144440000" lon="-111.643830000">
        <ele>1133</ele>
      </trkpt>
      <trkpt lat="34.144390000" lon="-111.643850000">
        <ele>1131</ele>
      </trkpt>
      <trkpt lat="34.144380000" lon="-111.643940000">
        <ele>1127</ele>
      </trkpt>
      <trkpt lat="34.144330000" lon="-111.643920000">
        <ele>1127</ele>
      </trkpt>
      <trkpt lat="34.144340000" lon="-111.644010000">
        <ele>1125</ele>
      </trkpt>
      <trkpt lat="34.144320000" lon="-111.644130000">
        <ele>1124</ele>
      </trkpt>
      <trkpt lat="34.144240000" lon="-111.644180000">
        <ele>1122</ele>
      </trkpt>
      <trkpt lat="34.144180000" lon="-111.644310000">
        <ele>1119</ele>
      </trkpt>
      <trkpt lat="34.144180000" lon="-111.644380000">
        <ele>1118</ele>
      </trkpt>
      <trkpt lat="34.144120000" lon="-111.644400000">
        <ele>1115</ele>
      </trkpt>
      <trkpt lat="34.144090000" lon="-111.644470000">
        <ele>1113</ele>
      </trkpt>
      <trkpt lat="34.143990000" lon="-111.644540000">
        <ele>1110</ele>
      </trkpt>
      <trkpt lat="34.143940000" lon="-111.644720000">
        <ele>1108</ele>
      </trkpt>
      <trkpt lat="34.143890000" lon="-111.644770000">
        <ele>1107</ele>
      </trkpt>
      <trkpt lat="34.143860000" lon="-111.644780000">
        <ele>1107</ele>
      </trkpt>
      <trkpt lat="34.143850000" lon="-111.644990000">
        <ele>1101</ele>
      </trkpt>
      <trkpt lat="34.143860000" lon="-111.645080000">
        <ele>1098</ele>
      </trkpt>
      <trkpt lat="34.143760000" lon="-111.645290000">
        <ele>1096</ele>
      </trkpt>
      <trkpt lat="34.143600000" lon="-111.645700000">
        <ele>1082</ele>
      </trkpt>
      <trkpt lat="34.143550000" lon="-111.645730000">
        <ele>1082</ele>
      </trkpt>
      <trkpt lat="34.143480000" lon="-111.645880000">
        <ele>1075</ele>
      </trkpt>
      <trkpt lat="34.143410000" lon="-111.645930000">
        <ele>1075</ele>
      </trkpt>
      <trkpt lat="34.143220000" lon="-111.645940000">
        <ele>1081</ele>
      </trkpt>
      <trkpt lat="34.143210000" lon="-111.646010000">
        <ele>1079</ele>
      </trkpt>
      <trkpt lat="34.143100000" lon="-111.646240000">
        <ele>1081</ele>
      </trkpt>
      <trkpt lat="34.143000000" lon="-111.646640000">
        <ele>1072</ele>
      </trkpt>
      <trkpt lat="34.143020000" lon="-111.646660000">
        <ele>1070</ele>
      </trkpt>
      <trkpt lat="34.142960000" lon="-111.646720000">
        <ele>1070</ele>
      </trkpt>
      <trkpt lat="34.142860000" lon="-111.647100000">
        <ele>1062</ele>
      </trkpt>
      <trkpt lat="34.142770000" lon="-111.647260000">
        <ele>1061</ele>
      </trkpt>
      <trkpt lat="34.142610000" lon="-111.647450000">
        <ele>1057</ele>
      </trkpt>
      <trkpt lat="34.142570000" lon="-111.647520000">
        <ele>1055</ele>
      </trkpt>
      <trkpt lat="34.142540000" lon="-111.647680000">
        <ele>1050</ele>
      </trkpt>
      <trkpt lat="34.142420000" lon="-111.647860000">
        <ele>1048</ele>
      </trkpt>
      <trkpt lat="34.142390000" lon="-111.647850000">
        <ele>1049</ele>
      </trkpt>
      <trkpt lat="34.142340000" lon="-111.648000000">
        <ele>1043</ele>
      </trkpt>
      <trkpt lat="34.142140000" lon="-111.648200000">
        <ele>1037</ele>
      </trkpt>
      <trkpt lat="34.142120000" lon="-111.648270000">
        <ele>1035</ele>
      </trkpt>
      <trkpt lat="34.142050000" lon="-111.648320000">
        <ele>1034</ele>
      </trkpt>
      <trkpt lat="34.142020000" lon="-111.648400000">
        <ele>1033</ele>
      </trkpt>
      <trkpt lat="34.141960000" lon="-111.648460000">
        <ele>1032</ele>
      </trkpt>
      <trkpt lat="34.141940000" lon="-111.648560000">
        <ele>1031</ele>
      </trkpt>
      <trkpt lat="34.141870000" lon="-111.648600000">
        <ele>1032</ele>
      </trkpt>
      <trkpt lat="34.141810000" lon="-111.648680000">
        <ele>1031</ele>
      </trkpt>
      <trkpt lat="34.141740000" lon="-111.648900000">
        <ele>1025</ele>
      </trkpt>
      <trkpt lat="34.141700000" lon="-111.648950000">
        <ele>1024</ele>
      </trkpt>
      <trkpt lat="34.141610000" lon="-111.648990000">
        <ele>1025</ele>
      </trkpt>
      <trkpt lat="34.141430000" lon="-111.648940000">
        <ele>1031</ele>
      </trkpt>
      <trkpt lat="34.141370000" lon="-111.648900000">
        <ele>1034</ele>
      </trkpt>
      <trkpt lat="34.141330000" lon="-111.648910000">
        <ele>1034</ele>
      </trkpt>
      <trkpt lat="34.141280000" lon="-111.649030000">
        <ele>1030</ele>
      </trkpt>
      <trkpt lat="34.141200000" lon="-111.649070000">
        <ele>1032</ele>
      </trkpt>
      <trkpt lat="34.141120000" lon="-111.649170000">
        <ele>1031</ele>
      </trkpt>
      <trkpt lat="34.140930000" lon="-111.649310000">
        <ele>1030</ele>
      </trkpt>
      <trkpt lat="34.140660000" lon="-111.649410000">
        <ele>1027</ele>
      </trkpt>
      <trkpt lat="34.140570000" lon="-111.649430000">
        <ele>1026</ele>
      </trkpt>
      <trkpt lat="34.140470000" lon="-111.649380000">
        <ele>1028</ele>
      </trkpt>
      <trkpt lat="34.140320000" lon="-111.649390000">
        <ele>1026</ele>
      </trkpt>
      <trkpt lat="34.140260000" lon="-111.649340000">
        <ele>1027</ele>
      </trkpt>
      <trkpt lat="34.140190000" lon="-111.649340000">
        <ele>1026</ele>
      </trkpt>
      <trkpt lat="34.140120000" lon="-111.649300000">
        <ele>1027</ele>
      </trkpt>
      <trkpt lat="34.139900000" lon="-111.649320000">
        <ele>1024</ele>
      </trkpt>
      <trkpt lat="34.139770000" lon="-111.649250000">
        <ele>1026</ele>
      </trkpt>
      <trkpt lat="34.139780000" lon="-111.649200000">
        <ele>1027</ele>
      </trkpt>
      <trkpt lat="34.139720000" lon="-111.649130000">
        <ele>1029</ele>
      </trkpt>
      <trkpt lat="34.139590000" lon="-111.649060000">
        <ele>1028</ele>
      </trkpt>
      <trkpt lat="34.139490000" lon="-111.648950000">
        <ele>1029</ele>
      </trkpt>
      <trkpt lat="34.139330000" lon="-111.648840000">
        <ele>1030</ele>
      </trkpt>
      <trkpt lat="34.139280000" lon="-111.648850000">
        <ele>1029</ele>
      </trkpt>
      <trkpt lat="34.139170000" lon="-111.648730000">
        <ele>1031</ele>
      </trkpt>
      <trkpt lat="34.139090000" lon="-111.648700000">
        <ele>1030</ele>
      </trkpt>
      <trkpt lat="34.139060000" lon="-111.648720000">
        <ele>1029</ele>
      </trkpt>
      <trkpt lat="34.138990000" lon="-111.648660000">
        <ele>1030</ele>
      </trkpt>
      <trkpt lat="34.138340000" lon="-111.648860000">
        <ele>1027</ele>
      </trkpt>
      <trkpt lat="34.138290000" lon="-111.648900000">
        <ele>1027</ele>
      </trkpt>
      <trkpt lat="34.138300000" lon="-111.648970000">
        <ele>1026</ele>
      </trkpt>
      <trkpt lat="34.138240000" lon="-111.649020000">
        <ele>1026</ele>
      </trkpt>
      <trkpt lat="34.137940000" lon="-111.649170000">
        <ele>1024</ele>
      </trkpt>
      <trkpt lat="34.137900000" lon="-111.649220000">
        <ele>1023</ele>
      </trkpt>
      <trkpt lat="34.137730000" lon="-111.649220000">
        <ele>1023</ele>
      </trkpt>
      <trkpt lat="34.137620000" lon="-111.649370000">
        <ele>1021</ele>
      </trkpt>
      <trkpt lat="34.137550000" lon="-111.649520000">
        <ele>1020</ele>
      </trkpt>
      <trkpt lat="34.137460000" lon="-111.649560000">
        <ele>1020</ele>
      </trkpt>
      <trkpt lat="34.137450000" lon="-111.649480000">
        <ele>1020</ele>
      </trkpt>
      <trkpt lat="34.137510000" lon="-111.649470000">
        <ele>1020</ele>
      </trkpt>
      <trkpt lat="34.137510000" lon="-111.649180000">
        <ele>1022</ele>
      </trkpt>
      <trkpt lat="34.137420000" lon="-111.649180000">
        <ele>1021</ele>
      </trkpt>
      <trkpt lat="34.137370000" lon="-111.649220000">
        <ele>1020</ele>
      </trkpt>
      <trkpt lat="34.137310000" lon="-111.649190000">
        <ele>1019</ele>
      </trkpt>
      <trkpt lat="34.137180000" lon="-111.649190000">
        <ele>1018</ele>
      </trkpt>
      <trkpt lat="34.137090000" lon="-111.649170000">
        <ele>1017</ele>
      </trkpt>
      <trkpt lat="34.137040000" lon="-111.649190000">
        <ele>1015</ele>
      </trkpt>
      <trkpt lat="34.136970000" lon="-111.649140000">
        <ele>1015</ele>
      </trkpt>
      <trkpt lat="34.136810000" lon="-111.649080000">
        <ele>1014</ele>
      </trkpt>
      <trkpt lat="34.136680000" lon="-111.648960000">
        <ele>1015</ele>
      </trkpt>
      <trkpt lat="34.136520000" lon="-111.648920000">
        <ele>1014</ele>
      </trkpt>
      <trkpt lat="34.136420000" lon="-111.648940000">
        <ele>1012</ele>
      </trkpt>
      <trkpt lat="34.136250000" lon="-111.648920000">
        <ele>1007</ele>
      </trkpt>
      <trkpt lat="34.136170000" lon="-111.648880000">
        <ele>1004</ele>
      </trkpt>
      <trkpt lat="34.136130000" lon="-111.648800000">
        <ele>1000</ele>
      </trkpt>
      <trkpt lat="34.136160000" lon="-111.648680000">
        <ele>996</ele>
      </trkpt>
      <trkpt lat="34.136140000" lon="-111.648650000">
        <ele>995</ele>
      </trkpt>
      <trkpt lat="34.136100000" lon="-111.648700000">
        <ele>995</ele>
      </trkpt>
      <trkpt lat="34.136070000" lon="-111.648700000">
        <ele>994</ele>
      </trkpt>
      <trkpt lat="34.135640000" lon="-111.648570000">
        <ele>987</ele>
      </trkpt>
      <trkpt lat="34.135530000" lon="-111.648620000">
        <ele>985</ele>
      </trkpt>
      <trkpt lat="34.135370000" lon="-111.648630000">
        <ele>984</ele>
      </trkpt>
      <trkpt lat="34.135300000" lon="-111.648540000">
        <ele>986</ele>
      </trkpt>
      <trkpt lat="34.135170000" lon="-111.648470000">
        <ele>984</ele>
      </trkpt>
      <trkpt lat="34.135090000" lon="-111.648300000">
        <ele>983</ele>
      </trkpt>
      <trkpt lat="34.135030000" lon="-111.648090000">
        <ele>982</ele>
      </trkpt>
      <trkpt lat="34.134970000" lon="-111.648010000">
        <ele>981</ele>
      </trkpt>
      <trkpt lat="34.134930000" lon="-111.648000000">
        <ele>980</ele>
      </trkpt>
      <trkpt lat="34.134790000" lon="-111.647810000">
        <ele>978</ele>
      </trkpt>
      <trkpt lat="34.134710000" lon="-111.647830000">
        <ele>976</ele>
      </trkpt>
      <trkpt lat="34.134630000" lon="-111.647790000">
        <ele>975</ele>
      </trkpt>
      <trkpt lat="34.134630000" lon="-111.648090000">
        <ele>972</ele>
      </trkpt>
      <trkpt lat="34.134570000" lon="-111.648230000">
        <ele>969</ele>
      </trkpt>
      <trkpt lat="34.134500000" lon="-111.648490000">
        <ele>968</ele>
      </trkpt>
      <trkpt lat="34.134480000" lon="-111.648460000">
        <ele>967</ele>
      </trkpt>
      <trkpt lat="34.134470000" lon="-111.648390000">
        <ele>967</ele>
      </trkpt>
      <trkpt lat="34.134470000" lon="-111.648260000">
        <ele>968</ele>
      </trkpt>
      <trkpt lat="34.134510000" lon="-111.648170000">
        <ele>969</ele>
      </trkpt>
      <trkpt lat="34.134560000" lon="-111.648160000">
        <ele>970</ele>
      </trkpt>
      <trkpt lat="34.134640000" lon="-111.648220000">
        <ele>971</ele>
      </trkpt>
      <trkpt lat="34.134670000" lon="-111.648270000">
        <ele>971</ele>
      </trkpt>
      <trkpt lat="34.134670000" lon="-111.648370000">
        <ele>971</ele>
      </trkpt>
      <trkpt lat="34.134640000" lon="-111.648370000">
        <ele>970</ele>
      </trkpt>
      <trkpt lat="34.134620000" lon="-111.648280000">
        <ele>970</ele>
      </trkpt>
      <trkpt lat="34.134570000" lon="-111.648210000">
        <ele>969</ele>
      </trkpt>
      <trkpt lat="34.134530000" lon="-111.648260000">
        <ele>969</ele>
      </trkpt>
      <trkpt lat="34.134520000" lon="-111.648230000">
        <ele>968</ele>
      </trkpt>
      <trkpt lat="34.134520000" lon="-111.648080000">
        <ele>969</ele>
      </trkpt>
      <trkpt lat="34.134500000" lon="-111.648160000">
        <ele>969</ele>
      </trkpt>
      <trkpt lat="34.134470000" lon="-111.648180000">
        <ele>968</ele>
      </trkpt>
      <trkpt lat="34.134310000" lon="-111.648080000">
        <ele>966</ele>
      </trkpt>
      <trkpt lat="34.134210000" lon="-111.648050000">
        <ele>964</ele>
      </trkpt>
      <trkpt lat="34.134120000" lon="-111.647950000">
        <ele>964</ele>
      </trkpt>
      <trkpt lat="34.134030000" lon="-111.647980000">
        <ele>963</ele>
      </trkpt>
      <trkpt lat="34.133940000" lon="-111.647960000">
        <ele>964</ele>
      </trkpt>
      <trkpt lat="34.133810000" lon="-111.647970000">
        <ele>963</ele>
      </trkpt>
      <trkpt lat="34.133750000" lon="-111.648000000">
        <ele>962</ele>
      </trkpt>
      <trkpt lat="34.133620000" lon="-111.648150000">
        <ele>959</ele>
      </trkpt>
      <trkpt lat="34.133270000" lon="-111.648440000">
        <ele>952</ele>
      </trkpt>
      <trkpt lat="34.132870000" lon="-111.648570000">
        <ele>953</ele>
      </trkpt>
      <trkpt lat="34.132710000" lon="-111.648560000">
        <ele>954</ele>
      </trkpt>
      <trkpt lat="34.132650000" lon="-111.648580000">
        <ele>954</ele>
      </trkpt>
      <trkpt lat="34.132360000" lon="-111.648580000">
        <ele>951</ele>
      </trkpt>
      <trkpt lat="34.132310000" lon="-111.648570000">
        <ele>950</ele>
      </trkpt>
      <trkpt lat="34.132280000" lon="-111.648530000">
        <ele>949</ele>
      </trkpt>
      <trkpt lat="34.132250000" lon="-111.648520000">
        <ele>949</ele>
      </trkpt>
      <trkpt lat="34.132150000" lon="-111.648570000">
        <ele>946</ele>
      </trkpt>
      <trkpt lat="34.132040000" lon="-111.648540000">
        <ele>942</ele>
      </trkpt>
      <trkpt lat="34.131960000" lon="-111.648440000">
        <ele>940</ele>
      </trkpt>
      <trkpt lat="34.131930000" lon="-111.648460000">
        <ele>939</ele>
      </trkpt>
      <trkpt lat="34.131910000" lon="-111.648440000">
        <ele>939</ele>
      </trkpt>
      <trkpt lat="34.131860000" lon="-111.648430000">
        <ele>939</ele>
      </trkpt>
      <trkpt lat="34.131720000" lon="-111.648680000">
        <ele>939</ele>
      </trkpt>
      <trkpt lat="34.131610000" lon="-111.648710000">
        <ele>939</ele>
      </trkpt>
      <trkpt lat="34.131510000" lon="-111.648860000">
        <ele>940</ele>
      </trkpt>
      <trkpt lat="34.131430000" lon="-111.649180000">
        <ele>936</ele>
      </trkpt>
      <trkpt lat="34.131370000" lon="-111.649290000">
        <ele>934</ele>
      </trkpt>
      <trkpt lat="34.131160000" lon="-111.649420000">
        <ele>933</ele>
      </trkpt>
      <trkpt lat="34.131060000" lon="-111.649540000">
        <ele>933</ele>
      </trkpt>
      <trkpt lat="34.130820000" lon="-111.649970000">
        <ele>931</ele>
      </trkpt>
      <trkpt lat="34.130720000" lon="-111.650300000">
        <ele>927</ele>
      </trkpt>
      <trkpt lat="34.130510000" lon="-111.650730000">
        <ele>920</ele>
      </trkpt>
      <trkpt lat="34.130410000" lon="-111.650980000">
        <ele>919</ele>
      </trkpt>
      <trkpt lat="34.130380000" lon="-111.650990000">
        <ele>918</ele>
      </trkpt>
      <trkpt lat="34.130320000" lon="-111.651060000">
        <ele>918</ele>
      </trkpt>
      <trkpt lat="34.130210000" lon="-111.651100000">
        <ele>915</ele>
      </trkpt>
      <trkpt lat="34.130050000" lon="-111.651210000">
        <ele>914</ele>
      </trkpt>
      <trkpt lat="34.129830000" lon="-111.651450000">
        <ele>911</ele>
      </trkpt>
      <trkpt lat="34.129740000" lon="-111.651490000">
        <ele>908</ele>
      </trkpt>
      <trkpt lat="34.129630000" lon="-111.651630000">
        <ele>906</ele>
      </trkpt>
      <trkpt lat="34.129440000" lon="-111.651800000">
        <ele>902</ele>
      </trkpt>
      <trkpt lat="34.129360000" lon="-111.651920000">
        <ele>900</ele>
      </trkpt>
      <trkpt lat="34.129130000" lon="-111.652150000">
        <ele>898</ele>
      </trkpt>
      <trkpt lat="34.128820000" lon="-111.652350000">
        <ele>899</ele>
      </trkpt>
      <trkpt lat="34.128630000" lon="-111.652430000">
        <ele>897</ele>
      </trkpt>
      <trkpt lat="34.128350000" lon="-111.652670000">
        <ele>889</ele>
      </trkpt>
      <trkpt lat="34.128270000" lon="-111.652690000">
        <ele>887</ele>
      </trkpt>
      <trkpt lat="34.128250000" lon="-111.652710000">
        <ele>886</ele>
      </trkpt>
      <trkpt lat="34.128120000" lon="-111.652690000">
        <ele>884</ele>
      </trkpt>
      <trkpt lat="34.127980000" lon="-111.652620000">
        <ele>883</ele>
      </trkpt>
      <trkpt lat="34.127890000" lon="-111.652780000">
        <ele>881</ele>
      </trkpt>
      <trkpt lat="34.127830000" lon="-111.652840000">
        <ele>880</ele>
      </trkpt>
      <trkpt lat="34.127580000" lon="-111.652970000">
        <ele>878</ele>
      </trkpt>
      <trkpt lat="34.127480000" lon="-111.653000000">
        <ele>878</ele>
      </trkpt>
      <trkpt lat="34.127330000" lon="-111.652930000">
        <ele>878</ele>
      </trkpt>
      <trkpt lat="34.127060000" lon="-111.652960000">
        <ele>878</ele>
      </trkpt>
      <trkpt lat="34.127000000" lon="-111.652940000">
        <ele>878</ele>
      </trkpt>
      <trkpt lat="34.126900000" lon="-111.653090000">
        <ele>878</ele>
      </trkpt>
      <trkpt lat="34.126770000" lon="-111.653120000">
        <ele>877</ele>
      </trkpt>
      <trkpt lat="34.126530000" lon="-111.653100000">
        <ele>875</ele>
      </trkpt>
      <trkpt lat="34.126450000" lon="-111.653070000">
        <ele>874</ele>
      </trkpt>
      <trkpt lat="34.126160000" lon="-111.653040000">
        <ele>873</ele>
      </trkpt>
      <trkpt lat="34.126060000" lon="-111.652990000">
        <ele>873</ele>
      </trkpt>
      <trkpt lat="34.126010000" lon="-111.652880000">
        <ele>875</ele>
      </trkpt>
      <trkpt lat="34.126040000" lon="-111.652890000">
        <ele>875</ele>
      </trkpt>
      <trkpt lat="34.126060000" lon="-111.652950000">
        <ele>874</ele>
      </trkpt>
      <trkpt lat="34.126120000" lon="-111.652960000">
        <ele>874</ele>
      </trkpt>
      <trkpt lat="34.126170000" lon="-111.653020000">
        <ele>873</ele>
      </trkpt>
      <trkpt lat="34.126170000" lon="-111.653100000">
        <ele>872</ele>
      </trkpt>
      <trkpt lat="34.126080000" lon="-111.653190000">
        <ele>871</ele>
      </trkpt>
      <trkpt lat="34.125910000" lon="-111.653200000">
        <ele>869</ele>
      </trkpt>
      <trkpt lat="34.125780000" lon="-111.653170000">
        <ele>869</ele>
      </trkpt>
      <trkpt lat="34.125730000" lon="-111.653190000">
        <ele>869</ele>
      </trkpt>
      <trkpt lat="34.125760000" lon="-111.653250000">
        <ele>868</ele>
      </trkpt>
      <trkpt lat="34.125740000" lon="-111.653260000">
        <ele>868</ele>
      </trkpt>
      <trkpt lat="34.125670000" lon="-111.653190000">
        <ele>869</ele>
      </trkpt>
      <trkpt lat="34.125590000" lon="-111.653250000">
        <ele>867</ele>
      </trkpt>
      <trkpt lat="34.125510000" lon="-111.653270000">
        <ele>867</ele>
      </trkpt>
      <trkpt lat="34.125430000" lon="-111.653150000">
        <ele>870</ele>
      </trkpt>
      <trkpt lat="34.125410000" lon="-111.653080000">
        <ele>872</ele>
      </trkpt>
      <trkpt lat="34.125390000" lon="-111.653090000">
        <ele>872</ele>
      </trkpt>
      <trkpt lat="34.125350000" lon="-111.653190000">
        <ele>869</ele>
      </trkpt>
      <trkpt lat="34.125320000" lon="-111.653180000">
        <ele>869</ele>
      </trkpt>
      <trkpt lat="34.125310000" lon="-111.653120000">
        <ele>871</ele>
      </trkpt>
      <trkpt lat="34.125330000" lon="-111.652980000">
        <ele>875</ele>
      </trkpt>
      <trkpt lat="34.125310000" lon="-111.652920000">
        <ele>877</ele>
      </trkpt>
      <trkpt lat="34.125260000" lon="-111.652920000">
        <ele>877</ele>
      </trkpt>
      <trkpt lat="34.125130000" lon="-111.652830000">
        <ele>879</ele>
      </trkpt>
      <trkpt lat="34.125020000" lon="-111.652790000">
        <ele>879</ele>
      </trkpt>
      <trkpt lat="34.124750000" lon="-111.652610000">
        <ele>870</ele>
      </trkpt>
      <trkpt lat="34.124590000" lon="-111.652390000">
        <ele>870</ele>
      </trkpt>
      <trkpt lat="34.124360000" lon="-111.652230000">
        <ele>869</ele>
      </trkpt>
      <trkpt lat="34.124180000" lon="-111.652050000">
        <ele>875</ele>
      </trkpt>
      <trkpt lat="34.124300000" lon="-111.652100000">
        <ele>874</ele>
      </trkpt>
      <trkpt lat="34.124340000" lon="-111.652050000">
        <ele>876</ele>
      </trkpt>
      <trkpt lat="34.124270000" lon="-111.651910000">
        <ele>877</ele>
      </trkpt>
      <trkpt lat="34.124190000" lon="-111.651810000">
        <ele>878</ele>
      </trkpt>
      <trkpt lat="34.124180000" lon="-111.651740000">
        <ele>878</ele>
      </trkpt>
      <trkpt lat="34.124180000" lon="-111.651770000">
        <ele>878</ele>
      </trkpt>
      <trkpt lat="34.124110000" lon="-111.651750000">
        <ele>878</ele>
      </trkpt>
      <trkpt lat="34.123960000" lon="-111.651630000">
        <ele>878</ele>
      </trkpt>
      <trkpt lat="34.123770000" lon="-111.651520000">
        <ele>878</ele>
      </trkpt>
      <trkpt lat="34.123630000" lon="-111.651370000">
        <ele>878</ele>
      </trkpt>
      <trkpt lat="34.123460000" lon="-111.651270000">
        <ele>878</ele>
      </trkpt>
      <trkpt lat="34.123340000" lon="-111.651080000">
        <ele>878</ele>
      </trkpt>
      <trkpt lat="34.123180000" lon="-111.650940000">
        <ele>878</ele>
      </trkpt>
      <trkpt lat="34.123040000" lon="-111.650860000">
        <ele>880</ele>
      </trkpt>
      <trkpt lat="34.122930000" lon="-111.650750000">
        <ele>881</ele>
      </trkpt>
      <trkpt lat="34.122870000" lon="-111.650740000">
        <ele>883</ele>
      </trkpt>
      <trkpt lat="34.122820000" lon="-111.650610000">
        <ele>884</ele>
      </trkpt>
      <trkpt lat="34.122730000" lon="-111.650540000">
        <ele>887</ele>
      </trkpt>
      <trkpt lat="34.122610000" lon="-111.650370000">
        <ele>889</ele>
      </trkpt>
      <trkpt lat="34.122490000" lon="-111.650160000">
        <ele>890</ele>
      </trkpt>
      <trkpt lat="34.122480000" lon="-111.650090000">
        <ele>890</ele>
      </trkpt>
      <trkpt lat="34.122420000" lon="-111.650050000">
        <ele>891</ele>
      </trkpt>
      <trkpt lat="34.122090000" lon="-111.649660000">
        <ele>899</ele>
      </trkpt>
      <trkpt lat="34.121970000" lon="-111.649670000">
        <ele>902</ele>
      </trkpt>
      <trkpt lat="34.121960000" lon="-111.649580000">
        <ele>902</ele>
      </trkpt>
      <trkpt lat="34.121810000" lon="-111.649540000">
        <ele>905</ele>
      </trkpt>
      <trkpt lat="34.121560000" lon="-111.649390000">
        <ele>909</ele>
      </trkpt>
      <trkpt lat="34.121530000" lon="-111.649390000">
        <ele>910</ele>
      </trkpt>
      <trkpt lat="34.121400000" lon="-111.649300000">
        <ele>910</ele>
      </trkpt>
      <trkpt lat="34.121370000" lon="-111.649150000">
        <ele>908</ele>
      </trkpt>
      <trkpt lat="34.121200000" lon="-111.649000000">
        <ele>910</ele>
      </trkpt>
      <trkpt lat="34.121180000" lon="-111.648940000">
        <ele>910</ele>
      </trkpt>
      <trkpt lat="34.121110000" lon="-111.648870000">
        <ele>911</ele>
      </trkpt>
      <trkpt lat="34.120930000" lon="-111.648540000">
        <ele>913</ele>
      </trkpt>
      <trkpt lat="34.120890000" lon="-111.648430000">
        <ele>913</ele>
      </trkpt>
      <trkpt lat="34.120650000" lon="-111.648260000">
        <ele>915</ele>
      </trkpt>
      <trkpt lat="34.120440000" lon="-111.648040000">
        <ele>913</ele>
      </trkpt>
      <trkpt lat="34.120370000" lon="-111.647910000">
        <ele>911</ele>
      </trkpt>
      <trkpt lat="34.120280000" lon="-111.647840000">
        <ele>909</ele>
      </trkpt>
      <trkpt lat="34.120230000" lon="-111.647820000">
        <ele>908</ele>
      </trkpt>
      <trkpt lat="34.120080000" lon="-111.647720000">
        <ele>904</ele>
      </trkpt>
      <trkpt lat="34.119920000" lon="-111.647560000">
        <ele>902</ele>
      </trkpt>
      <trkpt lat="34.119810000" lon="-111.647390000">
        <ele>900</ele>
      </trkpt>
      <trkpt lat="34.119680000" lon="-111.647260000">
        <ele>897</ele>
      </trkpt>
      <trkpt lat="34.119570000" lon="-111.647050000">
        <ele>897</ele>
      </trkpt>
      <trkpt lat="34.119550000" lon="-111.646930000">
        <ele>897</ele>
      </trkpt>
      <trkpt lat="34.119490000" lon="-111.646870000">
        <ele>896</ele>
      </trkpt>
      <trkpt lat="34.119440000" lon="-111.646850000">
        <ele>895</ele>
      </trkpt>
      <trkpt lat="34.119370000" lon="-111.646870000">
        <ele>893</ele>
      </trkpt>
      <trkpt lat="34.119260000" lon="-111.646820000">
        <ele>892</ele>
      </trkpt>
      <trkpt lat="34.119180000" lon="-111.646830000">
        <ele>891</ele>
      </trkpt>
      <trkpt lat="34.119110000" lon="-111.646810000">
        <ele>890</ele>
      </trkpt>
      <trkpt lat="34.119070000" lon="-111.646760000">
        <ele>890</ele>
      </trkpt>
      <trkpt lat="34.119000000" lon="-111.646590000">
        <ele>889</ele>
      </trkpt>
      <trkpt lat="34.118830000" lon="-111.646490000">
        <ele>890</ele>
      </trkpt>
      <trkpt lat="34.118730000" lon="-111.646470000">
        <ele>891</ele>
      </trkpt>
      <trkpt lat="34.118690000" lon="-111.646500000">
        <ele>891</ele>
      </trkpt>
      <trkpt lat="34.118510000" lon="-111.646500000">
        <ele>895</ele>
      </trkpt>
      <trkpt lat="34.118360000" lon="-111.646540000">
        <ele>899</ele>
      </trkpt>
      <trkpt lat="34.118070000" lon="-111.646410000">
        <ele>903</ele>
      </trkpt>
      <trkpt lat="34.117970000" lon="-111.646340000">
        <ele>903</ele>
      </trkpt>
      <trkpt lat="34.117930000" lon="-111.646260000">
        <ele>902</ele>
      </trkpt>
      <trkpt lat="34.117660000" lon="-111.646020000">
        <ele>899</ele>
      </trkpt>
      <trkpt lat="34.117500000" lon="-111.645720000">
        <ele>897</ele>
      </trkpt>
      <trkpt lat="34.117470000" lon="-111.645610000">
        <ele>897</ele>
      </trkpt>
      <trkpt lat="34.117320000" lon="-111.645470000">
        <ele>894</ele>
      </trkpt>
      <trkpt lat="34.117210000" lon="-111.645310000">
        <ele>893</ele>
      </trkpt>
      <trkpt lat="34.117150000" lon="-111.645300000">
        <ele>893</ele>
      </trkpt>
      <trkpt lat="34.117080000" lon="-111.645240000">
        <ele>892</ele>
      </trkpt>
      <trkpt lat="34.116960000" lon="-111.645190000">
        <ele>891</ele>
      </trkpt>
      <trkpt lat="34.116910000" lon="-111.645200000">
        <ele>891</ele>
      </trkpt>
      <trkpt lat="34.116860000" lon="-111.645240000">
        <ele>890</ele>
      </trkpt>
      <trkpt lat="34.116690000" lon="-111.645280000">
        <ele>890</ele>
      </trkpt>
      <trkpt lat="34.116560000" lon="-111.645360000">
        <ele>889</ele>
      </trkpt>
      <trkpt lat="34.116350000" lon="-111.645360000">
        <ele>886</ele>
      </trkpt>
      <trkpt lat="34.116330000" lon="-111.645330000">
        <ele>886</ele>
      </trkpt>
      <trkpt lat="34.116320000" lon="-111.645660000">
        <ele>884</ele>
      </trkpt>
      <trkpt lat="34.116290000" lon="-111.645760000">
        <ele>883</ele>
      </trkpt>
      <trkpt lat="34.116180000" lon="-111.645920000">
        <ele>880</ele>
      </trkpt>
      <trkpt lat="34.116130000" lon="-111.646160000">
        <ele>877</ele>
      </trkpt>
      <trkpt lat="34.116120000" lon="-111.646190000">
        <ele>877</ele>
      </trkpt>
      <trkpt lat="34.116200000" lon="-111.646250000">
        <ele>877</ele>
      </trkpt>
      <trkpt lat="34.116190000" lon="-111.646650000">
        <ele>878</ele>
      </trkpt>
      <trkpt lat="34.116020000" lon="-111.647190000">
        <ele>871</ele>
      </trkpt>
      <trkpt lat="34.115920000" lon="-111.647610000">
        <ele>867</ele>
      </trkpt>
      <trkpt lat="34.115750000" lon="-111.647900000">
        <ele>866</ele>
      </trkpt>
      <trkpt lat="34.115670000" lon="-111.647950000">
        <ele>864</ele>
      </trkpt>
      <trkpt lat="34.115660000" lon="-111.648140000">
        <ele>865</ele>
      </trkpt>
      <trkpt lat="34.115610000" lon="-111.648280000">
        <ele>864</ele>
      </trkpt>
      <trkpt lat="34.115570000" lon="-111.648290000">
        <ele>863</ele>
      </trkpt>
      <trkpt lat="34.115570000" lon="-111.648270000">
        <ele>863</ele>
      </trkpt>
      <trkpt lat="34.115530000" lon="-111.648270000">
        <ele>862</ele>
      </trkpt>
      <trkpt lat="34.115450000" lon="-111.648400000">
        <ele>861</ele>
      </trkpt>
      <trkpt lat="34.115370000" lon="-111.648440000">
        <ele>860</ele>
      </trkpt>
      <trkpt lat="34.115330000" lon="-111.648480000">
        <ele>859</ele>
      </trkpt>
      <trkpt lat="34.115020000" lon="-111.648500000">
        <ele>855</ele>
      </trkpt>
      <trkpt lat="34.114990000" lon="-111.648530000">
        <ele>855</ele>
      </trkpt>
      <trkpt lat="34.114960000" lon="-111.648510000">
        <ele>855</ele>
      </trkpt>
      <trkpt lat="34.114970000" lon="-111.648470000">
        <ele>856</ele>
      </trkpt>
      <trkpt lat="34.114990000" lon="-111.648470000">
        <ele>856</ele>
      </trkpt>
      <trkpt lat="34.115000000" lon="-111.648430000">
        <ele>856</ele>
      </trkpt>
      <trkpt lat="34.115120000" lon="-111.648670000">
        <ele>855</ele>
      </trkpt>
      <trkpt lat="34.115030000" lon="-111.648470000">
        <ele>856</ele>
      </trkpt>
      <trkpt lat="34.115080000" lon="-111.648400000">
        <ele>856</ele>
      </trkpt>
      <trkpt lat="34.115170000" lon="-111.648370000">
        <ele>857</ele>
      </trkpt>
      <trkpt lat="34.115280000" lon="-111.648410000">
        <ele>858</ele>
      </trkpt>
      <trkpt lat="34.115300000" lon="-111.648340000">
        <ele>859</ele>
      </trkpt>
      <trkpt lat="34.115340000" lon="-111.648290000">
        <ele>859</ele>
      </trkpt>
      <trkpt lat="34.115420000" lon="-111.648290000">
        <ele>860</ele>
      </trkpt>
      <trkpt lat="34.115460000" lon="-111.648350000">
        <ele>861</ele>
      </trkpt>
      <trkpt lat="34.115510000" lon="-111.648480000">
        <ele>863</ele>
      </trkpt>
      <trkpt lat="34.115360000" lon="-111.648610000">
        <ele>859</ele>
      </trkpt>
      <trkpt lat="34.115390000" lon="-111.648880000">
        <ele>859</ele>
      </trkpt>
      <trkpt lat="34.115320000" lon="-111.649010000">
        <ele>857</ele>
      </trkpt>
      <trkpt lat="34.115370000" lon="-111.649020000">
        <ele>858</ele>
      </trkpt>
      <trkpt lat="34.115410000" lon="-111.649110000">
        <ele>859</ele>
      </trkpt>
      <trkpt lat="34.115460000" lon="-111.649130000">
        <ele>859</ele>
      </trkpt>
      <trkpt lat="34.115510000" lon="-111.649200000">
        <ele>859</ele>
      </trkpt>
      <trkpt lat="34.115560000" lon="-111.649390000">
        <ele>859</ele>
      </trkpt>
      <trkpt lat="34.115680000" lon="-111.649650000">
        <ele>858</ele>
      </trkpt>
      <trkpt lat="34.115730000" lon="-111.649880000">
        <ele>856</ele>
      </trkpt>
      <trkpt lat="34.115760000" lon="-111.650120000">
        <ele>855</ele>
      </trkpt>
      <trkpt lat="34.115690000" lon="-111.650330000">
        <ele>853</ele>
      </trkpt>
      <trkpt lat="34.115580000" lon="-111.650580000">
        <ele>852</ele>
      </trkpt>
      <trkpt lat="34.115620000" lon="-111.650700000">
        <ele>852</ele>
      </trkpt>
      <trkpt lat="34.115660000" lon="-111.651050000">
        <ele>852</ele>
      </trkpt>
      <trkpt lat="34.115600000" lon="-111.651250000">
        <ele>850</ele>
      </trkpt>
      <trkpt lat="34.115610000" lon="-111.651450000">
        <ele>849</ele>
      </trkpt>
      <trkpt lat="34.115550000" lon="-111.651570000">
        <ele>848</ele>
      </trkpt>
      <trkpt lat="34.115480000" lon="-111.651840000">
        <ele>847</ele>
      </trkpt>
      <trkpt lat="34.115460000" lon="-111.651980000">
        <ele>846</ele>
      </trkpt>
      <trkpt lat="34.115480000" lon="-111.652010000">
        <ele>846</ele>
      </trkpt>
      <trkpt lat="34.115470000" lon="-111.652210000">
        <ele>845</ele>
      </trkpt>
      <trkpt lat="34.115410000" lon="-111.652370000">
        <ele>843</ele>
      </trkpt>
      <trkpt lat="34.115410000" lon="-111.652520000">
        <ele>843</ele>
      </trkpt>
      <trkpt lat="34.115460000" lon="-111.652950000">
        <ele>843</ele>
      </trkpt>
      <trkpt lat="34.115530000" lon="-111.653040000">
        <ele>843</ele>
      </trkpt>
      <trkpt lat="34.115540000" lon="-111.653100000">
        <ele>843</ele>
      </trkpt>
      <trkpt lat="34.115520000" lon="-111.653220000">
        <ele>842</ele>
      </trkpt>
      <trkpt lat="34.115640000" lon="-111.653340000">
        <ele>842</ele>
      </trkpt>
      <trkpt lat="34.115700000" lon="-111.653460000">
        <ele>841</ele>
      </trkpt>
      <trkpt lat="34.115770000" lon="-111.653540000">
        <ele>841</ele>
      </trkpt>
      <trkpt lat="34.115780000" lon="-111.653600000">
        <ele>841</ele>
      </trkpt>
      <trkpt lat="34.115810000" lon="-111.653760000">
        <ele>841</ele>
      </trkpt>
      <trkpt lat="34.115810000" lon="-111.653930000">
        <ele>840</ele>
      </trkpt>
      <trkpt lat="34.115830000" lon="-111.653980000">
        <ele>840</ele>
      </trkpt>
      <trkpt lat="34.115860000" lon="-111.654270000">
        <ele>840</ele>
      </trkpt>
      <trkpt lat="34.115830000" lon="-111.654330000">
        <ele>839</ele>
      </trkpt>
      <trkpt lat="34.115880000" lon="-111.654430000">
        <ele>839</ele>
      </trkpt>
      <trkpt lat="34.115880000" lon="-111.654520000">
        <ele>838</ele>
      </trkpt>
      <trkpt lat="34.115800000" lon="-111.654620000">
        <ele>838</ele>
      </trkpt>
      <trkpt lat="34.115820000" lon="-111.654600000">
        <ele>838</ele>
      </trkpt>
      <trkpt lat="34.115970000" lon="-111.654730000">
        <ele>837</ele>
      </trkpt>
      <trkpt lat="34.116020000" lon="-111.654830000">
        <ele>836</ele>
      </trkpt>
      <trkpt lat="34.116020000" lon="-111.654900000">
        <ele>835</ele>
      </trkpt>
      <trkpt lat="34.115930000" lon="-111.655180000">
        <ele>832</ele>
      </trkpt>
      <trkpt lat="34.115690000" lon="-111.655400000">
        <ele>831</ele>
      </trkpt>
      <trkpt lat="34.115690000" lon="-111.655430000">
        <ele>831</ele>
      </trkpt>
      <trkpt lat="34.115720000" lon="-111.655470000">
        <ele>830</ele>
      </trkpt>
      <trkpt lat="34.115710000" lon="-111.655530000">
        <ele>830</ele>
      </trkpt>
      <trkpt lat="34.115750000" lon="-111.655610000">
        <ele>829</ele>
      </trkpt>
      <trkpt lat="34.115860000" lon="-111.655670000">
        <ele>829</ele>
      </trkpt>
      <trkpt lat="34.115950000" lon="-111.655680000">
        <ele>829</ele>
      </trkpt>
      <trkpt lat="34.116000000" lon="-111.655700000">
        <ele>829</ele>
      </trkpt>
      <trkpt lat="34.115940000" lon="-111.655760000">
        <ele>829</ele>
      </trkpt>
      <trkpt lat="34.115940000" lon="-111.655800000">
        <ele>829</ele>
      </trkpt>
      <trkpt lat="34.115980000" lon="-111.655890000">
        <ele>829</ele>
      </trkpt>
      <trkpt lat="34.115970000" lon="-111.656000000">
        <ele>829</ele>
      </trkpt>
      <trkpt lat="34.116000000" lon="-111.656000000">
        <ele>829</ele>
      </trkpt>
      <trkpt lat="34.116010000" lon="-111.656050000">
        <ele>829</ele>
      </trkpt>
      <trkpt lat="34.115970000" lon="-111.656190000">
        <ele>829</ele>
      </trkpt>
      <trkpt lat="34.115900000" lon="-111.656340000">
        <ele>829</ele>
      </trkpt>
      <trkpt lat="34.115960000" lon="-111.656400000">
        <ele>829</ele>
      </trkpt>
      <trkpt lat="34.115980000" lon="-111.656490000">
        <ele>829</ele>
      </trkpt>
      <trkpt lat="34.115960000" lon="-111.656560000">
        <ele>829</ele>
      </trkpt>
      <trkpt lat="34.115980000" lon="-111.656650000">
        <ele>829</ele>
      </trkpt>
      <trkpt lat="34.115910000" lon="-111.656730000">
        <ele>829</ele>
      </trkpt>
      <trkpt lat="34.115910000" lon="-111.656790000">
        <ele>829</ele>
      </trkpt>
      <trkpt lat="34.115860000" lon="-111.656880000">
        <ele>829</ele>
      </trkpt>
      <trkpt lat="34.115850000" lon="-111.657000000">
        <ele>829</ele>
      </trkpt>
      <trkpt lat="34.115800000" lon="-111.657130000">
        <ele>829</ele>
      </trkpt>
      <trkpt lat="34.115740000" lon="-111.657220000">
        <ele>829</ele>
      </trkpt>
      <trkpt lat="34.115690000" lon="-111.657360000">
        <ele>829</ele>
      </trkpt>
      <trkpt lat="34.115680000" lon="-111.657280000">
        <ele>829</ele>
      </trkpt>
      <trkpt lat="34.115700000" lon="-111.657520000">
        <ele>830</ele>
      </trkpt>
      <trkpt lat="34.115670000" lon="-111.657800000">
        <ele>830</ele>
      </trkpt>
      <trkpt lat="34.115740000" lon="-111.657860000">
        <ele>830</ele>
      </trkpt>
      <trkpt lat="34.115800000" lon="-111.658000000">
        <ele>830</ele>
      </trkpt>
      <trkpt lat="34.115800000" lon="-111.658230000">
        <ele>829</ele>
      </trkpt>
      <trkpt lat="34.115790000" lon="-111.658320000">
        <ele>829</ele>
      </trkpt>
      <trkpt lat="34.115640000" lon="-111.658640000">
        <ele>829</ele>
      </trkpt>
      <trkpt lat="34.115630000" lon="-111.658850000">
        <ele>829</ele>
      </trkpt>
      <trkpt lat="34.115470000" lon="-111.658930000">
        <ele>829</ele>
      </trkpt>
      <trkpt lat="34.115440000" lon="-111.658970000">
        <ele>829</ele>
      </trkpt>
      <trkpt lat="34.115310000" lon="-111.659060000">
        <ele>829</ele>
      </trkpt>
      <trkpt lat="34.115220000" lon="-111.659190000">
        <ele>829</ele>
      </trkpt>
      <trkpt lat="34.115170000" lon="-111.659180000">
        <ele>829</ele>
      </trkpt>
      <trkpt lat="34.115110000" lon="-111.659130000">
        <ele>829</ele>
      </trkpt>
      <trkpt lat="34.115090000" lon="-111.659150000">
        <ele>829</ele>
      </trkpt>
      <trkpt lat="34.115010000" lon="-111.659100000">
        <ele>829</ele>
      </trkpt>
      <trkpt lat="34.114950000" lon="-111.659180000">
        <ele>829</ele>
      </trkpt>
      <trkpt lat="34.114910000" lon="-111.659180000">
        <ele>829</ele>
      </trkpt>
      <trkpt lat="34.114900000" lon="-111.659220000">
        <ele>829</ele>
      </trkpt>
      <trkpt lat="34.114870000" lon="-111.659220000">
        <ele>829</ele>
      </trkpt>
      <trkpt lat="34.114870000" lon="-111.659270000">
        <ele>829</ele>
      </trkpt>
      <trkpt lat="34.114820000" lon="-111.659190000">
        <ele>829</ele>
      </trkpt>
      <trkpt lat="34.114780000" lon="-111.659160000">
        <ele>829</ele>
      </trkpt>
      <trkpt lat="34.114690000" lon="-111.659200000">
        <ele>829</ele>
      </trkpt>
      <trkpt lat="34.114650000" lon="-111.659260000">
        <ele>829</ele>
      </trkpt>
      <trkpt lat="34.114540000" lon="-111.659340000">
        <ele>829</ele>
      </trkpt>
      <trkpt lat="34.114280000" lon="-111.659430000">
        <ele>832</ele>
      </trkpt>
      <trkpt lat="34.114250000" lon="-111.659500000">
        <ele>833</ele>
      </trkpt>
      <trkpt lat="34.114200000" lon="-111.659530000">
        <ele>833</ele>
      </trkpt>
      <trkpt lat="34.114030000" lon="-111.659560000">
        <ele>835</ele>
      </trkpt>
      <trkpt lat="34.113950000" lon="-111.659600000">
        <ele>837</ele>
      </trkpt>
      <trkpt lat="34.113830000" lon="-111.659710000">
        <ele>839</ele>
      </trkpt>
      <trkpt lat="34.113760000" lon="-111.659740000">
        <ele>840</ele>
      </trkpt>
      <trkpt lat="34.113760000" lon="-111.659910000">
        <ele>841</ele>
      </trkpt>
      <trkpt lat="34.113650000" lon="-111.659990000">
        <ele>842</ele>
      </trkpt>
      <trkpt lat="34.113570000" lon="-111.660020000">
        <ele>843</ele>
      </trkpt>
      <trkpt lat="34.113430000" lon="-111.660010000">
        <ele>844</ele>
      </trkpt>
      <trkpt lat="34.113390000" lon="-111.660030000">
        <ele>845</ele>
      </trkpt>
      <trkpt lat="34.113420000" lon="-111.660040000">
        <ele>845</ele>
      </trkpt>
      <trkpt lat="34.113420000" lon="-111.660100000">
        <ele>845</ele>
      </trkpt>
      <trkpt lat="34.113360000" lon="-111.660090000">
        <ele>846</ele>
      </trkpt>
      <trkpt lat="34.113080000" lon="-111.660220000">
        <ele>853</ele>
      </trkpt>
      <trkpt lat="34.113030000" lon="-111.660260000">
        <ele>854</ele>
      </trkpt>
      <trkpt lat="34.113020000" lon="-111.660300000">
        <ele>855</ele>
      </trkpt>
      <trkpt lat="34.112890000" lon="-111.660390000">
        <ele>860</ele>
      </trkpt>
      <trkpt lat="34.112760000" lon="-111.660600000">
        <ele>863</ele>
      </trkpt>
      <trkpt lat="34.112710000" lon="-111.660610000">
        <ele>865</ele>
      </trkpt>
      <trkpt lat="34.112530000" lon="-111.660830000">
        <ele>871</ele>
      </trkpt>
      <trkpt lat="34.112460000" lon="-111.660880000">
        <ele>873</ele>
      </trkpt>
      <trkpt lat="34.112400000" lon="-111.660890000">
        <ele>875</ele>
      </trkpt>
      <trkpt lat="34.112300000" lon="-111.661020000">
        <ele>877</ele>
      </trkpt>
      <trkpt lat="34.112220000" lon="-111.661020000">
        <ele>880</ele>
      </trkpt>
      <trkpt lat="34.112060000" lon="-111.661080000">
        <ele>883</ele>
      </trkpt>
      <trkpt lat="34.112000000" lon="-111.661080000">
        <ele>885</ele>
      </trkpt>
      <trkpt lat="34.111910000" lon="-111.661160000">
        <ele>886</ele>
      </trkpt>
      <trkpt lat="34.111840000" lon="-111.661260000">
        <ele>886</ele>
      </trkpt>
      <trkpt lat="34.111770000" lon="-111.661320000">
        <ele>886</ele>
      </trkpt>
      <trkpt lat="34.111710000" lon="-111.661470000">
        <ele>885</ele>
      </trkpt>
      <trkpt lat="34.111550000" lon="-111.661620000">
        <ele>888</ele>
      </trkpt>
      <trkpt lat="34.111470000" lon="-111.661780000">
        <ele>889</ele>
      </trkpt>
      <trkpt lat="34.111410000" lon="-111.661810000">
        <ele>891</ele>
      </trkpt>
      <trkpt lat="34.111360000" lon="-111.661810000">
        <ele>893</ele>
      </trkpt>
      <trkpt lat="34.111230000" lon="-111.661910000">
        <ele>897</ele>
      </trkpt>
      <trkpt lat="34.111170000" lon="-111.661920000">
        <ele>899</ele>
      </trkpt>
      <trkpt lat="34.111060000" lon="-111.662060000">
        <ele>902</ele>
      </trkpt>
      <trkpt lat="34.111070000" lon="-111.662130000">
        <ele>903</ele>
      </trkpt>
      <trkpt lat="34.111040000" lon="-111.662160000">
        <ele>904</ele>
      </trkpt>
      <trkpt lat="34.111000000" lon="-111.662120000">
        <ele>904</ele>
      </trkpt>
      <trkpt lat="34.110970000" lon="-111.662130000">
        <ele>905</ele>
      </trkpt>
      <trkpt lat="34.110780000" lon="-111.662220000">
        <ele>910</ele>
      </trkpt>
      <trkpt lat="34.110720000" lon="-111.662450000">
        <ele>912</ele>
      </trkpt>
      <trkpt lat="34.110630000" lon="-111.662560000">
        <ele>913</ele>
      </trkpt>
      <trkpt lat="34.110630000" lon="-111.662630000">
        <ele>914</ele>
      </trkpt>
      <trkpt lat="34.110540000" lon="-111.662770000">
        <ele>912</ele>
      </trkpt>
      <trkpt lat="34.110540000" lon="-111.662840000">
        <ele>911</ele>
      </trkpt>
      <trkpt lat="34.110490000" lon="-111.662890000">
        <ele>910</ele>
      </trkpt>
      <trkpt lat="34.110530000" lon="-111.663140000">
        <ele>907</ele>
      </trkpt>
      <trkpt lat="34.110470000" lon="-111.663220000">
        <ele>905</ele>
      </trkpt>
      <trkpt lat="34.110420000" lon="-111.663370000">
        <ele>902</ele>
      </trkpt>
      <trkpt lat="34.110310000" lon="-111.663470000">
        <ele>899</ele>
      </trkpt>
      <trkpt lat="34.110220000" lon="-111.663470000">
        <ele>898</ele>
      </trkpt>
      <trkpt lat="34.110190000" lon="-111.663450000">
        <ele>897</ele>
      </trkpt>
      <trkpt lat="34.110190000" lon="-111.663510000">
        <ele>897</ele>
      </trkpt>
      <trkpt lat="34.110130000" lon="-111.663560000">
        <ele>895</ele>
      </trkpt>
      <trkpt lat="34.110100000" lon="-111.663550000">
        <ele>895</ele>
      </trkpt>
      <trkpt lat="34.110050000" lon="-111.663570000">
        <ele>894</ele>
      </trkpt>
      <trkpt lat="34.109920000" lon="-111.663790000">
        <ele>890</ele>
      </trkpt>
      <trkpt lat="34.109770000" lon="-111.663830000">
        <ele>889</ele>
      </trkpt>
      <trkpt lat="34.109820000" lon="-111.663770000">
        <ele>889</ele>
      </trkpt>
      <trkpt lat="34.109870000" lon="-111.663890000">
        <ele>888</ele>
      </trkpt>
      <trkpt lat="34.109930000" lon="-111.664250000">
        <ele>884</ele>
      </trkpt>
      <trkpt lat="34.109890000" lon="-111.664300000">
        <ele>882</ele>
      </trkpt>
      <trkpt lat="34.109830000" lon="-111.664300000">
        <ele>880</ele>
      </trkpt>
      <trkpt lat="34.109720000" lon="-111.664150000">
        <ele>880</ele>
      </trkpt>
      <trkpt lat="34.109700000" lon="-111.664150000">
        <ele>880</ele>
      </trkpt>
      <trkpt lat="34.109690000" lon="-111.664240000">
        <ele>878</ele>
      </trkpt>
      <trkpt lat="34.109620000" lon="-111.664390000">
        <ele>878</ele>
      </trkpt>
      <trkpt lat="34.109640000" lon="-111.664420000">
        <ele>877</ele>
      </trkpt>
      <trkpt lat="34.109620000" lon="-111.664510000">
        <ele>874</ele>
      </trkpt>
      <trkpt lat="34.109640000" lon="-111.664600000">
        <ele>870</ele>
      </trkpt>
      <trkpt lat="34.109590000" lon="-111.664630000">
        <ele>868</ele>
      </trkpt>
      <trkpt lat="34.109610000" lon="-111.664660000">
        <ele>867</ele>
      </trkpt>
      <trkpt lat="34.109600000" lon="-111.664720000">
        <ele>866</ele>
      </trkpt>
      <trkpt lat="34.109560000" lon="-111.664770000">
        <ele>866</ele>
      </trkpt>
      <trkpt lat="34.109400000" lon="-111.665190000">
        <ele>853</ele>
      </trkpt>
      <trkpt lat="34.109310000" lon="-111.665260000">
        <ele>852</ele>
      </trkpt>
      <trkpt lat="34.109140000" lon="-111.665380000">
        <ele>849</ele>
      </trkpt>
      <trkpt lat="34.109090000" lon="-111.665360000">
        <ele>847</ele>
      </trkpt>
      <trkpt lat="34.109020000" lon="-111.665380000">
        <ele>844</ele>
      </trkpt>
      <trkpt lat="34.108810000" lon="-111.665530000">
        <ele>833</ele>
      </trkpt>
      <trkpt lat="34.108710000" lon="-111.665560000">
        <ele>829</ele>
      </trkpt>
      <trkpt lat="34.108570000" lon="-111.665550000">
        <ele>826</ele>
      </trkpt>
      <trkpt lat="34.108500000" lon="-111.665570000">
        <ele>824</ele>
      </trkpt>
      <trkpt lat="34.108420000" lon="-111.665570000">
        <ele>823</ele>
      </trkpt>
      <trkpt lat="34.108300000" lon="-111.665540000">
        <ele>822</ele>
      </trkpt>
      <trkpt lat="34.108200000" lon="-111.665580000">
        <ele>821</ele>
      </trkpt>
      <trkpt lat="34.108060000" lon="-111.665560000">
        <ele>820</ele>
      </trkpt>
      <trkpt lat="34.108090000" lon="-111.665620000">
        <ele>820</ele>
      </trkpt>
      <trkpt lat="34.108070000" lon="-111.665640000">
        <ele>819</ele>
      </trkpt>
      <trkpt lat="34.107890000" lon="-111.665730000">
        <ele>815</ele>
      </trkpt>
      <trkpt lat="34.107810000" lon="-111.665720000">
        <ele>813</ele>
      </trkpt>
      <trkpt lat="34.107830000" lon="-111.665750000">
        <ele>813</ele>
      </trkpt>
      <trkpt lat="34.107820000" lon="-111.665780000">
        <ele>812</ele>
      </trkpt>
      <trkpt lat="34.107750000" lon="-111.665820000">
        <ele>809</ele>
      </trkpt>
      <trkpt lat="34.107680000" lon="-111.665780000">
        <ele>808</ele>
      </trkpt>
      <trkpt lat="34.107560000" lon="-111.665750000">
        <ele>806</ele>
      </trkpt>
      <trkpt lat="34.107410000" lon="-111.665650000">
        <ele>805</ele>
      </trkpt>
      <trkpt lat="34.107220000" lon="-111.665640000">
        <ele>804</ele>
      </trkpt>
      <trkpt lat="34.107140000" lon="-111.665660000">
        <ele>802</ele>
      </trkpt>
      <trkpt lat="34.107070000" lon="-111.665720000">
        <ele>800</ele>
      </trkpt>
      <trkpt lat="34.107020000" lon="-111.665730000">
        <ele>799</ele>
      </trkpt>
      <trkpt lat="34.106990000" lon="-111.665860000">
        <ele>796</ele>
      </trkpt>
      <trkpt lat="34.106870000" lon="-111.665970000">
        <ele>792</ele>
      </trkpt>
      <trkpt lat="34.106790000" lon="-111.666080000">
        <ele>789</ele>
      </trkpt>
      <trkpt lat="34.106750000" lon="-111.666170000">
        <ele>787</ele>
      </trkpt>
      <trkpt lat="34.106620000" lon="-111.666290000">
        <ele>785</ele>
      </trkpt>
      <trkpt lat="34.106530000" lon="-111.666330000">
        <ele>783</ele>
      </trkpt>
      <trkpt lat="34.106520000" lon="-111.666390000">
        <ele>783</ele>
      </trkpt>
      <trkpt lat="34.106490000" lon="-111.666410000">
        <ele>782</ele>
      </trkpt>
      <trkpt lat="34.106300000" lon="-111.666420000">
        <ele>781</ele>
      </trkpt>
      <trkpt lat="34.106200000" lon="-111.666480000">
        <ele>780</ele>
      </trkpt>
      <trkpt lat="34.106130000" lon="-111.666460000">
        <ele>780</ele>
      </trkpt>
      <trkpt lat="34.106010000" lon="-111.666480000">
        <ele>780</ele>
      </trkpt>
      <trkpt lat="34.105830000" lon="-111.666570000">
        <ele>781</ele>
      </trkpt>
      <trkpt lat="34.105730000" lon="-111.666580000">
        <ele>781</ele>
      </trkpt>
      <trkpt lat="34.105660000" lon="-111.666520000">
        <ele>781</ele>
      </trkpt>
      <trkpt lat="34.105660000" lon="-111.666500000">
        <ele>781</ele>
      </trkpt>
      <trkpt lat="34.105630000" lon="-111.666580000">
        <ele>782</ele>
      </trkpt>
      <trkpt lat="34.105580000" lon="-111.666610000">
        <ele>783</ele>
      </trkpt>
      <trkpt lat="34.105520000" lon="-111.666700000">
        <ele>785</ele>
      </trkpt>
      <trkpt lat="34.105320000" lon="-111.666760000">
        <ele>788</ele>
      </trkpt>
      <trkpt lat="34.105310000" lon="-111.666840000">
        <ele>790</ele>
      </trkpt>
      <trkpt lat="34.105220000" lon="-111.666880000">
        <ele>792</ele>
      </trkpt>
      <trkpt lat="34.105120000" lon="-111.666880000">
        <ele>792</ele>
      </trkpt>
      <trkpt lat="34.104830000" lon="-111.667040000">
        <ele>795</ele>
      </trkpt>
      <trkpt lat="34.104550000" lon="-111.667270000">
        <ele>797</ele>
      </trkpt>
      <trkpt lat="34.104400000" lon="-111.667340000">
        <ele>798</ele>
      </trkpt>
      <trkpt lat="34.104350000" lon="-111.667480000">
        <ele>802</ele>
      </trkpt>
      <trkpt lat="34.104210000" lon="-111.667560000">
        <ele>804</ele>
      </trkpt>
      <trkpt lat="34.104170000" lon="-111.667620000">
        <ele>806</ele>
      </trkpt>
      <trkpt lat="34.103920000" lon="-111.667730000">
        <ele>806</ele>
      </trkpt>
      <trkpt lat="34.103870000" lon="-111.667780000">
        <ele>806</ele>
      </trkpt>
      <trkpt lat="34.103860000" lon="-111.667850000">
        <ele>807</ele>
      </trkpt>
      <trkpt lat="34.103820000" lon="-111.667900000">
        <ele>806</ele>
      </trkpt>
      <trkpt lat="34.103810000" lon="-111.668020000">
        <ele>804</ele>
      </trkpt>
      <trkpt lat="34.103690000" lon="-111.668140000">
        <ele>798</ele>
      </trkpt>
      <trkpt lat="34.103590000" lon="-111.668410000">
        <ele>805</ele>
      </trkpt>
      <trkpt lat="34.103450000" lon="-111.668500000">
        <ele>799</ele>
      </trkpt>
      <trkpt lat="34.103420000" lon="-111.668550000">
        <ele>797</ele>
      </trkpt>
      <trkpt lat="34.103330000" lon="-111.668620000">
        <ele>793</ele>
      </trkpt>
      <trkpt lat="34.103330000" lon="-111.668660000">
        <ele>793</ele>
      </trkpt>
      <trkpt lat="34.103260000" lon="-111.668880000">
        <ele>792</ele>
      </trkpt>
      <trkpt lat="34.103200000" lon="-111.668940000">
        <ele>792</ele>
      </trkpt>
      <trkpt lat="34.103050000" lon="-111.669030000">
        <ele>793</ele>
      </trkpt>
      <trkpt lat="34.102930000" lon="-111.669150000">
        <ele>791</ele>
      </trkpt>
      <trkpt lat="34.102830000" lon="-111.669180000">
        <ele>790</ele>
      </trkpt>
      <trkpt lat="34.102820000" lon="-111.669210000">
        <ele>790</ele>
      </trkpt>
      <trkpt lat="34.102790000" lon="-111.669220000">
        <ele>789</ele>
      </trkpt>
      <trkpt lat="34.102710000" lon="-111.669220000">
        <ele>789</ele>
      </trkpt>
      <trkpt lat="34.102690000" lon="-111.669200000">
        <ele>789</ele>
      </trkpt>
      <trkpt lat="34.102590000" lon="-111.669260000">
        <ele>787</ele>
      </trkpt>
      <trkpt lat="34.102470000" lon="-111.669290000">
        <ele>785</ele>
      </trkpt>
      <trkpt lat="34.102410000" lon="-111.669350000">
        <ele>784</ele>
      </trkpt>
      <trkpt lat="34.101990000" lon="-111.669490000">
        <ele>780</ele>
      </trkpt>
      <trkpt lat="34.101810000" lon="-111.669610000">
        <ele>780</ele>
      </trkpt>
      <trkpt lat="34.101610000" lon="-111.669650000">
        <ele>780</ele>
      </trkpt>
      <trkpt lat="34.101590000" lon="-111.669640000">
        <ele>780</ele>
      </trkpt>
      <trkpt lat="34.101590000" lon="-111.669610000">
        <ele>780</ele>
      </trkpt>
      <trkpt lat="34.101620000" lon="-111.669620000">
        <ele>780</ele>
      </trkpt>
      <trkpt lat="34.101600000" lon="-111.669640000">
        <ele>780</ele>
      </trkpt>
      <trkpt lat="34.101490000" lon="-111.669630000">
        <ele>780</ele>
      </trkpt>
      <trkpt lat="34.101110000" lon="-111.669780000">
        <ele>787</ele>
      </trkpt>
      <trkpt lat="34.101090000" lon="-111.669770000">
        <ele>787</ele>
      </trkpt>
      <trkpt lat="34.100960000" lon="-111.669830000">
        <ele>790</ele>
      </trkpt>
      <trkpt lat="34.100770000" lon="-111.669980000">
        <ele>794</ele>
      </trkpt>
      <trkpt lat="34.100640000" lon="-111.669990000">
        <ele>795</ele>
      </trkpt>
      <trkpt lat="34.100510000" lon="-111.670060000">
        <ele>798</ele>
      </trkpt>
      <trkpt lat="34.100420000" lon="-111.670170000">
        <ele>801</ele>
      </trkpt>
      <trkpt lat="34.100370000" lon="-111.670200000">
        <ele>803</ele>
      </trkpt>
      <trkpt lat="34.100300000" lon="-111.670220000">
        <ele>804</ele>
      </trkpt>
      <trkpt lat="34.100220000" lon="-111.670190000">
        <ele>805</ele>
      </trkpt>
      <trkpt lat="34.100070000" lon="-111.670190000">
        <ele>806</ele>
      </trkpt>
      <trkpt lat="34.099970000" lon="-111.670220000">
        <ele>807</ele>
      </trkpt>
      <trkpt lat="34.099940000" lon="-111.670260000">
        <ele>807</ele>
      </trkpt>
      <trkpt lat="34.099890000" lon="-111.670400000">
        <ele>808</ele>
      </trkpt>
      <trkpt lat="34.099780000" lon="-111.670610000">
        <ele>810</ele>
      </trkpt>
      <trkpt lat="34.099790000" lon="-111.670660000">
        <ele>810</ele>
      </trkpt>
      <trkpt lat="34.099770000" lon="-111.670720000">
        <ele>811</ele>
      </trkpt>
      <trkpt lat="34.099730000" lon="-111.670760000">
        <ele>812</ele>
      </trkpt>
      <trkpt lat="34.099770000" lon="-111.670800000">
        <ele>813</ele>
      </trkpt>
      <trkpt lat="34.099800000" lon="-111.670960000">
        <ele>816</ele>
      </trkpt>
      <trkpt lat="34.099720000" lon="-111.671030000">
        <ele>817</ele>
      </trkpt>
      <trkpt lat="34.099600000" lon="-111.671210000">
        <ele>817</ele>
      </trkpt>
      <trkpt lat="34.099530000" lon="-111.671270000">
        <ele>816</ele>
      </trkpt>
      <trkpt lat="34.099470000" lon="-111.671360000">
        <ele>816</ele>
      </trkpt>
      <trkpt lat="34.099400000" lon="-111.671560000">
        <ele>817</ele>
      </trkpt>
      <trkpt lat="34.099190000" lon="-111.671880000">
        <ele>816</ele>
      </trkpt>
      <trkpt lat="34.099160000" lon="-111.672030000">
        <ele>815</ele>
      </trkpt>
      <trkpt lat="34.099030000" lon="-111.672230000">
        <ele>813</ele>
      </trkpt>
      <trkpt lat="34.098970000" lon="-111.672430000">
        <ele>812</ele>
      </trkpt>
      <trkpt lat="34.098880000" lon="-111.672510000">
        <ele>812</ele>
      </trkpt>
      <trkpt lat="34.098880000" lon="-111.672540000">
        <ele>812</ele>
      </trkpt>
      <trkpt lat="34.098830000" lon="-111.672620000">
        <ele>812</ele>
      </trkpt>
      <trkpt lat="34.098750000" lon="-111.672670000">
        <ele>812</ele>
      </trkpt>
      <trkpt lat="34.098740000" lon="-111.672750000">
        <ele>812</ele>
      </trkpt>
      <trkpt lat="34.098560000" lon="-111.673080000">
        <ele>811</ele>
      </trkpt>
      <trkpt lat="34.098480000" lon="-111.673140000">
        <ele>811</ele>
      </trkpt>
      <trkpt lat="34.098460000" lon="-111.673200000">
        <ele>811</ele>
      </trkpt>
      <trkpt lat="34.098430000" lon="-111.673210000">
        <ele>810</ele>
      </trkpt>
      <trkpt lat="34.098360000" lon="-111.673330000">
        <ele>810</ele>
      </trkpt>
      <trkpt lat="34.098290000" lon="-111.673380000">
        <ele>810</ele>
      </trkpt>
      <trkpt lat="34.098230000" lon="-111.673520000">
        <ele>810</ele>
      </trkpt>
      <trkpt lat="34.098090000" lon="-111.673730000">
        <ele>810</ele>
      </trkpt>
      <trkpt lat="34.098070000" lon="-111.673810000">
        <ele>810</ele>
      </trkpt>
      <trkpt lat="34.097890000" lon="-111.674110000">
        <ele>808</ele>
      </trkpt>
      <trkpt lat="34.097860000" lon="-111.674210000">
        <ele>807</ele>
      </trkpt>
      <trkpt lat="34.097760000" lon="-111.674380000">
        <ele>805</ele>
      </trkpt>
      <trkpt lat="34.097740000" lon="-111.674480000">
        <ele>804</ele>
      </trkpt>
      <trkpt lat="34.097660000" lon="-111.674620000">
        <ele>804</ele>
      </trkpt>
      <trkpt lat="34.097530000" lon="-111.674800000">
        <ele>804</ele>
      </trkpt>
      <trkpt lat="34.097440000" lon="-111.674840000">
        <ele>803</ele>
      </trkpt>
      <trkpt lat="34.097420000" lon="-111.674900000">
        <ele>803</ele>
      </trkpt>
      <trkpt lat="34.097230000" lon="-111.675160000">
        <ele>804</ele>
      </trkpt>
      <trkpt lat="34.096840000" lon="-111.675520000">
        <ele>803</ele>
      </trkpt>
      <trkpt lat="34.096790000" lon="-111.675560000">
        <ele>803</ele>
      </trkpt>
      <trkpt lat="34.096730000" lon="-111.675560000">
        <ele>802</ele>
      </trkpt>
      <trkpt lat="34.096710000" lon="-111.675640000">
        <ele>802</ele>
      </trkpt>
      <trkpt lat="34.096570000" lon="-111.675920000">
        <ele>801</ele>
      </trkpt>
      <trkpt lat="34.096440000" lon="-111.676050000">
        <ele>799</ele>
      </trkpt>
      <trkpt lat="34.096440000" lon="-111.676210000">
        <ele>800</ele>
      </trkpt>
      <trkpt lat="34.096380000" lon="-111.676510000">
        <ele>802</ele>
      </trkpt>
      <trkpt lat="34.096320000" lon="-111.676680000">
        <ele>800</ele>
      </trkpt>
      <trkpt lat="34.096320000" lon="-111.676900000">
        <ele>800</ele>
      </trkpt>
      <trkpt lat="34.096220000" lon="-111.677100000">
        <ele>799</ele>
      </trkpt>
      <trkpt lat="34.096220000" lon="-111.677300000">
        <ele>799</ele>
      </trkpt>
      <trkpt lat="34.096150000" lon="-111.677450000">
        <ele>797</ele>
      </trkpt>
      <trkpt lat="34.096170000" lon="-111.677670000">
        <ele>798</ele>
      </trkpt>
      <trkpt lat="34.096090000" lon="-111.677880000">
        <ele>799</ele>
      </trkpt>
      <trkpt lat="34.095970000" lon="-111.678030000">
        <ele>800</ele>
      </trkpt>
      <trkpt lat="34.095920000" lon="-111.678170000">
        <ele>800</ele>
      </trkpt>
      <trkpt lat="34.095870000" lon="-111.678260000">
        <ele>800</ele>
      </trkpt>
      <trkpt lat="34.095870000" lon="-111.678350000">
        <ele>799</ele>
      </trkpt>
      <trkpt lat="34.095810000" lon="-111.678470000">
        <ele>797</ele>
      </trkpt>
      <trkpt lat="34.095800000" lon="-111.678530000">
        <ele>796</ele>
      </trkpt>
      <trkpt lat="34.095690000" lon="-111.678740000">
        <ele>793</ele>
      </trkpt>
      <trkpt lat="34.095640000" lon="-111.678970000">
        <ele>792</ele>
      </trkpt>
      <trkpt lat="34.095590000" lon="-111.679020000">
        <ele>791</ele>
      </trkpt>
      <trkpt lat="34.095540000" lon="-111.679010000">
        <ele>791</ele>
      </trkpt>
      <trkpt lat="34.095570000" lon="-111.678970000">
        <ele>792</ele>
      </trkpt>
      <trkpt lat="34.095680000" lon="-111.679010000">
        <ele>791</ele>
      </trkpt>
      <trkpt lat="34.095810000" lon="-111.679200000">
        <ele>788</ele>
      </trkpt>
      <trkpt lat="34.095890000" lon="-111.679380000">
        <ele>786</ele>
      </trkpt>
      <trkpt lat="34.095980000" lon="-111.679810000">
        <ele>787</ele>
      </trkpt>
      <trkpt lat="34.096080000" lon="-111.680100000">
        <ele>789</ele>
      </trkpt>
      <trkpt lat="34.096090000" lon="-111.680340000">
        <ele>788</ele>
      </trkpt>
      <trkpt lat="34.096230000" lon="-111.680550000">
        <ele>789</ele>
      </trkpt>
      <trkpt lat="34.096290000" lon="-111.680730000">
        <ele>789</ele>
      </trkpt>
      <trkpt lat="34.096340000" lon="-111.681100000">
        <ele>789</ele>
      </trkpt>
      <trkpt lat="34.096230000" lon="-111.682010000">
        <ele>787</ele>
      </trkpt>
      <trkpt lat="34.096240000" lon="-111.682170000">
        <ele>788</ele>
      </trkpt>
      <trkpt lat="34.096220000" lon="-111.682280000">
        <ele>788</ele>
      </trkpt>
      <trkpt lat="34.096240000" lon="-111.682360000">
        <ele>789</ele>
      </trkpt>
      <trkpt lat="34.096210000" lon="-111.682500000">
        <ele>789</ele>
      </trkpt>
      <trkpt lat="34.096180000" lon="-111.682770000">
        <ele>790</ele>
      </trkpt>
      <trkpt lat="34.096100000" lon="-111.682960000">
        <ele>791</ele>
      </trkpt>
      <trkpt lat="34.096070000" lon="-111.683160000">
        <ele>791</ele>
      </trkpt>
      <trkpt lat="34.095970000" lon="-111.683450000">
        <ele>791</ele>
      </trkpt>
      <trkpt lat="34.095960000" lon="-111.683600000">
        <ele>792</ele>
      </trkpt>
      <trkpt lat="34.095780000" lon="-111.683920000">
        <ele>792</ele>
      </trkpt>
      <trkpt lat="34.095780000" lon="-111.684110000">
        <ele>791</ele>
      </trkpt>
      <trkpt lat="34.095700000" lon="-111.684610000">
        <ele>789</ele>
      </trkpt>
      <trkpt lat="34.095750000" lon="-111.685490000">
        <ele>782</ele>
      </trkpt>
      <trkpt lat="34.095710000" lon="-111.685640000">
        <ele>782</ele>
      </trkpt>
      <trkpt lat="34.095890000" lon="-111.686450000">
        <ele>782</ele>
      </trkpt>
      <trkpt lat="34.095830000" lon="-111.686610000">
        <ele>781</ele>
      </trkpt>
      <trkpt lat="34.095740000" lon="-111.686750000">
        <ele>781</ele>
      </trkpt>
      <trkpt lat="34.095670000" lon="-111.686930000">
        <ele>781</ele>
      </trkpt>
      <trkpt lat="34.095670000" lon="-111.687010000">
        <ele>781</ele>
      </trkpt>
      <trkpt lat="34.095640000" lon="-111.687110000">
        <ele>780</ele>
      </trkpt>
      <trkpt lat="34.095560000" lon="-111.687250000">
        <ele>780</ele>
      </trkpt>
      <trkpt lat="34.095540000" lon="-111.687540000">
        <ele>780</ele>
      </trkpt>
      <trkpt lat="34.095510000" lon="-111.687600000">
        <ele>780</ele>
      </trkpt>
      <trkpt lat="34.095420000" lon="-111.688040000">
        <ele>781</ele>
      </trkpt>
      <trkpt lat="34.095350000" lon="-111.688130000">
        <ele>782</ele>
      </trkpt>
      <trkpt lat="34.095300000" lon="-111.688140000">
        <ele>782</ele>
      </trkpt>
      <trkpt lat="34.095280000" lon="-111.688170000">
        <ele>782</ele>
      </trkpt>
      <trkpt lat="34.095280000" lon="-111.688430000">
        <ele>782</ele>
      </trkpt>
      <trkpt lat="34.095140000" lon="-111.688690000">
        <ele>782</ele>
      </trkpt>
      <trkpt lat="34.094940000" lon="-111.688870000">
        <ele>783</ele>
      </trkpt>
      <trkpt lat="34.094810000" lon="-111.689160000">
        <ele>782</ele>
      </trkpt>
      <trkpt lat="34.094600000" lon="-111.689390000">
        <ele>780</ele>
      </trkpt>
      <trkpt lat="34.094480000" lon="-111.689720000">
        <ele>777</ele>
      </trkpt>
      <trkpt lat="34.094410000" lon="-111.689800000">
        <ele>776</ele>
      </trkpt>
      <trkpt lat="34.094360000" lon="-111.689910000">
        <ele>775</ele>
      </trkpt>
      <trkpt lat="34.094380000" lon="-111.690140000">
        <ele>773</ele>
      </trkpt>
      <trkpt lat="34.094360000" lon="-111.690280000">
        <ele>771</ele>
      </trkpt>
      <trkpt lat="34.094320000" lon="-111.690370000">
        <ele>771</ele>
      </trkpt>
      <trkpt lat="34.094320000" lon="-111.690470000">
        <ele>770</ele>
      </trkpt>
      <trkpt lat="34.094270000" lon="-111.690540000">
        <ele>769</ele>
      </trkpt>
      <trkpt lat="34.094150000" lon="-111.690610000">
        <ele>768</ele>
      </trkpt>
      <trkpt lat="34.094070000" lon="-111.690690000">
        <ele>768</ele>
      </trkpt>
      <trkpt lat="34.093860000" lon="-111.690830000">
        <ele>769</ele>
      </trkpt>
      <trkpt lat="34.093800000" lon="-111.690890000">
        <ele>769</ele>
      </trkpt>
      <trkpt lat="34.093710000" lon="-111.691080000">
        <ele>768</ele>
      </trkpt>
      <trkpt lat="34.093600000" lon="-111.691420000">
        <ele>764</ele>
      </trkpt>
      <trkpt lat="34.093560000" lon="-111.691510000">
        <ele>764</ele>
      </trkpt>
      <trkpt lat="34.093510000" lon="-111.691560000">
        <ele>763</ele>
      </trkpt>
      <trkpt lat="34.093390000" lon="-111.691890000">
        <ele>760</ele>
      </trkpt>
      <trkpt lat="34.093300000" lon="-111.691990000">
        <ele>759</ele>
      </trkpt>
      <trkpt lat="34.093240000" lon="-111.692100000">
        <ele>758</ele>
      </trkpt>
      <trkpt lat="34.093090000" lon="-111.692280000">
        <ele>758</ele>
      </trkpt>
      <trkpt lat="34.093030000" lon="-111.692480000">
        <ele>758</ele>
      </trkpt>
      <trkpt lat="34.092940000" lon="-111.692640000">
        <ele>760</ele>
      </trkpt>
      <trkpt lat="34.092840000" lon="-111.692920000">
        <ele>762</ele>
      </trkpt>
      <trkpt lat="34.092760000" lon="-111.693030000">
        <ele>763</ele>
      </trkpt>
      <trkpt lat="34.092490000" lon="-111.693480000">
        <ele>763</ele>
      </trkpt>
      <trkpt lat="34.092420000" lon="-111.693640000">
        <ele>763</ele>
      </trkpt>
      <trkpt lat="34.092420000" lon="-111.693780000">
        <ele>761</ele>
      </trkpt>
      <trkpt lat="34.092390000" lon="-111.693910000">
        <ele>760</ele>
      </trkpt>
      <trkpt lat="34.092320000" lon="-111.694020000">
        <ele>758</ele>
      </trkpt>
      <trkpt lat="34.092200000" lon="-111.694120000">
        <ele>757</ele>
      </trkpt>
      <trkpt lat="34.092080000" lon="-111.694530000">
        <ele>754</ele>
      </trkpt>
      <trkpt lat="34.091910000" lon="-111.694690000">
        <ele>756</ele>
      </trkpt>
      <trkpt lat="34.091870000" lon="-111.694790000">
        <ele>757</ele>
      </trkpt>
      <trkpt lat="34.091700000" lon="-111.694960000">
        <ele>760</ele>
      </trkpt>
      <trkpt lat="34.091520000" lon="-111.695040000">
        <ele>762</ele>
      </trkpt>
      <trkpt lat="34.091100000" lon="-111.695140000">
        <ele>764</ele>
      </trkpt>
      <trkpt lat="34.091020000" lon="-111.695200000">
        <ele>765</ele>
      </trkpt>
      <trkpt lat="34.090730000" lon="-111.695360000">
        <ele>766</ele>
      </trkpt>
      <trkpt lat="34.090050000" lon="-111.695540000">
        <ele>766</ele>
      </trkpt>
      <trkpt lat="34.089960000" lon="-111.695640000">
        <ele>767</ele>
      </trkpt>
      <trkpt lat="34.089830000" lon="-111.695730000">
        <ele>766</ele>
      </trkpt>
      <trkpt lat="34.089740000" lon="-111.695840000">
        <ele>767</ele>
      </trkpt>
      <trkpt lat="34.089500000" lon="-111.695960000">
        <ele>763</ele>
      </trkpt>
      <trkpt lat="34.089260000" lon="-111.696180000">
        <ele>761</ele>
      </trkpt>
      <trkpt lat="34.089150000" lon="-111.696230000">
        <ele>760</ele>
      </trkpt>
      <trkpt lat="34.088930000" lon="-111.696470000">
        <ele>759</ele>
      </trkpt>
      <trkpt lat="34.088790000" lon="-111.696510000">
        <ele>757</ele>
      </trkpt>
      <trkpt lat="34.088590000" lon="-111.696670000">
        <ele>757</ele>
      </trkpt>
      <trkpt lat="34.088470000" lon="-111.696900000">
        <ele>756</ele>
      </trkpt>
      <trkpt lat="34.088310000" lon="-111.697330000">
        <ele>753</ele>
      </trkpt>
      <trkpt lat="34.088110000" lon="-111.697720000">
        <ele>753</ele>
      </trkpt>
      <trkpt lat="34.087930000" lon="-111.697920000">
        <ele>752</ele>
      </trkpt>
      <trkpt lat="34.087790000" lon="-111.697990000">
        <ele>750</ele>
      </trkpt>
      <trkpt lat="34.087680000" lon="-111.698160000">
        <ele>750</ele>
      </trkpt>
      <trkpt lat="34.087540000" lon="-111.698250000">
        <ele>747</ele>
      </trkpt>
      <trkpt lat="34.087460000" lon="-111.698400000">
        <ele>746</ele>
      </trkpt>
      <trkpt lat="34.087410000" lon="-111.698620000">
        <ele>744</ele>
      </trkpt>
      <trkpt lat="34.087370000" lon="-111.698710000">
        <ele>744</ele>
      </trkpt>
      <trkpt lat="34.087330000" lon="-111.698750000">
        <ele>743</ele>
      </trkpt>
      <trkpt lat="34.087090000" lon="-111.698780000">
        <ele>740</ele>
      </trkpt>
      <trkpt lat="34.086930000" lon="-111.698840000">
        <ele>738</ele>
      </trkpt>
      <trkpt lat="34.086810000" lon="-111.698970000">
        <ele>736</ele>
      </trkpt>
      <trkpt lat="34.086660000" lon="-111.698980000">
        <ele>734</ele>
      </trkpt>
      <trkpt lat="34.086510000" lon="-111.698930000">
        <ele>733</ele>
      </trkpt>
      <trkpt lat="34.086380000" lon="-111.699040000">
        <ele>732</ele>
      </trkpt>
      <trkpt lat="34.086300000" lon="-111.699160000">
        <ele>730</ele>
      </trkpt>
      <trkpt lat="34.086320000" lon="-111.699190000">
        <ele>729</ele>
      </trkpt>
      <trkpt lat="34.086270000" lon="-111.699340000">
        <ele>724</ele>
      </trkpt>
      <trkpt lat="34.086160000" lon="-111.699460000">
        <ele>720</ele>
      </trkpt>
      <trkpt lat="34.086070000" lon="-111.699520000">
        <ele>719</ele>
      </trkpt>
      <trkpt lat="34.085950000" lon="-111.699670000">
        <ele>714</ele>
      </trkpt>
      <trkpt lat="34.085840000" lon="-111.699700000">
        <ele>713</ele>
      </trkpt>
      <trkpt lat="34.085740000" lon="-111.699890000">
        <ele>710</ele>
      </trkpt>
      <trkpt lat="34.085730000" lon="-111.699960000">
        <ele>709</ele>
      </trkpt>
      <trkpt lat="34.085580000" lon="-111.700070000">
        <ele>709</ele>
      </trkpt>
      <trkpt lat="34.085410000" lon="-111.700090000">
        <ele>708</ele>
      </trkpt>
      <trkpt lat="34.085360000" lon="-111.700130000">
        <ele>708</ele>
      </trkpt>
      <trkpt lat="34.085280000" lon="-111.700270000">
        <ele>707</ele>
      </trkpt>
      <trkpt lat="34.085290000" lon="-111.700340000">
        <ele>707</ele>
      </trkpt>
      <trkpt lat="34.085250000" lon="-111.700480000">
        <ele>704</ele>
      </trkpt>
      <trkpt lat="34.085160000" lon="-111.700520000">
        <ele>701</ele>
      </trkpt>
      <trkpt lat="34.085120000" lon="-111.700800000">
        <ele>700</ele>
      </trkpt>
      <trkpt lat="34.085000000" lon="-111.700950000">
        <ele>700</ele>
      </trkpt>
      <trkpt lat="34.084820000" lon="-111.701100000">
        <ele>702</ele>
      </trkpt>
      <trkpt lat="34.084720000" lon="-111.701260000">
        <ele>703</ele>
      </trkpt>
      <trkpt lat="34.084660000" lon="-111.701290000">
        <ele>703</ele>
      </trkpt>
      <trkpt lat="34.084650000" lon="-111.701530000">
        <ele>703</ele>
      </trkpt>
      <trkpt lat="34.084570000" lon="-111.701700000">
        <ele>701</ele>
      </trkpt>
      <trkpt lat="34.084450000" lon="-111.701840000">
        <ele>699</ele>
      </trkpt>
      <trkpt lat="34.084390000" lon="-111.702070000">
        <ele>695</ele>
      </trkpt>
      <trkpt lat="34.084230000" lon="-111.702120000">
        <ele>694</ele>
      </trkpt>
      <trkpt lat="34.084090000" lon="-111.702120000">
        <ele>694</ele>
      </trkpt>
      <trkpt lat="34.083930000" lon="-111.702170000">
        <ele>694</ele>
      </trkpt>
      <trkpt lat="34.083540000" lon="-111.702590000">
        <ele>693</ele>
      </trkpt>
      <trkpt lat="34.083390000" lon="-111.702830000">
        <ele>685</ele>
      </trkpt>
      <trkpt lat="34.083240000" lon="-111.702980000">
        <ele>683</ele>
      </trkpt>
      <trkpt lat="34.083180000" lon="-111.703080000">
        <ele>683</ele>
      </trkpt>
      <trkpt lat="34.082860000" lon="-111.703340000">
        <ele>680</ele>
      </trkpt>
      <trkpt lat="34.082690000" lon="-111.703420000">
        <ele>677</ele>
      </trkpt>
      <trkpt lat="34.082500000" lon="-111.703440000">
        <ele>676</ele>
      </trkpt>
      <trkpt lat="34.082440000" lon="-111.703420000">
        <ele>676</ele>
      </trkpt>
      <trkpt lat="34.082400000" lon="-111.703460000">
        <ele>675</ele>
      </trkpt>
      <trkpt lat="34.082270000" lon="-111.703510000">
        <ele>673</ele>
      </trkpt>
      <trkpt lat="34.082190000" lon="-111.703510000">
        <ele>673</ele>
      </trkpt>
      <trkpt lat="34.082040000" lon="-111.703460000">
        <ele>672</ele>
      </trkpt>
      <trkpt lat="34.081930000" lon="-111.703370000">
        <ele>671</ele>
      </trkpt>
      <trkpt lat="34.081840000" lon="-111.703340000">
        <ele>671</ele>
      </trkpt>
      <trkpt lat="34.081840000" lon="-111.703380000">
        <ele>670</ele>
      </trkpt>
      <trkpt lat="34.081660000" lon="-111.703650000">
        <ele>670</ele>
      </trkpt>
      <trkpt lat="34.081400000" lon="-111.703730000">
        <ele>673</ele>
      </trkpt>
      <trkpt lat="34.081210000" lon="-111.703820000">
        <ele>672</ele>
      </trkpt>
      <trkpt lat="34.081000000" lon="-111.703880000">
        <ele>670</ele>
      </trkpt>
      <trkpt lat="34.080850000" lon="-111.703850000">
        <ele>669</ele>
      </trkpt>
      <trkpt lat="34.080720000" lon="-111.703860000">
        <ele>667</ele>
      </trkpt>
      <trkpt lat="34.080590000" lon="-111.703810000">
        <ele>666</ele>
      </trkpt>
      <trkpt lat="34.080150000" lon="-111.703720000">
        <ele>660</ele>
      </trkpt>
      <trkpt lat="34.079700000" lon="-111.703690000">
        <ele>657</ele>
      </trkpt>
      <trkpt lat="34.079480000" lon="-111.703730000">
        <ele>656</ele>
      </trkpt>
      <trkpt lat="34.079340000" lon="-111.703700000">
        <ele>655</ele>
      </trkpt>
      <trkpt lat="34.079250000" lon="-111.703650000">
        <ele>655</ele>
      </trkpt>
      <trkpt lat="34.079100000" lon="-111.703600000">
        <ele>653</ele>
      </trkpt>
      <trkpt lat="34.079040000" lon="-111.703650000">
        <ele>652</ele>
      </trkpt>
      <trkpt lat="34.079000000" lon="-111.703760000">
        <ele>649</ele>
      </trkpt>
      <trkpt lat="34.079060000" lon="-111.704140000">
        <ele>644</ele>
      </trkpt>
      <trkpt lat="34.079040000" lon="-111.704270000">
        <ele>642</ele>
      </trkpt>
      <trkpt lat="34.078990000" lon="-111.704300000">
        <ele>640</ele>
      </trkpt>
      <trkpt lat="34.078890000" lon="-111.704280000">
        <ele>638</ele>
      </trkpt>
      <trkpt lat="34.078790000" lon="-111.704200000">
        <ele>637</ele>
      </trkpt>
      <trkpt lat="34.078700000" lon="-111.704160000">
        <ele>635</ele>
      </trkpt>
      <trkpt lat="34.078560000" lon="-111.703940000">
        <ele>634</ele>
      </trkpt>
      <trkpt lat="34.078530000" lon="-111.703840000">
        <ele>634</ele>
      </trkpt>
      <trkpt lat="34.078460000" lon="-111.703760000">
        <ele>634</ele>
      </trkpt>
      <trkpt lat="34.078440000" lon="-111.703770000">
        <ele>634</ele>
      </trkpt>
      <trkpt lat="34.078460000" lon="-111.703700000">
        <ele>634</ele>
      </trkpt>
      <trkpt lat="34.078480000" lon="-111.703710000">
        <ele>634</ele>
      </trkpt>
      <trkpt lat="34.078430000" lon="-111.703750000">
        <ele>634</ele>
      </trkpt>
      <trkpt lat="34.078370000" lon="-111.703740000">
        <ele>634</ele>
      </trkpt>
      <trkpt lat="34.078340000" lon="-111.703660000">
        <ele>634</ele>
      </trkpt>
      <trkpt lat="34.078400000" lon="-111.703610000">
        <ele>634</ele>
      </trkpt>
      <trkpt lat="34.078420000" lon="-111.703640000">
        <ele>634</ele>
      </trkpt>
      <trkpt lat="34.078400000" lon="-111.703730000">
        <ele>634</ele>
      </trkpt>
      <trkpt lat="34.078430000" lon="-111.703710000">
        <ele>634</ele>
      </trkpt>
      <trkpt lat="34.078460000" lon="-111.703840000">
        <ele>634</ele>
      </trkpt>
      <trkpt lat="34.078450000" lon="-111.703870000">
        <ele>634</ele>
      </trkpt>
      <trkpt lat="34.078410000" lon="-111.703890000">
        <ele>634</ele>
      </trkpt>
      <trkpt lat="34.078370000" lon="-111.703880000">
        <ele>634</ele>
      </trkpt>
      <trkpt lat="34.078300000" lon="-111.703920000">
        <ele>635</ele>
      </trkpt>
      <trkpt lat="34.078150000" lon="-111.703890000">
        <ele>639</ele>
      </trkpt>
      <trkpt lat="34.078090000" lon="-111.703850000">
        <ele>641</ele>
      </trkpt>
      <trkpt lat="34.078100000" lon="-111.703950000">
        <ele>639</ele>
      </trkpt>
      <trkpt lat="34.078070000" lon="-111.704060000">
        <ele>636</ele>
      </trkpt>
      <trkpt lat="34.077980000" lon="-111.704150000">
        <ele>635</ele>
      </trkpt>
      <trkpt lat="34.077790000" lon="-111.704160000">
        <ele>634</ele>
      </trkpt>
      <trkpt lat="34.077450000" lon="-111.704110000">
        <ele>637</ele>
      </trkpt>
      <trkpt lat="34.077380000" lon="-111.704140000">
        <ele>636</ele>
      </trkpt>
      <trkpt lat="34.077320000" lon="-111.704130000">
        <ele>636</ele>
      </trkpt>
      <trkpt lat="34.077160000" lon="-111.704070000">
        <ele>639</ele>
      </trkpt>
      <trkpt lat="34.077060000" lon="-111.703980000">
        <ele>640</ele>
      </trkpt>
      <trkpt lat="34.076960000" lon="-111.703830000">
        <ele>641</ele>
      </trkpt>
      <trkpt lat="34.076580000" lon="-111.703610000">
        <ele>637</ele>
      </trkpt>
      <trkpt lat="34.076200000" lon="-111.703320000">
        <ele>636</ele>
      </trkpt>
      <trkpt lat="34.076160000" lon="-111.703360000">
        <ele>635</ele>
      </trkpt>
      <trkpt lat="34.076090000" lon="-111.703370000">
        <ele>634</ele>
      </trkpt>
      <trkpt lat="34.075920000" lon="-111.703310000">
        <ele>634</ele>
      </trkpt>
      <trkpt lat="34.075900000" lon="-111.703280000">
        <ele>634</ele>
      </trkpt>
      <trkpt lat="34.075800000" lon="-111.703250000">
        <ele>634</ele>
      </trkpt>
      <trkpt lat="34.075800000" lon="-111.703210000">
        <ele>634</ele>
      </trkpt>
      <trkpt lat="34.075720000" lon="-111.703200000">
        <ele>634</ele>
      </trkpt>
      <trkpt lat="34.075700000" lon="-111.703240000">
        <ele>634</ele>
      </trkpt>
      <trkpt lat="34.075720000" lon="-111.703440000">
        <ele>635</ele>
      </trkpt>
      <trkpt lat="34.075670000" lon="-111.704010000">
        <ele>636</ele>
      </trkpt>
      <trkpt lat="34.075600000" lon="-111.704260000">
        <ele>634</ele>
      </trkpt>
      <trkpt lat="34.075750000" lon="-111.704420000">
        <ele>634</ele>
      </trkpt>
      <trkpt lat="34.075840000" lon="-111.704670000">
        <ele>634</ele>
      </trkpt>
      <trkpt lat="34.075900000" lon="-111.704750000">
        <ele>635</ele>
      </trkpt>
      <trkpt lat="34.075920000" lon="-111.704940000">
        <ele>638</ele>
      </trkpt>
      <trkpt lat="34.076020000" lon="-111.705040000">
        <ele>636</ele>
      </trkpt>
      <trkpt lat="34.076040000" lon="-111.705130000">
        <ele>636</ele>
      </trkpt>
      <trkpt lat="34.076170000" lon="-111.705290000">
        <ele>633</ele>
      </trkpt>
      <trkpt lat="34.076270000" lon="-111.705530000">
        <ele>633</ele>
      </trkpt>
      <trkpt lat="34.076500000" lon="-111.705680000">
        <ele>633</ele>
      </trkpt>
      <trkpt lat="34.076710000" lon="-111.705720000">
        <ele>635</ele>
      </trkpt>
      <trkpt lat="34.076830000" lon="-111.705850000">
        <ele>637</ele>
      </trkpt>
      <trkpt lat="34.076860000" lon="-111.705910000">
        <ele>638</ele>
      </trkpt>
      <trkpt lat="34.076830000" lon="-111.706060000">
        <ele>642</ele>
      </trkpt>
      <trkpt lat="34.076850000" lon="-111.706170000">
        <ele>642</ele>
      </trkpt>
      <trkpt lat="34.076970000" lon="-111.706480000">
        <ele>640</ele>
      </trkpt>
      <trkpt lat="34.077190000" lon="-111.706490000">
        <ele>635</ele>
      </trkpt>
      <trkpt lat="34.077270000" lon="-111.706450000">
        <ele>635</ele>
      </trkpt>
      <trkpt lat="34.077350000" lon="-111.706580000">
        <ele>634</ele>
      </trkpt>
      <trkpt lat="34.077400000" lon="-111.706610000">
        <ele>630</ele>
      </trkpt>
      <trkpt lat="34.077450000" lon="-111.706610000">
        <ele>623</ele>
      </trkpt>
      <trkpt lat="34.077490000" lon="-111.706650000">
        <ele>623</ele>
      </trkpt>
      <trkpt lat="34.077610000" lon="-111.707010000">
        <ele>623</ele>
      </trkpt>
      <trkpt lat="34.077610000" lon="-111.707170000">
        <ele>623</ele>
      </trkpt>
      <trkpt lat="34.077720000" lon="-111.707490000">
        <ele>624</ele>
      </trkpt>
      <trkpt lat="34.077900000" lon="-111.707890000">
        <ele>632</ele>
      </trkpt>
      <trkpt lat="34.078050000" lon="-111.708140000">
        <ele>636</ele>
      </trkpt>
      <trkpt lat="34.078040000" lon="-111.708170000">
        <ele>636</ele>
      </trkpt>
    </trkseg>
  </trk>
</gpx>
