<?xml version="1.0" encoding="UTF-8"?>
<gpx version="1.1" creator="GPSBabel - https://www.gpsbabel.org" xmlns="http://www.topografix.com/GPX/1/1" xmlns:xsi="http://www.w3.org/2001/XMLSchema-instance" xmlns:gpxx="http://www.garmin.com/xmlschemas/GpxExtensions/v3">
  <metadata>
    <name>Red Crk - Wet Btm - Highwater - Verde 11</name>
    <desc>Red Crk - Wet Btm - Highwater - Verde 11</desc>
    <time>2026-08-30T18:03:40.239Z</time>
    <bounds minlat="34.146550000" minlon="-111.774510000" maxlat="34.229410000" maxlon="-111.685850000"/>
  </metadata>
  <trk>
    <name>Red Crk - Wet Btm - Highwater - Verde 11</name>
    <trkseg>
      <trkpt lat="34.146550000" lon="-111.774460000">
        <ele>868</ele>
      </trkpt>
      <trkpt lat="34.146570000" lon="-111.774410000">
        <ele>868</ele>
      </trkpt>
      <trkpt lat="34.146580000" lon="-111.774440000">
        <ele>868</ele>
      </trkpt>
      <trkpt lat="34.146600000" lon="-111.774410000">
        <ele>868</ele>
      </trkpt>
      <trkpt lat="34.146590000" lon="-111.774440000">
        <ele>868</ele>
      </trkpt>
      <trkpt lat="34.146590000" lon="-111.774410000">
        <ele>868</ele>
      </trkpt>
      <trkpt lat="34.146570000" lon="-111.774420000">
        <ele>868</ele>
      </trkpt>
      <trkpt lat="34.146600000" lon="-111.774480000">
        <ele>868</ele>
      </trkpt>
      <trkpt lat="34.146710000" lon="-111.774510000">
        <ele>868</ele>
      </trkpt>
      <trkpt lat="34.146800000" lon="-111.774450000">
        <ele>868</ele>
      </trkpt>
      <trkpt lat="34.147520000" lon="-111.774240000">
        <ele>862</ele>
      </trkpt>
      <trkpt lat="34.147780000" lon="-111.774090000">
        <ele>854</ele>
      </trkpt>
      <trkpt lat="34.148440000" lon="-111.773900000">
        <ele>853</ele>
      </trkpt>
      <trkpt lat="34.148710000" lon="-111.773780000">
        <ele>853</ele>
      </trkpt>
      <trkpt lat="34.149090000" lon="-111.773760000">
        <ele>853</ele>
      </trkpt>
      <trkpt lat="34.149330000" lon="-111.773670000">
        <ele>853</ele>
      </trkpt>
      <trkpt lat="34.149590000" lon="-111.773630000">
        <ele>853</ele>
      </trkpt>
      <trkpt lat="34.149700000" lon="-111.773570000">
        <ele>853</ele>
      </trkpt>
      <trkpt lat="34.150220000" lon="-111.773470000">
        <ele>853</ele>
      </trkpt>
      <trkpt lat="34.150450000" lon="-111.773440000">
        <ele>854</ele>
      </trkpt>
      <trkpt lat="34.150560000" lon="-111.773460000">
        <ele>854</ele>
      </trkpt>
      <trkpt lat="34.150810000" lon="-111.773400000">
        <ele>853</ele>
      </trkpt>
      <trkpt lat="34.151130000" lon="-111.773380000">
        <ele>853</ele>
      </trkpt>
      <trkpt lat="34.151530000" lon="-111.773310000">
        <ele>853</ele>
      </trkpt>
      <trkpt lat="34.151930000" lon="-111.773280000">
        <ele>853</ele>
      </trkpt>
      <trkpt lat="34.152120000" lon="-111.773210000">
        <ele>853</ele>
      </trkpt>
      <trkpt lat="34.152320000" lon="-111.773200000">
        <ele>853</ele>
      </trkpt>
      <trkpt lat="34.152450000" lon="-111.773140000">
        <ele>853</ele>
      </trkpt>
      <trkpt lat="34.152660000" lon="-111.773140000">
        <ele>853</ele>
      </trkpt>
      <trkpt lat="34.152920000" lon="-111.773090000">
        <ele>853</ele>
      </trkpt>
      <trkpt lat="34.153000000" lon="-111.773090000">
        <ele>853</ele>
      </trkpt>
      <trkpt lat="34.153210000" lon="-111.773040000">
        <ele>853</ele>
      </trkpt>
      <trkpt lat="34.153270000" lon="-111.773050000">
        <ele>853</ele>
      </trkpt>
      <trkpt lat="34.153360000" lon="-111.773030000">
        <ele>853</ele>
      </trkpt>
      <trkpt lat="34.153470000" lon="-111.773050000">
        <ele>853</ele>
      </trkpt>
      <trkpt lat="34.153810000" lon="-111.772940000">
        <ele>851</ele>
      </trkpt>
      <trkpt lat="34.153920000" lon="-111.772890000">
        <ele>850</ele>
      </trkpt>
      <trkpt lat="34.154160000" lon="-111.772870000">
        <ele>849</ele>
      </trkpt>
      <trkpt lat="34.154420000" lon="-111.772760000">
        <ele>846</ele>
      </trkpt>
      <trkpt lat="34.154780000" lon="-111.772660000">
        <ele>843</ele>
      </trkpt>
      <trkpt lat="34.154900000" lon="-111.772650000">
        <ele>842</ele>
      </trkpt>
      <trkpt lat="34.155000000" lon="-111.772690000">
        <ele>841</ele>
      </trkpt>
      <trkpt lat="34.155190000" lon="-111.772660000">
        <ele>841</ele>
      </trkpt>
      <trkpt lat="34.155550000" lon="-111.772540000">
        <ele>841</ele>
      </trkpt>
      <trkpt lat="34.156010000" lon="-111.772270000">
        <ele>841</ele>
      </trkpt>
      <trkpt lat="34.156130000" lon="-111.772270000">
        <ele>841</ele>
      </trkpt>
      <trkpt lat="34.156350000" lon="-111.772340000">
        <ele>841</ele>
      </trkpt>
      <trkpt lat="34.156380000" lon="-111.772330000">
        <ele>841</ele>
      </trkpt>
      <trkpt lat="34.156520000" lon="-111.772410000">
        <ele>841</ele>
      </trkpt>
      <trkpt lat="34.156610000" lon="-111.772410000">
        <ele>841</ele>
      </trkpt>
      <trkpt lat="34.156740000" lon="-111.772330000">
        <ele>841</ele>
      </trkpt>
      <trkpt lat="34.156900000" lon="-111.772130000">
        <ele>840</ele>
      </trkpt>
      <trkpt lat="34.156970000" lon="-111.771980000">
        <ele>840</ele>
      </trkpt>
      <trkpt lat="34.157120000" lon="-111.771810000">
        <ele>840</ele>
      </trkpt>
      <trkpt lat="34.157200000" lon="-111.771660000">
        <ele>840</ele>
      </trkpt>
      <trkpt lat="34.157290000" lon="-111.771550000">
        <ele>840</ele>
      </trkpt>
      <trkpt lat="34.157340000" lon="-111.771400000">
        <ele>839</ele>
      </trkpt>
      <trkpt lat="34.157460000" lon="-111.771140000">
        <ele>839</ele>
      </trkpt>
      <trkpt lat="34.157570000" lon="-111.771020000">
        <ele>837</ele>
      </trkpt>
      <trkpt lat="34.157990000" lon="-111.770670000">
        <ele>837</ele>
      </trkpt>
      <trkpt lat="34.158080000" lon="-111.770620000">
        <ele>837</ele>
      </trkpt>
      <trkpt lat="34.158250000" lon="-111.770390000">
        <ele>836</ele>
      </trkpt>
      <trkpt lat="34.158440000" lon="-111.770250000">
        <ele>836</ele>
      </trkpt>
      <trkpt lat="34.158500000" lon="-111.770180000">
        <ele>835</ele>
      </trkpt>
      <trkpt lat="34.158500000" lon="-111.770210000">
        <ele>835</ele>
      </trkpt>
      <trkpt lat="34.158590000" lon="-111.770200000">
        <ele>835</ele>
      </trkpt>
      <trkpt lat="34.158660000" lon="-111.770100000">
        <ele>833</ele>
      </trkpt>
      <trkpt lat="34.158780000" lon="-111.769980000">
        <ele>831</ele>
      </trkpt>
      <trkpt lat="34.158920000" lon="-111.769920000">
        <ele>830</ele>
      </trkpt>
      <trkpt lat="34.159050000" lon="-111.769890000">
        <ele>829</ele>
      </trkpt>
      <trkpt lat="34.159230000" lon="-111.769900000">
        <ele>829</ele>
      </trkpt>
      <trkpt lat="34.159420000" lon="-111.769860000">
        <ele>829</ele>
      </trkpt>
      <trkpt lat="34.159700000" lon="-111.769880000">
        <ele>829</ele>
      </trkpt>
      <trkpt lat="34.159830000" lon="-111.769920000">
        <ele>829</ele>
      </trkpt>
      <trkpt lat="34.159890000" lon="-111.769900000">
        <ele>829</ele>
      </trkpt>
      <trkpt lat="34.160010000" lon="-111.769930000">
        <ele>829</ele>
      </trkpt>
      <trkpt lat="34.160360000" lon="-111.769950000">
        <ele>829</ele>
      </trkpt>
      <trkpt lat="34.160790000" lon="-111.769870000">
        <ele>829</ele>
      </trkpt>
      <trkpt lat="34.161020000" lon="-111.769880000">
        <ele>829</ele>
      </trkpt>
      <trkpt lat="34.161290000" lon="-111.769800000">
        <ele>828</ele>
      </trkpt>
      <trkpt lat="34.161410000" lon="-111.769710000">
        <ele>828</ele>
      </trkpt>
      <trkpt lat="34.161500000" lon="-111.769680000">
        <ele>828</ele>
      </trkpt>
      <trkpt lat="34.161680000" lon="-111.769550000">
        <ele>827</ele>
      </trkpt>
      <trkpt lat="34.162060000" lon="-111.769310000">
        <ele>825</ele>
      </trkpt>
      <trkpt lat="34.162140000" lon="-111.769220000">
        <ele>824</ele>
      </trkpt>
      <trkpt lat="34.162210000" lon="-111.769190000">
        <ele>823</ele>
      </trkpt>
      <trkpt lat="34.162300000" lon="-111.769080000">
        <ele>823</ele>
      </trkpt>
      <trkpt lat="34.162460000" lon="-111.768980000">
        <ele>822</ele>
      </trkpt>
      <trkpt lat="34.162630000" lon="-111.768790000">
        <ele>820</ele>
      </trkpt>
      <trkpt lat="34.162830000" lon="-111.768650000">
        <ele>819</ele>
      </trkpt>
      <trkpt lat="34.163100000" lon="-111.768540000">
        <ele>818</ele>
      </trkpt>
      <trkpt lat="34.163390000" lon="-111.768490000">
        <ele>817</ele>
      </trkpt>
      <trkpt lat="34.163580000" lon="-111.768520000">
        <ele>817</ele>
      </trkpt>
      <trkpt lat="34.163680000" lon="-111.768500000">
        <ele>817</ele>
      </trkpt>
      <trkpt lat="34.163830000" lon="-111.768510000">
        <ele>817</ele>
      </trkpt>
      <trkpt lat="34.164230000" lon="-111.768600000">
        <ele>817</ele>
      </trkpt>
      <trkpt lat="34.164500000" lon="-111.768710000">
        <ele>817</ele>
      </trkpt>
      <trkpt lat="34.164590000" lon="-111.768780000">
        <ele>817</ele>
      </trkpt>
      <trkpt lat="34.164910000" lon="-111.768870000">
        <ele>816</ele>
      </trkpt>
      <trkpt lat="34.165190000" lon="-111.768750000">
        <ele>816</ele>
      </trkpt>
      <trkpt lat="34.165450000" lon="-111.768580000">
        <ele>816</ele>
      </trkpt>
      <trkpt lat="34.165610000" lon="-111.768530000">
        <ele>816</ele>
      </trkpt>
      <trkpt lat="34.165810000" lon="-111.768410000">
        <ele>816</ele>
      </trkpt>
      <trkpt lat="34.166020000" lon="-111.768330000">
        <ele>816</ele>
      </trkpt>
      <trkpt lat="34.166140000" lon="-111.768300000">
        <ele>815</ele>
      </trkpt>
      <trkpt lat="34.166230000" lon="-111.768310000">
        <ele>814</ele>
      </trkpt>
      <trkpt lat="34.166420000" lon="-111.768250000">
        <ele>811</ele>
      </trkpt>
      <trkpt lat="34.166530000" lon="-111.768240000">
        <ele>809</ele>
      </trkpt>
      <trkpt lat="34.166630000" lon="-111.768130000">
        <ele>807</ele>
      </trkpt>
      <trkpt lat="34.166760000" lon="-111.768040000">
        <ele>804</ele>
      </trkpt>
      <trkpt lat="34.166830000" lon="-111.768030000">
        <ele>803</ele>
      </trkpt>
      <trkpt lat="34.166930000" lon="-111.767970000">
        <ele>802</ele>
      </trkpt>
      <trkpt lat="34.167070000" lon="-111.767990000">
        <ele>798</ele>
      </trkpt>
      <trkpt lat="34.167220000" lon="-111.767980000">
        <ele>795</ele>
      </trkpt>
      <trkpt lat="34.167240000" lon="-111.768000000">
        <ele>794</ele>
      </trkpt>
      <trkpt lat="34.167360000" lon="-111.768010000">
        <ele>792</ele>
      </trkpt>
      <trkpt lat="34.167500000" lon="-111.768070000">
        <ele>789</ele>
      </trkpt>
      <trkpt lat="34.167620000" lon="-111.768040000">
        <ele>787</ele>
      </trkpt>
      <trkpt lat="34.167730000" lon="-111.767880000">
        <ele>786</ele>
      </trkpt>
      <trkpt lat="34.167880000" lon="-111.767740000">
        <ele>785</ele>
      </trkpt>
      <trkpt lat="34.168080000" lon="-111.767670000">
        <ele>783</ele>
      </trkpt>
      <trkpt lat="34.168200000" lon="-111.767590000">
        <ele>782</ele>
      </trkpt>
      <trkpt lat="34.168250000" lon="-111.767490000">
        <ele>782</ele>
      </trkpt>
      <trkpt lat="34.168320000" lon="-111.767450000">
        <ele>781</ele>
      </trkpt>
      <trkpt lat="34.168410000" lon="-111.767360000">
        <ele>780</ele>
      </trkpt>
      <trkpt lat="34.168480000" lon="-111.767280000">
        <ele>778</ele>
      </trkpt>
      <trkpt lat="34.168520000" lon="-111.767150000">
        <ele>777</ele>
      </trkpt>
      <trkpt lat="34.168590000" lon="-111.767080000">
        <ele>777</ele>
      </trkpt>
      <trkpt lat="34.168570000" lon="-111.766970000">
        <ele>777</ele>
      </trkpt>
      <trkpt lat="34.168630000" lon="-111.766880000">
        <ele>777</ele>
      </trkpt>
      <trkpt lat="34.168690000" lon="-111.766830000">
        <ele>777</ele>
      </trkpt>
      <trkpt lat="34.168700000" lon="-111.766810000">
        <ele>777</ele>
      </trkpt>
      <trkpt lat="34.168700000" lon="-111.766840000">
        <ele>777</ele>
      </trkpt>
      <trkpt lat="34.168860000" lon="-111.766590000">
        <ele>777</ele>
      </trkpt>
      <trkpt lat="34.169020000" lon="-111.766440000">
        <ele>776</ele>
      </trkpt>
      <trkpt lat="34.169220000" lon="-111.766200000">
        <ele>776</ele>
      </trkpt>
      <trkpt lat="34.169260000" lon="-111.766040000">
        <ele>775</ele>
      </trkpt>
      <trkpt lat="34.169250000" lon="-111.765900000">
        <ele>774</ele>
      </trkpt>
      <trkpt lat="34.169300000" lon="-111.765840000">
        <ele>774</ele>
      </trkpt>
      <trkpt lat="34.169350000" lon="-111.765670000">
        <ele>773</ele>
      </trkpt>
      <trkpt lat="34.169310000" lon="-111.765490000">
        <ele>773</ele>
      </trkpt>
      <trkpt lat="34.169500000" lon="-111.765040000">
        <ele>771</ele>
      </trkpt>
      <trkpt lat="34.169500000" lon="-111.764900000">
        <ele>771</ele>
      </trkpt>
      <trkpt lat="34.169590000" lon="-111.764630000">
        <ele>770</ele>
      </trkpt>
      <trkpt lat="34.169770000" lon="-111.764360000">
        <ele>770</ele>
      </trkpt>
      <trkpt lat="34.169930000" lon="-111.764180000">
        <ele>770</ele>
      </trkpt>
      <trkpt lat="34.169940000" lon="-111.764110000">
        <ele>771</ele>
      </trkpt>
      <trkpt lat="34.170030000" lon="-111.763970000">
        <ele>769</ele>
      </trkpt>
      <trkpt lat="34.170080000" lon="-111.763940000">
        <ele>767</ele>
      </trkpt>
      <trkpt lat="34.170090000" lon="-111.763900000">
        <ele>767</ele>
      </trkpt>
      <trkpt lat="34.170050000" lon="-111.763790000">
        <ele>767</ele>
      </trkpt>
      <trkpt lat="34.169930000" lon="-111.763580000">
        <ele>767</ele>
      </trkpt>
      <trkpt lat="34.169830000" lon="-111.763470000">
        <ele>767</ele>
      </trkpt>
      <trkpt lat="34.169760000" lon="-111.763440000">
        <ele>768</ele>
      </trkpt>
      <trkpt lat="34.169630000" lon="-111.763260000">
        <ele>767</ele>
      </trkpt>
      <trkpt lat="34.169510000" lon="-111.763160000">
        <ele>767</ele>
      </trkpt>
      <trkpt lat="34.169310000" lon="-111.763000000">
        <ele>767</ele>
      </trkpt>
      <trkpt lat="34.168950000" lon="-111.762910000">
        <ele>767</ele>
      </trkpt>
      <trkpt lat="34.168830000" lon="-111.762910000">
        <ele>768</ele>
      </trkpt>
      <trkpt lat="34.168740000" lon="-111.762880000">
        <ele>769</ele>
      </trkpt>
      <trkpt lat="34.168620000" lon="-111.762770000">
        <ele>769</ele>
      </trkpt>
      <trkpt lat="34.168610000" lon="-111.762730000">
        <ele>768</ele>
      </trkpt>
      <trkpt lat="34.168690000" lon="-111.762560000">
        <ele>767</ele>
      </trkpt>
      <trkpt lat="34.168680000" lon="-111.762530000">
        <ele>767</ele>
      </trkpt>
      <trkpt lat="34.168660000" lon="-111.762310000">
        <ele>767</ele>
      </trkpt>
      <trkpt lat="34.168710000" lon="-111.762220000">
        <ele>767</ele>
      </trkpt>
      <trkpt lat="34.168790000" lon="-111.762140000">
        <ele>767</ele>
      </trkpt>
      <trkpt lat="34.168820000" lon="-111.762140000">
        <ele>767</ele>
      </trkpt>
      <trkpt lat="34.168890000" lon="-111.762060000">
        <ele>767</ele>
      </trkpt>
      <trkpt lat="34.168900000" lon="-111.762030000">
        <ele>767</ele>
      </trkpt>
      <trkpt lat="34.168850000" lon="-111.761920000">
        <ele>767</ele>
      </trkpt>
      <trkpt lat="34.168860000" lon="-111.761860000">
        <ele>767</ele>
      </trkpt>
      <trkpt lat="34.169000000" lon="-111.761620000">
        <ele>767</ele>
      </trkpt>
      <trkpt lat="34.169060000" lon="-111.761560000">
        <ele>767</ele>
      </trkpt>
      <trkpt lat="34.169150000" lon="-111.761530000">
        <ele>767</ele>
      </trkpt>
      <trkpt lat="34.169250000" lon="-111.761450000">
        <ele>767</ele>
      </trkpt>
      <trkpt lat="34.169350000" lon="-111.761420000">
        <ele>767</ele>
      </trkpt>
      <trkpt lat="34.169400000" lon="-111.761360000">
        <ele>767</ele>
      </trkpt>
      <trkpt lat="34.169400000" lon="-111.761330000">
        <ele>767</ele>
      </trkpt>
      <trkpt lat="34.169630000" lon="-111.761280000">
        <ele>767</ele>
      </trkpt>
      <trkpt lat="34.169690000" lon="-111.761170000">
        <ele>767</ele>
      </trkpt>
      <trkpt lat="34.169840000" lon="-111.760980000">
        <ele>765</ele>
      </trkpt>
      <trkpt lat="34.169840000" lon="-111.760920000">
        <ele>765</ele>
      </trkpt>
      <trkpt lat="34.169890000" lon="-111.760830000">
        <ele>765</ele>
      </trkpt>
      <trkpt lat="34.169900000" lon="-111.760860000">
        <ele>765</ele>
      </trkpt>
      <trkpt lat="34.169930000" lon="-111.760850000">
        <ele>765</ele>
      </trkpt>
      <trkpt lat="34.169970000" lon="-111.760810000">
        <ele>765</ele>
      </trkpt>
      <trkpt lat="34.170050000" lon="-111.760770000">
        <ele>765</ele>
      </trkpt>
      <trkpt lat="34.170290000" lon="-111.760240000">
        <ele>766</ele>
      </trkpt>
      <trkpt lat="34.170260000" lon="-111.760230000">
        <ele>765</ele>
      </trkpt>
      <trkpt lat="34.170290000" lon="-111.760240000">
        <ele>766</ele>
      </trkpt>
      <trkpt lat="34.170280000" lon="-111.760270000">
        <ele>766</ele>
      </trkpt>
      <trkpt lat="34.170270000" lon="-111.760210000">
        <ele>765</ele>
      </trkpt>
      <trkpt lat="34.170390000" lon="-111.760040000">
        <ele>765</ele>
      </trkpt>
      <trkpt lat="34.170540000" lon="-111.759950000">
        <ele>765</ele>
      </trkpt>
      <trkpt lat="34.170620000" lon="-111.759750000">
        <ele>764</ele>
      </trkpt>
      <trkpt lat="34.171010000" lon="-111.759240000">
        <ele>764</ele>
      </trkpt>
      <trkpt lat="34.171070000" lon="-111.758940000">
        <ele>763</ele>
      </trkpt>
      <trkpt lat="34.171200000" lon="-111.758690000">
        <ele>761</ele>
      </trkpt>
      <trkpt lat="34.171210000" lon="-111.758620000">
        <ele>759</ele>
      </trkpt>
      <trkpt lat="34.171300000" lon="-111.758360000">
        <ele>755</ele>
      </trkpt>
      <trkpt lat="34.171290000" lon="-111.758290000">
        <ele>756</ele>
      </trkpt>
      <trkpt lat="34.171250000" lon="-111.758240000">
        <ele>756</ele>
      </trkpt>
      <trkpt lat="34.171230000" lon="-111.758060000">
        <ele>756</ele>
      </trkpt>
      <trkpt lat="34.171050000" lon="-111.757780000">
        <ele>756</ele>
      </trkpt>
      <trkpt lat="34.171020000" lon="-111.757580000">
        <ele>756</ele>
      </trkpt>
      <trkpt lat="34.171100000" lon="-111.756850000">
        <ele>754</ele>
      </trkpt>
      <trkpt lat="34.171080000" lon="-111.756660000">
        <ele>754</ele>
      </trkpt>
      <trkpt lat="34.171120000" lon="-111.756490000">
        <ele>752</ele>
      </trkpt>
      <trkpt lat="34.171100000" lon="-111.756390000">
        <ele>752</ele>
      </trkpt>
      <trkpt lat="34.171040000" lon="-111.756300000">
        <ele>752</ele>
      </trkpt>
      <trkpt lat="34.170930000" lon="-111.756260000">
        <ele>755</ele>
      </trkpt>
      <trkpt lat="34.170870000" lon="-111.756130000">
        <ele>755</ele>
      </trkpt>
      <trkpt lat="34.170710000" lon="-111.755950000">
        <ele>756</ele>
      </trkpt>
      <trkpt lat="34.170650000" lon="-111.755830000">
        <ele>754</ele>
      </trkpt>
      <trkpt lat="34.170550000" lon="-111.755700000">
        <ele>753</ele>
      </trkpt>
      <trkpt lat="34.170510000" lon="-111.755600000">
        <ele>751</ele>
      </trkpt>
      <trkpt lat="34.170330000" lon="-111.755470000">
        <ele>751</ele>
      </trkpt>
      <trkpt lat="34.170260000" lon="-111.755400000">
        <ele>750</ele>
      </trkpt>
      <trkpt lat="34.170140000" lon="-111.755360000">
        <ele>749</ele>
      </trkpt>
      <trkpt lat="34.170080000" lon="-111.755300000">
        <ele>749</ele>
      </trkpt>
      <trkpt lat="34.170030000" lon="-111.755230000">
        <ele>748</ele>
      </trkpt>
      <trkpt lat="34.169870000" lon="-111.755060000">
        <ele>748</ele>
      </trkpt>
      <trkpt lat="34.169680000" lon="-111.754930000">
        <ele>748</ele>
      </trkpt>
      <trkpt lat="34.169570000" lon="-111.754950000">
        <ele>748</ele>
      </trkpt>
      <trkpt lat="34.169480000" lon="-111.754910000">
        <ele>748</ele>
      </trkpt>
      <trkpt lat="34.169410000" lon="-111.754930000">
        <ele>749</ele>
      </trkpt>
      <trkpt lat="34.169240000" lon="-111.754890000">
        <ele>749</ele>
      </trkpt>
      <trkpt lat="34.168790000" lon="-111.754320000">
        <ele>745</ele>
      </trkpt>
      <trkpt lat="34.168650000" lon="-111.754170000">
        <ele>744</ele>
      </trkpt>
      <trkpt lat="34.168560000" lon="-111.754000000">
        <ele>744</ele>
      </trkpt>
      <trkpt lat="34.168500000" lon="-111.753980000">
        <ele>744</ele>
      </trkpt>
      <trkpt lat="34.168310000" lon="-111.753730000">
        <ele>744</ele>
      </trkpt>
      <trkpt lat="34.168220000" lon="-111.753520000">
        <ele>744</ele>
      </trkpt>
      <trkpt lat="34.168070000" lon="-111.753460000">
        <ele>744</ele>
      </trkpt>
      <trkpt lat="34.168020000" lon="-111.753410000">
        <ele>744</ele>
      </trkpt>
      <trkpt lat="34.167920000" lon="-111.753270000">
        <ele>745</ele>
      </trkpt>
      <trkpt lat="34.167880000" lon="-111.753170000">
        <ele>745</ele>
      </trkpt>
      <trkpt lat="34.167920000" lon="-111.752900000">
        <ele>745</ele>
      </trkpt>
      <trkpt lat="34.167780000" lon="-111.752730000">
        <ele>745</ele>
      </trkpt>
      <trkpt lat="34.167600000" lon="-111.752400000">
        <ele>744</ele>
      </trkpt>
      <trkpt lat="34.167550000" lon="-111.752160000">
        <ele>745</ele>
      </trkpt>
      <trkpt lat="34.167460000" lon="-111.752030000">
        <ele>745</ele>
      </trkpt>
      <trkpt lat="34.167390000" lon="-111.751850000">
        <ele>745</ele>
      </trkpt>
      <trkpt lat="34.167330000" lon="-111.751800000">
        <ele>745</ele>
      </trkpt>
      <trkpt lat="34.167330000" lon="-111.751680000">
        <ele>744</ele>
      </trkpt>
      <trkpt lat="34.167220000" lon="-111.751500000">
        <ele>744</ele>
      </trkpt>
      <trkpt lat="34.167220000" lon="-111.751430000">
        <ele>744</ele>
      </trkpt>
      <trkpt lat="34.167130000" lon="-111.751310000">
        <ele>744</ele>
      </trkpt>
      <trkpt lat="34.166950000" lon="-111.751250000">
        <ele>744</ele>
      </trkpt>
      <trkpt lat="34.166910000" lon="-111.751210000">
        <ele>743</ele>
      </trkpt>
      <trkpt lat="34.166810000" lon="-111.751160000">
        <ele>743</ele>
      </trkpt>
      <trkpt lat="34.166740000" lon="-111.751070000">
        <ele>743</ele>
      </trkpt>
      <trkpt lat="34.166710000" lon="-111.751100000">
        <ele>743</ele>
      </trkpt>
      <trkpt lat="34.166650000" lon="-111.751090000">
        <ele>743</ele>
      </trkpt>
      <trkpt lat="34.166470000" lon="-111.751010000">
        <ele>742</ele>
      </trkpt>
      <trkpt lat="34.166350000" lon="-111.751050000">
        <ele>742</ele>
      </trkpt>
      <trkpt lat="34.166180000" lon="-111.751010000">
        <ele>741</ele>
      </trkpt>
      <trkpt lat="34.166050000" lon="-111.751040000">
        <ele>740</ele>
      </trkpt>
      <trkpt lat="34.165890000" lon="-111.750980000">
        <ele>739</ele>
      </trkpt>
      <trkpt lat="34.165730000" lon="-111.751000000">
        <ele>738</ele>
      </trkpt>
      <trkpt lat="34.165380000" lon="-111.750950000">
        <ele>736</ele>
      </trkpt>
      <trkpt lat="34.165310000" lon="-111.750890000">
        <ele>736</ele>
      </trkpt>
      <trkpt lat="34.165230000" lon="-111.750860000">
        <ele>736</ele>
      </trkpt>
      <trkpt lat="34.164690000" lon="-111.750390000">
        <ele>734</ele>
      </trkpt>
      <trkpt lat="34.164350000" lon="-111.750260000">
        <ele>733</ele>
      </trkpt>
      <trkpt lat="34.164120000" lon="-111.750040000">
        <ele>733</ele>
      </trkpt>
      <trkpt lat="34.163980000" lon="-111.749980000">
        <ele>733</ele>
      </trkpt>
      <trkpt lat="34.163840000" lon="-111.749820000">
        <ele>732</ele>
      </trkpt>
      <trkpt lat="34.163790000" lon="-111.749800000">
        <ele>732</ele>
      </trkpt>
      <trkpt lat="34.163710000" lon="-111.749840000">
        <ele>732</ele>
      </trkpt>
      <trkpt lat="34.163550000" lon="-111.749800000">
        <ele>731</ele>
      </trkpt>
      <trkpt lat="34.163490000" lon="-111.749820000">
        <ele>731</ele>
      </trkpt>
      <trkpt lat="34.163390000" lon="-111.749750000">
        <ele>731</ele>
      </trkpt>
      <trkpt lat="34.163340000" lon="-111.749630000">
        <ele>731</ele>
      </trkpt>
      <trkpt lat="34.163310000" lon="-111.749610000">
        <ele>731</ele>
      </trkpt>
      <trkpt lat="34.163250000" lon="-111.749610000">
        <ele>731</ele>
      </trkpt>
      <trkpt lat="34.163040000" lon="-111.749220000">
        <ele>731</ele>
      </trkpt>
      <trkpt lat="34.162880000" lon="-111.749060000">
        <ele>730</ele>
      </trkpt>
      <trkpt lat="34.162640000" lon="-111.748870000">
        <ele>728</ele>
      </trkpt>
      <trkpt lat="34.162600000" lon="-111.748660000">
        <ele>728</ele>
      </trkpt>
      <trkpt lat="34.162600000" lon="-111.748480000">
        <ele>728</ele>
      </trkpt>
      <trkpt lat="34.162580000" lon="-111.748420000">
        <ele>728</ele>
      </trkpt>
      <trkpt lat="34.162580000" lon="-111.748220000">
        <ele>728</ele>
      </trkpt>
      <trkpt lat="34.162640000" lon="-111.748000000">
        <ele>728</ele>
      </trkpt>
      <trkpt lat="34.162630000" lon="-111.747850000">
        <ele>728</ele>
      </trkpt>
      <trkpt lat="34.162650000" lon="-111.747720000">
        <ele>729</ele>
      </trkpt>
      <trkpt lat="34.162820000" lon="-111.747290000">
        <ele>729</ele>
      </trkpt>
      <trkpt lat="34.162820000" lon="-111.747210000">
        <ele>728</ele>
      </trkpt>
      <trkpt lat="34.162860000" lon="-111.747110000">
        <ele>729</ele>
      </trkpt>
      <trkpt lat="34.162860000" lon="-111.746960000">
        <ele>729</ele>
      </trkpt>
      <trkpt lat="34.162940000" lon="-111.746680000">
        <ele>730</ele>
      </trkpt>
      <trkpt lat="34.162900000" lon="-111.746470000">
        <ele>728</ele>
      </trkpt>
      <trkpt lat="34.162930000" lon="-111.746280000">
        <ele>728</ele>
      </trkpt>
      <trkpt lat="34.162920000" lon="-111.746150000">
        <ele>728</ele>
      </trkpt>
      <trkpt lat="34.162940000" lon="-111.745980000">
        <ele>728</ele>
      </trkpt>
      <trkpt lat="34.162790000" lon="-111.745780000">
        <ele>728</ele>
      </trkpt>
      <trkpt lat="34.162650000" lon="-111.745740000">
        <ele>728</ele>
      </trkpt>
      <trkpt lat="34.162520000" lon="-111.745780000">
        <ele>728</ele>
      </trkpt>
      <trkpt lat="34.162360000" lon="-111.745670000">
        <ele>728</ele>
      </trkpt>
      <trkpt lat="34.162260000" lon="-111.745540000">
        <ele>729</ele>
      </trkpt>
      <trkpt lat="34.162150000" lon="-111.745540000">
        <ele>729</ele>
      </trkpt>
      <trkpt lat="34.162110000" lon="-111.745500000">
        <ele>729</ele>
      </trkpt>
      <trkpt lat="34.161960000" lon="-111.745450000">
        <ele>729</ele>
      </trkpt>
      <trkpt lat="34.161810000" lon="-111.745420000">
        <ele>728</ele>
      </trkpt>
      <trkpt lat="34.161720000" lon="-111.745370000">
        <ele>728</ele>
      </trkpt>
      <trkpt lat="34.161540000" lon="-111.745340000">
        <ele>728</ele>
      </trkpt>
      <trkpt lat="34.161510000" lon="-111.745300000">
        <ele>728</ele>
      </trkpt>
      <trkpt lat="34.161380000" lon="-111.745240000">
        <ele>728</ele>
      </trkpt>
      <trkpt lat="34.161270000" lon="-111.745240000">
        <ele>729</ele>
      </trkpt>
      <trkpt lat="34.161150000" lon="-111.745130000">
        <ele>729</ele>
      </trkpt>
      <trkpt lat="34.161060000" lon="-111.745090000">
        <ele>729</ele>
      </trkpt>
      <trkpt lat="34.160890000" lon="-111.744970000">
        <ele>730</ele>
      </trkpt>
      <trkpt lat="34.160930000" lon="-111.744630000">
        <ele>720</ele>
      </trkpt>
      <trkpt lat="34.161080000" lon="-111.744380000">
        <ele>719</ele>
      </trkpt>
      <trkpt lat="34.161120000" lon="-111.744240000">
        <ele>719</ele>
      </trkpt>
      <trkpt lat="34.161150000" lon="-111.744180000">
        <ele>720</ele>
      </trkpt>
      <trkpt lat="34.161290000" lon="-111.744070000">
        <ele>720</ele>
      </trkpt>
      <trkpt lat="34.161320000" lon="-111.744020000">
        <ele>720</ele>
      </trkpt>
      <trkpt lat="34.161460000" lon="-111.743970000">
        <ele>720</ele>
      </trkpt>
      <trkpt lat="34.161560000" lon="-111.743830000">
        <ele>720</ele>
      </trkpt>
      <trkpt lat="34.161640000" lon="-111.743650000">
        <ele>720</ele>
      </trkpt>
      <trkpt lat="34.161740000" lon="-111.743590000">
        <ele>719</ele>
      </trkpt>
      <trkpt lat="34.161850000" lon="-111.743430000">
        <ele>718</ele>
      </trkpt>
      <trkpt lat="34.161970000" lon="-111.743320000">
        <ele>718</ele>
      </trkpt>
      <trkpt lat="34.162070000" lon="-111.743170000">
        <ele>718</ele>
      </trkpt>
      <trkpt lat="34.162100000" lon="-111.743080000">
        <ele>718</ele>
      </trkpt>
      <trkpt lat="34.162170000" lon="-111.742960000">
        <ele>718</ele>
      </trkpt>
      <trkpt lat="34.162180000" lon="-111.742850000">
        <ele>718</ele>
      </trkpt>
      <trkpt lat="34.162360000" lon="-111.742560000">
        <ele>718</ele>
      </trkpt>
      <trkpt lat="34.162400000" lon="-111.742400000">
        <ele>719</ele>
      </trkpt>
      <trkpt lat="34.162420000" lon="-111.742390000">
        <ele>719</ele>
      </trkpt>
      <trkpt lat="34.162480000" lon="-111.742320000">
        <ele>718</ele>
      </trkpt>
      <trkpt lat="34.162510000" lon="-111.742190000">
        <ele>718</ele>
      </trkpt>
      <trkpt lat="34.162380000" lon="-111.742020000">
        <ele>719</ele>
      </trkpt>
      <trkpt lat="34.162300000" lon="-111.741860000">
        <ele>718</ele>
      </trkpt>
      <trkpt lat="34.162190000" lon="-111.741760000">
        <ele>717</ele>
      </trkpt>
      <trkpt lat="34.161990000" lon="-111.741700000">
        <ele>717</ele>
      </trkpt>
      <trkpt lat="34.161860000" lon="-111.741580000">
        <ele>717</ele>
      </trkpt>
      <trkpt lat="34.161740000" lon="-111.741420000">
        <ele>717</ele>
      </trkpt>
      <trkpt lat="34.161690000" lon="-111.741400000">
        <ele>717</ele>
      </trkpt>
      <trkpt lat="34.161590000" lon="-111.741410000">
        <ele>718</ele>
      </trkpt>
      <trkpt lat="34.161440000" lon="-111.741320000">
        <ele>718</ele>
      </trkpt>
      <trkpt lat="34.161330000" lon="-111.741310000">
        <ele>718</ele>
      </trkpt>
      <trkpt lat="34.161270000" lon="-111.741230000">
        <ele>717</ele>
      </trkpt>
      <trkpt lat="34.161160000" lon="-111.741180000">
        <ele>716</ele>
      </trkpt>
      <trkpt lat="34.161050000" lon="-111.741100000">
        <ele>715</ele>
      </trkpt>
      <trkpt lat="34.160960000" lon="-111.741000000">
        <ele>715</ele>
      </trkpt>
      <trkpt lat="34.160880000" lon="-111.740960000">
        <ele>715</ele>
      </trkpt>
      <trkpt lat="34.160860000" lon="-111.740940000">
        <ele>715</ele>
      </trkpt>
      <trkpt lat="34.160900000" lon="-111.740890000">
        <ele>715</ele>
      </trkpt>
      <trkpt lat="34.160880000" lon="-111.740860000">
        <ele>715</ele>
      </trkpt>
      <trkpt lat="34.160710000" lon="-111.740750000">
        <ele>715</ele>
      </trkpt>
      <trkpt lat="34.160700000" lon="-111.740670000">
        <ele>715</ele>
      </trkpt>
      <trkpt lat="34.160650000" lon="-111.740620000">
        <ele>715</ele>
      </trkpt>
      <trkpt lat="34.160640000" lon="-111.740510000">
        <ele>714</ele>
      </trkpt>
      <trkpt lat="34.160580000" lon="-111.740480000">
        <ele>714</ele>
      </trkpt>
      <trkpt lat="34.160550000" lon="-111.740420000">
        <ele>713</ele>
      </trkpt>
      <trkpt lat="34.160560000" lon="-111.740360000">
        <ele>712</ele>
      </trkpt>
      <trkpt lat="34.160530000" lon="-111.740400000">
        <ele>713</ele>
      </trkpt>
      <trkpt lat="34.160540000" lon="-111.740440000">
        <ele>714</ele>
      </trkpt>
      <trkpt lat="34.160550000" lon="-111.740470000">
        <ele>714</ele>
      </trkpt>
      <trkpt lat="34.160610000" lon="-111.740490000">
        <ele>714</ele>
      </trkpt>
      <trkpt lat="34.160610000" lon="-111.740530000">
        <ele>714</ele>
      </trkpt>
      <trkpt lat="34.160560000" lon="-111.740580000">
        <ele>715</ele>
      </trkpt>
      <trkpt lat="34.160500000" lon="-111.740580000">
        <ele>716</ele>
      </trkpt>
      <trkpt lat="34.160420000" lon="-111.740460000">
        <ele>716</ele>
      </trkpt>
      <trkpt lat="34.160380000" lon="-111.740480000">
        <ele>717</ele>
      </trkpt>
      <trkpt lat="34.160360000" lon="-111.740450000">
        <ele>717</ele>
      </trkpt>
      <trkpt lat="34.160360000" lon="-111.740320000">
        <ele>713</ele>
      </trkpt>
      <trkpt lat="34.160450000" lon="-111.740260000">
        <ele>711</ele>
      </trkpt>
      <trkpt lat="34.160600000" lon="-111.739980000">
        <ele>710</ele>
      </trkpt>
      <trkpt lat="34.160680000" lon="-111.739910000">
        <ele>709</ele>
      </trkpt>
      <trkpt lat="34.160740000" lon="-111.739740000">
        <ele>707</ele>
      </trkpt>
      <trkpt lat="34.160870000" lon="-111.739620000">
        <ele>706</ele>
      </trkpt>
      <trkpt lat="34.160910000" lon="-111.739490000">
        <ele>707</ele>
      </trkpt>
      <trkpt lat="34.160970000" lon="-111.739440000">
        <ele>707</ele>
      </trkpt>
      <trkpt lat="34.161060000" lon="-111.739270000">
        <ele>706</ele>
      </trkpt>
      <trkpt lat="34.161130000" lon="-111.739210000">
        <ele>706</ele>
      </trkpt>
      <trkpt lat="34.161150000" lon="-111.739080000">
        <ele>706</ele>
      </trkpt>
      <trkpt lat="34.161190000" lon="-111.739060000">
        <ele>706</ele>
      </trkpt>
      <trkpt lat="34.161270000" lon="-111.738920000">
        <ele>706</ele>
      </trkpt>
      <trkpt lat="34.161360000" lon="-111.738860000">
        <ele>706</ele>
      </trkpt>
      <trkpt lat="34.161500000" lon="-111.738630000">
        <ele>706</ele>
      </trkpt>
      <trkpt lat="34.161610000" lon="-111.738550000">
        <ele>707</ele>
      </trkpt>
      <trkpt lat="34.161690000" lon="-111.738540000">
        <ele>707</ele>
      </trkpt>
      <trkpt lat="34.162000000" lon="-111.738320000">
        <ele>705</ele>
      </trkpt>
      <trkpt lat="34.162060000" lon="-111.738290000">
        <ele>705</ele>
      </trkpt>
      <trkpt lat="34.162170000" lon="-111.738290000">
        <ele>705</ele>
      </trkpt>
      <trkpt lat="34.162270000" lon="-111.738070000">
        <ele>705</ele>
      </trkpt>
      <trkpt lat="34.162280000" lon="-111.738000000">
        <ele>706</ele>
      </trkpt>
      <trkpt lat="34.162330000" lon="-111.737960000">
        <ele>706</ele>
      </trkpt>
      <trkpt lat="34.162360000" lon="-111.737880000">
        <ele>707</ele>
      </trkpt>
      <trkpt lat="34.162410000" lon="-111.737850000">
        <ele>706</ele>
      </trkpt>
      <trkpt lat="34.162510000" lon="-111.737840000">
        <ele>705</ele>
      </trkpt>
      <trkpt lat="34.162680000" lon="-111.737800000">
        <ele>705</ele>
      </trkpt>
      <trkpt lat="34.162790000" lon="-111.737870000">
        <ele>705</ele>
      </trkpt>
      <trkpt lat="34.162970000" lon="-111.737750000">
        <ele>705</ele>
      </trkpt>
      <trkpt lat="34.163200000" lon="-111.737720000">
        <ele>705</ele>
      </trkpt>
      <trkpt lat="34.163290000" lon="-111.737590000">
        <ele>705</ele>
      </trkpt>
      <trkpt lat="34.163260000" lon="-111.737420000">
        <ele>706</ele>
      </trkpt>
      <trkpt lat="34.163280000" lon="-111.737310000">
        <ele>707</ele>
      </trkpt>
      <trkpt lat="34.163410000" lon="-111.737060000">
        <ele>708</ele>
      </trkpt>
      <trkpt lat="34.163420000" lon="-111.736980000">
        <ele>708</ele>
      </trkpt>
      <trkpt lat="34.163510000" lon="-111.736760000">
        <ele>708</ele>
      </trkpt>
      <trkpt lat="34.163530000" lon="-111.736730000">
        <ele>708</ele>
      </trkpt>
      <trkpt lat="34.163600000" lon="-111.736730000">
        <ele>706</ele>
      </trkpt>
      <trkpt lat="34.163660000" lon="-111.736680000">
        <ele>705</ele>
      </trkpt>
      <trkpt lat="34.163720000" lon="-111.736670000">
        <ele>705</ele>
      </trkpt>
      <trkpt lat="34.163740000" lon="-111.736640000">
        <ele>705</ele>
      </trkpt>
      <trkpt lat="34.163830000" lon="-111.736630000">
        <ele>705</ele>
      </trkpt>
      <trkpt lat="34.163910000" lon="-111.736440000">
        <ele>705</ele>
      </trkpt>
      <trkpt lat="34.163990000" lon="-111.736350000">
        <ele>705</ele>
      </trkpt>
      <trkpt lat="34.164010000" lon="-111.736230000">
        <ele>705</ele>
      </trkpt>
      <trkpt lat="34.164140000" lon="-111.736130000">
        <ele>705</ele>
      </trkpt>
      <trkpt lat="34.164230000" lon="-111.736120000">
        <ele>705</ele>
      </trkpt>
      <trkpt lat="34.164260000" lon="-111.736070000">
        <ele>705</ele>
      </trkpt>
      <trkpt lat="34.164350000" lon="-111.736010000">
        <ele>707</ele>
      </trkpt>
      <trkpt lat="34.164400000" lon="-111.735910000">
        <ele>709</ele>
      </trkpt>
      <trkpt lat="34.164580000" lon="-111.735740000">
        <ele>706</ele>
      </trkpt>
      <trkpt lat="34.164620000" lon="-111.735630000">
        <ele>706</ele>
      </trkpt>
      <trkpt lat="34.164700000" lon="-111.735620000">
        <ele>704</ele>
      </trkpt>
      <trkpt lat="34.164740000" lon="-111.735580000">
        <ele>703</ele>
      </trkpt>
      <trkpt lat="34.164800000" lon="-111.735400000">
        <ele>703</ele>
      </trkpt>
      <trkpt lat="34.164810000" lon="-111.735300000">
        <ele>702</ele>
      </trkpt>
      <trkpt lat="34.164790000" lon="-111.735240000">
        <ele>702</ele>
      </trkpt>
      <trkpt lat="34.164740000" lon="-111.735150000">
        <ele>702</ele>
      </trkpt>
      <trkpt lat="34.164690000" lon="-111.735130000">
        <ele>702</ele>
      </trkpt>
      <trkpt lat="34.164540000" lon="-111.734930000">
        <ele>700</ele>
      </trkpt>
      <trkpt lat="34.164520000" lon="-111.734820000">
        <ele>697</ele>
      </trkpt>
      <trkpt lat="34.164450000" lon="-111.734730000">
        <ele>695</ele>
      </trkpt>
      <trkpt lat="34.164390000" lon="-111.734690000">
        <ele>695</ele>
      </trkpt>
      <trkpt lat="34.164350000" lon="-111.734590000">
        <ele>692</ele>
      </trkpt>
      <trkpt lat="34.164290000" lon="-111.734530000">
        <ele>691</ele>
      </trkpt>
      <trkpt lat="34.164220000" lon="-111.734540000">
        <ele>691</ele>
      </trkpt>
      <trkpt lat="34.164020000" lon="-111.734670000">
        <ele>693</ele>
      </trkpt>
      <trkpt lat="34.163950000" lon="-111.734680000">
        <ele>692</ele>
      </trkpt>
      <trkpt lat="34.163820000" lon="-111.734630000">
        <ele>691</ele>
      </trkpt>
      <trkpt lat="34.163660000" lon="-111.734640000">
        <ele>691</ele>
      </trkpt>
      <trkpt lat="34.163610000" lon="-111.734600000">
        <ele>691</ele>
      </trkpt>
      <trkpt lat="34.163560000" lon="-111.734590000">
        <ele>691</ele>
      </trkpt>
      <trkpt lat="34.163410000" lon="-111.734680000">
        <ele>691</ele>
      </trkpt>
      <trkpt lat="34.163320000" lon="-111.734680000">
        <ele>691</ele>
      </trkpt>
      <trkpt lat="34.163180000" lon="-111.734750000">
        <ele>691</ele>
      </trkpt>
      <trkpt lat="34.163110000" lon="-111.734750000">
        <ele>691</ele>
      </trkpt>
      <trkpt lat="34.163010000" lon="-111.734810000">
        <ele>692</ele>
      </trkpt>
      <trkpt lat="34.162860000" lon="-111.734740000">
        <ele>691</ele>
      </trkpt>
      <trkpt lat="34.162780000" lon="-111.734760000">
        <ele>691</ele>
      </trkpt>
      <trkpt lat="34.162450000" lon="-111.734750000">
        <ele>691</ele>
      </trkpt>
      <trkpt lat="34.162390000" lon="-111.734720000">
        <ele>691</ele>
      </trkpt>
      <trkpt lat="34.162260000" lon="-111.734710000">
        <ele>691</ele>
      </trkpt>
      <trkpt lat="34.162180000" lon="-111.734660000">
        <ele>691</ele>
      </trkpt>
      <trkpt lat="34.162100000" lon="-111.734430000">
        <ele>691</ele>
      </trkpt>
      <trkpt lat="34.162000000" lon="-111.734270000">
        <ele>691</ele>
      </trkpt>
      <trkpt lat="34.162010000" lon="-111.734070000">
        <ele>691</ele>
      </trkpt>
      <trkpt lat="34.161840000" lon="-111.733700000">
        <ele>691</ele>
      </trkpt>
      <trkpt lat="34.161720000" lon="-111.733290000">
        <ele>691</ele>
      </trkpt>
      <trkpt lat="34.161720000" lon="-111.733110000">
        <ele>691</ele>
      </trkpt>
      <trkpt lat="34.161830000" lon="-111.732800000">
        <ele>692</ele>
      </trkpt>
      <trkpt lat="34.161890000" lon="-111.732730000">
        <ele>691</ele>
      </trkpt>
      <trkpt lat="34.161950000" lon="-111.732590000">
        <ele>691</ele>
      </trkpt>
      <trkpt lat="34.162000000" lon="-111.732540000">
        <ele>691</ele>
      </trkpt>
      <trkpt lat="34.162070000" lon="-111.732390000">
        <ele>691</ele>
      </trkpt>
      <trkpt lat="34.162100000" lon="-111.732200000">
        <ele>691</ele>
      </trkpt>
      <trkpt lat="34.162090000" lon="-111.731950000">
        <ele>691</ele>
      </trkpt>
      <trkpt lat="34.162140000" lon="-111.731790000">
        <ele>691</ele>
      </trkpt>
      <trkpt lat="34.162230000" lon="-111.731630000">
        <ele>691</ele>
      </trkpt>
      <trkpt lat="34.162250000" lon="-111.731480000">
        <ele>691</ele>
      </trkpt>
      <trkpt lat="34.162120000" lon="-111.731210000">
        <ele>691</ele>
      </trkpt>
      <trkpt lat="34.162050000" lon="-111.731130000">
        <ele>691</ele>
      </trkpt>
      <trkpt lat="34.162010000" lon="-111.731010000">
        <ele>691</ele>
      </trkpt>
      <trkpt lat="34.161950000" lon="-111.730920000">
        <ele>691</ele>
      </trkpt>
      <trkpt lat="34.161910000" lon="-111.730790000">
        <ele>691</ele>
      </trkpt>
      <trkpt lat="34.161850000" lon="-111.730200000">
        <ele>690</ele>
      </trkpt>
      <trkpt lat="34.161750000" lon="-111.729740000">
        <ele>689</ele>
      </trkpt>
      <trkpt lat="34.161760000" lon="-111.729450000">
        <ele>688</ele>
      </trkpt>
      <trkpt lat="34.161800000" lon="-111.729170000">
        <ele>685</ele>
      </trkpt>
      <trkpt lat="34.161800000" lon="-111.729040000">
        <ele>684</ele>
      </trkpt>
      <trkpt lat="34.161820000" lon="-111.728840000">
        <ele>683</ele>
      </trkpt>
      <trkpt lat="34.161850000" lon="-111.728780000">
        <ele>683</ele>
      </trkpt>
      <trkpt lat="34.161850000" lon="-111.728490000">
        <ele>683</ele>
      </trkpt>
      <trkpt lat="34.161630000" lon="-111.728170000">
        <ele>683</ele>
      </trkpt>
      <trkpt lat="34.161580000" lon="-111.728020000">
        <ele>683</ele>
      </trkpt>
      <trkpt lat="34.161460000" lon="-111.727870000">
        <ele>682</ele>
      </trkpt>
      <trkpt lat="34.161260000" lon="-111.727670000">
        <ele>681</ele>
      </trkpt>
      <trkpt lat="34.161190000" lon="-111.727500000">
        <ele>681</ele>
      </trkpt>
      <trkpt lat="34.161160000" lon="-111.727220000">
        <ele>683</ele>
      </trkpt>
      <trkpt lat="34.161200000" lon="-111.726980000">
        <ele>682</ele>
      </trkpt>
      <trkpt lat="34.161150000" lon="-111.726850000">
        <ele>682</ele>
      </trkpt>
      <trkpt lat="34.161160000" lon="-111.726690000">
        <ele>686</ele>
      </trkpt>
      <trkpt lat="34.161260000" lon="-111.726280000">
        <ele>683</ele>
      </trkpt>
      <trkpt lat="34.161360000" lon="-111.726120000">
        <ele>681</ele>
      </trkpt>
      <trkpt lat="34.161430000" lon="-111.726090000">
        <ele>681</ele>
      </trkpt>
      <trkpt lat="34.161540000" lon="-111.725900000">
        <ele>681</ele>
      </trkpt>
      <trkpt lat="34.161590000" lon="-111.725860000">
        <ele>681</ele>
      </trkpt>
      <trkpt lat="34.161710000" lon="-111.725840000">
        <ele>681</ele>
      </trkpt>
      <trkpt lat="34.161830000" lon="-111.725750000">
        <ele>681</ele>
      </trkpt>
      <trkpt lat="34.162060000" lon="-111.725720000">
        <ele>681</ele>
      </trkpt>
      <trkpt lat="34.162170000" lon="-111.725660000">
        <ele>681</ele>
      </trkpt>
      <trkpt lat="34.162300000" lon="-111.725540000">
        <ele>681</ele>
      </trkpt>
      <trkpt lat="34.162400000" lon="-111.725320000">
        <ele>681</ele>
      </trkpt>
      <trkpt lat="34.162470000" lon="-111.725250000">
        <ele>682</ele>
      </trkpt>
      <trkpt lat="34.162490000" lon="-111.725110000">
        <ele>682</ele>
      </trkpt>
      <trkpt lat="34.162450000" lon="-111.724980000">
        <ele>682</ele>
      </trkpt>
      <trkpt lat="34.162410000" lon="-111.724650000">
        <ele>681</ele>
      </trkpt>
      <trkpt lat="34.162410000" lon="-111.724490000">
        <ele>681</ele>
      </trkpt>
      <trkpt lat="34.162340000" lon="-111.724370000">
        <ele>681</ele>
      </trkpt>
      <trkpt lat="34.162150000" lon="-111.724260000">
        <ele>681</ele>
      </trkpt>
      <trkpt lat="34.161900000" lon="-111.724150000">
        <ele>681</ele>
      </trkpt>
      <trkpt lat="34.161840000" lon="-111.724090000">
        <ele>681</ele>
      </trkpt>
      <trkpt lat="34.161760000" lon="-111.724060000">
        <ele>681</ele>
      </trkpt>
      <trkpt lat="34.161570000" lon="-111.724070000">
        <ele>681</ele>
      </trkpt>
      <trkpt lat="34.161500000" lon="-111.724090000">
        <ele>681</ele>
      </trkpt>
      <trkpt lat="34.161260000" lon="-111.723870000">
        <ele>682</ele>
      </trkpt>
      <trkpt lat="34.161180000" lon="-111.723680000">
        <ele>682</ele>
      </trkpt>
      <trkpt lat="34.161180000" lon="-111.723560000">
        <ele>682</ele>
      </trkpt>
      <trkpt lat="34.161160000" lon="-111.723500000">
        <ele>682</ele>
      </trkpt>
      <trkpt lat="34.161160000" lon="-111.723330000">
        <ele>681</ele>
      </trkpt>
      <trkpt lat="34.161180000" lon="-111.723270000">
        <ele>681</ele>
      </trkpt>
      <trkpt lat="34.161170000" lon="-111.723170000">
        <ele>680</ele>
      </trkpt>
      <trkpt lat="34.161230000" lon="-111.722950000">
        <ele>680</ele>
      </trkpt>
      <trkpt lat="34.161280000" lon="-111.722850000">
        <ele>681</ele>
      </trkpt>
      <trkpt lat="34.161500000" lon="-111.722700000">
        <ele>680</ele>
      </trkpt>
      <trkpt lat="34.161520000" lon="-111.722630000">
        <ele>680</ele>
      </trkpt>
      <trkpt lat="34.161700000" lon="-111.722490000">
        <ele>680</ele>
      </trkpt>
      <trkpt lat="34.161750000" lon="-111.722400000">
        <ele>680</ele>
      </trkpt>
      <trkpt lat="34.161940000" lon="-111.722210000">
        <ele>679</ele>
      </trkpt>
      <trkpt lat="34.161990000" lon="-111.722190000">
        <ele>680</ele>
      </trkpt>
      <trkpt lat="34.162060000" lon="-111.722110000">
        <ele>680</ele>
      </trkpt>
      <trkpt lat="34.162140000" lon="-111.722050000">
        <ele>680</ele>
      </trkpt>
      <trkpt lat="34.162200000" lon="-111.722040000">
        <ele>680</ele>
      </trkpt>
      <trkpt lat="34.162270000" lon="-111.721960000">
        <ele>681</ele>
      </trkpt>
      <trkpt lat="34.162350000" lon="-111.721960000">
        <ele>680</ele>
      </trkpt>
      <trkpt lat="34.162460000" lon="-111.721920000">
        <ele>680</ele>
      </trkpt>
      <trkpt lat="34.162520000" lon="-111.721950000">
        <ele>680</ele>
      </trkpt>
      <trkpt lat="34.162580000" lon="-111.721920000">
        <ele>680</ele>
      </trkpt>
      <trkpt lat="34.162640000" lon="-111.721720000">
        <ele>680</ele>
      </trkpt>
      <trkpt lat="34.162640000" lon="-111.721640000">
        <ele>680</ele>
      </trkpt>
      <trkpt lat="34.162590000" lon="-111.721550000">
        <ele>680</ele>
      </trkpt>
      <trkpt lat="34.162340000" lon="-111.721360000">
        <ele>683</ele>
      </trkpt>
      <trkpt lat="34.162280000" lon="-111.721350000">
        <ele>683</ele>
      </trkpt>
      <trkpt lat="34.162230000" lon="-111.721380000">
        <ele>683</ele>
      </trkpt>
      <trkpt lat="34.162220000" lon="-111.721420000">
        <ele>684</ele>
      </trkpt>
      <trkpt lat="34.162120000" lon="-111.721420000">
        <ele>684</ele>
      </trkpt>
      <trkpt lat="34.162100000" lon="-111.721400000">
        <ele>683</ele>
      </trkpt>
      <trkpt lat="34.162140000" lon="-111.721350000">
        <ele>683</ele>
      </trkpt>
      <trkpt lat="34.162520000" lon="-111.721510000">
        <ele>681</ele>
      </trkpt>
      <trkpt lat="34.162660000" lon="-111.721650000">
        <ele>680</ele>
      </trkpt>
      <trkpt lat="34.162750000" lon="-111.721580000">
        <ele>679</ele>
      </trkpt>
      <trkpt lat="34.162830000" lon="-111.721440000">
        <ele>676</ele>
      </trkpt>
      <trkpt lat="34.162900000" lon="-111.721200000">
        <ele>671</ele>
      </trkpt>
      <trkpt lat="34.163020000" lon="-111.721050000">
        <ele>670</ele>
      </trkpt>
      <trkpt lat="34.163070000" lon="-111.720940000">
        <ele>670</ele>
      </trkpt>
      <trkpt lat="34.163050000" lon="-111.720960000">
        <ele>670</ele>
      </trkpt>
      <trkpt lat="34.163040000" lon="-111.720930000">
        <ele>670</ele>
      </trkpt>
      <trkpt lat="34.163020000" lon="-111.720920000">
        <ele>670</ele>
      </trkpt>
      <trkpt lat="34.163030000" lon="-111.720960000">
        <ele>670</ele>
      </trkpt>
      <trkpt lat="34.163010000" lon="-111.720930000">
        <ele>670</ele>
      </trkpt>
      <trkpt lat="34.163050000" lon="-111.720730000">
        <ele>669</ele>
      </trkpt>
      <trkpt lat="34.163150000" lon="-111.720750000">
        <ele>670</ele>
      </trkpt>
      <trkpt lat="34.163190000" lon="-111.720720000">
        <ele>670</ele>
      </trkpt>
      <trkpt lat="34.163170000" lon="-111.720620000">
        <ele>670</ele>
      </trkpt>
      <trkpt lat="34.163080000" lon="-111.720620000">
        <ele>668</ele>
      </trkpt>
      <trkpt lat="34.163040000" lon="-111.720590000">
        <ele>667</ele>
      </trkpt>
      <trkpt lat="34.163020000" lon="-111.720610000">
        <ele>667</ele>
      </trkpt>
      <trkpt lat="34.163120000" lon="-111.720660000">
        <ele>669</ele>
      </trkpt>
      <trkpt lat="34.163150000" lon="-111.720650000">
        <ele>670</ele>
      </trkpt>
      <trkpt lat="34.163270000" lon="-111.720680000">
        <ele>672</ele>
      </trkpt>
      <trkpt lat="34.163270000" lon="-111.720710000">
        <ele>672</ele>
      </trkpt>
      <trkpt lat="34.163370000" lon="-111.720660000">
        <ele>676</ele>
      </trkpt>
      <trkpt lat="34.163400000" lon="-111.720670000">
        <ele>677</ele>
      </trkpt>
      <trkpt lat="34.163360000" lon="-111.720720000">
        <ele>675</ele>
      </trkpt>
      <trkpt lat="34.163230000" lon="-111.720700000">
        <ele>671</ele>
      </trkpt>
      <trkpt lat="34.163140000" lon="-111.720640000">
        <ele>669</ele>
      </trkpt>
      <trkpt lat="34.163050000" lon="-111.720620000">
        <ele>668</ele>
      </trkpt>
      <trkpt lat="34.162990000" lon="-111.720560000">
        <ele>667</ele>
      </trkpt>
      <trkpt lat="34.163040000" lon="-111.720750000">
        <ele>669</ele>
      </trkpt>
      <trkpt lat="34.163040000" lon="-111.720570000">
        <ele>667</ele>
      </trkpt>
      <trkpt lat="34.162990000" lon="-111.720610000">
        <ele>667</ele>
      </trkpt>
      <trkpt lat="34.162960000" lon="-111.720510000">
        <ele>666</ele>
      </trkpt>
      <trkpt lat="34.162910000" lon="-111.720460000">
        <ele>666</ele>
      </trkpt>
      <trkpt lat="34.162850000" lon="-111.720430000">
        <ele>666</ele>
      </trkpt>
      <trkpt lat="34.162740000" lon="-111.720430000">
        <ele>667</ele>
      </trkpt>
      <trkpt lat="34.162580000" lon="-111.720310000">
        <ele>668</ele>
      </trkpt>
      <trkpt lat="34.162550000" lon="-111.720400000">
        <ele>667</ele>
      </trkpt>
      <trkpt lat="34.162600000" lon="-111.720460000">
        <ele>666</ele>
      </trkpt>
      <trkpt lat="34.162120000" lon="-111.720600000">
        <ele>666</ele>
      </trkpt>
      <trkpt lat="34.162590000" lon="-111.720390000">
        <ele>667</ele>
      </trkpt>
      <trkpt lat="34.162610000" lon="-111.720410000">
        <ele>667</ele>
      </trkpt>
      <trkpt lat="34.162630000" lon="-111.720390000">
        <ele>667</ele>
      </trkpt>
      <trkpt lat="34.162620000" lon="-111.720350000">
        <ele>667</ele>
      </trkpt>
      <trkpt lat="34.162640000" lon="-111.720380000">
        <ele>667</ele>
      </trkpt>
      <trkpt lat="34.162610000" lon="-111.720470000">
        <ele>666</ele>
      </trkpt>
      <trkpt lat="34.162560000" lon="-111.720480000">
        <ele>666</ele>
      </trkpt>
      <trkpt lat="34.162610000" lon="-111.720450000">
        <ele>666</ele>
      </trkpt>
      <trkpt lat="34.162590000" lon="-111.720390000">
        <ele>667</ele>
      </trkpt>
      <trkpt lat="34.162530000" lon="-111.720320000">
        <ele>668</ele>
      </trkpt>
      <trkpt lat="34.162480000" lon="-111.720240000">
        <ele>669</ele>
      </trkpt>
      <trkpt lat="34.162390000" lon="-111.720170000">
        <ele>670</ele>
      </trkpt>
      <trkpt lat="34.162410000" lon="-111.719830000">
        <ele>672</ele>
      </trkpt>
      <trkpt lat="34.162360000" lon="-111.719720000">
        <ele>672</ele>
      </trkpt>
      <trkpt lat="34.162370000" lon="-111.719550000">
        <ele>672</ele>
      </trkpt>
      <trkpt lat="34.162330000" lon="-111.719450000">
        <ele>672</ele>
      </trkpt>
      <trkpt lat="34.162310000" lon="-111.719240000">
        <ele>671</ele>
      </trkpt>
      <trkpt lat="34.162360000" lon="-111.719110000">
        <ele>671</ele>
      </trkpt>
      <trkpt lat="34.162440000" lon="-111.719060000">
        <ele>671</ele>
      </trkpt>
      <trkpt lat="34.162530000" lon="-111.719050000">
        <ele>671</ele>
      </trkpt>
      <trkpt lat="34.162580000" lon="-111.719010000">
        <ele>671</ele>
      </trkpt>
      <trkpt lat="34.162590000" lon="-111.718890000">
        <ele>671</ele>
      </trkpt>
      <trkpt lat="34.162680000" lon="-111.718730000">
        <ele>671</ele>
      </trkpt>
      <trkpt lat="34.162670000" lon="-111.718610000">
        <ele>673</ele>
      </trkpt>
      <trkpt lat="34.162740000" lon="-111.718560000">
        <ele>675</ele>
      </trkpt>
      <trkpt lat="34.162910000" lon="-111.718310000">
        <ele>677</ele>
      </trkpt>
      <trkpt lat="34.163080000" lon="-111.718280000">
        <ele>676</ele>
      </trkpt>
      <trkpt lat="34.163190000" lon="-111.718210000">
        <ele>676</ele>
      </trkpt>
      <trkpt lat="34.163290000" lon="-111.718090000">
        <ele>676</ele>
      </trkpt>
      <trkpt lat="34.163340000" lon="-111.718060000">
        <ele>675</ele>
      </trkpt>
      <trkpt lat="34.163390000" lon="-111.717810000">
        <ele>677</ele>
      </trkpt>
      <trkpt lat="34.163440000" lon="-111.717680000">
        <ele>679</ele>
      </trkpt>
      <trkpt lat="34.163550000" lon="-111.717560000">
        <ele>678</ele>
      </trkpt>
      <trkpt lat="34.163660000" lon="-111.717500000">
        <ele>675</ele>
      </trkpt>
      <trkpt lat="34.163720000" lon="-111.717430000">
        <ele>674</ele>
      </trkpt>
      <trkpt lat="34.163780000" lon="-111.717430000">
        <ele>673</ele>
      </trkpt>
      <trkpt lat="34.163760000" lon="-111.717330000">
        <ele>674</ele>
      </trkpt>
      <trkpt lat="34.163700000" lon="-111.717310000">
        <ele>676</ele>
      </trkpt>
      <trkpt lat="34.163700000" lon="-111.717340000">
        <ele>675</ele>
      </trkpt>
      <trkpt lat="34.163660000" lon="-111.717210000">
        <ele>677</ele>
      </trkpt>
      <trkpt lat="34.163700000" lon="-111.717010000">
        <ele>681</ele>
      </trkpt>
      <trkpt lat="34.163680000" lon="-111.716960000">
        <ele>683</ele>
      </trkpt>
      <trkpt lat="34.163720000" lon="-111.716900000">
        <ele>684</ele>
      </trkpt>
      <trkpt lat="34.163670000" lon="-111.716890000">
        <ele>686</ele>
      </trkpt>
      <trkpt lat="34.163670000" lon="-111.716840000">
        <ele>687</ele>
      </trkpt>
      <trkpt lat="34.163720000" lon="-111.716710000">
        <ele>688</ele>
      </trkpt>
      <trkpt lat="34.163710000" lon="-111.716650000">
        <ele>688</ele>
      </trkpt>
      <trkpt lat="34.163670000" lon="-111.716570000">
        <ele>689</ele>
      </trkpt>
      <trkpt lat="34.163610000" lon="-111.716540000">
        <ele>691</ele>
      </trkpt>
      <trkpt lat="34.163580000" lon="-111.716440000">
        <ele>691</ele>
      </trkpt>
      <trkpt lat="34.163500000" lon="-111.716370000">
        <ele>695</ele>
      </trkpt>
      <trkpt lat="34.163480000" lon="-111.716230000">
        <ele>698</ele>
      </trkpt>
      <trkpt lat="34.163390000" lon="-111.716000000">
        <ele>703</ele>
      </trkpt>
      <trkpt lat="34.163220000" lon="-111.715760000">
        <ele>713</ele>
      </trkpt>
      <trkpt lat="34.163250000" lon="-111.715570000">
        <ele>711</ele>
      </trkpt>
      <trkpt lat="34.163180000" lon="-111.715380000">
        <ele>710</ele>
      </trkpt>
      <trkpt lat="34.163210000" lon="-111.715300000">
        <ele>709</ele>
      </trkpt>
      <trkpt lat="34.163290000" lon="-111.715200000">
        <ele>710</ele>
      </trkpt>
      <trkpt lat="34.163370000" lon="-111.715220000">
        <ele>712</ele>
      </trkpt>
      <trkpt lat="34.163460000" lon="-111.715180000">
        <ele>714</ele>
      </trkpt>
      <trkpt lat="34.163490000" lon="-111.715010000">
        <ele>719</ele>
      </trkpt>
      <trkpt lat="34.163540000" lon="-111.714880000">
        <ele>721</ele>
      </trkpt>
      <trkpt lat="34.163670000" lon="-111.714670000">
        <ele>722</ele>
      </trkpt>
      <trkpt lat="34.163740000" lon="-111.714610000">
        <ele>722</ele>
      </trkpt>
      <trkpt lat="34.163820000" lon="-111.714460000">
        <ele>721</ele>
      </trkpt>
      <trkpt lat="34.163810000" lon="-111.714340000">
        <ele>719</ele>
      </trkpt>
      <trkpt lat="34.163770000" lon="-111.714260000">
        <ele>719</ele>
      </trkpt>
      <trkpt lat="34.163800000" lon="-111.714010000">
        <ele>718</ele>
      </trkpt>
      <trkpt lat="34.163850000" lon="-111.713880000">
        <ele>717</ele>
      </trkpt>
      <trkpt lat="34.163960000" lon="-111.713680000">
        <ele>720</ele>
      </trkpt>
      <trkpt lat="34.163960000" lon="-111.713620000">
        <ele>722</ele>
      </trkpt>
      <trkpt lat="34.163890000" lon="-111.713440000">
        <ele>726</ele>
      </trkpt>
      <trkpt lat="34.163740000" lon="-111.713160000">
        <ele>727</ele>
      </trkpt>
      <trkpt lat="34.163710000" lon="-111.713060000">
        <ele>727</ele>
      </trkpt>
      <trkpt lat="34.163650000" lon="-111.713000000">
        <ele>726</ele>
      </trkpt>
      <trkpt lat="34.163510000" lon="-111.712580000">
        <ele>722</ele>
      </trkpt>
      <trkpt lat="34.163340000" lon="-111.712300000">
        <ele>720</ele>
      </trkpt>
      <trkpt lat="34.163330000" lon="-111.712130000">
        <ele>720</ele>
      </trkpt>
      <trkpt lat="34.163250000" lon="-111.712040000">
        <ele>720</ele>
      </trkpt>
      <trkpt lat="34.163210000" lon="-111.711920000">
        <ele>720</ele>
      </trkpt>
      <trkpt lat="34.163200000" lon="-111.711680000">
        <ele>719</ele>
      </trkpt>
      <trkpt lat="34.163340000" lon="-111.711360000">
        <ele>719</ele>
      </trkpt>
      <trkpt lat="34.163500000" lon="-111.711190000">
        <ele>722</ele>
      </trkpt>
      <trkpt lat="34.163630000" lon="-111.710960000">
        <ele>730</ele>
      </trkpt>
      <trkpt lat="34.163680000" lon="-111.710940000">
        <ele>731</ele>
      </trkpt>
      <trkpt lat="34.163700000" lon="-111.710850000">
        <ele>732</ele>
      </trkpt>
      <trkpt lat="34.163740000" lon="-111.710800000">
        <ele>732</ele>
      </trkpt>
      <trkpt lat="34.163780000" lon="-111.710740000">
        <ele>732</ele>
      </trkpt>
      <trkpt lat="34.163870000" lon="-111.710700000">
        <ele>731</ele>
      </trkpt>
      <trkpt lat="34.163950000" lon="-111.710560000">
        <ele>732</ele>
      </trkpt>
      <trkpt lat="34.163940000" lon="-111.710350000">
        <ele>732</ele>
      </trkpt>
      <trkpt lat="34.163980000" lon="-111.710230000">
        <ele>733</ele>
      </trkpt>
      <trkpt lat="34.163990000" lon="-111.709910000">
        <ele>734</ele>
      </trkpt>
      <trkpt lat="34.164010000" lon="-111.709830000">
        <ele>735</ele>
      </trkpt>
      <trkpt lat="34.164000000" lon="-111.709690000">
        <ele>736</ele>
      </trkpt>
      <trkpt lat="34.164070000" lon="-111.709610000">
        <ele>738</ele>
      </trkpt>
      <trkpt lat="34.164180000" lon="-111.709220000">
        <ele>743</ele>
      </trkpt>
      <trkpt lat="34.164350000" lon="-111.709110000">
        <ele>746</ele>
      </trkpt>
      <trkpt lat="34.164440000" lon="-111.708720000">
        <ele>752</ele>
      </trkpt>
      <trkpt lat="34.164410000" lon="-111.708560000">
        <ele>753</ele>
      </trkpt>
      <trkpt lat="34.164430000" lon="-111.708470000">
        <ele>755</ele>
      </trkpt>
      <trkpt lat="34.164400000" lon="-111.708380000">
        <ele>755</ele>
      </trkpt>
      <trkpt lat="34.164370000" lon="-111.708340000">
        <ele>755</ele>
      </trkpt>
      <trkpt lat="34.164350000" lon="-111.708230000">
        <ele>755</ele>
      </trkpt>
      <trkpt lat="34.164300000" lon="-111.708160000">
        <ele>755</ele>
      </trkpt>
      <trkpt lat="34.164240000" lon="-111.707860000">
        <ele>763</ele>
      </trkpt>
      <trkpt lat="34.164160000" lon="-111.707760000">
        <ele>766</ele>
      </trkpt>
      <trkpt lat="34.164160000" lon="-111.707690000">
        <ele>767</ele>
      </trkpt>
      <trkpt lat="34.164110000" lon="-111.707610000">
        <ele>768</ele>
      </trkpt>
      <trkpt lat="34.164090000" lon="-111.707480000">
        <ele>769</ele>
      </trkpt>
      <trkpt lat="34.164170000" lon="-111.707340000">
        <ele>770</ele>
      </trkpt>
      <trkpt lat="34.164260000" lon="-111.707230000">
        <ele>769</ele>
      </trkpt>
      <trkpt lat="34.164310000" lon="-111.706950000">
        <ele>767</ele>
      </trkpt>
      <trkpt lat="34.164360000" lon="-111.706820000">
        <ele>768</ele>
      </trkpt>
      <trkpt lat="34.164400000" lon="-111.706760000">
        <ele>768</ele>
      </trkpt>
      <trkpt lat="34.164410000" lon="-111.706790000">
        <ele>768</ele>
      </trkpt>
      <trkpt lat="34.165500000" lon="-111.703490000">
        <ele>789</ele>
      </trkpt>
      <trkpt lat="34.165430000" lon="-111.703380000">
        <ele>789</ele>
      </trkpt>
      <trkpt lat="34.165470000" lon="-111.703340000">
        <ele>790</ele>
      </trkpt>
      <trkpt lat="34.165510000" lon="-111.703230000">
        <ele>792</ele>
      </trkpt>
      <trkpt lat="34.165590000" lon="-111.703230000">
        <ele>795</ele>
      </trkpt>
      <trkpt lat="34.165680000" lon="-111.703300000">
        <ele>796</ele>
      </trkpt>
      <trkpt lat="34.165730000" lon="-111.703300000">
        <ele>797</ele>
      </trkpt>
      <trkpt lat="34.165710000" lon="-111.702920000">
        <ele>804</ele>
      </trkpt>
      <trkpt lat="34.165680000" lon="-111.702780000">
        <ele>806</ele>
      </trkpt>
      <trkpt lat="34.165740000" lon="-111.702660000">
        <ele>810</ele>
      </trkpt>
      <trkpt lat="34.165810000" lon="-111.702570000">
        <ele>812</ele>
      </trkpt>
      <trkpt lat="34.165840000" lon="-111.702550000">
        <ele>813</ele>
      </trkpt>
      <trkpt lat="34.165980000" lon="-111.702570000">
        <ele>815</ele>
      </trkpt>
      <trkpt lat="34.165950000" lon="-111.702270000">
        <ele>820</ele>
      </trkpt>
      <trkpt lat="34.165970000" lon="-111.702240000">
        <ele>821</ele>
      </trkpt>
      <trkpt lat="34.165990000" lon="-111.702110000">
        <ele>824</ele>
      </trkpt>
      <trkpt lat="34.166000000" lon="-111.702070000">
        <ele>825</ele>
      </trkpt>
      <trkpt lat="34.166100000" lon="-111.702120000">
        <ele>827</ele>
      </trkpt>
      <trkpt lat="34.166110000" lon="-111.702010000">
        <ele>827</ele>
      </trkpt>
      <trkpt lat="34.166200000" lon="-111.701830000">
        <ele>830</ele>
      </trkpt>
      <trkpt lat="34.166220000" lon="-111.701720000">
        <ele>832</ele>
      </trkpt>
      <trkpt lat="34.166260000" lon="-111.701680000">
        <ele>833</ele>
      </trkpt>
      <trkpt lat="34.166250000" lon="-111.701650000">
        <ele>834</ele>
      </trkpt>
      <trkpt lat="34.166300000" lon="-111.701620000">
        <ele>835</ele>
      </trkpt>
      <trkpt lat="34.166280000" lon="-111.701560000">
        <ele>836</ele>
      </trkpt>
      <trkpt lat="34.166300000" lon="-111.701500000">
        <ele>838</ele>
      </trkpt>
      <trkpt lat="34.166220000" lon="-111.701170000">
        <ele>842</ele>
      </trkpt>
      <trkpt lat="34.166230000" lon="-111.701050000">
        <ele>843</ele>
      </trkpt>
      <trkpt lat="34.166160000" lon="-111.700740000">
        <ele>844</ele>
      </trkpt>
      <trkpt lat="34.166020000" lon="-111.700400000">
        <ele>847</ele>
      </trkpt>
      <trkpt lat="34.165930000" lon="-111.700300000">
        <ele>848</ele>
      </trkpt>
      <trkpt lat="34.165810000" lon="-111.700060000">
        <ele>848</ele>
      </trkpt>
      <trkpt lat="34.165820000" lon="-111.699950000">
        <ele>846</ele>
      </trkpt>
      <trkpt lat="34.165770000" lon="-111.699800000">
        <ele>846</ele>
      </trkpt>
      <trkpt lat="34.165930000" lon="-111.699340000">
        <ele>847</ele>
      </trkpt>
      <trkpt lat="34.166050000" lon="-111.699290000">
        <ele>846</ele>
      </trkpt>
      <trkpt lat="34.166120000" lon="-111.699210000">
        <ele>846</ele>
      </trkpt>
      <trkpt lat="34.166300000" lon="-111.699070000">
        <ele>848</ele>
      </trkpt>
      <trkpt lat="34.166360000" lon="-111.699080000">
        <ele>849</ele>
      </trkpt>
      <trkpt lat="34.166510000" lon="-111.698990000">
        <ele>852</ele>
      </trkpt>
      <trkpt lat="34.166620000" lon="-111.699010000">
        <ele>854</ele>
      </trkpt>
      <trkpt lat="34.166640000" lon="-111.698990000">
        <ele>855</ele>
      </trkpt>
      <trkpt lat="34.166730000" lon="-111.698980000">
        <ele>857</ele>
      </trkpt>
      <trkpt lat="34.166850000" lon="-111.698890000">
        <ele>861</ele>
      </trkpt>
      <trkpt lat="34.166890000" lon="-111.698920000">
        <ele>862</ele>
      </trkpt>
      <trkpt lat="34.166950000" lon="-111.698920000">
        <ele>863</ele>
      </trkpt>
      <trkpt lat="34.167100000" lon="-111.699040000">
        <ele>866</ele>
      </trkpt>
      <trkpt lat="34.167190000" lon="-111.699060000">
        <ele>868</ele>
      </trkpt>
      <trkpt lat="34.167240000" lon="-111.699100000">
        <ele>868</ele>
      </trkpt>
      <trkpt lat="34.167300000" lon="-111.699210000">
        <ele>868</ele>
      </trkpt>
      <trkpt lat="34.167380000" lon="-111.699250000">
        <ele>869</ele>
      </trkpt>
      <trkpt lat="34.167540000" lon="-111.699190000">
        <ele>872</ele>
      </trkpt>
      <trkpt lat="34.167700000" lon="-111.699220000">
        <ele>874</ele>
      </trkpt>
      <trkpt lat="34.167730000" lon="-111.699200000">
        <ele>874</ele>
      </trkpt>
      <trkpt lat="34.167850000" lon="-111.699210000">
        <ele>875</ele>
      </trkpt>
      <trkpt lat="34.167870000" lon="-111.699220000">
        <ele>875</ele>
      </trkpt>
      <trkpt lat="34.167870000" lon="-111.699250000">
        <ele>874</ele>
      </trkpt>
      <trkpt lat="34.167900000" lon="-111.699270000">
        <ele>874</ele>
      </trkpt>
      <trkpt lat="34.167970000" lon="-111.699210000">
        <ele>876</ele>
      </trkpt>
      <trkpt lat="34.168030000" lon="-111.699210000">
        <ele>876</ele>
      </trkpt>
      <trkpt lat="34.168080000" lon="-111.699240000">
        <ele>876</ele>
      </trkpt>
      <trkpt lat="34.168160000" lon="-111.699210000">
        <ele>877</ele>
      </trkpt>
      <trkpt lat="34.168390000" lon="-111.699270000">
        <ele>878</ele>
      </trkpt>
      <trkpt lat="34.168510000" lon="-111.699250000">
        <ele>879</ele>
      </trkpt>
      <trkpt lat="34.168590000" lon="-111.699290000">
        <ele>880</ele>
      </trkpt>
      <trkpt lat="34.168700000" lon="-111.699320000">
        <ele>881</ele>
      </trkpt>
      <trkpt lat="34.168760000" lon="-111.699310000">
        <ele>882</ele>
      </trkpt>
      <trkpt lat="34.168860000" lon="-111.699340000">
        <ele>883</ele>
      </trkpt>
      <trkpt lat="34.168950000" lon="-111.699310000">
        <ele>884</ele>
      </trkpt>
      <trkpt lat="34.169060000" lon="-111.699350000">
        <ele>885</ele>
      </trkpt>
      <trkpt lat="34.169090000" lon="-111.699400000">
        <ele>885</ele>
      </trkpt>
      <trkpt lat="34.169180000" lon="-111.699380000">
        <ele>886</ele>
      </trkpt>
      <trkpt lat="34.169260000" lon="-111.699380000">
        <ele>887</ele>
      </trkpt>
      <trkpt lat="34.169320000" lon="-111.699410000">
        <ele>887</ele>
      </trkpt>
      <trkpt lat="34.169380000" lon="-111.699400000">
        <ele>888</ele>
      </trkpt>
      <trkpt lat="34.169470000" lon="-111.699360000">
        <ele>889</ele>
      </trkpt>
      <trkpt lat="34.169550000" lon="-111.699280000">
        <ele>891</ele>
      </trkpt>
      <trkpt lat="34.169530000" lon="-111.699210000">
        <ele>891</ele>
      </trkpt>
      <trkpt lat="34.169540000" lon="-111.699110000">
        <ele>893</ele>
      </trkpt>
      <trkpt lat="34.169610000" lon="-111.698990000">
        <ele>895</ele>
      </trkpt>
      <trkpt lat="34.169650000" lon="-111.698960000">
        <ele>896</ele>
      </trkpt>
      <trkpt lat="34.169730000" lon="-111.698950000">
        <ele>897</ele>
      </trkpt>
      <trkpt lat="34.169830000" lon="-111.699030000">
        <ele>897</ele>
      </trkpt>
      <trkpt lat="34.169910000" lon="-111.699000000">
        <ele>897</ele>
      </trkpt>
      <trkpt lat="34.169950000" lon="-111.698940000">
        <ele>898</ele>
      </trkpt>
      <trkpt lat="34.170010000" lon="-111.698900000">
        <ele>899</ele>
      </trkpt>
      <trkpt lat="34.170160000" lon="-111.698860000">
        <ele>901</ele>
      </trkpt>
      <trkpt lat="34.170230000" lon="-111.698740000">
        <ele>902</ele>
      </trkpt>
      <trkpt lat="34.170360000" lon="-111.698630000">
        <ele>904</ele>
      </trkpt>
      <trkpt lat="34.170410000" lon="-111.698570000">
        <ele>904</ele>
      </trkpt>
      <trkpt lat="34.170440000" lon="-111.698480000">
        <ele>905</ele>
      </trkpt>
      <trkpt lat="34.170480000" lon="-111.698450000">
        <ele>905</ele>
      </trkpt>
      <trkpt lat="34.170570000" lon="-111.698300000">
        <ele>906</ele>
      </trkpt>
      <trkpt lat="34.170760000" lon="-111.698160000">
        <ele>907</ele>
      </trkpt>
      <trkpt lat="34.170790000" lon="-111.698050000">
        <ele>908</ele>
      </trkpt>
      <trkpt lat="34.170870000" lon="-111.697980000">
        <ele>908</ele>
      </trkpt>
      <trkpt lat="34.170910000" lon="-111.697840000">
        <ele>909</ele>
      </trkpt>
      <trkpt lat="34.170980000" lon="-111.697790000">
        <ele>908</ele>
      </trkpt>
      <trkpt lat="34.170970000" lon="-111.697770000">
        <ele>908</ele>
      </trkpt>
      <trkpt lat="34.171080000" lon="-111.697610000">
        <ele>908</ele>
      </trkpt>
      <trkpt lat="34.171090000" lon="-111.697510000">
        <ele>910</ele>
      </trkpt>
      <trkpt lat="34.171220000" lon="-111.697350000">
        <ele>910</ele>
      </trkpt>
      <trkpt lat="34.171260000" lon="-111.697250000">
        <ele>911</ele>
      </trkpt>
      <trkpt lat="34.171400000" lon="-111.697150000">
        <ele>908</ele>
      </trkpt>
      <trkpt lat="34.171440000" lon="-111.697090000">
        <ele>908</ele>
      </trkpt>
      <trkpt lat="34.171540000" lon="-111.696850000">
        <ele>909</ele>
      </trkpt>
      <trkpt lat="34.171690000" lon="-111.696700000">
        <ele>910</ele>
      </trkpt>
      <trkpt lat="34.171790000" lon="-111.696510000">
        <ele>912</ele>
      </trkpt>
      <trkpt lat="34.171810000" lon="-111.696440000">
        <ele>913</ele>
      </trkpt>
      <trkpt lat="34.171840000" lon="-111.696420000">
        <ele>913</ele>
      </trkpt>
      <trkpt lat="34.171890000" lon="-111.696330000">
        <ele>914</ele>
      </trkpt>
      <trkpt lat="34.171940000" lon="-111.696120000">
        <ele>917</ele>
      </trkpt>
      <trkpt lat="34.172100000" lon="-111.695730000">
        <ele>920</ele>
      </trkpt>
      <trkpt lat="34.172130000" lon="-111.695550000">
        <ele>921</ele>
      </trkpt>
      <trkpt lat="34.172200000" lon="-111.695410000">
        <ele>921</ele>
      </trkpt>
      <trkpt lat="34.172190000" lon="-111.695350000">
        <ele>921</ele>
      </trkpt>
      <trkpt lat="34.172280000" lon="-111.695230000">
        <ele>919</ele>
      </trkpt>
      <trkpt lat="34.172320000" lon="-111.695080000">
        <ele>918</ele>
      </trkpt>
      <trkpt lat="34.172480000" lon="-111.694870000">
        <ele>916</ele>
      </trkpt>
      <trkpt lat="34.172540000" lon="-111.694690000">
        <ele>916</ele>
      </trkpt>
      <trkpt lat="34.172610000" lon="-111.694610000">
        <ele>917</ele>
      </trkpt>
      <trkpt lat="34.172620000" lon="-111.694480000">
        <ele>918</ele>
      </trkpt>
      <trkpt lat="34.172690000" lon="-111.694320000">
        <ele>920</ele>
      </trkpt>
      <trkpt lat="34.172840000" lon="-111.694410000">
        <ele>919</ele>
      </trkpt>
      <trkpt lat="34.172850000" lon="-111.694330000">
        <ele>920</ele>
      </trkpt>
      <trkpt lat="34.172830000" lon="-111.694220000">
        <ele>921</ele>
      </trkpt>
      <trkpt lat="34.172870000" lon="-111.694090000">
        <ele>923</ele>
      </trkpt>
      <trkpt lat="34.172920000" lon="-111.694050000">
        <ele>924</ele>
      </trkpt>
      <trkpt lat="34.173050000" lon="-111.693830000">
        <ele>927</ele>
      </trkpt>
      <trkpt lat="34.173110000" lon="-111.693770000">
        <ele>928</ele>
      </trkpt>
      <trkpt lat="34.173200000" lon="-111.693560000">
        <ele>929</ele>
      </trkpt>
      <trkpt lat="34.173320000" lon="-111.693520000">
        <ele>930</ele>
      </trkpt>
      <trkpt lat="34.173450000" lon="-111.693200000">
        <ele>932</ele>
      </trkpt>
      <trkpt lat="34.173540000" lon="-111.693090000">
        <ele>933</ele>
      </trkpt>
      <trkpt lat="34.173610000" lon="-111.692880000">
        <ele>934</ele>
      </trkpt>
      <trkpt lat="34.173710000" lon="-111.692750000">
        <ele>935</ele>
      </trkpt>
      <trkpt lat="34.173750000" lon="-111.692630000">
        <ele>936</ele>
      </trkpt>
      <trkpt lat="34.173860000" lon="-111.692480000">
        <ele>937</ele>
      </trkpt>
      <trkpt lat="34.173880000" lon="-111.692410000">
        <ele>938</ele>
      </trkpt>
      <trkpt lat="34.174010000" lon="-111.692330000">
        <ele>938</ele>
      </trkpt>
      <trkpt lat="34.174020000" lon="-111.692300000">
        <ele>938</ele>
      </trkpt>
      <trkpt lat="34.174070000" lon="-111.692070000">
        <ele>940</ele>
      </trkpt>
      <trkpt lat="34.174180000" lon="-111.691920000">
        <ele>940</ele>
      </trkpt>
      <trkpt lat="34.174190000" lon="-111.691850000">
        <ele>940</ele>
      </trkpt>
      <trkpt lat="34.174120000" lon="-111.691410000">
        <ele>939</ele>
      </trkpt>
      <trkpt lat="34.174150000" lon="-111.691240000">
        <ele>938</ele>
      </trkpt>
      <trkpt lat="34.174140000" lon="-111.691040000">
        <ele>937</ele>
      </trkpt>
      <trkpt lat="34.174190000" lon="-111.690860000">
        <ele>936</ele>
      </trkpt>
      <trkpt lat="34.174200000" lon="-111.690690000">
        <ele>935</ele>
      </trkpt>
      <trkpt lat="34.174240000" lon="-111.690600000">
        <ele>935</ele>
      </trkpt>
      <trkpt lat="34.174220000" lon="-111.690320000">
        <ele>936</ele>
      </trkpt>
      <trkpt lat="34.174250000" lon="-111.690200000">
        <ele>935</ele>
      </trkpt>
      <trkpt lat="34.174390000" lon="-111.690010000">
        <ele>935</ele>
      </trkpt>
      <trkpt lat="34.174500000" lon="-111.689810000">
        <ele>936</ele>
      </trkpt>
      <trkpt lat="34.174560000" lon="-111.689630000">
        <ele>937</ele>
      </trkpt>
      <trkpt lat="34.174620000" lon="-111.689530000">
        <ele>937</ele>
      </trkpt>
      <trkpt lat="34.174620000" lon="-111.689450000">
        <ele>937</ele>
      </trkpt>
      <trkpt lat="34.174680000" lon="-111.689290000">
        <ele>938</ele>
      </trkpt>
      <trkpt lat="34.174690000" lon="-111.689190000">
        <ele>938</ele>
      </trkpt>
      <trkpt lat="34.174660000" lon="-111.689120000">
        <ele>938</ele>
      </trkpt>
      <trkpt lat="34.174700000" lon="-111.689100000">
        <ele>938</ele>
      </trkpt>
      <trkpt lat="34.174660000" lon="-111.688920000">
        <ele>939</ele>
      </trkpt>
      <trkpt lat="34.174680000" lon="-111.688730000">
        <ele>939</ele>
      </trkpt>
      <trkpt lat="34.174780000" lon="-111.688520000">
        <ele>939</ele>
      </trkpt>
      <trkpt lat="34.174780000" lon="-111.688410000">
        <ele>939</ele>
      </trkpt>
      <trkpt lat="34.174810000" lon="-111.688270000">
        <ele>939</ele>
      </trkpt>
      <trkpt lat="34.174890000" lon="-111.688080000">
        <ele>939</ele>
      </trkpt>
      <trkpt lat="34.174900000" lon="-111.687940000">
        <ele>938</ele>
      </trkpt>
      <trkpt lat="34.174970000" lon="-111.687820000">
        <ele>938</ele>
      </trkpt>
      <trkpt lat="34.175040000" lon="-111.687620000">
        <ele>937</ele>
      </trkpt>
      <trkpt lat="34.175130000" lon="-111.687530000">
        <ele>936</ele>
      </trkpt>
      <trkpt lat="34.175200000" lon="-111.687380000">
        <ele>935</ele>
      </trkpt>
      <trkpt lat="34.175340000" lon="-111.687300000">
        <ele>932</ele>
      </trkpt>
      <trkpt lat="34.175410000" lon="-111.687170000">
        <ele>930</ele>
      </trkpt>
      <trkpt lat="34.175470000" lon="-111.687170000">
        <ele>929</ele>
      </trkpt>
      <trkpt lat="34.175490000" lon="-111.687110000">
        <ele>929</ele>
      </trkpt>
      <trkpt lat="34.175540000" lon="-111.687110000">
        <ele>928</ele>
      </trkpt>
      <trkpt lat="34.175610000" lon="-111.686970000">
        <ele>926</ele>
      </trkpt>
      <trkpt lat="34.175780000" lon="-111.686750000">
        <ele>922</ele>
      </trkpt>
      <trkpt lat="34.175830000" lon="-111.686740000">
        <ele>921</ele>
      </trkpt>
      <trkpt lat="34.176000000" lon="-111.686600000">
        <ele>919</ele>
      </trkpt>
      <trkpt lat="34.176060000" lon="-111.686480000">
        <ele>918</ele>
      </trkpt>
      <trkpt lat="34.176240000" lon="-111.686270000">
        <ele>916</ele>
      </trkpt>
      <trkpt lat="34.176290000" lon="-111.686150000">
        <ele>915</ele>
      </trkpt>
      <trkpt lat="34.176460000" lon="-111.685930000">
        <ele>914</ele>
      </trkpt>
      <trkpt lat="34.176510000" lon="-111.685900000">
        <ele>914</ele>
      </trkpt>
      <trkpt lat="34.176500000" lon="-111.685870000">
        <ele>914</ele>
      </trkpt>
      <trkpt lat="34.176500000" lon="-111.685910000">
        <ele>914</ele>
      </trkpt>
      <trkpt lat="34.176650000" lon="-111.685960000">
        <ele>914</ele>
      </trkpt>
      <trkpt lat="34.176820000" lon="-111.685850000">
        <ele>914</ele>
      </trkpt>
      <trkpt lat="34.176870000" lon="-111.685870000">
        <ele>914</ele>
      </trkpt>
      <trkpt lat="34.176960000" lon="-111.685870000">
        <ele>914</ele>
      </trkpt>
      <trkpt lat="34.177020000" lon="-111.685930000">
        <ele>914</ele>
      </trkpt>
      <trkpt lat="34.177090000" lon="-111.685880000">
        <ele>914</ele>
      </trkpt>
      <trkpt lat="34.177190000" lon="-111.685860000">
        <ele>914</ele>
      </trkpt>
      <trkpt lat="34.177220000" lon="-111.685880000">
        <ele>914</ele>
      </trkpt>
      <trkpt lat="34.177210000" lon="-111.686000000">
        <ele>913</ele>
      </trkpt>
      <trkpt lat="34.177400000" lon="-111.686100000">
        <ele>912</ele>
      </trkpt>
      <trkpt lat="34.177530000" lon="-111.686230000">
        <ele>912</ele>
      </trkpt>
      <trkpt lat="34.177610000" lon="-111.686270000">
        <ele>911</ele>
      </trkpt>
      <trkpt lat="34.177640000" lon="-111.686320000">
        <ele>911</ele>
      </trkpt>
      <trkpt lat="34.177790000" lon="-111.686330000">
        <ele>911</ele>
      </trkpt>
      <trkpt lat="34.177970000" lon="-111.686470000">
        <ele>910</ele>
      </trkpt>
      <trkpt lat="34.177960000" lon="-111.686570000">
        <ele>909</ele>
      </trkpt>
      <trkpt lat="34.178020000" lon="-111.686640000">
        <ele>909</ele>
      </trkpt>
      <trkpt lat="34.178230000" lon="-111.686950000">
        <ele>906</ele>
      </trkpt>
      <trkpt lat="34.178310000" lon="-111.686990000">
        <ele>905</ele>
      </trkpt>
      <trkpt lat="34.178370000" lon="-111.686980000">
        <ele>905</ele>
      </trkpt>
      <trkpt lat="34.178610000" lon="-111.687310000">
        <ele>902</ele>
      </trkpt>
      <trkpt lat="34.178750000" lon="-111.687370000">
        <ele>902</ele>
      </trkpt>
      <trkpt lat="34.178820000" lon="-111.687430000">
        <ele>902</ele>
      </trkpt>
      <trkpt lat="34.178820000" lon="-111.687480000">
        <ele>902</ele>
      </trkpt>
      <trkpt lat="34.178890000" lon="-111.687540000">
        <ele>902</ele>
      </trkpt>
      <trkpt lat="34.178920000" lon="-111.687560000">
        <ele>902</ele>
      </trkpt>
      <trkpt lat="34.178920000" lon="-111.687490000">
        <ele>902</ele>
      </trkpt>
      <trkpt lat="34.178940000" lon="-111.687490000">
        <ele>902</ele>
      </trkpt>
      <trkpt lat="34.179060000" lon="-111.687560000">
        <ele>903</ele>
      </trkpt>
      <trkpt lat="34.179120000" lon="-111.687780000">
        <ele>902</ele>
      </trkpt>
      <trkpt lat="34.179240000" lon="-111.687900000">
        <ele>902</ele>
      </trkpt>
      <trkpt lat="34.179330000" lon="-111.687870000">
        <ele>903</ele>
      </trkpt>
      <trkpt lat="34.179360000" lon="-111.687820000">
        <ele>904</ele>
      </trkpt>
      <trkpt lat="34.179480000" lon="-111.687860000">
        <ele>904</ele>
      </trkpt>
      <trkpt lat="34.179550000" lon="-111.687930000">
        <ele>904</ele>
      </trkpt>
      <trkpt lat="34.179660000" lon="-111.687990000">
        <ele>904</ele>
      </trkpt>
      <trkpt lat="34.179840000" lon="-111.688040000">
        <ele>905</ele>
      </trkpt>
      <trkpt lat="34.179990000" lon="-111.688040000">
        <ele>905</ele>
      </trkpt>
      <trkpt lat="34.180120000" lon="-111.688120000">
        <ele>904</ele>
      </trkpt>
      <trkpt lat="34.180280000" lon="-111.688130000">
        <ele>904</ele>
      </trkpt>
      <trkpt lat="34.180390000" lon="-111.688220000">
        <ele>902</ele>
      </trkpt>
      <trkpt lat="34.180420000" lon="-111.688270000">
        <ele>902</ele>
      </trkpt>
      <trkpt lat="34.180450000" lon="-111.688280000">
        <ele>902</ele>
      </trkpt>
      <trkpt lat="34.180590000" lon="-111.688280000">
        <ele>900</ele>
      </trkpt>
      <trkpt lat="34.180620000" lon="-111.688240000">
        <ele>900</ele>
      </trkpt>
      <trkpt lat="34.180690000" lon="-111.688260000">
        <ele>899</ele>
      </trkpt>
      <trkpt lat="34.180720000" lon="-111.688240000">
        <ele>899</ele>
      </trkpt>
      <trkpt lat="34.180730000" lon="-111.688260000">
        <ele>899</ele>
      </trkpt>
      <trkpt lat="34.180840000" lon="-111.688280000">
        <ele>898</ele>
      </trkpt>
      <trkpt lat="34.180850000" lon="-111.688300000">
        <ele>897</ele>
      </trkpt>
      <trkpt lat="34.180900000" lon="-111.688320000">
        <ele>897</ele>
      </trkpt>
      <trkpt lat="34.181130000" lon="-111.688290000">
        <ele>894</ele>
      </trkpt>
      <trkpt lat="34.181230000" lon="-111.688330000">
        <ele>892</ele>
      </trkpt>
      <trkpt lat="34.181410000" lon="-111.688350000">
        <ele>890</ele>
      </trkpt>
      <trkpt lat="34.181430000" lon="-111.688380000">
        <ele>889</ele>
      </trkpt>
      <trkpt lat="34.181490000" lon="-111.688390000">
        <ele>888</ele>
      </trkpt>
      <trkpt lat="34.181570000" lon="-111.688450000">
        <ele>886</ele>
      </trkpt>
      <trkpt lat="34.181650000" lon="-111.688700000">
        <ele>884</ele>
      </trkpt>
      <trkpt lat="34.181700000" lon="-111.688750000">
        <ele>883</ele>
      </trkpt>
      <trkpt lat="34.181780000" lon="-111.688750000">
        <ele>881</ele>
      </trkpt>
      <trkpt lat="34.181810000" lon="-111.688800000">
        <ele>881</ele>
      </trkpt>
      <trkpt lat="34.181870000" lon="-111.688750000">
        <ele>879</ele>
      </trkpt>
      <trkpt lat="34.181930000" lon="-111.688760000">
        <ele>878</ele>
      </trkpt>
      <trkpt lat="34.182000000" lon="-111.688730000">
        <ele>876</ele>
      </trkpt>
      <trkpt lat="34.182040000" lon="-111.688770000">
        <ele>876</ele>
      </trkpt>
      <trkpt lat="34.182110000" lon="-111.688750000">
        <ele>874</ele>
      </trkpt>
      <trkpt lat="34.182180000" lon="-111.688760000">
        <ele>874</ele>
      </trkpt>
      <trkpt lat="34.182200000" lon="-111.688740000">
        <ele>873</ele>
      </trkpt>
      <trkpt lat="34.182270000" lon="-111.688750000">
        <ele>872</ele>
      </trkpt>
      <trkpt lat="34.182370000" lon="-111.688710000">
        <ele>869</ele>
      </trkpt>
      <trkpt lat="34.182480000" lon="-111.688770000">
        <ele>869</ele>
      </trkpt>
      <trkpt lat="34.182570000" lon="-111.688770000">
        <ele>867</ele>
      </trkpt>
      <trkpt lat="34.182620000" lon="-111.688810000">
        <ele>867</ele>
      </trkpt>
      <trkpt lat="34.182860000" lon="-111.688850000">
        <ele>863</ele>
      </trkpt>
      <trkpt lat="34.182930000" lon="-111.688880000">
        <ele>862</ele>
      </trkpt>
      <trkpt lat="34.183040000" lon="-111.688880000">
        <ele>859</ele>
      </trkpt>
      <trkpt lat="34.183070000" lon="-111.688920000">
        <ele>859</ele>
      </trkpt>
      <trkpt lat="34.183280000" lon="-111.688950000">
        <ele>853</ele>
      </trkpt>
      <trkpt lat="34.183370000" lon="-111.688940000">
        <ele>849</ele>
      </trkpt>
      <trkpt lat="34.183430000" lon="-111.688960000">
        <ele>847</ele>
      </trkpt>
      <trkpt lat="34.183450000" lon="-111.688950000">
        <ele>846</ele>
      </trkpt>
      <trkpt lat="34.183510000" lon="-111.689010000">
        <ele>846</ele>
      </trkpt>
      <trkpt lat="34.183680000" lon="-111.689120000">
        <ele>839</ele>
      </trkpt>
      <trkpt lat="34.183770000" lon="-111.689140000">
        <ele>834</ele>
      </trkpt>
      <trkpt lat="34.183810000" lon="-111.689200000">
        <ele>832</ele>
      </trkpt>
      <trkpt lat="34.183890000" lon="-111.689240000">
        <ele>829</ele>
      </trkpt>
      <trkpt lat="34.183910000" lon="-111.689230000">
        <ele>828</ele>
      </trkpt>
      <trkpt lat="34.183940000" lon="-111.689260000">
        <ele>827</ele>
      </trkpt>
      <trkpt lat="34.184020000" lon="-111.689270000">
        <ele>824</ele>
      </trkpt>
      <trkpt lat="34.184090000" lon="-111.689260000">
        <ele>824</ele>
      </trkpt>
      <trkpt lat="34.184160000" lon="-111.689330000">
        <ele>822</ele>
      </trkpt>
      <trkpt lat="34.184220000" lon="-111.689340000">
        <ele>823</ele>
      </trkpt>
      <trkpt lat="34.184210000" lon="-111.689300000">
        <ele>823</ele>
      </trkpt>
      <trkpt lat="34.184220000" lon="-111.689210000">
        <ele>825</ele>
      </trkpt>
      <trkpt lat="34.184370000" lon="-111.689130000">
        <ele>826</ele>
      </trkpt>
      <trkpt lat="34.184550000" lon="-111.688950000">
        <ele>822</ele>
      </trkpt>
      <trkpt lat="34.184740000" lon="-111.688930000">
        <ele>823</ele>
      </trkpt>
      <trkpt lat="34.184830000" lon="-111.688850000">
        <ele>822</ele>
      </trkpt>
      <trkpt lat="34.184920000" lon="-111.688870000">
        <ele>823</ele>
      </trkpt>
      <trkpt lat="34.185070000" lon="-111.688750000">
        <ele>822</ele>
      </trkpt>
      <trkpt lat="34.185280000" lon="-111.688790000">
        <ele>824</ele>
      </trkpt>
      <trkpt lat="34.185380000" lon="-111.688740000">
        <ele>823</ele>
      </trkpt>
      <trkpt lat="34.185550000" lon="-111.688750000">
        <ele>822</ele>
      </trkpt>
      <trkpt lat="34.185730000" lon="-111.688870000">
        <ele>823</ele>
      </trkpt>
      <trkpt lat="34.185900000" lon="-111.688880000">
        <ele>821</ele>
      </trkpt>
      <trkpt lat="34.185940000" lon="-111.688840000">
        <ele>820</ele>
      </trkpt>
      <trkpt lat="34.186080000" lon="-111.688890000">
        <ele>818</ele>
      </trkpt>
      <trkpt lat="34.186270000" lon="-111.689060000">
        <ele>812</ele>
      </trkpt>
      <trkpt lat="34.186430000" lon="-111.689260000">
        <ele>806</ele>
      </trkpt>
      <trkpt lat="34.186470000" lon="-111.689290000">
        <ele>805</ele>
      </trkpt>
      <trkpt lat="34.186560000" lon="-111.689290000">
        <ele>804</ele>
      </trkpt>
      <trkpt lat="34.186640000" lon="-111.689250000">
        <ele>803</ele>
      </trkpt>
      <trkpt lat="34.186750000" lon="-111.689280000">
        <ele>803</ele>
      </trkpt>
      <trkpt lat="34.186830000" lon="-111.689240000">
        <ele>803</ele>
      </trkpt>
      <trkpt lat="34.186900000" lon="-111.689240000">
        <ele>804</ele>
      </trkpt>
      <trkpt lat="34.187020000" lon="-111.689250000">
        <ele>805</ele>
      </trkpt>
      <trkpt lat="34.187220000" lon="-111.689320000">
        <ele>803</ele>
      </trkpt>
      <trkpt lat="34.187310000" lon="-111.689400000">
        <ele>801</ele>
      </trkpt>
      <trkpt lat="34.187320000" lon="-111.689360000">
        <ele>801</ele>
      </trkpt>
      <trkpt lat="34.187380000" lon="-111.689360000">
        <ele>798</ele>
      </trkpt>
      <trkpt lat="34.187470000" lon="-111.689520000">
        <ele>796</ele>
      </trkpt>
      <trkpt lat="34.187570000" lon="-111.689590000">
        <ele>792</ele>
      </trkpt>
      <trkpt lat="34.187650000" lon="-111.689600000">
        <ele>789</ele>
      </trkpt>
      <trkpt lat="34.187690000" lon="-111.689650000">
        <ele>788</ele>
      </trkpt>
      <trkpt lat="34.187810000" lon="-111.689630000">
        <ele>784</ele>
      </trkpt>
      <trkpt lat="34.187990000" lon="-111.689530000">
        <ele>778</ele>
      </trkpt>
      <trkpt lat="34.188010000" lon="-111.689500000">
        <ele>777</ele>
      </trkpt>
      <trkpt lat="34.188040000" lon="-111.689500000">
        <ele>776</ele>
      </trkpt>
      <trkpt lat="34.188110000" lon="-111.689430000">
        <ele>774</ele>
      </trkpt>
      <trkpt lat="34.188180000" lon="-111.689420000">
        <ele>772</ele>
      </trkpt>
      <trkpt lat="34.188420000" lon="-111.689450000">
        <ele>769</ele>
      </trkpt>
      <trkpt lat="34.188580000" lon="-111.689400000">
        <ele>769</ele>
      </trkpt>
      <trkpt lat="34.188750000" lon="-111.689490000">
        <ele>768</ele>
      </trkpt>
      <trkpt lat="34.188860000" lon="-111.689460000">
        <ele>768</ele>
      </trkpt>
      <trkpt lat="34.188890000" lon="-111.689470000">
        <ele>768</ele>
      </trkpt>
      <trkpt lat="34.188940000" lon="-111.689530000">
        <ele>767</ele>
      </trkpt>
      <trkpt lat="34.189000000" lon="-111.689480000">
        <ele>766</ele>
      </trkpt>
      <trkpt lat="34.189020000" lon="-111.689370000">
        <ele>765</ele>
      </trkpt>
      <trkpt lat="34.189260000" lon="-111.689280000">
        <ele>756</ele>
      </trkpt>
      <trkpt lat="34.189380000" lon="-111.689310000">
        <ele>755</ele>
      </trkpt>
      <trkpt lat="34.189390000" lon="-111.689340000">
        <ele>755</ele>
      </trkpt>
      <trkpt lat="34.189510000" lon="-111.689390000">
        <ele>755</ele>
      </trkpt>
      <trkpt lat="34.189600000" lon="-111.689360000">
        <ele>755</ele>
      </trkpt>
      <trkpt lat="34.189670000" lon="-111.689390000">
        <ele>755</ele>
      </trkpt>
      <trkpt lat="34.189730000" lon="-111.689320000">
        <ele>755</ele>
      </trkpt>
      <trkpt lat="34.189910000" lon="-111.689340000">
        <ele>756</ele>
      </trkpt>
      <trkpt lat="34.190020000" lon="-111.689420000">
        <ele>755</ele>
      </trkpt>
      <trkpt lat="34.190120000" lon="-111.689570000">
        <ele>756</ele>
      </trkpt>
      <trkpt lat="34.190220000" lon="-111.689580000">
        <ele>756</ele>
      </trkpt>
      <trkpt lat="34.190300000" lon="-111.689550000">
        <ele>756</ele>
      </trkpt>
      <trkpt lat="34.190410000" lon="-111.689600000">
        <ele>756</ele>
      </trkpt>
      <trkpt lat="34.190470000" lon="-111.689550000">
        <ele>756</ele>
      </trkpt>
      <trkpt lat="34.190780000" lon="-111.689570000">
        <ele>756</ele>
      </trkpt>
      <trkpt lat="34.190940000" lon="-111.689520000">
        <ele>756</ele>
      </trkpt>
      <trkpt lat="34.191120000" lon="-111.689670000">
        <ele>756</ele>
      </trkpt>
      <trkpt lat="34.191250000" lon="-111.689850000">
        <ele>756</ele>
      </trkpt>
      <trkpt lat="34.191360000" lon="-111.689910000">
        <ele>756</ele>
      </trkpt>
      <trkpt lat="34.191470000" lon="-111.690010000">
        <ele>757</ele>
      </trkpt>
      <trkpt lat="34.191500000" lon="-111.690010000">
        <ele>757</ele>
      </trkpt>
      <trkpt lat="34.191630000" lon="-111.690170000">
        <ele>758</ele>
      </trkpt>
      <trkpt lat="34.191720000" lon="-111.690260000">
        <ele>758</ele>
      </trkpt>
      <trkpt lat="34.191780000" lon="-111.690410000">
        <ele>753</ele>
      </trkpt>
      <trkpt lat="34.191890000" lon="-111.690600000">
        <ele>748</ele>
      </trkpt>
      <trkpt lat="34.192000000" lon="-111.690910000">
        <ele>748</ele>
      </trkpt>
      <trkpt lat="34.192250000" lon="-111.691110000">
        <ele>751</ele>
      </trkpt>
      <trkpt lat="34.192290000" lon="-111.691120000">
        <ele>751</ele>
      </trkpt>
      <trkpt lat="34.192320000" lon="-111.691100000">
        <ele>751</ele>
      </trkpt>
      <trkpt lat="34.192410000" lon="-111.691130000">
        <ele>752</ele>
      </trkpt>
      <trkpt lat="34.192470000" lon="-111.691100000">
        <ele>753</ele>
      </trkpt>
      <trkpt lat="34.192540000" lon="-111.691180000">
        <ele>752</ele>
      </trkpt>
      <trkpt lat="34.192620000" lon="-111.691210000">
        <ele>752</ele>
      </trkpt>
      <trkpt lat="34.192690000" lon="-111.691320000">
        <ele>749</ele>
      </trkpt>
      <trkpt lat="34.192920000" lon="-111.691420000">
        <ele>746</ele>
      </trkpt>
      <trkpt lat="34.193090000" lon="-111.691470000">
        <ele>744</ele>
      </trkpt>
      <trkpt lat="34.193260000" lon="-111.691440000">
        <ele>744</ele>
      </trkpt>
      <trkpt lat="34.193350000" lon="-111.691470000">
        <ele>743</ele>
      </trkpt>
      <trkpt lat="34.193520000" lon="-111.691650000">
        <ele>738</ele>
      </trkpt>
      <trkpt lat="34.193740000" lon="-111.691730000">
        <ele>735</ele>
      </trkpt>
      <trkpt lat="34.193940000" lon="-111.691660000">
        <ele>734</ele>
      </trkpt>
      <trkpt lat="34.194080000" lon="-111.691710000">
        <ele>734</ele>
      </trkpt>
      <trkpt lat="34.194170000" lon="-111.691670000">
        <ele>731</ele>
      </trkpt>
      <trkpt lat="34.194310000" lon="-111.691690000">
        <ele>729</ele>
      </trkpt>
      <trkpt lat="34.194350000" lon="-111.691650000">
        <ele>726</ele>
      </trkpt>
      <trkpt lat="34.194380000" lon="-111.691590000">
        <ele>722</ele>
      </trkpt>
      <trkpt lat="34.194360000" lon="-111.691570000">
        <ele>721</ele>
      </trkpt>
      <trkpt lat="34.194330000" lon="-111.691560000">
        <ele>722</ele>
      </trkpt>
      <trkpt lat="34.194280000" lon="-111.691480000">
        <ele>719</ele>
      </trkpt>
      <trkpt lat="34.194260000" lon="-111.691480000">
        <ele>720</ele>
      </trkpt>
      <trkpt lat="34.194140000" lon="-111.691330000">
        <ele>717</ele>
      </trkpt>
      <trkpt lat="34.194160000" lon="-111.691330000">
        <ele>716</ele>
      </trkpt>
      <trkpt lat="34.194220000" lon="-111.691390000">
        <ele>716</ele>
      </trkpt>
      <trkpt lat="34.194420000" lon="-111.691500000">
        <ele>714</ele>
      </trkpt>
      <trkpt lat="34.194460000" lon="-111.691460000">
        <ele>710</ele>
      </trkpt>
      <trkpt lat="34.194530000" lon="-111.691470000">
        <ele>709</ele>
      </trkpt>
      <trkpt lat="34.194740000" lon="-111.691810000">
        <ele>718</ele>
      </trkpt>
      <trkpt lat="34.194810000" lon="-111.691750000">
        <ele>714</ele>
      </trkpt>
      <trkpt lat="34.194920000" lon="-111.691830000">
        <ele>711</ele>
      </trkpt>
      <trkpt lat="34.194970000" lon="-111.691770000">
        <ele>709</ele>
      </trkpt>
      <trkpt lat="34.195060000" lon="-111.691780000">
        <ele>706</ele>
      </trkpt>
      <trkpt lat="34.195080000" lon="-111.691830000">
        <ele>706</ele>
      </trkpt>
      <trkpt lat="34.195100000" lon="-111.691810000">
        <ele>705</ele>
      </trkpt>
      <trkpt lat="34.195080000" lon="-111.691740000">
        <ele>705</ele>
      </trkpt>
      <trkpt lat="34.195100000" lon="-111.691660000">
        <ele>705</ele>
      </trkpt>
      <trkpt lat="34.195150000" lon="-111.691570000">
        <ele>703</ele>
      </trkpt>
      <trkpt lat="34.195200000" lon="-111.691610000">
        <ele>703</ele>
      </trkpt>
      <trkpt lat="34.195320000" lon="-111.691610000">
        <ele>701</ele>
      </trkpt>
      <trkpt lat="34.195410000" lon="-111.691680000">
        <ele>701</ele>
      </trkpt>
      <trkpt lat="34.195430000" lon="-111.691720000">
        <ele>701</ele>
      </trkpt>
      <trkpt lat="34.195480000" lon="-111.691710000">
        <ele>701</ele>
      </trkpt>
      <trkpt lat="34.195500000" lon="-111.691760000">
        <ele>701</ele>
      </trkpt>
      <trkpt lat="34.195710000" lon="-111.691670000">
        <ele>704</ele>
      </trkpt>
      <trkpt lat="34.195830000" lon="-111.691690000">
        <ele>705</ele>
      </trkpt>
      <trkpt lat="34.195940000" lon="-111.691670000">
        <ele>705</ele>
      </trkpt>
      <trkpt lat="34.195970000" lon="-111.691600000">
        <ele>706</ele>
      </trkpt>
      <trkpt lat="34.195960000" lon="-111.691570000">
        <ele>706</ele>
      </trkpt>
      <trkpt lat="34.195990000" lon="-111.691550000">
        <ele>706</ele>
      </trkpt>
      <trkpt lat="34.196100000" lon="-111.691500000">
        <ele>704</ele>
      </trkpt>
      <trkpt lat="34.196230000" lon="-111.691480000">
        <ele>702</ele>
      </trkpt>
      <trkpt lat="34.196290000" lon="-111.691410000">
        <ele>702</ele>
      </trkpt>
      <trkpt lat="34.196320000" lon="-111.691410000">
        <ele>701</ele>
      </trkpt>
      <trkpt lat="34.196360000" lon="-111.691450000">
        <ele>701</ele>
      </trkpt>
      <trkpt lat="34.196340000" lon="-111.691400000">
        <ele>701</ele>
      </trkpt>
      <trkpt lat="34.196450000" lon="-111.691350000">
        <ele>702</ele>
      </trkpt>
      <trkpt lat="34.196570000" lon="-111.691210000">
        <ele>703</ele>
      </trkpt>
      <trkpt lat="34.196670000" lon="-111.691190000">
        <ele>704</ele>
      </trkpt>
      <trkpt lat="34.196710000" lon="-111.691140000">
        <ele>704</ele>
      </trkpt>
      <trkpt lat="34.196850000" lon="-111.691080000">
        <ele>705</ele>
      </trkpt>
      <trkpt lat="34.196940000" lon="-111.691080000">
        <ele>704</ele>
      </trkpt>
      <trkpt lat="34.196940000" lon="-111.691030000">
        <ele>705</ele>
      </trkpt>
      <trkpt lat="34.196980000" lon="-111.690980000">
        <ele>705</ele>
      </trkpt>
      <trkpt lat="34.197120000" lon="-111.691000000">
        <ele>704</ele>
      </trkpt>
      <trkpt lat="34.197170000" lon="-111.690960000">
        <ele>704</ele>
      </trkpt>
      <trkpt lat="34.197110000" lon="-111.690990000">
        <ele>704</ele>
      </trkpt>
      <trkpt lat="34.197090000" lon="-111.690970000">
        <ele>704</ele>
      </trkpt>
      <trkpt lat="34.197100000" lon="-111.690930000">
        <ele>705</ele>
      </trkpt>
      <trkpt lat="34.197200000" lon="-111.690820000">
        <ele>705</ele>
      </trkpt>
      <trkpt lat="34.197240000" lon="-111.690660000">
        <ele>706</ele>
      </trkpt>
      <trkpt lat="34.197360000" lon="-111.690630000">
        <ele>704</ele>
      </trkpt>
      <trkpt lat="34.197400000" lon="-111.690680000">
        <ele>703</ele>
      </trkpt>
      <trkpt lat="34.197410000" lon="-111.690610000">
        <ele>703</ele>
      </trkpt>
      <trkpt lat="34.197400000" lon="-111.690540000">
        <ele>704</ele>
      </trkpt>
      <trkpt lat="34.197530000" lon="-111.690480000">
        <ele>704</ele>
      </trkpt>
      <trkpt lat="34.197610000" lon="-111.690380000">
        <ele>705</ele>
      </trkpt>
      <trkpt lat="34.197640000" lon="-111.690200000">
        <ele>704</ele>
      </trkpt>
      <trkpt lat="34.197600000" lon="-111.690030000">
        <ele>704</ele>
      </trkpt>
      <trkpt lat="34.197640000" lon="-111.689910000">
        <ele>704</ele>
      </trkpt>
      <trkpt lat="34.197600000" lon="-111.689740000">
        <ele>706</ele>
      </trkpt>
      <trkpt lat="34.197620000" lon="-111.689680000">
        <ele>707</ele>
      </trkpt>
      <trkpt lat="34.197780000" lon="-111.689450000">
        <ele>708</ele>
      </trkpt>
      <trkpt lat="34.197820000" lon="-111.689370000">
        <ele>710</ele>
      </trkpt>
      <trkpt lat="34.197950000" lon="-111.689260000">
        <ele>714</ele>
      </trkpt>
      <trkpt lat="34.198000000" lon="-111.689170000">
        <ele>717</ele>
      </trkpt>
      <trkpt lat="34.198060000" lon="-111.689210000">
        <ele>716</ele>
      </trkpt>
      <trkpt lat="34.198090000" lon="-111.689200000">
        <ele>717</ele>
      </trkpt>
      <trkpt lat="34.198270000" lon="-111.689020000">
        <ele>719</ele>
      </trkpt>
      <trkpt lat="34.198310000" lon="-111.688910000">
        <ele>721</ele>
      </trkpt>
      <trkpt lat="34.198450000" lon="-111.688860000">
        <ele>720</ele>
      </trkpt>
      <trkpt lat="34.198630000" lon="-111.688690000">
        <ele>721</ele>
      </trkpt>
      <trkpt lat="34.198720000" lon="-111.688750000">
        <ele>719</ele>
      </trkpt>
      <trkpt lat="34.198870000" lon="-111.688730000">
        <ele>721</ele>
      </trkpt>
      <trkpt lat="34.198890000" lon="-111.688710000">
        <ele>721</ele>
      </trkpt>
      <trkpt lat="34.198910000" lon="-111.688720000">
        <ele>721</ele>
      </trkpt>
      <trkpt lat="34.198980000" lon="-111.688690000">
        <ele>723</ele>
      </trkpt>
      <trkpt lat="34.199100000" lon="-111.688730000">
        <ele>723</ele>
      </trkpt>
      <trkpt lat="34.199550000" lon="-111.688600000">
        <ele>727</ele>
      </trkpt>
      <trkpt lat="34.199690000" lon="-111.688480000">
        <ele>728</ele>
      </trkpt>
      <trkpt lat="34.199810000" lon="-111.688300000">
        <ele>727</ele>
      </trkpt>
      <trkpt lat="34.199850000" lon="-111.688180000">
        <ele>728</ele>
      </trkpt>
      <trkpt lat="34.199890000" lon="-111.688120000">
        <ele>728</ele>
      </trkpt>
      <trkpt lat="34.199940000" lon="-111.688100000">
        <ele>728</ele>
      </trkpt>
      <trkpt lat="34.200040000" lon="-111.688140000">
        <ele>725</ele>
      </trkpt>
      <trkpt lat="34.200130000" lon="-111.688220000">
        <ele>722</ele>
      </trkpt>
      <trkpt lat="34.200220000" lon="-111.688230000">
        <ele>722</ele>
      </trkpt>
      <trkpt lat="34.200400000" lon="-111.688370000">
        <ele>719</ele>
      </trkpt>
      <trkpt lat="34.200430000" lon="-111.688370000">
        <ele>719</ele>
      </trkpt>
      <trkpt lat="34.200500000" lon="-111.688430000">
        <ele>718</ele>
      </trkpt>
      <trkpt lat="34.200580000" lon="-111.688460000">
        <ele>717</ele>
      </trkpt>
      <trkpt lat="34.200690000" lon="-111.688470000">
        <ele>715</ele>
      </trkpt>
      <trkpt lat="34.200760000" lon="-111.688520000">
        <ele>714</ele>
      </trkpt>
      <trkpt lat="34.200830000" lon="-111.688480000">
        <ele>713</ele>
      </trkpt>
      <trkpt lat="34.200940000" lon="-111.688480000">
        <ele>711</ele>
      </trkpt>
      <trkpt lat="34.200990000" lon="-111.688440000">
        <ele>710</ele>
      </trkpt>
      <trkpt lat="34.201120000" lon="-111.688470000">
        <ele>708</ele>
      </trkpt>
      <trkpt lat="34.201200000" lon="-111.688590000">
        <ele>707</ele>
      </trkpt>
      <trkpt lat="34.201240000" lon="-111.688780000">
        <ele>706</ele>
      </trkpt>
      <trkpt lat="34.201290000" lon="-111.688860000">
        <ele>706</ele>
      </trkpt>
      <trkpt lat="34.201280000" lon="-111.688890000">
        <ele>706</ele>
      </trkpt>
      <trkpt lat="34.201380000" lon="-111.688950000">
        <ele>705</ele>
      </trkpt>
      <trkpt lat="34.201450000" lon="-111.688910000">
        <ele>705</ele>
      </trkpt>
      <trkpt lat="34.201500000" lon="-111.688920000">
        <ele>705</ele>
      </trkpt>
      <trkpt lat="34.201690000" lon="-111.688710000">
        <ele>707</ele>
      </trkpt>
      <trkpt lat="34.201730000" lon="-111.688600000">
        <ele>709</ele>
      </trkpt>
      <trkpt lat="34.201780000" lon="-111.688590000">
        <ele>710</ele>
      </trkpt>
      <trkpt lat="34.201860000" lon="-111.688660000">
        <ele>709</ele>
      </trkpt>
      <trkpt lat="34.201870000" lon="-111.688630000">
        <ele>710</ele>
      </trkpt>
      <trkpt lat="34.201770000" lon="-111.688580000">
        <ele>710</ele>
      </trkpt>
      <trkpt lat="34.201720000" lon="-111.688570000">
        <ele>710</ele>
      </trkpt>
      <trkpt lat="34.201650000" lon="-111.688690000">
        <ele>707</ele>
      </trkpt>
      <trkpt lat="34.201620000" lon="-111.688830000">
        <ele>705</ele>
      </trkpt>
      <trkpt lat="34.201640000" lon="-111.688860000">
        <ele>705</ele>
      </trkpt>
      <trkpt lat="34.201720000" lon="-111.688780000">
        <ele>706</ele>
      </trkpt>
      <trkpt lat="34.201830000" lon="-111.688810000">
        <ele>706</ele>
      </trkpt>
      <trkpt lat="34.201880000" lon="-111.688880000">
        <ele>706</ele>
      </trkpt>
      <trkpt lat="34.201930000" lon="-111.688860000">
        <ele>706</ele>
      </trkpt>
      <trkpt lat="34.202050000" lon="-111.688970000">
        <ele>709</ele>
      </trkpt>
      <trkpt lat="34.202180000" lon="-111.688920000">
        <ele>712</ele>
      </trkpt>
      <trkpt lat="34.202490000" lon="-111.688640000">
        <ele>716</ele>
      </trkpt>
      <trkpt lat="34.202560000" lon="-111.688510000">
        <ele>717</ele>
      </trkpt>
      <trkpt lat="34.202780000" lon="-111.688340000">
        <ele>719</ele>
      </trkpt>
      <trkpt lat="34.203070000" lon="-111.688240000">
        <ele>719</ele>
      </trkpt>
      <trkpt lat="34.203110000" lon="-111.688190000">
        <ele>719</ele>
      </trkpt>
      <trkpt lat="34.203140000" lon="-111.688090000">
        <ele>719</ele>
      </trkpt>
      <trkpt lat="34.203220000" lon="-111.688110000">
        <ele>720</ele>
      </trkpt>
      <trkpt lat="34.203470000" lon="-111.688090000">
        <ele>725</ele>
      </trkpt>
      <trkpt lat="34.203520000" lon="-111.688060000">
        <ele>726</ele>
      </trkpt>
      <trkpt lat="34.203630000" lon="-111.687940000">
        <ele>727</ele>
      </trkpt>
      <trkpt lat="34.203680000" lon="-111.687990000">
        <ele>728</ele>
      </trkpt>
      <trkpt lat="34.203820000" lon="-111.687980000">
        <ele>730</ele>
      </trkpt>
      <trkpt lat="34.203910000" lon="-111.687880000">
        <ele>731</ele>
      </trkpt>
      <trkpt lat="34.203950000" lon="-111.687790000">
        <ele>730</ele>
      </trkpt>
      <trkpt lat="34.204040000" lon="-111.687780000">
        <ele>731</ele>
      </trkpt>
      <trkpt lat="34.204150000" lon="-111.687690000">
        <ele>731</ele>
      </trkpt>
      <trkpt lat="34.204270000" lon="-111.687660000">
        <ele>733</ele>
      </trkpt>
      <trkpt lat="34.204320000" lon="-111.687610000">
        <ele>733</ele>
      </trkpt>
      <trkpt lat="34.204430000" lon="-111.687630000">
        <ele>735</ele>
      </trkpt>
      <trkpt lat="34.204580000" lon="-111.687550000">
        <ele>737</ele>
      </trkpt>
      <trkpt lat="34.204680000" lon="-111.687560000">
        <ele>739</ele>
      </trkpt>
      <trkpt lat="34.204820000" lon="-111.687480000">
        <ele>741</ele>
      </trkpt>
      <trkpt lat="34.204880000" lon="-111.687480000">
        <ele>741</ele>
      </trkpt>
      <trkpt lat="34.205020000" lon="-111.687550000">
        <ele>743</ele>
      </trkpt>
      <trkpt lat="34.205290000" lon="-111.687550000">
        <ele>743</ele>
      </trkpt>
      <trkpt lat="34.205410000" lon="-111.687510000">
        <ele>744</ele>
      </trkpt>
      <trkpt lat="34.205560000" lon="-111.687510000">
        <ele>744</ele>
      </trkpt>
      <trkpt lat="34.205640000" lon="-111.687470000">
        <ele>744</ele>
      </trkpt>
      <trkpt lat="34.205710000" lon="-111.687400000">
        <ele>744</ele>
      </trkpt>
      <trkpt lat="34.205840000" lon="-111.687360000">
        <ele>744</ele>
      </trkpt>
      <trkpt lat="34.205900000" lon="-111.687290000">
        <ele>744</ele>
      </trkpt>
      <trkpt lat="34.205970000" lon="-111.687300000">
        <ele>744</ele>
      </trkpt>
      <trkpt lat="34.205990000" lon="-111.687290000">
        <ele>744</ele>
      </trkpt>
      <trkpt lat="34.206120000" lon="-111.687360000">
        <ele>744</ele>
      </trkpt>
      <trkpt lat="34.206220000" lon="-111.687460000">
        <ele>744</ele>
      </trkpt>
      <trkpt lat="34.206300000" lon="-111.687450000">
        <ele>744</ele>
      </trkpt>
      <trkpt lat="34.206130000" lon="-111.687490000">
        <ele>744</ele>
      </trkpt>
      <trkpt lat="34.206120000" lon="-111.687530000">
        <ele>744</ele>
      </trkpt>
      <trkpt lat="34.206120000" lon="-111.687620000">
        <ele>745</ele>
      </trkpt>
      <trkpt lat="34.206170000" lon="-111.687650000">
        <ele>746</ele>
      </trkpt>
      <trkpt lat="34.206200000" lon="-111.687720000">
        <ele>748</ele>
      </trkpt>
      <trkpt lat="34.206260000" lon="-111.687790000">
        <ele>752</ele>
      </trkpt>
      <trkpt lat="34.206380000" lon="-111.687780000">
        <ele>756</ele>
      </trkpt>
      <trkpt lat="34.206630000" lon="-111.687940000">
        <ele>759</ele>
      </trkpt>
      <trkpt lat="34.206670000" lon="-111.687950000">
        <ele>760</ele>
      </trkpt>
      <trkpt lat="34.206750000" lon="-111.687890000">
        <ele>759</ele>
      </trkpt>
      <trkpt lat="34.206710000" lon="-111.687920000">
        <ele>759</ele>
      </trkpt>
      <trkpt lat="34.206700000" lon="-111.687890000">
        <ele>759</ele>
      </trkpt>
      <trkpt lat="34.206700000" lon="-111.687920000">
        <ele>759</ele>
      </trkpt>
      <trkpt lat="34.206750000" lon="-111.688040000">
        <ele>761</ele>
      </trkpt>
      <trkpt lat="34.207020000" lon="-111.688030000">
        <ele>762</ele>
      </trkpt>
      <trkpt lat="34.207070000" lon="-111.687970000">
        <ele>763</ele>
      </trkpt>
      <trkpt lat="34.207120000" lon="-111.687960000">
        <ele>764</ele>
      </trkpt>
      <trkpt lat="34.207220000" lon="-111.688010000">
        <ele>764</ele>
      </trkpt>
      <trkpt lat="34.207270000" lon="-111.687980000">
        <ele>765</ele>
      </trkpt>
      <trkpt lat="34.207360000" lon="-111.687980000">
        <ele>766</ele>
      </trkpt>
      <trkpt lat="34.207380000" lon="-111.687960000">
        <ele>766</ele>
      </trkpt>
      <trkpt lat="34.207490000" lon="-111.687950000">
        <ele>767</ele>
      </trkpt>
      <trkpt lat="34.207570000" lon="-111.687920000">
        <ele>768</ele>
      </trkpt>
      <trkpt lat="34.207600000" lon="-111.687930000">
        <ele>768</ele>
      </trkpt>
      <trkpt lat="34.207750000" lon="-111.687930000">
        <ele>769</ele>
      </trkpt>
      <trkpt lat="34.207830000" lon="-111.687900000">
        <ele>770</ele>
      </trkpt>
      <trkpt lat="34.207960000" lon="-111.687900000">
        <ele>771</ele>
      </trkpt>
      <trkpt lat="34.208040000" lon="-111.687850000">
        <ele>772</ele>
      </trkpt>
      <trkpt lat="34.208090000" lon="-111.687860000">
        <ele>772</ele>
      </trkpt>
      <trkpt lat="34.208200000" lon="-111.687790000">
        <ele>773</ele>
      </trkpt>
      <trkpt lat="34.208250000" lon="-111.687730000">
        <ele>774</ele>
      </trkpt>
      <trkpt lat="34.208330000" lon="-111.687780000">
        <ele>773</ele>
      </trkpt>
      <trkpt lat="34.208440000" lon="-111.687790000">
        <ele>772</ele>
      </trkpt>
      <trkpt lat="34.208590000" lon="-111.687690000">
        <ele>776</ele>
      </trkpt>
      <trkpt lat="34.208650000" lon="-111.687690000">
        <ele>777</ele>
      </trkpt>
      <trkpt lat="34.208830000" lon="-111.687620000">
        <ele>778</ele>
      </trkpt>
      <trkpt lat="34.208900000" lon="-111.687610000">
        <ele>778</ele>
      </trkpt>
      <trkpt lat="34.208980000" lon="-111.687570000">
        <ele>777</ele>
      </trkpt>
      <trkpt lat="34.209110000" lon="-111.687460000">
        <ele>777</ele>
      </trkpt>
      <trkpt lat="34.209150000" lon="-111.687440000">
        <ele>776</ele>
      </trkpt>
      <trkpt lat="34.209210000" lon="-111.687360000">
        <ele>776</ele>
      </trkpt>
      <trkpt lat="34.209350000" lon="-111.687350000">
        <ele>774</ele>
      </trkpt>
      <trkpt lat="34.209420000" lon="-111.687260000">
        <ele>775</ele>
      </trkpt>
      <trkpt lat="34.209440000" lon="-111.687220000">
        <ele>775</ele>
      </trkpt>
      <trkpt lat="34.209490000" lon="-111.687210000">
        <ele>775</ele>
      </trkpt>
      <trkpt lat="34.209620000" lon="-111.687260000">
        <ele>772</ele>
      </trkpt>
      <trkpt lat="34.209680000" lon="-111.687250000">
        <ele>772</ele>
      </trkpt>
      <trkpt lat="34.209820000" lon="-111.687180000">
        <ele>772</ele>
      </trkpt>
      <trkpt lat="34.209940000" lon="-111.687060000">
        <ele>772</ele>
      </trkpt>
      <trkpt lat="34.209970000" lon="-111.687050000">
        <ele>772</ele>
      </trkpt>
      <trkpt lat="34.210030000" lon="-111.687080000">
        <ele>770</ele>
      </trkpt>
      <trkpt lat="34.210050000" lon="-111.687020000">
        <ele>771</ele>
      </trkpt>
      <trkpt lat="34.210110000" lon="-111.686950000">
        <ele>771</ele>
      </trkpt>
      <trkpt lat="34.210290000" lon="-111.686820000">
        <ele>771</ele>
      </trkpt>
      <trkpt lat="34.210310000" lon="-111.686760000">
        <ele>771</ele>
      </trkpt>
      <trkpt lat="34.210380000" lon="-111.686760000">
        <ele>769</ele>
      </trkpt>
      <trkpt lat="34.210610000" lon="-111.686650000">
        <ele>765</ele>
      </trkpt>
      <trkpt lat="34.210770000" lon="-111.686720000">
        <ele>759</ele>
      </trkpt>
      <trkpt lat="34.210830000" lon="-111.686710000">
        <ele>758</ele>
      </trkpt>
      <trkpt lat="34.210880000" lon="-111.686740000">
        <ele>756</ele>
      </trkpt>
      <trkpt lat="34.210980000" lon="-111.686900000">
        <ele>755</ele>
      </trkpt>
      <trkpt lat="34.211120000" lon="-111.686960000">
        <ele>754</ele>
      </trkpt>
      <trkpt lat="34.211100000" lon="-111.687070000">
        <ele>754</ele>
      </trkpt>
      <trkpt lat="34.211120000" lon="-111.687100000">
        <ele>754</ele>
      </trkpt>
      <trkpt lat="34.211220000" lon="-111.687100000">
        <ele>753</ele>
      </trkpt>
      <trkpt lat="34.211270000" lon="-111.687120000">
        <ele>752</ele>
      </trkpt>
      <trkpt lat="34.211330000" lon="-111.687090000">
        <ele>752</ele>
      </trkpt>
      <trkpt lat="34.211460000" lon="-111.687090000">
        <ele>752</ele>
      </trkpt>
      <trkpt lat="34.211520000" lon="-111.687120000">
        <ele>752</ele>
      </trkpt>
      <trkpt lat="34.211620000" lon="-111.687100000">
        <ele>753</ele>
      </trkpt>
      <trkpt lat="34.211730000" lon="-111.687140000">
        <ele>753</ele>
      </trkpt>
      <trkpt lat="34.211800000" lon="-111.687140000">
        <ele>753</ele>
      </trkpt>
      <trkpt lat="34.211880000" lon="-111.687160000">
        <ele>754</ele>
      </trkpt>
      <trkpt lat="34.212090000" lon="-111.687150000">
        <ele>755</ele>
      </trkpt>
      <trkpt lat="34.212190000" lon="-111.687180000">
        <ele>755</ele>
      </trkpt>
      <trkpt lat="34.212260000" lon="-111.687220000">
        <ele>755</ele>
      </trkpt>
      <trkpt lat="34.212340000" lon="-111.687210000">
        <ele>756</ele>
      </trkpt>
      <trkpt lat="34.212420000" lon="-111.687260000">
        <ele>756</ele>
      </trkpt>
      <trkpt lat="34.212620000" lon="-111.687320000">
        <ele>756</ele>
      </trkpt>
      <trkpt lat="34.212670000" lon="-111.687300000">
        <ele>756</ele>
      </trkpt>
      <trkpt lat="34.212850000" lon="-111.687340000">
        <ele>756</ele>
      </trkpt>
      <trkpt lat="34.212930000" lon="-111.687330000">
        <ele>757</ele>
      </trkpt>
      <trkpt lat="34.213040000" lon="-111.687360000">
        <ele>757</ele>
      </trkpt>
      <trkpt lat="34.213120000" lon="-111.687420000">
        <ele>758</ele>
      </trkpt>
      <trkpt lat="34.213340000" lon="-111.687420000">
        <ele>760</ele>
      </trkpt>
      <trkpt lat="34.213420000" lon="-111.687400000">
        <ele>762</ele>
      </trkpt>
      <trkpt lat="34.213480000" lon="-111.687440000">
        <ele>763</ele>
      </trkpt>
      <trkpt lat="34.213460000" lon="-111.687480000">
        <ele>762</ele>
      </trkpt>
      <trkpt lat="34.213600000" lon="-111.687350000">
        <ele>765</ele>
      </trkpt>
      <trkpt lat="34.213660000" lon="-111.687270000">
        <ele>765</ele>
      </trkpt>
      <trkpt lat="34.213740000" lon="-111.687210000">
        <ele>766</ele>
      </trkpt>
      <trkpt lat="34.213780000" lon="-111.687230000">
        <ele>766</ele>
      </trkpt>
      <trkpt lat="34.213880000" lon="-111.687220000">
        <ele>766</ele>
      </trkpt>
      <trkpt lat="34.214040000" lon="-111.687270000">
        <ele>767</ele>
      </trkpt>
      <trkpt lat="34.214240000" lon="-111.687210000">
        <ele>767</ele>
      </trkpt>
      <trkpt lat="34.214360000" lon="-111.687220000">
        <ele>767</ele>
      </trkpt>
      <trkpt lat="34.214500000" lon="-111.687160000">
        <ele>767</ele>
      </trkpt>
      <trkpt lat="34.214750000" lon="-111.687140000">
        <ele>767</ele>
      </trkpt>
      <trkpt lat="34.214830000" lon="-111.687090000">
        <ele>767</ele>
      </trkpt>
      <trkpt lat="34.214900000" lon="-111.687110000">
        <ele>767</ele>
      </trkpt>
      <trkpt lat="34.214970000" lon="-111.687060000">
        <ele>767</ele>
      </trkpt>
      <trkpt lat="34.215120000" lon="-111.687080000">
        <ele>767</ele>
      </trkpt>
      <trkpt lat="34.215400000" lon="-111.687080000">
        <ele>768</ele>
      </trkpt>
      <trkpt lat="34.215520000" lon="-111.687050000">
        <ele>767</ele>
      </trkpt>
      <trkpt lat="34.215570000" lon="-111.687010000">
        <ele>767</ele>
      </trkpt>
      <trkpt lat="34.215690000" lon="-111.687010000">
        <ele>767</ele>
      </trkpt>
      <trkpt lat="34.215730000" lon="-111.686980000">
        <ele>767</ele>
      </trkpt>
      <trkpt lat="34.215820000" lon="-111.686990000">
        <ele>767</ele>
      </trkpt>
      <trkpt lat="34.215940000" lon="-111.686940000">
        <ele>767</ele>
      </trkpt>
      <trkpt lat="34.216260000" lon="-111.687040000">
        <ele>768</ele>
      </trkpt>
      <trkpt lat="34.216370000" lon="-111.687000000">
        <ele>768</ele>
      </trkpt>
      <trkpt lat="34.216670000" lon="-111.687180000">
        <ele>770</ele>
      </trkpt>
      <trkpt lat="34.216820000" lon="-111.687330000">
        <ele>772</ele>
      </trkpt>
      <trkpt lat="34.216930000" lon="-111.687340000">
        <ele>772</ele>
      </trkpt>
      <trkpt lat="34.217030000" lon="-111.687400000">
        <ele>773</ele>
      </trkpt>
      <trkpt lat="34.217260000" lon="-111.687350000">
        <ele>774</ele>
      </trkpt>
      <trkpt lat="34.217390000" lon="-111.687380000">
        <ele>775</ele>
      </trkpt>
      <trkpt lat="34.217490000" lon="-111.687460000">
        <ele>774</ele>
      </trkpt>
      <trkpt lat="34.217590000" lon="-111.687470000">
        <ele>775</ele>
      </trkpt>
      <trkpt lat="34.217770000" lon="-111.687550000">
        <ele>774</ele>
      </trkpt>
      <trkpt lat="34.217870000" lon="-111.687520000">
        <ele>775</ele>
      </trkpt>
      <trkpt lat="34.218140000" lon="-111.687530000">
        <ele>776</ele>
      </trkpt>
      <trkpt lat="34.218200000" lon="-111.687490000">
        <ele>777</ele>
      </trkpt>
      <trkpt lat="34.218360000" lon="-111.687610000">
        <ele>776</ele>
      </trkpt>
      <trkpt lat="34.218480000" lon="-111.687580000">
        <ele>777</ele>
      </trkpt>
      <trkpt lat="34.218710000" lon="-111.687560000">
        <ele>778</ele>
      </trkpt>
      <trkpt lat="34.218780000" lon="-111.687610000">
        <ele>778</ele>
      </trkpt>
      <trkpt lat="34.218850000" lon="-111.687620000">
        <ele>779</ele>
      </trkpt>
      <trkpt lat="34.218950000" lon="-111.687700000">
        <ele>779</ele>
      </trkpt>
      <trkpt lat="34.219140000" lon="-111.687710000">
        <ele>780</ele>
      </trkpt>
      <trkpt lat="34.219420000" lon="-111.687840000">
        <ele>781</ele>
      </trkpt>
      <trkpt lat="34.219470000" lon="-111.687890000">
        <ele>781</ele>
      </trkpt>
      <trkpt lat="34.219510000" lon="-111.687860000">
        <ele>782</ele>
      </trkpt>
      <trkpt lat="34.219680000" lon="-111.687840000">
        <ele>782</ele>
      </trkpt>
      <trkpt lat="34.219730000" lon="-111.687870000">
        <ele>782</ele>
      </trkpt>
      <trkpt lat="34.219790000" lon="-111.687860000">
        <ele>782</ele>
      </trkpt>
      <trkpt lat="34.219900000" lon="-111.687810000">
        <ele>781</ele>
      </trkpt>
      <trkpt lat="34.220070000" lon="-111.687620000">
        <ele>782</ele>
      </trkpt>
      <trkpt lat="34.220150000" lon="-111.687630000">
        <ele>781</ele>
      </trkpt>
      <trkpt lat="34.220290000" lon="-111.687770000">
        <ele>780</ele>
      </trkpt>
      <trkpt lat="34.220370000" lon="-111.687760000">
        <ele>780</ele>
      </trkpt>
      <trkpt lat="34.220630000" lon="-111.687950000">
        <ele>781</ele>
      </trkpt>
      <trkpt lat="34.220690000" lon="-111.687960000">
        <ele>781</ele>
      </trkpt>
      <trkpt lat="34.220790000" lon="-111.688020000">
        <ele>782</ele>
      </trkpt>
      <trkpt lat="34.221130000" lon="-111.688530000">
        <ele>781</ele>
      </trkpt>
      <trkpt lat="34.221370000" lon="-111.688770000">
        <ele>783</ele>
      </trkpt>
      <trkpt lat="34.221500000" lon="-111.688860000">
        <ele>783</ele>
      </trkpt>
      <trkpt lat="34.221750000" lon="-111.689120000">
        <ele>783</ele>
      </trkpt>
      <trkpt lat="34.221830000" lon="-111.689110000">
        <ele>783</ele>
      </trkpt>
      <trkpt lat="34.221960000" lon="-111.689210000">
        <ele>782</ele>
      </trkpt>
      <trkpt lat="34.222100000" lon="-111.689200000">
        <ele>781</ele>
      </trkpt>
      <trkpt lat="34.222200000" lon="-111.689280000">
        <ele>780</ele>
      </trkpt>
      <trkpt lat="34.222350000" lon="-111.689310000">
        <ele>779</ele>
      </trkpt>
      <trkpt lat="34.222430000" lon="-111.689350000">
        <ele>778</ele>
      </trkpt>
      <trkpt lat="34.222450000" lon="-111.689340000">
        <ele>778</ele>
      </trkpt>
      <trkpt lat="34.222550000" lon="-111.689200000">
        <ele>779</ele>
      </trkpt>
      <trkpt lat="34.222640000" lon="-111.689310000">
        <ele>777</ele>
      </trkpt>
      <trkpt lat="34.222630000" lon="-111.689440000">
        <ele>776</ele>
      </trkpt>
      <trkpt lat="34.222770000" lon="-111.689600000">
        <ele>775</ele>
      </trkpt>
      <trkpt lat="34.222820000" lon="-111.689590000">
        <ele>775</ele>
      </trkpt>
      <trkpt lat="34.222870000" lon="-111.689620000">
        <ele>775</ele>
      </trkpt>
      <trkpt lat="34.222980000" lon="-111.689490000">
        <ele>776</ele>
      </trkpt>
      <trkpt lat="34.223080000" lon="-111.689460000">
        <ele>777</ele>
      </trkpt>
      <trkpt lat="34.223110000" lon="-111.689470000">
        <ele>778</ele>
      </trkpt>
      <trkpt lat="34.223220000" lon="-111.689570000">
        <ele>779</ele>
      </trkpt>
      <trkpt lat="34.223250000" lon="-111.689750000">
        <ele>780</ele>
      </trkpt>
      <trkpt lat="34.223450000" lon="-111.689890000">
        <ele>786</ele>
      </trkpt>
      <trkpt lat="34.223490000" lon="-111.689950000">
        <ele>787</ele>
      </trkpt>
      <trkpt lat="34.223500000" lon="-111.690010000">
        <ele>788</ele>
      </trkpt>
      <trkpt lat="34.223640000" lon="-111.690120000">
        <ele>792</ele>
      </trkpt>
      <trkpt lat="34.223750000" lon="-111.690130000">
        <ele>794</ele>
      </trkpt>
      <trkpt lat="34.223930000" lon="-111.690220000">
        <ele>795</ele>
      </trkpt>
      <trkpt lat="34.224020000" lon="-111.690240000">
        <ele>795</ele>
      </trkpt>
      <trkpt lat="34.224080000" lon="-111.690240000">
        <ele>795</ele>
      </trkpt>
      <trkpt lat="34.224170000" lon="-111.690200000">
        <ele>796</ele>
      </trkpt>
      <trkpt lat="34.224360000" lon="-111.690210000">
        <ele>796</ele>
      </trkpt>
      <trkpt lat="34.224400000" lon="-111.690300000">
        <ele>795</ele>
      </trkpt>
      <trkpt lat="34.224380000" lon="-111.690250000">
        <ele>796</ele>
      </trkpt>
      <trkpt lat="34.224370000" lon="-111.690280000">
        <ele>795</ele>
      </trkpt>
      <trkpt lat="34.224400000" lon="-111.690390000">
        <ele>795</ele>
      </trkpt>
      <trkpt lat="34.224660000" lon="-111.690420000">
        <ele>794</ele>
      </trkpt>
      <trkpt lat="34.224820000" lon="-111.690520000">
        <ele>791</ele>
      </trkpt>
      <trkpt lat="34.224980000" lon="-111.690570000">
        <ele>788</ele>
      </trkpt>
      <trkpt lat="34.225230000" lon="-111.690530000">
        <ele>783</ele>
      </trkpt>
      <trkpt lat="34.225360000" lon="-111.690470000">
        <ele>781</ele>
      </trkpt>
      <trkpt lat="34.225490000" lon="-111.690500000">
        <ele>779</ele>
      </trkpt>
      <trkpt lat="34.225680000" lon="-111.690610000">
        <ele>779</ele>
      </trkpt>
      <trkpt lat="34.225780000" lon="-111.690640000">
        <ele>779</ele>
      </trkpt>
      <trkpt lat="34.225870000" lon="-111.690620000">
        <ele>779</ele>
      </trkpt>
      <trkpt lat="34.225900000" lon="-111.690640000">
        <ele>779</ele>
      </trkpt>
      <trkpt lat="34.226020000" lon="-111.690600000">
        <ele>779</ele>
      </trkpt>
      <trkpt lat="34.226030000" lon="-111.690570000">
        <ele>779</ele>
      </trkpt>
      <trkpt lat="34.226090000" lon="-111.690580000">
        <ele>780</ele>
      </trkpt>
      <trkpt lat="34.226150000" lon="-111.690550000">
        <ele>780</ele>
      </trkpt>
      <trkpt lat="34.226210000" lon="-111.690560000">
        <ele>780</ele>
      </trkpt>
      <trkpt lat="34.226360000" lon="-111.690670000">
        <ele>781</ele>
      </trkpt>
      <trkpt lat="34.226470000" lon="-111.690710000">
        <ele>782</ele>
      </trkpt>
      <trkpt lat="34.226600000" lon="-111.690870000">
        <ele>783</ele>
      </trkpt>
      <trkpt lat="34.226670000" lon="-111.690920000">
        <ele>783</ele>
      </trkpt>
      <trkpt lat="34.226740000" lon="-111.690910000">
        <ele>783</ele>
      </trkpt>
      <trkpt lat="34.226880000" lon="-111.690950000">
        <ele>783</ele>
      </trkpt>
      <trkpt lat="34.226990000" lon="-111.690930000">
        <ele>784</ele>
      </trkpt>
      <trkpt lat="34.227670000" lon="-111.691100000">
        <ele>783</ele>
      </trkpt>
      <trkpt lat="34.227730000" lon="-111.691020000">
        <ele>784</ele>
      </trkpt>
      <trkpt lat="34.227800000" lon="-111.691050000">
        <ele>783</ele>
      </trkpt>
      <trkpt lat="34.227920000" lon="-111.691200000">
        <ele>782</ele>
      </trkpt>
      <trkpt lat="34.228050000" lon="-111.691220000">
        <ele>781</ele>
      </trkpt>
      <trkpt lat="34.228080000" lon="-111.691280000">
        <ele>781</ele>
      </trkpt>
      <trkpt lat="34.228130000" lon="-111.691300000">
        <ele>781</ele>
      </trkpt>
      <trkpt lat="34.228190000" lon="-111.691380000">
        <ele>780</ele>
      </trkpt>
      <trkpt lat="34.228200000" lon="-111.691450000">
        <ele>780</ele>
      </trkpt>
      <trkpt lat="34.228300000" lon="-111.691630000">
        <ele>780</ele>
      </trkpt>
      <trkpt lat="34.228440000" lon="-111.691700000">
        <ele>780</ele>
      </trkpt>
      <trkpt lat="34.228530000" lon="-111.691890000">
        <ele>780</ele>
      </trkpt>
      <trkpt lat="34.228620000" lon="-111.691980000">
        <ele>780</ele>
      </trkpt>
      <trkpt lat="34.228670000" lon="-111.692070000">
        <ele>780</ele>
      </trkpt>
      <trkpt lat="34.228980000" lon="-111.692380000">
        <ele>781</ele>
      </trkpt>
      <trkpt lat="34.228990000" lon="-111.692350000">
        <ele>781</ele>
      </trkpt>
      <trkpt lat="34.228930000" lon="-111.692370000">
        <ele>781</ele>
      </trkpt>
      <trkpt lat="34.229100000" lon="-111.692480000">
        <ele>783</ele>
      </trkpt>
      <trkpt lat="34.229170000" lon="-111.692570000">
        <ele>784</ele>
      </trkpt>
      <trkpt lat="34.229190000" lon="-111.692550000">
        <ele>784</ele>
      </trkpt>
      <trkpt lat="34.229180000" lon="-111.692460000">
        <ele>784</ele>
      </trkpt>
      <trkpt lat="34.229200000" lon="-111.692430000">
        <ele>784</ele>
      </trkpt>
      <trkpt lat="34.229230000" lon="-111.692440000">
        <ele>784</ele>
      </trkpt>
      <trkpt lat="34.229270000" lon="-111.692390000">
        <ele>784</ele>
      </trkpt>
      <trkpt lat="34.229380000" lon="-111.692330000">
        <ele>785</ele>
      </trkpt>
      <trkpt lat="34.229410000" lon="-111.692280000">
        <ele>785</ele>
      </trkpt>
      <trkpt lat="34.229250000" lon="-111.692440000">
        <ele>784</ele>
      </trkpt>
      <trkpt lat="34.229180000" lon="-111.692460000">
        <ele>784</ele>
      </trkpt>
      <trkpt lat="34.229130000" lon="-111.692610000">
        <ele>784</ele>
      </trkpt>
      <trkpt lat="34.229090000" lon="-111.692660000">
        <ele>784</ele>
      </trkpt>
      <trkpt lat="34.229010000" lon="-111.692940000">
        <ele>784</ele>
      </trkpt>
      <trkpt lat="34.229080000" lon="-111.693090000">
        <ele>787</ele>
      </trkpt>
      <trkpt lat="34.229030000" lon="-111.693210000">
        <ele>787</ele>
      </trkpt>
      <trkpt lat="34.229000000" lon="-111.693240000">
        <ele>786</ele>
      </trkpt>
      <trkpt lat="34.228990000" lon="-111.693210000">
        <ele>786</ele>
      </trkpt>
      <trkpt lat="34.228940000" lon="-111.693230000">
        <ele>785</ele>
      </trkpt>
      <trkpt lat="34.228990000" lon="-111.693320000">
        <ele>787</ele>
      </trkpt>
      <trkpt lat="34.228930000" lon="-111.693450000">
        <ele>786</ele>
      </trkpt>
      <trkpt lat="34.228970000" lon="-111.693470000">
        <ele>787</ele>
      </trkpt>
      <trkpt lat="34.228980000" lon="-111.693540000">
        <ele>788</ele>
      </trkpt>
      <trkpt lat="34.229020000" lon="-111.693620000">
        <ele>789</ele>
      </trkpt>
      <trkpt lat="34.229010000" lon="-111.693680000">
        <ele>789</ele>
      </trkpt>
      <trkpt lat="34.229040000" lon="-111.693680000">
        <ele>790</ele>
      </trkpt>
      <trkpt lat="34.229100000" lon="-111.693770000">
        <ele>791</ele>
      </trkpt>
      <trkpt lat="34.229140000" lon="-111.693920000">
        <ele>792</ele>
      </trkpt>
      <trkpt lat="34.229110000" lon="-111.693970000">
        <ele>793</ele>
      </trkpt>
      <trkpt lat="34.229030000" lon="-111.694010000">
        <ele>791</ele>
      </trkpt>
      <trkpt lat="34.228960000" lon="-111.694120000">
        <ele>791</ele>
      </trkpt>
      <trkpt lat="34.228850000" lon="-111.694380000">
        <ele>794</ele>
      </trkpt>
      <trkpt lat="34.228850000" lon="-111.694440000">
        <ele>795</ele>
      </trkpt>
      <trkpt lat="34.228740000" lon="-111.694620000">
        <ele>796</ele>
      </trkpt>
      <trkpt lat="34.228820000" lon="-111.694650000">
        <ele>799</ele>
      </trkpt>
      <trkpt lat="34.228860000" lon="-111.694630000">
        <ele>800</ele>
      </trkpt>
      <trkpt lat="34.228890000" lon="-111.694650000">
        <ele>801</ele>
      </trkpt>
      <trkpt lat="34.228880000" lon="-111.694780000">
        <ele>804</ele>
      </trkpt>
      <trkpt lat="34.228950000" lon="-111.694830000">
        <ele>805</ele>
      </trkpt>
      <trkpt lat="34.228910000" lon="-111.694910000">
        <ele>805</ele>
      </trkpt>
      <trkpt lat="34.228960000" lon="-111.694910000">
        <ele>805</ele>
      </trkpt>
      <trkpt lat="34.229020000" lon="-111.694990000">
        <ele>805</ele>
      </trkpt>
      <trkpt lat="34.229020000" lon="-111.695020000">
        <ele>804</ele>
      </trkpt>
      <trkpt lat="34.228960000" lon="-111.695150000">
        <ele>803</ele>
      </trkpt>
      <trkpt lat="34.228880000" lon="-111.695220000">
        <ele>802</ele>
      </trkpt>
      <trkpt lat="34.228880000" lon="-111.695300000">
        <ele>800</ele>
      </trkpt>
      <trkpt lat="34.228770000" lon="-111.695310000">
        <ele>800</ele>
      </trkpt>
      <trkpt lat="34.228810000" lon="-111.695360000">
        <ele>799</ele>
      </trkpt>
      <trkpt lat="34.228780000" lon="-111.695420000">
        <ele>798</ele>
      </trkpt>
      <trkpt lat="34.228810000" lon="-111.695470000">
        <ele>797</ele>
      </trkpt>
      <trkpt lat="34.228810000" lon="-111.695540000">
        <ele>796</ele>
      </trkpt>
      <trkpt lat="34.228760000" lon="-111.695590000">
        <ele>795</ele>
      </trkpt>
      <trkpt lat="34.228820000" lon="-111.695680000">
        <ele>791</ele>
      </trkpt>
      <trkpt lat="34.228880000" lon="-111.695730000">
        <ele>789</ele>
      </trkpt>
      <trkpt lat="34.228930000" lon="-111.695830000">
        <ele>784</ele>
      </trkpt>
      <trkpt lat="34.228990000" lon="-111.695840000">
        <ele>783</ele>
      </trkpt>
      <trkpt lat="34.228990000" lon="-111.695960000">
        <ele>779</ele>
      </trkpt>
      <trkpt lat="34.229030000" lon="-111.696090000">
        <ele>775</ele>
      </trkpt>
      <trkpt lat="34.228980000" lon="-111.696160000">
        <ele>774</ele>
      </trkpt>
      <trkpt lat="34.228960000" lon="-111.696350000">
        <ele>773</ele>
      </trkpt>
      <trkpt lat="34.229050000" lon="-111.696440000">
        <ele>771</ele>
      </trkpt>
      <trkpt lat="34.229000000" lon="-111.696460000">
        <ele>772</ele>
      </trkpt>
      <trkpt lat="34.228950000" lon="-111.696520000">
        <ele>773</ele>
      </trkpt>
      <trkpt lat="34.228920000" lon="-111.696630000">
        <ele>773</ele>
      </trkpt>
      <trkpt lat="34.228810000" lon="-111.696760000">
        <ele>773</ele>
      </trkpt>
      <trkpt lat="34.228740000" lon="-111.696910000">
        <ele>772</ele>
      </trkpt>
      <trkpt lat="34.228630000" lon="-111.697000000">
        <ele>773</ele>
      </trkpt>
      <trkpt lat="34.228600000" lon="-111.697090000">
        <ele>772</ele>
      </trkpt>
      <trkpt lat="34.228600000" lon="-111.697160000">
        <ele>771</ele>
      </trkpt>
      <trkpt lat="34.228630000" lon="-111.697230000">
        <ele>770</ele>
      </trkpt>
      <trkpt lat="34.228600000" lon="-111.697340000">
        <ele>769</ele>
      </trkpt>
      <trkpt lat="34.228590000" lon="-111.697490000">
        <ele>766</ele>
      </trkpt>
      <trkpt lat="34.228580000" lon="-111.697530000">
        <ele>766</ele>
      </trkpt>
      <trkpt lat="34.228460000" lon="-111.697610000">
        <ele>767</ele>
      </trkpt>
      <trkpt lat="34.228360000" lon="-111.697640000">
        <ele>767</ele>
      </trkpt>
      <trkpt lat="34.228330000" lon="-111.697740000">
        <ele>767</ele>
      </trkpt>
      <trkpt lat="34.228400000" lon="-111.697790000">
        <ele>767</ele>
      </trkpt>
      <trkpt lat="34.228430000" lon="-111.697840000">
        <ele>766</ele>
      </trkpt>
      <trkpt lat="34.228420000" lon="-111.697870000">
        <ele>766</ele>
      </trkpt>
      <trkpt lat="34.228330000" lon="-111.697890000">
        <ele>767</ele>
      </trkpt>
      <trkpt lat="34.228310000" lon="-111.697920000">
        <ele>767</ele>
      </trkpt>
      <trkpt lat="34.228280000" lon="-111.698100000">
        <ele>768</ele>
      </trkpt>
      <trkpt lat="34.228210000" lon="-111.698270000">
        <ele>767</ele>
      </trkpt>
      <trkpt lat="34.228080000" lon="-111.698430000">
        <ele>767</ele>
      </trkpt>
      <trkpt lat="34.228010000" lon="-111.698490000">
        <ele>767</ele>
      </trkpt>
      <trkpt lat="34.227950000" lon="-111.698480000">
        <ele>767</ele>
      </trkpt>
      <trkpt lat="34.227920000" lon="-111.698590000">
        <ele>767</ele>
      </trkpt>
      <trkpt lat="34.227750000" lon="-111.698760000">
        <ele>767</ele>
      </trkpt>
      <trkpt lat="34.227560000" lon="-111.698860000">
        <ele>767</ele>
      </trkpt>
      <trkpt lat="34.227500000" lon="-111.698910000">
        <ele>767</ele>
      </trkpt>
      <trkpt lat="34.227480000" lon="-111.698970000">
        <ele>767</ele>
      </trkpt>
      <trkpt lat="34.227440000" lon="-111.698940000">
        <ele>767</ele>
      </trkpt>
      <trkpt lat="34.227370000" lon="-111.698940000">
        <ele>767</ele>
      </trkpt>
      <trkpt lat="34.227350000" lon="-111.698910000">
        <ele>767</ele>
      </trkpt>
      <trkpt lat="34.227290000" lon="-111.698890000">
        <ele>767</ele>
      </trkpt>
      <trkpt lat="34.227160000" lon="-111.698920000">
        <ele>767</ele>
      </trkpt>
      <trkpt lat="34.226960000" lon="-111.699100000">
        <ele>768</ele>
      </trkpt>
      <trkpt lat="34.226770000" lon="-111.699190000">
        <ele>768</ele>
      </trkpt>
      <trkpt lat="34.226620000" lon="-111.699340000">
        <ele>768</ele>
      </trkpt>
      <trkpt lat="34.226470000" lon="-111.699410000">
        <ele>768</ele>
      </trkpt>
      <trkpt lat="34.226420000" lon="-111.699400000">
        <ele>769</ele>
      </trkpt>
      <trkpt lat="34.226390000" lon="-111.699430000">
        <ele>769</ele>
      </trkpt>
      <trkpt lat="34.226300000" lon="-111.699450000">
        <ele>768</ele>
      </trkpt>
      <trkpt lat="34.226280000" lon="-111.699480000">
        <ele>768</ele>
      </trkpt>
      <trkpt lat="34.226230000" lon="-111.699500000">
        <ele>768</ele>
      </trkpt>
      <trkpt lat="34.226040000" lon="-111.699670000">
        <ele>768</ele>
      </trkpt>
      <trkpt lat="34.226010000" lon="-111.699660000">
        <ele>767</ele>
      </trkpt>
      <trkpt lat="34.225950000" lon="-111.699680000">
        <ele>767</ele>
      </trkpt>
      <trkpt lat="34.225920000" lon="-111.699670000">
        <ele>767</ele>
      </trkpt>
      <trkpt lat="34.225670000" lon="-111.699720000">
        <ele>766</ele>
      </trkpt>
      <trkpt lat="34.225640000" lon="-111.699700000">
        <ele>765</ele>
      </trkpt>
      <trkpt lat="34.225600000" lon="-111.699720000">
        <ele>765</ele>
      </trkpt>
      <trkpt lat="34.225400000" lon="-111.699750000">
        <ele>763</ele>
      </trkpt>
      <trkpt lat="34.225340000" lon="-111.699870000">
        <ele>763</ele>
      </trkpt>
      <trkpt lat="34.225350000" lon="-111.699980000">
        <ele>763</ele>
      </trkpt>
      <trkpt lat="34.225280000" lon="-111.700000000">
        <ele>762</ele>
      </trkpt>
      <trkpt lat="34.225250000" lon="-111.699980000">
        <ele>762</ele>
      </trkpt>
      <trkpt lat="34.225270000" lon="-111.700060000">
        <ele>762</ele>
      </trkpt>
      <trkpt lat="34.225160000" lon="-111.700210000">
        <ele>761</ele>
      </trkpt>
      <trkpt lat="34.225060000" lon="-111.700190000">
        <ele>759</ele>
      </trkpt>
      <trkpt lat="34.224780000" lon="-111.700430000">
        <ele>757</ele>
      </trkpt>
      <trkpt lat="34.224700000" lon="-111.700420000">
        <ele>756</ele>
      </trkpt>
      <trkpt lat="34.224650000" lon="-111.700490000">
        <ele>756</ele>
      </trkpt>
      <trkpt lat="34.224550000" lon="-111.700550000">
        <ele>755</ele>
      </trkpt>
      <trkpt lat="34.224510000" lon="-111.700660000">
        <ele>755</ele>
      </trkpt>
      <trkpt lat="34.224480000" lon="-111.700690000">
        <ele>754</ele>
      </trkpt>
      <trkpt lat="34.224420000" lon="-111.700690000">
        <ele>753</ele>
      </trkpt>
      <trkpt lat="34.224390000" lon="-111.700810000">
        <ele>752</ele>
      </trkpt>
      <trkpt lat="34.224360000" lon="-111.700850000">
        <ele>751</ele>
      </trkpt>
      <trkpt lat="34.224330000" lon="-111.700860000">
        <ele>751</ele>
      </trkpt>
      <trkpt lat="34.224250000" lon="-111.700810000">
        <ele>750</ele>
      </trkpt>
      <trkpt lat="34.224190000" lon="-111.700810000">
        <ele>749</ele>
      </trkpt>
      <trkpt lat="34.224130000" lon="-111.700780000">
        <ele>749</ele>
      </trkpt>
      <trkpt lat="34.224100000" lon="-111.700790000">
        <ele>748</ele>
      </trkpt>
      <trkpt lat="34.224090000" lon="-111.700850000">
        <ele>747</ele>
      </trkpt>
      <trkpt lat="34.224060000" lon="-111.700850000">
        <ele>747</ele>
      </trkpt>
      <trkpt lat="34.223950000" lon="-111.700770000">
        <ele>749</ele>
      </trkpt>
      <trkpt lat="34.223930000" lon="-111.700750000">
        <ele>749</ele>
      </trkpt>
      <trkpt lat="34.223950000" lon="-111.700720000">
        <ele>750</ele>
      </trkpt>
      <trkpt lat="34.223850000" lon="-111.700720000">
        <ele>750</ele>
      </trkpt>
      <trkpt lat="34.223820000" lon="-111.700670000">
        <ele>751</ele>
      </trkpt>
      <trkpt lat="34.223790000" lon="-111.700680000">
        <ele>752</ele>
      </trkpt>
      <trkpt lat="34.223700000" lon="-111.700770000">
        <ele>750</ele>
      </trkpt>
      <trkpt lat="34.223690000" lon="-111.700900000">
        <ele>748</ele>
      </trkpt>
      <trkpt lat="34.223640000" lon="-111.701050000">
        <ele>746</ele>
      </trkpt>
      <trkpt lat="34.223640000" lon="-111.701120000">
        <ele>745</ele>
      </trkpt>
      <trkpt lat="34.223580000" lon="-111.701190000">
        <ele>745</ele>
      </trkpt>
      <trkpt lat="34.223460000" lon="-111.701260000">
        <ele>746</ele>
      </trkpt>
      <trkpt lat="34.223430000" lon="-111.701310000">
        <ele>746</ele>
      </trkpt>
      <trkpt lat="34.223180000" lon="-111.701360000">
        <ele>746</ele>
      </trkpt>
      <trkpt lat="34.223020000" lon="-111.701360000">
        <ele>746</ele>
      </trkpt>
      <trkpt lat="34.222720000" lon="-111.701260000">
        <ele>746</ele>
      </trkpt>
      <trkpt lat="34.222690000" lon="-111.701220000">
        <ele>747</ele>
      </trkpt>
      <trkpt lat="34.222640000" lon="-111.701220000">
        <ele>747</ele>
      </trkpt>
      <trkpt lat="34.222610000" lon="-111.701270000">
        <ele>746</ele>
      </trkpt>
      <trkpt lat="34.222510000" lon="-111.701300000">
        <ele>746</ele>
      </trkpt>
      <trkpt lat="34.222460000" lon="-111.701370000">
        <ele>746</ele>
      </trkpt>
      <trkpt lat="34.222430000" lon="-111.701370000">
        <ele>745</ele>
      </trkpt>
      <trkpt lat="34.222360000" lon="-111.701310000">
        <ele>745</ele>
      </trkpt>
      <trkpt lat="34.222310000" lon="-111.701330000">
        <ele>745</ele>
      </trkpt>
      <trkpt lat="34.222300000" lon="-111.701360000">
        <ele>745</ele>
      </trkpt>
      <trkpt lat="34.222060000" lon="-111.701420000">
        <ele>744</ele>
      </trkpt>
      <trkpt lat="34.221970000" lon="-111.701490000">
        <ele>744</ele>
      </trkpt>
      <trkpt lat="34.221880000" lon="-111.701480000">
        <ele>743</ele>
      </trkpt>
      <trkpt lat="34.221790000" lon="-111.701430000">
        <ele>743</ele>
      </trkpt>
      <trkpt lat="34.221740000" lon="-111.701440000">
        <ele>743</ele>
      </trkpt>
      <trkpt lat="34.221700000" lon="-111.701380000">
        <ele>743</ele>
      </trkpt>
      <trkpt lat="34.221650000" lon="-111.701390000">
        <ele>743</ele>
      </trkpt>
      <trkpt lat="34.221600000" lon="-111.701460000">
        <ele>743</ele>
      </trkpt>
      <trkpt lat="34.221550000" lon="-111.701480000">
        <ele>742</ele>
      </trkpt>
      <trkpt lat="34.221430000" lon="-111.701500000">
        <ele>742</ele>
      </trkpt>
      <trkpt lat="34.221390000" lon="-111.701480000">
        <ele>743</ele>
      </trkpt>
      <trkpt lat="34.221220000" lon="-111.701480000">
        <ele>743</ele>
      </trkpt>
      <trkpt lat="34.221190000" lon="-111.701490000">
        <ele>743</ele>
      </trkpt>
      <trkpt lat="34.221150000" lon="-111.701540000">
        <ele>743</ele>
      </trkpt>
      <trkpt lat="34.221100000" lon="-111.701520000">
        <ele>743</ele>
      </trkpt>
      <trkpt lat="34.221020000" lon="-111.701550000">
        <ele>743</ele>
      </trkpt>
      <trkpt lat="34.220890000" lon="-111.701520000">
        <ele>742</ele>
      </trkpt>
      <trkpt lat="34.220830000" lon="-111.701490000">
        <ele>742</ele>
      </trkpt>
      <trkpt lat="34.220640000" lon="-111.701550000">
        <ele>740</ele>
      </trkpt>
      <trkpt lat="34.220580000" lon="-111.701690000">
        <ele>736</ele>
      </trkpt>
      <trkpt lat="34.220540000" lon="-111.701730000">
        <ele>734</ele>
      </trkpt>
      <trkpt lat="34.220440000" lon="-111.701430000">
        <ele>741</ele>
      </trkpt>
      <trkpt lat="34.220380000" lon="-111.701380000">
        <ele>742</ele>
      </trkpt>
      <trkpt lat="34.220330000" lon="-111.701410000">
        <ele>741</ele>
      </trkpt>
      <trkpt lat="34.220180000" lon="-111.701410000">
        <ele>741</ele>
      </trkpt>
      <trkpt lat="34.220100000" lon="-111.701440000">
        <ele>741</ele>
      </trkpt>
      <trkpt lat="34.219930000" lon="-111.701390000">
        <ele>743</ele>
      </trkpt>
      <trkpt lat="34.219670000" lon="-111.701430000">
        <ele>745</ele>
      </trkpt>
      <trkpt lat="34.219610000" lon="-111.701360000">
        <ele>745</ele>
      </trkpt>
      <trkpt lat="34.219480000" lon="-111.701310000">
        <ele>745</ele>
      </trkpt>
      <trkpt lat="34.219280000" lon="-111.701270000">
        <ele>745</ele>
      </trkpt>
      <trkpt lat="34.219210000" lon="-111.701280000">
        <ele>745</ele>
      </trkpt>
      <trkpt lat="34.219010000" lon="-111.701260000">
        <ele>746</ele>
      </trkpt>
      <trkpt lat="34.218940000" lon="-111.701270000">
        <ele>745</ele>
      </trkpt>
      <trkpt lat="34.218770000" lon="-111.701370000">
        <ele>744</ele>
      </trkpt>
      <trkpt lat="34.218590000" lon="-111.701400000">
        <ele>742</ele>
      </trkpt>
      <trkpt lat="34.218590000" lon="-111.701460000">
        <ele>740</ele>
      </trkpt>
      <trkpt lat="34.218550000" lon="-111.701530000">
        <ele>737</ele>
      </trkpt>
      <trkpt lat="34.218570000" lon="-111.701400000">
        <ele>742</ele>
      </trkpt>
      <trkpt lat="34.218360000" lon="-111.701290000">
        <ele>742</ele>
      </trkpt>
      <trkpt lat="34.218120000" lon="-111.701290000">
        <ele>740</ele>
      </trkpt>
      <trkpt lat="34.217870000" lon="-111.701250000">
        <ele>740</ele>
      </trkpt>
      <trkpt lat="34.217730000" lon="-111.701300000">
        <ele>738</ele>
      </trkpt>
      <trkpt lat="34.217630000" lon="-111.701300000">
        <ele>738</ele>
      </trkpt>
      <trkpt lat="34.217610000" lon="-111.701330000">
        <ele>738</ele>
      </trkpt>
      <trkpt lat="34.217500000" lon="-111.701370000">
        <ele>737</ele>
      </trkpt>
      <trkpt lat="34.217490000" lon="-111.701410000">
        <ele>737</ele>
      </trkpt>
      <trkpt lat="34.217380000" lon="-111.701450000">
        <ele>735</ele>
      </trkpt>
      <trkpt lat="34.217310000" lon="-111.701510000">
        <ele>733</ele>
      </trkpt>
      <trkpt lat="34.217250000" lon="-111.701520000">
        <ele>732</ele>
      </trkpt>
      <trkpt lat="34.217210000" lon="-111.701550000">
        <ele>731</ele>
      </trkpt>
      <trkpt lat="34.217030000" lon="-111.701580000">
        <ele>730</ele>
      </trkpt>
      <trkpt lat="34.216980000" lon="-111.701600000">
        <ele>730</ele>
      </trkpt>
      <trkpt lat="34.216970000" lon="-111.701640000">
        <ele>729</ele>
      </trkpt>
      <trkpt lat="34.216950000" lon="-111.701640000">
        <ele>729</ele>
      </trkpt>
      <trkpt lat="34.216960000" lon="-111.701610000">
        <ele>730</ele>
      </trkpt>
      <trkpt lat="34.216230000" lon="-111.701890000">
        <ele>733</ele>
      </trkpt>
      <trkpt lat="34.216120000" lon="-111.701900000">
        <ele>735</ele>
      </trkpt>
      <trkpt lat="34.216000000" lon="-111.701880000">
        <ele>738</ele>
      </trkpt>
      <trkpt lat="34.215910000" lon="-111.701950000">
        <ele>739</ele>
      </trkpt>
      <trkpt lat="34.215830000" lon="-111.701960000">
        <ele>740</ele>
      </trkpt>
      <trkpt lat="34.215770000" lon="-111.701990000">
        <ele>741</ele>
      </trkpt>
      <trkpt lat="34.215750000" lon="-111.702030000">
        <ele>741</ele>
      </trkpt>
      <trkpt lat="34.215690000" lon="-111.702050000">
        <ele>742</ele>
      </trkpt>
      <trkpt lat="34.215660000" lon="-111.702070000">
        <ele>742</ele>
      </trkpt>
      <trkpt lat="34.215660000" lon="-111.702100000">
        <ele>742</ele>
      </trkpt>
      <trkpt lat="34.215610000" lon="-111.702120000">
        <ele>742</ele>
      </trkpt>
      <trkpt lat="34.215590000" lon="-111.702150000">
        <ele>742</ele>
      </trkpt>
      <trkpt lat="34.215620000" lon="-111.702200000">
        <ele>742</ele>
      </trkpt>
      <trkpt lat="34.215640000" lon="-111.702290000">
        <ele>740</ele>
      </trkpt>
      <trkpt lat="34.215590000" lon="-111.702260000">
        <ele>741</ele>
      </trkpt>
      <trkpt lat="34.215490000" lon="-111.702270000">
        <ele>742</ele>
      </trkpt>
      <trkpt lat="34.215450000" lon="-111.702230000">
        <ele>743</ele>
      </trkpt>
      <trkpt lat="34.215350000" lon="-111.702260000">
        <ele>743</ele>
      </trkpt>
      <trkpt lat="34.215270000" lon="-111.702340000">
        <ele>742</ele>
      </trkpt>
      <trkpt lat="34.215150000" lon="-111.702300000">
        <ele>743</ele>
      </trkpt>
      <trkpt lat="34.215030000" lon="-111.702420000">
        <ele>742</ele>
      </trkpt>
      <trkpt lat="34.214950000" lon="-111.702450000">
        <ele>741</ele>
      </trkpt>
      <trkpt lat="34.214800000" lon="-111.702450000">
        <ele>741</ele>
      </trkpt>
      <trkpt lat="34.214680000" lon="-111.702520000">
        <ele>739</ele>
      </trkpt>
      <trkpt lat="34.214630000" lon="-111.702520000">
        <ele>739</ele>
      </trkpt>
      <trkpt lat="34.214530000" lon="-111.702600000">
        <ele>738</ele>
      </trkpt>
      <trkpt lat="34.214370000" lon="-111.702590000">
        <ele>738</ele>
      </trkpt>
      <trkpt lat="34.214250000" lon="-111.702630000">
        <ele>737</ele>
      </trkpt>
      <trkpt lat="34.214050000" lon="-111.702660000">
        <ele>735</ele>
      </trkpt>
      <trkpt lat="34.213890000" lon="-111.702610000">
        <ele>733</ele>
      </trkpt>
      <trkpt lat="34.213810000" lon="-111.702620000">
        <ele>732</ele>
      </trkpt>
      <trkpt lat="34.213750000" lon="-111.702590000">
        <ele>731</ele>
      </trkpt>
      <trkpt lat="34.213700000" lon="-111.702500000">
        <ele>731</ele>
      </trkpt>
      <trkpt lat="34.213630000" lon="-111.702470000">
        <ele>731</ele>
      </trkpt>
      <trkpt lat="34.213550000" lon="-111.702380000">
        <ele>731</ele>
      </trkpt>
      <trkpt lat="34.213590000" lon="-111.702420000">
        <ele>731</ele>
      </trkpt>
      <trkpt lat="34.213580000" lon="-111.702510000">
        <ele>730</ele>
      </trkpt>
      <trkpt lat="34.213600000" lon="-111.702530000">
        <ele>730</ele>
      </trkpt>
      <trkpt lat="34.213570000" lon="-111.702600000">
        <ele>730</ele>
      </trkpt>
      <trkpt lat="34.213380000" lon="-111.702570000">
        <ele>729</ele>
      </trkpt>
      <trkpt lat="34.213300000" lon="-111.702580000">
        <ele>728</ele>
      </trkpt>
      <trkpt lat="34.213240000" lon="-111.702530000">
        <ele>727</ele>
      </trkpt>
      <trkpt lat="34.213210000" lon="-111.702550000">
        <ele>727</ele>
      </trkpt>
      <trkpt lat="34.212890000" lon="-111.702550000">
        <ele>724</ele>
      </trkpt>
      <trkpt lat="34.212870000" lon="-111.702570000">
        <ele>724</ele>
      </trkpt>
      <trkpt lat="34.212760000" lon="-111.702490000">
        <ele>722</ele>
      </trkpt>
      <trkpt lat="34.212700000" lon="-111.702480000">
        <ele>721</ele>
      </trkpt>
      <trkpt lat="34.212670000" lon="-111.702420000">
        <ele>721</ele>
      </trkpt>
      <trkpt lat="34.212620000" lon="-111.702440000">
        <ele>720</ele>
      </trkpt>
      <trkpt lat="34.212600000" lon="-111.702420000">
        <ele>720</ele>
      </trkpt>
      <trkpt lat="34.212550000" lon="-111.702440000">
        <ele>719</ele>
      </trkpt>
      <trkpt lat="34.212490000" lon="-111.702370000">
        <ele>718</ele>
      </trkpt>
      <trkpt lat="34.212450000" lon="-111.702370000">
        <ele>717</ele>
      </trkpt>
      <trkpt lat="34.212430000" lon="-111.702340000">
        <ele>717</ele>
      </trkpt>
      <trkpt lat="34.212390000" lon="-111.702380000">
        <ele>716</ele>
      </trkpt>
      <trkpt lat="34.212350000" lon="-111.702510000">
        <ele>715</ele>
      </trkpt>
      <trkpt lat="34.212370000" lon="-111.702590000">
        <ele>716</ele>
      </trkpt>
      <trkpt lat="34.212410000" lon="-111.702670000">
        <ele>718</ele>
      </trkpt>
      <trkpt lat="34.212420000" lon="-111.702770000">
        <ele>719</ele>
      </trkpt>
      <trkpt lat="34.212490000" lon="-111.702860000">
        <ele>721</ele>
      </trkpt>
      <trkpt lat="34.212480000" lon="-111.702930000">
        <ele>721</ele>
      </trkpt>
      <trkpt lat="34.212500000" lon="-111.703260000">
        <ele>721</ele>
      </trkpt>
      <trkpt lat="34.212540000" lon="-111.703310000">
        <ele>721</ele>
      </trkpt>
      <trkpt lat="34.212590000" lon="-111.703350000">
        <ele>721</ele>
      </trkpt>
      <trkpt lat="34.212650000" lon="-111.703460000">
        <ele>722</ele>
      </trkpt>
      <trkpt lat="34.212750000" lon="-111.703710000">
        <ele>721</ele>
      </trkpt>
      <trkpt lat="34.212770000" lon="-111.703830000">
        <ele>719</ele>
      </trkpt>
      <trkpt lat="34.212880000" lon="-111.703870000">
        <ele>716</ele>
      </trkpt>
      <trkpt lat="34.212790000" lon="-111.704050000">
        <ele>713</ele>
      </trkpt>
      <trkpt lat="34.212930000" lon="-111.703960000">
        <ele>713</ele>
      </trkpt>
      <trkpt lat="34.212960000" lon="-111.703970000">
        <ele>713</ele>
      </trkpt>
      <trkpt lat="34.213090000" lon="-111.704070000">
        <ele>712</ele>
      </trkpt>
      <trkpt lat="34.213030000" lon="-111.704180000">
        <ele>712</ele>
      </trkpt>
      <trkpt lat="34.213090000" lon="-111.704250000">
        <ele>711</ele>
      </trkpt>
      <trkpt lat="34.213120000" lon="-111.704240000">
        <ele>711</ele>
      </trkpt>
      <trkpt lat="34.213150000" lon="-111.704200000">
        <ele>711</ele>
      </trkpt>
      <trkpt lat="34.213500000" lon="-111.704490000">
        <ele>709</ele>
      </trkpt>
      <trkpt lat="34.213680000" lon="-111.704550000">
        <ele>708</ele>
      </trkpt>
      <trkpt lat="34.213720000" lon="-111.704590000">
        <ele>708</ele>
      </trkpt>
      <trkpt lat="34.213830000" lon="-111.704600000">
        <ele>708</ele>
      </trkpt>
      <trkpt lat="34.213900000" lon="-111.704580000">
        <ele>708</ele>
      </trkpt>
      <trkpt lat="34.213940000" lon="-111.704640000">
        <ele>707</ele>
      </trkpt>
      <trkpt lat="34.213690000" lon="-111.704730000">
        <ele>708</ele>
      </trkpt>
      <trkpt lat="34.213610000" lon="-111.704730000">
        <ele>707</ele>
      </trkpt>
      <trkpt lat="34.213600000" lon="-111.704750000">
        <ele>707</ele>
      </trkpt>
      <trkpt lat="34.213590000" lon="-111.704780000">
        <ele>707</ele>
      </trkpt>
      <trkpt lat="34.213680000" lon="-111.704820000">
        <ele>707</ele>
      </trkpt>
      <trkpt lat="34.213670000" lon="-111.704860000">
        <ele>707</ele>
      </trkpt>
      <trkpt lat="34.213670000" lon="-111.704800000">
        <ele>707</ele>
      </trkpt>
      <trkpt lat="34.213620000" lon="-111.704790000">
        <ele>707</ele>
      </trkpt>
      <trkpt lat="34.213630000" lon="-111.704740000">
        <ele>707</ele>
      </trkpt>
      <trkpt lat="34.213680000" lon="-111.704710000">
        <ele>708</ele>
      </trkpt>
      <trkpt lat="34.213780000" lon="-111.704720000">
        <ele>708</ele>
      </trkpt>
      <trkpt lat="34.213850000" lon="-111.704670000">
        <ele>708</ele>
      </trkpt>
      <trkpt lat="34.213920000" lon="-111.704680000">
        <ele>707</ele>
      </trkpt>
      <trkpt lat="34.213890000" lon="-111.704730000">
        <ele>707</ele>
      </trkpt>
      <trkpt lat="34.213920000" lon="-111.704790000">
        <ele>707</ele>
      </trkpt>
      <trkpt lat="34.213960000" lon="-111.704820000">
        <ele>707</ele>
      </trkpt>
      <trkpt lat="34.213950000" lon="-111.704790000">
        <ele>707</ele>
      </trkpt>
      <trkpt lat="34.213870000" lon="-111.704840000">
        <ele>707</ele>
      </trkpt>
      <trkpt lat="34.213840000" lon="-111.704840000">
        <ele>707</ele>
      </trkpt>
      <trkpt lat="34.213830000" lon="-111.704810000">
        <ele>707</ele>
      </trkpt>
      <trkpt lat="34.213810000" lon="-111.704870000">
        <ele>707</ele>
      </trkpt>
      <trkpt lat="34.213840000" lon="-111.704920000">
        <ele>707</ele>
      </trkpt>
      <trkpt lat="34.213810000" lon="-111.704870000">
        <ele>707</ele>
      </trkpt>
      <trkpt lat="34.213770000" lon="-111.704910000">
        <ele>707</ele>
      </trkpt>
      <trkpt lat="34.213740000" lon="-111.704890000">
        <ele>707</ele>
      </trkpt>
      <trkpt lat="34.213720000" lon="-111.704900000">
        <ele>707</ele>
      </trkpt>
      <trkpt lat="34.213730000" lon="-111.704920000">
        <ele>707</ele>
      </trkpt>
      <trkpt lat="34.213720000" lon="-111.704940000">
        <ele>707</ele>
      </trkpt>
      <trkpt lat="34.213680000" lon="-111.704940000">
        <ele>707</ele>
      </trkpt>
      <trkpt lat="34.213590000" lon="-111.704870000">
        <ele>707</ele>
      </trkpt>
      <trkpt lat="34.213500000" lon="-111.704870000">
        <ele>707</ele>
      </trkpt>
      <trkpt lat="34.213520000" lon="-111.704880000">
        <ele>707</ele>
      </trkpt>
      <trkpt lat="34.213520000" lon="-111.704840000">
        <ele>707</ele>
      </trkpt>
      <trkpt lat="34.213540000" lon="-111.704830000">
        <ele>707</ele>
      </trkpt>
      <trkpt lat="34.213560000" lon="-111.704850000">
        <ele>707</ele>
      </trkpt>
      <trkpt lat="34.213550000" lon="-111.704870000">
        <ele>707</ele>
      </trkpt>
      <trkpt lat="34.213510000" lon="-111.704910000">
        <ele>707</ele>
      </trkpt>
      <trkpt lat="34.213470000" lon="-111.704870000">
        <ele>707</ele>
      </trkpt>
      <trkpt lat="34.213410000" lon="-111.704880000">
        <ele>707</ele>
      </trkpt>
      <trkpt lat="34.213300000" lon="-111.704850000">
        <ele>707</ele>
      </trkpt>
      <trkpt lat="34.213270000" lon="-111.704860000">
        <ele>707</ele>
      </trkpt>
      <trkpt lat="34.213270000" lon="-111.704900000">
        <ele>707</ele>
      </trkpt>
      <trkpt lat="34.213340000" lon="-111.704860000">
        <ele>707</ele>
      </trkpt>
      <trkpt lat="34.213350000" lon="-111.704900000">
        <ele>707</ele>
      </trkpt>
      <trkpt lat="34.213400000" lon="-111.704920000">
        <ele>707</ele>
      </trkpt>
      <trkpt lat="34.213350000" lon="-111.704910000">
        <ele>707</ele>
      </trkpt>
      <trkpt lat="34.213330000" lon="-111.704950000">
        <ele>707</ele>
      </trkpt>
      <trkpt lat="34.213330000" lon="-111.704920000">
        <ele>707</ele>
      </trkpt>
      <trkpt lat="34.213380000" lon="-111.704920000">
        <ele>707</ele>
      </trkpt>
      <trkpt lat="34.213330000" lon="-111.704950000">
        <ele>707</ele>
      </trkpt>
      <trkpt lat="34.213360000" lon="-111.704930000">
        <ele>707</ele>
      </trkpt>
      <trkpt lat="34.213380000" lon="-111.704940000">
        <ele>707</ele>
      </trkpt>
      <trkpt lat="34.213350000" lon="-111.704990000">
        <ele>707</ele>
      </trkpt>
      <trkpt lat="34.213370000" lon="-111.704960000">
        <ele>707</ele>
      </trkpt>
      <trkpt lat="34.213350000" lon="-111.704970000">
        <ele>707</ele>
      </trkpt>
      <trkpt lat="34.213370000" lon="-111.704940000">
        <ele>707</ele>
      </trkpt>
      <trkpt lat="34.213360000" lon="-111.704900000">
        <ele>707</ele>
      </trkpt>
      <trkpt lat="34.213400000" lon="-111.704850000">
        <ele>707</ele>
      </trkpt>
      <trkpt lat="34.213540000" lon="-111.704760000">
        <ele>707</ele>
      </trkpt>
      <trkpt lat="34.213570000" lon="-111.704760000">
        <ele>707</ele>
      </trkpt>
      <trkpt lat="34.213630000" lon="-111.704700000">
        <ele>708</ele>
      </trkpt>
      <trkpt lat="34.213810000" lon="-111.704710000">
        <ele>708</ele>
      </trkpt>
      <trkpt lat="34.213950000" lon="-111.704650000">
        <ele>707</ele>
      </trkpt>
      <trkpt lat="34.214000000" lon="-111.704610000">
        <ele>708</ele>
      </trkpt>
      <trkpt lat="34.214270000" lon="-111.704580000">
        <ele>707</ele>
      </trkpt>
      <trkpt lat="34.214340000" lon="-111.704540000">
        <ele>708</ele>
      </trkpt>
      <trkpt lat="34.214410000" lon="-111.704550000">
        <ele>707</ele>
      </trkpt>
      <trkpt lat="34.214480000" lon="-111.704510000">
        <ele>707</ele>
      </trkpt>
      <trkpt lat="34.214530000" lon="-111.704580000">
        <ele>708</ele>
      </trkpt>
      <trkpt lat="34.214560000" lon="-111.704570000">
        <ele>708</ele>
      </trkpt>
      <trkpt lat="34.214580000" lon="-111.704610000">
        <ele>708</ele>
      </trkpt>
      <trkpt lat="34.214600000" lon="-111.704580000">
        <ele>708</ele>
      </trkpt>
      <trkpt lat="34.214620000" lon="-111.704600000">
        <ele>708</ele>
      </trkpt>
      <trkpt lat="34.214700000" lon="-111.704510000">
        <ele>708</ele>
      </trkpt>
      <trkpt lat="34.214750000" lon="-111.704530000">
        <ele>708</ele>
      </trkpt>
      <trkpt lat="34.214900000" lon="-111.704370000">
        <ele>707</ele>
      </trkpt>
      <trkpt lat="34.214810000" lon="-111.704420000">
        <ele>707</ele>
      </trkpt>
      <trkpt lat="34.214750000" lon="-111.704400000">
        <ele>707</ele>
      </trkpt>
      <trkpt lat="34.214700000" lon="-111.704430000">
        <ele>707</ele>
      </trkpt>
      <trkpt lat="34.214520000" lon="-111.704440000">
        <ele>707</ele>
      </trkpt>
      <trkpt lat="34.214480000" lon="-111.704490000">
        <ele>707</ele>
      </trkpt>
      <trkpt lat="34.214400000" lon="-111.704540000">
        <ele>707</ele>
      </trkpt>
      <trkpt lat="34.214000000" lon="-111.704610000">
        <ele>707</ele>
      </trkpt>
      <trkpt lat="34.213870000" lon="-111.704680000">
        <ele>707</ele>
      </trkpt>
      <trkpt lat="34.213920000" lon="-111.704780000">
        <ele>707</ele>
      </trkpt>
      <trkpt lat="34.213940000" lon="-111.704800000">
        <ele>707</ele>
      </trkpt>
      <trkpt lat="34.213920000" lon="-111.704820000">
        <ele>707</ele>
      </trkpt>
      <trkpt lat="34.213920000" lon="-111.704890000">
        <ele>707</ele>
      </trkpt>
      <trkpt lat="34.213950000" lon="-111.704880000">
        <ele>707</ele>
      </trkpt>
      <trkpt lat="34.213910000" lon="-111.704840000">
        <ele>707</ele>
      </trkpt>
      <trkpt lat="34.213890000" lon="-111.704860000">
        <ele>707</ele>
      </trkpt>
      <trkpt lat="34.213940000" lon="-111.704840000">
        <ele>707</ele>
      </trkpt>
      <trkpt lat="34.214280000" lon="-111.705240000">
        <ele>708</ele>
      </trkpt>
      <trkpt lat="34.214040000" lon="-111.705020000">
        <ele>707</ele>
      </trkpt>
      <trkpt lat="34.214040000" lon="-111.705050000">
        <ele>707</ele>
      </trkpt>
      <trkpt lat="34.214060000" lon="-111.705040000">
        <ele>707</ele>
      </trkpt>
      <trkpt lat="34.214000000" lon="-111.705090000">
        <ele>707</ele>
      </trkpt>
      <trkpt lat="34.213950000" lon="-111.705080000">
        <ele>707</ele>
      </trkpt>
      <trkpt lat="34.213930000" lon="-111.705140000">
        <ele>707</ele>
      </trkpt>
      <trkpt lat="34.213750000" lon="-111.705160000">
        <ele>707</ele>
      </trkpt>
      <trkpt lat="34.213740000" lon="-111.705190000">
        <ele>706</ele>
      </trkpt>
      <trkpt lat="34.213530000" lon="-111.705350000">
        <ele>706</ele>
      </trkpt>
      <trkpt lat="34.213540000" lon="-111.705320000">
        <ele>706</ele>
      </trkpt>
      <trkpt lat="34.213570000" lon="-111.705350000">
        <ele>706</ele>
      </trkpt>
      <trkpt lat="34.213590000" lon="-111.705310000">
        <ele>706</ele>
      </trkpt>
      <trkpt lat="34.213660000" lon="-111.705320000">
        <ele>706</ele>
      </trkpt>
      <trkpt lat="34.213690000" lon="-111.705330000">
        <ele>706</ele>
      </trkpt>
      <trkpt lat="34.213690000" lon="-111.705370000">
        <ele>706</ele>
      </trkpt>
      <trkpt lat="34.213720000" lon="-111.705360000">
        <ele>706</ele>
      </trkpt>
      <trkpt lat="34.213740000" lon="-111.705380000">
        <ele>706</ele>
      </trkpt>
      <trkpt lat="34.213730000" lon="-111.705410000">
        <ele>706</ele>
      </trkpt>
      <trkpt lat="34.213780000" lon="-111.705390000">
        <ele>706</ele>
      </trkpt>
      <trkpt lat="34.213700000" lon="-111.705420000">
        <ele>706</ele>
      </trkpt>
      <trkpt lat="34.213560000" lon="-111.705390000">
        <ele>706</ele>
      </trkpt>
      <trkpt lat="34.213540000" lon="-111.705450000">
        <ele>706</ele>
      </trkpt>
      <trkpt lat="34.213540000" lon="-111.705410000">
        <ele>706</ele>
      </trkpt>
      <trkpt lat="34.213620000" lon="-111.705390000">
        <ele>706</ele>
      </trkpt>
      <trkpt lat="34.213710000" lon="-111.705420000">
        <ele>706</ele>
      </trkpt>
      <trkpt lat="34.213730000" lon="-111.705470000">
        <ele>706</ele>
      </trkpt>
      <trkpt lat="34.213680000" lon="-111.705490000">
        <ele>706</ele>
      </trkpt>
      <trkpt lat="34.213710000" lon="-111.705540000">
        <ele>706</ele>
      </trkpt>
      <trkpt lat="34.213700000" lon="-111.705570000">
        <ele>707</ele>
      </trkpt>
      <trkpt lat="34.213700000" lon="-111.705450000">
        <ele>706</ele>
      </trkpt>
      <trkpt lat="34.213730000" lon="-111.705460000">
        <ele>706</ele>
      </trkpt>
      <trkpt lat="34.213690000" lon="-111.705460000">
        <ele>706</ele>
      </trkpt>
      <trkpt lat="34.213510000" lon="-111.705590000">
        <ele>707</ele>
      </trkpt>
      <trkpt lat="34.213730000" lon="-111.705570000">
        <ele>707</ele>
      </trkpt>
      <trkpt lat="34.213700000" lon="-111.705530000">
        <ele>706</ele>
      </trkpt>
      <trkpt lat="34.213680000" lon="-111.705540000">
        <ele>707</ele>
      </trkpt>
      <trkpt lat="34.213730000" lon="-111.705500000">
        <ele>706</ele>
      </trkpt>
      <trkpt lat="34.213690000" lon="-111.705610000">
        <ele>707</ele>
      </trkpt>
      <trkpt lat="34.214440000" lon="-111.705990000">
        <ele>708</ele>
      </trkpt>
      <trkpt lat="34.214610000" lon="-111.705970000">
        <ele>709</ele>
      </trkpt>
      <trkpt lat="34.214650000" lon="-111.706020000">
        <ele>709</ele>
      </trkpt>
      <trkpt lat="34.214730000" lon="-111.705980000">
        <ele>709</ele>
      </trkpt>
      <trkpt lat="34.214800000" lon="-111.706000000">
        <ele>710</ele>
      </trkpt>
      <trkpt lat="34.214920000" lon="-111.706090000">
        <ele>710</ele>
      </trkpt>
      <trkpt lat="34.214910000" lon="-111.706160000">
        <ele>711</ele>
      </trkpt>
      <trkpt lat="34.214930000" lon="-111.706190000">
        <ele>711</ele>
      </trkpt>
      <trkpt lat="34.214950000" lon="-111.706190000">
        <ele>711</ele>
      </trkpt>
      <trkpt lat="34.214970000" lon="-111.706250000">
        <ele>711</ele>
      </trkpt>
      <trkpt lat="34.214920000" lon="-111.706330000">
        <ele>711</ele>
      </trkpt>
      <trkpt lat="34.214940000" lon="-111.706420000">
        <ele>711</ele>
      </trkpt>
      <trkpt lat="34.214980000" lon="-111.706460000">
        <ele>711</ele>
      </trkpt>
      <trkpt lat="34.215050000" lon="-111.706440000">
        <ele>712</ele>
      </trkpt>
      <trkpt lat="34.215120000" lon="-111.706500000">
        <ele>712</ele>
      </trkpt>
      <trkpt lat="34.215210000" lon="-111.706440000">
        <ele>713</ele>
      </trkpt>
      <trkpt lat="34.215330000" lon="-111.706510000">
        <ele>713</ele>
      </trkpt>
      <trkpt lat="34.215400000" lon="-111.706660000">
        <ele>713</ele>
      </trkpt>
      <trkpt lat="34.215410000" lon="-111.706870000">
        <ele>717</ele>
      </trkpt>
      <trkpt lat="34.215520000" lon="-111.707000000">
        <ele>720</ele>
      </trkpt>
      <trkpt lat="34.215570000" lon="-111.707190000">
        <ele>724</ele>
      </trkpt>
      <trkpt lat="34.215590000" lon="-111.707200000">
        <ele>724</ele>
      </trkpt>
      <trkpt lat="34.215620000" lon="-111.707270000">
        <ele>726</ele>
      </trkpt>
      <trkpt lat="34.215600000" lon="-111.707300000">
        <ele>726</ele>
      </trkpt>
      <trkpt lat="34.215690000" lon="-111.707430000">
        <ele>729</ele>
      </trkpt>
      <trkpt lat="34.215530000" lon="-111.707190000">
        <ele>724</ele>
      </trkpt>
      <trkpt lat="34.215400000" lon="-111.707260000">
        <ele>727</ele>
      </trkpt>
      <trkpt lat="34.215260000" lon="-111.707380000">
        <ele>733</ele>
      </trkpt>
      <trkpt lat="34.215250000" lon="-111.707350000">
        <ele>732</ele>
      </trkpt>
      <trkpt lat="34.215220000" lon="-111.707360000">
        <ele>733</ele>
      </trkpt>
      <trkpt lat="34.215170000" lon="-111.707410000">
        <ele>736</ele>
      </trkpt>
      <trkpt lat="34.215080000" lon="-111.707440000">
        <ele>738</ele>
      </trkpt>
      <trkpt lat="34.214940000" lon="-111.707540000">
        <ele>744</ele>
      </trkpt>
      <trkpt lat="34.214760000" lon="-111.707630000">
        <ele>747</ele>
      </trkpt>
      <trkpt lat="34.214630000" lon="-111.707780000">
        <ele>752</ele>
      </trkpt>
      <trkpt lat="34.214450000" lon="-111.707890000">
        <ele>755</ele>
      </trkpt>
      <trkpt lat="34.214340000" lon="-111.707990000">
        <ele>757</ele>
      </trkpt>
      <trkpt lat="34.214050000" lon="-111.708090000">
        <ele>765</ele>
      </trkpt>
      <trkpt lat="34.213980000" lon="-111.708050000">
        <ele>766</ele>
      </trkpt>
      <trkpt lat="34.213950000" lon="-111.708060000">
        <ele>767</ele>
      </trkpt>
      <trkpt lat="34.213920000" lon="-111.708040000">
        <ele>768</ele>
      </trkpt>
      <trkpt lat="34.213780000" lon="-111.708020000">
        <ele>769</ele>
      </trkpt>
      <trkpt lat="34.213750000" lon="-111.707990000">
        <ele>769</ele>
      </trkpt>
      <trkpt lat="34.213760000" lon="-111.707850000">
        <ele>766</ele>
      </trkpt>
      <trkpt lat="34.213780000" lon="-111.707820000">
        <ele>765</ele>
      </trkpt>
      <trkpt lat="34.213820000" lon="-111.707960000">
        <ele>769</ele>
      </trkpt>
      <trkpt lat="34.213670000" lon="-111.708270000">
        <ele>764</ele>
      </trkpt>
      <trkpt lat="34.213640000" lon="-111.708510000">
        <ele>766</ele>
      </trkpt>
      <trkpt lat="34.213400000" lon="-111.708620000">
        <ele>766</ele>
      </trkpt>
      <trkpt lat="34.213400000" lon="-111.708650000">
        <ele>766</ele>
      </trkpt>
      <trkpt lat="34.213310000" lon="-111.708680000">
        <ele>766</ele>
      </trkpt>
      <trkpt lat="34.213260000" lon="-111.708770000">
        <ele>767</ele>
      </trkpt>
      <trkpt lat="34.213200000" lon="-111.708770000">
        <ele>768</ele>
      </trkpt>
      <trkpt lat="34.213180000" lon="-111.708740000">
        <ele>768</ele>
      </trkpt>
      <trkpt lat="34.213170000" lon="-111.708710000">
        <ele>769</ele>
      </trkpt>
      <trkpt lat="34.213200000" lon="-111.708570000">
        <ele>769</ele>
      </trkpt>
      <trkpt lat="34.213160000" lon="-111.708530000">
        <ele>771</ele>
      </trkpt>
      <trkpt lat="34.213230000" lon="-111.708280000">
        <ele>768</ele>
      </trkpt>
      <trkpt lat="34.213170000" lon="-111.708210000">
        <ele>770</ele>
      </trkpt>
      <trkpt lat="34.213070000" lon="-111.707950000">
        <ele>770</ele>
      </trkpt>
      <trkpt lat="34.212970000" lon="-111.707890000">
        <ele>771</ele>
      </trkpt>
      <trkpt lat="34.212880000" lon="-111.707780000">
        <ele>770</ele>
      </trkpt>
      <trkpt lat="34.212830000" lon="-111.707800000">
        <ele>770</ele>
      </trkpt>
      <trkpt lat="34.212760000" lon="-111.707750000">
        <ele>770</ele>
      </trkpt>
      <trkpt lat="34.212730000" lon="-111.707660000">
        <ele>770</ele>
      </trkpt>
      <trkpt lat="34.212720000" lon="-111.707500000">
        <ele>768</ele>
      </trkpt>
      <trkpt lat="34.212780000" lon="-111.707630000">
        <ele>770</ele>
      </trkpt>
      <trkpt lat="34.212780000" lon="-111.707700000">
        <ele>770</ele>
      </trkpt>
      <trkpt lat="34.212590000" lon="-111.707820000">
        <ele>769</ele>
      </trkpt>
      <trkpt lat="34.212530000" lon="-111.707890000">
        <ele>769</ele>
      </trkpt>
      <trkpt lat="34.212510000" lon="-111.707830000">
        <ele>768</ele>
      </trkpt>
      <trkpt lat="34.212570000" lon="-111.707760000">
        <ele>769</ele>
      </trkpt>
      <trkpt lat="34.212480000" lon="-111.707690000">
        <ele>768</ele>
      </trkpt>
      <trkpt lat="34.212460000" lon="-111.707630000">
        <ele>768</ele>
      </trkpt>
      <trkpt lat="34.212370000" lon="-111.707640000">
        <ele>768</ele>
      </trkpt>
      <trkpt lat="34.212320000" lon="-111.707680000">
        <ele>768</ele>
      </trkpt>
      <trkpt lat="34.212240000" lon="-111.707670000">
        <ele>768</ele>
      </trkpt>
      <trkpt lat="34.212160000" lon="-111.707590000">
        <ele>768</ele>
      </trkpt>
      <trkpt lat="34.212060000" lon="-111.707530000">
        <ele>767</ele>
      </trkpt>
      <trkpt lat="34.211880000" lon="-111.707500000">
        <ele>766</ele>
      </trkpt>
      <trkpt lat="34.211870000" lon="-111.707570000">
        <ele>767</ele>
      </trkpt>
      <trkpt lat="34.211650000" lon="-111.707730000">
        <ele>766</ele>
      </trkpt>
      <trkpt lat="34.211450000" lon="-111.707950000">
        <ele>766</ele>
      </trkpt>
      <trkpt lat="34.211310000" lon="-111.707970000">
        <ele>765</ele>
      </trkpt>
      <trkpt lat="34.211290000" lon="-111.708000000">
        <ele>765</ele>
      </trkpt>
      <trkpt lat="34.211320000" lon="-111.708090000">
        <ele>766</ele>
      </trkpt>
      <trkpt lat="34.211320000" lon="-111.708190000">
        <ele>767</ele>
      </trkpt>
      <trkpt lat="34.211300000" lon="-111.708240000">
        <ele>767</ele>
      </trkpt>
      <trkpt lat="34.211250000" lon="-111.708290000">
        <ele>767</ele>
      </trkpt>
      <trkpt lat="34.211230000" lon="-111.708350000">
        <ele>768</ele>
      </trkpt>
      <trkpt lat="34.211230000" lon="-111.708410000">
        <ele>768</ele>
      </trkpt>
      <trkpt lat="34.211260000" lon="-111.708450000">
        <ele>768</ele>
      </trkpt>
      <trkpt lat="34.211270000" lon="-111.708520000">
        <ele>768</ele>
      </trkpt>
      <trkpt lat="34.211250000" lon="-111.708720000">
        <ele>768</ele>
      </trkpt>
      <trkpt lat="34.211200000" lon="-111.708960000">
        <ele>768</ele>
      </trkpt>
      <trkpt lat="34.211110000" lon="-111.709110000">
        <ele>769</ele>
      </trkpt>
      <trkpt lat="34.210940000" lon="-111.709240000">
        <ele>773</ele>
      </trkpt>
      <trkpt lat="34.210920000" lon="-111.709310000">
        <ele>775</ele>
      </trkpt>
      <trkpt lat="34.210890000" lon="-111.709290000">
        <ele>775</ele>
      </trkpt>
      <trkpt lat="34.210840000" lon="-111.709320000">
        <ele>776</ele>
      </trkpt>
      <trkpt lat="34.210790000" lon="-111.709280000">
        <ele>776</ele>
      </trkpt>
      <trkpt lat="34.210740000" lon="-111.709280000">
        <ele>777</ele>
      </trkpt>
      <trkpt lat="34.210640000" lon="-111.709300000">
        <ele>779</ele>
      </trkpt>
      <trkpt lat="34.210500000" lon="-111.709240000">
        <ele>780</ele>
      </trkpt>
      <trkpt lat="34.210430000" lon="-111.709250000">
        <ele>781</ele>
      </trkpt>
      <trkpt lat="34.210100000" lon="-111.709240000">
        <ele>781</ele>
      </trkpt>
      <trkpt lat="34.209860000" lon="-111.709340000">
        <ele>781</ele>
      </trkpt>
      <trkpt lat="34.209760000" lon="-111.709410000">
        <ele>780</ele>
      </trkpt>
      <trkpt lat="34.209720000" lon="-111.709470000">
        <ele>780</ele>
      </trkpt>
      <trkpt lat="34.209550000" lon="-111.709560000">
        <ele>779</ele>
      </trkpt>
      <trkpt lat="34.209440000" lon="-111.709590000">
        <ele>779</ele>
      </trkpt>
      <trkpt lat="34.209360000" lon="-111.709570000">
        <ele>778</ele>
      </trkpt>
      <trkpt lat="34.208900000" lon="-111.709660000">
        <ele>774</ele>
      </trkpt>
      <trkpt lat="34.208820000" lon="-111.709650000">
        <ele>773</ele>
      </trkpt>
      <trkpt lat="34.208770000" lon="-111.709590000">
        <ele>772</ele>
      </trkpt>
      <trkpt lat="34.208710000" lon="-111.709560000">
        <ele>771</ele>
      </trkpt>
      <trkpt lat="34.208770000" lon="-111.709640000">
        <ele>772</ele>
      </trkpt>
      <trkpt lat="34.208860000" lon="-111.709810000">
        <ele>775</ele>
      </trkpt>
      <trkpt lat="34.208890000" lon="-111.710020000">
        <ele>778</ele>
      </trkpt>
      <trkpt lat="34.208850000" lon="-111.710080000">
        <ele>778</ele>
      </trkpt>
      <trkpt lat="34.208780000" lon="-111.710120000">
        <ele>777</ele>
      </trkpt>
      <trkpt lat="34.208750000" lon="-111.710170000">
        <ele>778</ele>
      </trkpt>
      <trkpt lat="34.208590000" lon="-111.710320000">
        <ele>779</ele>
      </trkpt>
      <trkpt lat="34.208530000" lon="-111.710320000">
        <ele>779</ele>
      </trkpt>
      <trkpt lat="34.208310000" lon="-111.710440000">
        <ele>780</ele>
      </trkpt>
      <trkpt lat="34.208250000" lon="-111.710520000">
        <ele>780</ele>
      </trkpt>
      <trkpt lat="34.208200000" lon="-111.710530000">
        <ele>780</ele>
      </trkpt>
      <trkpt lat="34.208090000" lon="-111.710640000">
        <ele>780</ele>
      </trkpt>
      <trkpt lat="34.208060000" lon="-111.710640000">
        <ele>780</ele>
      </trkpt>
      <trkpt lat="34.207910000" lon="-111.710760000">
        <ele>780</ele>
      </trkpt>
      <trkpt lat="34.207910000" lon="-111.710870000">
        <ele>780</ele>
      </trkpt>
      <trkpt lat="34.207930000" lon="-111.710950000">
        <ele>780</ele>
      </trkpt>
      <trkpt lat="34.207910000" lon="-111.710970000">
        <ele>780</ele>
      </trkpt>
      <trkpt lat="34.207810000" lon="-111.710880000">
        <ele>780</ele>
      </trkpt>
      <trkpt lat="34.207770000" lon="-111.710830000">
        <ele>780</ele>
      </trkpt>
      <trkpt lat="34.207660000" lon="-111.710830000">
        <ele>780</ele>
      </trkpt>
      <trkpt lat="34.207580000" lon="-111.710770000">
        <ele>780</ele>
      </trkpt>
      <trkpt lat="34.207510000" lon="-111.710770000">
        <ele>780</ele>
      </trkpt>
      <trkpt lat="34.207500000" lon="-111.710680000">
        <ele>780</ele>
      </trkpt>
      <trkpt lat="34.207530000" lon="-111.710730000">
        <ele>780</ele>
      </trkpt>
      <trkpt lat="34.207520000" lon="-111.710800000">
        <ele>780</ele>
      </trkpt>
      <trkpt lat="34.207440000" lon="-111.710850000">
        <ele>781</ele>
      </trkpt>
      <trkpt lat="34.207320000" lon="-111.710970000">
        <ele>781</ele>
      </trkpt>
      <trkpt lat="34.207240000" lon="-111.710970000">
        <ele>781</ele>
      </trkpt>
      <trkpt lat="34.207170000" lon="-111.711030000">
        <ele>781</ele>
      </trkpt>
      <trkpt lat="34.207080000" lon="-111.711060000">
        <ele>780</ele>
      </trkpt>
      <trkpt lat="34.206980000" lon="-111.711130000">
        <ele>780</ele>
      </trkpt>
      <trkpt lat="34.206820000" lon="-111.711250000">
        <ele>781</ele>
      </trkpt>
      <trkpt lat="34.206780000" lon="-111.711330000">
        <ele>781</ele>
      </trkpt>
      <trkpt lat="34.206530000" lon="-111.711510000">
        <ele>782</ele>
      </trkpt>
      <trkpt lat="34.206510000" lon="-111.711580000">
        <ele>783</ele>
      </trkpt>
      <trkpt lat="34.206470000" lon="-111.711610000">
        <ele>784</ele>
      </trkpt>
      <trkpt lat="34.206180000" lon="-111.711690000">
        <ele>786</ele>
      </trkpt>
      <trkpt lat="34.205890000" lon="-111.711660000">
        <ele>785</ele>
      </trkpt>
      <trkpt lat="34.205690000" lon="-111.711700000">
        <ele>787</ele>
      </trkpt>
      <trkpt lat="34.205460000" lon="-111.711870000">
        <ele>791</ele>
      </trkpt>
      <trkpt lat="34.205360000" lon="-111.711850000">
        <ele>791</ele>
      </trkpt>
      <trkpt lat="34.205220000" lon="-111.711880000">
        <ele>793</ele>
      </trkpt>
      <trkpt lat="34.205100000" lon="-111.711820000">
        <ele>792</ele>
      </trkpt>
      <trkpt lat="34.205010000" lon="-111.711880000">
        <ele>793</ele>
      </trkpt>
      <trkpt lat="34.204940000" lon="-111.711860000">
        <ele>792</ele>
      </trkpt>
      <trkpt lat="34.204780000" lon="-111.711890000">
        <ele>791</ele>
      </trkpt>
      <trkpt lat="34.204710000" lon="-111.711940000">
        <ele>792</ele>
      </trkpt>
      <trkpt lat="34.204680000" lon="-111.712000000">
        <ele>792</ele>
      </trkpt>
      <trkpt lat="34.204590000" lon="-111.712080000">
        <ele>792</ele>
      </trkpt>
      <trkpt lat="34.204560000" lon="-111.712170000">
        <ele>794</ele>
      </trkpt>
      <trkpt lat="34.204450000" lon="-111.712270000">
        <ele>798</ele>
      </trkpt>
      <trkpt lat="34.204400000" lon="-111.712390000">
        <ele>801</ele>
      </trkpt>
      <trkpt lat="34.204320000" lon="-111.712440000">
        <ele>802</ele>
      </trkpt>
      <trkpt lat="34.204250000" lon="-111.712450000">
        <ele>802</ele>
      </trkpt>
      <trkpt lat="34.204180000" lon="-111.712520000">
        <ele>803</ele>
      </trkpt>
      <trkpt lat="34.203880000" lon="-111.712620000">
        <ele>805</ele>
      </trkpt>
      <trkpt lat="34.203880000" lon="-111.712680000">
        <ele>805</ele>
      </trkpt>
      <trkpt lat="34.203820000" lon="-111.712750000">
        <ele>805</ele>
      </trkpt>
      <trkpt lat="34.203730000" lon="-111.712730000">
        <ele>805</ele>
      </trkpt>
      <trkpt lat="34.203510000" lon="-111.712770000">
        <ele>805</ele>
      </trkpt>
      <trkpt lat="34.203430000" lon="-111.712880000">
        <ele>805</ele>
      </trkpt>
      <trkpt lat="34.203410000" lon="-111.712960000">
        <ele>806</ele>
      </trkpt>
      <trkpt lat="34.203360000" lon="-111.713000000">
        <ele>806</ele>
      </trkpt>
      <trkpt lat="34.203180000" lon="-111.713140000">
        <ele>808</ele>
      </trkpt>
      <trkpt lat="34.203190000" lon="-111.713080000">
        <ele>808</ele>
      </trkpt>
      <trkpt lat="34.203250000" lon="-111.713010000">
        <ele>806</ele>
      </trkpt>
      <trkpt lat="34.203140000" lon="-111.713160000">
        <ele>809</ele>
      </trkpt>
      <trkpt lat="34.203070000" lon="-111.713230000">
        <ele>810</ele>
      </trkpt>
      <trkpt lat="34.202950000" lon="-111.713220000">
        <ele>810</ele>
      </trkpt>
      <trkpt lat="34.202870000" lon="-111.713260000">
        <ele>811</ele>
      </trkpt>
      <trkpt lat="34.202740000" lon="-111.713390000">
        <ele>814</ele>
      </trkpt>
      <trkpt lat="34.202710000" lon="-111.713490000">
        <ele>815</ele>
      </trkpt>
      <trkpt lat="34.202600000" lon="-111.713520000">
        <ele>816</ele>
      </trkpt>
      <trkpt lat="34.202520000" lon="-111.713650000">
        <ele>817</ele>
      </trkpt>
      <trkpt lat="34.202410000" lon="-111.713730000">
        <ele>819</ele>
      </trkpt>
      <trkpt lat="34.202220000" lon="-111.713820000">
        <ele>820</ele>
      </trkpt>
      <trkpt lat="34.202150000" lon="-111.713910000">
        <ele>822</ele>
      </trkpt>
      <trkpt lat="34.202100000" lon="-111.713940000">
        <ele>822</ele>
      </trkpt>
      <trkpt lat="34.202010000" lon="-111.713910000">
        <ele>821</ele>
      </trkpt>
      <trkpt lat="34.201950000" lon="-111.713940000">
        <ele>820</ele>
      </trkpt>
      <trkpt lat="34.201830000" lon="-111.714090000">
        <ele>821</ele>
      </trkpt>
      <trkpt lat="34.201800000" lon="-111.714100000">
        <ele>820</ele>
      </trkpt>
      <trkpt lat="34.201800000" lon="-111.714140000">
        <ele>820</ele>
      </trkpt>
      <trkpt lat="34.201660000" lon="-111.714220000">
        <ele>813</ele>
      </trkpt>
      <trkpt lat="34.201590000" lon="-111.714370000">
        <ele>812</ele>
      </trkpt>
      <trkpt lat="34.201460000" lon="-111.714410000">
        <ele>809</ele>
      </trkpt>
      <trkpt lat="34.201400000" lon="-111.714410000">
        <ele>808</ele>
      </trkpt>
      <trkpt lat="34.201110000" lon="-111.714230000">
        <ele>800</ele>
      </trkpt>
      <trkpt lat="34.201090000" lon="-111.714240000">
        <ele>799</ele>
      </trkpt>
      <trkpt lat="34.201010000" lon="-111.714410000">
        <ele>804</ele>
      </trkpt>
      <trkpt lat="34.200930000" lon="-111.714460000">
        <ele>804</ele>
      </trkpt>
      <trkpt lat="34.200720000" lon="-111.714380000">
        <ele>802</ele>
      </trkpt>
      <trkpt lat="34.200580000" lon="-111.714280000">
        <ele>796</ele>
      </trkpt>
      <trkpt lat="34.200550000" lon="-111.714280000">
        <ele>796</ele>
      </trkpt>
      <trkpt lat="34.200540000" lon="-111.714300000">
        <ele>797</ele>
      </trkpt>
      <trkpt lat="34.200580000" lon="-111.714330000">
        <ele>799</ele>
      </trkpt>
      <trkpt lat="34.200550000" lon="-111.714290000">
        <ele>796</ele>
      </trkpt>
      <trkpt lat="34.200490000" lon="-111.714350000">
        <ele>797</ele>
      </trkpt>
      <trkpt lat="34.200560000" lon="-111.714280000">
        <ele>796</ele>
      </trkpt>
      <trkpt lat="34.200580000" lon="-111.714310000">
        <ele>798</ele>
      </trkpt>
      <trkpt lat="34.200590000" lon="-111.714390000">
        <ele>801</ele>
      </trkpt>
      <trkpt lat="34.200470000" lon="-111.714600000">
        <ele>799</ele>
      </trkpt>
      <trkpt lat="34.200410000" lon="-111.714640000">
        <ele>799</ele>
      </trkpt>
      <trkpt lat="34.199990000" lon="-111.714720000">
        <ele>795</ele>
      </trkpt>
      <trkpt lat="34.199940000" lon="-111.714700000">
        <ele>795</ele>
      </trkpt>
      <trkpt lat="34.199870000" lon="-111.714630000">
        <ele>797</ele>
      </trkpt>
      <trkpt lat="34.199730000" lon="-111.714610000">
        <ele>801</ele>
      </trkpt>
      <trkpt lat="34.199620000" lon="-111.714640000">
        <ele>802</ele>
      </trkpt>
      <trkpt lat="34.199500000" lon="-111.714590000">
        <ele>797</ele>
      </trkpt>
      <trkpt lat="34.199340000" lon="-111.714640000">
        <ele>795</ele>
      </trkpt>
      <trkpt lat="34.199180000" lon="-111.714720000">
        <ele>792</ele>
      </trkpt>
      <trkpt lat="34.199060000" lon="-111.714850000">
        <ele>792</ele>
      </trkpt>
      <trkpt lat="34.199010000" lon="-111.714830000">
        <ele>791</ele>
      </trkpt>
      <trkpt lat="34.198940000" lon="-111.714850000">
        <ele>791</ele>
      </trkpt>
      <trkpt lat="34.198830000" lon="-111.714790000">
        <ele>791</ele>
      </trkpt>
      <trkpt lat="34.198720000" lon="-111.714760000">
        <ele>792</ele>
      </trkpt>
      <trkpt lat="34.198520000" lon="-111.714610000">
        <ele>787</ele>
      </trkpt>
      <trkpt lat="34.198370000" lon="-111.714540000">
        <ele>784</ele>
      </trkpt>
      <trkpt lat="34.198290000" lon="-111.714560000">
        <ele>784</ele>
      </trkpt>
      <trkpt lat="34.198180000" lon="-111.714650000">
        <ele>784</ele>
      </trkpt>
      <trkpt lat="34.198130000" lon="-111.714800000">
        <ele>783</ele>
      </trkpt>
      <trkpt lat="34.198070000" lon="-111.714870000">
        <ele>783</ele>
      </trkpt>
      <trkpt lat="34.197950000" lon="-111.714820000">
        <ele>780</ele>
      </trkpt>
      <trkpt lat="34.197870000" lon="-111.714840000">
        <ele>780</ele>
      </trkpt>
      <trkpt lat="34.197770000" lon="-111.714900000">
        <ele>782</ele>
      </trkpt>
      <trkpt lat="34.197720000" lon="-111.714880000">
        <ele>782</ele>
      </trkpt>
      <trkpt lat="34.197580000" lon="-111.714910000">
        <ele>783</ele>
      </trkpt>
      <trkpt lat="34.197460000" lon="-111.714890000">
        <ele>781</ele>
      </trkpt>
      <trkpt lat="34.197350000" lon="-111.714920000">
        <ele>779</ele>
      </trkpt>
      <trkpt lat="34.197320000" lon="-111.714970000">
        <ele>779</ele>
      </trkpt>
      <trkpt lat="34.197240000" lon="-111.714990000">
        <ele>777</ele>
      </trkpt>
      <trkpt lat="34.197170000" lon="-111.715080000">
        <ele>775</ele>
      </trkpt>
      <trkpt lat="34.197040000" lon="-111.715180000">
        <ele>771</ele>
      </trkpt>
      <trkpt lat="34.196970000" lon="-111.715290000">
        <ele>770</ele>
      </trkpt>
      <trkpt lat="34.196810000" lon="-111.715400000">
        <ele>768</ele>
      </trkpt>
      <trkpt lat="34.196760000" lon="-111.715480000">
        <ele>767</ele>
      </trkpt>
      <trkpt lat="34.196700000" lon="-111.715510000">
        <ele>766</ele>
      </trkpt>
      <trkpt lat="34.196560000" lon="-111.715640000">
        <ele>764</ele>
      </trkpt>
      <trkpt lat="34.196500000" lon="-111.715770000">
        <ele>764</ele>
      </trkpt>
      <trkpt lat="34.196370000" lon="-111.715900000">
        <ele>762</ele>
      </trkpt>
      <trkpt lat="34.196210000" lon="-111.715890000">
        <ele>761</ele>
      </trkpt>
      <trkpt lat="34.196180000" lon="-111.715920000">
        <ele>761</ele>
      </trkpt>
      <trkpt lat="34.196150000" lon="-111.715910000">
        <ele>760</ele>
      </trkpt>
      <trkpt lat="34.196100000" lon="-111.715950000">
        <ele>760</ele>
      </trkpt>
      <trkpt lat="34.196020000" lon="-111.715910000">
        <ele>759</ele>
      </trkpt>
      <trkpt lat="34.195960000" lon="-111.715910000">
        <ele>759</ele>
      </trkpt>
      <trkpt lat="34.195890000" lon="-111.716010000">
        <ele>758</ele>
      </trkpt>
      <trkpt lat="34.195820000" lon="-111.716060000">
        <ele>757</ele>
      </trkpt>
      <trkpt lat="34.195600000" lon="-111.716150000">
        <ele>755</ele>
      </trkpt>
      <trkpt lat="34.195560000" lon="-111.716190000">
        <ele>753</ele>
      </trkpt>
      <trkpt lat="34.195500000" lon="-111.716200000">
        <ele>752</ele>
      </trkpt>
      <trkpt lat="34.195220000" lon="-111.716350000">
        <ele>745</ele>
      </trkpt>
      <trkpt lat="34.195070000" lon="-111.716340000">
        <ele>744</ele>
      </trkpt>
      <trkpt lat="34.194920000" lon="-111.716290000">
        <ele>741</ele>
      </trkpt>
      <trkpt lat="34.194820000" lon="-111.716330000">
        <ele>736</ele>
      </trkpt>
      <trkpt lat="34.194720000" lon="-111.716450000">
        <ele>732</ele>
      </trkpt>
      <trkpt lat="34.194700000" lon="-111.716540000">
        <ele>732</ele>
      </trkpt>
      <trkpt lat="34.194640000" lon="-111.716580000">
        <ele>732</ele>
      </trkpt>
      <trkpt lat="34.194590000" lon="-111.716730000">
        <ele>735</ele>
      </trkpt>
      <trkpt lat="34.194480000" lon="-111.716640000">
        <ele>732</ele>
      </trkpt>
      <trkpt lat="34.194460000" lon="-111.716720000">
        <ele>734</ele>
      </trkpt>
      <trkpt lat="34.194480000" lon="-111.716710000">
        <ele>734</ele>
      </trkpt>
      <trkpt lat="34.194500000" lon="-111.716510000">
        <ele>731</ele>
      </trkpt>
      <trkpt lat="34.194530000" lon="-111.716450000">
        <ele>731</ele>
      </trkpt>
      <trkpt lat="34.194480000" lon="-111.716420000">
        <ele>731</ele>
      </trkpt>
      <trkpt lat="34.194370000" lon="-111.716430000">
        <ele>731</ele>
      </trkpt>
      <trkpt lat="34.194220000" lon="-111.716490000">
        <ele>732</ele>
      </trkpt>
      <trkpt lat="34.194050000" lon="-111.716460000">
        <ele>732</ele>
      </trkpt>
      <trkpt lat="34.194000000" lon="-111.716490000">
        <ele>732</ele>
      </trkpt>
      <trkpt lat="34.193900000" lon="-111.716400000">
        <ele>731</ele>
      </trkpt>
      <trkpt lat="34.193800000" lon="-111.716440000">
        <ele>731</ele>
      </trkpt>
      <trkpt lat="34.193690000" lon="-111.716430000">
        <ele>731</ele>
      </trkpt>
      <trkpt lat="34.193560000" lon="-111.716480000">
        <ele>731</ele>
      </trkpt>
      <trkpt lat="34.193380000" lon="-111.716420000">
        <ele>731</ele>
      </trkpt>
      <trkpt lat="34.193260000" lon="-111.716470000">
        <ele>730</ele>
      </trkpt>
      <trkpt lat="34.193240000" lon="-111.716550000">
        <ele>730</ele>
      </trkpt>
      <trkpt lat="34.193210000" lon="-111.716560000">
        <ele>730</ele>
      </trkpt>
      <trkpt lat="34.193170000" lon="-111.716520000">
        <ele>729</ele>
      </trkpt>
      <trkpt lat="34.193130000" lon="-111.716560000">
        <ele>729</ele>
      </trkpt>
      <trkpt lat="34.193020000" lon="-111.716580000">
        <ele>728</ele>
      </trkpt>
      <trkpt lat="34.192900000" lon="-111.716630000">
        <ele>728</ele>
      </trkpt>
      <trkpt lat="34.192790000" lon="-111.716590000">
        <ele>725</ele>
      </trkpt>
      <trkpt lat="34.192620000" lon="-111.716460000">
        <ele>720</ele>
      </trkpt>
      <trkpt lat="34.192520000" lon="-111.716460000">
        <ele>720</ele>
      </trkpt>
      <trkpt lat="34.192460000" lon="-111.716380000">
        <ele>719</ele>
      </trkpt>
      <trkpt lat="34.192470000" lon="-111.716500000">
        <ele>720</ele>
      </trkpt>
      <trkpt lat="34.192440000" lon="-111.716560000">
        <ele>721</ele>
      </trkpt>
      <trkpt lat="34.192420000" lon="-111.716570000">
        <ele>721</ele>
      </trkpt>
      <trkpt lat="34.192250000" lon="-111.716540000">
        <ele>720</ele>
      </trkpt>
      <trkpt lat="34.192200000" lon="-111.716460000">
        <ele>720</ele>
      </trkpt>
      <trkpt lat="34.192180000" lon="-111.716470000">
        <ele>720</ele>
      </trkpt>
      <trkpt lat="34.192100000" lon="-111.716410000">
        <ele>719</ele>
      </trkpt>
      <trkpt lat="34.192020000" lon="-111.716430000">
        <ele>720</ele>
      </trkpt>
      <trkpt lat="34.191910000" lon="-111.716410000">
        <ele>719</ele>
      </trkpt>
      <trkpt lat="34.191860000" lon="-111.716370000">
        <ele>719</ele>
      </trkpt>
      <trkpt lat="34.191880000" lon="-111.716440000">
        <ele>719</ele>
      </trkpt>
      <trkpt lat="34.191870000" lon="-111.716470000">
        <ele>720</ele>
      </trkpt>
      <trkpt lat="34.191810000" lon="-111.716460000">
        <ele>719</ele>
      </trkpt>
      <trkpt lat="34.191770000" lon="-111.716410000">
        <ele>719</ele>
      </trkpt>
      <trkpt lat="34.191750000" lon="-111.716480000">
        <ele>719</ele>
      </trkpt>
      <trkpt lat="34.191660000" lon="-111.716550000">
        <ele>720</ele>
      </trkpt>
      <trkpt lat="34.191630000" lon="-111.716600000">
        <ele>720</ele>
      </trkpt>
      <trkpt lat="34.191540000" lon="-111.716780000">
        <ele>722</ele>
      </trkpt>
      <trkpt lat="34.191290000" lon="-111.716850000">
        <ele>723</ele>
      </trkpt>
      <trkpt lat="34.191240000" lon="-111.716830000">
        <ele>723</ele>
      </trkpt>
      <trkpt lat="34.191160000" lon="-111.716920000">
        <ele>724</ele>
      </trkpt>
      <trkpt lat="34.191020000" lon="-111.716990000">
        <ele>726</ele>
      </trkpt>
      <trkpt lat="34.190980000" lon="-111.717030000">
        <ele>726</ele>
      </trkpt>
      <trkpt lat="34.190800000" lon="-111.717090000">
        <ele>728</ele>
      </trkpt>
      <trkpt lat="34.190700000" lon="-111.717080000">
        <ele>728</ele>
      </trkpt>
      <trkpt lat="34.190590000" lon="-111.717110000">
        <ele>729</ele>
      </trkpt>
      <trkpt lat="34.190530000" lon="-111.717080000">
        <ele>729</ele>
      </trkpt>
      <trkpt lat="34.190460000" lon="-111.716990000">
        <ele>729</ele>
      </trkpt>
      <trkpt lat="34.190370000" lon="-111.716980000">
        <ele>729</ele>
      </trkpt>
      <trkpt lat="34.190290000" lon="-111.717010000">
        <ele>730</ele>
      </trkpt>
      <trkpt lat="34.190180000" lon="-111.717000000">
        <ele>731</ele>
      </trkpt>
      <trkpt lat="34.190010000" lon="-111.717080000">
        <ele>732</ele>
      </trkpt>
      <trkpt lat="34.189840000" lon="-111.717080000">
        <ele>732</ele>
      </trkpt>
      <trkpt lat="34.189610000" lon="-111.717270000">
        <ele>733</ele>
      </trkpt>
      <trkpt lat="34.189560000" lon="-111.717270000">
        <ele>733</ele>
      </trkpt>
      <trkpt lat="34.189340000" lon="-111.717400000">
        <ele>732</ele>
      </trkpt>
      <trkpt lat="34.189140000" lon="-111.717430000">
        <ele>732</ele>
      </trkpt>
      <trkpt lat="34.188740000" lon="-111.717440000">
        <ele>732</ele>
      </trkpt>
      <trkpt lat="34.188680000" lon="-111.717480000">
        <ele>731</ele>
      </trkpt>
      <trkpt lat="34.188590000" lon="-111.717600000">
        <ele>731</ele>
      </trkpt>
      <trkpt lat="34.188470000" lon="-111.717630000">
        <ele>731</ele>
      </trkpt>
      <trkpt lat="34.188190000" lon="-111.717640000">
        <ele>731</ele>
      </trkpt>
      <trkpt lat="34.188110000" lon="-111.717670000">
        <ele>731</ele>
      </trkpt>
      <trkpt lat="34.187950000" lon="-111.717780000">
        <ele>732</ele>
      </trkpt>
      <trkpt lat="34.187930000" lon="-111.717810000">
        <ele>732</ele>
      </trkpt>
      <trkpt lat="34.187960000" lon="-111.717780000">
        <ele>732</ele>
      </trkpt>
      <trkpt lat="34.187180000" lon="-111.718100000">
        <ele>732</ele>
      </trkpt>
      <trkpt lat="34.187130000" lon="-111.718170000">
        <ele>732</ele>
      </trkpt>
      <trkpt lat="34.186970000" lon="-111.718230000">
        <ele>732</ele>
      </trkpt>
      <trkpt lat="34.186850000" lon="-111.718320000">
        <ele>732</ele>
      </trkpt>
      <trkpt lat="34.186760000" lon="-111.718300000">
        <ele>732</ele>
      </trkpt>
      <trkpt lat="34.186620000" lon="-111.718310000">
        <ele>731</ele>
      </trkpt>
      <trkpt lat="34.186440000" lon="-111.718410000">
        <ele>731</ele>
      </trkpt>
      <trkpt lat="34.186320000" lon="-111.718410000">
        <ele>731</ele>
      </trkpt>
      <trkpt lat="34.186300000" lon="-111.718430000">
        <ele>731</ele>
      </trkpt>
      <trkpt lat="34.186240000" lon="-111.718410000">
        <ele>731</ele>
      </trkpt>
      <trkpt lat="34.186020000" lon="-111.718420000">
        <ele>731</ele>
      </trkpt>
      <trkpt lat="34.185900000" lon="-111.718510000">
        <ele>731</ele>
      </trkpt>
      <trkpt lat="34.185810000" lon="-111.718630000">
        <ele>732</ele>
      </trkpt>
      <trkpt lat="34.185720000" lon="-111.718670000">
        <ele>732</ele>
      </trkpt>
      <trkpt lat="34.185520000" lon="-111.718650000">
        <ele>732</ele>
      </trkpt>
      <trkpt lat="34.185400000" lon="-111.718690000">
        <ele>732</ele>
      </trkpt>
      <trkpt lat="34.185280000" lon="-111.718780000">
        <ele>732</ele>
      </trkpt>
      <trkpt lat="34.185150000" lon="-111.718810000">
        <ele>732</ele>
      </trkpt>
      <trkpt lat="34.185030000" lon="-111.718940000">
        <ele>731</ele>
      </trkpt>
      <trkpt lat="34.184970000" lon="-111.719130000">
        <ele>732</ele>
      </trkpt>
      <trkpt lat="34.184790000" lon="-111.719240000">
        <ele>732</ele>
      </trkpt>
      <trkpt lat="34.184540000" lon="-111.719270000">
        <ele>730</ele>
      </trkpt>
      <trkpt lat="34.184490000" lon="-111.719310000">
        <ele>730</ele>
      </trkpt>
      <trkpt lat="34.184400000" lon="-111.719320000">
        <ele>730</ele>
      </trkpt>
      <trkpt lat="34.184340000" lon="-111.719410000">
        <ele>731</ele>
      </trkpt>
      <trkpt lat="34.184280000" lon="-111.719460000">
        <ele>731</ele>
      </trkpt>
      <trkpt lat="34.184200000" lon="-111.719480000">
        <ele>731</ele>
      </trkpt>
      <trkpt lat="34.184140000" lon="-111.719460000">
        <ele>731</ele>
      </trkpt>
      <trkpt lat="34.184110000" lon="-111.719410000">
        <ele>732</ele>
      </trkpt>
      <trkpt lat="34.184160000" lon="-111.719440000">
        <ele>731</ele>
      </trkpt>
      <trkpt lat="34.184190000" lon="-111.719390000">
        <ele>731</ele>
      </trkpt>
      <trkpt lat="34.184170000" lon="-111.719260000">
        <ele>731</ele>
      </trkpt>
      <trkpt lat="34.184140000" lon="-111.719270000">
        <ele>731</ele>
      </trkpt>
      <trkpt lat="34.184160000" lon="-111.719260000">
        <ele>731</ele>
      </trkpt>
      <trkpt lat="34.184100000" lon="-111.719380000">
        <ele>732</ele>
      </trkpt>
      <trkpt lat="34.184150000" lon="-111.719450000">
        <ele>731</ele>
      </trkpt>
      <trkpt lat="34.184200000" lon="-111.719450000">
        <ele>731</ele>
      </trkpt>
      <trkpt lat="34.184210000" lon="-111.719510000">
        <ele>731</ele>
      </trkpt>
      <trkpt lat="34.184120000" lon="-111.719580000">
        <ele>731</ele>
      </trkpt>
      <trkpt lat="34.184080000" lon="-111.719710000">
        <ele>731</ele>
      </trkpt>
      <trkpt lat="34.183970000" lon="-111.719870000">
        <ele>731</ele>
      </trkpt>
      <trkpt lat="34.183920000" lon="-111.719900000">
        <ele>731</ele>
      </trkpt>
      <trkpt lat="34.183850000" lon="-111.720040000">
        <ele>733</ele>
      </trkpt>
      <trkpt lat="34.183780000" lon="-111.720310000">
        <ele>737</ele>
      </trkpt>
      <trkpt lat="34.183560000" lon="-111.720400000">
        <ele>739</ele>
      </trkpt>
      <trkpt lat="34.183530000" lon="-111.720550000">
        <ele>739</ele>
      </trkpt>
      <trkpt lat="34.183550000" lon="-111.720610000">
        <ele>739</ele>
      </trkpt>
      <trkpt lat="34.183520000" lon="-111.720750000">
        <ele>740</ele>
      </trkpt>
      <trkpt lat="34.183400000" lon="-111.720960000">
        <ele>741</ele>
      </trkpt>
      <trkpt lat="34.183400000" lon="-111.721070000">
        <ele>740</ele>
      </trkpt>
      <trkpt lat="34.183330000" lon="-111.721300000">
        <ele>741</ele>
      </trkpt>
      <trkpt lat="34.183320000" lon="-111.721420000">
        <ele>741</ele>
      </trkpt>
      <trkpt lat="34.183270000" lon="-111.721440000">
        <ele>741</ele>
      </trkpt>
      <trkpt lat="34.183180000" lon="-111.721540000">
        <ele>741</ele>
      </trkpt>
      <trkpt lat="34.183120000" lon="-111.721710000">
        <ele>741</ele>
      </trkpt>
      <trkpt lat="34.183060000" lon="-111.721790000">
        <ele>742</ele>
      </trkpt>
      <trkpt lat="34.182930000" lon="-111.721860000">
        <ele>742</ele>
      </trkpt>
      <trkpt lat="34.182890000" lon="-111.721910000">
        <ele>743</ele>
      </trkpt>
      <trkpt lat="34.182890000" lon="-111.722120000">
        <ele>743</ele>
      </trkpt>
      <trkpt lat="34.182860000" lon="-111.722200000">
        <ele>744</ele>
      </trkpt>
      <trkpt lat="34.182800000" lon="-111.722290000">
        <ele>744</ele>
      </trkpt>
      <trkpt lat="34.182580000" lon="-111.722420000">
        <ele>744</ele>
      </trkpt>
      <trkpt lat="34.182500000" lon="-111.722510000">
        <ele>744</ele>
      </trkpt>
      <trkpt lat="34.182400000" lon="-111.722820000">
        <ele>744</ele>
      </trkpt>
      <trkpt lat="34.182340000" lon="-111.722860000">
        <ele>744</ele>
      </trkpt>
      <trkpt lat="34.182310000" lon="-111.722910000">
        <ele>744</ele>
      </trkpt>
      <trkpt lat="34.182250000" lon="-111.722940000">
        <ele>744</ele>
      </trkpt>
      <trkpt lat="34.182080000" lon="-111.723090000">
        <ele>744</ele>
      </trkpt>
      <trkpt lat="34.182020000" lon="-111.723120000">
        <ele>744</ele>
      </trkpt>
      <trkpt lat="34.181990000" lon="-111.723160000">
        <ele>744</ele>
      </trkpt>
      <trkpt lat="34.181820000" lon="-111.723260000">
        <ele>744</ele>
      </trkpt>
      <trkpt lat="34.181670000" lon="-111.723410000">
        <ele>744</ele>
      </trkpt>
      <trkpt lat="34.181500000" lon="-111.723440000">
        <ele>744</ele>
      </trkpt>
      <trkpt lat="34.181450000" lon="-111.723400000">
        <ele>744</ele>
      </trkpt>
      <trkpt lat="34.181330000" lon="-111.723430000">
        <ele>744</ele>
      </trkpt>
      <trkpt lat="34.181200000" lon="-111.723420000">
        <ele>745</ele>
      </trkpt>
      <trkpt lat="34.180980000" lon="-111.723510000">
        <ele>747</ele>
      </trkpt>
      <trkpt lat="34.180780000" lon="-111.723540000">
        <ele>749</ele>
      </trkpt>
      <trkpt lat="34.180690000" lon="-111.723580000">
        <ele>749</ele>
      </trkpt>
      <trkpt lat="34.180450000" lon="-111.723740000">
        <ele>751</ele>
      </trkpt>
      <trkpt lat="34.180150000" lon="-111.723800000">
        <ele>753</ele>
      </trkpt>
      <trkpt lat="34.180050000" lon="-111.723850000">
        <ele>753</ele>
      </trkpt>
      <trkpt lat="34.179710000" lon="-111.723890000">
        <ele>754</ele>
      </trkpt>
      <trkpt lat="34.179530000" lon="-111.723850000">
        <ele>754</ele>
      </trkpt>
      <trkpt lat="34.179410000" lon="-111.723760000">
        <ele>754</ele>
      </trkpt>
      <trkpt lat="34.179280000" lon="-111.723760000">
        <ele>754</ele>
      </trkpt>
      <trkpt lat="34.179220000" lon="-111.723790000">
        <ele>754</ele>
      </trkpt>
      <trkpt lat="34.179070000" lon="-111.723760000">
        <ele>754</ele>
      </trkpt>
      <trkpt lat="34.178900000" lon="-111.723760000">
        <ele>754</ele>
      </trkpt>
      <trkpt lat="34.178790000" lon="-111.723680000">
        <ele>754</ele>
      </trkpt>
      <trkpt lat="34.178740000" lon="-111.723700000">
        <ele>754</ele>
      </trkpt>
      <trkpt lat="34.178640000" lon="-111.723620000">
        <ele>754</ele>
      </trkpt>
      <trkpt lat="34.178450000" lon="-111.723560000">
        <ele>754</ele>
      </trkpt>
      <trkpt lat="34.178270000" lon="-111.723590000">
        <ele>753</ele>
      </trkpt>
      <trkpt lat="34.178090000" lon="-111.723580000">
        <ele>753</ele>
      </trkpt>
      <trkpt lat="34.178040000" lon="-111.723550000">
        <ele>753</ele>
      </trkpt>
      <trkpt lat="34.178010000" lon="-111.723470000">
        <ele>753</ele>
      </trkpt>
      <trkpt lat="34.177970000" lon="-111.723530000">
        <ele>752</ele>
      </trkpt>
      <trkpt lat="34.177900000" lon="-111.723540000">
        <ele>752</ele>
      </trkpt>
      <trkpt lat="34.177790000" lon="-111.723520000">
        <ele>752</ele>
      </trkpt>
      <trkpt lat="34.177620000" lon="-111.723430000">
        <ele>751</ele>
      </trkpt>
      <trkpt lat="34.177420000" lon="-111.723430000">
        <ele>750</ele>
      </trkpt>
      <trkpt lat="34.176880000" lon="-111.723210000">
        <ele>750</ele>
      </trkpt>
      <trkpt lat="34.176780000" lon="-111.723220000">
        <ele>749</ele>
      </trkpt>
      <trkpt lat="34.176710000" lon="-111.723280000">
        <ele>748</ele>
      </trkpt>
      <trkpt lat="34.176570000" lon="-111.723350000">
        <ele>746</ele>
      </trkpt>
      <trkpt lat="34.176520000" lon="-111.723360000">
        <ele>746</ele>
      </trkpt>
      <trkpt lat="34.176410000" lon="-111.723340000">
        <ele>745</ele>
      </trkpt>
      <trkpt lat="34.176190000" lon="-111.723430000">
        <ele>744</ele>
      </trkpt>
      <trkpt lat="34.176120000" lon="-111.723440000">
        <ele>743</ele>
      </trkpt>
      <trkpt lat="34.176040000" lon="-111.723320000">
        <ele>743</ele>
      </trkpt>
      <trkpt lat="34.175830000" lon="-111.723140000">
        <ele>742</ele>
      </trkpt>
      <trkpt lat="34.175710000" lon="-111.723090000">
        <ele>742</ele>
      </trkpt>
      <trkpt lat="34.175410000" lon="-111.723140000">
        <ele>741</ele>
      </trkpt>
      <trkpt lat="34.175340000" lon="-111.723120000">
        <ele>741</ele>
      </trkpt>
      <trkpt lat="34.175250000" lon="-111.723070000">
        <ele>741</ele>
      </trkpt>
      <trkpt lat="34.175100000" lon="-111.722930000">
        <ele>741</ele>
      </trkpt>
      <trkpt lat="34.174940000" lon="-111.722880000">
        <ele>741</ele>
      </trkpt>
      <trkpt lat="34.174790000" lon="-111.722920000">
        <ele>741</ele>
      </trkpt>
      <trkpt lat="34.174610000" lon="-111.722910000">
        <ele>741</ele>
      </trkpt>
      <trkpt lat="34.174500000" lon="-111.722980000">
        <ele>741</ele>
      </trkpt>
      <trkpt lat="34.174420000" lon="-111.722960000">
        <ele>741</ele>
      </trkpt>
      <trkpt lat="34.174180000" lon="-111.723020000">
        <ele>744</ele>
      </trkpt>
      <trkpt lat="34.174070000" lon="-111.723020000">
        <ele>744</ele>
      </trkpt>
      <trkpt lat="34.173950000" lon="-111.723070000">
        <ele>745</ele>
      </trkpt>
      <trkpt lat="34.173850000" lon="-111.723200000">
        <ele>746</ele>
      </trkpt>
      <trkpt lat="34.173810000" lon="-111.723100000">
        <ele>745</ele>
      </trkpt>
      <trkpt lat="34.173850000" lon="-111.723170000">
        <ele>746</ele>
      </trkpt>
      <trkpt lat="34.173840000" lon="-111.723200000">
        <ele>746</ele>
      </trkpt>
      <trkpt lat="34.173710000" lon="-111.723380000">
        <ele>746</ele>
      </trkpt>
      <trkpt lat="34.173480000" lon="-111.723350000">
        <ele>743</ele>
      </trkpt>
      <trkpt lat="34.173350000" lon="-111.723400000">
        <ele>742</ele>
      </trkpt>
      <trkpt lat="34.173310000" lon="-111.723450000">
        <ele>743</ele>
      </trkpt>
      <trkpt lat="34.173040000" lon="-111.723530000">
        <ele>739</ele>
      </trkpt>
      <trkpt lat="34.172960000" lon="-111.723590000">
        <ele>739</ele>
      </trkpt>
      <trkpt lat="34.172890000" lon="-111.723710000">
        <ele>741</ele>
      </trkpt>
      <trkpt lat="34.172870000" lon="-111.723900000">
        <ele>742</ele>
      </trkpt>
      <trkpt lat="34.172790000" lon="-111.724080000">
        <ele>742</ele>
      </trkpt>
      <trkpt lat="34.172770000" lon="-111.724250000">
        <ele>741</ele>
      </trkpt>
      <trkpt lat="34.172620000" lon="-111.724430000">
        <ele>740</ele>
      </trkpt>
      <trkpt lat="34.172320000" lon="-111.724580000">
        <ele>744</ele>
      </trkpt>
      <trkpt lat="34.172250000" lon="-111.725040000">
        <ele>741</ele>
      </trkpt>
      <trkpt lat="34.172090000" lon="-111.725230000">
        <ele>739</ele>
      </trkpt>
      <trkpt lat="34.171910000" lon="-111.725370000">
        <ele>738</ele>
      </trkpt>
      <trkpt lat="34.171820000" lon="-111.725410000">
        <ele>738</ele>
      </trkpt>
      <trkpt lat="34.171680000" lon="-111.725420000">
        <ele>739</ele>
      </trkpt>
      <trkpt lat="34.171540000" lon="-111.725490000">
        <ele>739</ele>
      </trkpt>
      <trkpt lat="34.171380000" lon="-111.725610000">
        <ele>736</ele>
      </trkpt>
      <trkpt lat="34.171270000" lon="-111.725730000">
        <ele>733</ele>
      </trkpt>
      <trkpt lat="34.171110000" lon="-111.725840000">
        <ele>732</ele>
      </trkpt>
      <trkpt lat="34.171020000" lon="-111.725880000">
        <ele>731</ele>
      </trkpt>
      <trkpt lat="34.170870000" lon="-111.726000000">
        <ele>730</ele>
      </trkpt>
      <trkpt lat="34.170780000" lon="-111.726010000">
        <ele>730</ele>
      </trkpt>
      <trkpt lat="34.170610000" lon="-111.725920000">
        <ele>731</ele>
      </trkpt>
      <trkpt lat="34.170280000" lon="-111.725810000">
        <ele>731</ele>
      </trkpt>
      <trkpt lat="34.170130000" lon="-111.725800000">
        <ele>730</ele>
      </trkpt>
      <trkpt lat="34.170080000" lon="-111.725820000">
        <ele>730</ele>
      </trkpt>
      <trkpt lat="34.170020000" lon="-111.725790000">
        <ele>729</ele>
      </trkpt>
      <trkpt lat="34.169900000" lon="-111.725820000">
        <ele>727</ele>
      </trkpt>
      <trkpt lat="34.169850000" lon="-111.725860000">
        <ele>726</ele>
      </trkpt>
      <trkpt lat="34.169760000" lon="-111.725890000">
        <ele>724</ele>
      </trkpt>
      <trkpt lat="34.169610000" lon="-111.725860000">
        <ele>720</ele>
      </trkpt>
      <trkpt lat="34.169520000" lon="-111.725940000">
        <ele>720</ele>
      </trkpt>
      <trkpt lat="34.169490000" lon="-111.726020000">
        <ele>719</ele>
      </trkpt>
      <trkpt lat="34.169440000" lon="-111.726290000">
        <ele>719</ele>
      </trkpt>
      <trkpt lat="34.169420000" lon="-111.726320000">
        <ele>719</ele>
      </trkpt>
      <trkpt lat="34.169370000" lon="-111.726330000">
        <ele>719</ele>
      </trkpt>
      <trkpt lat="34.169230000" lon="-111.725970000">
        <ele>719</ele>
      </trkpt>
      <trkpt lat="34.169200000" lon="-111.725950000">
        <ele>718</ele>
      </trkpt>
      <trkpt lat="34.168940000" lon="-111.725940000">
        <ele>719</ele>
      </trkpt>
      <trkpt lat="34.168730000" lon="-111.725880000">
        <ele>719</ele>
      </trkpt>
      <trkpt lat="34.168610000" lon="-111.725930000">
        <ele>719</ele>
      </trkpt>
      <trkpt lat="34.168550000" lon="-111.725930000">
        <ele>719</ele>
      </trkpt>
      <trkpt lat="34.168260000" lon="-111.725780000">
        <ele>715</ele>
      </trkpt>
      <trkpt lat="34.168140000" lon="-111.725760000">
        <ele>715</ele>
      </trkpt>
      <trkpt lat="34.168020000" lon="-111.725780000">
        <ele>716</ele>
      </trkpt>
      <trkpt lat="34.167800000" lon="-111.725690000">
        <ele>716</ele>
      </trkpt>
      <trkpt lat="34.167680000" lon="-111.725680000">
        <ele>716</ele>
      </trkpt>
      <trkpt lat="34.167390000" lon="-111.725470000">
        <ele>713</ele>
      </trkpt>
      <trkpt lat="34.167250000" lon="-111.725450000">
        <ele>714</ele>
      </trkpt>
      <trkpt lat="34.166800000" lon="-111.725220000">
        <ele>713</ele>
      </trkpt>
      <trkpt lat="34.166610000" lon="-111.725140000">
        <ele>711</ele>
      </trkpt>
      <trkpt lat="34.166470000" lon="-111.725100000">
        <ele>710</ele>
      </trkpt>
      <trkpt lat="34.166340000" lon="-111.725010000">
        <ele>708</ele>
      </trkpt>
      <trkpt lat="34.166220000" lon="-111.724980000">
        <ele>707</ele>
      </trkpt>
      <trkpt lat="34.165800000" lon="-111.724700000">
        <ele>706</ele>
      </trkpt>
      <trkpt lat="34.165460000" lon="-111.724690000">
        <ele>706</ele>
      </trkpt>
      <trkpt lat="34.165320000" lon="-111.724730000">
        <ele>706</ele>
      </trkpt>
      <trkpt lat="34.165050000" lon="-111.724680000">
        <ele>706</ele>
      </trkpt>
      <trkpt lat="34.164750000" lon="-111.724690000">
        <ele>705</ele>
      </trkpt>
      <trkpt lat="34.164510000" lon="-111.724640000">
        <ele>703</ele>
      </trkpt>
      <trkpt lat="34.164020000" lon="-111.724640000">
        <ele>697</ele>
      </trkpt>
      <trkpt lat="34.163950000" lon="-111.724630000">
        <ele>697</ele>
      </trkpt>
      <trkpt lat="34.163800000" lon="-111.724530000">
        <ele>698</ele>
      </trkpt>
      <trkpt lat="34.163650000" lon="-111.724510000">
        <ele>697</ele>
      </trkpt>
      <trkpt lat="34.163420000" lon="-111.724600000">
        <ele>696</ele>
      </trkpt>
      <trkpt lat="34.163330000" lon="-111.724670000">
        <ele>694</ele>
      </trkpt>
      <trkpt lat="34.163280000" lon="-111.724660000">
        <ele>694</ele>
      </trkpt>
      <trkpt lat="34.163190000" lon="-111.724540000">
        <ele>692</ele>
      </trkpt>
      <trkpt lat="34.162990000" lon="-111.724360000">
        <ele>688</ele>
      </trkpt>
      <trkpt lat="34.162920000" lon="-111.724190000">
        <ele>688</ele>
      </trkpt>
      <trkpt lat="34.162840000" lon="-111.724050000">
        <ele>687</ele>
      </trkpt>
      <trkpt lat="34.162750000" lon="-111.723540000">
        <ele>687</ele>
      </trkpt>
      <trkpt lat="34.162660000" lon="-111.723380000">
        <ele>686</ele>
      </trkpt>
      <trkpt lat="34.162650000" lon="-111.723230000">
        <ele>686</ele>
      </trkpt>
      <trkpt lat="34.162680000" lon="-111.723080000">
        <ele>686</ele>
      </trkpt>
      <trkpt lat="34.162740000" lon="-111.722990000">
        <ele>686</ele>
      </trkpt>
      <trkpt lat="34.162800000" lon="-111.722750000">
        <ele>685</ele>
      </trkpt>
      <trkpt lat="34.162840000" lon="-111.722710000">
        <ele>685</ele>
      </trkpt>
      <trkpt lat="34.162840000" lon="-111.722550000">
        <ele>684</ele>
      </trkpt>
      <trkpt lat="34.162780000" lon="-111.722510000">
        <ele>683</ele>
      </trkpt>
      <trkpt lat="34.162730000" lon="-111.722540000">
        <ele>683</ele>
      </trkpt>
      <trkpt lat="34.162700000" lon="-111.722530000">
        <ele>682</ele>
      </trkpt>
      <trkpt lat="34.162490000" lon="-111.722610000">
        <ele>681</ele>
      </trkpt>
      <trkpt lat="34.162430000" lon="-111.722690000">
        <ele>681</ele>
      </trkpt>
      <trkpt lat="34.162370000" lon="-111.722710000">
        <ele>680</ele>
      </trkpt>
      <trkpt lat="34.162340000" lon="-111.722600000">
        <ele>680</ele>
      </trkpt>
      <trkpt lat="34.162340000" lon="-111.722630000">
        <ele>680</ele>
      </trkpt>
      <trkpt lat="34.162160000" lon="-111.722850000">
        <ele>680</ele>
      </trkpt>
      <trkpt lat="34.162060000" lon="-111.723090000">
        <ele>681</ele>
      </trkpt>
      <trkpt lat="34.162120000" lon="-111.723440000">
        <ele>682</ele>
      </trkpt>
      <trkpt lat="34.162100000" lon="-111.723700000">
        <ele>682</ele>
      </trkpt>
      <trkpt lat="34.162140000" lon="-111.723930000">
        <ele>682</ele>
      </trkpt>
      <trkpt lat="34.162090000" lon="-111.723960000">
        <ele>682</ele>
      </trkpt>
      <trkpt lat="34.162070000" lon="-111.724080000">
        <ele>681</ele>
      </trkpt>
      <trkpt lat="34.162130000" lon="-111.724230000">
        <ele>681</ele>
      </trkpt>
      <trkpt lat="34.162350000" lon="-111.724450000">
        <ele>681</ele>
      </trkpt>
      <trkpt lat="34.162420000" lon="-111.724840000">
        <ele>682</ele>
      </trkpt>
      <trkpt lat="34.162420000" lon="-111.724970000">
        <ele>681</ele>
      </trkpt>
      <trkpt lat="34.162460000" lon="-111.725090000">
        <ele>682</ele>
      </trkpt>
      <trkpt lat="34.162480000" lon="-111.725260000">
        <ele>682</ele>
      </trkpt>
      <trkpt lat="34.162380000" lon="-111.725380000">
        <ele>681</ele>
      </trkpt>
      <trkpt lat="34.162320000" lon="-111.725500000">
        <ele>681</ele>
      </trkpt>
      <trkpt lat="34.162140000" lon="-111.725680000">
        <ele>681</ele>
      </trkpt>
      <trkpt lat="34.162020000" lon="-111.725750000">
        <ele>681</ele>
      </trkpt>
      <trkpt lat="34.161910000" lon="-111.725750000">
        <ele>681</ele>
      </trkpt>
      <trkpt lat="34.161820000" lon="-111.725780000">
        <ele>681</ele>
      </trkpt>
      <trkpt lat="34.161710000" lon="-111.725860000">
        <ele>681</ele>
      </trkpt>
      <trkpt lat="34.161650000" lon="-111.725870000">
        <ele>681</ele>
      </trkpt>
      <trkpt lat="34.161420000" lon="-111.726020000">
        <ele>681</ele>
      </trkpt>
      <trkpt lat="34.161350000" lon="-111.726170000">
        <ele>681</ele>
      </trkpt>
      <trkpt lat="34.161230000" lon="-111.726260000">
        <ele>684</ele>
      </trkpt>
      <trkpt lat="34.161210000" lon="-111.726300000">
        <ele>686</ele>
      </trkpt>
      <trkpt lat="34.161210000" lon="-111.726370000">
        <ele>688</ele>
      </trkpt>
      <trkpt lat="34.161140000" lon="-111.726470000">
        <ele>692</ele>
      </trkpt>
      <trkpt lat="34.161140000" lon="-111.726720000">
        <ele>685</ele>
      </trkpt>
      <trkpt lat="34.161110000" lon="-111.726850000">
        <ele>683</ele>
      </trkpt>
      <trkpt lat="34.161150000" lon="-111.727020000">
        <ele>683</ele>
      </trkpt>
      <trkpt lat="34.161120000" lon="-111.727140000">
        <ele>684</ele>
      </trkpt>
      <trkpt lat="34.161160000" lon="-111.727280000">
        <ele>683</ele>
      </trkpt>
      <trkpt lat="34.161130000" lon="-111.727340000">
        <ele>683</ele>
      </trkpt>
      <trkpt lat="34.161120000" lon="-111.727410000">
        <ele>682</ele>
      </trkpt>
      <trkpt lat="34.161200000" lon="-111.727590000">
        <ele>681</ele>
      </trkpt>
      <trkpt lat="34.161250000" lon="-111.727670000">
        <ele>681</ele>
      </trkpt>
      <trkpt lat="34.161450000" lon="-111.727880000">
        <ele>682</ele>
      </trkpt>
      <trkpt lat="34.161800000" lon="-111.728490000">
        <ele>683</ele>
      </trkpt>
      <trkpt lat="34.161830000" lon="-111.728640000">
        <ele>683</ele>
      </trkpt>
      <trkpt lat="34.161730000" lon="-111.729610000">
        <ele>689</ele>
      </trkpt>
      <trkpt lat="34.161730000" lon="-111.729850000">
        <ele>689</ele>
      </trkpt>
      <trkpt lat="34.161810000" lon="-111.730160000">
        <ele>690</ele>
      </trkpt>
      <trkpt lat="34.161830000" lon="-111.730440000">
        <ele>691</ele>
      </trkpt>
      <trkpt lat="34.161910000" lon="-111.730840000">
        <ele>691</ele>
      </trkpt>
      <trkpt lat="34.162050000" lon="-111.731190000">
        <ele>691</ele>
      </trkpt>
      <trkpt lat="34.162200000" lon="-111.731410000">
        <ele>691</ele>
      </trkpt>
      <trkpt lat="34.162230000" lon="-111.731510000">
        <ele>691</ele>
      </trkpt>
      <trkpt lat="34.162220000" lon="-111.731620000">
        <ele>691</ele>
      </trkpt>
      <trkpt lat="34.162070000" lon="-111.731950000">
        <ele>691</ele>
      </trkpt>
      <trkpt lat="34.162030000" lon="-111.732340000">
        <ele>691</ele>
      </trkpt>
      <trkpt lat="34.161790000" lon="-111.732810000">
        <ele>692</ele>
      </trkpt>
      <trkpt lat="34.161730000" lon="-111.732980000">
        <ele>691</ele>
      </trkpt>
      <trkpt lat="34.161700000" lon="-111.733180000">
        <ele>691</ele>
      </trkpt>
      <trkpt lat="34.161710000" lon="-111.733330000">
        <ele>691</ele>
      </trkpt>
      <trkpt lat="34.161810000" lon="-111.733590000">
        <ele>691</ele>
      </trkpt>
      <trkpt lat="34.161830000" lon="-111.733750000">
        <ele>691</ele>
      </trkpt>
      <trkpt lat="34.161980000" lon="-111.734030000">
        <ele>691</ele>
      </trkpt>
      <trkpt lat="34.161980000" lon="-111.734170000">
        <ele>691</ele>
      </trkpt>
      <trkpt lat="34.162030000" lon="-111.734350000">
        <ele>691</ele>
      </trkpt>
      <trkpt lat="34.162170000" lon="-111.734680000">
        <ele>691</ele>
      </trkpt>
      <trkpt lat="34.162470000" lon="-111.734820000">
        <ele>691</ele>
      </trkpt>
      <trkpt lat="34.163050000" lon="-111.734830000">
        <ele>692</ele>
      </trkpt>
      <trkpt lat="34.163240000" lon="-111.734810000">
        <ele>693</ele>
      </trkpt>
      <trkpt lat="34.163400000" lon="-111.734720000">
        <ele>692</ele>
      </trkpt>
      <trkpt lat="34.163570000" lon="-111.734670000">
        <ele>691</ele>
      </trkpt>
      <trkpt lat="34.163610000" lon="-111.734620000">
        <ele>691</ele>
      </trkpt>
      <trkpt lat="34.163780000" lon="-111.734670000">
        <ele>692</ele>
      </trkpt>
      <trkpt lat="34.163850000" lon="-111.734640000">
        <ele>692</ele>
      </trkpt>
      <trkpt lat="34.163910000" lon="-111.734670000">
        <ele>692</ele>
      </trkpt>
      <trkpt lat="34.164040000" lon="-111.734650000">
        <ele>692</ele>
      </trkpt>
      <trkpt lat="34.164110000" lon="-111.734590000">
        <ele>692</ele>
      </trkpt>
      <trkpt lat="34.164300000" lon="-111.734560000">
        <ele>692</ele>
      </trkpt>
      <trkpt lat="34.164380000" lon="-111.734730000">
        <ele>696</ele>
      </trkpt>
      <trkpt lat="34.164450000" lon="-111.734770000">
        <ele>696</ele>
      </trkpt>
      <trkpt lat="34.164500000" lon="-111.734920000">
        <ele>700</ele>
      </trkpt>
      <trkpt lat="34.164740000" lon="-111.735270000">
        <ele>703</ele>
      </trkpt>
      <trkpt lat="34.164770000" lon="-111.735370000">
        <ele>703</ele>
      </trkpt>
      <trkpt lat="34.164700000" lon="-111.735590000">
        <ele>704</ele>
      </trkpt>
      <trkpt lat="34.164610000" lon="-111.735650000">
        <ele>706</ele>
      </trkpt>
      <trkpt lat="34.164270000" lon="-111.736070000">
        <ele>705</ele>
      </trkpt>
      <trkpt lat="34.164200000" lon="-111.736140000">
        <ele>705</ele>
      </trkpt>
      <trkpt lat="34.164090000" lon="-111.736160000">
        <ele>705</ele>
      </trkpt>
      <trkpt lat="34.164050000" lon="-111.736200000">
        <ele>705</ele>
      </trkpt>
      <trkpt lat="34.163980000" lon="-111.736230000">
        <ele>705</ele>
      </trkpt>
      <trkpt lat="34.163800000" lon="-111.736470000">
        <ele>705</ele>
      </trkpt>
      <trkpt lat="34.163730000" lon="-111.736620000">
        <ele>705</ele>
      </trkpt>
      <trkpt lat="34.163680000" lon="-111.736620000">
        <ele>705</ele>
      </trkpt>
      <trkpt lat="34.163480000" lon="-111.736750000">
        <ele>709</ele>
      </trkpt>
      <trkpt lat="34.163410000" lon="-111.736910000">
        <ele>709</ele>
      </trkpt>
      <trkpt lat="34.163380000" lon="-111.737120000">
        <ele>707</ele>
      </trkpt>
      <trkpt lat="34.163260000" lon="-111.737470000">
        <ele>705</ele>
      </trkpt>
      <trkpt lat="34.163290000" lon="-111.737580000">
        <ele>705</ele>
      </trkpt>
      <trkpt lat="34.163260000" lon="-111.737640000">
        <ele>705</ele>
      </trkpt>
      <trkpt lat="34.163190000" lon="-111.737710000">
        <ele>705</ele>
      </trkpt>
      <trkpt lat="34.163140000" lon="-111.737700000">
        <ele>705</ele>
      </trkpt>
      <trkpt lat="34.162960000" lon="-111.737740000">
        <ele>705</ele>
      </trkpt>
      <trkpt lat="34.162780000" lon="-111.737850000">
        <ele>705</ele>
      </trkpt>
      <trkpt lat="34.162760000" lon="-111.737850000">
        <ele>705</ele>
      </trkpt>
      <trkpt lat="34.162720000" lon="-111.737800000">
        <ele>705</ele>
      </trkpt>
      <trkpt lat="34.162540000" lon="-111.737850000">
        <ele>705</ele>
      </trkpt>
      <trkpt lat="34.162440000" lon="-111.737850000">
        <ele>706</ele>
      </trkpt>
      <trkpt lat="34.162270000" lon="-111.737980000">
        <ele>706</ele>
      </trkpt>
      <trkpt lat="34.162200000" lon="-111.738130000">
        <ele>705</ele>
      </trkpt>
      <trkpt lat="34.161920000" lon="-111.738260000">
        <ele>707</ele>
      </trkpt>
      <trkpt lat="34.161860000" lon="-111.738320000">
        <ele>707</ele>
      </trkpt>
      <trkpt lat="34.161830000" lon="-111.738390000">
        <ele>706</ele>
      </trkpt>
      <trkpt lat="34.161520000" lon="-111.738610000">
        <ele>707</ele>
      </trkpt>
      <trkpt lat="34.161430000" lon="-111.738730000">
        <ele>706</ele>
      </trkpt>
      <trkpt lat="34.161350000" lon="-111.738740000">
        <ele>707</ele>
      </trkpt>
      <trkpt lat="34.161160000" lon="-111.738940000">
        <ele>706</ele>
      </trkpt>
      <trkpt lat="34.160990000" lon="-111.739250000">
        <ele>706</ele>
      </trkpt>
      <trkpt lat="34.160920000" lon="-111.739310000">
        <ele>707</ele>
      </trkpt>
      <trkpt lat="34.160850000" lon="-111.739460000">
        <ele>707</ele>
      </trkpt>
      <trkpt lat="34.160850000" lon="-111.739510000">
        <ele>707</ele>
      </trkpt>
      <trkpt lat="34.160740000" lon="-111.739630000">
        <ele>707</ele>
      </trkpt>
      <trkpt lat="34.160740000" lon="-111.739660000">
        <ele>707</ele>
      </trkpt>
      <trkpt lat="34.160690000" lon="-111.739700000">
        <ele>708</ele>
      </trkpt>
      <trkpt lat="34.160700000" lon="-111.739800000">
        <ele>708</ele>
      </trkpt>
      <trkpt lat="34.160640000" lon="-111.739860000">
        <ele>709</ele>
      </trkpt>
      <trkpt lat="34.160480000" lon="-111.740170000">
        <ele>710</ele>
      </trkpt>
      <trkpt lat="34.160400000" lon="-111.740270000">
        <ele>712</ele>
      </trkpt>
      <trkpt lat="34.160340000" lon="-111.740400000">
        <ele>716</ele>
      </trkpt>
      <trkpt lat="34.160370000" lon="-111.740570000">
        <ele>719</ele>
      </trkpt>
      <trkpt lat="34.160460000" lon="-111.740680000">
        <ele>717</ele>
      </trkpt>
      <trkpt lat="34.160560000" lon="-111.740720000">
        <ele>715</ele>
      </trkpt>
      <trkpt lat="34.160600000" lon="-111.740710000">
        <ele>715</ele>
      </trkpt>
      <trkpt lat="34.160630000" lon="-111.740650000">
        <ele>715</ele>
      </trkpt>
      <trkpt lat="34.160660000" lon="-111.740650000">
        <ele>715</ele>
      </trkpt>
      <trkpt lat="34.160750000" lon="-111.740830000">
        <ele>715</ele>
      </trkpt>
      <trkpt lat="34.160980000" lon="-111.740950000">
        <ele>715</ele>
      </trkpt>
      <trkpt lat="34.160980000" lon="-111.741000000">
        <ele>715</ele>
      </trkpt>
      <trkpt lat="34.161010000" lon="-111.741050000">
        <ele>715</ele>
      </trkpt>
      <trkpt lat="34.161180000" lon="-111.741180000">
        <ele>716</ele>
      </trkpt>
      <trkpt lat="34.161270000" lon="-111.741210000">
        <ele>717</ele>
      </trkpt>
      <trkpt lat="34.161300000" lon="-111.741250000">
        <ele>718</ele>
      </trkpt>
      <trkpt lat="34.161380000" lon="-111.741280000">
        <ele>718</ele>
      </trkpt>
      <trkpt lat="34.161440000" lon="-111.741330000">
        <ele>718</ele>
      </trkpt>
      <trkpt lat="34.161590000" lon="-111.741390000">
        <ele>718</ele>
      </trkpt>
      <trkpt lat="34.161700000" lon="-111.741390000">
        <ele>717</ele>
      </trkpt>
      <trkpt lat="34.161810000" lon="-111.741520000">
        <ele>717</ele>
      </trkpt>
      <trkpt lat="34.161860000" lon="-111.741630000">
        <ele>717</ele>
      </trkpt>
      <trkpt lat="34.161990000" lon="-111.741710000">
        <ele>718</ele>
      </trkpt>
      <trkpt lat="34.162150000" lon="-111.741750000">
        <ele>717</ele>
      </trkpt>
      <trkpt lat="34.162310000" lon="-111.741880000">
        <ele>718</ele>
      </trkpt>
      <trkpt lat="34.162360000" lon="-111.741960000">
        <ele>718</ele>
      </trkpt>
      <trkpt lat="34.162430000" lon="-111.742130000">
        <ele>719</ele>
      </trkpt>
      <trkpt lat="34.162450000" lon="-111.742200000">
        <ele>719</ele>
      </trkpt>
      <trkpt lat="34.162350000" lon="-111.742610000">
        <ele>718</ele>
      </trkpt>
      <trkpt lat="34.162360000" lon="-111.742750000">
        <ele>718</ele>
      </trkpt>
      <trkpt lat="34.162330000" lon="-111.742840000">
        <ele>718</ele>
      </trkpt>
      <trkpt lat="34.162200000" lon="-111.743030000">
        <ele>718</ele>
      </trkpt>
      <trkpt lat="34.162100000" lon="-111.743260000">
        <ele>718</ele>
      </trkpt>
      <trkpt lat="34.161990000" lon="-111.743320000">
        <ele>718</ele>
      </trkpt>
      <trkpt lat="34.161930000" lon="-111.743580000">
        <ele>718</ele>
      </trkpt>
      <trkpt lat="34.161740000" lon="-111.743930000">
        <ele>720</ele>
      </trkpt>
      <trkpt lat="34.161630000" lon="-111.744080000">
        <ele>720</ele>
      </trkpt>
      <trkpt lat="34.161610000" lon="-111.744220000">
        <ele>720</ele>
      </trkpt>
      <trkpt lat="34.161450000" lon="-111.744560000">
        <ele>722</ele>
      </trkpt>
      <trkpt lat="34.161420000" lon="-111.744720000">
        <ele>723</ele>
      </trkpt>
      <trkpt lat="34.161510000" lon="-111.744950000">
        <ele>727</ele>
      </trkpt>
      <trkpt lat="34.161710000" lon="-111.745050000">
        <ele>729</ele>
      </trkpt>
      <trkpt lat="34.162100000" lon="-111.745310000">
        <ele>730</ele>
      </trkpt>
      <trkpt lat="34.162220000" lon="-111.745410000">
        <ele>730</ele>
      </trkpt>
      <trkpt lat="34.162260000" lon="-111.745520000">
        <ele>729</ele>
      </trkpt>
      <trkpt lat="34.162360000" lon="-111.745570000">
        <ele>729</ele>
      </trkpt>
      <trkpt lat="34.162430000" lon="-111.745740000">
        <ele>728</ele>
      </trkpt>
      <trkpt lat="34.162520000" lon="-111.745790000">
        <ele>728</ele>
      </trkpt>
      <trkpt lat="34.162720000" lon="-111.745780000">
        <ele>728</ele>
      </trkpt>
      <trkpt lat="34.162800000" lon="-111.745820000">
        <ele>728</ele>
      </trkpt>
      <trkpt lat="34.162890000" lon="-111.745990000">
        <ele>728</ele>
      </trkpt>
      <trkpt lat="34.162910000" lon="-111.746250000">
        <ele>728</ele>
      </trkpt>
      <trkpt lat="34.162880000" lon="-111.746380000">
        <ele>728</ele>
      </trkpt>
      <trkpt lat="34.162930000" lon="-111.746660000">
        <ele>729</ele>
      </trkpt>
      <trkpt lat="34.162870000" lon="-111.746850000">
        <ele>729</ele>
      </trkpt>
      <trkpt lat="34.162870000" lon="-111.747040000">
        <ele>729</ele>
      </trkpt>
      <trkpt lat="34.162820000" lon="-111.747170000">
        <ele>728</ele>
      </trkpt>
      <trkpt lat="34.162800000" lon="-111.747370000">
        <ele>729</ele>
      </trkpt>
      <trkpt lat="34.162660000" lon="-111.747820000">
        <ele>728</ele>
      </trkpt>
      <trkpt lat="34.162670000" lon="-111.747980000">
        <ele>728</ele>
      </trkpt>
      <trkpt lat="34.162580000" lon="-111.748220000">
        <ele>728</ele>
      </trkpt>
      <trkpt lat="34.162570000" lon="-111.748290000">
        <ele>728</ele>
      </trkpt>
      <trkpt lat="34.162590000" lon="-111.748500000">
        <ele>728</ele>
      </trkpt>
      <trkpt lat="34.162570000" lon="-111.748690000">
        <ele>728</ele>
      </trkpt>
      <trkpt lat="34.162610000" lon="-111.748830000">
        <ele>728</ele>
      </trkpt>
      <trkpt lat="34.162680000" lon="-111.748920000">
        <ele>729</ele>
      </trkpt>
      <trkpt lat="34.162770000" lon="-111.748960000">
        <ele>729</ele>
      </trkpt>
      <trkpt lat="34.162950000" lon="-111.749130000">
        <ele>731</ele>
      </trkpt>
      <trkpt lat="34.163110000" lon="-111.749370000">
        <ele>731</ele>
      </trkpt>
      <trkpt lat="34.163160000" lon="-111.749510000">
        <ele>731</ele>
      </trkpt>
      <trkpt lat="34.163340000" lon="-111.749830000">
        <ele>732</ele>
      </trkpt>
      <trkpt lat="34.163450000" lon="-111.749940000">
        <ele>732</ele>
      </trkpt>
      <trkpt lat="34.163430000" lon="-111.749880000">
        <ele>732</ele>
      </trkpt>
      <trkpt lat="34.165710000" lon="-111.751240000">
        <ele>738</ele>
      </trkpt>
      <trkpt lat="34.165560000" lon="-111.750970000">
        <ele>737</ele>
      </trkpt>
      <trkpt lat="34.165750000" lon="-111.751040000">
        <ele>738</ele>
      </trkpt>
      <trkpt lat="34.165920000" lon="-111.750990000">
        <ele>739</ele>
      </trkpt>
      <trkpt lat="34.166050000" lon="-111.751020000">
        <ele>740</ele>
      </trkpt>
      <trkpt lat="34.166480000" lon="-111.750990000">
        <ele>742</ele>
      </trkpt>
      <trkpt lat="34.166710000" lon="-111.751020000">
        <ele>743</ele>
      </trkpt>
      <trkpt lat="34.166840000" lon="-111.751090000">
        <ele>743</ele>
      </trkpt>
      <trkpt lat="34.166880000" lon="-111.751170000">
        <ele>743</ele>
      </trkpt>
      <trkpt lat="34.167100000" lon="-111.751290000">
        <ele>744</ele>
      </trkpt>
      <trkpt lat="34.167170000" lon="-111.751410000">
        <ele>744</ele>
      </trkpt>
      <trkpt lat="34.167220000" lon="-111.751460000">
        <ele>744</ele>
      </trkpt>
      <trkpt lat="34.167350000" lon="-111.751740000">
        <ele>744</ele>
      </trkpt>
      <trkpt lat="34.167370000" lon="-111.751890000">
        <ele>745</ele>
      </trkpt>
      <trkpt lat="34.167450000" lon="-111.752020000">
        <ele>745</ele>
      </trkpt>
      <trkpt lat="34.167440000" lon="-111.752090000">
        <ele>746</ele>
      </trkpt>
      <trkpt lat="34.167480000" lon="-111.752220000">
        <ele>747</ele>
      </trkpt>
      <trkpt lat="34.167850000" lon="-111.752730000">
        <ele>744</ele>
      </trkpt>
      <trkpt lat="34.167830000" lon="-111.753080000">
        <ele>746</ele>
      </trkpt>
      <trkpt lat="34.167960000" lon="-111.753440000">
        <ele>744</ele>
      </trkpt>
      <trkpt lat="34.168000000" lon="-111.753470000">
        <ele>744</ele>
      </trkpt>
      <trkpt lat="34.168120000" lon="-111.753480000">
        <ele>744</ele>
      </trkpt>
      <trkpt lat="34.168180000" lon="-111.753520000">
        <ele>744</ele>
      </trkpt>
      <trkpt lat="34.168230000" lon="-111.753660000">
        <ele>744</ele>
      </trkpt>
      <trkpt lat="34.168500000" lon="-111.753940000">
        <ele>744</ele>
      </trkpt>
      <trkpt lat="34.168570000" lon="-111.754090000">
        <ele>744</ele>
      </trkpt>
      <trkpt lat="34.168730000" lon="-111.754240000">
        <ele>744</ele>
      </trkpt>
      <trkpt lat="34.168990000" lon="-111.754550000">
        <ele>746</ele>
      </trkpt>
      <trkpt lat="34.169130000" lon="-111.754670000">
        <ele>747</ele>
      </trkpt>
      <trkpt lat="34.169180000" lon="-111.754760000">
        <ele>748</ele>
      </trkpt>
      <trkpt lat="34.169290000" lon="-111.754830000">
        <ele>748</ele>
      </trkpt>
      <trkpt lat="34.169430000" lon="-111.754840000">
        <ele>748</ele>
      </trkpt>
      <trkpt lat="34.169470000" lon="-111.754880000">
        <ele>748</ele>
      </trkpt>
      <trkpt lat="34.169620000" lon="-111.754920000">
        <ele>748</ele>
      </trkpt>
      <trkpt lat="34.169940000" lon="-111.755120000">
        <ele>748</ele>
      </trkpt>
      <trkpt lat="34.170010000" lon="-111.755200000">
        <ele>748</ele>
      </trkpt>
      <trkpt lat="34.170260000" lon="-111.755330000">
        <ele>749</ele>
      </trkpt>
      <trkpt lat="34.170310000" lon="-111.755370000">
        <ele>749</ele>
      </trkpt>
      <trkpt lat="34.170330000" lon="-111.755420000">
        <ele>750</ele>
      </trkpt>
      <trkpt lat="34.170550000" lon="-111.755580000">
        <ele>751</ele>
      </trkpt>
      <trkpt lat="34.170690000" lon="-111.755790000">
        <ele>753</ele>
      </trkpt>
      <trkpt lat="34.170870000" lon="-111.755970000">
        <ele>752</ele>
      </trkpt>
      <trkpt lat="34.170930000" lon="-111.756130000">
        <ele>753</ele>
      </trkpt>
      <trkpt lat="34.170980000" lon="-111.756160000">
        <ele>751</ele>
      </trkpt>
      <trkpt lat="34.171080000" lon="-111.756280000">
        <ele>751</ele>
      </trkpt>
      <trkpt lat="34.171120000" lon="-111.756420000">
        <ele>752</ele>
      </trkpt>
      <trkpt lat="34.171090000" lon="-111.756550000">
        <ele>753</ele>
      </trkpt>
      <trkpt lat="34.171090000" lon="-111.757070000">
        <ele>754</ele>
      </trkpt>
      <trkpt lat="34.171030000" lon="-111.757270000">
        <ele>756</ele>
      </trkpt>
      <trkpt lat="34.171040000" lon="-111.757510000">
        <ele>756</ele>
      </trkpt>
      <trkpt lat="34.171010000" lon="-111.757670000">
        <ele>756</ele>
      </trkpt>
      <trkpt lat="34.171060000" lon="-111.757910000">
        <ele>756</ele>
      </trkpt>
      <trkpt lat="34.171150000" lon="-111.758110000">
        <ele>756</ele>
      </trkpt>
      <trkpt lat="34.171180000" lon="-111.758320000">
        <ele>756</ele>
      </trkpt>
      <trkpt lat="34.171250000" lon="-111.758460000">
        <ele>756</ele>
      </trkpt>
      <trkpt lat="34.171220000" lon="-111.758600000">
        <ele>759</ele>
      </trkpt>
      <trkpt lat="34.171120000" lon="-111.758820000">
        <ele>763</ele>
      </trkpt>
      <trkpt lat="34.171090000" lon="-111.758940000">
        <ele>763</ele>
      </trkpt>
      <trkpt lat="34.170880000" lon="-111.759340000">
        <ele>764</ele>
      </trkpt>
      <trkpt lat="34.170740000" lon="-111.759470000">
        <ele>764</ele>
      </trkpt>
      <trkpt lat="34.170640000" lon="-111.759600000">
        <ele>764</ele>
      </trkpt>
      <trkpt lat="34.170590000" lon="-111.759740000">
        <ele>764</ele>
      </trkpt>
      <trkpt lat="34.170460000" lon="-111.759870000">
        <ele>764</ele>
      </trkpt>
      <trkpt lat="34.170460000" lon="-111.760020000">
        <ele>765</ele>
      </trkpt>
      <trkpt lat="34.170360000" lon="-111.760100000">
        <ele>765</ele>
      </trkpt>
      <trkpt lat="34.170220000" lon="-111.760340000">
        <ele>765</ele>
      </trkpt>
      <trkpt lat="34.170240000" lon="-111.760350000">
        <ele>765</ele>
      </trkpt>
      <trkpt lat="34.170190000" lon="-111.760490000">
        <ele>765</ele>
      </trkpt>
      <trkpt lat="34.170110000" lon="-111.760620000">
        <ele>765</ele>
      </trkpt>
      <trkpt lat="34.170100000" lon="-111.760700000">
        <ele>765</ele>
      </trkpt>
      <trkpt lat="34.169850000" lon="-111.761010000">
        <ele>765</ele>
      </trkpt>
      <trkpt lat="34.169840000" lon="-111.761070000">
        <ele>765</ele>
      </trkpt>
      <trkpt lat="34.169760000" lon="-111.761160000">
        <ele>766</ele>
      </trkpt>
      <trkpt lat="34.169420000" lon="-111.761370000">
        <ele>767</ele>
      </trkpt>
      <trkpt lat="34.169260000" lon="-111.761500000">
        <ele>767</ele>
      </trkpt>
      <trkpt lat="34.169060000" lon="-111.761630000">
        <ele>767</ele>
      </trkpt>
      <trkpt lat="34.168910000" lon="-111.761830000">
        <ele>767</ele>
      </trkpt>
      <trkpt lat="34.168850000" lon="-111.762090000">
        <ele>767</ele>
      </trkpt>
      <trkpt lat="34.168780000" lon="-111.762130000">
        <ele>767</ele>
      </trkpt>
      <trkpt lat="34.168720000" lon="-111.762200000">
        <ele>767</ele>
      </trkpt>
      <trkpt lat="34.168720000" lon="-111.762270000">
        <ele>767</ele>
      </trkpt>
      <trkpt lat="34.168660000" lon="-111.762320000">
        <ele>767</ele>
      </trkpt>
      <trkpt lat="34.168630000" lon="-111.762410000">
        <ele>767</ele>
      </trkpt>
      <trkpt lat="34.168620000" lon="-111.762610000">
        <ele>767</ele>
      </trkpt>
      <trkpt lat="34.168640000" lon="-111.762670000">
        <ele>767</ele>
      </trkpt>
      <trkpt lat="34.168700000" lon="-111.762740000">
        <ele>767</ele>
      </trkpt>
      <trkpt lat="34.168870000" lon="-111.762810000">
        <ele>766</ele>
      </trkpt>
      <trkpt lat="34.168890000" lon="-111.762840000">
        <ele>767</ele>
      </trkpt>
      <trkpt lat="34.169060000" lon="-111.762860000">
        <ele>767</ele>
      </trkpt>
      <trkpt lat="34.169100000" lon="-111.762920000">
        <ele>767</ele>
      </trkpt>
      <trkpt lat="34.169390000" lon="-111.763070000">
        <ele>767</ele>
      </trkpt>
      <trkpt lat="34.169450000" lon="-111.763160000">
        <ele>767</ele>
      </trkpt>
      <trkpt lat="34.169760000" lon="-111.763340000">
        <ele>767</ele>
      </trkpt>
      <trkpt lat="34.169990000" lon="-111.763540000">
        <ele>767</ele>
      </trkpt>
      <trkpt lat="34.170110000" lon="-111.763890000">
        <ele>767</ele>
      </trkpt>
      <trkpt lat="34.169990000" lon="-111.764020000">
        <ele>771</ele>
      </trkpt>
      <trkpt lat="34.169610000" lon="-111.764570000">
        <ele>770</ele>
      </trkpt>
      <trkpt lat="34.169540000" lon="-111.764740000">
        <ele>770</ele>
      </trkpt>
      <trkpt lat="34.169460000" lon="-111.765140000">
        <ele>772</ele>
      </trkpt>
      <trkpt lat="34.169260000" lon="-111.765470000">
        <ele>774</ele>
      </trkpt>
      <trkpt lat="34.169280000" lon="-111.765540000">
        <ele>774</ele>
      </trkpt>
      <trkpt lat="34.169280000" lon="-111.765740000">
        <ele>773</ele>
      </trkpt>
      <trkpt lat="34.169170000" lon="-111.765850000">
        <ele>774</ele>
      </trkpt>
      <trkpt lat="34.169070000" lon="-111.766050000">
        <ele>776</ele>
      </trkpt>
      <trkpt lat="34.168860000" lon="-111.766260000">
        <ele>776</ele>
      </trkpt>
      <trkpt lat="34.168860000" lon="-111.766300000">
        <ele>776</ele>
      </trkpt>
      <trkpt lat="34.168770000" lon="-111.766430000">
        <ele>776</ele>
      </trkpt>
      <trkpt lat="34.168720000" lon="-111.766560000">
        <ele>777</ele>
      </trkpt>
      <trkpt lat="34.168690000" lon="-111.766610000">
        <ele>777</ele>
      </trkpt>
      <trkpt lat="34.168670000" lon="-111.766740000">
        <ele>777</ele>
      </trkpt>
      <trkpt lat="34.168690000" lon="-111.766800000">
        <ele>777</ele>
      </trkpt>
      <trkpt lat="34.168610000" lon="-111.766890000">
        <ele>777</ele>
      </trkpt>
      <trkpt lat="34.168570000" lon="-111.767130000">
        <ele>777</ele>
      </trkpt>
      <trkpt lat="34.168470000" lon="-111.767260000">
        <ele>778</ele>
      </trkpt>
      <trkpt lat="34.168270000" lon="-111.767480000">
        <ele>782</ele>
      </trkpt>
      <trkpt lat="34.168210000" lon="-111.767570000">
        <ele>782</ele>
      </trkpt>
      <trkpt lat="34.168220000" lon="-111.767600000">
        <ele>782</ele>
      </trkpt>
      <trkpt lat="34.167830000" lon="-111.767800000">
        <ele>785</ele>
      </trkpt>
      <trkpt lat="34.167620000" lon="-111.768020000">
        <ele>787</ele>
      </trkpt>
      <trkpt lat="34.167570000" lon="-111.768040000">
        <ele>788</ele>
      </trkpt>
      <trkpt lat="34.167440000" lon="-111.768070000">
        <ele>790</ele>
      </trkpt>
      <trkpt lat="34.167370000" lon="-111.768030000">
        <ele>792</ele>
      </trkpt>
      <trkpt lat="34.167260000" lon="-111.768000000">
        <ele>794</ele>
      </trkpt>
      <trkpt lat="34.167090000" lon="-111.768020000">
        <ele>796</ele>
      </trkpt>
      <trkpt lat="34.166980000" lon="-111.768000000">
        <ele>800</ele>
      </trkpt>
      <trkpt lat="34.166720000" lon="-111.768070000">
        <ele>805</ele>
      </trkpt>
      <trkpt lat="34.166490000" lon="-111.768250000">
        <ele>810</ele>
      </trkpt>
      <trkpt lat="34.166390000" lon="-111.768230000">
        <ele>812</ele>
      </trkpt>
      <trkpt lat="34.166230000" lon="-111.768310000">
        <ele>814</ele>
      </trkpt>
      <trkpt lat="34.165880000" lon="-111.768360000">
        <ele>816</ele>
      </trkpt>
      <trkpt lat="34.165720000" lon="-111.768470000">
        <ele>816</ele>
      </trkpt>
      <trkpt lat="34.165440000" lon="-111.768590000">
        <ele>816</ele>
      </trkpt>
      <trkpt lat="34.165230000" lon="-111.768710000">
        <ele>816</ele>
      </trkpt>
      <trkpt lat="34.164950000" lon="-111.768830000">
        <ele>816</ele>
      </trkpt>
      <trkpt lat="34.164860000" lon="-111.768840000">
        <ele>816</ele>
      </trkpt>
      <trkpt lat="34.164700000" lon="-111.768800000">
        <ele>817</ele>
      </trkpt>
      <trkpt lat="34.164350000" lon="-111.768630000">
        <ele>817</ele>
      </trkpt>
      <trkpt lat="34.163890000" lon="-111.768530000">
        <ele>817</ele>
      </trkpt>
      <trkpt lat="34.163560000" lon="-111.768500000">
        <ele>817</ele>
      </trkpt>
      <trkpt lat="34.163300000" lon="-111.768520000">
        <ele>817</ele>
      </trkpt>
      <trkpt lat="34.163180000" lon="-111.768570000">
        <ele>818</ele>
      </trkpt>
      <trkpt lat="34.163030000" lon="-111.768580000">
        <ele>818</ele>
      </trkpt>
      <trkpt lat="34.162850000" lon="-111.768630000">
        <ele>819</ele>
      </trkpt>
      <trkpt lat="34.162640000" lon="-111.768750000">
        <ele>820</ele>
      </trkpt>
      <trkpt lat="34.162540000" lon="-111.768890000">
        <ele>821</ele>
      </trkpt>
      <trkpt lat="34.162450000" lon="-111.768960000">
        <ele>822</ele>
      </trkpt>
      <trkpt lat="34.161700000" lon="-111.769500000">
        <ele>827</ele>
      </trkpt>
      <trkpt lat="34.161540000" lon="-111.769640000">
        <ele>827</ele>
      </trkpt>
      <trkpt lat="34.161400000" lon="-111.769740000">
        <ele>828</ele>
      </trkpt>
      <trkpt lat="34.161110000" lon="-111.769870000">
        <ele>829</ele>
      </trkpt>
      <trkpt lat="34.160960000" lon="-111.769910000">
        <ele>829</ele>
      </trkpt>
      <trkpt lat="34.160730000" lon="-111.769920000">
        <ele>829</ele>
      </trkpt>
      <trkpt lat="34.160350000" lon="-111.769970000">
        <ele>829</ele>
      </trkpt>
      <trkpt lat="34.160160000" lon="-111.769970000">
        <ele>829</ele>
      </trkpt>
      <trkpt lat="34.159840000" lon="-111.769910000">
        <ele>829</ele>
      </trkpt>
      <trkpt lat="34.159610000" lon="-111.769890000">
        <ele>829</ele>
      </trkpt>
      <trkpt lat="34.159340000" lon="-111.769890000">
        <ele>829</ele>
      </trkpt>
      <trkpt lat="34.159020000" lon="-111.769930000">
        <ele>830</ele>
      </trkpt>
      <trkpt lat="34.158880000" lon="-111.769980000">
        <ele>831</ele>
      </trkpt>
      <trkpt lat="34.158850000" lon="-111.769970000">
        <ele>830</ele>
      </trkpt>
      <trkpt lat="34.158750000" lon="-111.770020000">
        <ele>831</ele>
      </trkpt>
      <trkpt lat="34.158600000" lon="-111.770130000">
        <ele>834</ele>
      </trkpt>
      <trkpt lat="34.158260000" lon="-111.770430000">
        <ele>837</ele>
      </trkpt>
      <trkpt lat="34.158140000" lon="-111.770560000">
        <ele>837</ele>
      </trkpt>
      <trkpt lat="34.157930000" lon="-111.770710000">
        <ele>837</ele>
      </trkpt>
      <trkpt lat="34.157470000" lon="-111.771120000">
        <ele>838</ele>
      </trkpt>
      <trkpt lat="34.157390000" lon="-111.771230000">
        <ele>839</ele>
      </trkpt>
      <trkpt lat="34.157270000" lon="-111.771500000">
        <ele>840</ele>
      </trkpt>
      <trkpt lat="34.156960000" lon="-111.772030000">
        <ele>840</ele>
      </trkpt>
      <trkpt lat="34.156830000" lon="-111.772200000">
        <ele>840</ele>
      </trkpt>
      <trkpt lat="34.156660000" lon="-111.772370000">
        <ele>841</ele>
      </trkpt>
      <trkpt lat="34.156590000" lon="-111.772390000">
        <ele>841</ele>
      </trkpt>
      <trkpt lat="34.156130000" lon="-111.772290000">
        <ele>841</ele>
      </trkpt>
      <trkpt lat="34.155950000" lon="-111.772310000">
        <ele>841</ele>
      </trkpt>
      <trkpt lat="34.155820000" lon="-111.772360000">
        <ele>841</ele>
      </trkpt>
      <trkpt lat="34.155470000" lon="-111.772560000">
        <ele>841</ele>
      </trkpt>
      <trkpt lat="34.155160000" lon="-111.772680000">
        <ele>841</ele>
      </trkpt>
      <trkpt lat="34.154870000" lon="-111.772660000">
        <ele>842</ele>
      </trkpt>
      <trkpt lat="34.154700000" lon="-111.772690000">
        <ele>843</ele>
      </trkpt>
      <trkpt lat="34.154340000" lon="-111.772780000">
        <ele>847</ele>
      </trkpt>
      <trkpt lat="34.154070000" lon="-111.772890000">
        <ele>849</ele>
      </trkpt>
      <trkpt lat="34.153810000" lon="-111.772940000">
        <ele>851</ele>
      </trkpt>
      <trkpt lat="34.153370000" lon="-111.773060000">
        <ele>853</ele>
      </trkpt>
      <trkpt lat="34.153170000" lon="-111.773050000">
        <ele>853</ele>
      </trkpt>
      <trkpt lat="34.152860000" lon="-111.773110000">
        <ele>853</ele>
      </trkpt>
      <trkpt lat="34.152700000" lon="-111.773110000">
        <ele>853</ele>
      </trkpt>
      <trkpt lat="34.151980000" lon="-111.773290000">
        <ele>853</ele>
      </trkpt>
      <trkpt lat="34.151860000" lon="-111.773310000">
        <ele>853</ele>
      </trkpt>
      <trkpt lat="34.151750000" lon="-111.773280000">
        <ele>853</ele>
      </trkpt>
      <trkpt lat="34.151550000" lon="-111.773300000">
        <ele>853</ele>
      </trkpt>
      <trkpt lat="34.151200000" lon="-111.773380000">
        <ele>853</ele>
      </trkpt>
      <trkpt lat="34.150640000" lon="-111.773460000">
        <ele>854</ele>
      </trkpt>
      <trkpt lat="34.150350000" lon="-111.773470000">
        <ele>854</ele>
      </trkpt>
      <trkpt lat="34.149970000" lon="-111.773510000">
        <ele>853</ele>
      </trkpt>
      <trkpt lat="34.149280000" lon="-111.773700000">
        <ele>853</ele>
      </trkpt>
      <trkpt lat="34.148820000" lon="-111.773810000">
        <ele>853</ele>
      </trkpt>
      <trkpt lat="34.148710000" lon="-111.773810000">
        <ele>853</ele>
      </trkpt>
      <trkpt lat="34.148100000" lon="-111.774000000">
        <ele>853</ele>
      </trkpt>
      <trkpt lat="34.148020000" lon="-111.774050000">
        <ele>853</ele>
      </trkpt>
      <trkpt lat="34.147850000" lon="-111.774090000">
        <ele>854</ele>
      </trkpt>
      <trkpt lat="34.147370000" lon="-111.774280000">
        <ele>865</ele>
      </trkpt>
      <trkpt lat="34.146790000" lon="-111.774480000">
        <ele>868</ele>
      </trkpt>
      <trkpt lat="34.146730000" lon="-111.774490000">
        <ele>868</ele>
      </trkpt>
      <trkpt lat="34.146600000" lon="-111.774430000">
        <ele>868</ele>
      </trkpt>
      <trkpt lat="34.146610000" lon="-111.774450000">
        <ele>868</ele>
      </trkpt>
    </trkseg>
  </trk>
</gpx>
