<?xml version="1.0" encoding="UTF-8"?>
<gpx version="1.1" creator="GPSBabel - https://www.gpsbabel.org" xmlns="http://www.topografix.com/GPX/1/1" xmlns:xsi="http://www.w3.org/2001/XMLSchema-instance" xmlns:gpxx="http://www.garmin.com/xmlschemas/GpxExtensions/v3">
  <metadata>
    <name>Upper Mazatzal Loop</name>
    <desc>Upper Mazatzal Loop</desc>
    <time>2026-08-30T18:03:44.097Z</time>
    <bounds minlat="34.176530000" minlon="-111.698980000" maxlat="34.359660000" maxlon="-111.509630000"/>
  </metadata>
  <wpt lat="34.195248100" lon="-111.650683800">
    <ele>1141</ele>
    <name>Campsite</name>
    <cmt>Campsite</cmt>
    <desc>Campsite</desc>
    <sym>Campground</sym>
  </wpt>
  <trk>
    <name>Upper Mazatzal Loop</name>
    <trkseg>
      <trkpt lat="34.356200000" lon="-111.569620000">
        <ele>1754</ele>
      </trkpt>
      <trkpt lat="34.356250000" lon="-111.569620000">
        <ele>1754</ele>
      </trkpt>
      <trkpt lat="34.356250000" lon="-111.569650000">
        <ele>1754</ele>
      </trkpt>
      <trkpt lat="34.356270000" lon="-111.569620000">
        <ele>1754</ele>
      </trkpt>
      <trkpt lat="34.356320000" lon="-111.569640000">
        <ele>1754</ele>
      </trkpt>
      <trkpt lat="34.356410000" lon="-111.569590000">
        <ele>1755</ele>
      </trkpt>
      <trkpt lat="34.356600000" lon="-111.569470000">
        <ele>1757</ele>
      </trkpt>
      <trkpt lat="34.356710000" lon="-111.569330000">
        <ele>1757</ele>
      </trkpt>
      <trkpt lat="34.356840000" lon="-111.569270000">
        <ele>1758</ele>
      </trkpt>
      <trkpt lat="34.357030000" lon="-111.569140000">
        <ele>1760</ele>
      </trkpt>
      <trkpt lat="34.357180000" lon="-111.569110000">
        <ele>1762</ele>
      </trkpt>
      <trkpt lat="34.357290000" lon="-111.569060000">
        <ele>1763</ele>
      </trkpt>
      <trkpt lat="34.357480000" lon="-111.568930000">
        <ele>1765</ele>
      </trkpt>
      <trkpt lat="34.357570000" lon="-111.568820000">
        <ele>1765</ele>
      </trkpt>
      <trkpt lat="34.357600000" lon="-111.568650000">
        <ele>1766</ele>
      </trkpt>
      <trkpt lat="34.357610000" lon="-111.568420000">
        <ele>1765</ele>
      </trkpt>
      <trkpt lat="34.357590000" lon="-111.568130000">
        <ele>1765</ele>
      </trkpt>
      <trkpt lat="34.357640000" lon="-111.567760000">
        <ele>1766</ele>
      </trkpt>
      <trkpt lat="34.357620000" lon="-111.567650000">
        <ele>1766</ele>
      </trkpt>
      <trkpt lat="34.357710000" lon="-111.567360000">
        <ele>1767</ele>
      </trkpt>
      <trkpt lat="34.357730000" lon="-111.567050000">
        <ele>1768</ele>
      </trkpt>
      <trkpt lat="34.357790000" lon="-111.566770000">
        <ele>1769</ele>
      </trkpt>
      <trkpt lat="34.358000000" lon="-111.566290000">
        <ele>1769</ele>
      </trkpt>
      <trkpt lat="34.358280000" lon="-111.565530000">
        <ele>1767</ele>
      </trkpt>
      <trkpt lat="34.358330000" lon="-111.565250000">
        <ele>1765</ele>
      </trkpt>
      <trkpt lat="34.358360000" lon="-111.564620000">
        <ele>1763</ele>
      </trkpt>
      <trkpt lat="34.358410000" lon="-111.564440000">
        <ele>1762</ele>
      </trkpt>
      <trkpt lat="34.358440000" lon="-111.564100000">
        <ele>1761</ele>
      </trkpt>
      <trkpt lat="34.358470000" lon="-111.564040000">
        <ele>1761</ele>
      </trkpt>
      <trkpt lat="34.358560000" lon="-111.563660000">
        <ele>1762</ele>
      </trkpt>
      <trkpt lat="34.358590000" lon="-111.563110000">
        <ele>1765</ele>
      </trkpt>
      <trkpt lat="34.358630000" lon="-111.562920000">
        <ele>1766</ele>
      </trkpt>
      <trkpt lat="34.358740000" lon="-111.562620000">
        <ele>1765</ele>
      </trkpt>
      <trkpt lat="34.358860000" lon="-111.562480000">
        <ele>1765</ele>
      </trkpt>
      <trkpt lat="34.358900000" lon="-111.562380000">
        <ele>1765</ele>
      </trkpt>
      <trkpt lat="34.359030000" lon="-111.562200000">
        <ele>1765</ele>
      </trkpt>
      <trkpt lat="34.359320000" lon="-111.561570000">
        <ele>1766</ele>
      </trkpt>
      <trkpt lat="34.359490000" lon="-111.561310000">
        <ele>1766</ele>
      </trkpt>
      <trkpt lat="34.359590000" lon="-111.561220000">
        <ele>1766</ele>
      </trkpt>
      <trkpt lat="34.359660000" lon="-111.561040000">
        <ele>1767</ele>
      </trkpt>
      <trkpt lat="34.359620000" lon="-111.560850000">
        <ele>1767</ele>
      </trkpt>
      <trkpt lat="34.359430000" lon="-111.560540000">
        <ele>1769</ele>
      </trkpt>
      <trkpt lat="34.359430000" lon="-111.560390000">
        <ele>1770</ele>
      </trkpt>
      <trkpt lat="34.359500000" lon="-111.560090000">
        <ele>1773</ele>
      </trkpt>
      <trkpt lat="34.359490000" lon="-111.559990000">
        <ele>1774</ele>
      </trkpt>
      <trkpt lat="34.359320000" lon="-111.559810000">
        <ele>1775</ele>
      </trkpt>
      <trkpt lat="34.359150000" lon="-111.559670000">
        <ele>1776</ele>
      </trkpt>
      <trkpt lat="34.359090000" lon="-111.559530000">
        <ele>1777</ele>
      </trkpt>
      <trkpt lat="34.359020000" lon="-111.559220000">
        <ele>1778</ele>
      </trkpt>
      <trkpt lat="34.358970000" lon="-111.558640000">
        <ele>1779</ele>
      </trkpt>
      <trkpt lat="34.358970000" lon="-111.558460000">
        <ele>1779</ele>
      </trkpt>
      <trkpt lat="34.358940000" lon="-111.558090000">
        <ele>1780</ele>
      </trkpt>
      <trkpt lat="34.358980000" lon="-111.557870000">
        <ele>1780</ele>
      </trkpt>
      <trkpt lat="34.359090000" lon="-111.557570000">
        <ele>1781</ele>
      </trkpt>
      <trkpt lat="34.359070000" lon="-111.557500000">
        <ele>1781</ele>
      </trkpt>
      <trkpt lat="34.358910000" lon="-111.557400000">
        <ele>1781</ele>
      </trkpt>
      <trkpt lat="34.358620000" lon="-111.557380000">
        <ele>1780</ele>
      </trkpt>
      <trkpt lat="34.358480000" lon="-111.557390000">
        <ele>1780</ele>
      </trkpt>
      <trkpt lat="34.358210000" lon="-111.557270000">
        <ele>1780</ele>
      </trkpt>
      <trkpt lat="34.357900000" lon="-111.557220000">
        <ele>1780</ele>
      </trkpt>
      <trkpt lat="34.357670000" lon="-111.557120000">
        <ele>1780</ele>
      </trkpt>
      <trkpt lat="34.357550000" lon="-111.557120000">
        <ele>1780</ele>
      </trkpt>
      <trkpt lat="34.357270000" lon="-111.556980000">
        <ele>1780</ele>
      </trkpt>
      <trkpt lat="34.357010000" lon="-111.556960000">
        <ele>1780</ele>
      </trkpt>
      <trkpt lat="34.356780000" lon="-111.556890000">
        <ele>1779</ele>
      </trkpt>
      <trkpt lat="34.356730000" lon="-111.556890000">
        <ele>1779</ele>
      </trkpt>
      <trkpt lat="34.356650000" lon="-111.556820000">
        <ele>1779</ele>
      </trkpt>
      <trkpt lat="34.356650000" lon="-111.556750000">
        <ele>1779</ele>
      </trkpt>
      <trkpt lat="34.356620000" lon="-111.556650000">
        <ele>1779</ele>
      </trkpt>
      <trkpt lat="34.356650000" lon="-111.556590000">
        <ele>1779</ele>
      </trkpt>
      <trkpt lat="34.356490000" lon="-111.556630000">
        <ele>1779</ele>
      </trkpt>
      <trkpt lat="34.356460000" lon="-111.556620000">
        <ele>1778</ele>
      </trkpt>
      <trkpt lat="34.356440000" lon="-111.556540000">
        <ele>1778</ele>
      </trkpt>
      <trkpt lat="34.356320000" lon="-111.556400000">
        <ele>1778</ele>
      </trkpt>
      <trkpt lat="34.356280000" lon="-111.556440000">
        <ele>1778</ele>
      </trkpt>
      <trkpt lat="34.356290000" lon="-111.556470000">
        <ele>1778</ele>
      </trkpt>
      <trkpt lat="34.356360000" lon="-111.556340000">
        <ele>1778</ele>
      </trkpt>
      <trkpt lat="34.356290000" lon="-111.556450000">
        <ele>1778</ele>
      </trkpt>
      <trkpt lat="34.356290000" lon="-111.556520000">
        <ele>1778</ele>
      </trkpt>
      <trkpt lat="34.356320000" lon="-111.556670000">
        <ele>1778</ele>
      </trkpt>
      <trkpt lat="34.356280000" lon="-111.556800000">
        <ele>1778</ele>
      </trkpt>
      <trkpt lat="34.356250000" lon="-111.556840000">
        <ele>1779</ele>
      </trkpt>
      <trkpt lat="34.356040000" lon="-111.556830000">
        <ele>1778</ele>
      </trkpt>
      <trkpt lat="34.355900000" lon="-111.556760000">
        <ele>1778</ele>
      </trkpt>
      <trkpt lat="34.355800000" lon="-111.556660000">
        <ele>1777</ele>
      </trkpt>
      <trkpt lat="34.355740000" lon="-111.556630000">
        <ele>1777</ele>
      </trkpt>
      <trkpt lat="34.355650000" lon="-111.556650000">
        <ele>1777</ele>
      </trkpt>
      <trkpt lat="34.355570000" lon="-111.556590000">
        <ele>1777</ele>
      </trkpt>
      <trkpt lat="34.355440000" lon="-111.556550000">
        <ele>1776</ele>
      </trkpt>
      <trkpt lat="34.355270000" lon="-111.556580000">
        <ele>1776</ele>
      </trkpt>
      <trkpt lat="34.354990000" lon="-111.556510000">
        <ele>1775</ele>
      </trkpt>
      <trkpt lat="34.354870000" lon="-111.556530000">
        <ele>1775</ele>
      </trkpt>
      <trkpt lat="34.354630000" lon="-111.556520000">
        <ele>1774</ele>
      </trkpt>
      <trkpt lat="34.354490000" lon="-111.556450000">
        <ele>1773</ele>
      </trkpt>
      <trkpt lat="34.354450000" lon="-111.556390000">
        <ele>1773</ele>
      </trkpt>
      <trkpt lat="34.354390000" lon="-111.556360000">
        <ele>1773</ele>
      </trkpt>
      <trkpt lat="34.354300000" lon="-111.556200000">
        <ele>1772</ele>
      </trkpt>
      <trkpt lat="34.354290000" lon="-111.556120000">
        <ele>1772</ele>
      </trkpt>
      <trkpt lat="34.354220000" lon="-111.555960000">
        <ele>1771</ele>
      </trkpt>
      <trkpt lat="34.354150000" lon="-111.555860000">
        <ele>1771</ele>
      </trkpt>
      <trkpt lat="34.354010000" lon="-111.555840000">
        <ele>1771</ele>
      </trkpt>
      <trkpt lat="34.353960000" lon="-111.555800000">
        <ele>1770</ele>
      </trkpt>
      <trkpt lat="34.353890000" lon="-111.555670000">
        <ele>1770</ele>
      </trkpt>
      <trkpt lat="34.353740000" lon="-111.555500000">
        <ele>1769</ele>
      </trkpt>
      <trkpt lat="34.353620000" lon="-111.555300000">
        <ele>1768</ele>
      </trkpt>
      <trkpt lat="34.353450000" lon="-111.555180000">
        <ele>1768</ele>
      </trkpt>
      <trkpt lat="34.353180000" lon="-111.555050000">
        <ele>1768</ele>
      </trkpt>
      <trkpt lat="34.353060000" lon="-111.554940000">
        <ele>1768</ele>
      </trkpt>
      <trkpt lat="34.352770000" lon="-111.554830000">
        <ele>1768</ele>
      </trkpt>
      <trkpt lat="34.352720000" lon="-111.554770000">
        <ele>1767</ele>
      </trkpt>
      <trkpt lat="34.352730000" lon="-111.554650000">
        <ele>1767</ele>
      </trkpt>
      <trkpt lat="34.352790000" lon="-111.554510000">
        <ele>1767</ele>
      </trkpt>
      <trkpt lat="34.352740000" lon="-111.554330000">
        <ele>1767</ele>
      </trkpt>
      <trkpt lat="34.352640000" lon="-111.554180000">
        <ele>1766</ele>
      </trkpt>
      <trkpt lat="34.352590000" lon="-111.554130000">
        <ele>1766</ele>
      </trkpt>
      <trkpt lat="34.352470000" lon="-111.554080000">
        <ele>1766</ele>
      </trkpt>
      <trkpt lat="34.352320000" lon="-111.553900000">
        <ele>1765</ele>
      </trkpt>
      <trkpt lat="34.352140000" lon="-111.553740000">
        <ele>1764</ele>
      </trkpt>
      <trkpt lat="34.352110000" lon="-111.553680000">
        <ele>1764</ele>
      </trkpt>
      <trkpt lat="34.352050000" lon="-111.553390000">
        <ele>1763</ele>
      </trkpt>
      <trkpt lat="34.351950000" lon="-111.553260000">
        <ele>1762</ele>
      </trkpt>
      <trkpt lat="34.351910000" lon="-111.552890000">
        <ele>1761</ele>
      </trkpt>
      <trkpt lat="34.351920000" lon="-111.552820000">
        <ele>1761</ele>
      </trkpt>
      <trkpt lat="34.351890000" lon="-111.552680000">
        <ele>1760</ele>
      </trkpt>
      <trkpt lat="34.351760000" lon="-111.552560000">
        <ele>1759</ele>
      </trkpt>
      <trkpt lat="34.351570000" lon="-111.552340000">
        <ele>1758</ele>
      </trkpt>
      <trkpt lat="34.351590000" lon="-111.552180000">
        <ele>1758</ele>
      </trkpt>
      <trkpt lat="34.351550000" lon="-111.552030000">
        <ele>1758</ele>
      </trkpt>
      <trkpt lat="34.351420000" lon="-111.551700000">
        <ele>1757</ele>
      </trkpt>
      <trkpt lat="34.351300000" lon="-111.551570000">
        <ele>1756</ele>
      </trkpt>
      <trkpt lat="34.351220000" lon="-111.551370000">
        <ele>1756</ele>
      </trkpt>
      <trkpt lat="34.351080000" lon="-111.551220000">
        <ele>1755</ele>
      </trkpt>
      <trkpt lat="34.351040000" lon="-111.551080000">
        <ele>1755</ele>
      </trkpt>
      <trkpt lat="34.350890000" lon="-111.550870000">
        <ele>1755</ele>
      </trkpt>
      <trkpt lat="34.350820000" lon="-111.550660000">
        <ele>1755</ele>
      </trkpt>
      <trkpt lat="34.350760000" lon="-111.550600000">
        <ele>1755</ele>
      </trkpt>
      <trkpt lat="34.350470000" lon="-111.550430000">
        <ele>1755</ele>
      </trkpt>
      <trkpt lat="34.350280000" lon="-111.550200000">
        <ele>1755</ele>
      </trkpt>
      <trkpt lat="34.350190000" lon="-111.550120000">
        <ele>1756</ele>
      </trkpt>
      <trkpt lat="34.350100000" lon="-111.550090000">
        <ele>1756</ele>
      </trkpt>
      <trkpt lat="34.350050000" lon="-111.550010000">
        <ele>1756</ele>
      </trkpt>
      <trkpt lat="34.349960000" lon="-111.549990000">
        <ele>1756</ele>
      </trkpt>
      <trkpt lat="34.349730000" lon="-111.549820000">
        <ele>1756</ele>
      </trkpt>
      <trkpt lat="34.349620000" lon="-111.549660000">
        <ele>1757</ele>
      </trkpt>
      <trkpt lat="34.349500000" lon="-111.549550000">
        <ele>1757</ele>
      </trkpt>
      <trkpt lat="34.349360000" lon="-111.549320000">
        <ele>1758</ele>
      </trkpt>
      <trkpt lat="34.349250000" lon="-111.549260000">
        <ele>1759</ele>
      </trkpt>
      <trkpt lat="34.349190000" lon="-111.549280000">
        <ele>1759</ele>
      </trkpt>
      <trkpt lat="34.349170000" lon="-111.549300000">
        <ele>1759</ele>
      </trkpt>
      <trkpt lat="34.349010000" lon="-111.549290000">
        <ele>1759</ele>
      </trkpt>
      <trkpt lat="34.348940000" lon="-111.549250000">
        <ele>1760</ele>
      </trkpt>
      <trkpt lat="34.348910000" lon="-111.549070000">
        <ele>1760</ele>
      </trkpt>
      <trkpt lat="34.348830000" lon="-111.548970000">
        <ele>1761</ele>
      </trkpt>
      <trkpt lat="34.348750000" lon="-111.548930000">
        <ele>1761</ele>
      </trkpt>
      <trkpt lat="34.348680000" lon="-111.548940000">
        <ele>1761</ele>
      </trkpt>
      <trkpt lat="34.348550000" lon="-111.548900000">
        <ele>1761</ele>
      </trkpt>
      <trkpt lat="34.348330000" lon="-111.548860000">
        <ele>1762</ele>
      </trkpt>
      <trkpt lat="34.348150000" lon="-111.548880000">
        <ele>1762</ele>
      </trkpt>
      <trkpt lat="34.348030000" lon="-111.548720000">
        <ele>1763</ele>
      </trkpt>
      <trkpt lat="34.347930000" lon="-111.548710000">
        <ele>1763</ele>
      </trkpt>
      <trkpt lat="34.347750000" lon="-111.548770000">
        <ele>1762</ele>
      </trkpt>
      <trkpt lat="34.347530000" lon="-111.548790000">
        <ele>1762</ele>
      </trkpt>
      <trkpt lat="34.347450000" lon="-111.548770000">
        <ele>1762</ele>
      </trkpt>
      <trkpt lat="34.347370000" lon="-111.548700000">
        <ele>1762</ele>
      </trkpt>
      <trkpt lat="34.347260000" lon="-111.548450000">
        <ele>1763</ele>
      </trkpt>
      <trkpt lat="34.347160000" lon="-111.548360000">
        <ele>1763</ele>
      </trkpt>
      <trkpt lat="34.347070000" lon="-111.548330000">
        <ele>1763</ele>
      </trkpt>
      <trkpt lat="34.346930000" lon="-111.548170000">
        <ele>1764</ele>
      </trkpt>
      <trkpt lat="34.346710000" lon="-111.548070000">
        <ele>1763</ele>
      </trkpt>
      <trkpt lat="34.346550000" lon="-111.548080000">
        <ele>1763</ele>
      </trkpt>
      <trkpt lat="34.346480000" lon="-111.548070000">
        <ele>1763</ele>
      </trkpt>
      <trkpt lat="34.346430000" lon="-111.548030000">
        <ele>1762</ele>
      </trkpt>
      <trkpt lat="34.346390000" lon="-111.547940000">
        <ele>1762</ele>
      </trkpt>
      <trkpt lat="34.346420000" lon="-111.547760000">
        <ele>1763</ele>
      </trkpt>
      <trkpt lat="34.346400000" lon="-111.547690000">
        <ele>1763</ele>
      </trkpt>
      <trkpt lat="34.346240000" lon="-111.547640000">
        <ele>1762</ele>
      </trkpt>
      <trkpt lat="34.346140000" lon="-111.547570000">
        <ele>1762</ele>
      </trkpt>
      <trkpt lat="34.346060000" lon="-111.547600000">
        <ele>1761</ele>
      </trkpt>
      <trkpt lat="34.345920000" lon="-111.547550000">
        <ele>1761</ele>
      </trkpt>
      <trkpt lat="34.345740000" lon="-111.547620000">
        <ele>1759</ele>
      </trkpt>
      <trkpt lat="34.345590000" lon="-111.547590000">
        <ele>1758</ele>
      </trkpt>
      <trkpt lat="34.345320000" lon="-111.547240000">
        <ele>1757</ele>
      </trkpt>
      <trkpt lat="34.345130000" lon="-111.547130000">
        <ele>1755</ele>
      </trkpt>
      <trkpt lat="34.345010000" lon="-111.547100000">
        <ele>1754</ele>
      </trkpt>
      <trkpt lat="34.344930000" lon="-111.547020000">
        <ele>1753</ele>
      </trkpt>
      <trkpt lat="34.344870000" lon="-111.546850000">
        <ele>1753</ele>
      </trkpt>
      <trkpt lat="34.344730000" lon="-111.546730000">
        <ele>1752</ele>
      </trkpt>
      <trkpt lat="34.344690000" lon="-111.546520000">
        <ele>1751</ele>
      </trkpt>
      <trkpt lat="34.344720000" lon="-111.546390000">
        <ele>1752</ele>
      </trkpt>
      <trkpt lat="34.344530000" lon="-111.546170000">
        <ele>1750</ele>
      </trkpt>
      <trkpt lat="34.344500000" lon="-111.546050000">
        <ele>1750</ele>
      </trkpt>
      <trkpt lat="34.344360000" lon="-111.545910000">
        <ele>1748</ele>
      </trkpt>
      <trkpt lat="34.344280000" lon="-111.545890000">
        <ele>1748</ele>
      </trkpt>
      <trkpt lat="34.344180000" lon="-111.545890000">
        <ele>1747</ele>
      </trkpt>
      <trkpt lat="34.344070000" lon="-111.545780000">
        <ele>1745</ele>
      </trkpt>
      <trkpt lat="34.344010000" lon="-111.545780000">
        <ele>1745</ele>
      </trkpt>
      <trkpt lat="34.343960000" lon="-111.545750000">
        <ele>1744</ele>
      </trkpt>
      <trkpt lat="34.343900000" lon="-111.545580000">
        <ele>1743</ele>
      </trkpt>
      <trkpt lat="34.343880000" lon="-111.545460000">
        <ele>1743</ele>
      </trkpt>
      <trkpt lat="34.343790000" lon="-111.545310000">
        <ele>1743</ele>
      </trkpt>
      <trkpt lat="34.343760000" lon="-111.545180000">
        <ele>1742</ele>
      </trkpt>
      <trkpt lat="34.343640000" lon="-111.545080000">
        <ele>1741</ele>
      </trkpt>
      <trkpt lat="34.343600000" lon="-111.545020000">
        <ele>1741</ele>
      </trkpt>
      <trkpt lat="34.343620000" lon="-111.544860000">
        <ele>1741</ele>
      </trkpt>
      <trkpt lat="34.343550000" lon="-111.544800000">
        <ele>1740</ele>
      </trkpt>
      <trkpt lat="34.343480000" lon="-111.544630000">
        <ele>1739</ele>
      </trkpt>
      <trkpt lat="34.343420000" lon="-111.544600000">
        <ele>1739</ele>
      </trkpt>
      <trkpt lat="34.343310000" lon="-111.544590000">
        <ele>1738</ele>
      </trkpt>
      <trkpt lat="34.343210000" lon="-111.544510000">
        <ele>1737</ele>
      </trkpt>
      <trkpt lat="34.343120000" lon="-111.544510000">
        <ele>1736</ele>
      </trkpt>
      <trkpt lat="34.343080000" lon="-111.544460000">
        <ele>1736</ele>
      </trkpt>
      <trkpt lat="34.342890000" lon="-111.544510000">
        <ele>1735</ele>
      </trkpt>
      <trkpt lat="34.342800000" lon="-111.544500000">
        <ele>1734</ele>
      </trkpt>
      <trkpt lat="34.342680000" lon="-111.544440000">
        <ele>1733</ele>
      </trkpt>
      <trkpt lat="34.342610000" lon="-111.544440000">
        <ele>1733</ele>
      </trkpt>
      <trkpt lat="34.342550000" lon="-111.544370000">
        <ele>1732</ele>
      </trkpt>
      <trkpt lat="34.342290000" lon="-111.544240000">
        <ele>1730</ele>
      </trkpt>
      <trkpt lat="34.342170000" lon="-111.544220000">
        <ele>1730</ele>
      </trkpt>
      <trkpt lat="34.342120000" lon="-111.544240000">
        <ele>1729</ele>
      </trkpt>
      <trkpt lat="34.342040000" lon="-111.544190000">
        <ele>1729</ele>
      </trkpt>
      <trkpt lat="34.341960000" lon="-111.544080000">
        <ele>1729</ele>
      </trkpt>
      <trkpt lat="34.342010000" lon="-111.543960000">
        <ele>1729</ele>
      </trkpt>
      <trkpt lat="34.341950000" lon="-111.543830000">
        <ele>1728</ele>
      </trkpt>
      <trkpt lat="34.341920000" lon="-111.543700000">
        <ele>1728</ele>
      </trkpt>
      <trkpt lat="34.341840000" lon="-111.543550000">
        <ele>1726</ele>
      </trkpt>
      <trkpt lat="34.341830000" lon="-111.543450000">
        <ele>1726</ele>
      </trkpt>
      <trkpt lat="34.341710000" lon="-111.543310000">
        <ele>1725</ele>
      </trkpt>
      <trkpt lat="34.341600000" lon="-111.543030000">
        <ele>1723</ele>
      </trkpt>
      <trkpt lat="34.341480000" lon="-111.542920000">
        <ele>1722</ele>
      </trkpt>
      <trkpt lat="34.341370000" lon="-111.542870000">
        <ele>1721</ele>
      </trkpt>
      <trkpt lat="34.341360000" lon="-111.542830000">
        <ele>1721</ele>
      </trkpt>
      <trkpt lat="34.341230000" lon="-111.542780000">
        <ele>1720</ele>
      </trkpt>
      <trkpt lat="34.341130000" lon="-111.542710000">
        <ele>1720</ele>
      </trkpt>
      <trkpt lat="34.341030000" lon="-111.542650000">
        <ele>1719</ele>
      </trkpt>
      <trkpt lat="34.340800000" lon="-111.542590000">
        <ele>1718</ele>
      </trkpt>
      <trkpt lat="34.340760000" lon="-111.542540000">
        <ele>1718</ele>
      </trkpt>
      <trkpt lat="34.340700000" lon="-111.542510000">
        <ele>1718</ele>
      </trkpt>
      <trkpt lat="34.340690000" lon="-111.542450000">
        <ele>1717</ele>
      </trkpt>
      <trkpt lat="34.340620000" lon="-111.542490000">
        <ele>1717</ele>
      </trkpt>
      <trkpt lat="34.340420000" lon="-111.542400000">
        <ele>1716</ele>
      </trkpt>
      <trkpt lat="34.340330000" lon="-111.542280000">
        <ele>1715</ele>
      </trkpt>
      <trkpt lat="34.340250000" lon="-111.542250000">
        <ele>1715</ele>
      </trkpt>
      <trkpt lat="34.340190000" lon="-111.542200000">
        <ele>1714</ele>
      </trkpt>
      <trkpt lat="34.340100000" lon="-111.542160000">
        <ele>1714</ele>
      </trkpt>
      <trkpt lat="34.340060000" lon="-111.542110000">
        <ele>1713</ele>
      </trkpt>
      <trkpt lat="34.339920000" lon="-111.542030000">
        <ele>1712</ele>
      </trkpt>
      <trkpt lat="34.339660000" lon="-111.541800000">
        <ele>1710</ele>
      </trkpt>
      <trkpt lat="34.339420000" lon="-111.541750000">
        <ele>1709</ele>
      </trkpt>
      <trkpt lat="34.339350000" lon="-111.541680000">
        <ele>1709</ele>
      </trkpt>
      <trkpt lat="34.339230000" lon="-111.541620000">
        <ele>1708</ele>
      </trkpt>
      <trkpt lat="34.339060000" lon="-111.541640000">
        <ele>1708</ele>
      </trkpt>
      <trkpt lat="34.339000000" lon="-111.541600000">
        <ele>1708</ele>
      </trkpt>
      <trkpt lat="34.338920000" lon="-111.541650000">
        <ele>1708</ele>
      </trkpt>
      <trkpt lat="34.338700000" lon="-111.541570000">
        <ele>1707</ele>
      </trkpt>
      <trkpt lat="34.338610000" lon="-111.541600000">
        <ele>1707</ele>
      </trkpt>
      <trkpt lat="34.338440000" lon="-111.541540000">
        <ele>1707</ele>
      </trkpt>
      <trkpt lat="34.338330000" lon="-111.541610000">
        <ele>1707</ele>
      </trkpt>
      <trkpt lat="34.338250000" lon="-111.541620000">
        <ele>1707</ele>
      </trkpt>
      <trkpt lat="34.338170000" lon="-111.541480000">
        <ele>1706</ele>
      </trkpt>
      <trkpt lat="34.338070000" lon="-111.541400000">
        <ele>1706</ele>
      </trkpt>
      <trkpt lat="34.337930000" lon="-111.541440000">
        <ele>1705</ele>
      </trkpt>
      <trkpt lat="34.338020000" lon="-111.541390000">
        <ele>1705</ele>
      </trkpt>
      <trkpt lat="34.338090000" lon="-111.541410000">
        <ele>1706</ele>
      </trkpt>
      <trkpt lat="34.338120000" lon="-111.541400000">
        <ele>1706</ele>
      </trkpt>
      <trkpt lat="34.338130000" lon="-111.541380000">
        <ele>1706</ele>
      </trkpt>
      <trkpt lat="34.338100000" lon="-111.541360000">
        <ele>1706</ele>
      </trkpt>
      <trkpt lat="34.338080000" lon="-111.541240000">
        <ele>1705</ele>
      </trkpt>
      <trkpt lat="34.338030000" lon="-111.541160000">
        <ele>1705</ele>
      </trkpt>
      <trkpt lat="34.338040000" lon="-111.541030000">
        <ele>1704</ele>
      </trkpt>
      <trkpt lat="34.338020000" lon="-111.540920000">
        <ele>1704</ele>
      </trkpt>
      <trkpt lat="34.337970000" lon="-111.540840000">
        <ele>1703</ele>
      </trkpt>
      <trkpt lat="34.337950000" lon="-111.540740000">
        <ele>1702</ele>
      </trkpt>
      <trkpt lat="34.337870000" lon="-111.540640000">
        <ele>1701</ele>
      </trkpt>
      <trkpt lat="34.337800000" lon="-111.540610000">
        <ele>1701</ele>
      </trkpt>
      <trkpt lat="34.337750000" lon="-111.540620000">
        <ele>1700</ele>
      </trkpt>
      <trkpt lat="34.337650000" lon="-111.540580000">
        <ele>1699</ele>
      </trkpt>
      <trkpt lat="34.337560000" lon="-111.540490000">
        <ele>1699</ele>
      </trkpt>
      <trkpt lat="34.337480000" lon="-111.540470000">
        <ele>1698</ele>
      </trkpt>
      <trkpt lat="34.337340000" lon="-111.540470000">
        <ele>1697</ele>
      </trkpt>
      <trkpt lat="34.337190000" lon="-111.540400000">
        <ele>1696</ele>
      </trkpt>
      <trkpt lat="34.337130000" lon="-111.540430000">
        <ele>1695</ele>
      </trkpt>
      <trkpt lat="34.337070000" lon="-111.540430000">
        <ele>1695</ele>
      </trkpt>
      <trkpt lat="34.336970000" lon="-111.540350000">
        <ele>1694</ele>
      </trkpt>
      <trkpt lat="34.336810000" lon="-111.540300000">
        <ele>1694</ele>
      </trkpt>
      <trkpt lat="34.336690000" lon="-111.540190000">
        <ele>1694</ele>
      </trkpt>
      <trkpt lat="34.336670000" lon="-111.540210000">
        <ele>1694</ele>
      </trkpt>
      <trkpt lat="34.336520000" lon="-111.540190000">
        <ele>1693</ele>
      </trkpt>
      <trkpt lat="34.336420000" lon="-111.540260000">
        <ele>1693</ele>
      </trkpt>
      <trkpt lat="34.336320000" lon="-111.540250000">
        <ele>1693</ele>
      </trkpt>
      <trkpt lat="34.336300000" lon="-111.540240000">
        <ele>1693</ele>
      </trkpt>
      <trkpt lat="34.336210000" lon="-111.540240000">
        <ele>1692</ele>
      </trkpt>
      <trkpt lat="34.336140000" lon="-111.540280000">
        <ele>1692</ele>
      </trkpt>
      <trkpt lat="34.335930000" lon="-111.540280000">
        <ele>1692</ele>
      </trkpt>
      <trkpt lat="34.335790000" lon="-111.540310000">
        <ele>1691</ele>
      </trkpt>
      <trkpt lat="34.335590000" lon="-111.540210000">
        <ele>1692</ele>
      </trkpt>
      <trkpt lat="34.335500000" lon="-111.540110000">
        <ele>1692</ele>
      </trkpt>
      <trkpt lat="34.335420000" lon="-111.540110000">
        <ele>1692</ele>
      </trkpt>
      <trkpt lat="34.335220000" lon="-111.540030000">
        <ele>1693</ele>
      </trkpt>
      <trkpt lat="34.335100000" lon="-111.539920000">
        <ele>1694</ele>
      </trkpt>
      <trkpt lat="34.334890000" lon="-111.539890000">
        <ele>1694</ele>
      </trkpt>
      <trkpt lat="34.334830000" lon="-111.539760000">
        <ele>1694</ele>
      </trkpt>
      <trkpt lat="34.334800000" lon="-111.539740000">
        <ele>1694</ele>
      </trkpt>
      <trkpt lat="34.334710000" lon="-111.539710000">
        <ele>1694</ele>
      </trkpt>
      <trkpt lat="34.334590000" lon="-111.539750000">
        <ele>1694</ele>
      </trkpt>
      <trkpt lat="34.334500000" lon="-111.539730000">
        <ele>1694</ele>
      </trkpt>
      <trkpt lat="34.334350000" lon="-111.539670000">
        <ele>1694</ele>
      </trkpt>
      <trkpt lat="34.334260000" lon="-111.539570000">
        <ele>1694</ele>
      </trkpt>
      <trkpt lat="34.334110000" lon="-111.539460000">
        <ele>1693</ele>
      </trkpt>
      <trkpt lat="34.334030000" lon="-111.539440000">
        <ele>1693</ele>
      </trkpt>
      <trkpt lat="34.333950000" lon="-111.539490000">
        <ele>1694</ele>
      </trkpt>
      <trkpt lat="34.333810000" lon="-111.539490000">
        <ele>1694</ele>
      </trkpt>
      <trkpt lat="34.333610000" lon="-111.539340000">
        <ele>1692</ele>
      </trkpt>
      <trkpt lat="34.333460000" lon="-111.539330000">
        <ele>1692</ele>
      </trkpt>
      <trkpt lat="34.333290000" lon="-111.539270000">
        <ele>1691</ele>
      </trkpt>
      <trkpt lat="34.333090000" lon="-111.539290000">
        <ele>1691</ele>
      </trkpt>
      <trkpt lat="34.332890000" lon="-111.539350000">
        <ele>1691</ele>
      </trkpt>
      <trkpt lat="34.332690000" lon="-111.539360000">
        <ele>1691</ele>
      </trkpt>
      <trkpt lat="34.332590000" lon="-111.539410000">
        <ele>1692</ele>
      </trkpt>
      <trkpt lat="34.332500000" lon="-111.539420000">
        <ele>1692</ele>
      </trkpt>
      <trkpt lat="34.332230000" lon="-111.539370000">
        <ele>1690</ele>
      </trkpt>
      <trkpt lat="34.332020000" lon="-111.539430000">
        <ele>1691</ele>
      </trkpt>
      <trkpt lat="34.331950000" lon="-111.539500000">
        <ele>1692</ele>
      </trkpt>
      <trkpt lat="34.331790000" lon="-111.539510000">
        <ele>1691</ele>
      </trkpt>
      <trkpt lat="34.331120000" lon="-111.539370000">
        <ele>1691</ele>
      </trkpt>
      <trkpt lat="34.330820000" lon="-111.539230000">
        <ele>1691</ele>
      </trkpt>
      <trkpt lat="34.330650000" lon="-111.539250000">
        <ele>1691</ele>
      </trkpt>
      <trkpt lat="34.330460000" lon="-111.539200000">
        <ele>1687</ele>
      </trkpt>
      <trkpt lat="34.330400000" lon="-111.539220000">
        <ele>1688</ele>
      </trkpt>
      <trkpt lat="34.330220000" lon="-111.539210000">
        <ele>1686</ele>
      </trkpt>
      <trkpt lat="34.330180000" lon="-111.539180000">
        <ele>1686</ele>
      </trkpt>
      <trkpt lat="34.330030000" lon="-111.539150000">
        <ele>1685</ele>
      </trkpt>
      <trkpt lat="34.329890000" lon="-111.539030000">
        <ele>1684</ele>
      </trkpt>
      <trkpt lat="34.329810000" lon="-111.539000000">
        <ele>1684</ele>
      </trkpt>
      <trkpt lat="34.329690000" lon="-111.538920000">
        <ele>1683</ele>
      </trkpt>
      <trkpt lat="34.329600000" lon="-111.538900000">
        <ele>1683</ele>
      </trkpt>
      <trkpt lat="34.329340000" lon="-111.538790000">
        <ele>1682</ele>
      </trkpt>
      <trkpt lat="34.329070000" lon="-111.538620000">
        <ele>1680</ele>
      </trkpt>
      <trkpt lat="34.328910000" lon="-111.538650000">
        <ele>1677</ele>
      </trkpt>
      <trkpt lat="34.328810000" lon="-111.538550000">
        <ele>1676</ele>
      </trkpt>
      <trkpt lat="34.328700000" lon="-111.538520000">
        <ele>1675</ele>
      </trkpt>
      <trkpt lat="34.328670000" lon="-111.538520000">
        <ele>1675</ele>
      </trkpt>
      <trkpt lat="34.328610000" lon="-111.538580000">
        <ele>1674</ele>
      </trkpt>
      <trkpt lat="34.328490000" lon="-111.538600000">
        <ele>1673</ele>
      </trkpt>
      <trkpt lat="34.328410000" lon="-111.538570000">
        <ele>1673</ele>
      </trkpt>
      <trkpt lat="34.328290000" lon="-111.538560000">
        <ele>1673</ele>
      </trkpt>
      <trkpt lat="34.328160000" lon="-111.538610000">
        <ele>1672</ele>
      </trkpt>
      <trkpt lat="34.328060000" lon="-111.538680000">
        <ele>1671</ele>
      </trkpt>
      <trkpt lat="34.327830000" lon="-111.538700000">
        <ele>1672</ele>
      </trkpt>
      <trkpt lat="34.327180000" lon="-111.538490000">
        <ele>1672</ele>
      </trkpt>
      <trkpt lat="34.327150000" lon="-111.538500000">
        <ele>1672</ele>
      </trkpt>
      <trkpt lat="34.327040000" lon="-111.538640000">
        <ele>1672</ele>
      </trkpt>
      <trkpt lat="34.326950000" lon="-111.538700000">
        <ele>1672</ele>
      </trkpt>
      <trkpt lat="34.326880000" lon="-111.538680000">
        <ele>1672</ele>
      </trkpt>
      <trkpt lat="34.326800000" lon="-111.538610000">
        <ele>1672</ele>
      </trkpt>
      <trkpt lat="34.326630000" lon="-111.538560000">
        <ele>1672</ele>
      </trkpt>
      <trkpt lat="34.326550000" lon="-111.538460000">
        <ele>1671</ele>
      </trkpt>
      <trkpt lat="34.326400000" lon="-111.538430000">
        <ele>1671</ele>
      </trkpt>
      <trkpt lat="34.326190000" lon="-111.538430000">
        <ele>1671</ele>
      </trkpt>
      <trkpt lat="34.326140000" lon="-111.538400000">
        <ele>1671</ele>
      </trkpt>
      <trkpt lat="34.326060000" lon="-111.538430000">
        <ele>1670</ele>
      </trkpt>
      <trkpt lat="34.325850000" lon="-111.538380000">
        <ele>1669</ele>
      </trkpt>
      <trkpt lat="34.325560000" lon="-111.538430000">
        <ele>1669</ele>
      </trkpt>
      <trkpt lat="34.325360000" lon="-111.538410000">
        <ele>1669</ele>
      </trkpt>
      <trkpt lat="34.325100000" lon="-111.538460000">
        <ele>1668</ele>
      </trkpt>
      <trkpt lat="34.324920000" lon="-111.538460000">
        <ele>1668</ele>
      </trkpt>
      <trkpt lat="34.324860000" lon="-111.538420000">
        <ele>1667</ele>
      </trkpt>
      <trkpt lat="34.324790000" lon="-111.538450000">
        <ele>1667</ele>
      </trkpt>
      <trkpt lat="34.324640000" lon="-111.538380000">
        <ele>1666</ele>
      </trkpt>
      <trkpt lat="34.324480000" lon="-111.538360000">
        <ele>1665</ele>
      </trkpt>
      <trkpt lat="34.324350000" lon="-111.538290000">
        <ele>1664</ele>
      </trkpt>
      <trkpt lat="34.324280000" lon="-111.538230000">
        <ele>1664</ele>
      </trkpt>
      <trkpt lat="34.324240000" lon="-111.538230000">
        <ele>1664</ele>
      </trkpt>
      <trkpt lat="34.324140000" lon="-111.538180000">
        <ele>1663</ele>
      </trkpt>
      <trkpt lat="34.324080000" lon="-111.538190000">
        <ele>1663</ele>
      </trkpt>
      <trkpt lat="34.324000000" lon="-111.538110000">
        <ele>1662</ele>
      </trkpt>
      <trkpt lat="34.323890000" lon="-111.538070000">
        <ele>1661</ele>
      </trkpt>
      <trkpt lat="34.323720000" lon="-111.537950000">
        <ele>1660</ele>
      </trkpt>
      <trkpt lat="34.323640000" lon="-111.537950000">
        <ele>1660</ele>
      </trkpt>
      <trkpt lat="34.323540000" lon="-111.537890000">
        <ele>1660</ele>
      </trkpt>
      <trkpt lat="34.323480000" lon="-111.537800000">
        <ele>1659</ele>
      </trkpt>
      <trkpt lat="34.323410000" lon="-111.537740000">
        <ele>1659</ele>
      </trkpt>
      <trkpt lat="34.323360000" lon="-111.537750000">
        <ele>1659</ele>
      </trkpt>
      <trkpt lat="34.323300000" lon="-111.537720000">
        <ele>1658</ele>
      </trkpt>
      <trkpt lat="34.323220000" lon="-111.537720000">
        <ele>1658</ele>
      </trkpt>
      <trkpt lat="34.323150000" lon="-111.537660000">
        <ele>1658</ele>
      </trkpt>
      <trkpt lat="34.323040000" lon="-111.537650000">
        <ele>1658</ele>
      </trkpt>
      <trkpt lat="34.322780000" lon="-111.537500000">
        <ele>1656</ele>
      </trkpt>
      <trkpt lat="34.322720000" lon="-111.537510000">
        <ele>1656</ele>
      </trkpt>
      <trkpt lat="34.322610000" lon="-111.537460000">
        <ele>1655</ele>
      </trkpt>
      <trkpt lat="34.322400000" lon="-111.537480000">
        <ele>1655</ele>
      </trkpt>
      <trkpt lat="34.322200000" lon="-111.537340000">
        <ele>1653</ele>
      </trkpt>
      <trkpt lat="34.322170000" lon="-111.537270000">
        <ele>1653</ele>
      </trkpt>
      <trkpt lat="34.322060000" lon="-111.537180000">
        <ele>1652</ele>
      </trkpt>
      <trkpt lat="34.321950000" lon="-111.537040000">
        <ele>1651</ele>
      </trkpt>
      <trkpt lat="34.321730000" lon="-111.536960000">
        <ele>1650</ele>
      </trkpt>
      <trkpt lat="34.321690000" lon="-111.536900000">
        <ele>1649</ele>
      </trkpt>
      <trkpt lat="34.321610000" lon="-111.536860000">
        <ele>1649</ele>
      </trkpt>
      <trkpt lat="34.321520000" lon="-111.536780000">
        <ele>1648</ele>
      </trkpt>
      <trkpt lat="34.321360000" lon="-111.536700000">
        <ele>1648</ele>
      </trkpt>
      <trkpt lat="34.321330000" lon="-111.536660000">
        <ele>1647</ele>
      </trkpt>
      <trkpt lat="34.321100000" lon="-111.536490000">
        <ele>1646</ele>
      </trkpt>
      <trkpt lat="34.321020000" lon="-111.536510000">
        <ele>1646</ele>
      </trkpt>
      <trkpt lat="34.320870000" lon="-111.536610000">
        <ele>1645</ele>
      </trkpt>
      <trkpt lat="34.320640000" lon="-111.536670000">
        <ele>1644</ele>
      </trkpt>
      <trkpt lat="34.320480000" lon="-111.536640000">
        <ele>1643</ele>
      </trkpt>
      <trkpt lat="34.320340000" lon="-111.536640000">
        <ele>1642</ele>
      </trkpt>
      <trkpt lat="34.320300000" lon="-111.536650000">
        <ele>1642</ele>
      </trkpt>
      <trkpt lat="34.320270000" lon="-111.536640000">
        <ele>1642</ele>
      </trkpt>
      <trkpt lat="34.319950000" lon="-111.536840000">
        <ele>1640</ele>
      </trkpt>
      <trkpt lat="34.319790000" lon="-111.536820000">
        <ele>1639</ele>
      </trkpt>
      <trkpt lat="34.319730000" lon="-111.536850000">
        <ele>1639</ele>
      </trkpt>
      <trkpt lat="34.319630000" lon="-111.536790000">
        <ele>1638</ele>
      </trkpt>
      <trkpt lat="34.319540000" lon="-111.536790000">
        <ele>1638</ele>
      </trkpt>
      <trkpt lat="34.319490000" lon="-111.536810000">
        <ele>1638</ele>
      </trkpt>
      <trkpt lat="34.319440000" lon="-111.536800000">
        <ele>1637</ele>
      </trkpt>
      <trkpt lat="34.319330000" lon="-111.536870000">
        <ele>1637</ele>
      </trkpt>
      <trkpt lat="34.319120000" lon="-111.536920000">
        <ele>1636</ele>
      </trkpt>
      <trkpt lat="34.319050000" lon="-111.536980000">
        <ele>1635</ele>
      </trkpt>
      <trkpt lat="34.318980000" lon="-111.536980000">
        <ele>1635</ele>
      </trkpt>
      <trkpt lat="34.318900000" lon="-111.537010000">
        <ele>1634</ele>
      </trkpt>
      <trkpt lat="34.318710000" lon="-111.536910000">
        <ele>1633</ele>
      </trkpt>
      <trkpt lat="34.318490000" lon="-111.536730000">
        <ele>1632</ele>
      </trkpt>
      <trkpt lat="34.318380000" lon="-111.536660000">
        <ele>1632</ele>
      </trkpt>
      <trkpt lat="34.318290000" lon="-111.536490000">
        <ele>1631</ele>
      </trkpt>
      <trkpt lat="34.318220000" lon="-111.536440000">
        <ele>1631</ele>
      </trkpt>
      <trkpt lat="34.318090000" lon="-111.536450000">
        <ele>1630</ele>
      </trkpt>
      <trkpt lat="34.317960000" lon="-111.536430000">
        <ele>1629</ele>
      </trkpt>
      <trkpt lat="34.317860000" lon="-111.536370000">
        <ele>1628</ele>
      </trkpt>
      <trkpt lat="34.317770000" lon="-111.536350000">
        <ele>1627</ele>
      </trkpt>
      <trkpt lat="34.317700000" lon="-111.536300000">
        <ele>1627</ele>
      </trkpt>
      <trkpt lat="34.317610000" lon="-111.536330000">
        <ele>1626</ele>
      </trkpt>
      <trkpt lat="34.317560000" lon="-111.536280000">
        <ele>1625</ele>
      </trkpt>
      <trkpt lat="34.317410000" lon="-111.536230000">
        <ele>1624</ele>
      </trkpt>
      <trkpt lat="34.317310000" lon="-111.536240000">
        <ele>1624</ele>
      </trkpt>
      <trkpt lat="34.317260000" lon="-111.536270000">
        <ele>1623</ele>
      </trkpt>
      <trkpt lat="34.317200000" lon="-111.536280000">
        <ele>1623</ele>
      </trkpt>
      <trkpt lat="34.317110000" lon="-111.536210000">
        <ele>1622</ele>
      </trkpt>
      <trkpt lat="34.317030000" lon="-111.536050000">
        <ele>1621</ele>
      </trkpt>
      <trkpt lat="34.316890000" lon="-111.535880000">
        <ele>1619</ele>
      </trkpt>
      <trkpt lat="34.316650000" lon="-111.535680000">
        <ele>1616</ele>
      </trkpt>
      <trkpt lat="34.316540000" lon="-111.535660000">
        <ele>1614</ele>
      </trkpt>
      <trkpt lat="34.316420000" lon="-111.535510000">
        <ele>1612</ele>
      </trkpt>
      <trkpt lat="34.316010000" lon="-111.535390000">
        <ele>1606</ele>
      </trkpt>
      <trkpt lat="34.315850000" lon="-111.535400000">
        <ele>1604</ele>
      </trkpt>
      <trkpt lat="34.315810000" lon="-111.535360000">
        <ele>1603</ele>
      </trkpt>
      <trkpt lat="34.315740000" lon="-111.535340000">
        <ele>1602</ele>
      </trkpt>
      <trkpt lat="34.315580000" lon="-111.535240000">
        <ele>1600</ele>
      </trkpt>
      <trkpt lat="34.315320000" lon="-111.535210000">
        <ele>1597</ele>
      </trkpt>
      <trkpt lat="34.315240000" lon="-111.535170000">
        <ele>1596</ele>
      </trkpt>
      <trkpt lat="34.315200000" lon="-111.535080000">
        <ele>1596</ele>
      </trkpt>
      <trkpt lat="34.315140000" lon="-111.535070000">
        <ele>1595</ele>
      </trkpt>
      <trkpt lat="34.315100000" lon="-111.535040000">
        <ele>1595</ele>
      </trkpt>
      <trkpt lat="34.314980000" lon="-111.534900000">
        <ele>1594</ele>
      </trkpt>
      <trkpt lat="34.314900000" lon="-111.534880000">
        <ele>1593</ele>
      </trkpt>
      <trkpt lat="34.314710000" lon="-111.534730000">
        <ele>1591</ele>
      </trkpt>
      <trkpt lat="34.314380000" lon="-111.534670000">
        <ele>1587</ele>
      </trkpt>
      <trkpt lat="34.314290000" lon="-111.534600000">
        <ele>1586</ele>
      </trkpt>
      <trkpt lat="34.314060000" lon="-111.534570000">
        <ele>1584</ele>
      </trkpt>
      <trkpt lat="34.313880000" lon="-111.534590000">
        <ele>1582</ele>
      </trkpt>
      <trkpt lat="34.313660000" lon="-111.534420000">
        <ele>1578</ele>
      </trkpt>
      <trkpt lat="34.313550000" lon="-111.534390000">
        <ele>1577</ele>
      </trkpt>
      <trkpt lat="34.313470000" lon="-111.534250000">
        <ele>1575</ele>
      </trkpt>
      <trkpt lat="34.313300000" lon="-111.534160000">
        <ele>1573</ele>
      </trkpt>
      <trkpt lat="34.313170000" lon="-111.534130000">
        <ele>1571</ele>
      </trkpt>
      <trkpt lat="34.313030000" lon="-111.534130000">
        <ele>1570</ele>
      </trkpt>
      <trkpt lat="34.312880000" lon="-111.534080000">
        <ele>1568</ele>
      </trkpt>
      <trkpt lat="34.312770000" lon="-111.534140000">
        <ele>1567</ele>
      </trkpt>
      <trkpt lat="34.312710000" lon="-111.534130000">
        <ele>1567</ele>
      </trkpt>
      <trkpt lat="34.312620000" lon="-111.534060000">
        <ele>1566</ele>
      </trkpt>
      <trkpt lat="34.312460000" lon="-111.534060000">
        <ele>1564</ele>
      </trkpt>
      <trkpt lat="34.312360000" lon="-111.534010000">
        <ele>1563</ele>
      </trkpt>
      <trkpt lat="34.312310000" lon="-111.533910000">
        <ele>1562</ele>
      </trkpt>
      <trkpt lat="34.312250000" lon="-111.533920000">
        <ele>1561</ele>
      </trkpt>
      <trkpt lat="34.311990000" lon="-111.533870000">
        <ele>1558</ele>
      </trkpt>
      <trkpt lat="34.311930000" lon="-111.533810000">
        <ele>1556</ele>
      </trkpt>
      <trkpt lat="34.311910000" lon="-111.533750000">
        <ele>1556</ele>
      </trkpt>
      <trkpt lat="34.311750000" lon="-111.533620000">
        <ele>1553</ele>
      </trkpt>
      <trkpt lat="34.311610000" lon="-111.533570000">
        <ele>1550</ele>
      </trkpt>
      <trkpt lat="34.311580000" lon="-111.533510000">
        <ele>1550</ele>
      </trkpt>
      <trkpt lat="34.311460000" lon="-111.533420000">
        <ele>1548</ele>
      </trkpt>
      <trkpt lat="34.311360000" lon="-111.533360000">
        <ele>1546</ele>
      </trkpt>
      <trkpt lat="34.311260000" lon="-111.533340000">
        <ele>1545</ele>
      </trkpt>
      <trkpt lat="34.311190000" lon="-111.533280000">
        <ele>1544</ele>
      </trkpt>
      <trkpt lat="34.311190000" lon="-111.533230000">
        <ele>1544</ele>
      </trkpt>
      <trkpt lat="34.311210000" lon="-111.533200000">
        <ele>1544</ele>
      </trkpt>
      <trkpt lat="34.311180000" lon="-111.533270000">
        <ele>1543</ele>
      </trkpt>
      <trkpt lat="34.311040000" lon="-111.533200000">
        <ele>1541</ele>
      </trkpt>
      <trkpt lat="34.310970000" lon="-111.533210000">
        <ele>1539</ele>
      </trkpt>
      <trkpt lat="34.310880000" lon="-111.533160000">
        <ele>1538</ele>
      </trkpt>
      <trkpt lat="34.310770000" lon="-111.533130000">
        <ele>1536</ele>
      </trkpt>
      <trkpt lat="34.310650000" lon="-111.533280000">
        <ele>1531</ele>
      </trkpt>
      <trkpt lat="34.310580000" lon="-111.533310000">
        <ele>1529</ele>
      </trkpt>
      <trkpt lat="34.310500000" lon="-111.533310000">
        <ele>1526</ele>
      </trkpt>
      <trkpt lat="34.310460000" lon="-111.533360000">
        <ele>1524</ele>
      </trkpt>
      <trkpt lat="34.310350000" lon="-111.533340000">
        <ele>1521</ele>
      </trkpt>
      <trkpt lat="34.310310000" lon="-111.533380000">
        <ele>1520</ele>
      </trkpt>
      <trkpt lat="34.310190000" lon="-111.533410000">
        <ele>1518</ele>
      </trkpt>
      <trkpt lat="34.310030000" lon="-111.533390000">
        <ele>1513</ele>
      </trkpt>
      <trkpt lat="34.309960000" lon="-111.533650000">
        <ele>1512</ele>
      </trkpt>
      <trkpt lat="34.309860000" lon="-111.533770000">
        <ele>1509</ele>
      </trkpt>
      <trkpt lat="34.309610000" lon="-111.533930000">
        <ele>1505</ele>
      </trkpt>
      <trkpt lat="34.309550000" lon="-111.533920000">
        <ele>1504</ele>
      </trkpt>
      <trkpt lat="34.309480000" lon="-111.533980000">
        <ele>1503</ele>
      </trkpt>
      <trkpt lat="34.309390000" lon="-111.533990000">
        <ele>1501</ele>
      </trkpt>
      <trkpt lat="34.309160000" lon="-111.534180000">
        <ele>1498</ele>
      </trkpt>
      <trkpt lat="34.309050000" lon="-111.534240000">
        <ele>1496</ele>
      </trkpt>
      <trkpt lat="34.308870000" lon="-111.534180000">
        <ele>1493</ele>
      </trkpt>
      <trkpt lat="34.308850000" lon="-111.534200000">
        <ele>1493</ele>
      </trkpt>
      <trkpt lat="34.308620000" lon="-111.534150000">
        <ele>1489</ele>
      </trkpt>
      <trkpt lat="34.308470000" lon="-111.534150000">
        <ele>1487</ele>
      </trkpt>
      <trkpt lat="34.308400000" lon="-111.534110000">
        <ele>1486</ele>
      </trkpt>
      <trkpt lat="34.308270000" lon="-111.534100000">
        <ele>1484</ele>
      </trkpt>
      <trkpt lat="34.308200000" lon="-111.534120000">
        <ele>1484</ele>
      </trkpt>
      <trkpt lat="34.308030000" lon="-111.534040000">
        <ele>1482</ele>
      </trkpt>
      <trkpt lat="34.307930000" lon="-111.534030000">
        <ele>1481</ele>
      </trkpt>
      <trkpt lat="34.307780000" lon="-111.533910000">
        <ele>1478</ele>
      </trkpt>
      <trkpt lat="34.307670000" lon="-111.533880000">
        <ele>1476</ele>
      </trkpt>
      <trkpt lat="34.307570000" lon="-111.533780000">
        <ele>1474</ele>
      </trkpt>
      <trkpt lat="34.307490000" lon="-111.533800000">
        <ele>1474</ele>
      </trkpt>
      <trkpt lat="34.307350000" lon="-111.533760000">
        <ele>1472</ele>
      </trkpt>
      <trkpt lat="34.307220000" lon="-111.533630000">
        <ele>1469</ele>
      </trkpt>
      <trkpt lat="34.307210000" lon="-111.533590000">
        <ele>1469</ele>
      </trkpt>
      <trkpt lat="34.307140000" lon="-111.533580000">
        <ele>1468</ele>
      </trkpt>
      <trkpt lat="34.307060000" lon="-111.533530000">
        <ele>1467</ele>
      </trkpt>
      <trkpt lat="34.307030000" lon="-111.533480000">
        <ele>1466</ele>
      </trkpt>
      <trkpt lat="34.306870000" lon="-111.533360000">
        <ele>1464</ele>
      </trkpt>
      <trkpt lat="34.306610000" lon="-111.533230000">
        <ele>1461</ele>
      </trkpt>
      <trkpt lat="34.306490000" lon="-111.533140000">
        <ele>1460</ele>
      </trkpt>
      <trkpt lat="34.306420000" lon="-111.533140000">
        <ele>1459</ele>
      </trkpt>
      <trkpt lat="34.306380000" lon="-111.533090000">
        <ele>1458</ele>
      </trkpt>
      <trkpt lat="34.306200000" lon="-111.533050000">
        <ele>1457</ele>
      </trkpt>
      <trkpt lat="34.306040000" lon="-111.532920000">
        <ele>1455</ele>
      </trkpt>
      <trkpt lat="34.305930000" lon="-111.532920000">
        <ele>1454</ele>
      </trkpt>
      <trkpt lat="34.305850000" lon="-111.532820000">
        <ele>1453</ele>
      </trkpt>
      <trkpt lat="34.305790000" lon="-111.532810000">
        <ele>1453</ele>
      </trkpt>
      <trkpt lat="34.305640000" lon="-111.532690000">
        <ele>1452</ele>
      </trkpt>
      <trkpt lat="34.305450000" lon="-111.532470000">
        <ele>1451</ele>
      </trkpt>
      <trkpt lat="34.305370000" lon="-111.532460000">
        <ele>1451</ele>
      </trkpt>
      <trkpt lat="34.305310000" lon="-111.532410000">
        <ele>1450</ele>
      </trkpt>
      <trkpt lat="34.305200000" lon="-111.532240000">
        <ele>1450</ele>
      </trkpt>
      <trkpt lat="34.305020000" lon="-111.532170000">
        <ele>1450</ele>
      </trkpt>
      <trkpt lat="34.304860000" lon="-111.532010000">
        <ele>1450</ele>
      </trkpt>
      <trkpt lat="34.304680000" lon="-111.531980000">
        <ele>1449</ele>
      </trkpt>
      <trkpt lat="34.304530000" lon="-111.532000000">
        <ele>1449</ele>
      </trkpt>
      <trkpt lat="34.304300000" lon="-111.531830000">
        <ele>1450</ele>
      </trkpt>
      <trkpt lat="34.304210000" lon="-111.531840000">
        <ele>1449</ele>
      </trkpt>
      <trkpt lat="34.304120000" lon="-111.531790000">
        <ele>1450</ele>
      </trkpt>
      <trkpt lat="34.303790000" lon="-111.531770000">
        <ele>1450</ele>
      </trkpt>
      <trkpt lat="34.303700000" lon="-111.531640000">
        <ele>1452</ele>
      </trkpt>
      <trkpt lat="34.303690000" lon="-111.531510000">
        <ele>1454</ele>
      </trkpt>
      <trkpt lat="34.303630000" lon="-111.531460000">
        <ele>1456</ele>
      </trkpt>
      <trkpt lat="34.303570000" lon="-111.531440000">
        <ele>1457</ele>
      </trkpt>
      <trkpt lat="34.303550000" lon="-111.531450000">
        <ele>1457</ele>
      </trkpt>
      <trkpt lat="34.303470000" lon="-111.531410000">
        <ele>1458</ele>
      </trkpt>
      <trkpt lat="34.303390000" lon="-111.531450000">
        <ele>1459</ele>
      </trkpt>
      <trkpt lat="34.303310000" lon="-111.531420000">
        <ele>1460</ele>
      </trkpt>
      <trkpt lat="34.303220000" lon="-111.531410000">
        <ele>1461</ele>
      </trkpt>
      <trkpt lat="34.303180000" lon="-111.531380000">
        <ele>1462</ele>
      </trkpt>
      <trkpt lat="34.303100000" lon="-111.531370000">
        <ele>1463</ele>
      </trkpt>
      <trkpt lat="34.303000000" lon="-111.531280000">
        <ele>1464</ele>
      </trkpt>
      <trkpt lat="34.302860000" lon="-111.531240000">
        <ele>1465</ele>
      </trkpt>
      <trkpt lat="34.302810000" lon="-111.531190000">
        <ele>1467</ele>
      </trkpt>
      <trkpt lat="34.302740000" lon="-111.531200000">
        <ele>1466</ele>
      </trkpt>
      <trkpt lat="34.302650000" lon="-111.531170000">
        <ele>1467</ele>
      </trkpt>
      <trkpt lat="34.302560000" lon="-111.531090000">
        <ele>1469</ele>
      </trkpt>
      <trkpt lat="34.302510000" lon="-111.531090000">
        <ele>1469</ele>
      </trkpt>
      <trkpt lat="34.302450000" lon="-111.531040000">
        <ele>1469</ele>
      </trkpt>
      <trkpt lat="34.302350000" lon="-111.530940000">
        <ele>1470</ele>
      </trkpt>
      <trkpt lat="34.302280000" lon="-111.530910000">
        <ele>1470</ele>
      </trkpt>
      <trkpt lat="34.302150000" lon="-111.530760000">
        <ele>1471</ele>
      </trkpt>
      <trkpt lat="34.302000000" lon="-111.530710000">
        <ele>1471</ele>
      </trkpt>
      <trkpt lat="34.301930000" lon="-111.530650000">
        <ele>1471</ele>
      </trkpt>
      <trkpt lat="34.301820000" lon="-111.530620000">
        <ele>1471</ele>
      </trkpt>
      <trkpt lat="34.301730000" lon="-111.530440000">
        <ele>1474</ele>
      </trkpt>
      <trkpt lat="34.301640000" lon="-111.530350000">
        <ele>1474</ele>
      </trkpt>
      <trkpt lat="34.301550000" lon="-111.530300000">
        <ele>1474</ele>
      </trkpt>
      <trkpt lat="34.301320000" lon="-111.530020000">
        <ele>1474</ele>
      </trkpt>
      <trkpt lat="34.301260000" lon="-111.529900000">
        <ele>1474</ele>
      </trkpt>
      <trkpt lat="34.301220000" lon="-111.529850000">
        <ele>1474</ele>
      </trkpt>
      <trkpt lat="34.301180000" lon="-111.529770000">
        <ele>1474</ele>
      </trkpt>
      <trkpt lat="34.301190000" lon="-111.529700000">
        <ele>1474</ele>
      </trkpt>
      <trkpt lat="34.301120000" lon="-111.529620000">
        <ele>1474</ele>
      </trkpt>
      <trkpt lat="34.301030000" lon="-111.529410000">
        <ele>1474</ele>
      </trkpt>
      <trkpt lat="34.300880000" lon="-111.529290000">
        <ele>1474</ele>
      </trkpt>
      <trkpt lat="34.300810000" lon="-111.529190000">
        <ele>1474</ele>
      </trkpt>
      <trkpt lat="34.300690000" lon="-111.529080000">
        <ele>1474</ele>
      </trkpt>
      <trkpt lat="34.300450000" lon="-111.528900000">
        <ele>1474</ele>
      </trkpt>
      <trkpt lat="34.300040000" lon="-111.528400000">
        <ele>1471</ele>
      </trkpt>
      <trkpt lat="34.299960000" lon="-111.528160000">
        <ele>1471</ele>
      </trkpt>
      <trkpt lat="34.299890000" lon="-111.528100000">
        <ele>1470</ele>
      </trkpt>
      <trkpt lat="34.299810000" lon="-111.527930000">
        <ele>1470</ele>
      </trkpt>
      <trkpt lat="34.299720000" lon="-111.527550000">
        <ele>1472</ele>
      </trkpt>
      <trkpt lat="34.299620000" lon="-111.527310000">
        <ele>1472</ele>
      </trkpt>
      <trkpt lat="34.299570000" lon="-111.527220000">
        <ele>1471</ele>
      </trkpt>
      <trkpt lat="34.299430000" lon="-111.527140000">
        <ele>1471</ele>
      </trkpt>
      <trkpt lat="34.299360000" lon="-111.527000000">
        <ele>1471</ele>
      </trkpt>
      <trkpt lat="34.299320000" lon="-111.526950000">
        <ele>1470</ele>
      </trkpt>
      <trkpt lat="34.299140000" lon="-111.526860000">
        <ele>1469</ele>
      </trkpt>
      <trkpt lat="34.299000000" lon="-111.526700000">
        <ele>1469</ele>
      </trkpt>
      <trkpt lat="34.298940000" lon="-111.526590000">
        <ele>1469</ele>
      </trkpt>
      <trkpt lat="34.298810000" lon="-111.526480000">
        <ele>1469</ele>
      </trkpt>
      <trkpt lat="34.298730000" lon="-111.526440000">
        <ele>1469</ele>
      </trkpt>
      <trkpt lat="34.298610000" lon="-111.526320000">
        <ele>1469</ele>
      </trkpt>
      <trkpt lat="34.298560000" lon="-111.526300000">
        <ele>1468</ele>
      </trkpt>
      <trkpt lat="34.298410000" lon="-111.526160000">
        <ele>1468</ele>
      </trkpt>
      <trkpt lat="34.298270000" lon="-111.525960000">
        <ele>1467</ele>
      </trkpt>
      <trkpt lat="34.298150000" lon="-111.525900000">
        <ele>1467</ele>
      </trkpt>
      <trkpt lat="34.298080000" lon="-111.525740000">
        <ele>1466</ele>
      </trkpt>
      <trkpt lat="34.297970000" lon="-111.525270000">
        <ele>1466</ele>
      </trkpt>
      <trkpt lat="34.297870000" lon="-111.525160000">
        <ele>1466</ele>
      </trkpt>
      <trkpt lat="34.297790000" lon="-111.525010000">
        <ele>1467</ele>
      </trkpt>
      <trkpt lat="34.297680000" lon="-111.524930000">
        <ele>1466</ele>
      </trkpt>
      <trkpt lat="34.297500000" lon="-111.524660000">
        <ele>1465</ele>
      </trkpt>
      <trkpt lat="34.297180000" lon="-111.524380000">
        <ele>1464</ele>
      </trkpt>
      <trkpt lat="34.297040000" lon="-111.524320000">
        <ele>1464</ele>
      </trkpt>
      <trkpt lat="34.296920000" lon="-111.524240000">
        <ele>1464</ele>
      </trkpt>
      <trkpt lat="34.296700000" lon="-111.524230000">
        <ele>1464</ele>
      </trkpt>
      <trkpt lat="34.296590000" lon="-111.524190000">
        <ele>1463</ele>
      </trkpt>
      <trkpt lat="34.296490000" lon="-111.524210000">
        <ele>1463</ele>
      </trkpt>
      <trkpt lat="34.296400000" lon="-111.524160000">
        <ele>1463</ele>
      </trkpt>
      <trkpt lat="34.296270000" lon="-111.524260000">
        <ele>1461</ele>
      </trkpt>
      <trkpt lat="34.296080000" lon="-111.524270000">
        <ele>1461</ele>
      </trkpt>
      <trkpt lat="34.295840000" lon="-111.524320000">
        <ele>1460</ele>
      </trkpt>
      <trkpt lat="34.295760000" lon="-111.524400000">
        <ele>1459</ele>
      </trkpt>
      <trkpt lat="34.295700000" lon="-111.524410000">
        <ele>1458</ele>
      </trkpt>
      <trkpt lat="34.295510000" lon="-111.524380000">
        <ele>1458</ele>
      </trkpt>
      <trkpt lat="34.295430000" lon="-111.524440000">
        <ele>1458</ele>
      </trkpt>
      <trkpt lat="34.295360000" lon="-111.524430000">
        <ele>1458</ele>
      </trkpt>
      <trkpt lat="34.294900000" lon="-111.524490000">
        <ele>1458</ele>
      </trkpt>
      <trkpt lat="34.294710000" lon="-111.524560000">
        <ele>1458</ele>
      </trkpt>
      <trkpt lat="34.294450000" lon="-111.524730000">
        <ele>1457</ele>
      </trkpt>
      <trkpt lat="34.294220000" lon="-111.524790000">
        <ele>1457</ele>
      </trkpt>
      <trkpt lat="34.294160000" lon="-111.524840000">
        <ele>1456</ele>
      </trkpt>
      <trkpt lat="34.294070000" lon="-111.524860000">
        <ele>1456</ele>
      </trkpt>
      <trkpt lat="34.293960000" lon="-111.524940000">
        <ele>1456</ele>
      </trkpt>
      <trkpt lat="34.293920000" lon="-111.524930000">
        <ele>1456</ele>
      </trkpt>
      <trkpt lat="34.293870000" lon="-111.524970000">
        <ele>1455</ele>
      </trkpt>
      <trkpt lat="34.293800000" lon="-111.524940000">
        <ele>1455</ele>
      </trkpt>
      <trkpt lat="34.293700000" lon="-111.524970000">
        <ele>1455</ele>
      </trkpt>
      <trkpt lat="34.293460000" lon="-111.525160000">
        <ele>1454</ele>
      </trkpt>
      <trkpt lat="34.293390000" lon="-111.525160000">
        <ele>1453</ele>
      </trkpt>
      <trkpt lat="34.293240000" lon="-111.525220000">
        <ele>1453</ele>
      </trkpt>
      <trkpt lat="34.292910000" lon="-111.525270000">
        <ele>1452</ele>
      </trkpt>
      <trkpt lat="34.292840000" lon="-111.525200000">
        <ele>1453</ele>
      </trkpt>
      <trkpt lat="34.292770000" lon="-111.525240000">
        <ele>1452</ele>
      </trkpt>
      <trkpt lat="34.292710000" lon="-111.525240000">
        <ele>1452</ele>
      </trkpt>
      <trkpt lat="34.292440000" lon="-111.525140000">
        <ele>1452</ele>
      </trkpt>
      <trkpt lat="34.292080000" lon="-111.525280000">
        <ele>1451</ele>
      </trkpt>
      <trkpt lat="34.291990000" lon="-111.525250000">
        <ele>1451</ele>
      </trkpt>
      <trkpt lat="34.291910000" lon="-111.525260000">
        <ele>1451</ele>
      </trkpt>
      <trkpt lat="34.291800000" lon="-111.525200000">
        <ele>1451</ele>
      </trkpt>
      <trkpt lat="34.291710000" lon="-111.525180000">
        <ele>1451</ele>
      </trkpt>
      <trkpt lat="34.291610000" lon="-111.525120000">
        <ele>1451</ele>
      </trkpt>
      <trkpt lat="34.291540000" lon="-111.525010000">
        <ele>1451</ele>
      </trkpt>
      <trkpt lat="34.291480000" lon="-111.525010000">
        <ele>1451</ele>
      </trkpt>
      <trkpt lat="34.291420000" lon="-111.525040000">
        <ele>1451</ele>
      </trkpt>
      <trkpt lat="34.291290000" lon="-111.525000000">
        <ele>1451</ele>
      </trkpt>
      <trkpt lat="34.291240000" lon="-111.524930000">
        <ele>1451</ele>
      </trkpt>
      <trkpt lat="34.291010000" lon="-111.524820000">
        <ele>1451</ele>
      </trkpt>
      <trkpt lat="34.290700000" lon="-111.524490000">
        <ele>1450</ele>
      </trkpt>
      <trkpt lat="34.290660000" lon="-111.524530000">
        <ele>1450</ele>
      </trkpt>
      <trkpt lat="34.290630000" lon="-111.524520000">
        <ele>1450</ele>
      </trkpt>
      <trkpt lat="34.290310000" lon="-111.524400000">
        <ele>1448</ele>
      </trkpt>
      <trkpt lat="34.290200000" lon="-111.524320000">
        <ele>1447</ele>
      </trkpt>
      <trkpt lat="34.289980000" lon="-111.524240000">
        <ele>1446</ele>
      </trkpt>
      <trkpt lat="34.289920000" lon="-111.524100000">
        <ele>1445</ele>
      </trkpt>
      <trkpt lat="34.289900000" lon="-111.524090000">
        <ele>1445</ele>
      </trkpt>
      <trkpt lat="34.289840000" lon="-111.524100000">
        <ele>1444</ele>
      </trkpt>
      <trkpt lat="34.289810000" lon="-111.524070000">
        <ele>1444</ele>
      </trkpt>
      <trkpt lat="34.289680000" lon="-111.524080000">
        <ele>1443</ele>
      </trkpt>
      <trkpt lat="34.289630000" lon="-111.524110000">
        <ele>1443</ele>
      </trkpt>
      <trkpt lat="34.289530000" lon="-111.524090000">
        <ele>1442</ele>
      </trkpt>
      <trkpt lat="34.289450000" lon="-111.524110000">
        <ele>1441</ele>
      </trkpt>
      <trkpt lat="34.289380000" lon="-111.524160000">
        <ele>1441</ele>
      </trkpt>
      <trkpt lat="34.289250000" lon="-111.523990000">
        <ele>1439</ele>
      </trkpt>
      <trkpt lat="34.289120000" lon="-111.523910000">
        <ele>1439</ele>
      </trkpt>
      <trkpt lat="34.289010000" lon="-111.523790000">
        <ele>1439</ele>
      </trkpt>
      <trkpt lat="34.288980000" lon="-111.523790000">
        <ele>1439</ele>
      </trkpt>
      <trkpt lat="34.288820000" lon="-111.523550000">
        <ele>1439</ele>
      </trkpt>
      <trkpt lat="34.288670000" lon="-111.523490000">
        <ele>1437</ele>
      </trkpt>
      <trkpt lat="34.288330000" lon="-111.523210000">
        <ele>1432</ele>
      </trkpt>
      <trkpt lat="34.288230000" lon="-111.523030000">
        <ele>1431</ele>
      </trkpt>
      <trkpt lat="34.288120000" lon="-111.522960000">
        <ele>1430</ele>
      </trkpt>
      <trkpt lat="34.287860000" lon="-111.522640000">
        <ele>1430</ele>
      </trkpt>
      <trkpt lat="34.287670000" lon="-111.522500000">
        <ele>1430</ele>
      </trkpt>
      <trkpt lat="34.287610000" lon="-111.522390000">
        <ele>1431</ele>
      </trkpt>
      <trkpt lat="34.287470000" lon="-111.522230000">
        <ele>1431</ele>
      </trkpt>
      <trkpt lat="34.287370000" lon="-111.522050000">
        <ele>1432</ele>
      </trkpt>
      <trkpt lat="34.287250000" lon="-111.521940000">
        <ele>1433</ele>
      </trkpt>
      <trkpt lat="34.287170000" lon="-111.521760000">
        <ele>1433</ele>
      </trkpt>
      <trkpt lat="34.287100000" lon="-111.521670000">
        <ele>1433</ele>
      </trkpt>
      <trkpt lat="34.287000000" lon="-111.521620000">
        <ele>1433</ele>
      </trkpt>
      <trkpt lat="34.286910000" lon="-111.521500000">
        <ele>1433</ele>
      </trkpt>
      <trkpt lat="34.286600000" lon="-111.521270000">
        <ele>1433</ele>
      </trkpt>
      <trkpt lat="34.286520000" lon="-111.521120000">
        <ele>1433</ele>
      </trkpt>
      <trkpt lat="34.286410000" lon="-111.521040000">
        <ele>1432</ele>
      </trkpt>
      <trkpt lat="34.286300000" lon="-111.520840000">
        <ele>1432</ele>
      </trkpt>
      <trkpt lat="34.286120000" lon="-111.520680000">
        <ele>1431</ele>
      </trkpt>
      <trkpt lat="34.286010000" lon="-111.520660000">
        <ele>1431</ele>
      </trkpt>
      <trkpt lat="34.285930000" lon="-111.520600000">
        <ele>1431</ele>
      </trkpt>
      <trkpt lat="34.285900000" lon="-111.520610000">
        <ele>1431</ele>
      </trkpt>
      <trkpt lat="34.285770000" lon="-111.520600000">
        <ele>1430</ele>
      </trkpt>
      <trkpt lat="34.285610000" lon="-111.520480000">
        <ele>1430</ele>
      </trkpt>
      <trkpt lat="34.285480000" lon="-111.520470000">
        <ele>1429</ele>
      </trkpt>
      <trkpt lat="34.285420000" lon="-111.520450000">
        <ele>1429</ele>
      </trkpt>
      <trkpt lat="34.285300000" lon="-111.520310000">
        <ele>1429</ele>
      </trkpt>
      <trkpt lat="34.285220000" lon="-111.520270000">
        <ele>1428</ele>
      </trkpt>
      <trkpt lat="34.285160000" lon="-111.520280000">
        <ele>1428</ele>
      </trkpt>
      <trkpt lat="34.285120000" lon="-111.520270000">
        <ele>1428</ele>
      </trkpt>
      <trkpt lat="34.284980000" lon="-111.520110000">
        <ele>1427</ele>
      </trkpt>
      <trkpt lat="34.284910000" lon="-111.520090000">
        <ele>1427</ele>
      </trkpt>
      <trkpt lat="34.284810000" lon="-111.520140000">
        <ele>1427</ele>
      </trkpt>
      <trkpt lat="34.284700000" lon="-111.520090000">
        <ele>1427</ele>
      </trkpt>
      <trkpt lat="34.284660000" lon="-111.520030000">
        <ele>1426</ele>
      </trkpt>
      <trkpt lat="34.284570000" lon="-111.520020000">
        <ele>1426</ele>
      </trkpt>
      <trkpt lat="34.284480000" lon="-111.519880000">
        <ele>1426</ele>
      </trkpt>
      <trkpt lat="34.284390000" lon="-111.519790000">
        <ele>1426</ele>
      </trkpt>
      <trkpt lat="34.284300000" lon="-111.519760000">
        <ele>1425</ele>
      </trkpt>
      <trkpt lat="34.284080000" lon="-111.519630000">
        <ele>1424</ele>
      </trkpt>
      <trkpt lat="34.283930000" lon="-111.519440000">
        <ele>1423</ele>
      </trkpt>
      <trkpt lat="34.283730000" lon="-111.519290000">
        <ele>1422</ele>
      </trkpt>
      <trkpt lat="34.283690000" lon="-111.519190000">
        <ele>1421</ele>
      </trkpt>
      <trkpt lat="34.283490000" lon="-111.518990000">
        <ele>1420</ele>
      </trkpt>
      <trkpt lat="34.283340000" lon="-111.518900000">
        <ele>1420</ele>
      </trkpt>
      <trkpt lat="34.283290000" lon="-111.518820000">
        <ele>1420</ele>
      </trkpt>
      <trkpt lat="34.283150000" lon="-111.518730000">
        <ele>1420</ele>
      </trkpt>
      <trkpt lat="34.282980000" lon="-111.518540000">
        <ele>1420</ele>
      </trkpt>
      <trkpt lat="34.282830000" lon="-111.518420000">
        <ele>1420</ele>
      </trkpt>
      <trkpt lat="34.282800000" lon="-111.518340000">
        <ele>1419</ele>
      </trkpt>
      <trkpt lat="34.282650000" lon="-111.518130000">
        <ele>1418</ele>
      </trkpt>
      <trkpt lat="34.282580000" lon="-111.518110000">
        <ele>1418</ele>
      </trkpt>
      <trkpt lat="34.282500000" lon="-111.518020000">
        <ele>1417</ele>
      </trkpt>
      <trkpt lat="34.282470000" lon="-111.517960000">
        <ele>1416</ele>
      </trkpt>
      <trkpt lat="34.282390000" lon="-111.517880000">
        <ele>1416</ele>
      </trkpt>
      <trkpt lat="34.282260000" lon="-111.517610000">
        <ele>1416</ele>
      </trkpt>
      <trkpt lat="34.282090000" lon="-111.517380000">
        <ele>1417</ele>
      </trkpt>
      <trkpt lat="34.281960000" lon="-111.517270000">
        <ele>1417</ele>
      </trkpt>
      <trkpt lat="34.281900000" lon="-111.517250000">
        <ele>1417</ele>
      </trkpt>
      <trkpt lat="34.281840000" lon="-111.517140000">
        <ele>1418</ele>
      </trkpt>
      <trkpt lat="34.281680000" lon="-111.517030000">
        <ele>1419</ele>
      </trkpt>
      <trkpt lat="34.281580000" lon="-111.516890000">
        <ele>1420</ele>
      </trkpt>
      <trkpt lat="34.281300000" lon="-111.516660000">
        <ele>1421</ele>
      </trkpt>
      <trkpt lat="34.281230000" lon="-111.516650000">
        <ele>1421</ele>
      </trkpt>
      <trkpt lat="34.280810000" lon="-111.516330000">
        <ele>1422</ele>
      </trkpt>
      <trkpt lat="34.280590000" lon="-111.516090000">
        <ele>1422</ele>
      </trkpt>
      <trkpt lat="34.280530000" lon="-111.515980000">
        <ele>1422</ele>
      </trkpt>
      <trkpt lat="34.280360000" lon="-111.515790000">
        <ele>1422</ele>
      </trkpt>
      <trkpt lat="34.280280000" lon="-111.515730000">
        <ele>1422</ele>
      </trkpt>
      <trkpt lat="34.280230000" lon="-111.515720000">
        <ele>1422</ele>
      </trkpt>
      <trkpt lat="34.280100000" lon="-111.515570000">
        <ele>1422</ele>
      </trkpt>
      <trkpt lat="34.280040000" lon="-111.515550000">
        <ele>1422</ele>
      </trkpt>
      <trkpt lat="34.279990000" lon="-111.515570000">
        <ele>1422</ele>
      </trkpt>
      <trkpt lat="34.279680000" lon="-111.515400000">
        <ele>1422</ele>
      </trkpt>
      <trkpt lat="34.279390000" lon="-111.515360000">
        <ele>1422</ele>
      </trkpt>
      <trkpt lat="34.279220000" lon="-111.515280000">
        <ele>1422</ele>
      </trkpt>
      <trkpt lat="34.279070000" lon="-111.515270000">
        <ele>1421</ele>
      </trkpt>
      <trkpt lat="34.278980000" lon="-111.515210000">
        <ele>1421</ele>
      </trkpt>
      <trkpt lat="34.278890000" lon="-111.515210000">
        <ele>1421</ele>
      </trkpt>
      <trkpt lat="34.278790000" lon="-111.515180000">
        <ele>1421</ele>
      </trkpt>
      <trkpt lat="34.278700000" lon="-111.515080000">
        <ele>1421</ele>
      </trkpt>
      <trkpt lat="34.278480000" lon="-111.515000000">
        <ele>1421</ele>
      </trkpt>
      <trkpt lat="34.278400000" lon="-111.514990000">
        <ele>1421</ele>
      </trkpt>
      <trkpt lat="34.278320000" lon="-111.515050000">
        <ele>1420</ele>
      </trkpt>
      <trkpt lat="34.278080000" lon="-111.515160000">
        <ele>1419</ele>
      </trkpt>
      <trkpt lat="34.277900000" lon="-111.515280000">
        <ele>1418</ele>
      </trkpt>
      <trkpt lat="34.277870000" lon="-111.515340000">
        <ele>1418</ele>
      </trkpt>
      <trkpt lat="34.277730000" lon="-111.515420000">
        <ele>1417</ele>
      </trkpt>
      <trkpt lat="34.277590000" lon="-111.515640000">
        <ele>1415</ele>
      </trkpt>
      <trkpt lat="34.277490000" lon="-111.515670000">
        <ele>1415</ele>
      </trkpt>
      <trkpt lat="34.277460000" lon="-111.515660000">
        <ele>1415</ele>
      </trkpt>
      <trkpt lat="34.277370000" lon="-111.515670000">
        <ele>1414</ele>
      </trkpt>
      <trkpt lat="34.277250000" lon="-111.515790000">
        <ele>1414</ele>
      </trkpt>
      <trkpt lat="34.277200000" lon="-111.515890000">
        <ele>1413</ele>
      </trkpt>
      <trkpt lat="34.277120000" lon="-111.515960000">
        <ele>1413</ele>
      </trkpt>
      <trkpt lat="34.276950000" lon="-111.516040000">
        <ele>1412</ele>
      </trkpt>
      <trkpt lat="34.276860000" lon="-111.516010000">
        <ele>1412</ele>
      </trkpt>
      <trkpt lat="34.276800000" lon="-111.516030000">
        <ele>1412</ele>
      </trkpt>
      <trkpt lat="34.276750000" lon="-111.516090000">
        <ele>1411</ele>
      </trkpt>
      <trkpt lat="34.276640000" lon="-111.516080000">
        <ele>1411</ele>
      </trkpt>
      <trkpt lat="34.276540000" lon="-111.516130000">
        <ele>1410</ele>
      </trkpt>
      <trkpt lat="34.276480000" lon="-111.516110000">
        <ele>1410</ele>
      </trkpt>
      <trkpt lat="34.276300000" lon="-111.516300000">
        <ele>1409</ele>
      </trkpt>
      <trkpt lat="34.275990000" lon="-111.516340000">
        <ele>1407</ele>
      </trkpt>
      <trkpt lat="34.275840000" lon="-111.516480000">
        <ele>1406</ele>
      </trkpt>
      <trkpt lat="34.275440000" lon="-111.516690000">
        <ele>1404</ele>
      </trkpt>
      <trkpt lat="34.275310000" lon="-111.516690000">
        <ele>1404</ele>
      </trkpt>
      <trkpt lat="34.275210000" lon="-111.516750000">
        <ele>1403</ele>
      </trkpt>
      <trkpt lat="34.275180000" lon="-111.516750000">
        <ele>1403</ele>
      </trkpt>
      <trkpt lat="34.275100000" lon="-111.516710000">
        <ele>1403</ele>
      </trkpt>
      <trkpt lat="34.274950000" lon="-111.516560000">
        <ele>1402</ele>
      </trkpt>
      <trkpt lat="34.274880000" lon="-111.516550000">
        <ele>1402</ele>
      </trkpt>
      <trkpt lat="34.274800000" lon="-111.516580000">
        <ele>1402</ele>
      </trkpt>
      <trkpt lat="34.274690000" lon="-111.516670000">
        <ele>1402</ele>
      </trkpt>
      <trkpt lat="34.274530000" lon="-111.516690000">
        <ele>1402</ele>
      </trkpt>
      <trkpt lat="34.274430000" lon="-111.516740000">
        <ele>1402</ele>
      </trkpt>
      <trkpt lat="34.274260000" lon="-111.516760000">
        <ele>1402</ele>
      </trkpt>
      <trkpt lat="34.274100000" lon="-111.516860000">
        <ele>1402</ele>
      </trkpt>
      <trkpt lat="34.274070000" lon="-111.516840000">
        <ele>1402</ele>
      </trkpt>
      <trkpt lat="34.274050000" lon="-111.516810000">
        <ele>1402</ele>
      </trkpt>
      <trkpt lat="34.273870000" lon="-111.516830000">
        <ele>1402</ele>
      </trkpt>
      <trkpt lat="34.273640000" lon="-111.516790000">
        <ele>1402</ele>
      </trkpt>
      <trkpt lat="34.273480000" lon="-111.516810000">
        <ele>1401</ele>
      </trkpt>
      <trkpt lat="34.273420000" lon="-111.516840000">
        <ele>1401</ele>
      </trkpt>
      <trkpt lat="34.273310000" lon="-111.516850000">
        <ele>1401</ele>
      </trkpt>
      <trkpt lat="34.273120000" lon="-111.516780000">
        <ele>1399</ele>
      </trkpt>
      <trkpt lat="34.273170000" lon="-111.516630000">
        <ele>1400</ele>
      </trkpt>
      <trkpt lat="34.273160000" lon="-111.516500000">
        <ele>1400</ele>
      </trkpt>
      <trkpt lat="34.273110000" lon="-111.516460000">
        <ele>1400</ele>
      </trkpt>
      <trkpt lat="34.273270000" lon="-111.516400000">
        <ele>1401</ele>
      </trkpt>
      <trkpt lat="34.273400000" lon="-111.516480000">
        <ele>1402</ele>
      </trkpt>
      <trkpt lat="34.273420000" lon="-111.516460000">
        <ele>1402</ele>
      </trkpt>
      <trkpt lat="34.273410000" lon="-111.516410000">
        <ele>1402</ele>
      </trkpt>
      <trkpt lat="34.273380000" lon="-111.516400000">
        <ele>1402</ele>
      </trkpt>
      <trkpt lat="34.273240000" lon="-111.516470000">
        <ele>1401</ele>
      </trkpt>
      <trkpt lat="34.273190000" lon="-111.516580000">
        <ele>1400</ele>
      </trkpt>
      <trkpt lat="34.273190000" lon="-111.516660000">
        <ele>1400</ele>
      </trkpt>
      <trkpt lat="34.273150000" lon="-111.516760000">
        <ele>1400</ele>
      </trkpt>
      <trkpt lat="34.273090000" lon="-111.516780000">
        <ele>1399</ele>
      </trkpt>
      <trkpt lat="34.273060000" lon="-111.516750000">
        <ele>1399</ele>
      </trkpt>
      <trkpt lat="34.272950000" lon="-111.516730000">
        <ele>1398</ele>
      </trkpt>
      <trkpt lat="34.272900000" lon="-111.516640000">
        <ele>1397</ele>
      </trkpt>
      <trkpt lat="34.272810000" lon="-111.516530000">
        <ele>1396</ele>
      </trkpt>
      <trkpt lat="34.272620000" lon="-111.516410000">
        <ele>1391</ele>
      </trkpt>
      <trkpt lat="34.272510000" lon="-111.516300000">
        <ele>1386</ele>
      </trkpt>
      <trkpt lat="34.272440000" lon="-111.516350000">
        <ele>1384</ele>
      </trkpt>
      <trkpt lat="34.272410000" lon="-111.516150000">
        <ele>1380</ele>
      </trkpt>
      <trkpt lat="34.272420000" lon="-111.516050000">
        <ele>1381</ele>
      </trkpt>
      <trkpt lat="34.272380000" lon="-111.515900000">
        <ele>1380</ele>
      </trkpt>
      <trkpt lat="34.272390000" lon="-111.515850000">
        <ele>1380</ele>
      </trkpt>
      <trkpt lat="34.272340000" lon="-111.515770000">
        <ele>1377</ele>
      </trkpt>
      <trkpt lat="34.272400000" lon="-111.515610000">
        <ele>1378</ele>
      </trkpt>
      <trkpt lat="34.272320000" lon="-111.515340000">
        <ele>1370</ele>
      </trkpt>
      <trkpt lat="34.272480000" lon="-111.515010000">
        <ele>1364</ele>
      </trkpt>
      <trkpt lat="34.272370000" lon="-111.514860000">
        <ele>1358</ele>
      </trkpt>
      <trkpt lat="34.272450000" lon="-111.514760000">
        <ele>1357</ele>
      </trkpt>
      <trkpt lat="34.272510000" lon="-111.514640000">
        <ele>1354</ele>
      </trkpt>
      <trkpt lat="34.272650000" lon="-111.514640000">
        <ele>1354</ele>
      </trkpt>
      <trkpt lat="34.272530000" lon="-111.514400000">
        <ele>1348</ele>
      </trkpt>
      <trkpt lat="34.272360000" lon="-111.514250000">
        <ele>1343</ele>
      </trkpt>
      <trkpt lat="34.272350000" lon="-111.514100000">
        <ele>1340</ele>
      </trkpt>
      <trkpt lat="34.272290000" lon="-111.513990000">
        <ele>1337</ele>
      </trkpt>
      <trkpt lat="34.272310000" lon="-111.513880000">
        <ele>1336</ele>
      </trkpt>
      <trkpt lat="34.272270000" lon="-111.513780000">
        <ele>1334</ele>
      </trkpt>
      <trkpt lat="34.272310000" lon="-111.513680000">
        <ele>1333</ele>
      </trkpt>
      <trkpt lat="34.272280000" lon="-111.513620000">
        <ele>1331</ele>
      </trkpt>
      <trkpt lat="34.272080000" lon="-111.513470000">
        <ele>1327</ele>
      </trkpt>
      <trkpt lat="34.272070000" lon="-111.513350000">
        <ele>1324</ele>
      </trkpt>
      <trkpt lat="34.272030000" lon="-111.513310000">
        <ele>1322</ele>
      </trkpt>
      <trkpt lat="34.272030000" lon="-111.513270000">
        <ele>1321</ele>
      </trkpt>
      <trkpt lat="34.272050000" lon="-111.513330000">
        <ele>1323</ele>
      </trkpt>
      <trkpt lat="34.272090000" lon="-111.513370000">
        <ele>1324</ele>
      </trkpt>
      <trkpt lat="34.272060000" lon="-111.513380000">
        <ele>1324</ele>
      </trkpt>
      <trkpt lat="34.272040000" lon="-111.513350000">
        <ele>1323</ele>
      </trkpt>
      <trkpt lat="34.271950000" lon="-111.513330000">
        <ele>1321</ele>
      </trkpt>
      <trkpt lat="34.271970000" lon="-111.513350000">
        <ele>1322</ele>
      </trkpt>
      <trkpt lat="34.272010000" lon="-111.513310000">
        <ele>1321</ele>
      </trkpt>
      <trkpt lat="34.272050000" lon="-111.513480000">
        <ele>1327</ele>
      </trkpt>
      <trkpt lat="34.272110000" lon="-111.513490000">
        <ele>1328</ele>
      </trkpt>
      <trkpt lat="34.272230000" lon="-111.513610000">
        <ele>1331</ele>
      </trkpt>
      <trkpt lat="34.272090000" lon="-111.513750000">
        <ele>1332</ele>
      </trkpt>
      <trkpt lat="34.272050000" lon="-111.513930000">
        <ele>1334</ele>
      </trkpt>
      <trkpt lat="34.272000000" lon="-111.513970000">
        <ele>1334</ele>
      </trkpt>
      <trkpt lat="34.271960000" lon="-111.514060000">
        <ele>1335</ele>
      </trkpt>
      <trkpt lat="34.271700000" lon="-111.514170000">
        <ele>1334</ele>
      </trkpt>
      <trkpt lat="34.271560000" lon="-111.514270000">
        <ele>1334</ele>
      </trkpt>
      <trkpt lat="34.271500000" lon="-111.514360000">
        <ele>1335</ele>
      </trkpt>
      <trkpt lat="34.271460000" lon="-111.514370000">
        <ele>1334</ele>
      </trkpt>
      <trkpt lat="34.271410000" lon="-111.514430000">
        <ele>1335</ele>
      </trkpt>
      <trkpt lat="34.271320000" lon="-111.514480000">
        <ele>1335</ele>
      </trkpt>
      <trkpt lat="34.271280000" lon="-111.514530000">
        <ele>1335</ele>
      </trkpt>
      <trkpt lat="34.271150000" lon="-111.514680000">
        <ele>1335</ele>
      </trkpt>
      <trkpt lat="34.271080000" lon="-111.514840000">
        <ele>1335</ele>
      </trkpt>
      <trkpt lat="34.271030000" lon="-111.514900000">
        <ele>1334</ele>
      </trkpt>
      <trkpt lat="34.271010000" lon="-111.514900000">
        <ele>1333</ele>
      </trkpt>
      <trkpt lat="34.270860000" lon="-111.515210000">
        <ele>1328</ele>
      </trkpt>
      <trkpt lat="34.270790000" lon="-111.515420000">
        <ele>1330</ele>
      </trkpt>
      <trkpt lat="34.270740000" lon="-111.515450000">
        <ele>1330</ele>
      </trkpt>
      <trkpt lat="34.270690000" lon="-111.515550000">
        <ele>1332</ele>
      </trkpt>
      <trkpt lat="34.270600000" lon="-111.515600000">
        <ele>1332</ele>
      </trkpt>
      <trkpt lat="34.270490000" lon="-111.515760000">
        <ele>1334</ele>
      </trkpt>
      <trkpt lat="34.270410000" lon="-111.515790000">
        <ele>1333</ele>
      </trkpt>
      <trkpt lat="34.270350000" lon="-111.515890000">
        <ele>1335</ele>
      </trkpt>
      <trkpt lat="34.270260000" lon="-111.515950000">
        <ele>1335</ele>
      </trkpt>
      <trkpt lat="34.270180000" lon="-111.515940000">
        <ele>1334</ele>
      </trkpt>
      <trkpt lat="34.270110000" lon="-111.515980000">
        <ele>1335</ele>
      </trkpt>
      <trkpt lat="34.270020000" lon="-111.515980000">
        <ele>1334</ele>
      </trkpt>
      <trkpt lat="34.269940000" lon="-111.516020000">
        <ele>1334</ele>
      </trkpt>
      <trkpt lat="34.269860000" lon="-111.516030000">
        <ele>1333</ele>
      </trkpt>
      <trkpt lat="34.269800000" lon="-111.516090000">
        <ele>1333</ele>
      </trkpt>
      <trkpt lat="34.269740000" lon="-111.516190000">
        <ele>1333</ele>
      </trkpt>
      <trkpt lat="34.269550000" lon="-111.516360000">
        <ele>1333</ele>
      </trkpt>
      <trkpt lat="34.269450000" lon="-111.516510000">
        <ele>1334</ele>
      </trkpt>
      <trkpt lat="34.269310000" lon="-111.516640000">
        <ele>1333</ele>
      </trkpt>
      <trkpt lat="34.269260000" lon="-111.516730000">
        <ele>1333</ele>
      </trkpt>
      <trkpt lat="34.269180000" lon="-111.516940000">
        <ele>1332</ele>
      </trkpt>
      <trkpt lat="34.269110000" lon="-111.517370000">
        <ele>1331</ele>
      </trkpt>
      <trkpt lat="34.269010000" lon="-111.517530000">
        <ele>1330</ele>
      </trkpt>
      <trkpt lat="34.268980000" lon="-111.517750000">
        <ele>1330</ele>
      </trkpt>
      <trkpt lat="34.269000000" lon="-111.518120000">
        <ele>1329</ele>
      </trkpt>
      <trkpt lat="34.269050000" lon="-111.518220000">
        <ele>1329</ele>
      </trkpt>
      <trkpt lat="34.269060000" lon="-111.518350000">
        <ele>1328</ele>
      </trkpt>
      <trkpt lat="34.269140000" lon="-111.518520000">
        <ele>1327</ele>
      </trkpt>
      <trkpt lat="34.269170000" lon="-111.518680000">
        <ele>1327</ele>
      </trkpt>
      <trkpt lat="34.269170000" lon="-111.518720000">
        <ele>1327</ele>
      </trkpt>
      <trkpt lat="34.269090000" lon="-111.518780000">
        <ele>1327</ele>
      </trkpt>
      <trkpt lat="34.269000000" lon="-111.518790000">
        <ele>1326</ele>
      </trkpt>
      <trkpt lat="34.268930000" lon="-111.518860000">
        <ele>1325</ele>
      </trkpt>
      <trkpt lat="34.268840000" lon="-111.518870000">
        <ele>1324</ele>
      </trkpt>
      <trkpt lat="34.268770000" lon="-111.518920000">
        <ele>1323</ele>
      </trkpt>
      <trkpt lat="34.268450000" lon="-111.519030000">
        <ele>1320</ele>
      </trkpt>
      <trkpt lat="34.268420000" lon="-111.519020000">
        <ele>1319</ele>
      </trkpt>
      <trkpt lat="34.268290000" lon="-111.519050000">
        <ele>1318</ele>
      </trkpt>
      <trkpt lat="34.268150000" lon="-111.519010000">
        <ele>1317</ele>
      </trkpt>
      <trkpt lat="34.268070000" lon="-111.519020000">
        <ele>1316</ele>
      </trkpt>
      <trkpt lat="34.268040000" lon="-111.519000000">
        <ele>1315</ele>
      </trkpt>
      <trkpt lat="34.267960000" lon="-111.519050000">
        <ele>1315</ele>
      </trkpt>
      <trkpt lat="34.267870000" lon="-111.519060000">
        <ele>1314</ele>
      </trkpt>
      <trkpt lat="34.267830000" lon="-111.519100000">
        <ele>1313</ele>
      </trkpt>
      <trkpt lat="34.267750000" lon="-111.519080000">
        <ele>1312</ele>
      </trkpt>
      <trkpt lat="34.267660000" lon="-111.519030000">
        <ele>1312</ele>
      </trkpt>
      <trkpt lat="34.267590000" lon="-111.518950000">
        <ele>1311</ele>
      </trkpt>
      <trkpt lat="34.267560000" lon="-111.518940000">
        <ele>1311</ele>
      </trkpt>
      <trkpt lat="34.267500000" lon="-111.518970000">
        <ele>1310</ele>
      </trkpt>
      <trkpt lat="34.267480000" lon="-111.518970000">
        <ele>1310</ele>
      </trkpt>
      <trkpt lat="34.267180000" lon="-111.518740000">
        <ele>1307</ele>
      </trkpt>
      <trkpt lat="34.267000000" lon="-111.518670000">
        <ele>1306</ele>
      </trkpt>
      <trkpt lat="34.266950000" lon="-111.518630000">
        <ele>1305</ele>
      </trkpt>
      <trkpt lat="34.266520000" lon="-111.518610000">
        <ele>1302</ele>
      </trkpt>
      <trkpt lat="34.266330000" lon="-111.518550000">
        <ele>1300</ele>
      </trkpt>
      <trkpt lat="34.266230000" lon="-111.518600000">
        <ele>1299</ele>
      </trkpt>
      <trkpt lat="34.266130000" lon="-111.518630000">
        <ele>1298</ele>
      </trkpt>
      <trkpt lat="34.265820000" lon="-111.518560000">
        <ele>1296</ele>
      </trkpt>
      <trkpt lat="34.265700000" lon="-111.518610000">
        <ele>1295</ele>
      </trkpt>
      <trkpt lat="34.265600000" lon="-111.518600000">
        <ele>1294</ele>
      </trkpt>
      <trkpt lat="34.265400000" lon="-111.518720000">
        <ele>1293</ele>
      </trkpt>
      <trkpt lat="34.264630000" lon="-111.518830000">
        <ele>1287</ele>
      </trkpt>
      <trkpt lat="34.264290000" lon="-111.518800000">
        <ele>1285</ele>
      </trkpt>
      <trkpt lat="34.264150000" lon="-111.518810000">
        <ele>1284</ele>
      </trkpt>
      <trkpt lat="34.264040000" lon="-111.518730000">
        <ele>1283</ele>
      </trkpt>
      <trkpt lat="34.263810000" lon="-111.518800000">
        <ele>1282</ele>
      </trkpt>
      <trkpt lat="34.263710000" lon="-111.518850000">
        <ele>1281</ele>
      </trkpt>
      <trkpt lat="34.263570000" lon="-111.519060000">
        <ele>1281</ele>
      </trkpt>
      <trkpt lat="34.263500000" lon="-111.519140000">
        <ele>1280</ele>
      </trkpt>
      <trkpt lat="34.263440000" lon="-111.519300000">
        <ele>1281</ele>
      </trkpt>
      <trkpt lat="34.263340000" lon="-111.519350000">
        <ele>1281</ele>
      </trkpt>
      <trkpt lat="34.263270000" lon="-111.519430000">
        <ele>1282</ele>
      </trkpt>
      <trkpt lat="34.263250000" lon="-111.519490000">
        <ele>1282</ele>
      </trkpt>
      <trkpt lat="34.263150000" lon="-111.519520000">
        <ele>1282</ele>
      </trkpt>
      <trkpt lat="34.263020000" lon="-111.519600000">
        <ele>1283</ele>
      </trkpt>
      <trkpt lat="34.262910000" lon="-111.519710000">
        <ele>1284</ele>
      </trkpt>
      <trkpt lat="34.262670000" lon="-111.519790000">
        <ele>1285</ele>
      </trkpt>
      <trkpt lat="34.262530000" lon="-111.519810000">
        <ele>1286</ele>
      </trkpt>
      <trkpt lat="34.262480000" lon="-111.519900000">
        <ele>1287</ele>
      </trkpt>
      <trkpt lat="34.262370000" lon="-111.519980000">
        <ele>1288</ele>
      </trkpt>
      <trkpt lat="34.262260000" lon="-111.520010000">
        <ele>1288</ele>
      </trkpt>
      <trkpt lat="34.262190000" lon="-111.520080000">
        <ele>1289</ele>
      </trkpt>
      <trkpt lat="34.262050000" lon="-111.520120000">
        <ele>1290</ele>
      </trkpt>
      <trkpt lat="34.261970000" lon="-111.520250000">
        <ele>1291</ele>
      </trkpt>
      <trkpt lat="34.261870000" lon="-111.520340000">
        <ele>1291</ele>
      </trkpt>
      <trkpt lat="34.261710000" lon="-111.520420000">
        <ele>1292</ele>
      </trkpt>
      <trkpt lat="34.261660000" lon="-111.520480000">
        <ele>1292</ele>
      </trkpt>
      <trkpt lat="34.261610000" lon="-111.520500000">
        <ele>1292</ele>
      </trkpt>
      <trkpt lat="34.261520000" lon="-111.520510000">
        <ele>1293</ele>
      </trkpt>
      <trkpt lat="34.261380000" lon="-111.520700000">
        <ele>1294</ele>
      </trkpt>
      <trkpt lat="34.261320000" lon="-111.520720000">
        <ele>1294</ele>
      </trkpt>
      <trkpt lat="34.261220000" lon="-111.520790000">
        <ele>1295</ele>
      </trkpt>
      <trkpt lat="34.261160000" lon="-111.520770000">
        <ele>1295</ele>
      </trkpt>
      <trkpt lat="34.260980000" lon="-111.520800000">
        <ele>1296</ele>
      </trkpt>
      <trkpt lat="34.260700000" lon="-111.520770000">
        <ele>1296</ele>
      </trkpt>
      <trkpt lat="34.260290000" lon="-111.520930000">
        <ele>1296</ele>
      </trkpt>
      <trkpt lat="34.260200000" lon="-111.520930000">
        <ele>1295</ele>
      </trkpt>
      <trkpt lat="34.260130000" lon="-111.521010000">
        <ele>1296</ele>
      </trkpt>
      <trkpt lat="34.260020000" lon="-111.520990000">
        <ele>1295</ele>
      </trkpt>
      <trkpt lat="34.259850000" lon="-111.521110000">
        <ele>1296</ele>
      </trkpt>
      <trkpt lat="34.259600000" lon="-111.520990000">
        <ele>1294</ele>
      </trkpt>
      <trkpt lat="34.259450000" lon="-111.520870000">
        <ele>1292</ele>
      </trkpt>
      <trkpt lat="34.259370000" lon="-111.520860000">
        <ele>1292</ele>
      </trkpt>
      <trkpt lat="34.259160000" lon="-111.520760000">
        <ele>1292</ele>
      </trkpt>
      <trkpt lat="34.259060000" lon="-111.520750000">
        <ele>1291</ele>
      </trkpt>
      <trkpt lat="34.258940000" lon="-111.520680000">
        <ele>1291</ele>
      </trkpt>
      <trkpt lat="34.258790000" lon="-111.520650000">
        <ele>1291</ele>
      </trkpt>
      <trkpt lat="34.258660000" lon="-111.520580000">
        <ele>1291</ele>
      </trkpt>
      <trkpt lat="34.258520000" lon="-111.520620000">
        <ele>1291</ele>
      </trkpt>
      <trkpt lat="34.258000000" lon="-111.520500000">
        <ele>1290</ele>
      </trkpt>
      <trkpt lat="34.257830000" lon="-111.520540000">
        <ele>1290</ele>
      </trkpt>
      <trkpt lat="34.257730000" lon="-111.520520000">
        <ele>1290</ele>
      </trkpt>
      <trkpt lat="34.257630000" lon="-111.520430000">
        <ele>1289</ele>
      </trkpt>
      <trkpt lat="34.257570000" lon="-111.520420000">
        <ele>1289</ele>
      </trkpt>
      <trkpt lat="34.257480000" lon="-111.520360000">
        <ele>1289</ele>
      </trkpt>
      <trkpt lat="34.257430000" lon="-111.520370000">
        <ele>1289</ele>
      </trkpt>
      <trkpt lat="34.257380000" lon="-111.520310000">
        <ele>1288</ele>
      </trkpt>
      <trkpt lat="34.257380000" lon="-111.520200000">
        <ele>1287</ele>
      </trkpt>
      <trkpt lat="34.257380000" lon="-111.520350000">
        <ele>1288</ele>
      </trkpt>
      <trkpt lat="34.257210000" lon="-111.520430000">
        <ele>1288</ele>
      </trkpt>
      <trkpt lat="34.257150000" lon="-111.520500000">
        <ele>1289</ele>
      </trkpt>
      <trkpt lat="34.256740000" lon="-111.520130000">
        <ele>1284</ele>
      </trkpt>
      <trkpt lat="34.256610000" lon="-111.520080000">
        <ele>1284</ele>
      </trkpt>
      <trkpt lat="34.256550000" lon="-111.520000000">
        <ele>1283</ele>
      </trkpt>
      <trkpt lat="34.256370000" lon="-111.519960000">
        <ele>1282</ele>
      </trkpt>
      <trkpt lat="34.256190000" lon="-111.519870000">
        <ele>1281</ele>
      </trkpt>
      <trkpt lat="34.256030000" lon="-111.519840000">
        <ele>1280</ele>
      </trkpt>
      <trkpt lat="34.255910000" lon="-111.519860000">
        <ele>1280</ele>
      </trkpt>
      <trkpt lat="34.255750000" lon="-111.519780000">
        <ele>1279</ele>
      </trkpt>
      <trkpt lat="34.255610000" lon="-111.519770000">
        <ele>1279</ele>
      </trkpt>
      <trkpt lat="34.255480000" lon="-111.519680000">
        <ele>1279</ele>
      </trkpt>
      <trkpt lat="34.255360000" lon="-111.519630000">
        <ele>1278</ele>
      </trkpt>
      <trkpt lat="34.255170000" lon="-111.519460000">
        <ele>1278</ele>
      </trkpt>
      <trkpt lat="34.255100000" lon="-111.519450000">
        <ele>1277</ele>
      </trkpt>
      <trkpt lat="34.255080000" lon="-111.519470000">
        <ele>1277</ele>
      </trkpt>
      <trkpt lat="34.254890000" lon="-111.519500000">
        <ele>1276</ele>
      </trkpt>
      <trkpt lat="34.254610000" lon="-111.519360000">
        <ele>1275</ele>
      </trkpt>
      <trkpt lat="34.254590000" lon="-111.519380000">
        <ele>1275</ele>
      </trkpt>
      <trkpt lat="34.254420000" lon="-111.519350000">
        <ele>1274</ele>
      </trkpt>
      <trkpt lat="34.254370000" lon="-111.519350000">
        <ele>1274</ele>
      </trkpt>
      <trkpt lat="34.254180000" lon="-111.519430000">
        <ele>1273</ele>
      </trkpt>
      <trkpt lat="34.254050000" lon="-111.519320000">
        <ele>1273</ele>
      </trkpt>
      <trkpt lat="34.253970000" lon="-111.519320000">
        <ele>1272</ele>
      </trkpt>
      <trkpt lat="34.253910000" lon="-111.519300000">
        <ele>1272</ele>
      </trkpt>
      <trkpt lat="34.253720000" lon="-111.519140000">
        <ele>1271</ele>
      </trkpt>
      <trkpt lat="34.253630000" lon="-111.519120000">
        <ele>1271</ele>
      </trkpt>
      <trkpt lat="34.253570000" lon="-111.519050000">
        <ele>1270</ele>
      </trkpt>
      <trkpt lat="34.253350000" lon="-111.518960000">
        <ele>1269</ele>
      </trkpt>
      <trkpt lat="34.253130000" lon="-111.519030000">
        <ele>1268</ele>
      </trkpt>
      <trkpt lat="34.253060000" lon="-111.519020000">
        <ele>1268</ele>
      </trkpt>
      <trkpt lat="34.252850000" lon="-111.519070000">
        <ele>1268</ele>
      </trkpt>
      <trkpt lat="34.252650000" lon="-111.519000000">
        <ele>1268</ele>
      </trkpt>
      <trkpt lat="34.252590000" lon="-111.519000000">
        <ele>1268</ele>
      </trkpt>
      <trkpt lat="34.252520000" lon="-111.519040000">
        <ele>1267</ele>
      </trkpt>
      <trkpt lat="34.252300000" lon="-111.518940000">
        <ele>1267</ele>
      </trkpt>
      <trkpt lat="34.252190000" lon="-111.518830000">
        <ele>1267</ele>
      </trkpt>
      <trkpt lat="34.252020000" lon="-111.518790000">
        <ele>1267</ele>
      </trkpt>
      <trkpt lat="34.251900000" lon="-111.518710000">
        <ele>1267</ele>
      </trkpt>
      <trkpt lat="34.251750000" lon="-111.518730000">
        <ele>1267</ele>
      </trkpt>
      <trkpt lat="34.251660000" lon="-111.518700000">
        <ele>1267</ele>
      </trkpt>
      <trkpt lat="34.251460000" lon="-111.518580000">
        <ele>1267</ele>
      </trkpt>
      <trkpt lat="34.251330000" lon="-111.518620000">
        <ele>1267</ele>
      </trkpt>
      <trkpt lat="34.251190000" lon="-111.518590000">
        <ele>1267</ele>
      </trkpt>
      <trkpt lat="34.250930000" lon="-111.518640000">
        <ele>1267</ele>
      </trkpt>
      <trkpt lat="34.250790000" lon="-111.518580000">
        <ele>1267</ele>
      </trkpt>
      <trkpt lat="34.250760000" lon="-111.518590000">
        <ele>1267</ele>
      </trkpt>
      <trkpt lat="34.250590000" lon="-111.518510000">
        <ele>1267</ele>
      </trkpt>
      <trkpt lat="34.250420000" lon="-111.518530000">
        <ele>1267</ele>
      </trkpt>
      <trkpt lat="34.250210000" lon="-111.518480000">
        <ele>1268</ele>
      </trkpt>
      <trkpt lat="34.250130000" lon="-111.518370000">
        <ele>1268</ele>
      </trkpt>
      <trkpt lat="34.250070000" lon="-111.518370000">
        <ele>1268</ele>
      </trkpt>
      <trkpt lat="34.249980000" lon="-111.518290000">
        <ele>1268</ele>
      </trkpt>
      <trkpt lat="34.249860000" lon="-111.518090000">
        <ele>1268</ele>
      </trkpt>
      <trkpt lat="34.249680000" lon="-111.517900000">
        <ele>1268</ele>
      </trkpt>
      <trkpt lat="34.249570000" lon="-111.517840000">
        <ele>1268</ele>
      </trkpt>
      <trkpt lat="34.249500000" lon="-111.517720000">
        <ele>1268</ele>
      </trkpt>
      <trkpt lat="34.249270000" lon="-111.517490000">
        <ele>1268</ele>
      </trkpt>
      <trkpt lat="34.249100000" lon="-111.517450000">
        <ele>1268</ele>
      </trkpt>
      <trkpt lat="34.249060000" lon="-111.517410000">
        <ele>1268</ele>
      </trkpt>
      <trkpt lat="34.248960000" lon="-111.517380000">
        <ele>1268</ele>
      </trkpt>
      <trkpt lat="34.248880000" lon="-111.517210000">
        <ele>1268</ele>
      </trkpt>
      <trkpt lat="34.248780000" lon="-111.517080000">
        <ele>1268</ele>
      </trkpt>
      <trkpt lat="34.248630000" lon="-111.516940000">
        <ele>1268</ele>
      </trkpt>
      <trkpt lat="34.248620000" lon="-111.516830000">
        <ele>1268</ele>
      </trkpt>
      <trkpt lat="34.248680000" lon="-111.516770000">
        <ele>1268</ele>
      </trkpt>
      <trkpt lat="34.248710000" lon="-111.516680000">
        <ele>1268</ele>
      </trkpt>
      <trkpt lat="34.248760000" lon="-111.516650000">
        <ele>1268</ele>
      </trkpt>
      <trkpt lat="34.248760000" lon="-111.516680000">
        <ele>1268</ele>
      </trkpt>
      <trkpt lat="34.248530000" lon="-111.516710000">
        <ele>1268</ele>
      </trkpt>
      <trkpt lat="34.248440000" lon="-111.516950000">
        <ele>1268</ele>
      </trkpt>
      <trkpt lat="34.248410000" lon="-111.517130000">
        <ele>1268</ele>
      </trkpt>
      <trkpt lat="34.248360000" lon="-111.517150000">
        <ele>1268</ele>
      </trkpt>
      <trkpt lat="34.248070000" lon="-111.516900000">
        <ele>1268</ele>
      </trkpt>
      <trkpt lat="34.247870000" lon="-111.516840000">
        <ele>1268</ele>
      </trkpt>
      <trkpt lat="34.247580000" lon="-111.516590000">
        <ele>1268</ele>
      </trkpt>
      <trkpt lat="34.247120000" lon="-111.516570000">
        <ele>1267</ele>
      </trkpt>
      <trkpt lat="34.246980000" lon="-111.516480000">
        <ele>1266</ele>
      </trkpt>
      <trkpt lat="34.246910000" lon="-111.516400000">
        <ele>1265</ele>
      </trkpt>
      <trkpt lat="34.246630000" lon="-111.516240000">
        <ele>1263</ele>
      </trkpt>
      <trkpt lat="34.246500000" lon="-111.516210000">
        <ele>1262</ele>
      </trkpt>
      <trkpt lat="34.246370000" lon="-111.516100000">
        <ele>1261</ele>
      </trkpt>
      <trkpt lat="34.246300000" lon="-111.516090000">
        <ele>1261</ele>
      </trkpt>
      <trkpt lat="34.246230000" lon="-111.516040000">
        <ele>1260</ele>
      </trkpt>
      <trkpt lat="34.246170000" lon="-111.515950000">
        <ele>1259</ele>
      </trkpt>
      <trkpt lat="34.245930000" lon="-111.515760000">
        <ele>1258</ele>
      </trkpt>
      <trkpt lat="34.245830000" lon="-111.515650000">
        <ele>1257</ele>
      </trkpt>
      <trkpt lat="34.245660000" lon="-111.515590000">
        <ele>1256</ele>
      </trkpt>
      <trkpt lat="34.245590000" lon="-111.515600000">
        <ele>1256</ele>
      </trkpt>
      <trkpt lat="34.245510000" lon="-111.515550000">
        <ele>1256</ele>
      </trkpt>
      <trkpt lat="34.245410000" lon="-111.515550000">
        <ele>1256</ele>
      </trkpt>
      <trkpt lat="34.245320000" lon="-111.515520000">
        <ele>1256</ele>
      </trkpt>
      <trkpt lat="34.245110000" lon="-111.515390000">
        <ele>1256</ele>
      </trkpt>
      <trkpt lat="34.244990000" lon="-111.515380000">
        <ele>1256</ele>
      </trkpt>
      <trkpt lat="34.244920000" lon="-111.515350000">
        <ele>1256</ele>
      </trkpt>
      <trkpt lat="34.244840000" lon="-111.515370000">
        <ele>1256</ele>
      </trkpt>
      <trkpt lat="34.244650000" lon="-111.515300000">
        <ele>1255</ele>
      </trkpt>
      <trkpt lat="34.244480000" lon="-111.515210000">
        <ele>1255</ele>
      </trkpt>
      <trkpt lat="34.244190000" lon="-111.515160000">
        <ele>1254</ele>
      </trkpt>
      <trkpt lat="34.243910000" lon="-111.515080000">
        <ele>1253</ele>
      </trkpt>
      <trkpt lat="34.243730000" lon="-111.515060000">
        <ele>1253</ele>
      </trkpt>
      <trkpt lat="34.243510000" lon="-111.514990000">
        <ele>1252</ele>
      </trkpt>
      <trkpt lat="34.243470000" lon="-111.514950000">
        <ele>1252</ele>
      </trkpt>
      <trkpt lat="34.243220000" lon="-111.514850000">
        <ele>1250</ele>
      </trkpt>
      <trkpt lat="34.243010000" lon="-111.514700000">
        <ele>1248</ele>
      </trkpt>
      <trkpt lat="34.242990000" lon="-111.514450000">
        <ele>1242</ele>
      </trkpt>
      <trkpt lat="34.242970000" lon="-111.514470000">
        <ele>1243</ele>
      </trkpt>
      <trkpt lat="34.242900000" lon="-111.514430000">
        <ele>1241</ele>
      </trkpt>
      <trkpt lat="34.242820000" lon="-111.514330000">
        <ele>1236</ele>
      </trkpt>
      <trkpt lat="34.242690000" lon="-111.514250000">
        <ele>1231</ele>
      </trkpt>
      <trkpt lat="34.242630000" lon="-111.514250000">
        <ele>1231</ele>
      </trkpt>
      <trkpt lat="34.242380000" lon="-111.514130000">
        <ele>1224</ele>
      </trkpt>
      <trkpt lat="34.242280000" lon="-111.514150000">
        <ele>1225</ele>
      </trkpt>
      <trkpt lat="34.242230000" lon="-111.514140000">
        <ele>1224</ele>
      </trkpt>
      <trkpt lat="34.242150000" lon="-111.514060000">
        <ele>1221</ele>
      </trkpt>
      <trkpt lat="34.242040000" lon="-111.514010000">
        <ele>1220</ele>
      </trkpt>
      <trkpt lat="34.241940000" lon="-111.513900000">
        <ele>1213</ele>
      </trkpt>
      <trkpt lat="34.241690000" lon="-111.513730000">
        <ele>1202</ele>
      </trkpt>
      <trkpt lat="34.241590000" lon="-111.513590000">
        <ele>1197</ele>
      </trkpt>
      <trkpt lat="34.241430000" lon="-111.513500000">
        <ele>1192</ele>
      </trkpt>
      <trkpt lat="34.241200000" lon="-111.513460000">
        <ele>1183</ele>
      </trkpt>
      <trkpt lat="34.241130000" lon="-111.513460000">
        <ele>1182</ele>
      </trkpt>
      <trkpt lat="34.241020000" lon="-111.513420000">
        <ele>1178</ele>
      </trkpt>
      <trkpt lat="34.240960000" lon="-111.513460000">
        <ele>1175</ele>
      </trkpt>
      <trkpt lat="34.240860000" lon="-111.513440000">
        <ele>1170</ele>
      </trkpt>
      <trkpt lat="34.240810000" lon="-111.513340000">
        <ele>1170</ele>
      </trkpt>
      <trkpt lat="34.240810000" lon="-111.513260000">
        <ele>1170</ele>
      </trkpt>
      <trkpt lat="34.240520000" lon="-111.513190000">
        <ele>1158</ele>
      </trkpt>
      <trkpt lat="34.240360000" lon="-111.513210000">
        <ele>1155</ele>
      </trkpt>
      <trkpt lat="34.240250000" lon="-111.513030000">
        <ele>1152</ele>
      </trkpt>
      <trkpt lat="34.240080000" lon="-111.512960000">
        <ele>1147</ele>
      </trkpt>
      <trkpt lat="34.240070000" lon="-111.512930000">
        <ele>1147</ele>
      </trkpt>
      <trkpt lat="34.240000000" lon="-111.512830000">
        <ele>1145</ele>
      </trkpt>
      <trkpt lat="34.240010000" lon="-111.512790000">
        <ele>1145</ele>
      </trkpt>
      <trkpt lat="34.240110000" lon="-111.512570000">
        <ele>1140</ele>
      </trkpt>
      <trkpt lat="34.240190000" lon="-111.512470000">
        <ele>1139</ele>
      </trkpt>
      <trkpt lat="34.240220000" lon="-111.512280000">
        <ele>1134</ele>
      </trkpt>
      <trkpt lat="34.240120000" lon="-111.512260000">
        <ele>1130</ele>
      </trkpt>
      <trkpt lat="34.240050000" lon="-111.512290000">
        <ele>1128</ele>
      </trkpt>
      <trkpt lat="34.239960000" lon="-111.512160000">
        <ele>1122</ele>
      </trkpt>
      <trkpt lat="34.239950000" lon="-111.512100000">
        <ele>1122</ele>
      </trkpt>
      <trkpt lat="34.239980000" lon="-111.512040000">
        <ele>1122</ele>
      </trkpt>
      <trkpt lat="34.239970000" lon="-111.511960000">
        <ele>1121</ele>
      </trkpt>
      <trkpt lat="34.240030000" lon="-111.511890000">
        <ele>1122</ele>
      </trkpt>
      <trkpt lat="34.239970000" lon="-111.511740000">
        <ele>1118</ele>
      </trkpt>
      <trkpt lat="34.239900000" lon="-111.511390000">
        <ele>1113</ele>
      </trkpt>
      <trkpt lat="34.239820000" lon="-111.511290000">
        <ele>1111</ele>
      </trkpt>
      <trkpt lat="34.239800000" lon="-111.511200000">
        <ele>1110</ele>
      </trkpt>
      <trkpt lat="34.239700000" lon="-111.511070000">
        <ele>1109</ele>
      </trkpt>
      <trkpt lat="34.239670000" lon="-111.510920000">
        <ele>1107</ele>
      </trkpt>
      <trkpt lat="34.239690000" lon="-111.510910000">
        <ele>1108</ele>
      </trkpt>
      <trkpt lat="34.239580000" lon="-111.510810000">
        <ele>1105</ele>
      </trkpt>
      <trkpt lat="34.239420000" lon="-111.510710000">
        <ele>1103</ele>
      </trkpt>
      <trkpt lat="34.239420000" lon="-111.510590000">
        <ele>1101</ele>
      </trkpt>
      <trkpt lat="34.239470000" lon="-111.510490000">
        <ele>1099</ele>
      </trkpt>
      <trkpt lat="34.239420000" lon="-111.510400000">
        <ele>1097</ele>
      </trkpt>
      <trkpt lat="34.239380000" lon="-111.510360000">
        <ele>1096</ele>
      </trkpt>
      <trkpt lat="34.239140000" lon="-111.510370000">
        <ele>1093</ele>
      </trkpt>
      <trkpt lat="34.239090000" lon="-111.510410000">
        <ele>1093</ele>
      </trkpt>
      <trkpt lat="34.238880000" lon="-111.510440000">
        <ele>1092</ele>
      </trkpt>
      <trkpt lat="34.238550000" lon="-111.510600000">
        <ele>1092</ele>
      </trkpt>
      <trkpt lat="34.238420000" lon="-111.510640000">
        <ele>1090</ele>
      </trkpt>
      <trkpt lat="34.238370000" lon="-111.510730000">
        <ele>1088</ele>
      </trkpt>
      <trkpt lat="34.238290000" lon="-111.510810000">
        <ele>1085</ele>
      </trkpt>
      <trkpt lat="34.238240000" lon="-111.510990000">
        <ele>1086</ele>
      </trkpt>
      <trkpt lat="34.238140000" lon="-111.511160000">
        <ele>1086</ele>
      </trkpt>
      <trkpt lat="34.237900000" lon="-111.511340000">
        <ele>1087</ele>
      </trkpt>
      <trkpt lat="34.237710000" lon="-111.511320000">
        <ele>1086</ele>
      </trkpt>
      <trkpt lat="34.237610000" lon="-111.511330000">
        <ele>1086</ele>
      </trkpt>
      <trkpt lat="34.237500000" lon="-111.511290000">
        <ele>1085</ele>
      </trkpt>
      <trkpt lat="34.237220000" lon="-111.511270000">
        <ele>1083</ele>
      </trkpt>
      <trkpt lat="34.237130000" lon="-111.511280000">
        <ele>1082</ele>
      </trkpt>
      <trkpt lat="34.236940000" lon="-111.511380000">
        <ele>1078</ele>
      </trkpt>
      <trkpt lat="34.236430000" lon="-111.511360000">
        <ele>1073</ele>
      </trkpt>
      <trkpt lat="34.236300000" lon="-111.511250000">
        <ele>1072</ele>
      </trkpt>
      <trkpt lat="34.236220000" lon="-111.511110000">
        <ele>1072</ele>
      </trkpt>
      <trkpt lat="34.236140000" lon="-111.510980000">
        <ele>1072</ele>
      </trkpt>
      <trkpt lat="34.236140000" lon="-111.510880000">
        <ele>1072</ele>
      </trkpt>
      <trkpt lat="34.236090000" lon="-111.510800000">
        <ele>1072</ele>
      </trkpt>
      <trkpt lat="34.235950000" lon="-111.510660000">
        <ele>1070</ele>
      </trkpt>
      <trkpt lat="34.235900000" lon="-111.510630000">
        <ele>1070</ele>
      </trkpt>
      <trkpt lat="34.235840000" lon="-111.510540000">
        <ele>1069</ele>
      </trkpt>
      <trkpt lat="34.235760000" lon="-111.510500000">
        <ele>1068</ele>
      </trkpt>
      <trkpt lat="34.235740000" lon="-111.510390000">
        <ele>1066</ele>
      </trkpt>
      <trkpt lat="34.235700000" lon="-111.510300000">
        <ele>1065</ele>
      </trkpt>
      <trkpt lat="34.235730000" lon="-111.510300000">
        <ele>1065</ele>
      </trkpt>
      <trkpt lat="34.235780000" lon="-111.510240000">
        <ele>1064</ele>
      </trkpt>
      <trkpt lat="34.235810000" lon="-111.510260000">
        <ele>1065</ele>
      </trkpt>
      <trkpt lat="34.235960000" lon="-111.510220000">
        <ele>1064</ele>
      </trkpt>
      <trkpt lat="34.235980000" lon="-111.510240000">
        <ele>1065</ele>
      </trkpt>
      <trkpt lat="34.235960000" lon="-111.510270000">
        <ele>1065</ele>
      </trkpt>
      <trkpt lat="34.235920000" lon="-111.510220000">
        <ele>1064</ele>
      </trkpt>
      <trkpt lat="34.235870000" lon="-111.510210000">
        <ele>1064</ele>
      </trkpt>
      <trkpt lat="34.235710000" lon="-111.510280000">
        <ele>1065</ele>
      </trkpt>
      <trkpt lat="34.235160000" lon="-111.510090000">
        <ele>1060</ele>
      </trkpt>
      <trkpt lat="34.235000000" lon="-111.510000000">
        <ele>1059</ele>
      </trkpt>
      <trkpt lat="34.234580000" lon="-111.509930000">
        <ele>1055</ele>
      </trkpt>
      <trkpt lat="34.234160000" lon="-111.509760000">
        <ele>1049</ele>
      </trkpt>
      <trkpt lat="34.234000000" lon="-111.509740000">
        <ele>1048</ele>
      </trkpt>
      <trkpt lat="34.233840000" lon="-111.509680000">
        <ele>1045</ele>
      </trkpt>
      <trkpt lat="34.233680000" lon="-111.509690000">
        <ele>1043</ele>
      </trkpt>
      <trkpt lat="34.233330000" lon="-111.509630000">
        <ele>1037</ele>
      </trkpt>
      <trkpt lat="34.233140000" lon="-111.509660000">
        <ele>1034</ele>
      </trkpt>
      <trkpt lat="34.232980000" lon="-111.509780000">
        <ele>1034</ele>
      </trkpt>
      <trkpt lat="34.232650000" lon="-111.509960000">
        <ele>1031</ele>
      </trkpt>
      <trkpt lat="34.232520000" lon="-111.510140000">
        <ele>1031</ele>
      </trkpt>
      <trkpt lat="34.232480000" lon="-111.510260000">
        <ele>1031</ele>
      </trkpt>
      <trkpt lat="34.232410000" lon="-111.510330000">
        <ele>1031</ele>
      </trkpt>
      <trkpt lat="34.232340000" lon="-111.510480000">
        <ele>1031</ele>
      </trkpt>
      <trkpt lat="34.232140000" lon="-111.510720000">
        <ele>1028</ele>
      </trkpt>
      <trkpt lat="34.232080000" lon="-111.510860000">
        <ele>1028</ele>
      </trkpt>
      <trkpt lat="34.232040000" lon="-111.511170000">
        <ele>1028</ele>
      </trkpt>
      <trkpt lat="34.232030000" lon="-111.511340000">
        <ele>1028</ele>
      </trkpt>
      <trkpt lat="34.232070000" lon="-111.511670000">
        <ele>1028</ele>
      </trkpt>
      <trkpt lat="34.231960000" lon="-111.511770000">
        <ele>1026</ele>
      </trkpt>
      <trkpt lat="34.231940000" lon="-111.511760000">
        <ele>1026</ele>
      </trkpt>
      <trkpt lat="34.231930000" lon="-111.511780000">
        <ele>1025</ele>
      </trkpt>
      <trkpt lat="34.231940000" lon="-111.511830000">
        <ele>1026</ele>
      </trkpt>
      <trkpt lat="34.231810000" lon="-111.511910000">
        <ele>1025</ele>
      </trkpt>
      <trkpt lat="34.231680000" lon="-111.511940000">
        <ele>1022</ele>
      </trkpt>
      <trkpt lat="34.231610000" lon="-111.512010000">
        <ele>1020</ele>
      </trkpt>
      <trkpt lat="34.231480000" lon="-111.512080000">
        <ele>1019</ele>
      </trkpt>
      <trkpt lat="34.231410000" lon="-111.512100000">
        <ele>1019</ele>
      </trkpt>
      <trkpt lat="34.231370000" lon="-111.512180000">
        <ele>1021</ele>
      </trkpt>
      <trkpt lat="34.231340000" lon="-111.512180000">
        <ele>1020</ele>
      </trkpt>
      <trkpt lat="34.231210000" lon="-111.512290000">
        <ele>1017</ele>
      </trkpt>
      <trkpt lat="34.231130000" lon="-111.512390000">
        <ele>1015</ele>
      </trkpt>
      <trkpt lat="34.231120000" lon="-111.512440000">
        <ele>1016</ele>
      </trkpt>
      <trkpt lat="34.231060000" lon="-111.512560000">
        <ele>1016</ele>
      </trkpt>
      <trkpt lat="34.231030000" lon="-111.512690000">
        <ele>1016</ele>
      </trkpt>
      <trkpt lat="34.231000000" lon="-111.512700000">
        <ele>1015</ele>
      </trkpt>
      <trkpt lat="34.230920000" lon="-111.512860000">
        <ele>1013</ele>
      </trkpt>
      <trkpt lat="34.230850000" lon="-111.512870000">
        <ele>1012</ele>
      </trkpt>
      <trkpt lat="34.230800000" lon="-111.512940000">
        <ele>1011</ele>
      </trkpt>
      <trkpt lat="34.230670000" lon="-111.513000000">
        <ele>1009</ele>
      </trkpt>
      <trkpt lat="34.230590000" lon="-111.513130000">
        <ele>1008</ele>
      </trkpt>
      <trkpt lat="34.230500000" lon="-111.513230000">
        <ele>1007</ele>
      </trkpt>
      <trkpt lat="34.230350000" lon="-111.513360000">
        <ele>1006</ele>
      </trkpt>
      <trkpt lat="34.229930000" lon="-111.513320000">
        <ele>1001</ele>
      </trkpt>
      <trkpt lat="34.229830000" lon="-111.513250000">
        <ele>999</ele>
      </trkpt>
      <trkpt lat="34.229690000" lon="-111.513240000">
        <ele>998</ele>
      </trkpt>
      <trkpt lat="34.229560000" lon="-111.513130000">
        <ele>998</ele>
      </trkpt>
      <trkpt lat="34.229520000" lon="-111.513240000">
        <ele>998</ele>
      </trkpt>
      <trkpt lat="34.229540000" lon="-111.513340000">
        <ele>998</ele>
      </trkpt>
      <trkpt lat="34.229530000" lon="-111.513450000">
        <ele>998</ele>
      </trkpt>
      <trkpt lat="34.229460000" lon="-111.513440000">
        <ele>998</ele>
      </trkpt>
      <trkpt lat="34.229390000" lon="-111.513380000">
        <ele>998</ele>
      </trkpt>
      <trkpt lat="34.229360000" lon="-111.513290000">
        <ele>998</ele>
      </trkpt>
      <trkpt lat="34.229100000" lon="-111.513090000">
        <ele>998</ele>
      </trkpt>
      <trkpt lat="34.228860000" lon="-111.513000000">
        <ele>1000</ele>
      </trkpt>
      <trkpt lat="34.228810000" lon="-111.512960000">
        <ele>1000</ele>
      </trkpt>
      <trkpt lat="34.228480000" lon="-111.512860000">
        <ele>1000</ele>
      </trkpt>
      <trkpt lat="34.228390000" lon="-111.512740000">
        <ele>1000</ele>
      </trkpt>
      <trkpt lat="34.228260000" lon="-111.512430000">
        <ele>1000</ele>
      </trkpt>
      <trkpt lat="34.228200000" lon="-111.512370000">
        <ele>1000</ele>
      </trkpt>
      <trkpt lat="34.228160000" lon="-111.512270000">
        <ele>1000</ele>
      </trkpt>
      <trkpt lat="34.228080000" lon="-111.512140000">
        <ele>1000</ele>
      </trkpt>
      <trkpt lat="34.228040000" lon="-111.511980000">
        <ele>1000</ele>
      </trkpt>
      <trkpt lat="34.227850000" lon="-111.511820000">
        <ele>1001</ele>
      </trkpt>
      <trkpt lat="34.227830000" lon="-111.511760000">
        <ele>1001</ele>
      </trkpt>
      <trkpt lat="34.227760000" lon="-111.511670000">
        <ele>1001</ele>
      </trkpt>
      <trkpt lat="34.227540000" lon="-111.511610000">
        <ele>1001</ele>
      </trkpt>
      <trkpt lat="34.227450000" lon="-111.511620000">
        <ele>1001</ele>
      </trkpt>
      <trkpt lat="34.226950000" lon="-111.511560000">
        <ele>1003</ele>
      </trkpt>
      <trkpt lat="34.226900000" lon="-111.511600000">
        <ele>1003</ele>
      </trkpt>
      <trkpt lat="34.226740000" lon="-111.511630000">
        <ele>1003</ele>
      </trkpt>
      <trkpt lat="34.226450000" lon="-111.511600000">
        <ele>1004</ele>
      </trkpt>
      <trkpt lat="34.226420000" lon="-111.511650000">
        <ele>1004</ele>
      </trkpt>
      <trkpt lat="34.226410000" lon="-111.511840000">
        <ele>1004</ele>
      </trkpt>
      <trkpt lat="34.226290000" lon="-111.512250000">
        <ele>1006</ele>
      </trkpt>
      <trkpt lat="34.226220000" lon="-111.512320000">
        <ele>1007</ele>
      </trkpt>
      <trkpt lat="34.226200000" lon="-111.512440000">
        <ele>1007</ele>
      </trkpt>
      <trkpt lat="34.226020000" lon="-111.512650000">
        <ele>1009</ele>
      </trkpt>
      <trkpt lat="34.225890000" lon="-111.512740000">
        <ele>1009</ele>
      </trkpt>
      <trkpt lat="34.225840000" lon="-111.512830000">
        <ele>1010</ele>
      </trkpt>
      <trkpt lat="34.225690000" lon="-111.512990000">
        <ele>1011</ele>
      </trkpt>
      <trkpt lat="34.225370000" lon="-111.513420000">
        <ele>1013</ele>
      </trkpt>
      <trkpt lat="34.225250000" lon="-111.513520000">
        <ele>1014</ele>
      </trkpt>
      <trkpt lat="34.225210000" lon="-111.513530000">
        <ele>1014</ele>
      </trkpt>
      <trkpt lat="34.224950000" lon="-111.513780000">
        <ele>1016</ele>
      </trkpt>
      <trkpt lat="34.224800000" lon="-111.513820000">
        <ele>1016</ele>
      </trkpt>
      <trkpt lat="34.224560000" lon="-111.513830000">
        <ele>1015</ele>
      </trkpt>
      <trkpt lat="34.224420000" lon="-111.513890000">
        <ele>1014</ele>
      </trkpt>
      <trkpt lat="34.224340000" lon="-111.514000000">
        <ele>1014</ele>
      </trkpt>
      <trkpt lat="34.224320000" lon="-111.514080000">
        <ele>1015</ele>
      </trkpt>
      <trkpt lat="34.224290000" lon="-111.514690000">
        <ele>1020</ele>
      </trkpt>
      <trkpt lat="34.224260000" lon="-111.514850000">
        <ele>1021</ele>
      </trkpt>
      <trkpt lat="34.224280000" lon="-111.514940000">
        <ele>1022</ele>
      </trkpt>
      <trkpt lat="34.224200000" lon="-111.515420000">
        <ele>1025</ele>
      </trkpt>
      <trkpt lat="34.224190000" lon="-111.515760000">
        <ele>1027</ele>
      </trkpt>
      <trkpt lat="34.224120000" lon="-111.515990000">
        <ele>1029</ele>
      </trkpt>
      <trkpt lat="34.223980000" lon="-111.516170000">
        <ele>1029</ele>
      </trkpt>
      <trkpt lat="34.224060000" lon="-111.516460000">
        <ele>1031</ele>
      </trkpt>
      <trkpt lat="34.224060000" lon="-111.516620000">
        <ele>1032</ele>
      </trkpt>
      <trkpt lat="34.224100000" lon="-111.516710000">
        <ele>1033</ele>
      </trkpt>
      <trkpt lat="34.224100000" lon="-111.516850000">
        <ele>1034</ele>
      </trkpt>
      <trkpt lat="34.224140000" lon="-111.516990000">
        <ele>1035</ele>
      </trkpt>
      <trkpt lat="34.224150000" lon="-111.517180000">
        <ele>1037</ele>
      </trkpt>
      <trkpt lat="34.224120000" lon="-111.517350000">
        <ele>1040</ele>
      </trkpt>
      <trkpt lat="34.224040000" lon="-111.517510000">
        <ele>1043</ele>
      </trkpt>
      <trkpt lat="34.223970000" lon="-111.517580000">
        <ele>1046</ele>
      </trkpt>
      <trkpt lat="34.223940000" lon="-111.517690000">
        <ele>1048</ele>
      </trkpt>
      <trkpt lat="34.223830000" lon="-111.517790000">
        <ele>1050</ele>
      </trkpt>
      <trkpt lat="34.223800000" lon="-111.517890000">
        <ele>1052</ele>
      </trkpt>
      <trkpt lat="34.223670000" lon="-111.517990000">
        <ele>1053</ele>
      </trkpt>
      <trkpt lat="34.223610000" lon="-111.518090000">
        <ele>1055</ele>
      </trkpt>
      <trkpt lat="34.223600000" lon="-111.518160000">
        <ele>1057</ele>
      </trkpt>
      <trkpt lat="34.223500000" lon="-111.518290000">
        <ele>1059</ele>
      </trkpt>
      <trkpt lat="34.223280000" lon="-111.518470000">
        <ele>1059</ele>
      </trkpt>
      <trkpt lat="34.223190000" lon="-111.518610000">
        <ele>1061</ele>
      </trkpt>
      <trkpt lat="34.223100000" lon="-111.518650000">
        <ele>1062</ele>
      </trkpt>
      <trkpt lat="34.223000000" lon="-111.518850000">
        <ele>1064</ele>
      </trkpt>
      <trkpt lat="34.222990000" lon="-111.518950000">
        <ele>1065</ele>
      </trkpt>
      <trkpt lat="34.222830000" lon="-111.519160000">
        <ele>1067</ele>
      </trkpt>
      <trkpt lat="34.222800000" lon="-111.519260000">
        <ele>1068</ele>
      </trkpt>
      <trkpt lat="34.222640000" lon="-111.519530000">
        <ele>1069</ele>
      </trkpt>
      <trkpt lat="34.222630000" lon="-111.519800000">
        <ele>1073</ele>
      </trkpt>
      <trkpt lat="34.222500000" lon="-111.520130000">
        <ele>1075</ele>
      </trkpt>
      <trkpt lat="34.222450000" lon="-111.520520000">
        <ele>1079</ele>
      </trkpt>
      <trkpt lat="34.222390000" lon="-111.520670000">
        <ele>1079</ele>
      </trkpt>
      <trkpt lat="34.222410000" lon="-111.520810000">
        <ele>1084</ele>
      </trkpt>
      <trkpt lat="34.222390000" lon="-111.520830000">
        <ele>1084</ele>
      </trkpt>
      <trkpt lat="34.222380000" lon="-111.521230000">
        <ele>1090</ele>
      </trkpt>
      <trkpt lat="34.222340000" lon="-111.521360000">
        <ele>1091</ele>
      </trkpt>
      <trkpt lat="34.222400000" lon="-111.521690000">
        <ele>1092</ele>
      </trkpt>
      <trkpt lat="34.222380000" lon="-111.521880000">
        <ele>1092</ele>
      </trkpt>
      <trkpt lat="34.222400000" lon="-111.522020000">
        <ele>1090</ele>
      </trkpt>
      <trkpt lat="34.222210000" lon="-111.522360000">
        <ele>1091</ele>
      </trkpt>
      <trkpt lat="34.222140000" lon="-111.522560000">
        <ele>1091</ele>
      </trkpt>
      <trkpt lat="34.222040000" lon="-111.522710000">
        <ele>1092</ele>
      </trkpt>
      <trkpt lat="34.221940000" lon="-111.523000000">
        <ele>1093</ele>
      </trkpt>
      <trkpt lat="34.221980000" lon="-111.523190000">
        <ele>1091</ele>
      </trkpt>
      <trkpt lat="34.222090000" lon="-111.523400000">
        <ele>1089</ele>
      </trkpt>
      <trkpt lat="34.222150000" lon="-111.523740000">
        <ele>1089</ele>
      </trkpt>
      <trkpt lat="34.222140000" lon="-111.523890000">
        <ele>1087</ele>
      </trkpt>
      <trkpt lat="34.222190000" lon="-111.524110000">
        <ele>1085</ele>
      </trkpt>
      <trkpt lat="34.222280000" lon="-111.524220000">
        <ele>1086</ele>
      </trkpt>
      <trkpt lat="34.222560000" lon="-111.524270000">
        <ele>1085</ele>
      </trkpt>
      <trkpt lat="34.222680000" lon="-111.524380000">
        <ele>1083</ele>
      </trkpt>
      <trkpt lat="34.222720000" lon="-111.524800000">
        <ele>1083</ele>
      </trkpt>
      <trkpt lat="34.222690000" lon="-111.524960000">
        <ele>1084</ele>
      </trkpt>
      <trkpt lat="34.222690000" lon="-111.525150000">
        <ele>1085</ele>
      </trkpt>
      <trkpt lat="34.222640000" lon="-111.525200000">
        <ele>1085</ele>
      </trkpt>
      <trkpt lat="34.222610000" lon="-111.525300000">
        <ele>1086</ele>
      </trkpt>
      <trkpt lat="34.222620000" lon="-111.525470000">
        <ele>1087</ele>
      </trkpt>
      <trkpt lat="34.222380000" lon="-111.525970000">
        <ele>1089</ele>
      </trkpt>
      <trkpt lat="34.222310000" lon="-111.526350000">
        <ele>1093</ele>
      </trkpt>
      <trkpt lat="34.222180000" lon="-111.526510000">
        <ele>1096</ele>
      </trkpt>
      <trkpt lat="34.222030000" lon="-111.526840000">
        <ele>1097</ele>
      </trkpt>
      <trkpt lat="34.222030000" lon="-111.526960000">
        <ele>1098</ele>
      </trkpt>
      <trkpt lat="34.221920000" lon="-111.527200000">
        <ele>1097</ele>
      </trkpt>
      <trkpt lat="34.221900000" lon="-111.527390000">
        <ele>1094</ele>
      </trkpt>
      <trkpt lat="34.221870000" lon="-111.527480000">
        <ele>1092</ele>
      </trkpt>
      <trkpt lat="34.221820000" lon="-111.527560000">
        <ele>1089</ele>
      </trkpt>
      <trkpt lat="34.221470000" lon="-111.527750000">
        <ele>1078</ele>
      </trkpt>
      <trkpt lat="34.221440000" lon="-111.527790000">
        <ele>1077</ele>
      </trkpt>
      <trkpt lat="34.221550000" lon="-111.528010000">
        <ele>1073</ele>
      </trkpt>
      <trkpt lat="34.221620000" lon="-111.528070000">
        <ele>1073</ele>
      </trkpt>
      <trkpt lat="34.221630000" lon="-111.528100000">
        <ele>1073</ele>
      </trkpt>
      <trkpt lat="34.221540000" lon="-111.528480000">
        <ele>1066</ele>
      </trkpt>
      <trkpt lat="34.221540000" lon="-111.528650000">
        <ele>1062</ele>
      </trkpt>
      <trkpt lat="34.221490000" lon="-111.528730000">
        <ele>1062</ele>
      </trkpt>
      <trkpt lat="34.221480000" lon="-111.528850000">
        <ele>1061</ele>
      </trkpt>
      <trkpt lat="34.221560000" lon="-111.529200000">
        <ele>1064</ele>
      </trkpt>
      <trkpt lat="34.221540000" lon="-111.529270000">
        <ele>1065</ele>
      </trkpt>
      <trkpt lat="34.221560000" lon="-111.529460000">
        <ele>1065</ele>
      </trkpt>
      <trkpt lat="34.221640000" lon="-111.529720000">
        <ele>1065</ele>
      </trkpt>
      <trkpt lat="34.221540000" lon="-111.530260000">
        <ele>1066</ele>
      </trkpt>
      <trkpt lat="34.221650000" lon="-111.530420000">
        <ele>1065</ele>
      </trkpt>
      <trkpt lat="34.221810000" lon="-111.530530000">
        <ele>1063</ele>
      </trkpt>
      <trkpt lat="34.221850000" lon="-111.530600000">
        <ele>1063</ele>
      </trkpt>
      <trkpt lat="34.221990000" lon="-111.530740000">
        <ele>1060</ele>
      </trkpt>
      <trkpt lat="34.222060000" lon="-111.530890000">
        <ele>1058</ele>
      </trkpt>
      <trkpt lat="34.222060000" lon="-111.531140000">
        <ele>1054</ele>
      </trkpt>
      <trkpt lat="34.222140000" lon="-111.531250000">
        <ele>1051</ele>
      </trkpt>
      <trkpt lat="34.222310000" lon="-111.531350000">
        <ele>1048</ele>
      </trkpt>
      <trkpt lat="34.222340000" lon="-111.531430000">
        <ele>1046</ele>
      </trkpt>
      <trkpt lat="34.222340000" lon="-111.531540000">
        <ele>1044</ele>
      </trkpt>
      <trkpt lat="34.222210000" lon="-111.531730000">
        <ele>1045</ele>
      </trkpt>
      <trkpt lat="34.221840000" lon="-111.531990000">
        <ele>1052</ele>
      </trkpt>
      <trkpt lat="34.221750000" lon="-111.532080000">
        <ele>1053</ele>
      </trkpt>
      <trkpt lat="34.221610000" lon="-111.532160000">
        <ele>1056</ele>
      </trkpt>
      <trkpt lat="34.221580000" lon="-111.532240000">
        <ele>1056</ele>
      </trkpt>
      <trkpt lat="34.221460000" lon="-111.532440000">
        <ele>1057</ele>
      </trkpt>
      <trkpt lat="34.221130000" lon="-111.532730000">
        <ele>1061</ele>
      </trkpt>
      <trkpt lat="34.221040000" lon="-111.532860000">
        <ele>1060</ele>
      </trkpt>
      <trkpt lat="34.221000000" lon="-111.533000000">
        <ele>1059</ele>
      </trkpt>
      <trkpt lat="34.220840000" lon="-111.533100000">
        <ele>1060</ele>
      </trkpt>
      <trkpt lat="34.220750000" lon="-111.533270000">
        <ele>1062</ele>
      </trkpt>
      <trkpt lat="34.220720000" lon="-111.533520000">
        <ele>1066</ele>
      </trkpt>
      <trkpt lat="34.220770000" lon="-111.533680000">
        <ele>1068</ele>
      </trkpt>
      <trkpt lat="34.220770000" lon="-111.534010000">
        <ele>1073</ele>
      </trkpt>
      <trkpt lat="34.220700000" lon="-111.534050000">
        <ele>1074</ele>
      </trkpt>
      <trkpt lat="34.220750000" lon="-111.533960000">
        <ele>1073</ele>
      </trkpt>
      <trkpt lat="34.220700000" lon="-111.533980000">
        <ele>1074</ele>
      </trkpt>
      <trkpt lat="34.220690000" lon="-111.534010000">
        <ele>1074</ele>
      </trkpt>
      <trkpt lat="34.220730000" lon="-111.534060000">
        <ele>1074</ele>
      </trkpt>
      <trkpt lat="34.220750000" lon="-111.534040000">
        <ele>1074</ele>
      </trkpt>
      <trkpt lat="34.220780000" lon="-111.534150000">
        <ele>1074</ele>
      </trkpt>
      <trkpt lat="34.220740000" lon="-111.534270000">
        <ele>1076</ele>
      </trkpt>
      <trkpt lat="34.220680000" lon="-111.534730000">
        <ele>1083</ele>
      </trkpt>
      <trkpt lat="34.220640000" lon="-111.534850000">
        <ele>1085</ele>
      </trkpt>
      <trkpt lat="34.220610000" lon="-111.535350000">
        <ele>1095</ele>
      </trkpt>
      <trkpt lat="34.220530000" lon="-111.535650000">
        <ele>1098</ele>
      </trkpt>
      <trkpt lat="34.220570000" lon="-111.535800000">
        <ele>1097</ele>
      </trkpt>
      <trkpt lat="34.220570000" lon="-111.535950000">
        <ele>1101</ele>
      </trkpt>
      <trkpt lat="34.220690000" lon="-111.536430000">
        <ele>1110</ele>
      </trkpt>
      <trkpt lat="34.220690000" lon="-111.536520000">
        <ele>1111</ele>
      </trkpt>
      <trkpt lat="34.220570000" lon="-111.536600000">
        <ele>1118</ele>
      </trkpt>
      <trkpt lat="34.220500000" lon="-111.536610000">
        <ele>1121</ele>
      </trkpt>
      <trkpt lat="34.220450000" lon="-111.536590000">
        <ele>1122</ele>
      </trkpt>
      <trkpt lat="34.220360000" lon="-111.536500000">
        <ele>1120</ele>
      </trkpt>
      <trkpt lat="34.220230000" lon="-111.536450000">
        <ele>1118</ele>
      </trkpt>
      <trkpt lat="34.220170000" lon="-111.536450000">
        <ele>1118</ele>
      </trkpt>
      <trkpt lat="34.219900000" lon="-111.536590000">
        <ele>1129</ele>
      </trkpt>
      <trkpt lat="34.219870000" lon="-111.536590000">
        <ele>1130</ele>
      </trkpt>
      <trkpt lat="34.219840000" lon="-111.536550000">
        <ele>1133</ele>
      </trkpt>
      <trkpt lat="34.219810000" lon="-111.536220000">
        <ele>1134</ele>
      </trkpt>
      <trkpt lat="34.219760000" lon="-111.536150000">
        <ele>1136</ele>
      </trkpt>
      <trkpt lat="34.219530000" lon="-111.536010000">
        <ele>1142</ele>
      </trkpt>
      <trkpt lat="34.219470000" lon="-111.535950000">
        <ele>1141</ele>
      </trkpt>
      <trkpt lat="34.219400000" lon="-111.535930000">
        <ele>1141</ele>
      </trkpt>
      <trkpt lat="34.219290000" lon="-111.535940000">
        <ele>1144</ele>
      </trkpt>
      <trkpt lat="34.219020000" lon="-111.535810000">
        <ele>1141</ele>
      </trkpt>
      <trkpt lat="34.218900000" lon="-111.535870000">
        <ele>1143</ele>
      </trkpt>
      <trkpt lat="34.218870000" lon="-111.535920000">
        <ele>1145</ele>
      </trkpt>
      <trkpt lat="34.218760000" lon="-111.535990000">
        <ele>1147</ele>
      </trkpt>
      <trkpt lat="34.218730000" lon="-111.536040000">
        <ele>1149</ele>
      </trkpt>
      <trkpt lat="34.218600000" lon="-111.536080000">
        <ele>1150</ele>
      </trkpt>
      <trkpt lat="34.218540000" lon="-111.536150000">
        <ele>1151</ele>
      </trkpt>
      <trkpt lat="34.218290000" lon="-111.536260000">
        <ele>1153</ele>
      </trkpt>
      <trkpt lat="34.218120000" lon="-111.536380000">
        <ele>1157</ele>
      </trkpt>
      <trkpt lat="34.218010000" lon="-111.536490000">
        <ele>1157</ele>
      </trkpt>
      <trkpt lat="34.217930000" lon="-111.536660000">
        <ele>1165</ele>
      </trkpt>
      <trkpt lat="34.217890000" lon="-111.536710000">
        <ele>1168</ele>
      </trkpt>
      <trkpt lat="34.217690000" lon="-111.536730000">
        <ele>1167</ele>
      </trkpt>
      <trkpt lat="34.217590000" lon="-111.536820000">
        <ele>1165</ele>
      </trkpt>
      <trkpt lat="34.217500000" lon="-111.537100000">
        <ele>1166</ele>
      </trkpt>
      <trkpt lat="34.217480000" lon="-111.537390000">
        <ele>1168</ele>
      </trkpt>
      <trkpt lat="34.217510000" lon="-111.537510000">
        <ele>1169</ele>
      </trkpt>
      <trkpt lat="34.217590000" lon="-111.537710000">
        <ele>1170</ele>
      </trkpt>
      <trkpt lat="34.217620000" lon="-111.537870000">
        <ele>1173</ele>
      </trkpt>
      <trkpt lat="34.217620000" lon="-111.538150000">
        <ele>1182</ele>
      </trkpt>
      <trkpt lat="34.217600000" lon="-111.538290000">
        <ele>1188</ele>
      </trkpt>
      <trkpt lat="34.217600000" lon="-111.538370000">
        <ele>1193</ele>
      </trkpt>
      <trkpt lat="34.217630000" lon="-111.538430000">
        <ele>1194</ele>
      </trkpt>
      <trkpt lat="34.217580000" lon="-111.538560000">
        <ele>1197</ele>
      </trkpt>
      <trkpt lat="34.217560000" lon="-111.538570000">
        <ele>1198</ele>
      </trkpt>
      <trkpt lat="34.217450000" lon="-111.538390000">
        <ele>1202</ele>
      </trkpt>
      <trkpt lat="34.217390000" lon="-111.538360000">
        <ele>1204</ele>
      </trkpt>
      <trkpt lat="34.217310000" lon="-111.538260000">
        <ele>1204</ele>
      </trkpt>
      <trkpt lat="34.217270000" lon="-111.538260000">
        <ele>1206</ele>
      </trkpt>
      <trkpt lat="34.217170000" lon="-111.538180000">
        <ele>1207</ele>
      </trkpt>
      <trkpt lat="34.217060000" lon="-111.538140000">
        <ele>1207</ele>
      </trkpt>
      <trkpt lat="34.216910000" lon="-111.538140000">
        <ele>1206</ele>
      </trkpt>
      <trkpt lat="34.216690000" lon="-111.538170000">
        <ele>1214</ele>
      </trkpt>
      <trkpt lat="34.216600000" lon="-111.538220000">
        <ele>1221</ele>
      </trkpt>
      <trkpt lat="34.216550000" lon="-111.538200000">
        <ele>1223</ele>
      </trkpt>
      <trkpt lat="34.216470000" lon="-111.538100000">
        <ele>1222</ele>
      </trkpt>
      <trkpt lat="34.216390000" lon="-111.538040000">
        <ele>1224</ele>
      </trkpt>
      <trkpt lat="34.216340000" lon="-111.538000000">
        <ele>1224</ele>
      </trkpt>
      <trkpt lat="34.216340000" lon="-111.537970000">
        <ele>1223</ele>
      </trkpt>
      <trkpt lat="34.216320000" lon="-111.537990000">
        <ele>1224</ele>
      </trkpt>
      <trkpt lat="34.216270000" lon="-111.537980000">
        <ele>1224</ele>
      </trkpt>
      <trkpt lat="34.216060000" lon="-111.538040000">
        <ele>1224</ele>
      </trkpt>
      <trkpt lat="34.215940000" lon="-111.538170000">
        <ele>1223</ele>
      </trkpt>
      <trkpt lat="34.215930000" lon="-111.538270000">
        <ele>1225</ele>
      </trkpt>
      <trkpt lat="34.215880000" lon="-111.538350000">
        <ele>1229</ele>
      </trkpt>
      <trkpt lat="34.215730000" lon="-111.538460000">
        <ele>1232</ele>
      </trkpt>
      <trkpt lat="34.215640000" lon="-111.538480000">
        <ele>1229</ele>
      </trkpt>
      <trkpt lat="34.215570000" lon="-111.538590000">
        <ele>1227</ele>
      </trkpt>
      <trkpt lat="34.215530000" lon="-111.538680000">
        <ele>1226</ele>
      </trkpt>
      <trkpt lat="34.215560000" lon="-111.538950000">
        <ele>1237</ele>
      </trkpt>
      <trkpt lat="34.215500000" lon="-111.539040000">
        <ele>1235</ele>
      </trkpt>
      <trkpt lat="34.215440000" lon="-111.539230000">
        <ele>1234</ele>
      </trkpt>
      <trkpt lat="34.215400000" lon="-111.539270000">
        <ele>1235</ele>
      </trkpt>
      <trkpt lat="34.215400000" lon="-111.539410000">
        <ele>1242</ele>
      </trkpt>
      <trkpt lat="34.215260000" lon="-111.539380000">
        <ele>1245</ele>
      </trkpt>
      <trkpt lat="34.215170000" lon="-111.539420000">
        <ele>1247</ele>
      </trkpt>
      <trkpt lat="34.214890000" lon="-111.539680000">
        <ele>1253</ele>
      </trkpt>
      <trkpt lat="34.214740000" lon="-111.539880000">
        <ele>1255</ele>
      </trkpt>
      <trkpt lat="34.214680000" lon="-111.540050000">
        <ele>1256</ele>
      </trkpt>
      <trkpt lat="34.214690000" lon="-111.540130000">
        <ele>1256</ele>
      </trkpt>
      <trkpt lat="34.214660000" lon="-111.540190000">
        <ele>1256</ele>
      </trkpt>
      <trkpt lat="34.214630000" lon="-111.540440000">
        <ele>1265</ele>
      </trkpt>
      <trkpt lat="34.214600000" lon="-111.540460000">
        <ele>1266</ele>
      </trkpt>
      <trkpt lat="34.214530000" lon="-111.540400000">
        <ele>1264</ele>
      </trkpt>
      <trkpt lat="34.214320000" lon="-111.540370000">
        <ele>1262</ele>
      </trkpt>
      <trkpt lat="34.214190000" lon="-111.540490000">
        <ele>1268</ele>
      </trkpt>
      <trkpt lat="34.214010000" lon="-111.540580000">
        <ele>1274</ele>
      </trkpt>
      <trkpt lat="34.213940000" lon="-111.540590000">
        <ele>1276</ele>
      </trkpt>
      <trkpt lat="34.213880000" lon="-111.540510000">
        <ele>1275</ele>
      </trkpt>
      <trkpt lat="34.213950000" lon="-111.540430000">
        <ele>1272</ele>
      </trkpt>
      <trkpt lat="34.213990000" lon="-111.540300000">
        <ele>1275</ele>
      </trkpt>
      <trkpt lat="34.213930000" lon="-111.539890000">
        <ele>1285</ele>
      </trkpt>
      <trkpt lat="34.213850000" lon="-111.539890000">
        <ele>1285</ele>
      </trkpt>
      <trkpt lat="34.213760000" lon="-111.539930000">
        <ele>1286</ele>
      </trkpt>
      <trkpt lat="34.213660000" lon="-111.540030000">
        <ele>1288</ele>
      </trkpt>
      <trkpt lat="34.213550000" lon="-111.540180000">
        <ele>1292</ele>
      </trkpt>
      <trkpt lat="34.213560000" lon="-111.540220000">
        <ele>1293</ele>
      </trkpt>
      <trkpt lat="34.213350000" lon="-111.540350000">
        <ele>1303</ele>
      </trkpt>
      <trkpt lat="34.213270000" lon="-111.540460000">
        <ele>1308</ele>
      </trkpt>
      <trkpt lat="34.213230000" lon="-111.540730000">
        <ele>1314</ele>
      </trkpt>
      <trkpt lat="34.213100000" lon="-111.540940000">
        <ele>1316</ele>
      </trkpt>
      <trkpt lat="34.212880000" lon="-111.541100000">
        <ele>1317</ele>
      </trkpt>
      <trkpt lat="34.212740000" lon="-111.541160000">
        <ele>1321</ele>
      </trkpt>
      <trkpt lat="34.212690000" lon="-111.541220000">
        <ele>1324</ele>
      </trkpt>
      <trkpt lat="34.212700000" lon="-111.541250000">
        <ele>1323</ele>
      </trkpt>
      <trkpt lat="34.212840000" lon="-111.541270000">
        <ele>1318</ele>
      </trkpt>
      <trkpt lat="34.212910000" lon="-111.541320000">
        <ele>1322</ele>
      </trkpt>
      <trkpt lat="34.213000000" lon="-111.541450000">
        <ele>1333</ele>
      </trkpt>
      <trkpt lat="34.213040000" lon="-111.541460000">
        <ele>1334</ele>
      </trkpt>
      <trkpt lat="34.213120000" lon="-111.541560000">
        <ele>1338</ele>
      </trkpt>
      <trkpt lat="34.213150000" lon="-111.541700000">
        <ele>1340</ele>
      </trkpt>
      <trkpt lat="34.213140000" lon="-111.541890000">
        <ele>1345</ele>
      </trkpt>
      <trkpt lat="34.213390000" lon="-111.542000000">
        <ele>1341</ele>
      </trkpt>
      <trkpt lat="34.213470000" lon="-111.542080000">
        <ele>1343</ele>
      </trkpt>
      <trkpt lat="34.213570000" lon="-111.542110000">
        <ele>1344</ele>
      </trkpt>
      <trkpt lat="34.213620000" lon="-111.542200000">
        <ele>1349</ele>
      </trkpt>
      <trkpt lat="34.213590000" lon="-111.542220000">
        <ele>1351</ele>
      </trkpt>
      <trkpt lat="34.213430000" lon="-111.542230000">
        <ele>1354</ele>
      </trkpt>
      <trkpt lat="34.213380000" lon="-111.542210000">
        <ele>1353</ele>
      </trkpt>
      <trkpt lat="34.213250000" lon="-111.542230000">
        <ele>1357</ele>
      </trkpt>
      <trkpt lat="34.213180000" lon="-111.542220000">
        <ele>1358</ele>
      </trkpt>
      <trkpt lat="34.213000000" lon="-111.542230000">
        <ele>1366</ele>
      </trkpt>
      <trkpt lat="34.212910000" lon="-111.542140000">
        <ele>1363</ele>
      </trkpt>
      <trkpt lat="34.212770000" lon="-111.542110000">
        <ele>1364</ele>
      </trkpt>
      <trkpt lat="34.212370000" lon="-111.542320000">
        <ele>1371</ele>
      </trkpt>
      <trkpt lat="34.212290000" lon="-111.542370000">
        <ele>1373</ele>
      </trkpt>
      <trkpt lat="34.212240000" lon="-111.542440000">
        <ele>1378</ele>
      </trkpt>
      <trkpt lat="34.212140000" lon="-111.542470000">
        <ele>1378</ele>
      </trkpt>
      <trkpt lat="34.212040000" lon="-111.542570000">
        <ele>1378</ele>
      </trkpt>
      <trkpt lat="34.211990000" lon="-111.542600000">
        <ele>1375</ele>
      </trkpt>
      <trkpt lat="34.211900000" lon="-111.542760000">
        <ele>1379</ele>
      </trkpt>
      <trkpt lat="34.211770000" lon="-111.542870000">
        <ele>1387</ele>
      </trkpt>
      <trkpt lat="34.211710000" lon="-111.542770000">
        <ele>1387</ele>
      </trkpt>
      <trkpt lat="34.211710000" lon="-111.542740000">
        <ele>1386</ele>
      </trkpt>
      <trkpt lat="34.211630000" lon="-111.542700000">
        <ele>1388</ele>
      </trkpt>
      <trkpt lat="34.211600000" lon="-111.542650000">
        <ele>1387</ele>
      </trkpt>
      <trkpt lat="34.211540000" lon="-111.542630000">
        <ele>1387</ele>
      </trkpt>
      <trkpt lat="34.211480000" lon="-111.542650000">
        <ele>1387</ele>
      </trkpt>
      <trkpt lat="34.211390000" lon="-111.542720000">
        <ele>1388</ele>
      </trkpt>
      <trkpt lat="34.211200000" lon="-111.542970000">
        <ele>1397</ele>
      </trkpt>
      <trkpt lat="34.211010000" lon="-111.543010000">
        <ele>1398</ele>
      </trkpt>
      <trkpt lat="34.210920000" lon="-111.543060000">
        <ele>1399</ele>
      </trkpt>
      <trkpt lat="34.210620000" lon="-111.543370000">
        <ele>1400</ele>
      </trkpt>
      <trkpt lat="34.210560000" lon="-111.543500000">
        <ele>1402</ele>
      </trkpt>
      <trkpt lat="34.210540000" lon="-111.543640000">
        <ele>1408</ele>
      </trkpt>
      <trkpt lat="34.210450000" lon="-111.543650000">
        <ele>1407</ele>
      </trkpt>
      <trkpt lat="34.210400000" lon="-111.543710000">
        <ele>1410</ele>
      </trkpt>
      <trkpt lat="34.210320000" lon="-111.543770000">
        <ele>1413</ele>
      </trkpt>
      <trkpt lat="34.210290000" lon="-111.543770000">
        <ele>1414</ele>
      </trkpt>
      <trkpt lat="34.210250000" lon="-111.543710000">
        <ele>1413</ele>
      </trkpt>
      <trkpt lat="34.210180000" lon="-111.543360000">
        <ele>1418</ele>
      </trkpt>
      <trkpt lat="34.210070000" lon="-111.543110000">
        <ele>1425</ele>
      </trkpt>
      <trkpt lat="34.210000000" lon="-111.543030000">
        <ele>1429</ele>
      </trkpt>
      <trkpt lat="34.209950000" lon="-111.542860000">
        <ele>1429</ele>
      </trkpt>
      <trkpt lat="34.209880000" lon="-111.542810000">
        <ele>1428</ele>
      </trkpt>
      <trkpt lat="34.209670000" lon="-111.542870000">
        <ele>1428</ele>
      </trkpt>
      <trkpt lat="34.209630000" lon="-111.542950000">
        <ele>1429</ele>
      </trkpt>
      <trkpt lat="34.209600000" lon="-111.542950000">
        <ele>1429</ele>
      </trkpt>
      <trkpt lat="34.209450000" lon="-111.543350000">
        <ele>1434</ele>
      </trkpt>
      <trkpt lat="34.209400000" lon="-111.543410000">
        <ele>1433</ele>
      </trkpt>
      <trkpt lat="34.209390000" lon="-111.543480000">
        <ele>1435</ele>
      </trkpt>
      <trkpt lat="34.209270000" lon="-111.543770000">
        <ele>1440</ele>
      </trkpt>
      <trkpt lat="34.209010000" lon="-111.544090000">
        <ele>1447</ele>
      </trkpt>
      <trkpt lat="34.208780000" lon="-111.544230000">
        <ele>1456</ele>
      </trkpt>
      <trkpt lat="34.208700000" lon="-111.544210000">
        <ele>1457</ele>
      </trkpt>
      <trkpt lat="34.208620000" lon="-111.544170000">
        <ele>1456</ele>
      </trkpt>
      <trkpt lat="34.208530000" lon="-111.544160000">
        <ele>1456</ele>
      </trkpt>
      <trkpt lat="34.208380000" lon="-111.544220000">
        <ele>1457</ele>
      </trkpt>
      <trkpt lat="34.208220000" lon="-111.544400000">
        <ele>1455</ele>
      </trkpt>
      <trkpt lat="34.208110000" lon="-111.544600000">
        <ele>1452</ele>
      </trkpt>
      <trkpt lat="34.208080000" lon="-111.544710000">
        <ele>1453</ele>
      </trkpt>
      <trkpt lat="34.208070000" lon="-111.544780000">
        <ele>1455</ele>
      </trkpt>
      <trkpt lat="34.208010000" lon="-111.544930000">
        <ele>1462</ele>
      </trkpt>
      <trkpt lat="34.208000000" lon="-111.545080000">
        <ele>1473</ele>
      </trkpt>
      <trkpt lat="34.207960000" lon="-111.545170000">
        <ele>1478</ele>
      </trkpt>
      <trkpt lat="34.207820000" lon="-111.545200000">
        <ele>1481</ele>
      </trkpt>
      <trkpt lat="34.207570000" lon="-111.545200000">
        <ele>1481</ele>
      </trkpt>
      <trkpt lat="34.207390000" lon="-111.545320000">
        <ele>1480</ele>
      </trkpt>
      <trkpt lat="34.207320000" lon="-111.545400000">
        <ele>1476</ele>
      </trkpt>
      <trkpt lat="34.207270000" lon="-111.545510000">
        <ele>1474</ele>
      </trkpt>
      <trkpt lat="34.207210000" lon="-111.546080000">
        <ele>1483</ele>
      </trkpt>
      <trkpt lat="34.207170000" lon="-111.546230000">
        <ele>1487</ele>
      </trkpt>
      <trkpt lat="34.207150000" lon="-111.546410000">
        <ele>1496</ele>
      </trkpt>
      <trkpt lat="34.207100000" lon="-111.546530000">
        <ele>1504</ele>
      </trkpt>
      <trkpt lat="34.207060000" lon="-111.546540000">
        <ele>1506</ele>
      </trkpt>
      <trkpt lat="34.206950000" lon="-111.546440000">
        <ele>1507</ele>
      </trkpt>
      <trkpt lat="34.206790000" lon="-111.546350000">
        <ele>1508</ele>
      </trkpt>
      <trkpt lat="34.206690000" lon="-111.546360000">
        <ele>1512</ele>
      </trkpt>
      <trkpt lat="34.206580000" lon="-111.546230000">
        <ele>1513</ele>
      </trkpt>
      <trkpt lat="34.206420000" lon="-111.546140000">
        <ele>1512</ele>
      </trkpt>
      <trkpt lat="34.206300000" lon="-111.546120000">
        <ele>1510</ele>
      </trkpt>
      <trkpt lat="34.206230000" lon="-111.546170000">
        <ele>1510</ele>
      </trkpt>
      <trkpt lat="34.206120000" lon="-111.546370000">
        <ele>1511</ele>
      </trkpt>
      <trkpt lat="34.206100000" lon="-111.546470000">
        <ele>1512</ele>
      </trkpt>
      <trkpt lat="34.206130000" lon="-111.546680000">
        <ele>1514</ele>
      </trkpt>
      <trkpt lat="34.206120000" lon="-111.546820000">
        <ele>1517</ele>
      </trkpt>
      <trkpt lat="34.206050000" lon="-111.546920000">
        <ele>1518</ele>
      </trkpt>
      <trkpt lat="34.206000000" lon="-111.546950000">
        <ele>1518</ele>
      </trkpt>
      <trkpt lat="34.205950000" lon="-111.547070000">
        <ele>1521</ele>
      </trkpt>
      <trkpt lat="34.205930000" lon="-111.547360000">
        <ele>1524</ele>
      </trkpt>
      <trkpt lat="34.205920000" lon="-111.547390000">
        <ele>1525</ele>
      </trkpt>
      <trkpt lat="34.205850000" lon="-111.547400000">
        <ele>1523</ele>
      </trkpt>
      <trkpt lat="34.205800000" lon="-111.547460000">
        <ele>1523</ele>
      </trkpt>
      <trkpt lat="34.205760000" lon="-111.547570000">
        <ele>1529</ele>
      </trkpt>
      <trkpt lat="34.205770000" lon="-111.547690000">
        <ele>1538</ele>
      </trkpt>
      <trkpt lat="34.205750000" lon="-111.547750000">
        <ele>1542</ele>
      </trkpt>
      <trkpt lat="34.205670000" lon="-111.547760000">
        <ele>1544</ele>
      </trkpt>
      <trkpt lat="34.205590000" lon="-111.547730000">
        <ele>1542</ele>
      </trkpt>
      <trkpt lat="34.205440000" lon="-111.547760000">
        <ele>1540</ele>
      </trkpt>
      <trkpt lat="34.205140000" lon="-111.547940000">
        <ele>1548</ele>
      </trkpt>
      <trkpt lat="34.205110000" lon="-111.547870000">
        <ele>1548</ele>
      </trkpt>
      <trkpt lat="34.205110000" lon="-111.547710000">
        <ele>1546</ele>
      </trkpt>
      <trkpt lat="34.205080000" lon="-111.547650000">
        <ele>1547</ele>
      </trkpt>
      <trkpt lat="34.205060000" lon="-111.547650000">
        <ele>1548</ele>
      </trkpt>
      <trkpt lat="34.204860000" lon="-111.547850000">
        <ele>1552</ele>
      </trkpt>
      <trkpt lat="34.205840000" lon="-111.549170000">
        <ele>1589</ele>
      </trkpt>
      <trkpt lat="34.205830000" lon="-111.549260000">
        <ele>1590</ele>
      </trkpt>
      <trkpt lat="34.205890000" lon="-111.549400000">
        <ele>1594</ele>
      </trkpt>
      <trkpt lat="34.205860000" lon="-111.549580000">
        <ele>1596</ele>
      </trkpt>
      <trkpt lat="34.205910000" lon="-111.549930000">
        <ele>1598</ele>
      </trkpt>
      <trkpt lat="34.206190000" lon="-111.550240000">
        <ele>1589</ele>
      </trkpt>
      <trkpt lat="34.206400000" lon="-111.550440000">
        <ele>1590</ele>
      </trkpt>
      <trkpt lat="34.206390000" lon="-111.550410000">
        <ele>1590</ele>
      </trkpt>
      <trkpt lat="34.206750000" lon="-111.550730000">
        <ele>1595</ele>
      </trkpt>
      <trkpt lat="34.206800000" lon="-111.550710000">
        <ele>1597</ele>
      </trkpt>
      <trkpt lat="34.206870000" lon="-111.550750000">
        <ele>1594</ele>
      </trkpt>
      <trkpt lat="34.207030000" lon="-111.550740000">
        <ele>1593</ele>
      </trkpt>
      <trkpt lat="34.207300000" lon="-111.550590000">
        <ele>1596</ele>
      </trkpt>
      <trkpt lat="34.207360000" lon="-111.550580000">
        <ele>1596</ele>
      </trkpt>
      <trkpt lat="34.207600000" lon="-111.550800000">
        <ele>1590</ele>
      </trkpt>
      <trkpt lat="34.207810000" lon="-111.550800000">
        <ele>1593</ele>
      </trkpt>
      <trkpt lat="34.207840000" lon="-111.550850000">
        <ele>1592</ele>
      </trkpt>
      <trkpt lat="34.208000000" lon="-111.550940000">
        <ele>1590</ele>
      </trkpt>
      <trkpt lat="34.208170000" lon="-111.550950000">
        <ele>1588</ele>
      </trkpt>
      <trkpt lat="34.208390000" lon="-111.550880000">
        <ele>1592</ele>
      </trkpt>
      <trkpt lat="34.208470000" lon="-111.551100000">
        <ele>1589</ele>
      </trkpt>
      <trkpt lat="34.208470000" lon="-111.551260000">
        <ele>1586</ele>
      </trkpt>
      <trkpt lat="34.208420000" lon="-111.551320000">
        <ele>1584</ele>
      </trkpt>
      <trkpt lat="34.208390000" lon="-111.551540000">
        <ele>1587</ele>
      </trkpt>
      <trkpt lat="34.208330000" lon="-111.551740000">
        <ele>1584</ele>
      </trkpt>
      <trkpt lat="34.208300000" lon="-111.552230000">
        <ele>1576</ele>
      </trkpt>
      <trkpt lat="34.208360000" lon="-111.552440000">
        <ele>1577</ele>
      </trkpt>
      <trkpt lat="34.208400000" lon="-111.552750000">
        <ele>1572</ele>
      </trkpt>
      <trkpt lat="34.208470000" lon="-111.552990000">
        <ele>1571</ele>
      </trkpt>
      <trkpt lat="34.208530000" lon="-111.553100000">
        <ele>1570</ele>
      </trkpt>
      <trkpt lat="34.208590000" lon="-111.553160000">
        <ele>1571</ele>
      </trkpt>
      <trkpt lat="34.208630000" lon="-111.553390000">
        <ele>1565</ele>
      </trkpt>
      <trkpt lat="34.208550000" lon="-111.553640000">
        <ele>1564</ele>
      </trkpt>
      <trkpt lat="34.208430000" lon="-111.553880000">
        <ele>1558</ele>
      </trkpt>
      <trkpt lat="34.208390000" lon="-111.554070000">
        <ele>1556</ele>
      </trkpt>
      <trkpt lat="34.208390000" lon="-111.554210000">
        <ele>1555</ele>
      </trkpt>
      <trkpt lat="34.208410000" lon="-111.554310000">
        <ele>1555</ele>
      </trkpt>
      <trkpt lat="34.208460000" lon="-111.554390000">
        <ele>1555</ele>
      </trkpt>
      <trkpt lat="34.208500000" lon="-111.554490000">
        <ele>1552</ele>
      </trkpt>
      <trkpt lat="34.208660000" lon="-111.554650000">
        <ele>1548</ele>
      </trkpt>
      <trkpt lat="34.208770000" lon="-111.554670000">
        <ele>1547</ele>
      </trkpt>
      <trkpt lat="34.208930000" lon="-111.554640000">
        <ele>1546</ele>
      </trkpt>
      <trkpt lat="34.209100000" lon="-111.554500000">
        <ele>1548</ele>
      </trkpt>
      <trkpt lat="34.209150000" lon="-111.554430000">
        <ele>1549</ele>
      </trkpt>
      <trkpt lat="34.209450000" lon="-111.554270000">
        <ele>1542</ele>
      </trkpt>
      <trkpt lat="34.209490000" lon="-111.554210000">
        <ele>1542</ele>
      </trkpt>
      <trkpt lat="34.209570000" lon="-111.554170000">
        <ele>1542</ele>
      </trkpt>
      <trkpt lat="34.209650000" lon="-111.554070000">
        <ele>1544</ele>
      </trkpt>
      <trkpt lat="34.209730000" lon="-111.554010000">
        <ele>1545</ele>
      </trkpt>
      <trkpt lat="34.209770000" lon="-111.554020000">
        <ele>1544</ele>
      </trkpt>
      <trkpt lat="34.209910000" lon="-111.553960000">
        <ele>1544</ele>
      </trkpt>
      <trkpt lat="34.209970000" lon="-111.553960000">
        <ele>1543</ele>
      </trkpt>
      <trkpt lat="34.210080000" lon="-111.553900000">
        <ele>1543</ele>
      </trkpt>
      <trkpt lat="34.210190000" lon="-111.553730000">
        <ele>1544</ele>
      </trkpt>
      <trkpt lat="34.210220000" lon="-111.553720000">
        <ele>1544</ele>
      </trkpt>
      <trkpt lat="34.210250000" lon="-111.553640000">
        <ele>1544</ele>
      </trkpt>
      <trkpt lat="34.210380000" lon="-111.553500000">
        <ele>1540</ele>
      </trkpt>
      <trkpt lat="34.210430000" lon="-111.553390000">
        <ele>1541</ele>
      </trkpt>
      <trkpt lat="34.210440000" lon="-111.553140000">
        <ele>1545</ele>
      </trkpt>
      <trkpt lat="34.210480000" lon="-111.552920000">
        <ele>1541</ele>
      </trkpt>
      <trkpt lat="34.210510000" lon="-111.552870000">
        <ele>1540</ele>
      </trkpt>
      <trkpt lat="34.210580000" lon="-111.552870000">
        <ele>1539</ele>
      </trkpt>
      <trkpt lat="34.210680000" lon="-111.552920000">
        <ele>1538</ele>
      </trkpt>
      <trkpt lat="34.210770000" lon="-111.553250000">
        <ele>1539</ele>
      </trkpt>
      <trkpt lat="34.210780000" lon="-111.553370000">
        <ele>1538</ele>
      </trkpt>
      <trkpt lat="34.210890000" lon="-111.553670000">
        <ele>1537</ele>
      </trkpt>
      <trkpt lat="34.210960000" lon="-111.553700000">
        <ele>1537</ele>
      </trkpt>
      <trkpt lat="34.211200000" lon="-111.553980000">
        <ele>1539</ele>
      </trkpt>
      <trkpt lat="34.211240000" lon="-111.553910000">
        <ele>1539</ele>
      </trkpt>
      <trkpt lat="34.211380000" lon="-111.553850000">
        <ele>1543</ele>
      </trkpt>
      <trkpt lat="34.211220000" lon="-111.553920000">
        <ele>1539</ele>
      </trkpt>
      <trkpt lat="34.211200000" lon="-111.553970000">
        <ele>1539</ele>
      </trkpt>
      <trkpt lat="34.211210000" lon="-111.554000000">
        <ele>1540</ele>
      </trkpt>
      <trkpt lat="34.211110000" lon="-111.554140000">
        <ele>1541</ele>
      </trkpt>
      <trkpt lat="34.211180000" lon="-111.554290000">
        <ele>1545</ele>
      </trkpt>
      <trkpt lat="34.211210000" lon="-111.554310000">
        <ele>1546</ele>
      </trkpt>
      <trkpt lat="34.211210000" lon="-111.554250000">
        <ele>1545</ele>
      </trkpt>
      <trkpt lat="34.211050000" lon="-111.554180000">
        <ele>1541</ele>
      </trkpt>
      <trkpt lat="34.211000000" lon="-111.554190000">
        <ele>1540</ele>
      </trkpt>
      <trkpt lat="34.210890000" lon="-111.554280000">
        <ele>1541</ele>
      </trkpt>
      <trkpt lat="34.210740000" lon="-111.554500000">
        <ele>1541</ele>
      </trkpt>
      <trkpt lat="34.210760000" lon="-111.554630000">
        <ele>1541</ele>
      </trkpt>
      <trkpt lat="34.210780000" lon="-111.554640000">
        <ele>1541</ele>
      </trkpt>
      <trkpt lat="34.210860000" lon="-111.554600000">
        <ele>1544</ele>
      </trkpt>
      <trkpt lat="34.210900000" lon="-111.554620000">
        <ele>1545</ele>
      </trkpt>
      <trkpt lat="34.210870000" lon="-111.554640000">
        <ele>1544</ele>
      </trkpt>
      <trkpt lat="34.210830000" lon="-111.554780000">
        <ele>1540</ele>
      </trkpt>
      <trkpt lat="34.210920000" lon="-111.554810000">
        <ele>1543</ele>
      </trkpt>
      <trkpt lat="34.211050000" lon="-111.555020000">
        <ele>1546</ele>
      </trkpt>
      <trkpt lat="34.211060000" lon="-111.555150000">
        <ele>1549</ele>
      </trkpt>
      <trkpt lat="34.211040000" lon="-111.555260000">
        <ele>1550</ele>
      </trkpt>
      <trkpt lat="34.210940000" lon="-111.555410000">
        <ele>1551</ele>
      </trkpt>
      <trkpt lat="34.210860000" lon="-111.555620000">
        <ele>1550</ele>
      </trkpt>
      <trkpt lat="34.210890000" lon="-111.555630000">
        <ele>1550</ele>
      </trkpt>
      <trkpt lat="34.210940000" lon="-111.555790000">
        <ele>1549</ele>
      </trkpt>
      <trkpt lat="34.211040000" lon="-111.555970000">
        <ele>1546</ele>
      </trkpt>
      <trkpt lat="34.211110000" lon="-111.556060000">
        <ele>1543</ele>
      </trkpt>
      <trkpt lat="34.211240000" lon="-111.556170000">
        <ele>1538</ele>
      </trkpt>
      <trkpt lat="34.211300000" lon="-111.556200000">
        <ele>1538</ele>
      </trkpt>
      <trkpt lat="34.211460000" lon="-111.556110000">
        <ele>1541</ele>
      </trkpt>
      <trkpt lat="34.211530000" lon="-111.556170000">
        <ele>1539</ele>
      </trkpt>
      <trkpt lat="34.211500000" lon="-111.556270000">
        <ele>1538</ele>
      </trkpt>
      <trkpt lat="34.211420000" lon="-111.556380000">
        <ele>1537</ele>
      </trkpt>
      <trkpt lat="34.211300000" lon="-111.556620000">
        <ele>1537</ele>
      </trkpt>
      <trkpt lat="34.211220000" lon="-111.556730000">
        <ele>1538</ele>
      </trkpt>
      <trkpt lat="34.211190000" lon="-111.556870000">
        <ele>1538</ele>
      </trkpt>
      <trkpt lat="34.211220000" lon="-111.557160000">
        <ele>1538</ele>
      </trkpt>
      <trkpt lat="34.211180000" lon="-111.557400000">
        <ele>1536</ele>
      </trkpt>
      <trkpt lat="34.211220000" lon="-111.557530000">
        <ele>1535</ele>
      </trkpt>
      <trkpt lat="34.211490000" lon="-111.557870000">
        <ele>1534</ele>
      </trkpt>
      <trkpt lat="34.211460000" lon="-111.557880000">
        <ele>1534</ele>
      </trkpt>
      <trkpt lat="34.211470000" lon="-111.557950000">
        <ele>1534</ele>
      </trkpt>
      <trkpt lat="34.211560000" lon="-111.558060000">
        <ele>1534</ele>
      </trkpt>
      <trkpt lat="34.211650000" lon="-111.558070000">
        <ele>1535</ele>
      </trkpt>
      <trkpt lat="34.211790000" lon="-111.558140000">
        <ele>1535</ele>
      </trkpt>
      <trkpt lat="34.211870000" lon="-111.558230000">
        <ele>1537</ele>
      </trkpt>
      <trkpt lat="34.211910000" lon="-111.558380000">
        <ele>1541</ele>
      </trkpt>
      <trkpt lat="34.211980000" lon="-111.558480000">
        <ele>1546</ele>
      </trkpt>
      <trkpt lat="34.212030000" lon="-111.558480000">
        <ele>1547</ele>
      </trkpt>
      <trkpt lat="34.212150000" lon="-111.558560000">
        <ele>1551</ele>
      </trkpt>
      <trkpt lat="34.212180000" lon="-111.558550000">
        <ele>1550</ele>
      </trkpt>
      <trkpt lat="34.212240000" lon="-111.558620000">
        <ele>1552</ele>
      </trkpt>
      <trkpt lat="34.212360000" lon="-111.558670000">
        <ele>1554</ele>
      </trkpt>
      <trkpt lat="34.212400000" lon="-111.558740000">
        <ele>1555</ele>
      </trkpt>
      <trkpt lat="34.212520000" lon="-111.558870000">
        <ele>1558</ele>
      </trkpt>
      <trkpt lat="34.212800000" lon="-111.559450000">
        <ele>1570</ele>
      </trkpt>
      <trkpt lat="34.212840000" lon="-111.559660000">
        <ele>1573</ele>
      </trkpt>
      <trkpt lat="34.212930000" lon="-111.559860000">
        <ele>1574</ele>
      </trkpt>
      <trkpt lat="34.212960000" lon="-111.560110000">
        <ele>1574</ele>
      </trkpt>
      <trkpt lat="34.213010000" lon="-111.560290000">
        <ele>1576</ele>
      </trkpt>
      <trkpt lat="34.213040000" lon="-111.560510000">
        <ele>1578</ele>
      </trkpt>
      <trkpt lat="34.213060000" lon="-111.560540000">
        <ele>1577</ele>
      </trkpt>
      <trkpt lat="34.213190000" lon="-111.560660000">
        <ele>1575</ele>
      </trkpt>
      <trkpt lat="34.213290000" lon="-111.560710000">
        <ele>1574</ele>
      </trkpt>
      <trkpt lat="34.213350000" lon="-111.560690000">
        <ele>1575</ele>
      </trkpt>
      <trkpt lat="34.213540000" lon="-111.560700000">
        <ele>1576</ele>
      </trkpt>
      <trkpt lat="34.213660000" lon="-111.560660000">
        <ele>1577</ele>
      </trkpt>
      <trkpt lat="34.213800000" lon="-111.560660000">
        <ele>1580</ele>
      </trkpt>
      <trkpt lat="34.213850000" lon="-111.560690000">
        <ele>1581</ele>
      </trkpt>
      <trkpt lat="34.214000000" lon="-111.560690000">
        <ele>1583</ele>
      </trkpt>
      <trkpt lat="34.214050000" lon="-111.560740000">
        <ele>1584</ele>
      </trkpt>
      <trkpt lat="34.214130000" lon="-111.560750000">
        <ele>1585</ele>
      </trkpt>
      <trkpt lat="34.214150000" lon="-111.560740000">
        <ele>1585</ele>
      </trkpt>
      <trkpt lat="34.214190000" lon="-111.560790000">
        <ele>1585</ele>
      </trkpt>
      <trkpt lat="34.214350000" lon="-111.560890000">
        <ele>1586</ele>
      </trkpt>
      <trkpt lat="34.214420000" lon="-111.560990000">
        <ele>1587</ele>
      </trkpt>
      <trkpt lat="34.214470000" lon="-111.561110000">
        <ele>1587</ele>
      </trkpt>
      <trkpt lat="34.214550000" lon="-111.561160000">
        <ele>1588</ele>
      </trkpt>
      <trkpt lat="34.214560000" lon="-111.561220000">
        <ele>1586</ele>
      </trkpt>
      <trkpt lat="34.214730000" lon="-111.561380000">
        <ele>1583</ele>
      </trkpt>
      <trkpt lat="34.214850000" lon="-111.561580000">
        <ele>1581</ele>
      </trkpt>
      <trkpt lat="34.214910000" lon="-111.561780000">
        <ele>1577</ele>
      </trkpt>
      <trkpt lat="34.214950000" lon="-111.561840000">
        <ele>1577</ele>
      </trkpt>
      <trkpt lat="34.214990000" lon="-111.562030000">
        <ele>1574</ele>
      </trkpt>
      <trkpt lat="34.214980000" lon="-111.562130000">
        <ele>1572</ele>
      </trkpt>
      <trkpt lat="34.215030000" lon="-111.562340000">
        <ele>1567</ele>
      </trkpt>
      <trkpt lat="34.215040000" lon="-111.562610000">
        <ele>1564</ele>
      </trkpt>
      <trkpt lat="34.214980000" lon="-111.562800000">
        <ele>1561</ele>
      </trkpt>
      <trkpt lat="34.214930000" lon="-111.562890000">
        <ele>1558</ele>
      </trkpt>
      <trkpt lat="34.214540000" lon="-111.563420000">
        <ele>1549</ele>
      </trkpt>
      <trkpt lat="34.214500000" lon="-111.563640000">
        <ele>1550</ele>
      </trkpt>
      <trkpt lat="34.214500000" lon="-111.563600000">
        <ele>1549</ele>
      </trkpt>
      <trkpt lat="34.214610000" lon="-111.563640000">
        <ele>1550</ele>
      </trkpt>
      <trkpt lat="34.214820000" lon="-111.563650000">
        <ele>1549</ele>
      </trkpt>
      <trkpt lat="34.214980000" lon="-111.563680000">
        <ele>1547</ele>
      </trkpt>
      <trkpt lat="34.215030000" lon="-111.563720000">
        <ele>1545</ele>
      </trkpt>
      <trkpt lat="34.215080000" lon="-111.563710000">
        <ele>1544</ele>
      </trkpt>
      <trkpt lat="34.215250000" lon="-111.563810000">
        <ele>1539</ele>
      </trkpt>
      <trkpt lat="34.215300000" lon="-111.563810000">
        <ele>1539</ele>
      </trkpt>
      <trkpt lat="34.215370000" lon="-111.563800000">
        <ele>1538</ele>
      </trkpt>
      <trkpt lat="34.215450000" lon="-111.563720000">
        <ele>1540</ele>
      </trkpt>
      <trkpt lat="34.215480000" lon="-111.563720000">
        <ele>1540</ele>
      </trkpt>
      <trkpt lat="34.215520000" lon="-111.563760000">
        <ele>1539</ele>
      </trkpt>
      <trkpt lat="34.215530000" lon="-111.563810000">
        <ele>1537</ele>
      </trkpt>
      <trkpt lat="34.215660000" lon="-111.563880000">
        <ele>1536</ele>
      </trkpt>
      <trkpt lat="34.215660000" lon="-111.564020000">
        <ele>1536</ele>
      </trkpt>
      <trkpt lat="34.215550000" lon="-111.564290000">
        <ele>1537</ele>
      </trkpt>
      <trkpt lat="34.215560000" lon="-111.564360000">
        <ele>1538</ele>
      </trkpt>
      <trkpt lat="34.215550000" lon="-111.564380000">
        <ele>1538</ele>
      </trkpt>
      <trkpt lat="34.215570000" lon="-111.564470000">
        <ele>1538</ele>
      </trkpt>
      <trkpt lat="34.215610000" lon="-111.564560000">
        <ele>1539</ele>
      </trkpt>
      <trkpt lat="34.215630000" lon="-111.564660000">
        <ele>1539</ele>
      </trkpt>
      <trkpt lat="34.215670000" lon="-111.564700000">
        <ele>1540</ele>
      </trkpt>
      <trkpt lat="34.215730000" lon="-111.564870000">
        <ele>1543</ele>
      </trkpt>
      <trkpt lat="34.215800000" lon="-111.564920000">
        <ele>1545</ele>
      </trkpt>
      <trkpt lat="34.215820000" lon="-111.564970000">
        <ele>1546</ele>
      </trkpt>
      <trkpt lat="34.215970000" lon="-111.565110000">
        <ele>1548</ele>
      </trkpt>
      <trkpt lat="34.216130000" lon="-111.565200000">
        <ele>1549</ele>
      </trkpt>
      <trkpt lat="34.216230000" lon="-111.565300000">
        <ele>1551</ele>
      </trkpt>
      <trkpt lat="34.216250000" lon="-111.565420000">
        <ele>1555</ele>
      </trkpt>
      <trkpt lat="34.216250000" lon="-111.565500000">
        <ele>1556</ele>
      </trkpt>
      <trkpt lat="34.216120000" lon="-111.565770000">
        <ele>1558</ele>
      </trkpt>
      <trkpt lat="34.216120000" lon="-111.565840000">
        <ele>1559</ele>
      </trkpt>
      <trkpt lat="34.216080000" lon="-111.565900000">
        <ele>1560</ele>
      </trkpt>
      <trkpt lat="34.216070000" lon="-111.565980000">
        <ele>1561</ele>
      </trkpt>
      <trkpt lat="34.216030000" lon="-111.566020000">
        <ele>1561</ele>
      </trkpt>
      <trkpt lat="34.216010000" lon="-111.566120000">
        <ele>1562</ele>
      </trkpt>
      <trkpt lat="34.215900000" lon="-111.566340000">
        <ele>1566</ele>
      </trkpt>
      <trkpt lat="34.215880000" lon="-111.566420000">
        <ele>1569</ele>
      </trkpt>
      <trkpt lat="34.215840000" lon="-111.566460000">
        <ele>1570</ele>
      </trkpt>
      <trkpt lat="34.215810000" lon="-111.566650000">
        <ele>1570</ele>
      </trkpt>
      <trkpt lat="34.215900000" lon="-111.566860000">
        <ele>1568</ele>
      </trkpt>
      <trkpt lat="34.215890000" lon="-111.567220000">
        <ele>1557</ele>
      </trkpt>
      <trkpt lat="34.215940000" lon="-111.567310000">
        <ele>1555</ele>
      </trkpt>
      <trkpt lat="34.216050000" lon="-111.567450000">
        <ele>1552</ele>
      </trkpt>
      <trkpt lat="34.216130000" lon="-111.567480000">
        <ele>1553</ele>
      </trkpt>
      <trkpt lat="34.216290000" lon="-111.567490000">
        <ele>1554</ele>
      </trkpt>
      <trkpt lat="34.216360000" lon="-111.567570000">
        <ele>1551</ele>
      </trkpt>
      <trkpt lat="34.216420000" lon="-111.567580000">
        <ele>1552</ele>
      </trkpt>
      <trkpt lat="34.216430000" lon="-111.567600000">
        <ele>1552</ele>
      </trkpt>
      <trkpt lat="34.216420000" lon="-111.567730000">
        <ele>1552</ele>
      </trkpt>
      <trkpt lat="34.216340000" lon="-111.567790000">
        <ele>1551</ele>
      </trkpt>
      <trkpt lat="34.216270000" lon="-111.568000000">
        <ele>1554</ele>
      </trkpt>
      <trkpt lat="34.216270000" lon="-111.568070000">
        <ele>1554</ele>
      </trkpt>
      <trkpt lat="34.216320000" lon="-111.568190000">
        <ele>1555</ele>
      </trkpt>
      <trkpt lat="34.216430000" lon="-111.568320000">
        <ele>1560</ele>
      </trkpt>
      <trkpt lat="34.216470000" lon="-111.568440000">
        <ele>1564</ele>
      </trkpt>
      <trkpt lat="34.216430000" lon="-111.568500000">
        <ele>1564</ele>
      </trkpt>
      <trkpt lat="34.216420000" lon="-111.568660000">
        <ele>1567</ele>
      </trkpt>
      <trkpt lat="34.216390000" lon="-111.568690000">
        <ele>1566</ele>
      </trkpt>
      <trkpt lat="34.216390000" lon="-111.568770000">
        <ele>1567</ele>
      </trkpt>
      <trkpt lat="34.216440000" lon="-111.568920000">
        <ele>1568</ele>
      </trkpt>
      <trkpt lat="34.216540000" lon="-111.569030000">
        <ele>1567</ele>
      </trkpt>
      <trkpt lat="34.216580000" lon="-111.569160000">
        <ele>1563</ele>
      </trkpt>
      <trkpt lat="34.216670000" lon="-111.569210000">
        <ele>1565</ele>
      </trkpt>
      <trkpt lat="34.216630000" lon="-111.569290000">
        <ele>1564</ele>
      </trkpt>
      <trkpt lat="34.216620000" lon="-111.569410000">
        <ele>1564</ele>
      </trkpt>
      <trkpt lat="34.216670000" lon="-111.569870000">
        <ele>1566</ele>
      </trkpt>
      <trkpt lat="34.216640000" lon="-111.569890000">
        <ele>1565</ele>
      </trkpt>
      <trkpt lat="34.216640000" lon="-111.569930000">
        <ele>1565</ele>
      </trkpt>
      <trkpt lat="34.216670000" lon="-111.570180000">
        <ele>1572</ele>
      </trkpt>
      <trkpt lat="34.216720000" lon="-111.570310000">
        <ele>1575</ele>
      </trkpt>
      <trkpt lat="34.216710000" lon="-111.570520000">
        <ele>1574</ele>
      </trkpt>
      <trkpt lat="34.216870000" lon="-111.570710000">
        <ele>1569</ele>
      </trkpt>
      <trkpt lat="34.216960000" lon="-111.570720000">
        <ele>1568</ele>
      </trkpt>
      <trkpt lat="34.217180000" lon="-111.570960000">
        <ele>1559</ele>
      </trkpt>
      <trkpt lat="34.217320000" lon="-111.570910000">
        <ele>1564</ele>
      </trkpt>
      <trkpt lat="34.217450000" lon="-111.570880000">
        <ele>1565</ele>
      </trkpt>
      <trkpt lat="34.217600000" lon="-111.570890000">
        <ele>1563</ele>
      </trkpt>
      <trkpt lat="34.217720000" lon="-111.570960000">
        <ele>1558</ele>
      </trkpt>
      <trkpt lat="34.217900000" lon="-111.571290000">
        <ele>1542</ele>
      </trkpt>
      <trkpt lat="34.218000000" lon="-111.571580000">
        <ele>1538</ele>
      </trkpt>
      <trkpt lat="34.218070000" lon="-111.571720000">
        <ele>1537</ele>
      </trkpt>
      <trkpt lat="34.218090000" lon="-111.571810000">
        <ele>1536</ele>
      </trkpt>
      <trkpt lat="34.218240000" lon="-111.572070000">
        <ele>1527</ele>
      </trkpt>
      <trkpt lat="34.218290000" lon="-111.572320000">
        <ele>1521</ele>
      </trkpt>
      <trkpt lat="34.218250000" lon="-111.572720000">
        <ele>1512</ele>
      </trkpt>
      <trkpt lat="34.218270000" lon="-111.572950000">
        <ele>1506</ele>
      </trkpt>
      <trkpt lat="34.218460000" lon="-111.573370000">
        <ele>1498</ele>
      </trkpt>
      <trkpt lat="34.218520000" lon="-111.573570000">
        <ele>1492</ele>
      </trkpt>
      <trkpt lat="34.218550000" lon="-111.573600000">
        <ele>1491</ele>
      </trkpt>
      <trkpt lat="34.218570000" lon="-111.573730000">
        <ele>1488</ele>
      </trkpt>
      <trkpt lat="34.218620000" lon="-111.573770000">
        <ele>1488</ele>
      </trkpt>
      <trkpt lat="34.218630000" lon="-111.573870000">
        <ele>1486</ele>
      </trkpt>
      <trkpt lat="34.218700000" lon="-111.573960000">
        <ele>1484</ele>
      </trkpt>
      <trkpt lat="34.218710000" lon="-111.574050000">
        <ele>1483</ele>
      </trkpt>
      <trkpt lat="34.218790000" lon="-111.574190000">
        <ele>1479</ele>
      </trkpt>
      <trkpt lat="34.218960000" lon="-111.574730000">
        <ele>1471</ele>
      </trkpt>
      <trkpt lat="34.218960000" lon="-111.574860000">
        <ele>1470</ele>
      </trkpt>
      <trkpt lat="34.219000000" lon="-111.575100000">
        <ele>1467</ele>
      </trkpt>
      <trkpt lat="34.219110000" lon="-111.575290000">
        <ele>1465</ele>
      </trkpt>
      <trkpt lat="34.219150000" lon="-111.575470000">
        <ele>1464</ele>
      </trkpt>
      <trkpt lat="34.219230000" lon="-111.575710000">
        <ele>1462</ele>
      </trkpt>
      <trkpt lat="34.219280000" lon="-111.576030000">
        <ele>1458</ele>
      </trkpt>
      <trkpt lat="34.219270000" lon="-111.576200000">
        <ele>1456</ele>
      </trkpt>
      <trkpt lat="34.219310000" lon="-111.576270000">
        <ele>1455</ele>
      </trkpt>
      <trkpt lat="34.219330000" lon="-111.576380000">
        <ele>1453</ele>
      </trkpt>
      <trkpt lat="34.219320000" lon="-111.576560000">
        <ele>1451</ele>
      </trkpt>
      <trkpt lat="34.219350000" lon="-111.576670000">
        <ele>1450</ele>
      </trkpt>
      <trkpt lat="34.219290000" lon="-111.577000000">
        <ele>1446</ele>
      </trkpt>
      <trkpt lat="34.219300000" lon="-111.577080000">
        <ele>1445</ele>
      </trkpt>
      <trkpt lat="34.219200000" lon="-111.577310000">
        <ele>1443</ele>
      </trkpt>
      <trkpt lat="34.219160000" lon="-111.577480000">
        <ele>1441</ele>
      </trkpt>
      <trkpt lat="34.219110000" lon="-111.577520000">
        <ele>1440</ele>
      </trkpt>
      <trkpt lat="34.219050000" lon="-111.577940000">
        <ele>1438</ele>
      </trkpt>
      <trkpt lat="34.218990000" lon="-111.578010000">
        <ele>1438</ele>
      </trkpt>
      <trkpt lat="34.218960000" lon="-111.578220000">
        <ele>1438</ele>
      </trkpt>
      <trkpt lat="34.218880000" lon="-111.578370000">
        <ele>1438</ele>
      </trkpt>
      <trkpt lat="34.218870000" lon="-111.578440000">
        <ele>1438</ele>
      </trkpt>
      <trkpt lat="34.218750000" lon="-111.578590000">
        <ele>1438</ele>
      </trkpt>
      <trkpt lat="34.218630000" lon="-111.578860000">
        <ele>1436</ele>
      </trkpt>
      <trkpt lat="34.218460000" lon="-111.579160000">
        <ele>1431</ele>
      </trkpt>
      <trkpt lat="34.218330000" lon="-111.579330000">
        <ele>1427</ele>
      </trkpt>
      <trkpt lat="34.218260000" lon="-111.579480000">
        <ele>1426</ele>
      </trkpt>
      <trkpt lat="34.218140000" lon="-111.579870000">
        <ele>1426</ele>
      </trkpt>
      <trkpt lat="34.218080000" lon="-111.579970000">
        <ele>1426</ele>
      </trkpt>
      <trkpt lat="34.218040000" lon="-111.580140000">
        <ele>1423</ele>
      </trkpt>
      <trkpt lat="34.217890000" lon="-111.580420000">
        <ele>1419</ele>
      </trkpt>
      <trkpt lat="34.217910000" lon="-111.580590000">
        <ele>1417</ele>
      </trkpt>
      <trkpt lat="34.217870000" lon="-111.580830000">
        <ele>1416</ele>
      </trkpt>
      <trkpt lat="34.217590000" lon="-111.581470000">
        <ele>1415</ele>
      </trkpt>
      <trkpt lat="34.217580000" lon="-111.581600000">
        <ele>1415</ele>
      </trkpt>
      <trkpt lat="34.217520000" lon="-111.581700000">
        <ele>1415</ele>
      </trkpt>
      <trkpt lat="34.217490000" lon="-111.581930000">
        <ele>1415</ele>
      </trkpt>
      <trkpt lat="34.217370000" lon="-111.582130000">
        <ele>1413</ele>
      </trkpt>
      <trkpt lat="34.217250000" lon="-111.582300000">
        <ele>1412</ele>
      </trkpt>
      <trkpt lat="34.217080000" lon="-111.582380000">
        <ele>1412</ele>
      </trkpt>
      <trkpt lat="34.217030000" lon="-111.582430000">
        <ele>1412</ele>
      </trkpt>
      <trkpt lat="34.217010000" lon="-111.582500000">
        <ele>1412</ele>
      </trkpt>
      <trkpt lat="34.216860000" lon="-111.582670000">
        <ele>1413</ele>
      </trkpt>
      <trkpt lat="34.216750000" lon="-111.582720000">
        <ele>1413</ele>
      </trkpt>
      <trkpt lat="34.216630000" lon="-111.582710000">
        <ele>1412</ele>
      </trkpt>
      <trkpt lat="34.216440000" lon="-111.582660000">
        <ele>1412</ele>
      </trkpt>
      <trkpt lat="34.216400000" lon="-111.582600000">
        <ele>1412</ele>
      </trkpt>
      <trkpt lat="34.216350000" lon="-111.582680000">
        <ele>1412</ele>
      </trkpt>
      <trkpt lat="34.216270000" lon="-111.582750000">
        <ele>1412</ele>
      </trkpt>
      <trkpt lat="34.216250000" lon="-111.582810000">
        <ele>1412</ele>
      </trkpt>
      <trkpt lat="34.216040000" lon="-111.582900000">
        <ele>1412</ele>
      </trkpt>
      <trkpt lat="34.216020000" lon="-111.582990000">
        <ele>1412</ele>
      </trkpt>
      <trkpt lat="34.215920000" lon="-111.583070000">
        <ele>1413</ele>
      </trkpt>
      <trkpt lat="34.215870000" lon="-111.583150000">
        <ele>1412</ele>
      </trkpt>
      <trkpt lat="34.215860000" lon="-111.583290000">
        <ele>1411</ele>
      </trkpt>
      <trkpt lat="34.215870000" lon="-111.583350000">
        <ele>1411</ele>
      </trkpt>
      <trkpt lat="34.215820000" lon="-111.583440000">
        <ele>1409</ele>
      </trkpt>
      <trkpt lat="34.215820000" lon="-111.583540000">
        <ele>1408</ele>
      </trkpt>
      <trkpt lat="34.215750000" lon="-111.583730000">
        <ele>1407</ele>
      </trkpt>
      <trkpt lat="34.215690000" lon="-111.583760000">
        <ele>1406</ele>
      </trkpt>
      <trkpt lat="34.215660000" lon="-111.583740000">
        <ele>1405</ele>
      </trkpt>
      <trkpt lat="34.215630000" lon="-111.583690000">
        <ele>1404</ele>
      </trkpt>
      <trkpt lat="34.215510000" lon="-111.583680000">
        <ele>1402</ele>
      </trkpt>
      <trkpt lat="34.215420000" lon="-111.583590000">
        <ele>1402</ele>
      </trkpt>
      <trkpt lat="34.215350000" lon="-111.583590000">
        <ele>1402</ele>
      </trkpt>
      <trkpt lat="34.215310000" lon="-111.583570000">
        <ele>1403</ele>
      </trkpt>
      <trkpt lat="34.215670000" lon="-111.584170000">
        <ele>1410</ele>
      </trkpt>
      <trkpt lat="34.215710000" lon="-111.584180000">
        <ele>1411</ele>
      </trkpt>
      <trkpt lat="34.215710000" lon="-111.584210000">
        <ele>1411</ele>
      </trkpt>
      <trkpt lat="34.215730000" lon="-111.584200000">
        <ele>1412</ele>
      </trkpt>
      <trkpt lat="34.215740000" lon="-111.584300000">
        <ele>1412</ele>
      </trkpt>
      <trkpt lat="34.215620000" lon="-111.584230000">
        <ele>1410</ele>
      </trkpt>
      <trkpt lat="34.215590000" lon="-111.584220000">
        <ele>1409</ele>
      </trkpt>
      <trkpt lat="34.215560000" lon="-111.584250000">
        <ele>1409</ele>
      </trkpt>
      <trkpt lat="34.215510000" lon="-111.584240000">
        <ele>1408</ele>
      </trkpt>
      <trkpt lat="34.215450000" lon="-111.584340000">
        <ele>1408</ele>
      </trkpt>
      <trkpt lat="34.215440000" lon="-111.584400000">
        <ele>1409</ele>
      </trkpt>
      <trkpt lat="34.215370000" lon="-111.584410000">
        <ele>1408</ele>
      </trkpt>
      <trkpt lat="34.215320000" lon="-111.584510000">
        <ele>1408</ele>
      </trkpt>
      <trkpt lat="34.215340000" lon="-111.584600000">
        <ele>1409</ele>
      </trkpt>
      <trkpt lat="34.215270000" lon="-111.584710000">
        <ele>1410</ele>
      </trkpt>
      <trkpt lat="34.215280000" lon="-111.584740000">
        <ele>1411</ele>
      </trkpt>
      <trkpt lat="34.215170000" lon="-111.584750000">
        <ele>1410</ele>
      </trkpt>
      <trkpt lat="34.215150000" lon="-111.584730000">
        <ele>1409</ele>
      </trkpt>
      <trkpt lat="34.215210000" lon="-111.584600000">
        <ele>1408</ele>
      </trkpt>
      <trkpt lat="34.215190000" lon="-111.584540000">
        <ele>1407</ele>
      </trkpt>
      <trkpt lat="34.215170000" lon="-111.584530000">
        <ele>1407</ele>
      </trkpt>
      <trkpt lat="34.215120000" lon="-111.584560000">
        <ele>1406</ele>
      </trkpt>
      <trkpt lat="34.215020000" lon="-111.584540000">
        <ele>1405</ele>
      </trkpt>
      <trkpt lat="34.214990000" lon="-111.584480000">
        <ele>1404</ele>
      </trkpt>
      <trkpt lat="34.215010000" lon="-111.584380000">
        <ele>1403</ele>
      </trkpt>
      <trkpt lat="34.215000000" lon="-111.584350000">
        <ele>1403</ele>
      </trkpt>
      <trkpt lat="34.214940000" lon="-111.584360000">
        <ele>1403</ele>
      </trkpt>
      <trkpt lat="34.214820000" lon="-111.584460000">
        <ele>1403</ele>
      </trkpt>
      <trkpt lat="34.214780000" lon="-111.584520000">
        <ele>1403</ele>
      </trkpt>
      <trkpt lat="34.214650000" lon="-111.584620000">
        <ele>1403</ele>
      </trkpt>
      <trkpt lat="34.214520000" lon="-111.584660000">
        <ele>1402</ele>
      </trkpt>
      <trkpt lat="34.214380000" lon="-111.584800000">
        <ele>1402</ele>
      </trkpt>
      <trkpt lat="34.214290000" lon="-111.584810000">
        <ele>1401</ele>
      </trkpt>
      <trkpt lat="34.214170000" lon="-111.584950000">
        <ele>1401</ele>
      </trkpt>
      <trkpt lat="34.214110000" lon="-111.585140000">
        <ele>1401</ele>
      </trkpt>
      <trkpt lat="34.214130000" lon="-111.585200000">
        <ele>1401</ele>
      </trkpt>
      <trkpt lat="34.214110000" lon="-111.585430000">
        <ele>1400</ele>
      </trkpt>
      <trkpt lat="34.214030000" lon="-111.585670000">
        <ele>1399</ele>
      </trkpt>
      <trkpt lat="34.213920000" lon="-111.585850000">
        <ele>1399</ele>
      </trkpt>
      <trkpt lat="34.213840000" lon="-111.586090000">
        <ele>1399</ele>
      </trkpt>
      <trkpt lat="34.213710000" lon="-111.586210000">
        <ele>1399</ele>
      </trkpt>
      <trkpt lat="34.213700000" lon="-111.586290000">
        <ele>1399</ele>
      </trkpt>
      <trkpt lat="34.213500000" lon="-111.586700000">
        <ele>1400</ele>
      </trkpt>
      <trkpt lat="34.213450000" lon="-111.586950000">
        <ele>1399</ele>
      </trkpt>
      <trkpt lat="34.213180000" lon="-111.587300000">
        <ele>1396</ele>
      </trkpt>
      <trkpt lat="34.213110000" lon="-111.587460000">
        <ele>1395</ele>
      </trkpt>
      <trkpt lat="34.213080000" lon="-111.587680000">
        <ele>1394</ele>
      </trkpt>
      <trkpt lat="34.212920000" lon="-111.588110000">
        <ele>1392</ele>
      </trkpt>
      <trkpt lat="34.212910000" lon="-111.588250000">
        <ele>1392</ele>
      </trkpt>
      <trkpt lat="34.212810000" lon="-111.588470000">
        <ele>1392</ele>
      </trkpt>
      <trkpt lat="34.212660000" lon="-111.588620000">
        <ele>1391</ele>
      </trkpt>
      <trkpt lat="34.212610000" lon="-111.588760000">
        <ele>1392</ele>
      </trkpt>
      <trkpt lat="34.212500000" lon="-111.588880000">
        <ele>1391</ele>
      </trkpt>
      <trkpt lat="34.212420000" lon="-111.588900000">
        <ele>1390</ele>
      </trkpt>
      <trkpt lat="34.212320000" lon="-111.588990000">
        <ele>1390</ele>
      </trkpt>
      <trkpt lat="34.212170000" lon="-111.589060000">
        <ele>1390</ele>
      </trkpt>
      <trkpt lat="34.212030000" lon="-111.589090000">
        <ele>1389</ele>
      </trkpt>
      <trkpt lat="34.211980000" lon="-111.589140000">
        <ele>1389</ele>
      </trkpt>
      <trkpt lat="34.211840000" lon="-111.589200000">
        <ele>1389</ele>
      </trkpt>
      <trkpt lat="34.211690000" lon="-111.589480000">
        <ele>1389</ele>
      </trkpt>
      <trkpt lat="34.211690000" lon="-111.589510000">
        <ele>1389</ele>
      </trkpt>
      <trkpt lat="34.211630000" lon="-111.589510000">
        <ele>1389</ele>
      </trkpt>
      <trkpt lat="34.211520000" lon="-111.589670000">
        <ele>1389</ele>
      </trkpt>
      <trkpt lat="34.211470000" lon="-111.589680000">
        <ele>1389</ele>
      </trkpt>
      <trkpt lat="34.211430000" lon="-111.589730000">
        <ele>1389</ele>
      </trkpt>
      <trkpt lat="34.211360000" lon="-111.589730000">
        <ele>1389</ele>
      </trkpt>
      <trkpt lat="34.211280000" lon="-111.589830000">
        <ele>1389</ele>
      </trkpt>
      <trkpt lat="34.211250000" lon="-111.589990000">
        <ele>1389</ele>
      </trkpt>
      <trkpt lat="34.211170000" lon="-111.590030000">
        <ele>1389</ele>
      </trkpt>
      <trkpt lat="34.211030000" lon="-111.590220000">
        <ele>1389</ele>
      </trkpt>
      <trkpt lat="34.211050000" lon="-111.590310000">
        <ele>1389</ele>
      </trkpt>
      <trkpt lat="34.211030000" lon="-111.590340000">
        <ele>1389</ele>
      </trkpt>
      <trkpt lat="34.211030000" lon="-111.590430000">
        <ele>1389</ele>
      </trkpt>
      <trkpt lat="34.210930000" lon="-111.590480000">
        <ele>1389</ele>
      </trkpt>
      <trkpt lat="34.210960000" lon="-111.590530000">
        <ele>1389</ele>
      </trkpt>
      <trkpt lat="34.210910000" lon="-111.590610000">
        <ele>1389</ele>
      </trkpt>
      <trkpt lat="34.210850000" lon="-111.590620000">
        <ele>1389</ele>
      </trkpt>
      <trkpt lat="34.210800000" lon="-111.590710000">
        <ele>1389</ele>
      </trkpt>
      <trkpt lat="34.210770000" lon="-111.590730000">
        <ele>1389</ele>
      </trkpt>
      <trkpt lat="34.210750000" lon="-111.590710000">
        <ele>1389</ele>
      </trkpt>
      <trkpt lat="34.210690000" lon="-111.590760000">
        <ele>1389</ele>
      </trkpt>
      <trkpt lat="34.210640000" lon="-111.590910000">
        <ele>1389</ele>
      </trkpt>
      <trkpt lat="34.210590000" lon="-111.590900000">
        <ele>1389</ele>
      </trkpt>
      <trkpt lat="34.210560000" lon="-111.590860000">
        <ele>1389</ele>
      </trkpt>
      <trkpt lat="34.210450000" lon="-111.590880000">
        <ele>1389</ele>
      </trkpt>
      <trkpt lat="34.210420000" lon="-111.590960000">
        <ele>1388</ele>
      </trkpt>
      <trkpt lat="34.210220000" lon="-111.590960000">
        <ele>1388</ele>
      </trkpt>
      <trkpt lat="34.210170000" lon="-111.590990000">
        <ele>1388</ele>
      </trkpt>
      <trkpt lat="34.210160000" lon="-111.591060000">
        <ele>1387</ele>
      </trkpt>
      <trkpt lat="34.210120000" lon="-111.591100000">
        <ele>1387</ele>
      </trkpt>
      <trkpt lat="34.210060000" lon="-111.591080000">
        <ele>1387</ele>
      </trkpt>
      <trkpt lat="34.209980000" lon="-111.590990000">
        <ele>1388</ele>
      </trkpt>
      <trkpt lat="34.209920000" lon="-111.591010000">
        <ele>1388</ele>
      </trkpt>
      <trkpt lat="34.209830000" lon="-111.591100000">
        <ele>1387</ele>
      </trkpt>
      <trkpt lat="34.209760000" lon="-111.591260000">
        <ele>1385</ele>
      </trkpt>
      <trkpt lat="34.209660000" lon="-111.591360000">
        <ele>1385</ele>
      </trkpt>
      <trkpt lat="34.209630000" lon="-111.591490000">
        <ele>1383</ele>
      </trkpt>
      <trkpt lat="34.209510000" lon="-111.591580000">
        <ele>1382</ele>
      </trkpt>
      <trkpt lat="34.209370000" lon="-111.591640000">
        <ele>1381</ele>
      </trkpt>
      <trkpt lat="34.209200000" lon="-111.591920000">
        <ele>1378</ele>
      </trkpt>
      <trkpt lat="34.209070000" lon="-111.591970000">
        <ele>1378</ele>
      </trkpt>
      <trkpt lat="34.208910000" lon="-111.592080000">
        <ele>1378</ele>
      </trkpt>
      <trkpt lat="34.208780000" lon="-111.592190000">
        <ele>1378</ele>
      </trkpt>
      <trkpt lat="34.208740000" lon="-111.592240000">
        <ele>1378</ele>
      </trkpt>
      <trkpt lat="34.208560000" lon="-111.592310000">
        <ele>1378</ele>
      </trkpt>
      <trkpt lat="34.208520000" lon="-111.592350000">
        <ele>1377</ele>
      </trkpt>
      <trkpt lat="34.208480000" lon="-111.592490000">
        <ele>1377</ele>
      </trkpt>
      <trkpt lat="34.208420000" lon="-111.592500000">
        <ele>1377</ele>
      </trkpt>
      <trkpt lat="34.208360000" lon="-111.592560000">
        <ele>1377</ele>
      </trkpt>
      <trkpt lat="34.208400000" lon="-111.592760000">
        <ele>1377</ele>
      </trkpt>
      <trkpt lat="34.208460000" lon="-111.592780000">
        <ele>1377</ele>
      </trkpt>
      <trkpt lat="34.208350000" lon="-111.592710000">
        <ele>1377</ele>
      </trkpt>
      <trkpt lat="34.208360000" lon="-111.592740000">
        <ele>1377</ele>
      </trkpt>
      <trkpt lat="34.208470000" lon="-111.592820000">
        <ele>1377</ele>
      </trkpt>
      <trkpt lat="34.208480000" lon="-111.592800000">
        <ele>1377</ele>
      </trkpt>
      <trkpt lat="34.208510000" lon="-111.592890000">
        <ele>1377</ele>
      </trkpt>
      <trkpt lat="34.208530000" lon="-111.592860000">
        <ele>1377</ele>
      </trkpt>
      <trkpt lat="34.208500000" lon="-111.592810000">
        <ele>1377</ele>
      </trkpt>
      <trkpt lat="34.208540000" lon="-111.592820000">
        <ele>1377</ele>
      </trkpt>
      <trkpt lat="34.208550000" lon="-111.592930000">
        <ele>1377</ele>
      </trkpt>
      <trkpt lat="34.208460000" lon="-111.592830000">
        <ele>1377</ele>
      </trkpt>
      <trkpt lat="34.208440000" lon="-111.592760000">
        <ele>1377</ele>
      </trkpt>
      <trkpt lat="34.208640000" lon="-111.592670000">
        <ele>1377</ele>
      </trkpt>
      <trkpt lat="34.208660000" lon="-111.592580000">
        <ele>1377</ele>
      </trkpt>
      <trkpt lat="34.208800000" lon="-111.592470000">
        <ele>1377</ele>
      </trkpt>
      <trkpt lat="34.208810000" lon="-111.592430000">
        <ele>1377</ele>
      </trkpt>
      <trkpt lat="34.208860000" lon="-111.592400000">
        <ele>1377</ele>
      </trkpt>
      <trkpt lat="34.208820000" lon="-111.592240000">
        <ele>1378</ele>
      </trkpt>
      <trkpt lat="34.208980000" lon="-111.592440000">
        <ele>1377</ele>
      </trkpt>
      <trkpt lat="34.209040000" lon="-111.592670000">
        <ele>1378</ele>
      </trkpt>
      <trkpt lat="34.209160000" lon="-111.592760000">
        <ele>1378</ele>
      </trkpt>
      <trkpt lat="34.209160000" lon="-111.592860000">
        <ele>1378</ele>
      </trkpt>
      <trkpt lat="34.209240000" lon="-111.593000000">
        <ele>1379</ele>
      </trkpt>
      <trkpt lat="34.209310000" lon="-111.593200000">
        <ele>1381</ele>
      </trkpt>
      <trkpt lat="34.209330000" lon="-111.593300000">
        <ele>1381</ele>
      </trkpt>
      <trkpt lat="34.209310000" lon="-111.593450000">
        <ele>1382</ele>
      </trkpt>
      <trkpt lat="34.209390000" lon="-111.593710000">
        <ele>1384</ele>
      </trkpt>
      <trkpt lat="34.209420000" lon="-111.593870000">
        <ele>1384</ele>
      </trkpt>
      <trkpt lat="34.209450000" lon="-111.593920000">
        <ele>1384</ele>
      </trkpt>
      <trkpt lat="34.209520000" lon="-111.593880000">
        <ele>1385</ele>
      </trkpt>
      <trkpt lat="34.209580000" lon="-111.593890000">
        <ele>1385</ele>
      </trkpt>
      <trkpt lat="34.209870000" lon="-111.594100000">
        <ele>1388</ele>
      </trkpt>
      <trkpt lat="34.209980000" lon="-111.594120000">
        <ele>1389</ele>
      </trkpt>
      <trkpt lat="34.210060000" lon="-111.594200000">
        <ele>1390</ele>
      </trkpt>
      <trkpt lat="34.210210000" lon="-111.594190000">
        <ele>1390</ele>
      </trkpt>
      <trkpt lat="34.210420000" lon="-111.594280000">
        <ele>1390</ele>
      </trkpt>
      <trkpt lat="34.210610000" lon="-111.594310000">
        <ele>1390</ele>
      </trkpt>
      <trkpt lat="34.210750000" lon="-111.594360000">
        <ele>1390</ele>
      </trkpt>
      <trkpt lat="34.210840000" lon="-111.594360000">
        <ele>1390</ele>
      </trkpt>
      <trkpt lat="34.210970000" lon="-111.594470000">
        <ele>1390</ele>
      </trkpt>
      <trkpt lat="34.211250000" lon="-111.594800000">
        <ele>1393</ele>
      </trkpt>
      <trkpt lat="34.211390000" lon="-111.594880000">
        <ele>1394</ele>
      </trkpt>
      <trkpt lat="34.211420000" lon="-111.594950000">
        <ele>1395</ele>
      </trkpt>
      <trkpt lat="34.211620000" lon="-111.595160000">
        <ele>1398</ele>
      </trkpt>
      <trkpt lat="34.211750000" lon="-111.595480000">
        <ele>1402</ele>
      </trkpt>
      <trkpt lat="34.211820000" lon="-111.595570000">
        <ele>1403</ele>
      </trkpt>
      <trkpt lat="34.211850000" lon="-111.595580000">
        <ele>1403</ele>
      </trkpt>
      <trkpt lat="34.211970000" lon="-111.595760000">
        <ele>1403</ele>
      </trkpt>
      <trkpt lat="34.211990000" lon="-111.595820000">
        <ele>1403</ele>
      </trkpt>
      <trkpt lat="34.212080000" lon="-111.595890000">
        <ele>1403</ele>
      </trkpt>
      <trkpt lat="34.212120000" lon="-111.595990000">
        <ele>1403</ele>
      </trkpt>
      <trkpt lat="34.212210000" lon="-111.596080000">
        <ele>1403</ele>
      </trkpt>
      <trkpt lat="34.212240000" lon="-111.596160000">
        <ele>1403</ele>
      </trkpt>
      <trkpt lat="34.212380000" lon="-111.596390000">
        <ele>1404</ele>
      </trkpt>
      <trkpt lat="34.212460000" lon="-111.596440000">
        <ele>1404</ele>
      </trkpt>
      <trkpt lat="34.212560000" lon="-111.596580000">
        <ele>1405</ele>
      </trkpt>
      <trkpt lat="34.212590000" lon="-111.596700000">
        <ele>1406</ele>
      </trkpt>
      <trkpt lat="34.212640000" lon="-111.597130000">
        <ele>1408</ele>
      </trkpt>
      <trkpt lat="34.212640000" lon="-111.597050000">
        <ele>1408</ele>
      </trkpt>
      <trkpt lat="34.212620000" lon="-111.597080000">
        <ele>1408</ele>
      </trkpt>
      <trkpt lat="34.212670000" lon="-111.597170000">
        <ele>1409</ele>
      </trkpt>
      <trkpt lat="34.212660000" lon="-111.597280000">
        <ele>1409</ele>
      </trkpt>
      <trkpt lat="34.212740000" lon="-111.597310000">
        <ele>1411</ele>
      </trkpt>
      <trkpt lat="34.212810000" lon="-111.597520000">
        <ele>1414</ele>
      </trkpt>
      <trkpt lat="34.212880000" lon="-111.597620000">
        <ele>1416</ele>
      </trkpt>
      <trkpt lat="34.212950000" lon="-111.597940000">
        <ele>1423</ele>
      </trkpt>
      <trkpt lat="34.212990000" lon="-111.598040000">
        <ele>1425</ele>
      </trkpt>
      <trkpt lat="34.212880000" lon="-111.598030000">
        <ele>1422</ele>
      </trkpt>
      <trkpt lat="34.212830000" lon="-111.598060000">
        <ele>1421</ele>
      </trkpt>
      <trkpt lat="34.212860000" lon="-111.598080000">
        <ele>1422</ele>
      </trkpt>
      <trkpt lat="34.212890000" lon="-111.598180000">
        <ele>1424</ele>
      </trkpt>
      <trkpt lat="34.212900000" lon="-111.598350000">
        <ele>1426</ele>
      </trkpt>
      <trkpt lat="34.212880000" lon="-111.598490000">
        <ele>1427</ele>
      </trkpt>
      <trkpt lat="34.212890000" lon="-111.598630000">
        <ele>1429</ele>
      </trkpt>
      <trkpt lat="34.212810000" lon="-111.598810000">
        <ele>1429</ele>
      </trkpt>
      <trkpt lat="34.212770000" lon="-111.598990000">
        <ele>1433</ele>
      </trkpt>
      <trkpt lat="34.212690000" lon="-111.599060000">
        <ele>1433</ele>
      </trkpt>
      <trkpt lat="34.212530000" lon="-111.599470000">
        <ele>1439</ele>
      </trkpt>
      <trkpt lat="34.212480000" lon="-111.599810000">
        <ele>1443</ele>
      </trkpt>
      <trkpt lat="34.212510000" lon="-111.599930000">
        <ele>1444</ele>
      </trkpt>
      <trkpt lat="34.212460000" lon="-111.600130000">
        <ele>1445</ele>
      </trkpt>
      <trkpt lat="34.212480000" lon="-111.600300000">
        <ele>1446</ele>
      </trkpt>
      <trkpt lat="34.212520000" lon="-111.600420000">
        <ele>1448</ele>
      </trkpt>
      <trkpt lat="34.212490000" lon="-111.600510000">
        <ele>1447</ele>
      </trkpt>
      <trkpt lat="34.212540000" lon="-111.600600000">
        <ele>1449</ele>
      </trkpt>
      <trkpt lat="34.212630000" lon="-111.600620000">
        <ele>1452</ele>
      </trkpt>
      <trkpt lat="34.212670000" lon="-111.600740000">
        <ele>1454</ele>
      </trkpt>
      <trkpt lat="34.212740000" lon="-111.600840000">
        <ele>1457</ele>
      </trkpt>
      <trkpt lat="34.212820000" lon="-111.601170000">
        <ele>1462</ele>
      </trkpt>
      <trkpt lat="34.212940000" lon="-111.601250000">
        <ele>1468</ele>
      </trkpt>
      <trkpt lat="34.213150000" lon="-111.601690000">
        <ele>1474</ele>
      </trkpt>
      <trkpt lat="34.213250000" lon="-111.601840000">
        <ele>1473</ele>
      </trkpt>
      <trkpt lat="34.213250000" lon="-111.601880000">
        <ele>1471</ele>
      </trkpt>
      <trkpt lat="34.213290000" lon="-111.601950000">
        <ele>1471</ele>
      </trkpt>
      <trkpt lat="34.213420000" lon="-111.602080000">
        <ele>1474</ele>
      </trkpt>
      <trkpt lat="34.213450000" lon="-111.602180000">
        <ele>1475</ele>
      </trkpt>
      <trkpt lat="34.213540000" lon="-111.602290000">
        <ele>1477</ele>
      </trkpt>
      <trkpt lat="34.213610000" lon="-111.602420000">
        <ele>1477</ele>
      </trkpt>
      <trkpt lat="34.213770000" lon="-111.602570000">
        <ele>1482</ele>
      </trkpt>
      <trkpt lat="34.213840000" lon="-111.602590000">
        <ele>1484</ele>
      </trkpt>
      <trkpt lat="34.213950000" lon="-111.602740000">
        <ele>1489</ele>
      </trkpt>
      <trkpt lat="34.213960000" lon="-111.602770000">
        <ele>1489</ele>
      </trkpt>
      <trkpt lat="34.213890000" lon="-111.602820000">
        <ele>1486</ele>
      </trkpt>
      <trkpt lat="34.213890000" lon="-111.602780000">
        <ele>1486</ele>
      </trkpt>
      <trkpt lat="34.213920000" lon="-111.602770000">
        <ele>1487</ele>
      </trkpt>
      <trkpt lat="34.214050000" lon="-111.602900000">
        <ele>1488</ele>
      </trkpt>
      <trkpt lat="34.214290000" lon="-111.603000000">
        <ele>1486</ele>
      </trkpt>
      <trkpt lat="34.214610000" lon="-111.602980000">
        <ele>1480</ele>
      </trkpt>
      <trkpt lat="34.214680000" lon="-111.602960000">
        <ele>1479</ele>
      </trkpt>
      <trkpt lat="34.214800000" lon="-111.602980000">
        <ele>1476</ele>
      </trkpt>
      <trkpt lat="34.214960000" lon="-111.602940000">
        <ele>1473</ele>
      </trkpt>
      <trkpt lat="34.215010000" lon="-111.602970000">
        <ele>1471</ele>
      </trkpt>
      <trkpt lat="34.215020000" lon="-111.603040000">
        <ele>1469</ele>
      </trkpt>
      <trkpt lat="34.214970000" lon="-111.603180000">
        <ele>1466</ele>
      </trkpt>
      <trkpt lat="34.214870000" lon="-111.603360000">
        <ele>1465</ele>
      </trkpt>
      <trkpt lat="34.214890000" lon="-111.603490000">
        <ele>1462</ele>
      </trkpt>
      <trkpt lat="34.214970000" lon="-111.603530000">
        <ele>1459</ele>
      </trkpt>
      <trkpt lat="34.215010000" lon="-111.603490000">
        <ele>1458</ele>
      </trkpt>
      <trkpt lat="34.215200000" lon="-111.603550000">
        <ele>1452</ele>
      </trkpt>
      <trkpt lat="34.215260000" lon="-111.603580000">
        <ele>1450</ele>
      </trkpt>
      <trkpt lat="34.215340000" lon="-111.603740000">
        <ele>1447</ele>
      </trkpt>
      <trkpt lat="34.215360000" lon="-111.603850000">
        <ele>1446</ele>
      </trkpt>
      <trkpt lat="34.215350000" lon="-111.603890000">
        <ele>1446</ele>
      </trkpt>
      <trkpt lat="34.215360000" lon="-111.604030000">
        <ele>1445</ele>
      </trkpt>
      <trkpt lat="34.215400000" lon="-111.604140000">
        <ele>1444</ele>
      </trkpt>
      <trkpt lat="34.215360000" lon="-111.604210000">
        <ele>1444</ele>
      </trkpt>
      <trkpt lat="34.215300000" lon="-111.604500000">
        <ele>1440</ele>
      </trkpt>
      <trkpt lat="34.215240000" lon="-111.604620000">
        <ele>1439</ele>
      </trkpt>
      <trkpt lat="34.215240000" lon="-111.604750000">
        <ele>1439</ele>
      </trkpt>
      <trkpt lat="34.215210000" lon="-111.604780000">
        <ele>1439</ele>
      </trkpt>
      <trkpt lat="34.215140000" lon="-111.604790000">
        <ele>1438</ele>
      </trkpt>
      <trkpt lat="34.215140000" lon="-111.604970000">
        <ele>1439</ele>
      </trkpt>
      <trkpt lat="34.215110000" lon="-111.605110000">
        <ele>1439</ele>
      </trkpt>
      <trkpt lat="34.215110000" lon="-111.605270000">
        <ele>1438</ele>
      </trkpt>
      <trkpt lat="34.215050000" lon="-111.605480000">
        <ele>1437</ele>
      </trkpt>
      <trkpt lat="34.215060000" lon="-111.605550000">
        <ele>1437</ele>
      </trkpt>
      <trkpt lat="34.215020000" lon="-111.605640000">
        <ele>1436</ele>
      </trkpt>
      <trkpt lat="34.215010000" lon="-111.605800000">
        <ele>1436</ele>
      </trkpt>
      <trkpt lat="34.214960000" lon="-111.605970000">
        <ele>1436</ele>
      </trkpt>
      <trkpt lat="34.214960000" lon="-111.606150000">
        <ele>1436</ele>
      </trkpt>
      <trkpt lat="34.214930000" lon="-111.606210000">
        <ele>1435</ele>
      </trkpt>
      <trkpt lat="34.214920000" lon="-111.606350000">
        <ele>1435</ele>
      </trkpt>
      <trkpt lat="34.214750000" lon="-111.606740000">
        <ele>1433</ele>
      </trkpt>
      <trkpt lat="34.214740000" lon="-111.607010000">
        <ele>1429</ele>
      </trkpt>
      <trkpt lat="34.214820000" lon="-111.607200000">
        <ele>1427</ele>
      </trkpt>
      <trkpt lat="34.214830000" lon="-111.607390000">
        <ele>1427</ele>
      </trkpt>
      <trkpt lat="34.214790000" lon="-111.607630000">
        <ele>1427</ele>
      </trkpt>
      <trkpt lat="34.214680000" lon="-111.607670000">
        <ele>1429</ele>
      </trkpt>
      <trkpt lat="34.214630000" lon="-111.607730000">
        <ele>1430</ele>
      </trkpt>
      <trkpt lat="34.214700000" lon="-111.607950000">
        <ele>1426</ele>
      </trkpt>
      <trkpt lat="34.214720000" lon="-111.607970000">
        <ele>1426</ele>
      </trkpt>
      <trkpt lat="34.214770000" lon="-111.608080000">
        <ele>1426</ele>
      </trkpt>
      <trkpt lat="34.214740000" lon="-111.608260000">
        <ele>1425</ele>
      </trkpt>
      <trkpt lat="34.214680000" lon="-111.608340000">
        <ele>1424</ele>
      </trkpt>
      <trkpt lat="34.214670000" lon="-111.608420000">
        <ele>1423</ele>
      </trkpt>
      <trkpt lat="34.214640000" lon="-111.608430000">
        <ele>1423</ele>
      </trkpt>
      <trkpt lat="34.214670000" lon="-111.608430000">
        <ele>1423</ele>
      </trkpt>
      <trkpt lat="34.214740000" lon="-111.608250000">
        <ele>1425</ele>
      </trkpt>
      <trkpt lat="34.214770000" lon="-111.608120000">
        <ele>1426</ele>
      </trkpt>
      <trkpt lat="34.214740000" lon="-111.607970000">
        <ele>1426</ele>
      </trkpt>
      <trkpt lat="34.214780000" lon="-111.607870000">
        <ele>1426</ele>
      </trkpt>
      <trkpt lat="34.214820000" lon="-111.607870000">
        <ele>1426</ele>
      </trkpt>
      <trkpt lat="34.214800000" lon="-111.607860000">
        <ele>1426</ele>
      </trkpt>
      <trkpt lat="34.214840000" lon="-111.607900000">
        <ele>1426</ele>
      </trkpt>
      <trkpt lat="34.214850000" lon="-111.607950000">
        <ele>1426</ele>
      </trkpt>
      <trkpt lat="34.214930000" lon="-111.607990000">
        <ele>1427</ele>
      </trkpt>
      <trkpt lat="34.215070000" lon="-111.608120000">
        <ele>1432</ele>
      </trkpt>
      <trkpt lat="34.215120000" lon="-111.608210000">
        <ele>1435</ele>
      </trkpt>
      <trkpt lat="34.215170000" lon="-111.608240000">
        <ele>1437</ele>
      </trkpt>
      <trkpt lat="34.215230000" lon="-111.608230000">
        <ele>1439</ele>
      </trkpt>
      <trkpt lat="34.215280000" lon="-111.608270000">
        <ele>1441</ele>
      </trkpt>
      <trkpt lat="34.215280000" lon="-111.608340000">
        <ele>1441</ele>
      </trkpt>
      <trkpt lat="34.215320000" lon="-111.608410000">
        <ele>1443</ele>
      </trkpt>
      <trkpt lat="34.215310000" lon="-111.608430000">
        <ele>1443</ele>
      </trkpt>
      <trkpt lat="34.215340000" lon="-111.608520000">
        <ele>1444</ele>
      </trkpt>
      <trkpt lat="34.215460000" lon="-111.608700000">
        <ele>1449</ele>
      </trkpt>
      <trkpt lat="34.215470000" lon="-111.608800000">
        <ele>1450</ele>
      </trkpt>
      <trkpt lat="34.215500000" lon="-111.608840000">
        <ele>1451</ele>
      </trkpt>
      <trkpt lat="34.215610000" lon="-111.609220000">
        <ele>1460</ele>
      </trkpt>
      <trkpt lat="34.215720000" lon="-111.609380000">
        <ele>1465</ele>
      </trkpt>
      <trkpt lat="34.215720000" lon="-111.609550000">
        <ele>1470</ele>
      </trkpt>
      <trkpt lat="34.215660000" lon="-111.609650000">
        <ele>1470</ele>
      </trkpt>
      <trkpt lat="34.215650000" lon="-111.609750000">
        <ele>1472</ele>
      </trkpt>
      <trkpt lat="34.215670000" lon="-111.609820000">
        <ele>1473</ele>
      </trkpt>
      <trkpt lat="34.215650000" lon="-111.610060000">
        <ele>1475</ele>
      </trkpt>
      <trkpt lat="34.215710000" lon="-111.610450000">
        <ele>1479</ele>
      </trkpt>
      <trkpt lat="34.215780000" lon="-111.610450000">
        <ele>1479</ele>
      </trkpt>
      <trkpt lat="34.215810000" lon="-111.610470000">
        <ele>1479</ele>
      </trkpt>
      <trkpt lat="34.215720000" lon="-111.610500000">
        <ele>1480</ele>
      </trkpt>
      <trkpt lat="34.215800000" lon="-111.610730000">
        <ele>1482</ele>
      </trkpt>
      <trkpt lat="34.215780000" lon="-111.610960000">
        <ele>1483</ele>
      </trkpt>
      <trkpt lat="34.215820000" lon="-111.611110000">
        <ele>1483</ele>
      </trkpt>
      <trkpt lat="34.215790000" lon="-111.611180000">
        <ele>1484</ele>
      </trkpt>
      <trkpt lat="34.215720000" lon="-111.611200000">
        <ele>1485</ele>
      </trkpt>
      <trkpt lat="34.215700000" lon="-111.611230000">
        <ele>1485</ele>
      </trkpt>
      <trkpt lat="34.215630000" lon="-111.611440000">
        <ele>1485</ele>
      </trkpt>
      <trkpt lat="34.215580000" lon="-111.611520000">
        <ele>1485</ele>
      </trkpt>
      <trkpt lat="34.215540000" lon="-111.611780000">
        <ele>1485</ele>
      </trkpt>
      <trkpt lat="34.215320000" lon="-111.611990000">
        <ele>1487</ele>
      </trkpt>
      <trkpt lat="34.215260000" lon="-111.612010000">
        <ele>1488</ele>
      </trkpt>
      <trkpt lat="34.215150000" lon="-111.612120000">
        <ele>1488</ele>
      </trkpt>
      <trkpt lat="34.215140000" lon="-111.612200000">
        <ele>1487</ele>
      </trkpt>
      <trkpt lat="34.215070000" lon="-111.612300000">
        <ele>1487</ele>
      </trkpt>
      <trkpt lat="34.215000000" lon="-111.612530000">
        <ele>1485</ele>
      </trkpt>
      <trkpt lat="34.214950000" lon="-111.612580000">
        <ele>1485</ele>
      </trkpt>
      <trkpt lat="34.214860000" lon="-111.612750000">
        <ele>1485</ele>
      </trkpt>
      <trkpt lat="34.214800000" lon="-111.612920000">
        <ele>1484</ele>
      </trkpt>
      <trkpt lat="34.214760000" lon="-111.612980000">
        <ele>1485</ele>
      </trkpt>
      <trkpt lat="34.214630000" lon="-111.613060000">
        <ele>1487</ele>
      </trkpt>
      <trkpt lat="34.214600000" lon="-111.613130000">
        <ele>1488</ele>
      </trkpt>
      <trkpt lat="34.214540000" lon="-111.613200000">
        <ele>1489</ele>
      </trkpt>
      <trkpt lat="34.214490000" lon="-111.613310000">
        <ele>1489</ele>
      </trkpt>
      <trkpt lat="34.214400000" lon="-111.613350000">
        <ele>1490</ele>
      </trkpt>
      <trkpt lat="34.214340000" lon="-111.613470000">
        <ele>1490</ele>
      </trkpt>
      <trkpt lat="34.214280000" lon="-111.613450000">
        <ele>1491</ele>
      </trkpt>
      <trkpt lat="34.214160000" lon="-111.613590000">
        <ele>1492</ele>
      </trkpt>
      <trkpt lat="34.213930000" lon="-111.613690000">
        <ele>1494</ele>
      </trkpt>
      <trkpt lat="34.213790000" lon="-111.613840000">
        <ele>1494</ele>
      </trkpt>
      <trkpt lat="34.213770000" lon="-111.613930000">
        <ele>1493</ele>
      </trkpt>
      <trkpt lat="34.213830000" lon="-111.614020000">
        <ele>1492</ele>
      </trkpt>
      <trkpt lat="34.213790000" lon="-111.614010000">
        <ele>1492</ele>
      </trkpt>
      <trkpt lat="34.213760000" lon="-111.613950000">
        <ele>1493</ele>
      </trkpt>
      <trkpt lat="34.213770000" lon="-111.613820000">
        <ele>1494</ele>
      </trkpt>
      <trkpt lat="34.213740000" lon="-111.613790000">
        <ele>1495</ele>
      </trkpt>
      <trkpt lat="34.213640000" lon="-111.613780000">
        <ele>1495</ele>
      </trkpt>
      <trkpt lat="34.213600000" lon="-111.613830000">
        <ele>1495</ele>
      </trkpt>
      <trkpt lat="34.213520000" lon="-111.613880000">
        <ele>1494</ele>
      </trkpt>
      <trkpt lat="34.213520000" lon="-111.613970000">
        <ele>1493</ele>
      </trkpt>
      <trkpt lat="34.213480000" lon="-111.614070000">
        <ele>1492</ele>
      </trkpt>
      <trkpt lat="34.213450000" lon="-111.614210000">
        <ele>1491</ele>
      </trkpt>
      <trkpt lat="34.213400000" lon="-111.614230000">
        <ele>1490</ele>
      </trkpt>
      <trkpt lat="34.213310000" lon="-111.614210000">
        <ele>1491</ele>
      </trkpt>
      <trkpt lat="34.213280000" lon="-111.614180000">
        <ele>1491</ele>
      </trkpt>
      <trkpt lat="34.213190000" lon="-111.614190000">
        <ele>1491</ele>
      </trkpt>
      <trkpt lat="34.213120000" lon="-111.614250000">
        <ele>1490</ele>
      </trkpt>
      <trkpt lat="34.213080000" lon="-111.614240000">
        <ele>1490</ele>
      </trkpt>
      <trkpt lat="34.213020000" lon="-111.614220000">
        <ele>1490</ele>
      </trkpt>
      <trkpt lat="34.213000000" lon="-111.614150000">
        <ele>1491</ele>
      </trkpt>
      <trkpt lat="34.212930000" lon="-111.614110000">
        <ele>1491</ele>
      </trkpt>
      <trkpt lat="34.212860000" lon="-111.614010000">
        <ele>1492</ele>
      </trkpt>
      <trkpt lat="34.212710000" lon="-111.614000000">
        <ele>1491</ele>
      </trkpt>
      <trkpt lat="34.212550000" lon="-111.613890000">
        <ele>1491</ele>
      </trkpt>
      <trkpt lat="34.212430000" lon="-111.613900000">
        <ele>1490</ele>
      </trkpt>
      <trkpt lat="34.212310000" lon="-111.613810000">
        <ele>1490</ele>
      </trkpt>
      <trkpt lat="34.212200000" lon="-111.613660000">
        <ele>1488</ele>
      </trkpt>
      <trkpt lat="34.212140000" lon="-111.613650000">
        <ele>1488</ele>
      </trkpt>
      <trkpt lat="34.212080000" lon="-111.613570000">
        <ele>1487</ele>
      </trkpt>
      <trkpt lat="34.212000000" lon="-111.613550000">
        <ele>1486</ele>
      </trkpt>
      <trkpt lat="34.211950000" lon="-111.613500000">
        <ele>1485</ele>
      </trkpt>
      <trkpt lat="34.211800000" lon="-111.613530000">
        <ele>1485</ele>
      </trkpt>
      <trkpt lat="34.211760000" lon="-111.613500000">
        <ele>1483</ele>
      </trkpt>
      <trkpt lat="34.211730000" lon="-111.613500000">
        <ele>1483</ele>
      </trkpt>
      <trkpt lat="34.211330000" lon="-111.613770000">
        <ele>1481</ele>
      </trkpt>
      <trkpt lat="34.211220000" lon="-111.613920000">
        <ele>1480</ele>
      </trkpt>
      <trkpt lat="34.211120000" lon="-111.613970000">
        <ele>1478</ele>
      </trkpt>
      <trkpt lat="34.211070000" lon="-111.614130000">
        <ele>1476</ele>
      </trkpt>
      <trkpt lat="34.210890000" lon="-111.614210000">
        <ele>1474</ele>
      </trkpt>
      <trkpt lat="34.210890000" lon="-111.614380000">
        <ele>1473</ele>
      </trkpt>
      <trkpt lat="34.210920000" lon="-111.614480000">
        <ele>1473</ele>
      </trkpt>
      <trkpt lat="34.210900000" lon="-111.614530000">
        <ele>1473</ele>
      </trkpt>
      <trkpt lat="34.210940000" lon="-111.614670000">
        <ele>1472</ele>
      </trkpt>
      <trkpt lat="34.210930000" lon="-111.614800000">
        <ele>1472</ele>
      </trkpt>
      <trkpt lat="34.210950000" lon="-111.614830000">
        <ele>1472</ele>
      </trkpt>
      <trkpt lat="34.211000000" lon="-111.614860000">
        <ele>1472</ele>
      </trkpt>
      <trkpt lat="34.211020000" lon="-111.614910000">
        <ele>1472</ele>
      </trkpt>
      <trkpt lat="34.210880000" lon="-111.614860000">
        <ele>1472</ele>
      </trkpt>
      <trkpt lat="34.210690000" lon="-111.614880000">
        <ele>1472</ele>
      </trkpt>
      <trkpt lat="34.210670000" lon="-111.615030000">
        <ele>1471</ele>
      </trkpt>
      <trkpt lat="34.210630000" lon="-111.615120000">
        <ele>1471</ele>
      </trkpt>
      <trkpt lat="34.210590000" lon="-111.615160000">
        <ele>1471</ele>
      </trkpt>
      <trkpt lat="34.210570000" lon="-111.615230000">
        <ele>1470</ele>
      </trkpt>
      <trkpt lat="34.210470000" lon="-111.615310000">
        <ele>1469</ele>
      </trkpt>
      <trkpt lat="34.210430000" lon="-111.615440000">
        <ele>1469</ele>
      </trkpt>
      <trkpt lat="34.210380000" lon="-111.615500000">
        <ele>1468</ele>
      </trkpt>
      <trkpt lat="34.210300000" lon="-111.615530000">
        <ele>1468</ele>
      </trkpt>
      <trkpt lat="34.210150000" lon="-111.615670000">
        <ele>1468</ele>
      </trkpt>
      <trkpt lat="34.210100000" lon="-111.615670000">
        <ele>1468</ele>
      </trkpt>
      <trkpt lat="34.210030000" lon="-111.615620000">
        <ele>1469</ele>
      </trkpt>
      <trkpt lat="34.209890000" lon="-111.615670000">
        <ele>1469</ele>
      </trkpt>
      <trkpt lat="34.209770000" lon="-111.615750000">
        <ele>1469</ele>
      </trkpt>
      <trkpt lat="34.209650000" lon="-111.615920000">
        <ele>1468</ele>
      </trkpt>
      <trkpt lat="34.209550000" lon="-111.615990000">
        <ele>1469</ele>
      </trkpt>
      <trkpt lat="34.209470000" lon="-111.616090000">
        <ele>1468</ele>
      </trkpt>
      <trkpt lat="34.209310000" lon="-111.616170000">
        <ele>1469</ele>
      </trkpt>
      <trkpt lat="34.209210000" lon="-111.616180000">
        <ele>1470</ele>
      </trkpt>
      <trkpt lat="34.209180000" lon="-111.616250000">
        <ele>1470</ele>
      </trkpt>
      <trkpt lat="34.209140000" lon="-111.616510000">
        <ele>1468</ele>
      </trkpt>
      <trkpt lat="34.209110000" lon="-111.616500000">
        <ele>1469</ele>
      </trkpt>
      <trkpt lat="34.209030000" lon="-111.616530000">
        <ele>1469</ele>
      </trkpt>
      <trkpt lat="34.208800000" lon="-111.616740000">
        <ele>1470</ele>
      </trkpt>
      <trkpt lat="34.208750000" lon="-111.616760000">
        <ele>1470</ele>
      </trkpt>
      <trkpt lat="34.208640000" lon="-111.616740000">
        <ele>1471</ele>
      </trkpt>
      <trkpt lat="34.208560000" lon="-111.616770000">
        <ele>1471</ele>
      </trkpt>
      <trkpt lat="34.208450000" lon="-111.616730000">
        <ele>1472</ele>
      </trkpt>
      <trkpt lat="34.208320000" lon="-111.616760000">
        <ele>1473</ele>
      </trkpt>
      <trkpt lat="34.208220000" lon="-111.616750000">
        <ele>1473</ele>
      </trkpt>
      <trkpt lat="34.208090000" lon="-111.616810000">
        <ele>1474</ele>
      </trkpt>
      <trkpt lat="34.208100000" lon="-111.616950000">
        <ele>1473</ele>
      </trkpt>
      <trkpt lat="34.208080000" lon="-111.616970000">
        <ele>1473</ele>
      </trkpt>
      <trkpt lat="34.207950000" lon="-111.616940000">
        <ele>1474</ele>
      </trkpt>
      <trkpt lat="34.207860000" lon="-111.617060000">
        <ele>1474</ele>
      </trkpt>
      <trkpt lat="34.207840000" lon="-111.617170000">
        <ele>1473</ele>
      </trkpt>
      <trkpt lat="34.207890000" lon="-111.617280000">
        <ele>1473</ele>
      </trkpt>
      <trkpt lat="34.207820000" lon="-111.617380000">
        <ele>1472</ele>
      </trkpt>
      <trkpt lat="34.207700000" lon="-111.617520000">
        <ele>1472</ele>
      </trkpt>
      <trkpt lat="34.207520000" lon="-111.617620000">
        <ele>1471</ele>
      </trkpt>
      <trkpt lat="34.207440000" lon="-111.617770000">
        <ele>1471</ele>
      </trkpt>
      <trkpt lat="34.207400000" lon="-111.617740000">
        <ele>1471</ele>
      </trkpt>
      <trkpt lat="34.207410000" lon="-111.617680000">
        <ele>1471</ele>
      </trkpt>
      <trkpt lat="34.207460000" lon="-111.617700000">
        <ele>1471</ele>
      </trkpt>
      <trkpt lat="34.207520000" lon="-111.617770000">
        <ele>1471</ele>
      </trkpt>
      <trkpt lat="34.207530000" lon="-111.617870000">
        <ele>1471</ele>
      </trkpt>
      <trkpt lat="34.207500000" lon="-111.617970000">
        <ele>1471</ele>
      </trkpt>
      <trkpt lat="34.207430000" lon="-111.618010000">
        <ele>1471</ele>
      </trkpt>
      <trkpt lat="34.207310000" lon="-111.617970000">
        <ele>1471</ele>
      </trkpt>
      <trkpt lat="34.207270000" lon="-111.618240000">
        <ele>1472</ele>
      </trkpt>
      <trkpt lat="34.207180000" lon="-111.618400000">
        <ele>1473</ele>
      </trkpt>
      <trkpt lat="34.207140000" lon="-111.618520000">
        <ele>1473</ele>
      </trkpt>
      <trkpt lat="34.206950000" lon="-111.618610000">
        <ele>1474</ele>
      </trkpt>
      <trkpt lat="34.206830000" lon="-111.618590000">
        <ele>1474</ele>
      </trkpt>
      <trkpt lat="34.206740000" lon="-111.618720000">
        <ele>1475</ele>
      </trkpt>
      <trkpt lat="34.206620000" lon="-111.618740000">
        <ele>1475</ele>
      </trkpt>
      <trkpt lat="34.206600000" lon="-111.618800000">
        <ele>1476</ele>
      </trkpt>
      <trkpt lat="34.206670000" lon="-111.618870000">
        <ele>1477</ele>
      </trkpt>
      <trkpt lat="34.206640000" lon="-111.618960000">
        <ele>1477</ele>
      </trkpt>
      <trkpt lat="34.206650000" lon="-111.619020000">
        <ele>1478</ele>
      </trkpt>
      <trkpt lat="34.206430000" lon="-111.619380000">
        <ele>1483</ele>
      </trkpt>
      <trkpt lat="34.206250000" lon="-111.619490000">
        <ele>1482</ele>
      </trkpt>
      <trkpt lat="34.206210000" lon="-111.619580000">
        <ele>1483</ele>
      </trkpt>
      <trkpt lat="34.205970000" lon="-111.619670000">
        <ele>1482</ele>
      </trkpt>
      <trkpt lat="34.206000000" lon="-111.619660000">
        <ele>1482</ele>
      </trkpt>
      <trkpt lat="34.205940000" lon="-111.619750000">
        <ele>1483</ele>
      </trkpt>
      <trkpt lat="34.205870000" lon="-111.619780000">
        <ele>1483</ele>
      </trkpt>
      <trkpt lat="34.205810000" lon="-111.619940000">
        <ele>1486</ele>
      </trkpt>
      <trkpt lat="34.205550000" lon="-111.620030000">
        <ele>1485</ele>
      </trkpt>
      <trkpt lat="34.205500000" lon="-111.620120000">
        <ele>1486</ele>
      </trkpt>
      <trkpt lat="34.205500000" lon="-111.620220000">
        <ele>1487</ele>
      </trkpt>
      <trkpt lat="34.205120000" lon="-111.620850000">
        <ele>1485</ele>
      </trkpt>
      <trkpt lat="34.205030000" lon="-111.621150000">
        <ele>1485</ele>
      </trkpt>
      <trkpt lat="34.204960000" lon="-111.621260000">
        <ele>1484</ele>
      </trkpt>
      <trkpt lat="34.204980000" lon="-111.621280000">
        <ele>1485</ele>
      </trkpt>
      <trkpt lat="34.204970000" lon="-111.621320000">
        <ele>1485</ele>
      </trkpt>
      <trkpt lat="34.204870000" lon="-111.621430000">
        <ele>1484</ele>
      </trkpt>
      <trkpt lat="34.204790000" lon="-111.621580000">
        <ele>1483</ele>
      </trkpt>
      <trkpt lat="34.204690000" lon="-111.621740000">
        <ele>1483</ele>
      </trkpt>
      <trkpt lat="34.204670000" lon="-111.621790000">
        <ele>1483</ele>
      </trkpt>
      <trkpt lat="34.204870000" lon="-111.621950000">
        <ele>1484</ele>
      </trkpt>
      <trkpt lat="34.204940000" lon="-111.622310000">
        <ele>1484</ele>
      </trkpt>
      <trkpt lat="34.204880000" lon="-111.622400000">
        <ele>1484</ele>
      </trkpt>
      <trkpt lat="34.204910000" lon="-111.622570000">
        <ele>1484</ele>
      </trkpt>
      <trkpt lat="34.204750000" lon="-111.622650000">
        <ele>1484</ele>
      </trkpt>
      <trkpt lat="34.204750000" lon="-111.622680000">
        <ele>1484</ele>
      </trkpt>
      <trkpt lat="34.204650000" lon="-111.622750000">
        <ele>1483</ele>
      </trkpt>
      <trkpt lat="34.204580000" lon="-111.622850000">
        <ele>1483</ele>
      </trkpt>
      <trkpt lat="34.204610000" lon="-111.622940000">
        <ele>1483</ele>
      </trkpt>
      <trkpt lat="34.204660000" lon="-111.623010000">
        <ele>1483</ele>
      </trkpt>
      <trkpt lat="34.204770000" lon="-111.623080000">
        <ele>1483</ele>
      </trkpt>
      <trkpt lat="34.204810000" lon="-111.623140000">
        <ele>1483</ele>
      </trkpt>
      <trkpt lat="34.204860000" lon="-111.623360000">
        <ele>1482</ele>
      </trkpt>
      <trkpt lat="34.204800000" lon="-111.623590000">
        <ele>1482</ele>
      </trkpt>
      <trkpt lat="34.204810000" lon="-111.623800000">
        <ele>1482</ele>
      </trkpt>
      <trkpt lat="34.204740000" lon="-111.623880000">
        <ele>1482</ele>
      </trkpt>
      <trkpt lat="34.204650000" lon="-111.624080000">
        <ele>1481</ele>
      </trkpt>
      <trkpt lat="34.204650000" lon="-111.624110000">
        <ele>1481</ele>
      </trkpt>
      <trkpt lat="34.204700000" lon="-111.624150000">
        <ele>1480</ele>
      </trkpt>
      <trkpt lat="34.204750000" lon="-111.624160000">
        <ele>1480</ele>
      </trkpt>
      <trkpt lat="34.204830000" lon="-111.624270000">
        <ele>1479</ele>
      </trkpt>
      <trkpt lat="34.204670000" lon="-111.624630000">
        <ele>1477</ele>
      </trkpt>
      <trkpt lat="34.204660000" lon="-111.624680000">
        <ele>1477</ele>
      </trkpt>
      <trkpt lat="34.204690000" lon="-111.624820000">
        <ele>1476</ele>
      </trkpt>
      <trkpt lat="34.204660000" lon="-111.624910000">
        <ele>1476</ele>
      </trkpt>
      <trkpt lat="34.204580000" lon="-111.624960000">
        <ele>1476</ele>
      </trkpt>
      <trkpt lat="34.204360000" lon="-111.625010000">
        <ele>1475</ele>
      </trkpt>
      <trkpt lat="34.204340000" lon="-111.625050000">
        <ele>1475</ele>
      </trkpt>
      <trkpt lat="34.204350000" lon="-111.625380000">
        <ele>1473</ele>
      </trkpt>
      <trkpt lat="34.204300000" lon="-111.625630000">
        <ele>1472</ele>
      </trkpt>
      <trkpt lat="34.204280000" lon="-111.625830000">
        <ele>1470</ele>
      </trkpt>
      <trkpt lat="34.204390000" lon="-111.626220000">
        <ele>1468</ele>
      </trkpt>
      <trkpt lat="34.204290000" lon="-111.626420000">
        <ele>1466</ele>
      </trkpt>
      <trkpt lat="34.204250000" lon="-111.626450000">
        <ele>1466</ele>
      </trkpt>
      <trkpt lat="34.204200000" lon="-111.626540000">
        <ele>1465</ele>
      </trkpt>
      <trkpt lat="34.204230000" lon="-111.626650000">
        <ele>1464</ele>
      </trkpt>
      <trkpt lat="34.204210000" lon="-111.626750000">
        <ele>1464</ele>
      </trkpt>
      <trkpt lat="34.204140000" lon="-111.626850000">
        <ele>1463</ele>
      </trkpt>
      <trkpt lat="34.204060000" lon="-111.626870000">
        <ele>1463</ele>
      </trkpt>
      <trkpt lat="34.204020000" lon="-111.626910000">
        <ele>1463</ele>
      </trkpt>
      <trkpt lat="34.204000000" lon="-111.627010000">
        <ele>1462</ele>
      </trkpt>
      <trkpt lat="34.203950000" lon="-111.627100000">
        <ele>1461</ele>
      </trkpt>
      <trkpt lat="34.203860000" lon="-111.627170000">
        <ele>1460</ele>
      </trkpt>
      <trkpt lat="34.203830000" lon="-111.627230000">
        <ele>1460</ele>
      </trkpt>
      <trkpt lat="34.203750000" lon="-111.627280000">
        <ele>1459</ele>
      </trkpt>
      <trkpt lat="34.203650000" lon="-111.627510000">
        <ele>1457</ele>
      </trkpt>
      <trkpt lat="34.203640000" lon="-111.627590000">
        <ele>1456</ele>
      </trkpt>
      <trkpt lat="34.203580000" lon="-111.627710000">
        <ele>1455</ele>
      </trkpt>
      <trkpt lat="34.203580000" lon="-111.627880000">
        <ele>1454</ele>
      </trkpt>
      <trkpt lat="34.203630000" lon="-111.627900000">
        <ele>1454</ele>
      </trkpt>
      <trkpt lat="34.203720000" lon="-111.628070000">
        <ele>1453</ele>
      </trkpt>
      <trkpt lat="34.203790000" lon="-111.628120000">
        <ele>1453</ele>
      </trkpt>
      <trkpt lat="34.203940000" lon="-111.628130000">
        <ele>1453</ele>
      </trkpt>
      <trkpt lat="34.204010000" lon="-111.628190000">
        <ele>1453</ele>
      </trkpt>
      <trkpt lat="34.204080000" lon="-111.628530000">
        <ele>1453</ele>
      </trkpt>
      <trkpt lat="34.204080000" lon="-111.628760000">
        <ele>1452</ele>
      </trkpt>
      <trkpt lat="34.204010000" lon="-111.628920000">
        <ele>1451</ele>
      </trkpt>
      <trkpt lat="34.203970000" lon="-111.628920000">
        <ele>1451</ele>
      </trkpt>
      <trkpt lat="34.203910000" lon="-111.629000000">
        <ele>1451</ele>
      </trkpt>
      <trkpt lat="34.203800000" lon="-111.628970000">
        <ele>1451</ele>
      </trkpt>
      <trkpt lat="34.203770000" lon="-111.629060000">
        <ele>1450</ele>
      </trkpt>
      <trkpt lat="34.203660000" lon="-111.629170000">
        <ele>1449</ele>
      </trkpt>
      <trkpt lat="34.203660000" lon="-111.629240000">
        <ele>1448</ele>
      </trkpt>
      <trkpt lat="34.203710000" lon="-111.629360000">
        <ele>1447</ele>
      </trkpt>
      <trkpt lat="34.203700000" lon="-111.629390000">
        <ele>1447</ele>
      </trkpt>
      <trkpt lat="34.203750000" lon="-111.629350000">
        <ele>1447</ele>
      </trkpt>
      <trkpt lat="34.203800000" lon="-111.629360000">
        <ele>1447</ele>
      </trkpt>
      <trkpt lat="34.203930000" lon="-111.629470000">
        <ele>1445</ele>
      </trkpt>
      <trkpt lat="34.204040000" lon="-111.629500000">
        <ele>1445</ele>
      </trkpt>
      <trkpt lat="34.204050000" lon="-111.629540000">
        <ele>1444</ele>
      </trkpt>
      <trkpt lat="34.204080000" lon="-111.629550000">
        <ele>1444</ele>
      </trkpt>
      <trkpt lat="34.204050000" lon="-111.629620000">
        <ele>1443</ele>
      </trkpt>
      <trkpt lat="34.204070000" lon="-111.629680000">
        <ele>1442</ele>
      </trkpt>
      <trkpt lat="34.204130000" lon="-111.629680000">
        <ele>1442</ele>
      </trkpt>
      <trkpt lat="34.204200000" lon="-111.629730000">
        <ele>1440</ele>
      </trkpt>
      <trkpt lat="34.204220000" lon="-111.629770000">
        <ele>1440</ele>
      </trkpt>
      <trkpt lat="34.204230000" lon="-111.629730000">
        <ele>1440</ele>
      </trkpt>
      <trkpt lat="34.204250000" lon="-111.629720000">
        <ele>1440</ele>
      </trkpt>
      <trkpt lat="34.204360000" lon="-111.629780000">
        <ele>1438</ele>
      </trkpt>
      <trkpt lat="34.204420000" lon="-111.629860000">
        <ele>1437</ele>
      </trkpt>
      <trkpt lat="34.204450000" lon="-111.629850000">
        <ele>1437</ele>
      </trkpt>
      <trkpt lat="34.204500000" lon="-111.629890000">
        <ele>1436</ele>
      </trkpt>
      <trkpt lat="34.204600000" lon="-111.629910000">
        <ele>1434</ele>
      </trkpt>
      <trkpt lat="34.204620000" lon="-111.629880000">
        <ele>1434</ele>
      </trkpt>
      <trkpt lat="34.204760000" lon="-111.629870000">
        <ele>1432</ele>
      </trkpt>
      <trkpt lat="34.204820000" lon="-111.629910000">
        <ele>1430</ele>
      </trkpt>
      <trkpt lat="34.204940000" lon="-111.630080000">
        <ele>1427</ele>
      </trkpt>
      <trkpt lat="34.204940000" lon="-111.630250000">
        <ele>1425</ele>
      </trkpt>
      <trkpt lat="34.204960000" lon="-111.630300000">
        <ele>1424</ele>
      </trkpt>
      <trkpt lat="34.204990000" lon="-111.630310000">
        <ele>1424</ele>
      </trkpt>
      <trkpt lat="34.204940000" lon="-111.630310000">
        <ele>1424</ele>
      </trkpt>
      <trkpt lat="34.204880000" lon="-111.630410000">
        <ele>1424</ele>
      </trkpt>
      <trkpt lat="34.204850000" lon="-111.630630000">
        <ele>1422</ele>
      </trkpt>
      <trkpt lat="34.204810000" lon="-111.630710000">
        <ele>1421</ele>
      </trkpt>
      <trkpt lat="34.204840000" lon="-111.630820000">
        <ele>1418</ele>
      </trkpt>
      <trkpt lat="34.204890000" lon="-111.630840000">
        <ele>1418</ele>
      </trkpt>
      <trkpt lat="34.204920000" lon="-111.630890000">
        <ele>1416</ele>
      </trkpt>
      <trkpt lat="34.204900000" lon="-111.631050000">
        <ele>1414</ele>
      </trkpt>
      <trkpt lat="34.204910000" lon="-111.631180000">
        <ele>1412</ele>
      </trkpt>
      <trkpt lat="34.204870000" lon="-111.631230000">
        <ele>1411</ele>
      </trkpt>
      <trkpt lat="34.204870000" lon="-111.631260000">
        <ele>1411</ele>
      </trkpt>
      <trkpt lat="34.204950000" lon="-111.631350000">
        <ele>1410</ele>
      </trkpt>
      <trkpt lat="34.204890000" lon="-111.631490000">
        <ele>1409</ele>
      </trkpt>
      <trkpt lat="34.204960000" lon="-111.631610000">
        <ele>1406</ele>
      </trkpt>
      <trkpt lat="34.204870000" lon="-111.631780000">
        <ele>1406</ele>
      </trkpt>
      <trkpt lat="34.205000000" lon="-111.631930000">
        <ele>1404</ele>
      </trkpt>
      <trkpt lat="34.205040000" lon="-111.632100000">
        <ele>1403</ele>
      </trkpt>
      <trkpt lat="34.205020000" lon="-111.632170000">
        <ele>1403</ele>
      </trkpt>
      <trkpt lat="34.205060000" lon="-111.632220000">
        <ele>1403</ele>
      </trkpt>
      <trkpt lat="34.205150000" lon="-111.632250000">
        <ele>1402</ele>
      </trkpt>
      <trkpt lat="34.205190000" lon="-111.632440000">
        <ele>1402</ele>
      </trkpt>
      <trkpt lat="34.205140000" lon="-111.632610000">
        <ele>1402</ele>
      </trkpt>
      <trkpt lat="34.205050000" lon="-111.632730000">
        <ele>1402</ele>
      </trkpt>
      <trkpt lat="34.204970000" lon="-111.632710000">
        <ele>1402</ele>
      </trkpt>
      <trkpt lat="34.204870000" lon="-111.632820000">
        <ele>1401</ele>
      </trkpt>
      <trkpt lat="34.204720000" lon="-111.632870000">
        <ele>1401</ele>
      </trkpt>
      <trkpt lat="34.204530000" lon="-111.632810000">
        <ele>1402</ele>
      </trkpt>
      <trkpt lat="34.204460000" lon="-111.632840000">
        <ele>1402</ele>
      </trkpt>
      <trkpt lat="34.204310000" lon="-111.632750000">
        <ele>1403</ele>
      </trkpt>
      <trkpt lat="34.204170000" lon="-111.632800000">
        <ele>1403</ele>
      </trkpt>
      <trkpt lat="34.204160000" lon="-111.632870000">
        <ele>1402</ele>
      </trkpt>
      <trkpt lat="34.204210000" lon="-111.632990000">
        <ele>1400</ele>
      </trkpt>
      <trkpt lat="34.204290000" lon="-111.633080000">
        <ele>1399</ele>
      </trkpt>
      <trkpt lat="34.204470000" lon="-111.633190000">
        <ele>1397</ele>
      </trkpt>
      <trkpt lat="34.204460000" lon="-111.633230000">
        <ele>1396</ele>
      </trkpt>
      <trkpt lat="34.204360000" lon="-111.633300000">
        <ele>1395</ele>
      </trkpt>
      <trkpt lat="34.204350000" lon="-111.633370000">
        <ele>1394</ele>
      </trkpt>
      <trkpt lat="34.204380000" lon="-111.633440000">
        <ele>1393</ele>
      </trkpt>
      <trkpt lat="34.204480000" lon="-111.633520000">
        <ele>1391</ele>
      </trkpt>
      <trkpt lat="34.204590000" lon="-111.633720000">
        <ele>1387</ele>
      </trkpt>
      <trkpt lat="34.204550000" lon="-111.633940000">
        <ele>1382</ele>
      </trkpt>
      <trkpt lat="34.204530000" lon="-111.633960000">
        <ele>1382</ele>
      </trkpt>
      <trkpt lat="34.204460000" lon="-111.633960000">
        <ele>1381</ele>
      </trkpt>
      <trkpt lat="34.204460000" lon="-111.634000000">
        <ele>1380</ele>
      </trkpt>
      <trkpt lat="34.204600000" lon="-111.634210000">
        <ele>1377</ele>
      </trkpt>
      <trkpt lat="34.204620000" lon="-111.634240000">
        <ele>1376</ele>
      </trkpt>
      <trkpt lat="34.204610000" lon="-111.634270000">
        <ele>1376</ele>
      </trkpt>
      <trkpt lat="34.204700000" lon="-111.634450000">
        <ele>1373</ele>
      </trkpt>
      <trkpt lat="34.204660000" lon="-111.634550000">
        <ele>1371</ele>
      </trkpt>
      <trkpt lat="34.204660000" lon="-111.634620000">
        <ele>1369</ele>
      </trkpt>
      <trkpt lat="34.204710000" lon="-111.634730000">
        <ele>1366</ele>
      </trkpt>
      <trkpt lat="34.204760000" lon="-111.634760000">
        <ele>1365</ele>
      </trkpt>
      <trkpt lat="34.204800000" lon="-111.634900000">
        <ele>1364</ele>
      </trkpt>
      <trkpt lat="34.204880000" lon="-111.634980000">
        <ele>1363</ele>
      </trkpt>
      <trkpt lat="34.204890000" lon="-111.635060000">
        <ele>1363</ele>
      </trkpt>
      <trkpt lat="34.204950000" lon="-111.635070000">
        <ele>1363</ele>
      </trkpt>
      <trkpt lat="34.205010000" lon="-111.635180000">
        <ele>1362</ele>
      </trkpt>
      <trkpt lat="34.205000000" lon="-111.635340000">
        <ele>1360</ele>
      </trkpt>
      <trkpt lat="34.205040000" lon="-111.635470000">
        <ele>1356</ele>
      </trkpt>
      <trkpt lat="34.205020000" lon="-111.635540000">
        <ele>1354</ele>
      </trkpt>
      <trkpt lat="34.205070000" lon="-111.635630000">
        <ele>1353</ele>
      </trkpt>
      <trkpt lat="34.205050000" lon="-111.635700000">
        <ele>1352</ele>
      </trkpt>
      <trkpt lat="34.205120000" lon="-111.635750000">
        <ele>1352</ele>
      </trkpt>
      <trkpt lat="34.205330000" lon="-111.636070000">
        <ele>1350</ele>
      </trkpt>
      <trkpt lat="34.205340000" lon="-111.636200000">
        <ele>1346</ele>
      </trkpt>
      <trkpt lat="34.205210000" lon="-111.636540000">
        <ele>1336</ele>
      </trkpt>
      <trkpt lat="34.205230000" lon="-111.636570000">
        <ele>1336</ele>
      </trkpt>
      <trkpt lat="34.205280000" lon="-111.636590000">
        <ele>1336</ele>
      </trkpt>
      <trkpt lat="34.205360000" lon="-111.636690000">
        <ele>1335</ele>
      </trkpt>
      <trkpt lat="34.205380000" lon="-111.636680000">
        <ele>1335</ele>
      </trkpt>
      <trkpt lat="34.205430000" lon="-111.636730000">
        <ele>1335</ele>
      </trkpt>
      <trkpt lat="34.205590000" lon="-111.636970000">
        <ele>1336</ele>
      </trkpt>
      <trkpt lat="34.205590000" lon="-111.637070000">
        <ele>1335</ele>
      </trkpt>
      <trkpt lat="34.205620000" lon="-111.637210000">
        <ele>1334</ele>
      </trkpt>
      <trkpt lat="34.205590000" lon="-111.637330000">
        <ele>1332</ele>
      </trkpt>
      <trkpt lat="34.205670000" lon="-111.637610000">
        <ele>1332</ele>
      </trkpt>
      <trkpt lat="34.205670000" lon="-111.637790000">
        <ele>1329</ele>
      </trkpt>
      <trkpt lat="34.205750000" lon="-111.637950000">
        <ele>1329</ele>
      </trkpt>
      <trkpt lat="34.205730000" lon="-111.637960000">
        <ele>1328</ele>
      </trkpt>
      <trkpt lat="34.205820000" lon="-111.638060000">
        <ele>1329</ele>
      </trkpt>
      <trkpt lat="34.205800000" lon="-111.638130000">
        <ele>1327</ele>
      </trkpt>
      <trkpt lat="34.205810000" lon="-111.638170000">
        <ele>1327</ele>
      </trkpt>
      <trkpt lat="34.205910000" lon="-111.638280000">
        <ele>1328</ele>
      </trkpt>
      <trkpt lat="34.205930000" lon="-111.638380000">
        <ele>1328</ele>
      </trkpt>
      <trkpt lat="34.206040000" lon="-111.638530000">
        <ele>1328</ele>
      </trkpt>
      <trkpt lat="34.205980000" lon="-111.638690000">
        <ele>1326</ele>
      </trkpt>
      <trkpt lat="34.206020000" lon="-111.638810000">
        <ele>1325</ele>
      </trkpt>
      <trkpt lat="34.206020000" lon="-111.638940000">
        <ele>1325</ele>
      </trkpt>
      <trkpt lat="34.206080000" lon="-111.639090000">
        <ele>1325</ele>
      </trkpt>
      <trkpt lat="34.206270000" lon="-111.639110000">
        <ele>1327</ele>
      </trkpt>
      <trkpt lat="34.206310000" lon="-111.639130000">
        <ele>1327</ele>
      </trkpt>
      <trkpt lat="34.206370000" lon="-111.639070000">
        <ele>1328</ele>
      </trkpt>
      <trkpt lat="34.206420000" lon="-111.638960000">
        <ele>1329</ele>
      </trkpt>
      <trkpt lat="34.206480000" lon="-111.638940000">
        <ele>1330</ele>
      </trkpt>
      <trkpt lat="34.206560000" lon="-111.638860000">
        <ele>1331</ele>
      </trkpt>
      <trkpt lat="34.206610000" lon="-111.638780000">
        <ele>1333</ele>
      </trkpt>
      <trkpt lat="34.206650000" lon="-111.638630000">
        <ele>1335</ele>
      </trkpt>
      <trkpt lat="34.206520000" lon="-111.638620000">
        <ele>1334</ele>
      </trkpt>
      <trkpt lat="34.206480000" lon="-111.638650000">
        <ele>1333</ele>
      </trkpt>
      <trkpt lat="34.206380000" lon="-111.638500000">
        <ele>1334</ele>
      </trkpt>
      <trkpt lat="34.206390000" lon="-111.638540000">
        <ele>1334</ele>
      </trkpt>
      <trkpt lat="34.206370000" lon="-111.638610000">
        <ele>1333</ele>
      </trkpt>
      <trkpt lat="34.206280000" lon="-111.638680000">
        <ele>1330</ele>
      </trkpt>
      <trkpt lat="34.206230000" lon="-111.638670000">
        <ele>1330</ele>
      </trkpt>
      <trkpt lat="34.206210000" lon="-111.638610000">
        <ele>1330</ele>
      </trkpt>
      <trkpt lat="34.206200000" lon="-111.638530000">
        <ele>1331</ele>
      </trkpt>
      <trkpt lat="34.205950000" lon="-111.638400000">
        <ele>1328</ele>
      </trkpt>
      <trkpt lat="34.205910000" lon="-111.638280000">
        <ele>1328</ele>
      </trkpt>
      <trkpt lat="34.205820000" lon="-111.638170000">
        <ele>1327</ele>
      </trkpt>
      <trkpt lat="34.205800000" lon="-111.638070000">
        <ele>1328</ele>
      </trkpt>
      <trkpt lat="34.205780000" lon="-111.638050000">
        <ele>1328</ele>
      </trkpt>
      <trkpt lat="34.205620000" lon="-111.638030000">
        <ele>1325</ele>
      </trkpt>
      <trkpt lat="34.205460000" lon="-111.638120000">
        <ele>1321</ele>
      </trkpt>
      <trkpt lat="34.205380000" lon="-111.638130000">
        <ele>1319</ele>
      </trkpt>
      <trkpt lat="34.205180000" lon="-111.638080000">
        <ele>1316</ele>
      </trkpt>
      <trkpt lat="34.205120000" lon="-111.637870000">
        <ele>1317</ele>
      </trkpt>
      <trkpt lat="34.204980000" lon="-111.637750000">
        <ele>1316</ele>
      </trkpt>
      <trkpt lat="34.204910000" lon="-111.637770000">
        <ele>1317</ele>
      </trkpt>
      <trkpt lat="34.204910000" lon="-111.637740000">
        <ele>1317</ele>
      </trkpt>
      <trkpt lat="34.204850000" lon="-111.637680000">
        <ele>1318</ele>
      </trkpt>
      <trkpt lat="34.204880000" lon="-111.637690000">
        <ele>1317</ele>
      </trkpt>
      <trkpt lat="34.204890000" lon="-111.637730000">
        <ele>1317</ele>
      </trkpt>
      <trkpt lat="34.204830000" lon="-111.637900000">
        <ele>1316</ele>
      </trkpt>
      <trkpt lat="34.204720000" lon="-111.638030000">
        <ele>1312</ele>
      </trkpt>
      <trkpt lat="34.204640000" lon="-111.638050000">
        <ele>1311</ele>
      </trkpt>
      <trkpt lat="34.204540000" lon="-111.638190000">
        <ele>1307</ele>
      </trkpt>
      <trkpt lat="34.204300000" lon="-111.638260000">
        <ele>1305</ele>
      </trkpt>
      <trkpt lat="34.204190000" lon="-111.638270000">
        <ele>1306</ele>
      </trkpt>
      <trkpt lat="34.204120000" lon="-111.638320000">
        <ele>1305</ele>
      </trkpt>
      <trkpt lat="34.204050000" lon="-111.638330000">
        <ele>1305</ele>
      </trkpt>
      <trkpt lat="34.203990000" lon="-111.638380000">
        <ele>1304</ele>
      </trkpt>
      <trkpt lat="34.203860000" lon="-111.638420000">
        <ele>1304</ele>
      </trkpt>
      <trkpt lat="34.203770000" lon="-111.638510000">
        <ele>1302</ele>
      </trkpt>
      <trkpt lat="34.203580000" lon="-111.638440000">
        <ele>1303</ele>
      </trkpt>
      <trkpt lat="34.203560000" lon="-111.638450000">
        <ele>1303</ele>
      </trkpt>
      <trkpt lat="34.203430000" lon="-111.638590000">
        <ele>1299</ele>
      </trkpt>
      <trkpt lat="34.203350000" lon="-111.638600000">
        <ele>1299</ele>
      </trkpt>
      <trkpt lat="34.203260000" lon="-111.638530000">
        <ele>1299</ele>
      </trkpt>
      <trkpt lat="34.203140000" lon="-111.638490000">
        <ele>1299</ele>
      </trkpt>
      <trkpt lat="34.203070000" lon="-111.638420000">
        <ele>1299</ele>
      </trkpt>
      <trkpt lat="34.202940000" lon="-111.638400000">
        <ele>1298</ele>
      </trkpt>
      <trkpt lat="34.202660000" lon="-111.638280000">
        <ele>1295</ele>
      </trkpt>
      <trkpt lat="34.202540000" lon="-111.638300000">
        <ele>1293</ele>
      </trkpt>
      <trkpt lat="34.202210000" lon="-111.638170000">
        <ele>1293</ele>
      </trkpt>
      <trkpt lat="34.202030000" lon="-111.638210000">
        <ele>1291</ele>
      </trkpt>
      <trkpt lat="34.201920000" lon="-111.638190000">
        <ele>1291</ele>
      </trkpt>
      <trkpt lat="34.201790000" lon="-111.638220000">
        <ele>1291</ele>
      </trkpt>
      <trkpt lat="34.201780000" lon="-111.638160000">
        <ele>1291</ele>
      </trkpt>
      <trkpt lat="34.201680000" lon="-111.638090000">
        <ele>1292</ele>
      </trkpt>
      <trkpt lat="34.201650000" lon="-111.638190000">
        <ele>1291</ele>
      </trkpt>
      <trkpt lat="34.201660000" lon="-111.638340000">
        <ele>1292</ele>
      </trkpt>
      <trkpt lat="34.201640000" lon="-111.638360000">
        <ele>1292</ele>
      </trkpt>
      <trkpt lat="34.201570000" lon="-111.638350000">
        <ele>1292</ele>
      </trkpt>
      <trkpt lat="34.201550000" lon="-111.638470000">
        <ele>1295</ele>
      </trkpt>
      <trkpt lat="34.201470000" lon="-111.638600000">
        <ele>1301</ele>
      </trkpt>
      <trkpt lat="34.201470000" lon="-111.638710000">
        <ele>1304</ele>
      </trkpt>
      <trkpt lat="34.201420000" lon="-111.638820000">
        <ele>1305</ele>
      </trkpt>
      <trkpt lat="34.201420000" lon="-111.638890000">
        <ele>1305</ele>
      </trkpt>
      <trkpt lat="34.201350000" lon="-111.639040000">
        <ele>1307</ele>
      </trkpt>
      <trkpt lat="34.201200000" lon="-111.639220000">
        <ele>1313</ele>
      </trkpt>
      <trkpt lat="34.201100000" lon="-111.639190000">
        <ele>1314</ele>
      </trkpt>
      <trkpt lat="34.201050000" lon="-111.639220000">
        <ele>1315</ele>
      </trkpt>
      <trkpt lat="34.201000000" lon="-111.639210000">
        <ele>1315</ele>
      </trkpt>
      <trkpt lat="34.201030000" lon="-111.639370000">
        <ele>1318</ele>
      </trkpt>
      <trkpt lat="34.200970000" lon="-111.639760000">
        <ele>1324</ele>
      </trkpt>
      <trkpt lat="34.201030000" lon="-111.639980000">
        <ele>1327</ele>
      </trkpt>
      <trkpt lat="34.200970000" lon="-111.640070000">
        <ele>1327</ele>
      </trkpt>
      <trkpt lat="34.200880000" lon="-111.640400000">
        <ele>1327</ele>
      </trkpt>
      <trkpt lat="34.200900000" lon="-111.640490000">
        <ele>1327</ele>
      </trkpt>
      <trkpt lat="34.200870000" lon="-111.640510000">
        <ele>1327</ele>
      </trkpt>
      <trkpt lat="34.200750000" lon="-111.640460000">
        <ele>1328</ele>
      </trkpt>
      <trkpt lat="34.200700000" lon="-111.640490000">
        <ele>1328</ele>
      </trkpt>
      <trkpt lat="34.200620000" lon="-111.640450000">
        <ele>1329</ele>
      </trkpt>
      <trkpt lat="34.200560000" lon="-111.640590000">
        <ele>1329</ele>
      </trkpt>
      <trkpt lat="34.200480000" lon="-111.640680000">
        <ele>1330</ele>
      </trkpt>
      <trkpt lat="34.200470000" lon="-111.640720000">
        <ele>1330</ele>
      </trkpt>
      <trkpt lat="34.200540000" lon="-111.640970000">
        <ele>1329</ele>
      </trkpt>
      <trkpt lat="34.200590000" lon="-111.641000000">
        <ele>1328</ele>
      </trkpt>
      <trkpt lat="34.200640000" lon="-111.641000000">
        <ele>1327</ele>
      </trkpt>
      <trkpt lat="34.200660000" lon="-111.640980000">
        <ele>1327</ele>
      </trkpt>
      <trkpt lat="34.200670000" lon="-111.641010000">
        <ele>1326</ele>
      </trkpt>
      <trkpt lat="34.200670000" lon="-111.641190000">
        <ele>1325</ele>
      </trkpt>
      <trkpt lat="34.200610000" lon="-111.641340000">
        <ele>1323</ele>
      </trkpt>
      <trkpt lat="34.200550000" lon="-111.641390000">
        <ele>1323</ele>
      </trkpt>
      <trkpt lat="34.200550000" lon="-111.641430000">
        <ele>1322</ele>
      </trkpt>
      <trkpt lat="34.200470000" lon="-111.641460000">
        <ele>1322</ele>
      </trkpt>
      <trkpt lat="34.200440000" lon="-111.641630000">
        <ele>1320</ele>
      </trkpt>
      <trkpt lat="34.200370000" lon="-111.641650000">
        <ele>1320</ele>
      </trkpt>
      <trkpt lat="34.200320000" lon="-111.641750000">
        <ele>1319</ele>
      </trkpt>
      <trkpt lat="34.200300000" lon="-111.641800000">
        <ele>1318</ele>
      </trkpt>
      <trkpt lat="34.200330000" lon="-111.641860000">
        <ele>1317</ele>
      </trkpt>
      <trkpt lat="34.200400000" lon="-111.641890000">
        <ele>1316</ele>
      </trkpt>
      <trkpt lat="34.200420000" lon="-111.642020000">
        <ele>1315</ele>
      </trkpt>
      <trkpt lat="34.200320000" lon="-111.642240000">
        <ele>1315</ele>
      </trkpt>
      <trkpt lat="34.200280000" lon="-111.642280000">
        <ele>1315</ele>
      </trkpt>
      <trkpt lat="34.200240000" lon="-111.642410000">
        <ele>1313</ele>
      </trkpt>
      <trkpt lat="34.200200000" lon="-111.642470000">
        <ele>1312</ele>
      </trkpt>
      <trkpt lat="34.200080000" lon="-111.642470000">
        <ele>1312</ele>
      </trkpt>
      <trkpt lat="34.199990000" lon="-111.642540000">
        <ele>1310</ele>
      </trkpt>
      <trkpt lat="34.199960000" lon="-111.642600000">
        <ele>1309</ele>
      </trkpt>
      <trkpt lat="34.199780000" lon="-111.642700000">
        <ele>1306</ele>
      </trkpt>
      <trkpt lat="34.199790000" lon="-111.642750000">
        <ele>1305</ele>
      </trkpt>
      <trkpt lat="34.199620000" lon="-111.642950000">
        <ele>1301</ele>
      </trkpt>
      <trkpt lat="34.199560000" lon="-111.643050000">
        <ele>1299</ele>
      </trkpt>
      <trkpt lat="34.199390000" lon="-111.643040000">
        <ele>1298</ele>
      </trkpt>
      <trkpt lat="34.199370000" lon="-111.643140000">
        <ele>1296</ele>
      </trkpt>
      <trkpt lat="34.199220000" lon="-111.643160000">
        <ele>1296</ele>
      </trkpt>
      <trkpt lat="34.199170000" lon="-111.643120000">
        <ele>1296</ele>
      </trkpt>
      <trkpt lat="34.199020000" lon="-111.643070000">
        <ele>1294</ele>
      </trkpt>
      <trkpt lat="34.198960000" lon="-111.643000000">
        <ele>1294</ele>
      </trkpt>
      <trkpt lat="34.198890000" lon="-111.643010000">
        <ele>1292</ele>
      </trkpt>
      <trkpt lat="34.198750000" lon="-111.642880000">
        <ele>1295</ele>
      </trkpt>
      <trkpt lat="34.198690000" lon="-111.642860000">
        <ele>1295</ele>
      </trkpt>
      <trkpt lat="34.198570000" lon="-111.642970000">
        <ele>1289</ele>
      </trkpt>
      <trkpt lat="34.198630000" lon="-111.643050000">
        <ele>1285</ele>
      </trkpt>
      <trkpt lat="34.198680000" lon="-111.643060000">
        <ele>1285</ele>
      </trkpt>
      <trkpt lat="34.198690000" lon="-111.643030000">
        <ele>1287</ele>
      </trkpt>
      <trkpt lat="34.198630000" lon="-111.643090000">
        <ele>1283</ele>
      </trkpt>
      <trkpt lat="34.198530000" lon="-111.643100000">
        <ele>1283</ele>
      </trkpt>
      <trkpt lat="34.198460000" lon="-111.643070000">
        <ele>1286</ele>
      </trkpt>
      <trkpt lat="34.198430000" lon="-111.643110000">
        <ele>1284</ele>
      </trkpt>
      <trkpt lat="34.198340000" lon="-111.643110000">
        <ele>1286</ele>
      </trkpt>
      <trkpt lat="34.198270000" lon="-111.643160000">
        <ele>1286</ele>
      </trkpt>
      <trkpt lat="34.198180000" lon="-111.643160000">
        <ele>1289</ele>
      </trkpt>
      <trkpt lat="34.198100000" lon="-111.643350000">
        <ele>1289</ele>
      </trkpt>
      <trkpt lat="34.198020000" lon="-111.643390000">
        <ele>1293</ele>
      </trkpt>
      <trkpt lat="34.197920000" lon="-111.643390000">
        <ele>1298</ele>
      </trkpt>
      <trkpt lat="34.197910000" lon="-111.643370000">
        <ele>1299</ele>
      </trkpt>
      <trkpt lat="34.197890000" lon="-111.643380000">
        <ele>1299</ele>
      </trkpt>
      <trkpt lat="34.197930000" lon="-111.643480000">
        <ele>1294</ele>
      </trkpt>
      <trkpt lat="34.197920000" lon="-111.643610000">
        <ele>1288</ele>
      </trkpt>
      <trkpt lat="34.197760000" lon="-111.643820000">
        <ele>1280</ele>
      </trkpt>
      <trkpt lat="34.197770000" lon="-111.643920000">
        <ele>1276</ele>
      </trkpt>
      <trkpt lat="34.197730000" lon="-111.644010000">
        <ele>1273</ele>
      </trkpt>
      <trkpt lat="34.197740000" lon="-111.644090000">
        <ele>1270</ele>
      </trkpt>
      <trkpt lat="34.197710000" lon="-111.644160000">
        <ele>1268</ele>
      </trkpt>
      <trkpt lat="34.197730000" lon="-111.644170000">
        <ele>1267</ele>
      </trkpt>
      <trkpt lat="34.197760000" lon="-111.644300000">
        <ele>1262</ele>
      </trkpt>
      <trkpt lat="34.197880000" lon="-111.644360000">
        <ele>1259</ele>
      </trkpt>
      <trkpt lat="34.197880000" lon="-111.644400000">
        <ele>1258</ele>
      </trkpt>
      <trkpt lat="34.197820000" lon="-111.644400000">
        <ele>1259</ele>
      </trkpt>
      <trkpt lat="34.197850000" lon="-111.644460000">
        <ele>1256</ele>
      </trkpt>
      <trkpt lat="34.197830000" lon="-111.644520000">
        <ele>1255</ele>
      </trkpt>
      <trkpt lat="34.197720000" lon="-111.644580000">
        <ele>1253</ele>
      </trkpt>
      <trkpt lat="34.197650000" lon="-111.644690000">
        <ele>1250</ele>
      </trkpt>
      <trkpt lat="34.197600000" lon="-111.644650000">
        <ele>1250</ele>
      </trkpt>
      <trkpt lat="34.197510000" lon="-111.644670000">
        <ele>1248</ele>
      </trkpt>
      <trkpt lat="34.197380000" lon="-111.644790000">
        <ele>1240</ele>
      </trkpt>
      <trkpt lat="34.197210000" lon="-111.644640000">
        <ele>1245</ele>
      </trkpt>
      <trkpt lat="34.197140000" lon="-111.644500000">
        <ele>1251</ele>
      </trkpt>
      <trkpt lat="34.197100000" lon="-111.644470000">
        <ele>1253</ele>
      </trkpt>
      <trkpt lat="34.197050000" lon="-111.644530000">
        <ele>1253</ele>
      </trkpt>
      <trkpt lat="34.197000000" lon="-111.644770000">
        <ele>1249</ele>
      </trkpt>
      <trkpt lat="34.196950000" lon="-111.644810000">
        <ele>1250</ele>
      </trkpt>
      <trkpt lat="34.196910000" lon="-111.644900000">
        <ele>1250</ele>
      </trkpt>
      <trkpt lat="34.196910000" lon="-111.645050000">
        <ele>1247</ele>
      </trkpt>
      <trkpt lat="34.196950000" lon="-111.645240000">
        <ele>1242</ele>
      </trkpt>
      <trkpt lat="34.196890000" lon="-111.645380000">
        <ele>1241</ele>
      </trkpt>
      <trkpt lat="34.196950000" lon="-111.645440000">
        <ele>1238</ele>
      </trkpt>
      <trkpt lat="34.196980000" lon="-111.645580000">
        <ele>1234</ele>
      </trkpt>
      <trkpt lat="34.196970000" lon="-111.645650000">
        <ele>1232</ele>
      </trkpt>
      <trkpt lat="34.197010000" lon="-111.645730000">
        <ele>1229</ele>
      </trkpt>
      <trkpt lat="34.196980000" lon="-111.645840000">
        <ele>1226</ele>
      </trkpt>
      <trkpt lat="34.197040000" lon="-111.645920000">
        <ele>1223</ele>
      </trkpt>
      <trkpt lat="34.197050000" lon="-111.646050000">
        <ele>1220</ele>
      </trkpt>
      <trkpt lat="34.197140000" lon="-111.646140000">
        <ele>1218</ele>
      </trkpt>
      <trkpt lat="34.197120000" lon="-111.646200000">
        <ele>1216</ele>
      </trkpt>
      <trkpt lat="34.197150000" lon="-111.646190000">
        <ele>1217</ele>
      </trkpt>
      <trkpt lat="34.196990000" lon="-111.646340000">
        <ele>1211</ele>
      </trkpt>
      <trkpt lat="34.196910000" lon="-111.646370000">
        <ele>1208</ele>
      </trkpt>
      <trkpt lat="34.196880000" lon="-111.646480000">
        <ele>1203</ele>
      </trkpt>
      <trkpt lat="34.196870000" lon="-111.646450000">
        <ele>1204</ele>
      </trkpt>
      <trkpt lat="34.196790000" lon="-111.646420000">
        <ele>1205</ele>
      </trkpt>
      <trkpt lat="34.196750000" lon="-111.646420000">
        <ele>1205</ele>
      </trkpt>
      <trkpt lat="34.196640000" lon="-111.646490000">
        <ele>1203</ele>
      </trkpt>
      <trkpt lat="34.196610000" lon="-111.646490000">
        <ele>1203</ele>
      </trkpt>
      <trkpt lat="34.196600000" lon="-111.646470000">
        <ele>1205</ele>
      </trkpt>
      <trkpt lat="34.196550000" lon="-111.646520000">
        <ele>1204</ele>
      </trkpt>
      <trkpt lat="34.196440000" lon="-111.646580000">
        <ele>1206</ele>
      </trkpt>
      <trkpt lat="34.196420000" lon="-111.646630000">
        <ele>1206</ele>
      </trkpt>
      <trkpt lat="34.196430000" lon="-111.646840000">
        <ele>1201</ele>
      </trkpt>
      <trkpt lat="34.196380000" lon="-111.646920000">
        <ele>1200</ele>
      </trkpt>
      <trkpt lat="34.196370000" lon="-111.646990000">
        <ele>1199</ele>
      </trkpt>
      <trkpt lat="34.196370000" lon="-111.647090000">
        <ele>1197</ele>
      </trkpt>
      <trkpt lat="34.196400000" lon="-111.647140000">
        <ele>1196</ele>
      </trkpt>
      <trkpt lat="34.196400000" lon="-111.647200000">
        <ele>1196</ele>
      </trkpt>
      <trkpt lat="34.196340000" lon="-111.647310000">
        <ele>1196</ele>
      </trkpt>
      <trkpt lat="34.196320000" lon="-111.647320000">
        <ele>1196</ele>
      </trkpt>
      <trkpt lat="34.196290000" lon="-111.647300000">
        <ele>1195</ele>
      </trkpt>
      <trkpt lat="34.196220000" lon="-111.647350000">
        <ele>1194</ele>
      </trkpt>
      <trkpt lat="34.196220000" lon="-111.647320000">
        <ele>1194</ele>
      </trkpt>
      <trkpt lat="34.196130000" lon="-111.647300000">
        <ele>1193</ele>
      </trkpt>
      <trkpt lat="34.196030000" lon="-111.647340000">
        <ele>1191</ele>
      </trkpt>
      <trkpt lat="34.196030000" lon="-111.647440000">
        <ele>1189</ele>
      </trkpt>
      <trkpt lat="34.195850000" lon="-111.647560000">
        <ele>1183</ele>
      </trkpt>
      <trkpt lat="34.195800000" lon="-111.647560000">
        <ele>1182</ele>
      </trkpt>
      <trkpt lat="34.195620000" lon="-111.647500000">
        <ele>1184</ele>
      </trkpt>
      <trkpt lat="34.195600000" lon="-111.647520000">
        <ele>1184</ele>
      </trkpt>
      <trkpt lat="34.195560000" lon="-111.647760000">
        <ele>1178</ele>
      </trkpt>
      <trkpt lat="34.195540000" lon="-111.647770000">
        <ele>1178</ele>
      </trkpt>
      <trkpt lat="34.195460000" lon="-111.647920000">
        <ele>1174</ele>
      </trkpt>
      <trkpt lat="34.195480000" lon="-111.647890000">
        <ele>1175</ele>
      </trkpt>
      <trkpt lat="34.195480000" lon="-111.647860000">
        <ele>1176</ele>
      </trkpt>
      <trkpt lat="34.195500000" lon="-111.647860000">
        <ele>1175</ele>
      </trkpt>
      <trkpt lat="34.195450000" lon="-111.647980000">
        <ele>1173</ele>
      </trkpt>
      <trkpt lat="34.195410000" lon="-111.648000000">
        <ele>1174</ele>
      </trkpt>
      <trkpt lat="34.195410000" lon="-111.648030000">
        <ele>1174</ele>
      </trkpt>
      <trkpt lat="34.195450000" lon="-111.648060000">
        <ele>1171</ele>
      </trkpt>
      <trkpt lat="34.195460000" lon="-111.648120000">
        <ele>1169</ele>
      </trkpt>
      <trkpt lat="34.195430000" lon="-111.648180000">
        <ele>1169</ele>
      </trkpt>
      <trkpt lat="34.195330000" lon="-111.648250000">
        <ele>1172</ele>
      </trkpt>
      <trkpt lat="34.195330000" lon="-111.648370000">
        <ele>1169</ele>
      </trkpt>
      <trkpt lat="34.195390000" lon="-111.648460000">
        <ele>1164</ele>
      </trkpt>
      <trkpt lat="34.195360000" lon="-111.648480000">
        <ele>1165</ele>
      </trkpt>
      <trkpt lat="34.195390000" lon="-111.648500000">
        <ele>1164</ele>
      </trkpt>
      <trkpt lat="34.195380000" lon="-111.648540000">
        <ele>1164</ele>
      </trkpt>
      <trkpt lat="34.195310000" lon="-111.648680000">
        <ele>1166</ele>
      </trkpt>
      <trkpt lat="34.195310000" lon="-111.648780000">
        <ele>1165</ele>
      </trkpt>
      <trkpt lat="34.195270000" lon="-111.648810000">
        <ele>1166</ele>
      </trkpt>
      <trkpt lat="34.195200000" lon="-111.648950000">
        <ele>1166</ele>
      </trkpt>
      <trkpt lat="34.195220000" lon="-111.649050000">
        <ele>1163</ele>
      </trkpt>
      <trkpt lat="34.195210000" lon="-111.649110000">
        <ele>1161</ele>
      </trkpt>
      <trkpt lat="34.195100000" lon="-111.649230000">
        <ele>1162</ele>
      </trkpt>
      <trkpt lat="34.195130000" lon="-111.649320000">
        <ele>1159</ele>
      </trkpt>
      <trkpt lat="34.195090000" lon="-111.649460000">
        <ele>1158</ele>
      </trkpt>
      <trkpt lat="34.195170000" lon="-111.649680000">
        <ele>1151</ele>
      </trkpt>
      <trkpt lat="34.195160000" lon="-111.649740000">
        <ele>1151</ele>
      </trkpt>
      <trkpt lat="34.195190000" lon="-111.649820000">
        <ele>1148</ele>
      </trkpt>
      <trkpt lat="34.195220000" lon="-111.649860000">
        <ele>1147</ele>
      </trkpt>
      <trkpt lat="34.195240000" lon="-111.649800000">
        <ele>1147</ele>
      </trkpt>
      <trkpt lat="34.195340000" lon="-111.649840000">
        <ele>1145</ele>
      </trkpt>
      <trkpt lat="34.195360000" lon="-111.649880000">
        <ele>1145</ele>
      </trkpt>
      <trkpt lat="34.195360000" lon="-111.649950000">
        <ele>1144</ele>
      </trkpt>
      <trkpt lat="34.195320000" lon="-111.650040000">
        <ele>1144</ele>
      </trkpt>
      <trkpt lat="34.195320000" lon="-111.650260000">
        <ele>1143</ele>
      </trkpt>
      <trkpt lat="34.195310000" lon="-111.650330000">
        <ele>1143</ele>
      </trkpt>
      <trkpt lat="34.195290000" lon="-111.650350000">
        <ele>1143</ele>
      </trkpt>
      <trkpt lat="34.195300000" lon="-111.650410000">
        <ele>1143</ele>
      </trkpt>
      <trkpt lat="34.195220000" lon="-111.650540000">
        <ele>1142</ele>
      </trkpt>
      <trkpt lat="34.195190000" lon="-111.650570000">
        <ele>1141</ele>
      </trkpt>
      <trkpt lat="34.195070000" lon="-111.650610000">
        <ele>1140</ele>
      </trkpt>
      <trkpt lat="34.195050000" lon="-111.650690000">
        <ele>1140</ele>
      </trkpt>
      <trkpt lat="34.195010000" lon="-111.650740000">
        <ele>1139</ele>
      </trkpt>
      <trkpt lat="34.195010000" lon="-111.650710000">
        <ele>1139</ele>
      </trkpt>
      <trkpt lat="34.195020000" lon="-111.650690000">
        <ele>1140</ele>
      </trkpt>
      <trkpt lat="34.195050000" lon="-111.650690000">
        <ele>1140</ele>
      </trkpt>
      <trkpt lat="34.195150000" lon="-111.650730000">
        <ele>1140</ele>
      </trkpt>
      <trkpt lat="34.195160000" lon="-111.650760000">
        <ele>1140</ele>
      </trkpt>
      <trkpt lat="34.195270000" lon="-111.650750000">
        <ele>1141</ele>
      </trkpt>
      <trkpt lat="34.195280000" lon="-111.650690000">
        <ele>1142</ele>
      </trkpt>
      <trkpt lat="34.195250000" lon="-111.650690000">
        <ele>1141</ele>
      </trkpt>
      <trkpt lat="34.195310000" lon="-111.650720000">
        <ele>1142</ele>
      </trkpt>
      <trkpt lat="34.195310000" lon="-111.650690000">
        <ele>1142</ele>
      </trkpt>
      <trkpt lat="34.195300000" lon="-111.650720000">
        <ele>1142</ele>
      </trkpt>
      <trkpt lat="34.195250000" lon="-111.650720000">
        <ele>1141</ele>
      </trkpt>
      <trkpt lat="34.195250000" lon="-111.650590000">
        <ele>1142</ele>
      </trkpt>
      <trkpt lat="34.195220000" lon="-111.650580000">
        <ele>1141</ele>
      </trkpt>
      <trkpt lat="34.195210000" lon="-111.650500000">
        <ele>1142</ele>
      </trkpt>
      <trkpt lat="34.195080000" lon="-111.650450000">
        <ele>1142</ele>
      </trkpt>
      <trkpt lat="34.195030000" lon="-111.650400000">
        <ele>1142</ele>
      </trkpt>
      <trkpt lat="34.194990000" lon="-111.650430000">
        <ele>1142</ele>
      </trkpt>
      <trkpt lat="34.194910000" lon="-111.650550000">
        <ele>1141</ele>
      </trkpt>
      <trkpt lat="34.194880000" lon="-111.650490000">
        <ele>1141</ele>
      </trkpt>
      <trkpt lat="34.194680000" lon="-111.650420000">
        <ele>1143</ele>
      </trkpt>
      <trkpt lat="34.194690000" lon="-111.650460000">
        <ele>1142</ele>
      </trkpt>
      <trkpt lat="34.194750000" lon="-111.650470000">
        <ele>1142</ele>
      </trkpt>
      <trkpt lat="34.194790000" lon="-111.650510000">
        <ele>1141</ele>
      </trkpt>
      <trkpt lat="34.194750000" lon="-111.650550000">
        <ele>1140</ele>
      </trkpt>
      <trkpt lat="34.194640000" lon="-111.650590000">
        <ele>1140</ele>
      </trkpt>
      <trkpt lat="34.194590000" lon="-111.650640000">
        <ele>1139</ele>
      </trkpt>
      <trkpt lat="34.194480000" lon="-111.650620000">
        <ele>1139</ele>
      </trkpt>
      <trkpt lat="34.194440000" lon="-111.650660000">
        <ele>1139</ele>
      </trkpt>
      <trkpt lat="34.194410000" lon="-111.650560000">
        <ele>1140</ele>
      </trkpt>
      <trkpt lat="34.194380000" lon="-111.650560000">
        <ele>1141</ele>
      </trkpt>
      <trkpt lat="34.194410000" lon="-111.650580000">
        <ele>1140</ele>
      </trkpt>
      <trkpt lat="34.194400000" lon="-111.650640000">
        <ele>1139</ele>
      </trkpt>
      <trkpt lat="34.194360000" lon="-111.650610000">
        <ele>1140</ele>
      </trkpt>
      <trkpt lat="34.194260000" lon="-111.650600000">
        <ele>1140</ele>
      </trkpt>
      <trkpt lat="34.194070000" lon="-111.650750000">
        <ele>1138</ele>
      </trkpt>
      <trkpt lat="34.193890000" lon="-111.650800000">
        <ele>1136</ele>
      </trkpt>
      <trkpt lat="34.193650000" lon="-111.650780000">
        <ele>1137</ele>
      </trkpt>
      <trkpt lat="34.193620000" lon="-111.650730000">
        <ele>1138</ele>
      </trkpt>
      <trkpt lat="34.193590000" lon="-111.650730000">
        <ele>1139</ele>
      </trkpt>
      <trkpt lat="34.193590000" lon="-111.650760000">
        <ele>1138</ele>
      </trkpt>
      <trkpt lat="34.193530000" lon="-111.650750000">
        <ele>1139</ele>
      </trkpt>
      <trkpt lat="34.193390000" lon="-111.650660000">
        <ele>1143</ele>
      </trkpt>
      <trkpt lat="34.193340000" lon="-111.650860000">
        <ele>1143</ele>
      </trkpt>
      <trkpt lat="34.193290000" lon="-111.650880000">
        <ele>1144</ele>
      </trkpt>
      <trkpt lat="34.193250000" lon="-111.650970000">
        <ele>1146</ele>
      </trkpt>
      <trkpt lat="34.193290000" lon="-111.651090000">
        <ele>1144</ele>
      </trkpt>
      <trkpt lat="34.193270000" lon="-111.651190000">
        <ele>1145</ele>
      </trkpt>
      <trkpt lat="34.193360000" lon="-111.651360000">
        <ele>1142</ele>
      </trkpt>
      <trkpt lat="34.193300000" lon="-111.651410000">
        <ele>1144</ele>
      </trkpt>
      <trkpt lat="34.193260000" lon="-111.651530000">
        <ele>1145</ele>
      </trkpt>
      <trkpt lat="34.193230000" lon="-111.651540000">
        <ele>1146</ele>
      </trkpt>
      <trkpt lat="34.193240000" lon="-111.651630000">
        <ele>1146</ele>
      </trkpt>
      <trkpt lat="34.193170000" lon="-111.651700000">
        <ele>1148</ele>
      </trkpt>
      <trkpt lat="34.193110000" lon="-111.651900000">
        <ele>1148</ele>
      </trkpt>
      <trkpt lat="34.193040000" lon="-111.651940000">
        <ele>1149</ele>
      </trkpt>
      <trkpt lat="34.193060000" lon="-111.652000000">
        <ele>1148</ele>
      </trkpt>
      <trkpt lat="34.193060000" lon="-111.652110000">
        <ele>1146</ele>
      </trkpt>
      <trkpt lat="34.192990000" lon="-111.652310000">
        <ele>1146</ele>
      </trkpt>
      <trkpt lat="34.192990000" lon="-111.652460000">
        <ele>1147</ele>
      </trkpt>
      <trkpt lat="34.193010000" lon="-111.652560000">
        <ele>1148</ele>
      </trkpt>
      <trkpt lat="34.192960000" lon="-111.652670000">
        <ele>1152</ele>
      </trkpt>
      <trkpt lat="34.192970000" lon="-111.652730000">
        <ele>1153</ele>
      </trkpt>
      <trkpt lat="34.192930000" lon="-111.652900000">
        <ele>1155</ele>
      </trkpt>
      <trkpt lat="34.192870000" lon="-111.652930000">
        <ele>1155</ele>
      </trkpt>
      <trkpt lat="34.192830000" lon="-111.652920000">
        <ele>1155</ele>
      </trkpt>
      <trkpt lat="34.192820000" lon="-111.652940000">
        <ele>1155</ele>
      </trkpt>
      <trkpt lat="34.192730000" lon="-111.652970000">
        <ele>1155</ele>
      </trkpt>
      <trkpt lat="34.192690000" lon="-111.653030000">
        <ele>1154</ele>
      </trkpt>
      <trkpt lat="34.192680000" lon="-111.653110000">
        <ele>1153</ele>
      </trkpt>
      <trkpt lat="34.192640000" lon="-111.653140000">
        <ele>1153</ele>
      </trkpt>
      <trkpt lat="34.192610000" lon="-111.653100000">
        <ele>1154</ele>
      </trkpt>
      <trkpt lat="34.192550000" lon="-111.653090000">
        <ele>1154</ele>
      </trkpt>
      <trkpt lat="34.192510000" lon="-111.653020000">
        <ele>1156</ele>
      </trkpt>
      <trkpt lat="34.192790000" lon="-111.653300000">
        <ele>1149</ele>
      </trkpt>
      <trkpt lat="34.192830000" lon="-111.653320000">
        <ele>1149</ele>
      </trkpt>
      <trkpt lat="34.192860000" lon="-111.653290000">
        <ele>1149</ele>
      </trkpt>
      <trkpt lat="34.192840000" lon="-111.653280000">
        <ele>1150</ele>
      </trkpt>
      <trkpt lat="34.192770000" lon="-111.653360000">
        <ele>1148</ele>
      </trkpt>
      <trkpt lat="34.192730000" lon="-111.653540000">
        <ele>1146</ele>
      </trkpt>
      <trkpt lat="34.192740000" lon="-111.653630000">
        <ele>1146</ele>
      </trkpt>
      <trkpt lat="34.192570000" lon="-111.653710000">
        <ele>1146</ele>
      </trkpt>
      <trkpt lat="34.192510000" lon="-111.653630000">
        <ele>1146</ele>
      </trkpt>
      <trkpt lat="34.192480000" lon="-111.653770000">
        <ele>1146</ele>
      </trkpt>
      <trkpt lat="34.192420000" lon="-111.653790000">
        <ele>1146</ele>
      </trkpt>
      <trkpt lat="34.192370000" lon="-111.653870000">
        <ele>1146</ele>
      </trkpt>
      <trkpt lat="34.192350000" lon="-111.654100000">
        <ele>1148</ele>
      </trkpt>
      <trkpt lat="34.192220000" lon="-111.654180000">
        <ele>1148</ele>
      </trkpt>
      <trkpt lat="34.192220000" lon="-111.654220000">
        <ele>1148</ele>
      </trkpt>
      <trkpt lat="34.192140000" lon="-111.654360000">
        <ele>1148</ele>
      </trkpt>
      <trkpt lat="34.192060000" lon="-111.654390000">
        <ele>1147</ele>
      </trkpt>
      <trkpt lat="34.192040000" lon="-111.654450000">
        <ele>1147</ele>
      </trkpt>
      <trkpt lat="34.191990000" lon="-111.654470000">
        <ele>1147</ele>
      </trkpt>
      <trkpt lat="34.191970000" lon="-111.654440000">
        <ele>1147</ele>
      </trkpt>
      <trkpt lat="34.191850000" lon="-111.654410000">
        <ele>1146</ele>
      </trkpt>
      <trkpt lat="34.191780000" lon="-111.654470000">
        <ele>1146</ele>
      </trkpt>
      <trkpt lat="34.191730000" lon="-111.654560000">
        <ele>1145</ele>
      </trkpt>
      <trkpt lat="34.191730000" lon="-111.654660000">
        <ele>1144</ele>
      </trkpt>
      <trkpt lat="34.191690000" lon="-111.654750000">
        <ele>1143</ele>
      </trkpt>
      <trkpt lat="34.191550000" lon="-111.654820000">
        <ele>1142</ele>
      </trkpt>
      <trkpt lat="34.191460000" lon="-111.655000000">
        <ele>1142</ele>
      </trkpt>
      <trkpt lat="34.191360000" lon="-111.655060000">
        <ele>1144</ele>
      </trkpt>
      <trkpt lat="34.191300000" lon="-111.655190000">
        <ele>1146</ele>
      </trkpt>
      <trkpt lat="34.191130000" lon="-111.655300000">
        <ele>1149</ele>
      </trkpt>
      <trkpt lat="34.191120000" lon="-111.655400000">
        <ele>1150</ele>
      </trkpt>
      <trkpt lat="34.191060000" lon="-111.655430000">
        <ele>1150</ele>
      </trkpt>
      <trkpt lat="34.190970000" lon="-111.655560000">
        <ele>1149</ele>
      </trkpt>
      <trkpt lat="34.190880000" lon="-111.655540000">
        <ele>1148</ele>
      </trkpt>
      <trkpt lat="34.190710000" lon="-111.655610000">
        <ele>1146</ele>
      </trkpt>
      <trkpt lat="34.190680000" lon="-111.655670000">
        <ele>1145</ele>
      </trkpt>
      <trkpt lat="34.190660000" lon="-111.655660000">
        <ele>1146</ele>
      </trkpt>
      <trkpt lat="34.190640000" lon="-111.655690000">
        <ele>1145</ele>
      </trkpt>
      <trkpt lat="34.190500000" lon="-111.655730000">
        <ele>1146</ele>
      </trkpt>
      <trkpt lat="34.190450000" lon="-111.655820000">
        <ele>1146</ele>
      </trkpt>
      <trkpt lat="34.190250000" lon="-111.655900000">
        <ele>1147</ele>
      </trkpt>
      <trkpt lat="34.190160000" lon="-111.655990000">
        <ele>1146</ele>
      </trkpt>
      <trkpt lat="34.190100000" lon="-111.655990000">
        <ele>1146</ele>
      </trkpt>
      <trkpt lat="34.190080000" lon="-111.656050000">
        <ele>1146</ele>
      </trkpt>
      <trkpt lat="34.190020000" lon="-111.656100000">
        <ele>1146</ele>
      </trkpt>
      <trkpt lat="34.189970000" lon="-111.656090000">
        <ele>1146</ele>
      </trkpt>
      <trkpt lat="34.189840000" lon="-111.656140000">
        <ele>1146</ele>
      </trkpt>
      <trkpt lat="34.189780000" lon="-111.656090000">
        <ele>1147</ele>
      </trkpt>
      <trkpt lat="34.189730000" lon="-111.656080000">
        <ele>1147</ele>
      </trkpt>
      <trkpt lat="34.189670000" lon="-111.656090000">
        <ele>1147</ele>
      </trkpt>
      <trkpt lat="34.189610000" lon="-111.656170000">
        <ele>1147</ele>
      </trkpt>
      <trkpt lat="34.189470000" lon="-111.656200000">
        <ele>1147</ele>
      </trkpt>
      <trkpt lat="34.189350000" lon="-111.656150000">
        <ele>1144</ele>
      </trkpt>
      <trkpt lat="34.189320000" lon="-111.656100000">
        <ele>1143</ele>
      </trkpt>
      <trkpt lat="34.189130000" lon="-111.656030000">
        <ele>1137</ele>
      </trkpt>
      <trkpt lat="34.189100000" lon="-111.655980000">
        <ele>1136</ele>
      </trkpt>
      <trkpt lat="34.189050000" lon="-111.656040000">
        <ele>1136</ele>
      </trkpt>
      <trkpt lat="34.188930000" lon="-111.656020000">
        <ele>1132</ele>
      </trkpt>
      <trkpt lat="34.188970000" lon="-111.656070000">
        <ele>1134</ele>
      </trkpt>
      <trkpt lat="34.189010000" lon="-111.656070000">
        <ele>1135</ele>
      </trkpt>
      <trkpt lat="34.188980000" lon="-111.656070000">
        <ele>1134</ele>
      </trkpt>
      <trkpt lat="34.188990000" lon="-111.656100000">
        <ele>1135</ele>
      </trkpt>
      <trkpt lat="34.188980000" lon="-111.656080000">
        <ele>1134</ele>
      </trkpt>
      <trkpt lat="34.189000000" lon="-111.656100000">
        <ele>1135</ele>
      </trkpt>
      <trkpt lat="34.188930000" lon="-111.656020000">
        <ele>1132</ele>
      </trkpt>
      <trkpt lat="34.188870000" lon="-111.656080000">
        <ele>1130</ele>
      </trkpt>
      <trkpt lat="34.188570000" lon="-111.656210000">
        <ele>1123</ele>
      </trkpt>
      <trkpt lat="34.188480000" lon="-111.656300000">
        <ele>1122</ele>
      </trkpt>
      <trkpt lat="34.188200000" lon="-111.656340000">
        <ele>1109</ele>
      </trkpt>
      <trkpt lat="34.188050000" lon="-111.656450000">
        <ele>1107</ele>
      </trkpt>
      <trkpt lat="34.187670000" lon="-111.656300000">
        <ele>1101</ele>
      </trkpt>
      <trkpt lat="34.187150000" lon="-111.656440000">
        <ele>1090</ele>
      </trkpt>
      <trkpt lat="34.187180000" lon="-111.656520000">
        <ele>1089</ele>
      </trkpt>
      <trkpt lat="34.187170000" lon="-111.656550000">
        <ele>1088</ele>
      </trkpt>
      <trkpt lat="34.187110000" lon="-111.656560000">
        <ele>1088</ele>
      </trkpt>
      <trkpt lat="34.187050000" lon="-111.656620000">
        <ele>1086</ele>
      </trkpt>
      <trkpt lat="34.186940000" lon="-111.656560000">
        <ele>1085</ele>
      </trkpt>
      <trkpt lat="34.186920000" lon="-111.656590000">
        <ele>1084</ele>
      </trkpt>
      <trkpt lat="34.186960000" lon="-111.656660000">
        <ele>1083</ele>
      </trkpt>
      <trkpt lat="34.186950000" lon="-111.656710000">
        <ele>1081</ele>
      </trkpt>
      <trkpt lat="34.186860000" lon="-111.656750000">
        <ele>1078</ele>
      </trkpt>
      <trkpt lat="34.186690000" lon="-111.656680000">
        <ele>1075</ele>
      </trkpt>
      <trkpt lat="34.186670000" lon="-111.656730000">
        <ele>1073</ele>
      </trkpt>
      <trkpt lat="34.186620000" lon="-111.656750000">
        <ele>1072</ele>
      </trkpt>
      <trkpt lat="34.186600000" lon="-111.656790000">
        <ele>1072</ele>
      </trkpt>
      <trkpt lat="34.186580000" lon="-111.656770000">
        <ele>1072</ele>
      </trkpt>
      <trkpt lat="34.186530000" lon="-111.656800000">
        <ele>1071</ele>
      </trkpt>
      <trkpt lat="34.186510000" lon="-111.656750000">
        <ele>1071</ele>
      </trkpt>
      <trkpt lat="34.186460000" lon="-111.656820000">
        <ele>1070</ele>
      </trkpt>
      <trkpt lat="34.186460000" lon="-111.656790000">
        <ele>1070</ele>
      </trkpt>
      <trkpt lat="34.186430000" lon="-111.656790000">
        <ele>1070</ele>
      </trkpt>
      <trkpt lat="34.186410000" lon="-111.656820000">
        <ele>1070</ele>
      </trkpt>
      <trkpt lat="34.186400000" lon="-111.656750000">
        <ele>1071</ele>
      </trkpt>
      <trkpt lat="34.186360000" lon="-111.656750000">
        <ele>1071</ele>
      </trkpt>
      <trkpt lat="34.186300000" lon="-111.656770000">
        <ele>1070</ele>
      </trkpt>
      <trkpt lat="34.186230000" lon="-111.656850000">
        <ele>1068</ele>
      </trkpt>
      <trkpt lat="34.186240000" lon="-111.656930000">
        <ele>1064</ele>
      </trkpt>
      <trkpt lat="34.186160000" lon="-111.657010000">
        <ele>1061</ele>
      </trkpt>
      <trkpt lat="34.186150000" lon="-111.657130000">
        <ele>1058</ele>
      </trkpt>
      <trkpt lat="34.186060000" lon="-111.657220000">
        <ele>1055</ele>
      </trkpt>
      <trkpt lat="34.186030000" lon="-111.657300000">
        <ele>1052</ele>
      </trkpt>
      <trkpt lat="34.185990000" lon="-111.657340000">
        <ele>1049</ele>
      </trkpt>
      <trkpt lat="34.186000000" lon="-111.657370000">
        <ele>1048</ele>
      </trkpt>
      <trkpt lat="34.185910000" lon="-111.657420000">
        <ele>1045</ele>
      </trkpt>
      <trkpt lat="34.185860000" lon="-111.657430000">
        <ele>1044</ele>
      </trkpt>
      <trkpt lat="34.185820000" lon="-111.657390000">
        <ele>1045</ele>
      </trkpt>
      <trkpt lat="34.185800000" lon="-111.657400000">
        <ele>1045</ele>
      </trkpt>
      <trkpt lat="34.185750000" lon="-111.657360000">
        <ele>1045</ele>
      </trkpt>
      <trkpt lat="34.185670000" lon="-111.657390000">
        <ele>1043</ele>
      </trkpt>
      <trkpt lat="34.185610000" lon="-111.657330000">
        <ele>1043</ele>
      </trkpt>
      <trkpt lat="34.185650000" lon="-111.657380000">
        <ele>1043</ele>
      </trkpt>
      <trkpt lat="34.185660000" lon="-111.657430000">
        <ele>1041</ele>
      </trkpt>
      <trkpt lat="34.185640000" lon="-111.657450000">
        <ele>1040</ele>
      </trkpt>
      <trkpt lat="34.185630000" lon="-111.657530000">
        <ele>1039</ele>
      </trkpt>
      <trkpt lat="34.185560000" lon="-111.657590000">
        <ele>1037</ele>
      </trkpt>
      <trkpt lat="34.185540000" lon="-111.657580000">
        <ele>1037</ele>
      </trkpt>
      <trkpt lat="34.185570000" lon="-111.657620000">
        <ele>1036</ele>
      </trkpt>
      <trkpt lat="34.185550000" lon="-111.657640000">
        <ele>1036</ele>
      </trkpt>
      <trkpt lat="34.185500000" lon="-111.657650000">
        <ele>1035</ele>
      </trkpt>
      <trkpt lat="34.185500000" lon="-111.657610000">
        <ele>1035</ele>
      </trkpt>
      <trkpt lat="34.185450000" lon="-111.657630000">
        <ele>1035</ele>
      </trkpt>
      <trkpt lat="34.185460000" lon="-111.657590000">
        <ele>1035</ele>
      </trkpt>
      <trkpt lat="34.185440000" lon="-111.657580000">
        <ele>1035</ele>
      </trkpt>
      <trkpt lat="34.185410000" lon="-111.657610000">
        <ele>1034</ele>
      </trkpt>
      <trkpt lat="34.185420000" lon="-111.657630000">
        <ele>1034</ele>
      </trkpt>
      <trkpt lat="34.185400000" lon="-111.657690000">
        <ele>1033</ele>
      </trkpt>
      <trkpt lat="34.185390000" lon="-111.657670000">
        <ele>1033</ele>
      </trkpt>
      <trkpt lat="34.185370000" lon="-111.657670000">
        <ele>1033</ele>
      </trkpt>
      <trkpt lat="34.185250000" lon="-111.657730000">
        <ele>1031</ele>
      </trkpt>
      <trkpt lat="34.185230000" lon="-111.657720000">
        <ele>1031</ele>
      </trkpt>
      <trkpt lat="34.185230000" lon="-111.657700000">
        <ele>1031</ele>
      </trkpt>
      <trkpt lat="34.185180000" lon="-111.657730000">
        <ele>1030</ele>
      </trkpt>
      <trkpt lat="34.185140000" lon="-111.657710000">
        <ele>1030</ele>
      </trkpt>
      <trkpt lat="34.185150000" lon="-111.657820000">
        <ele>1029</ele>
      </trkpt>
      <trkpt lat="34.185110000" lon="-111.657940000">
        <ele>1026</ele>
      </trkpt>
      <trkpt lat="34.185080000" lon="-111.657950000">
        <ele>1026</ele>
      </trkpt>
      <trkpt lat="34.185050000" lon="-111.657820000">
        <ele>1028</ele>
      </trkpt>
      <trkpt lat="34.184950000" lon="-111.657880000">
        <ele>1027</ele>
      </trkpt>
      <trkpt lat="34.184820000" lon="-111.657920000">
        <ele>1027</ele>
      </trkpt>
      <trkpt lat="34.184790000" lon="-111.657990000">
        <ele>1026</ele>
      </trkpt>
      <trkpt lat="34.184710000" lon="-111.658060000">
        <ele>1025</ele>
      </trkpt>
      <trkpt lat="34.184660000" lon="-111.658060000">
        <ele>1025</ele>
      </trkpt>
      <trkpt lat="34.184710000" lon="-111.658200000">
        <ele>1023</ele>
      </trkpt>
      <trkpt lat="34.184750000" lon="-111.658200000">
        <ele>1023</ele>
      </trkpt>
      <trkpt lat="34.184690000" lon="-111.658200000">
        <ele>1024</ele>
      </trkpt>
      <trkpt lat="34.184680000" lon="-111.658230000">
        <ele>1023</ele>
      </trkpt>
      <trkpt lat="34.184710000" lon="-111.658340000">
        <ele>1023</ele>
      </trkpt>
      <trkpt lat="34.184650000" lon="-111.658340000">
        <ele>1023</ele>
      </trkpt>
      <trkpt lat="34.184560000" lon="-111.658370000">
        <ele>1024</ele>
      </trkpt>
      <trkpt lat="34.184650000" lon="-111.658510000">
        <ele>1023</ele>
      </trkpt>
      <trkpt lat="34.184760000" lon="-111.658540000">
        <ele>1022</ele>
      </trkpt>
      <trkpt lat="34.184770000" lon="-111.658570000">
        <ele>1021</ele>
      </trkpt>
      <trkpt lat="34.184740000" lon="-111.658620000">
        <ele>1021</ele>
      </trkpt>
      <trkpt lat="34.184660000" lon="-111.658610000">
        <ele>1022</ele>
      </trkpt>
      <trkpt lat="34.184590000" lon="-111.658630000">
        <ele>1022</ele>
      </trkpt>
      <trkpt lat="34.184570000" lon="-111.658700000">
        <ele>1022</ele>
      </trkpt>
      <trkpt lat="34.184590000" lon="-111.658730000">
        <ele>1021</ele>
      </trkpt>
      <trkpt lat="34.184540000" lon="-111.658810000">
        <ele>1021</ele>
      </trkpt>
      <trkpt lat="34.184550000" lon="-111.658960000">
        <ele>1019</ele>
      </trkpt>
      <trkpt lat="34.184580000" lon="-111.659020000">
        <ele>1018</ele>
      </trkpt>
      <trkpt lat="34.184670000" lon="-111.659120000">
        <ele>1016</ele>
      </trkpt>
      <trkpt lat="34.184600000" lon="-111.659170000">
        <ele>1016</ele>
      </trkpt>
      <trkpt lat="34.184590000" lon="-111.659240000">
        <ele>1015</ele>
      </trkpt>
      <trkpt lat="34.184630000" lon="-111.659260000">
        <ele>1015</ele>
      </trkpt>
      <trkpt lat="34.184640000" lon="-111.659320000">
        <ele>1014</ele>
      </trkpt>
      <trkpt lat="34.184660000" lon="-111.659350000">
        <ele>1013</ele>
      </trkpt>
      <trkpt lat="34.184600000" lon="-111.659510000">
        <ele>1013</ele>
      </trkpt>
      <trkpt lat="34.184570000" lon="-111.659540000">
        <ele>1013</ele>
      </trkpt>
      <trkpt lat="34.184490000" lon="-111.659520000">
        <ele>1014</ele>
      </trkpt>
      <trkpt lat="34.184470000" lon="-111.659530000">
        <ele>1014</ele>
      </trkpt>
      <trkpt lat="34.184460000" lon="-111.659500000">
        <ele>1014</ele>
      </trkpt>
      <trkpt lat="34.184550000" lon="-111.659540000">
        <ele>1013</ele>
      </trkpt>
      <trkpt lat="34.184600000" lon="-111.659630000">
        <ele>1012</ele>
      </trkpt>
      <trkpt lat="34.184550000" lon="-111.659660000">
        <ele>1013</ele>
      </trkpt>
      <trkpt lat="34.184510000" lon="-111.659800000">
        <ele>1012</ele>
      </trkpt>
      <trkpt lat="34.184530000" lon="-111.659930000">
        <ele>1012</ele>
      </trkpt>
      <trkpt lat="34.184580000" lon="-111.660010000">
        <ele>1012</ele>
      </trkpt>
      <trkpt lat="34.184600000" lon="-111.660000000">
        <ele>1012</ele>
      </trkpt>
      <trkpt lat="34.184650000" lon="-111.660030000">
        <ele>1011</ele>
      </trkpt>
      <trkpt lat="34.184650000" lon="-111.660090000">
        <ele>1011</ele>
      </trkpt>
      <trkpt lat="34.184630000" lon="-111.660140000">
        <ele>1012</ele>
      </trkpt>
      <trkpt lat="34.184580000" lon="-111.660160000">
        <ele>1012</ele>
      </trkpt>
      <trkpt lat="34.184500000" lon="-111.660130000">
        <ele>1012</ele>
      </trkpt>
      <trkpt lat="34.184390000" lon="-111.660130000">
        <ele>1013</ele>
      </trkpt>
      <trkpt lat="34.184360000" lon="-111.660150000">
        <ele>1014</ele>
      </trkpt>
      <trkpt lat="34.184350000" lon="-111.660200000">
        <ele>1014</ele>
      </trkpt>
      <trkpt lat="34.184240000" lon="-111.660220000">
        <ele>1015</ele>
      </trkpt>
      <trkpt lat="34.184190000" lon="-111.660270000">
        <ele>1016</ele>
      </trkpt>
      <trkpt lat="34.184040000" lon="-111.660320000">
        <ele>1018</ele>
      </trkpt>
      <trkpt lat="34.183980000" lon="-111.660380000">
        <ele>1019</ele>
      </trkpt>
      <trkpt lat="34.183900000" lon="-111.660360000">
        <ele>1020</ele>
      </trkpt>
      <trkpt lat="34.183880000" lon="-111.660390000">
        <ele>1020</ele>
      </trkpt>
      <trkpt lat="34.183890000" lon="-111.660480000">
        <ele>1021</ele>
      </trkpt>
      <trkpt lat="34.183930000" lon="-111.660580000">
        <ele>1021</ele>
      </trkpt>
      <trkpt lat="34.183980000" lon="-111.660620000">
        <ele>1021</ele>
      </trkpt>
      <trkpt lat="34.183980000" lon="-111.660680000">
        <ele>1022</ele>
      </trkpt>
      <trkpt lat="34.183960000" lon="-111.660730000">
        <ele>1022</ele>
      </trkpt>
      <trkpt lat="34.183840000" lon="-111.660790000">
        <ele>1024</ele>
      </trkpt>
      <trkpt lat="34.183760000" lon="-111.660810000">
        <ele>1025</ele>
      </trkpt>
      <trkpt lat="34.183720000" lon="-111.660800000">
        <ele>1025</ele>
      </trkpt>
      <trkpt lat="34.183650000" lon="-111.660930000">
        <ele>1026</ele>
      </trkpt>
      <trkpt lat="34.183540000" lon="-111.660950000">
        <ele>1026</ele>
      </trkpt>
      <trkpt lat="34.183580000" lon="-111.661020000">
        <ele>1026</ele>
      </trkpt>
      <trkpt lat="34.183530000" lon="-111.661100000">
        <ele>1027</ele>
      </trkpt>
      <trkpt lat="34.183570000" lon="-111.661210000">
        <ele>1028</ele>
      </trkpt>
      <trkpt lat="34.183550000" lon="-111.661330000">
        <ele>1030</ele>
      </trkpt>
      <trkpt lat="34.183570000" lon="-111.661440000">
        <ele>1031</ele>
      </trkpt>
      <trkpt lat="34.183570000" lon="-111.661660000">
        <ele>1035</ele>
      </trkpt>
      <trkpt lat="34.183520000" lon="-111.661800000">
        <ele>1037</ele>
      </trkpt>
      <trkpt lat="34.183500000" lon="-111.661970000">
        <ele>1037</ele>
      </trkpt>
      <trkpt lat="34.183500000" lon="-111.662030000">
        <ele>1037</ele>
      </trkpt>
      <trkpt lat="34.183540000" lon="-111.662080000">
        <ele>1037</ele>
      </trkpt>
      <trkpt lat="34.183560000" lon="-111.662170000">
        <ele>1037</ele>
      </trkpt>
      <trkpt lat="34.183600000" lon="-111.662220000">
        <ele>1036</ele>
      </trkpt>
      <trkpt lat="34.183590000" lon="-111.662280000">
        <ele>1037</ele>
      </trkpt>
      <trkpt lat="34.183560000" lon="-111.662290000">
        <ele>1037</ele>
      </trkpt>
      <trkpt lat="34.183560000" lon="-111.662330000">
        <ele>1038</ele>
      </trkpt>
      <trkpt lat="34.183660000" lon="-111.662500000">
        <ele>1037</ele>
      </trkpt>
      <trkpt lat="34.183710000" lon="-111.662450000">
        <ele>1037</ele>
      </trkpt>
      <trkpt lat="34.183830000" lon="-111.662480000">
        <ele>1036</ele>
      </trkpt>
      <trkpt lat="34.183930000" lon="-111.662670000">
        <ele>1036</ele>
      </trkpt>
      <trkpt lat="34.184040000" lon="-111.662620000">
        <ele>1036</ele>
      </trkpt>
      <trkpt lat="34.184110000" lon="-111.662640000">
        <ele>1036</ele>
      </trkpt>
      <trkpt lat="34.184130000" lon="-111.662620000">
        <ele>1036</ele>
      </trkpt>
      <trkpt lat="34.184180000" lon="-111.662650000">
        <ele>1036</ele>
      </trkpt>
      <trkpt lat="34.184200000" lon="-111.662630000">
        <ele>1036</ele>
      </trkpt>
      <trkpt lat="34.184220000" lon="-111.662650000">
        <ele>1037</ele>
      </trkpt>
      <trkpt lat="34.184200000" lon="-111.662750000">
        <ele>1037</ele>
      </trkpt>
      <trkpt lat="34.184230000" lon="-111.662640000">
        <ele>1037</ele>
      </trkpt>
      <trkpt lat="34.184350000" lon="-111.662610000">
        <ele>1037</ele>
      </trkpt>
      <trkpt lat="34.184480000" lon="-111.662750000">
        <ele>1037</ele>
      </trkpt>
      <trkpt lat="34.184580000" lon="-111.662700000">
        <ele>1038</ele>
      </trkpt>
      <trkpt lat="34.184610000" lon="-111.662630000">
        <ele>1038</ele>
      </trkpt>
      <trkpt lat="34.184640000" lon="-111.662660000">
        <ele>1038</ele>
      </trkpt>
      <trkpt lat="34.184690000" lon="-111.662660000">
        <ele>1038</ele>
      </trkpt>
      <trkpt lat="34.184710000" lon="-111.662710000">
        <ele>1038</ele>
      </trkpt>
      <trkpt lat="34.184740000" lon="-111.662710000">
        <ele>1038</ele>
      </trkpt>
      <trkpt lat="34.184820000" lon="-111.662640000">
        <ele>1038</ele>
      </trkpt>
      <trkpt lat="34.184850000" lon="-111.662570000">
        <ele>1038</ele>
      </trkpt>
      <trkpt lat="34.184880000" lon="-111.662570000">
        <ele>1038</ele>
      </trkpt>
      <trkpt lat="34.184910000" lon="-111.662530000">
        <ele>1038</ele>
      </trkpt>
      <trkpt lat="34.184960000" lon="-111.662510000">
        <ele>1038</ele>
      </trkpt>
      <trkpt lat="34.184800000" lon="-111.662640000">
        <ele>1038</ele>
      </trkpt>
      <trkpt lat="34.184780000" lon="-111.662690000">
        <ele>1038</ele>
      </trkpt>
      <trkpt lat="34.184680000" lon="-111.662730000">
        <ele>1038</ele>
      </trkpt>
      <trkpt lat="34.184660000" lon="-111.663000000">
        <ele>1036</ele>
      </trkpt>
      <trkpt lat="34.184680000" lon="-111.663060000">
        <ele>1035</ele>
      </trkpt>
      <trkpt lat="34.184720000" lon="-111.663090000">
        <ele>1034</ele>
      </trkpt>
      <trkpt lat="34.184850000" lon="-111.663000000">
        <ele>1034</ele>
      </trkpt>
      <trkpt lat="34.184880000" lon="-111.663000000">
        <ele>1034</ele>
      </trkpt>
      <trkpt lat="34.184910000" lon="-111.663030000">
        <ele>1033</ele>
      </trkpt>
      <trkpt lat="34.184920000" lon="-111.663010000">
        <ele>1033</ele>
      </trkpt>
      <trkpt lat="34.184960000" lon="-111.663030000">
        <ele>1032</ele>
      </trkpt>
      <trkpt lat="34.184930000" lon="-111.663100000">
        <ele>1031</ele>
      </trkpt>
      <trkpt lat="34.184920000" lon="-111.663200000">
        <ele>1028</ele>
      </trkpt>
      <trkpt lat="34.184850000" lon="-111.663260000">
        <ele>1027</ele>
      </trkpt>
      <trkpt lat="34.184790000" lon="-111.663360000">
        <ele>1025</ele>
      </trkpt>
      <trkpt lat="34.184730000" lon="-111.663370000">
        <ele>1026</ele>
      </trkpt>
      <trkpt lat="34.184720000" lon="-111.663430000">
        <ele>1025</ele>
      </trkpt>
      <trkpt lat="34.184680000" lon="-111.663510000">
        <ele>1024</ele>
      </trkpt>
      <trkpt lat="34.184680000" lon="-111.663550000">
        <ele>1024</ele>
      </trkpt>
      <trkpt lat="34.184610000" lon="-111.663600000">
        <ele>1024</ele>
      </trkpt>
      <trkpt lat="34.184610000" lon="-111.663660000">
        <ele>1024</ele>
      </trkpt>
      <trkpt lat="34.184660000" lon="-111.663750000">
        <ele>1022</ele>
      </trkpt>
      <trkpt lat="34.184650000" lon="-111.663810000">
        <ele>1022</ele>
      </trkpt>
      <trkpt lat="34.184690000" lon="-111.663880000">
        <ele>1020</ele>
      </trkpt>
      <trkpt lat="34.184830000" lon="-111.663920000">
        <ele>1015</ele>
      </trkpt>
      <trkpt lat="34.184900000" lon="-111.664050000">
        <ele>1008</ele>
      </trkpt>
      <trkpt lat="34.184970000" lon="-111.664080000">
        <ele>1005</ele>
      </trkpt>
      <trkpt lat="34.185050000" lon="-111.664230000">
        <ele>999</ele>
      </trkpt>
      <trkpt lat="34.185080000" lon="-111.664220000">
        <ele>998</ele>
      </trkpt>
      <trkpt lat="34.185110000" lon="-111.664350000">
        <ele>997</ele>
      </trkpt>
      <trkpt lat="34.185160000" lon="-111.664410000">
        <ele>994</ele>
      </trkpt>
      <trkpt lat="34.185180000" lon="-111.664540000">
        <ele>995</ele>
      </trkpt>
      <trkpt lat="34.185250000" lon="-111.664680000">
        <ele>993</ele>
      </trkpt>
      <trkpt lat="34.185360000" lon="-111.664740000">
        <ele>988</ele>
      </trkpt>
      <trkpt lat="34.185390000" lon="-111.664800000">
        <ele>987</ele>
      </trkpt>
      <trkpt lat="34.185370000" lon="-111.664860000">
        <ele>988</ele>
      </trkpt>
      <trkpt lat="34.185390000" lon="-111.664950000">
        <ele>986</ele>
      </trkpt>
      <trkpt lat="34.185450000" lon="-111.665030000">
        <ele>982</ele>
      </trkpt>
      <trkpt lat="34.185410000" lon="-111.665070000">
        <ele>983</ele>
      </trkpt>
      <trkpt lat="34.185380000" lon="-111.665080000">
        <ele>985</ele>
      </trkpt>
      <trkpt lat="34.185370000" lon="-111.665120000">
        <ele>985</ele>
      </trkpt>
      <trkpt lat="34.185410000" lon="-111.665160000">
        <ele>983</ele>
      </trkpt>
      <trkpt lat="34.185390000" lon="-111.665200000">
        <ele>984</ele>
      </trkpt>
      <trkpt lat="34.185430000" lon="-111.665360000">
        <ele>983</ele>
      </trkpt>
      <trkpt lat="34.185500000" lon="-111.665410000">
        <ele>982</ele>
      </trkpt>
      <trkpt lat="34.185540000" lon="-111.665410000">
        <ele>982</ele>
      </trkpt>
      <trkpt lat="34.185610000" lon="-111.665370000">
        <ele>980</ele>
      </trkpt>
      <trkpt lat="34.185690000" lon="-111.665290000">
        <ele>977</ele>
      </trkpt>
      <trkpt lat="34.185810000" lon="-111.665340000">
        <ele>978</ele>
      </trkpt>
      <trkpt lat="34.185910000" lon="-111.665350000">
        <ele>978</ele>
      </trkpt>
      <trkpt lat="34.186000000" lon="-111.665510000">
        <ele>978</ele>
      </trkpt>
      <trkpt lat="34.186070000" lon="-111.665530000">
        <ele>977</ele>
      </trkpt>
      <trkpt lat="34.186100000" lon="-111.665580000">
        <ele>976</ele>
      </trkpt>
      <trkpt lat="34.186170000" lon="-111.665640000">
        <ele>975</ele>
      </trkpt>
      <trkpt lat="34.186200000" lon="-111.665710000">
        <ele>975</ele>
      </trkpt>
      <trkpt lat="34.186320000" lon="-111.665790000">
        <ele>976</ele>
      </trkpt>
      <trkpt lat="34.186370000" lon="-111.665860000">
        <ele>977</ele>
      </trkpt>
      <trkpt lat="34.186420000" lon="-111.665840000">
        <ele>977</ele>
      </trkpt>
      <trkpt lat="34.186590000" lon="-111.665900000">
        <ele>977</ele>
      </trkpt>
      <trkpt lat="34.186650000" lon="-111.665940000">
        <ele>977</ele>
      </trkpt>
      <trkpt lat="34.186720000" lon="-111.665950000">
        <ele>976</ele>
      </trkpt>
      <trkpt lat="34.186800000" lon="-111.666050000">
        <ele>975</ele>
      </trkpt>
      <trkpt lat="34.186900000" lon="-111.666100000">
        <ele>973</ele>
      </trkpt>
      <trkpt lat="34.187020000" lon="-111.666100000">
        <ele>970</ele>
      </trkpt>
      <trkpt lat="34.187140000" lon="-111.666130000">
        <ele>966</ele>
      </trkpt>
      <trkpt lat="34.187180000" lon="-111.666190000">
        <ele>965</ele>
      </trkpt>
      <trkpt lat="34.187230000" lon="-111.666210000">
        <ele>963</ele>
      </trkpt>
      <trkpt lat="34.187350000" lon="-111.666440000">
        <ele>964</ele>
      </trkpt>
      <trkpt lat="34.187420000" lon="-111.666510000">
        <ele>963</ele>
      </trkpt>
      <trkpt lat="34.187430000" lon="-111.666630000">
        <ele>964</ele>
      </trkpt>
      <trkpt lat="34.187540000" lon="-111.666840000">
        <ele>964</ele>
      </trkpt>
      <trkpt lat="34.187640000" lon="-111.666850000">
        <ele>963</ele>
      </trkpt>
      <trkpt lat="34.187700000" lon="-111.666980000">
        <ele>964</ele>
      </trkpt>
      <trkpt lat="34.187780000" lon="-111.667070000">
        <ele>964</ele>
      </trkpt>
      <trkpt lat="34.187840000" lon="-111.667060000">
        <ele>963</ele>
      </trkpt>
      <trkpt lat="34.187930000" lon="-111.667090000">
        <ele>962</ele>
      </trkpt>
      <trkpt lat="34.187990000" lon="-111.667200000">
        <ele>961</ele>
      </trkpt>
      <trkpt lat="34.188110000" lon="-111.667590000">
        <ele>956</ele>
      </trkpt>
      <trkpt lat="34.188100000" lon="-111.667710000">
        <ele>955</ele>
      </trkpt>
      <trkpt lat="34.188030000" lon="-111.667890000">
        <ele>954</ele>
      </trkpt>
      <trkpt lat="34.187900000" lon="-111.668030000">
        <ele>955</ele>
      </trkpt>
      <trkpt lat="34.187770000" lon="-111.668340000">
        <ele>957</ele>
      </trkpt>
      <trkpt lat="34.187710000" lon="-111.668380000">
        <ele>957</ele>
      </trkpt>
      <trkpt lat="34.187600000" lon="-111.668510000">
        <ele>957</ele>
      </trkpt>
      <trkpt lat="34.187570000" lon="-111.668470000">
        <ele>957</ele>
      </trkpt>
      <trkpt lat="34.187460000" lon="-111.668500000">
        <ele>957</ele>
      </trkpt>
      <trkpt lat="34.187450000" lon="-111.668600000">
        <ele>955</ele>
      </trkpt>
      <trkpt lat="34.187510000" lon="-111.668770000">
        <ele>952</ele>
      </trkpt>
      <trkpt lat="34.187400000" lon="-111.668790000">
        <ele>951</ele>
      </trkpt>
      <trkpt lat="34.187370000" lon="-111.668850000">
        <ele>949</ele>
      </trkpt>
      <trkpt lat="34.187380000" lon="-111.668910000">
        <ele>947</ele>
      </trkpt>
      <trkpt lat="34.187350000" lon="-111.669010000">
        <ele>943</ele>
      </trkpt>
      <trkpt lat="34.187170000" lon="-111.669070000">
        <ele>944</ele>
      </trkpt>
      <trkpt lat="34.187080000" lon="-111.669060000">
        <ele>947</ele>
      </trkpt>
      <trkpt lat="34.187060000" lon="-111.669090000">
        <ele>947</ele>
      </trkpt>
      <trkpt lat="34.187090000" lon="-111.669180000">
        <ele>948</ele>
      </trkpt>
      <trkpt lat="34.187180000" lon="-111.669260000">
        <ele>947</ele>
      </trkpt>
      <trkpt lat="34.187220000" lon="-111.669400000">
        <ele>949</ele>
      </trkpt>
      <trkpt lat="34.187190000" lon="-111.669520000">
        <ele>951</ele>
      </trkpt>
      <trkpt lat="34.187210000" lon="-111.669750000">
        <ele>953</ele>
      </trkpt>
      <trkpt lat="34.187190000" lon="-111.669820000">
        <ele>954</ele>
      </trkpt>
      <trkpt lat="34.187210000" lon="-111.669960000">
        <ele>955</ele>
      </trkpt>
      <trkpt lat="34.187190000" lon="-111.670050000">
        <ele>956</ele>
      </trkpt>
      <trkpt lat="34.187350000" lon="-111.670510000">
        <ele>954</ele>
      </trkpt>
      <trkpt lat="34.187360000" lon="-111.670650000">
        <ele>953</ele>
      </trkpt>
      <trkpt lat="34.187260000" lon="-111.670800000">
        <ele>955</ele>
      </trkpt>
      <trkpt lat="34.187220000" lon="-111.670980000">
        <ele>955</ele>
      </trkpt>
      <trkpt lat="34.187120000" lon="-111.671190000">
        <ele>956</ele>
      </trkpt>
      <trkpt lat="34.187130000" lon="-111.671280000">
        <ele>955</ele>
      </trkpt>
      <trkpt lat="34.187050000" lon="-111.671510000">
        <ele>956</ele>
      </trkpt>
      <trkpt lat="34.187030000" lon="-111.671670000">
        <ele>954</ele>
      </trkpt>
      <trkpt lat="34.186990000" lon="-111.671750000">
        <ele>954</ele>
      </trkpt>
      <trkpt lat="34.186990000" lon="-111.671790000">
        <ele>953</ele>
      </trkpt>
      <trkpt lat="34.186870000" lon="-111.671870000">
        <ele>952</ele>
      </trkpt>
      <trkpt lat="34.186810000" lon="-111.671890000">
        <ele>951</ele>
      </trkpt>
      <trkpt lat="34.186770000" lon="-111.671930000">
        <ele>950</ele>
      </trkpt>
      <trkpt lat="34.186580000" lon="-111.672020000">
        <ele>949</ele>
      </trkpt>
      <trkpt lat="34.186530000" lon="-111.672100000">
        <ele>948</ele>
      </trkpt>
      <trkpt lat="34.186470000" lon="-111.672110000">
        <ele>948</ele>
      </trkpt>
      <trkpt lat="34.186420000" lon="-111.672180000">
        <ele>946</ele>
      </trkpt>
      <trkpt lat="34.186360000" lon="-111.672230000">
        <ele>946</ele>
      </trkpt>
      <trkpt lat="34.186320000" lon="-111.672340000">
        <ele>943</ele>
      </trkpt>
      <trkpt lat="34.186230000" lon="-111.672320000">
        <ele>944</ele>
      </trkpt>
      <trkpt lat="34.186230000" lon="-111.672350000">
        <ele>944</ele>
      </trkpt>
      <trkpt lat="34.186130000" lon="-111.672410000">
        <ele>943</ele>
      </trkpt>
      <trkpt lat="34.186100000" lon="-111.672410000">
        <ele>943</ele>
      </trkpt>
      <trkpt lat="34.186020000" lon="-111.672460000">
        <ele>943</ele>
      </trkpt>
      <trkpt lat="34.185980000" lon="-111.672460000">
        <ele>943</ele>
      </trkpt>
      <trkpt lat="34.185960000" lon="-111.672480000">
        <ele>943</ele>
      </trkpt>
      <trkpt lat="34.185960000" lon="-111.672560000">
        <ele>941</ele>
      </trkpt>
      <trkpt lat="34.185670000" lon="-111.672900000">
        <ele>938</ele>
      </trkpt>
      <trkpt lat="34.185570000" lon="-111.672920000">
        <ele>939</ele>
      </trkpt>
      <trkpt lat="34.185550000" lon="-111.673020000">
        <ele>940</ele>
      </trkpt>
      <trkpt lat="34.185550000" lon="-111.672990000">
        <ele>940</ele>
      </trkpt>
      <trkpt lat="34.185570000" lon="-111.673050000">
        <ele>940</ele>
      </trkpt>
      <trkpt lat="34.185610000" lon="-111.673060000">
        <ele>939</ele>
      </trkpt>
      <trkpt lat="34.185620000" lon="-111.673120000">
        <ele>940</ele>
      </trkpt>
      <trkpt lat="34.185610000" lon="-111.673380000">
        <ele>942</ele>
      </trkpt>
      <trkpt lat="34.185550000" lon="-111.673470000">
        <ele>944</ele>
      </trkpt>
      <trkpt lat="34.185460000" lon="-111.673690000">
        <ele>947</ele>
      </trkpt>
      <trkpt lat="34.185470000" lon="-111.673760000">
        <ele>946</ele>
      </trkpt>
      <trkpt lat="34.185530000" lon="-111.673800000">
        <ele>945</ele>
      </trkpt>
      <trkpt lat="34.185430000" lon="-111.673820000">
        <ele>947</ele>
      </trkpt>
      <trkpt lat="34.185380000" lon="-111.674050000">
        <ele>945</ele>
      </trkpt>
      <trkpt lat="34.185280000" lon="-111.674170000">
        <ele>944</ele>
      </trkpt>
      <trkpt lat="34.185140000" lon="-111.674240000">
        <ele>944</ele>
      </trkpt>
      <trkpt lat="34.184910000" lon="-111.674620000">
        <ele>937</ele>
      </trkpt>
      <trkpt lat="34.184840000" lon="-111.674670000">
        <ele>937</ele>
      </trkpt>
      <trkpt lat="34.184650000" lon="-111.674720000">
        <ele>939</ele>
      </trkpt>
      <trkpt lat="34.184600000" lon="-111.674830000">
        <ele>939</ele>
      </trkpt>
      <trkpt lat="34.184580000" lon="-111.674970000">
        <ele>939</ele>
      </trkpt>
      <trkpt lat="34.184490000" lon="-111.675040000">
        <ele>940</ele>
      </trkpt>
      <trkpt lat="34.184460000" lon="-111.675110000">
        <ele>940</ele>
      </trkpt>
      <trkpt lat="34.184380000" lon="-111.675150000">
        <ele>941</ele>
      </trkpt>
      <trkpt lat="34.184340000" lon="-111.675250000">
        <ele>940</ele>
      </trkpt>
      <trkpt lat="34.184210000" lon="-111.675400000">
        <ele>939</ele>
      </trkpt>
      <trkpt lat="34.184040000" lon="-111.675500000">
        <ele>941</ele>
      </trkpt>
      <trkpt lat="34.183980000" lon="-111.675660000">
        <ele>941</ele>
      </trkpt>
      <trkpt lat="34.183950000" lon="-111.675670000">
        <ele>941</ele>
      </trkpt>
      <trkpt lat="34.183810000" lon="-111.675840000">
        <ele>940</ele>
      </trkpt>
      <trkpt lat="34.183560000" lon="-111.676030000">
        <ele>939</ele>
      </trkpt>
      <trkpt lat="34.183480000" lon="-111.676120000">
        <ele>937</ele>
      </trkpt>
      <trkpt lat="34.183450000" lon="-111.676130000">
        <ele>938</ele>
      </trkpt>
      <trkpt lat="34.183300000" lon="-111.676240000">
        <ele>937</ele>
      </trkpt>
      <trkpt lat="34.183190000" lon="-111.676510000">
        <ele>933</ele>
      </trkpt>
      <trkpt lat="34.183070000" lon="-111.676610000">
        <ele>934</ele>
      </trkpt>
      <trkpt lat="34.182840000" lon="-111.676890000">
        <ele>934</ele>
      </trkpt>
      <trkpt lat="34.182730000" lon="-111.677200000">
        <ele>932</ele>
      </trkpt>
      <trkpt lat="34.182660000" lon="-111.677300000">
        <ele>932</ele>
      </trkpt>
      <trkpt lat="34.182640000" lon="-111.677390000">
        <ele>931</ele>
      </trkpt>
      <trkpt lat="34.182450000" lon="-111.677700000">
        <ele>927</ele>
      </trkpt>
      <trkpt lat="34.182330000" lon="-111.677810000">
        <ele>926</ele>
      </trkpt>
      <trkpt lat="34.182280000" lon="-111.678010000">
        <ele>924</ele>
      </trkpt>
      <trkpt lat="34.182220000" lon="-111.678080000">
        <ele>924</ele>
      </trkpt>
      <trkpt lat="34.182240000" lon="-111.678150000">
        <ele>923</ele>
      </trkpt>
      <trkpt lat="34.182210000" lon="-111.678190000">
        <ele>923</ele>
      </trkpt>
      <trkpt lat="34.182230000" lon="-111.678300000">
        <ele>920</ele>
      </trkpt>
      <trkpt lat="34.182220000" lon="-111.678360000">
        <ele>920</ele>
      </trkpt>
      <trkpt lat="34.182150000" lon="-111.678420000">
        <ele>919</ele>
      </trkpt>
      <trkpt lat="34.182100000" lon="-111.678400000">
        <ele>919</ele>
      </trkpt>
      <trkpt lat="34.182080000" lon="-111.678410000">
        <ele>919</ele>
      </trkpt>
      <trkpt lat="34.181960000" lon="-111.678520000">
        <ele>918</ele>
      </trkpt>
      <trkpt lat="34.181940000" lon="-111.678600000">
        <ele>917</ele>
      </trkpt>
      <trkpt lat="34.181870000" lon="-111.678720000">
        <ele>915</ele>
      </trkpt>
      <trkpt lat="34.181790000" lon="-111.678760000">
        <ele>915</ele>
      </trkpt>
      <trkpt lat="34.181770000" lon="-111.678900000">
        <ele>915</ele>
      </trkpt>
      <trkpt lat="34.181690000" lon="-111.679100000">
        <ele>916</ele>
      </trkpt>
      <trkpt lat="34.181650000" lon="-111.679150000">
        <ele>917</ele>
      </trkpt>
      <trkpt lat="34.181570000" lon="-111.679150000">
        <ele>918</ele>
      </trkpt>
      <trkpt lat="34.181410000" lon="-111.679340000">
        <ele>919</ele>
      </trkpt>
      <trkpt lat="34.181360000" lon="-111.679370000">
        <ele>920</ele>
      </trkpt>
      <trkpt lat="34.181340000" lon="-111.679410000">
        <ele>920</ele>
      </trkpt>
      <trkpt lat="34.181360000" lon="-111.679440000">
        <ele>919</ele>
      </trkpt>
      <trkpt lat="34.181340000" lon="-111.679540000">
        <ele>919</ele>
      </trkpt>
      <trkpt lat="34.181260000" lon="-111.679680000">
        <ele>920</ele>
      </trkpt>
      <trkpt lat="34.181210000" lon="-111.679710000">
        <ele>920</ele>
      </trkpt>
      <trkpt lat="34.181140000" lon="-111.679850000">
        <ele>920</ele>
      </trkpt>
      <trkpt lat="34.180970000" lon="-111.679960000">
        <ele>920</ele>
      </trkpt>
      <trkpt lat="34.180950000" lon="-111.680010000">
        <ele>920</ele>
      </trkpt>
      <trkpt lat="34.180870000" lon="-111.680050000">
        <ele>920</ele>
      </trkpt>
      <trkpt lat="34.180870000" lon="-111.680090000">
        <ele>919</ele>
      </trkpt>
      <trkpt lat="34.180810000" lon="-111.680090000">
        <ele>920</ele>
      </trkpt>
      <trkpt lat="34.180730000" lon="-111.680230000">
        <ele>918</ele>
      </trkpt>
      <trkpt lat="34.180660000" lon="-111.680250000">
        <ele>919</ele>
      </trkpt>
      <trkpt lat="34.180520000" lon="-111.680380000">
        <ele>919</ele>
      </trkpt>
      <trkpt lat="34.180320000" lon="-111.680430000">
        <ele>921</ele>
      </trkpt>
      <trkpt lat="34.180260000" lon="-111.680490000">
        <ele>921</ele>
      </trkpt>
      <trkpt lat="34.180010000" lon="-111.680600000">
        <ele>920</ele>
      </trkpt>
      <trkpt lat="34.179980000" lon="-111.680660000">
        <ele>919</ele>
      </trkpt>
      <trkpt lat="34.179930000" lon="-111.680670000">
        <ele>919</ele>
      </trkpt>
      <trkpt lat="34.179770000" lon="-111.680760000">
        <ele>919</ele>
      </trkpt>
      <trkpt lat="34.179720000" lon="-111.680760000">
        <ele>919</ele>
      </trkpt>
      <trkpt lat="34.179690000" lon="-111.680820000">
        <ele>918</ele>
      </trkpt>
      <trkpt lat="34.179580000" lon="-111.680910000">
        <ele>919</ele>
      </trkpt>
      <trkpt lat="34.179480000" lon="-111.680890000">
        <ele>921</ele>
      </trkpt>
      <trkpt lat="34.179340000" lon="-111.681320000">
        <ele>920</ele>
      </trkpt>
      <trkpt lat="34.179260000" lon="-111.681430000">
        <ele>919</ele>
      </trkpt>
      <trkpt lat="34.179140000" lon="-111.681510000">
        <ele>920</ele>
      </trkpt>
      <trkpt lat="34.179080000" lon="-111.681640000">
        <ele>921</ele>
      </trkpt>
      <trkpt lat="34.179060000" lon="-111.681780000">
        <ele>921</ele>
      </trkpt>
      <trkpt lat="34.179100000" lon="-111.681970000">
        <ele>921</ele>
      </trkpt>
      <trkpt lat="34.179070000" lon="-111.682110000">
        <ele>922</ele>
      </trkpt>
      <trkpt lat="34.179010000" lon="-111.682190000">
        <ele>924</ele>
      </trkpt>
      <trkpt lat="34.178920000" lon="-111.682530000">
        <ele>927</ele>
      </trkpt>
      <trkpt lat="34.178910000" lon="-111.682680000">
        <ele>928</ele>
      </trkpt>
      <trkpt lat="34.178860000" lon="-111.682800000">
        <ele>927</ele>
      </trkpt>
      <trkpt lat="34.178880000" lon="-111.682950000">
        <ele>927</ele>
      </trkpt>
      <trkpt lat="34.178860000" lon="-111.683050000">
        <ele>927</ele>
      </trkpt>
      <trkpt lat="34.178850000" lon="-111.683080000">
        <ele>926</ele>
      </trkpt>
      <trkpt lat="34.178730000" lon="-111.683170000">
        <ele>926</ele>
      </trkpt>
      <trkpt lat="34.178700000" lon="-111.683160000">
        <ele>926</ele>
      </trkpt>
      <trkpt lat="34.178780000" lon="-111.683240000">
        <ele>926</ele>
      </trkpt>
      <trkpt lat="34.178790000" lon="-111.683300000">
        <ele>925</ele>
      </trkpt>
      <trkpt lat="34.178700000" lon="-111.683300000">
        <ele>926</ele>
      </trkpt>
      <trkpt lat="34.178660000" lon="-111.683350000">
        <ele>925</ele>
      </trkpt>
      <trkpt lat="34.178640000" lon="-111.683480000">
        <ele>925</ele>
      </trkpt>
      <trkpt lat="34.178420000" lon="-111.683510000">
        <ele>925</ele>
      </trkpt>
      <trkpt lat="34.178340000" lon="-111.683570000">
        <ele>925</ele>
      </trkpt>
      <trkpt lat="34.178270000" lon="-111.683680000">
        <ele>924</ele>
      </trkpt>
      <trkpt lat="34.178250000" lon="-111.683780000">
        <ele>923</ele>
      </trkpt>
      <trkpt lat="34.178160000" lon="-111.683920000">
        <ele>923</ele>
      </trkpt>
      <trkpt lat="34.178070000" lon="-111.684180000">
        <ele>920</ele>
      </trkpt>
      <trkpt lat="34.177990000" lon="-111.684240000">
        <ele>920</ele>
      </trkpt>
      <trkpt lat="34.177930000" lon="-111.684360000">
        <ele>919</ele>
      </trkpt>
      <trkpt lat="34.177780000" lon="-111.684440000">
        <ele>919</ele>
      </trkpt>
      <trkpt lat="34.177680000" lon="-111.684470000">
        <ele>919</ele>
      </trkpt>
      <trkpt lat="34.177630000" lon="-111.684530000">
        <ele>918</ele>
      </trkpt>
      <trkpt lat="34.177610000" lon="-111.684660000">
        <ele>917</ele>
      </trkpt>
      <trkpt lat="34.177510000" lon="-111.684780000">
        <ele>917</ele>
      </trkpt>
      <trkpt lat="34.177470000" lon="-111.684810000">
        <ele>916</ele>
      </trkpt>
      <trkpt lat="34.177450000" lon="-111.684760000">
        <ele>917</ele>
      </trkpt>
      <trkpt lat="34.177350000" lon="-111.684840000">
        <ele>917</ele>
      </trkpt>
      <trkpt lat="34.177290000" lon="-111.684940000">
        <ele>916</ele>
      </trkpt>
      <trkpt lat="34.177210000" lon="-111.685000000">
        <ele>916</ele>
      </trkpt>
      <trkpt lat="34.177150000" lon="-111.685190000">
        <ele>916</ele>
      </trkpt>
      <trkpt lat="34.177070000" lon="-111.685260000">
        <ele>916</ele>
      </trkpt>
      <trkpt lat="34.176950000" lon="-111.685490000">
        <ele>915</ele>
      </trkpt>
      <trkpt lat="34.176960000" lon="-111.685560000">
        <ele>915</ele>
      </trkpt>
      <trkpt lat="34.176930000" lon="-111.685660000">
        <ele>914</ele>
      </trkpt>
      <trkpt lat="34.176990000" lon="-111.685810000">
        <ele>914</ele>
      </trkpt>
      <trkpt lat="34.176990000" lon="-111.685850000">
        <ele>914</ele>
      </trkpt>
      <trkpt lat="34.176890000" lon="-111.685930000">
        <ele>913</ele>
      </trkpt>
      <trkpt lat="34.176810000" lon="-111.686080000">
        <ele>913</ele>
      </trkpt>
      <trkpt lat="34.176720000" lon="-111.686140000">
        <ele>913</ele>
      </trkpt>
      <trkpt lat="34.176870000" lon="-111.685920000">
        <ele>913</ele>
      </trkpt>
      <trkpt lat="34.176990000" lon="-111.685930000">
        <ele>914</ele>
      </trkpt>
      <trkpt lat="34.176900000" lon="-111.685900000">
        <ele>914</ele>
      </trkpt>
      <trkpt lat="34.176720000" lon="-111.685920000">
        <ele>914</ele>
      </trkpt>
      <trkpt lat="34.176670000" lon="-111.685910000">
        <ele>914</ele>
      </trkpt>
      <trkpt lat="34.176610000" lon="-111.685930000">
        <ele>914</ele>
      </trkpt>
      <trkpt lat="34.176530000" lon="-111.685920000">
        <ele>914</ele>
      </trkpt>
      <trkpt lat="34.176550000" lon="-111.685950000">
        <ele>914</ele>
      </trkpt>
      <trkpt lat="34.176650000" lon="-111.685960000">
        <ele>914</ele>
      </trkpt>
      <trkpt lat="34.176690000" lon="-111.685910000">
        <ele>914</ele>
      </trkpt>
      <trkpt lat="34.176780000" lon="-111.685880000">
        <ele>914</ele>
      </trkpt>
      <trkpt lat="34.176870000" lon="-111.685900000">
        <ele>914</ele>
      </trkpt>
      <trkpt lat="34.177120000" lon="-111.686000000">
        <ele>913</ele>
      </trkpt>
      <trkpt lat="34.177210000" lon="-111.685990000">
        <ele>913</ele>
      </trkpt>
      <trkpt lat="34.177310000" lon="-111.686040000">
        <ele>913</ele>
      </trkpt>
      <trkpt lat="34.177550000" lon="-111.686340000">
        <ele>911</ele>
      </trkpt>
      <trkpt lat="34.177920000" lon="-111.686540000">
        <ele>910</ele>
      </trkpt>
      <trkpt lat="34.178110000" lon="-111.686850000">
        <ele>907</ele>
      </trkpt>
      <trkpt lat="34.178310000" lon="-111.686970000">
        <ele>905</ele>
      </trkpt>
      <trkpt lat="34.178580000" lon="-111.687240000">
        <ele>903</ele>
      </trkpt>
      <trkpt lat="34.178710000" lon="-111.687300000">
        <ele>902</ele>
      </trkpt>
      <trkpt lat="34.178850000" lon="-111.687430000">
        <ele>902</ele>
      </trkpt>
      <trkpt lat="34.179020000" lon="-111.687500000">
        <ele>903</ele>
      </trkpt>
      <trkpt lat="34.179260000" lon="-111.687780000">
        <ele>903</ele>
      </trkpt>
      <trkpt lat="34.179260000" lon="-111.687870000">
        <ele>902</ele>
      </trkpt>
      <trkpt lat="34.179300000" lon="-111.687860000">
        <ele>903</ele>
      </trkpt>
      <trkpt lat="34.179290000" lon="-111.687830000">
        <ele>903</ele>
      </trkpt>
      <trkpt lat="34.179330000" lon="-111.687820000">
        <ele>903</ele>
      </trkpt>
      <trkpt lat="34.179340000" lon="-111.687850000">
        <ele>903</ele>
      </trkpt>
      <trkpt lat="34.179460000" lon="-111.687880000">
        <ele>904</ele>
      </trkpt>
      <trkpt lat="34.179570000" lon="-111.687940000">
        <ele>904</ele>
      </trkpt>
      <trkpt lat="34.179730000" lon="-111.687940000">
        <ele>905</ele>
      </trkpt>
      <trkpt lat="34.179830000" lon="-111.688010000">
        <ele>905</ele>
      </trkpt>
      <trkpt lat="34.179920000" lon="-111.687990000">
        <ele>905</ele>
      </trkpt>
      <trkpt lat="34.179970000" lon="-111.688000000">
        <ele>905</ele>
      </trkpt>
      <trkpt lat="34.180360000" lon="-111.688170000">
        <ele>903</ele>
      </trkpt>
      <trkpt lat="34.180370000" lon="-111.688200000">
        <ele>903</ele>
      </trkpt>
      <trkpt lat="34.180480000" lon="-111.688260000">
        <ele>901</ele>
      </trkpt>
      <trkpt lat="34.180640000" lon="-111.688230000">
        <ele>900</ele>
      </trkpt>
      <trkpt lat="34.180690000" lon="-111.688270000">
        <ele>899</ele>
      </trkpt>
      <trkpt lat="34.180740000" lon="-111.688250000">
        <ele>899</ele>
      </trkpt>
      <trkpt lat="34.180840000" lon="-111.688250000">
        <ele>898</ele>
      </trkpt>
      <trkpt lat="34.180920000" lon="-111.688300000">
        <ele>897</ele>
      </trkpt>
      <trkpt lat="34.181160000" lon="-111.688300000">
        <ele>893</ele>
      </trkpt>
      <trkpt lat="34.181420000" lon="-111.688350000">
        <ele>890</ele>
      </trkpt>
      <trkpt lat="34.181480000" lon="-111.688370000">
        <ele>888</ele>
      </trkpt>
      <trkpt lat="34.181570000" lon="-111.688460000">
        <ele>886</ele>
      </trkpt>
      <trkpt lat="34.181560000" lon="-111.688530000">
        <ele>886</ele>
      </trkpt>
      <trkpt lat="34.181680000" lon="-111.688740000">
        <ele>884</ele>
      </trkpt>
      <trkpt lat="34.181870000" lon="-111.688840000">
        <ele>881</ele>
      </trkpt>
      <trkpt lat="34.181900000" lon="-111.688790000">
        <ele>880</ele>
      </trkpt>
      <trkpt lat="34.181960000" lon="-111.688770000">
        <ele>878</ele>
      </trkpt>
      <trkpt lat="34.182010000" lon="-111.688790000">
        <ele>877</ele>
      </trkpt>
      <trkpt lat="34.182120000" lon="-111.688780000">
        <ele>875</ele>
      </trkpt>
      <trkpt lat="34.182170000" lon="-111.688800000">
        <ele>875</ele>
      </trkpt>
      <trkpt lat="34.182310000" lon="-111.688740000">
        <ele>871</ele>
      </trkpt>
      <trkpt lat="34.182550000" lon="-111.688840000">
        <ele>870</ele>
      </trkpt>
      <trkpt lat="34.182620000" lon="-111.688830000">
        <ele>868</ele>
      </trkpt>
      <trkpt lat="34.182790000" lon="-111.688890000">
        <ele>866</ele>
      </trkpt>
      <trkpt lat="34.182960000" lon="-111.688890000">
        <ele>862</ele>
      </trkpt>
      <trkpt lat="34.183060000" lon="-111.688940000">
        <ele>860</ele>
      </trkpt>
      <trkpt lat="34.183170000" lon="-111.688940000">
        <ele>857</ele>
      </trkpt>
      <trkpt lat="34.183260000" lon="-111.688980000">
        <ele>855</ele>
      </trkpt>
      <trkpt lat="34.183320000" lon="-111.688970000">
        <ele>852</ele>
      </trkpt>
      <trkpt lat="34.183340000" lon="-111.688940000">
        <ele>850</ele>
      </trkpt>
      <trkpt lat="34.183450000" lon="-111.688960000">
        <ele>847</ele>
      </trkpt>
      <trkpt lat="34.183540000" lon="-111.688990000">
        <ele>844</ele>
      </trkpt>
      <trkpt lat="34.183660000" lon="-111.689070000">
        <ele>839</ele>
      </trkpt>
      <trkpt lat="34.183760000" lon="-111.689100000">
        <ele>834</ele>
      </trkpt>
      <trkpt lat="34.183920000" lon="-111.689210000">
        <ele>828</ele>
      </trkpt>
      <trkpt lat="34.184060000" lon="-111.689240000">
        <ele>824</ele>
      </trkpt>
      <trkpt lat="34.184150000" lon="-111.689300000">
        <ele>823</ele>
      </trkpt>
      <trkpt lat="34.184180000" lon="-111.689240000">
        <ele>824</ele>
      </trkpt>
      <trkpt lat="34.184380000" lon="-111.689160000">
        <ele>827</ele>
      </trkpt>
      <trkpt lat="34.184590000" lon="-111.688980000">
        <ele>823</ele>
      </trkpt>
      <trkpt lat="34.184800000" lon="-111.688930000">
        <ele>823</ele>
      </trkpt>
      <trkpt lat="34.184820000" lon="-111.688890000">
        <ele>822</ele>
      </trkpt>
      <trkpt lat="34.184850000" lon="-111.688880000">
        <ele>822</ele>
      </trkpt>
      <trkpt lat="34.184950000" lon="-111.688900000">
        <ele>824</ele>
      </trkpt>
      <trkpt lat="34.185140000" lon="-111.688790000">
        <ele>823</ele>
      </trkpt>
      <trkpt lat="34.185180000" lon="-111.688820000">
        <ele>824</ele>
      </trkpt>
      <trkpt lat="34.185300000" lon="-111.688820000">
        <ele>825</ele>
      </trkpt>
      <trkpt lat="34.185390000" lon="-111.688770000">
        <ele>823</ele>
      </trkpt>
      <trkpt lat="34.185530000" lon="-111.688770000">
        <ele>822</ele>
      </trkpt>
      <trkpt lat="34.185720000" lon="-111.688870000">
        <ele>823</ele>
      </trkpt>
      <trkpt lat="34.185740000" lon="-111.688850000">
        <ele>823</ele>
      </trkpt>
      <trkpt lat="34.185900000" lon="-111.688880000">
        <ele>821</ele>
      </trkpt>
      <trkpt lat="34.185930000" lon="-111.688840000">
        <ele>820</ele>
      </trkpt>
      <trkpt lat="34.186230000" lon="-111.689040000">
        <ele>814</ele>
      </trkpt>
      <trkpt lat="34.186340000" lon="-111.689140000">
        <ele>809</ele>
      </trkpt>
      <trkpt lat="34.186390000" lon="-111.689240000">
        <ele>807</ele>
      </trkpt>
      <trkpt lat="34.186520000" lon="-111.689310000">
        <ele>805</ele>
      </trkpt>
      <trkpt lat="34.186630000" lon="-111.689280000">
        <ele>804</ele>
      </trkpt>
      <trkpt lat="34.186730000" lon="-111.689290000">
        <ele>804</ele>
      </trkpt>
      <trkpt lat="34.186780000" lon="-111.689260000">
        <ele>803</ele>
      </trkpt>
      <trkpt lat="34.186890000" lon="-111.689260000">
        <ele>805</ele>
      </trkpt>
      <trkpt lat="34.186920000" lon="-111.689280000">
        <ele>805</ele>
      </trkpt>
      <trkpt lat="34.186970000" lon="-111.689270000">
        <ele>806</ele>
      </trkpt>
      <trkpt lat="34.187050000" lon="-111.689280000">
        <ele>806</ele>
      </trkpt>
      <trkpt lat="34.187130000" lon="-111.689330000">
        <ele>805</ele>
      </trkpt>
      <trkpt lat="34.187230000" lon="-111.689360000">
        <ele>803</ele>
      </trkpt>
      <trkpt lat="34.187280000" lon="-111.689410000">
        <ele>803</ele>
      </trkpt>
      <trkpt lat="34.187340000" lon="-111.689370000">
        <ele>800</ele>
      </trkpt>
      <trkpt lat="34.187370000" lon="-111.689380000">
        <ele>799</ele>
      </trkpt>
      <trkpt lat="34.187550000" lon="-111.689610000">
        <ele>793</ele>
      </trkpt>
      <trkpt lat="34.187600000" lon="-111.689630000">
        <ele>792</ele>
      </trkpt>
      <trkpt lat="34.187770000" lon="-111.689630000">
        <ele>786</ele>
      </trkpt>
      <trkpt lat="34.187930000" lon="-111.689510000">
        <ele>779</ele>
      </trkpt>
      <trkpt lat="34.188120000" lon="-111.689440000">
        <ele>774</ele>
      </trkpt>
      <trkpt lat="34.188170000" lon="-111.689400000">
        <ele>772</ele>
      </trkpt>
      <trkpt lat="34.188370000" lon="-111.689390000">
        <ele>770</ele>
      </trkpt>
      <trkpt lat="34.188490000" lon="-111.689410000">
        <ele>769</ele>
      </trkpt>
      <trkpt lat="34.188610000" lon="-111.689390000">
        <ele>769</ele>
      </trkpt>
      <trkpt lat="34.188730000" lon="-111.689470000">
        <ele>768</ele>
      </trkpt>
      <trkpt lat="34.188780000" lon="-111.689480000">
        <ele>768</ele>
      </trkpt>
      <trkpt lat="34.188870000" lon="-111.689450000">
        <ele>768</ele>
      </trkpt>
      <trkpt lat="34.188910000" lon="-111.689490000">
        <ele>767</ele>
      </trkpt>
      <trkpt lat="34.189000000" lon="-111.689500000">
        <ele>766</ele>
      </trkpt>
      <trkpt lat="34.189030000" lon="-111.689450000">
        <ele>765</ele>
      </trkpt>
      <trkpt lat="34.189040000" lon="-111.689360000">
        <ele>764</ele>
      </trkpt>
      <trkpt lat="34.189130000" lon="-111.689340000">
        <ele>761</ele>
      </trkpt>
      <trkpt lat="34.189250000" lon="-111.689260000">
        <ele>756</ele>
      </trkpt>
      <trkpt lat="34.189360000" lon="-111.689310000">
        <ele>755</ele>
      </trkpt>
      <trkpt lat="34.189440000" lon="-111.689370000">
        <ele>755</ele>
      </trkpt>
      <trkpt lat="34.189640000" lon="-111.689390000">
        <ele>755</ele>
      </trkpt>
      <trkpt lat="34.189840000" lon="-111.689350000">
        <ele>755</ele>
      </trkpt>
      <trkpt lat="34.189890000" lon="-111.689310000">
        <ele>756</ele>
      </trkpt>
      <trkpt lat="34.189940000" lon="-111.689340000">
        <ele>756</ele>
      </trkpt>
      <trkpt lat="34.190080000" lon="-111.689530000">
        <ele>756</ele>
      </trkpt>
      <trkpt lat="34.190170000" lon="-111.689610000">
        <ele>756</ele>
      </trkpt>
      <trkpt lat="34.190320000" lon="-111.689590000">
        <ele>756</ele>
      </trkpt>
      <trkpt lat="34.190430000" lon="-111.689630000">
        <ele>756</ele>
      </trkpt>
      <trkpt lat="34.190510000" lon="-111.689550000">
        <ele>756</ele>
      </trkpt>
      <trkpt lat="34.190640000" lon="-111.689580000">
        <ele>756</ele>
      </trkpt>
      <trkpt lat="34.190770000" lon="-111.689540000">
        <ele>756</ele>
      </trkpt>
      <trkpt lat="34.190850000" lon="-111.689560000">
        <ele>756</ele>
      </trkpt>
      <trkpt lat="34.190950000" lon="-111.689540000">
        <ele>756</ele>
      </trkpt>
      <trkpt lat="34.191250000" lon="-111.689830000">
        <ele>756</ele>
      </trkpt>
      <trkpt lat="34.191350000" lon="-111.689890000">
        <ele>756</ele>
      </trkpt>
      <trkpt lat="34.191430000" lon="-111.689980000">
        <ele>756</ele>
      </trkpt>
      <trkpt lat="34.191510000" lon="-111.690010000">
        <ele>757</ele>
      </trkpt>
      <trkpt lat="34.191620000" lon="-111.690190000">
        <ele>757</ele>
      </trkpt>
      <trkpt lat="34.191710000" lon="-111.690240000">
        <ele>758</ele>
      </trkpt>
      <trkpt lat="34.191760000" lon="-111.690440000">
        <ele>752</ele>
      </trkpt>
      <trkpt lat="34.191820000" lon="-111.690570000">
        <ele>748</ele>
      </trkpt>
      <trkpt lat="34.191860000" lon="-111.690610000">
        <ele>747</ele>
      </trkpt>
      <trkpt lat="34.191930000" lon="-111.690740000">
        <ele>747</ele>
      </trkpt>
      <trkpt lat="34.191990000" lon="-111.690890000">
        <ele>747</ele>
      </trkpt>
      <trkpt lat="34.192160000" lon="-111.690990000">
        <ele>750</ele>
      </trkpt>
      <trkpt lat="34.192220000" lon="-111.691080000">
        <ele>750</ele>
      </trkpt>
      <trkpt lat="34.192310000" lon="-111.691070000">
        <ele>752</ele>
      </trkpt>
      <trkpt lat="34.192390000" lon="-111.691110000">
        <ele>752</ele>
      </trkpt>
      <trkpt lat="34.192450000" lon="-111.691100000">
        <ele>753</ele>
      </trkpt>
      <trkpt lat="34.192610000" lon="-111.691190000">
        <ele>752</ele>
      </trkpt>
      <trkpt lat="34.192670000" lon="-111.691270000">
        <ele>750</ele>
      </trkpt>
      <trkpt lat="34.192840000" lon="-111.691360000">
        <ele>748</ele>
      </trkpt>
      <trkpt lat="34.192860000" lon="-111.691390000">
        <ele>747</ele>
      </trkpt>
      <trkpt lat="34.192950000" lon="-111.691440000">
        <ele>745</ele>
      </trkpt>
      <trkpt lat="34.193050000" lon="-111.691460000">
        <ele>744</ele>
      </trkpt>
      <trkpt lat="34.193200000" lon="-111.691440000">
        <ele>745</ele>
      </trkpt>
      <trkpt lat="34.193340000" lon="-111.691460000">
        <ele>744</ele>
      </trkpt>
      <trkpt lat="34.193500000" lon="-111.691620000">
        <ele>739</ele>
      </trkpt>
      <trkpt lat="34.193710000" lon="-111.691740000">
        <ele>735</ele>
      </trkpt>
      <trkpt lat="34.193930000" lon="-111.691640000">
        <ele>735</ele>
      </trkpt>
      <trkpt lat="34.194060000" lon="-111.691700000">
        <ele>734</ele>
      </trkpt>
      <trkpt lat="34.194280000" lon="-111.691680000">
        <ele>730</ele>
      </trkpt>
      <trkpt lat="34.194350000" lon="-111.691630000">
        <ele>725</ele>
      </trkpt>
      <trkpt lat="34.194370000" lon="-111.691570000">
        <ele>721</ele>
      </trkpt>
      <trkpt lat="34.194340000" lon="-111.691510000">
        <ele>718</ele>
      </trkpt>
      <trkpt lat="34.194190000" lon="-111.691370000">
        <ele>716</ele>
      </trkpt>
      <trkpt lat="34.194450000" lon="-111.691440000">
        <ele>709</ele>
      </trkpt>
      <trkpt lat="34.194620000" lon="-111.691530000">
        <ele>711</ele>
      </trkpt>
      <trkpt lat="34.194770000" lon="-111.691750000">
        <ele>716</ele>
      </trkpt>
      <trkpt lat="34.194930000" lon="-111.691800000">
        <ele>711</ele>
      </trkpt>
      <trkpt lat="34.194950000" lon="-111.691780000">
        <ele>709</ele>
      </trkpt>
      <trkpt lat="34.194950000" lon="-111.691730000">
        <ele>709</ele>
      </trkpt>
      <trkpt lat="34.195010000" lon="-111.691730000">
        <ele>707</ele>
      </trkpt>
      <trkpt lat="34.195030000" lon="-111.691700000">
        <ele>707</ele>
      </trkpt>
      <trkpt lat="34.195010000" lon="-111.691630000">
        <ele>707</ele>
      </trkpt>
      <trkpt lat="34.194910000" lon="-111.691490000">
        <ele>707</ele>
      </trkpt>
      <trkpt lat="34.194850000" lon="-111.691340000">
        <ele>703</ele>
      </trkpt>
      <trkpt lat="34.194690000" lon="-111.691290000">
        <ele>702</ele>
      </trkpt>
      <trkpt lat="34.194590000" lon="-111.691210000">
        <ele>701</ele>
      </trkpt>
      <trkpt lat="34.194450000" lon="-111.691190000">
        <ele>701</ele>
      </trkpt>
      <trkpt lat="34.194330000" lon="-111.691110000">
        <ele>703</ele>
      </trkpt>
      <trkpt lat="34.194280000" lon="-111.691130000">
        <ele>704</ele>
      </trkpt>
      <trkpt lat="34.194310000" lon="-111.691120000">
        <ele>703</ele>
      </trkpt>
      <trkpt lat="34.194870000" lon="-111.691390000">
        <ele>705</ele>
      </trkpt>
      <trkpt lat="34.194970000" lon="-111.691400000">
        <ele>704</ele>
      </trkpt>
      <trkpt lat="34.195030000" lon="-111.691430000">
        <ele>704</ele>
      </trkpt>
      <trkpt lat="34.195470000" lon="-111.691440000">
        <ele>701</ele>
      </trkpt>
      <trkpt lat="34.195540000" lon="-111.691470000">
        <ele>702</ele>
      </trkpt>
      <trkpt lat="34.195630000" lon="-111.691590000">
        <ele>703</ele>
      </trkpt>
      <trkpt lat="34.195700000" lon="-111.691620000">
        <ele>704</ele>
      </trkpt>
      <trkpt lat="34.195740000" lon="-111.691680000">
        <ele>704</ele>
      </trkpt>
      <trkpt lat="34.195940000" lon="-111.691700000">
        <ele>704</ele>
      </trkpt>
      <trkpt lat="34.196020000" lon="-111.691740000">
        <ele>703</ele>
      </trkpt>
      <trkpt lat="34.196190000" lon="-111.691630000">
        <ele>701</ele>
      </trkpt>
      <trkpt lat="34.196220000" lon="-111.691690000">
        <ele>701</ele>
      </trkpt>
      <trkpt lat="34.196270000" lon="-111.691460000">
        <ele>701</ele>
      </trkpt>
      <trkpt lat="34.196360000" lon="-111.691400000">
        <ele>701</ele>
      </trkpt>
      <trkpt lat="34.196420000" lon="-111.691400000">
        <ele>701</ele>
      </trkpt>
      <trkpt lat="34.196650000" lon="-111.691220000">
        <ele>703</ele>
      </trkpt>
      <trkpt lat="34.196790000" lon="-111.691140000">
        <ele>704</ele>
      </trkpt>
      <trkpt lat="34.196910000" lon="-111.691100000">
        <ele>704</ele>
      </trkpt>
      <trkpt lat="34.196980000" lon="-111.691120000">
        <ele>704</ele>
      </trkpt>
      <trkpt lat="34.197010000" lon="-111.691100000">
        <ele>704</ele>
      </trkpt>
      <trkpt lat="34.197090000" lon="-111.691000000">
        <ele>704</ele>
      </trkpt>
      <trkpt lat="34.197160000" lon="-111.690980000">
        <ele>704</ele>
      </trkpt>
      <trkpt lat="34.197290000" lon="-111.690860000">
        <ele>703</ele>
      </trkpt>
      <trkpt lat="34.197330000" lon="-111.690670000">
        <ele>704</ele>
      </trkpt>
      <trkpt lat="34.197390000" lon="-111.690620000">
        <ele>703</ele>
      </trkpt>
      <trkpt lat="34.197430000" lon="-111.690620000">
        <ele>703</ele>
      </trkpt>
      <trkpt lat="34.197440000" lon="-111.690550000">
        <ele>703</ele>
      </trkpt>
      <trkpt lat="34.197470000" lon="-111.690560000">
        <ele>703</ele>
      </trkpt>
      <trkpt lat="34.197560000" lon="-111.690500000">
        <ele>704</ele>
      </trkpt>
      <trkpt lat="34.197580000" lon="-111.690430000">
        <ele>704</ele>
      </trkpt>
      <trkpt lat="34.197630000" lon="-111.690370000">
        <ele>705</ele>
      </trkpt>
      <trkpt lat="34.197640000" lon="-111.690230000">
        <ele>704</ele>
      </trkpt>
      <trkpt lat="34.197610000" lon="-111.690060000">
        <ele>704</ele>
      </trkpt>
      <trkpt lat="34.197640000" lon="-111.689950000">
        <ele>704</ele>
      </trkpt>
      <trkpt lat="34.197610000" lon="-111.689800000">
        <ele>706</ele>
      </trkpt>
      <trkpt lat="34.197620000" lon="-111.689770000">
        <ele>706</ele>
      </trkpt>
      <trkpt lat="34.197810000" lon="-111.689460000">
        <ele>708</ele>
      </trkpt>
      <trkpt lat="34.197980000" lon="-111.689300000">
        <ele>714</ele>
      </trkpt>
      <trkpt lat="34.198020000" lon="-111.689220000">
        <ele>716</ele>
      </trkpt>
      <trkpt lat="34.198090000" lon="-111.689220000">
        <ele>716</ele>
      </trkpt>
      <trkpt lat="34.198210000" lon="-111.689130000">
        <ele>718</ele>
      </trkpt>
      <trkpt lat="34.198300000" lon="-111.689020000">
        <ele>719</ele>
      </trkpt>
      <trkpt lat="34.198300000" lon="-111.688950000">
        <ele>720</ele>
      </trkpt>
      <trkpt lat="34.198460000" lon="-111.688890000">
        <ele>720</ele>
      </trkpt>
      <trkpt lat="34.198590000" lon="-111.688750000">
        <ele>719</ele>
      </trkpt>
      <trkpt lat="34.198640000" lon="-111.688740000">
        <ele>719</ele>
      </trkpt>
      <trkpt lat="34.198680000" lon="-111.688770000">
        <ele>719</ele>
      </trkpt>
      <trkpt lat="34.198740000" lon="-111.688790000">
        <ele>719</ele>
      </trkpt>
      <trkpt lat="34.198770000" lon="-111.688780000">
        <ele>719</ele>
      </trkpt>
      <trkpt lat="34.198920000" lon="-111.688840000">
        <ele>721</ele>
      </trkpt>
      <trkpt lat="34.198980000" lon="-111.688760000">
        <ele>722</ele>
      </trkpt>
      <trkpt lat="34.199040000" lon="-111.688730000">
        <ele>723</ele>
      </trkpt>
      <trkpt lat="34.199260000" lon="-111.688690000">
        <ele>726</ele>
      </trkpt>
      <trkpt lat="34.199430000" lon="-111.688630000">
        <ele>728</ele>
      </trkpt>
      <trkpt lat="34.199490000" lon="-111.688580000">
        <ele>728</ele>
      </trkpt>
      <trkpt lat="34.199580000" lon="-111.688560000">
        <ele>728</ele>
      </trkpt>
      <trkpt lat="34.199660000" lon="-111.688500000">
        <ele>728</ele>
      </trkpt>
      <trkpt lat="34.199790000" lon="-111.688340000">
        <ele>727</ele>
      </trkpt>
      <trkpt lat="34.199840000" lon="-111.688180000">
        <ele>728</ele>
      </trkpt>
      <trkpt lat="34.199950000" lon="-111.688100000">
        <ele>727</ele>
      </trkpt>
      <trkpt lat="34.200190000" lon="-111.688180000">
        <ele>723</ele>
      </trkpt>
      <trkpt lat="34.200390000" lon="-111.688390000">
        <ele>719</ele>
      </trkpt>
      <trkpt lat="34.200470000" lon="-111.688440000">
        <ele>718</ele>
      </trkpt>
      <trkpt lat="34.200600000" lon="-111.688450000">
        <ele>717</ele>
      </trkpt>
      <trkpt lat="34.200710000" lon="-111.688520000">
        <ele>714</ele>
      </trkpt>
      <trkpt lat="34.200770000" lon="-111.688520000">
        <ele>714</ele>
      </trkpt>
      <trkpt lat="34.200810000" lon="-111.688490000">
        <ele>713</ele>
      </trkpt>
      <trkpt lat="34.200860000" lon="-111.688500000">
        <ele>712</ele>
      </trkpt>
      <trkpt lat="34.200920000" lon="-111.688480000">
        <ele>711</ele>
      </trkpt>
      <trkpt lat="34.200970000" lon="-111.688440000">
        <ele>710</ele>
      </trkpt>
      <trkpt lat="34.201120000" lon="-111.688490000">
        <ele>708</ele>
      </trkpt>
      <trkpt lat="34.201160000" lon="-111.688520000">
        <ele>707</ele>
      </trkpt>
      <trkpt lat="34.201210000" lon="-111.688630000">
        <ele>706</ele>
      </trkpt>
      <trkpt lat="34.201200000" lon="-111.688700000">
        <ele>706</ele>
      </trkpt>
      <trkpt lat="34.201230000" lon="-111.688710000">
        <ele>706</ele>
      </trkpt>
      <trkpt lat="34.201240000" lon="-111.688690000">
        <ele>706</ele>
      </trkpt>
      <trkpt lat="34.201250000" lon="-111.688770000">
        <ele>706</ele>
      </trkpt>
      <trkpt lat="34.201290000" lon="-111.688810000">
        <ele>706</ele>
      </trkpt>
      <trkpt lat="34.201280000" lon="-111.688870000">
        <ele>706</ele>
      </trkpt>
      <trkpt lat="34.201390000" lon="-111.688980000">
        <ele>705</ele>
      </trkpt>
      <trkpt lat="34.201500000" lon="-111.688940000">
        <ele>705</ele>
      </trkpt>
      <trkpt lat="34.201600000" lon="-111.688850000">
        <ele>705</ele>
      </trkpt>
      <trkpt lat="34.201750000" lon="-111.688820000">
        <ele>706</ele>
      </trkpt>
      <trkpt lat="34.201780000" lon="-111.688800000">
        <ele>706</ele>
      </trkpt>
      <trkpt lat="34.201830000" lon="-111.688830000">
        <ele>706</ele>
      </trkpt>
      <trkpt lat="34.201910000" lon="-111.688830000">
        <ele>706</ele>
      </trkpt>
      <trkpt lat="34.201920000" lon="-111.688860000">
        <ele>706</ele>
      </trkpt>
      <trkpt lat="34.202000000" lon="-111.688900000">
        <ele>707</ele>
      </trkpt>
      <trkpt lat="34.202050000" lon="-111.688960000">
        <ele>708</ele>
      </trkpt>
      <trkpt lat="34.202190000" lon="-111.688960000">
        <ele>714</ele>
      </trkpt>
      <trkpt lat="34.202280000" lon="-111.688910000">
        <ele>715</ele>
      </trkpt>
      <trkpt lat="34.202320000" lon="-111.688860000">
        <ele>714</ele>
      </trkpt>
      <trkpt lat="34.202370000" lon="-111.688840000">
        <ele>714</ele>
      </trkpt>
      <trkpt lat="34.202490000" lon="-111.688700000">
        <ele>716</ele>
      </trkpt>
      <trkpt lat="34.202570000" lon="-111.688650000">
        <ele>718</ele>
      </trkpt>
      <trkpt lat="34.202660000" lon="-111.688500000">
        <ele>719</ele>
      </trkpt>
      <trkpt lat="34.202770000" lon="-111.688470000">
        <ele>720</ele>
      </trkpt>
      <trkpt lat="34.203010000" lon="-111.688320000">
        <ele>720</ele>
      </trkpt>
      <trkpt lat="34.203130000" lon="-111.688280000">
        <ele>721</ele>
      </trkpt>
      <trkpt lat="34.203180000" lon="-111.688240000">
        <ele>721</ele>
      </trkpt>
      <trkpt lat="34.203210000" lon="-111.688140000">
        <ele>720</ele>
      </trkpt>
      <trkpt lat="34.203260000" lon="-111.688130000">
        <ele>721</ele>
      </trkpt>
      <trkpt lat="34.203270000" lon="-111.688160000">
        <ele>722</ele>
      </trkpt>
      <trkpt lat="34.203400000" lon="-111.688120000">
        <ele>724</ele>
      </trkpt>
      <trkpt lat="34.203550000" lon="-111.688150000">
        <ele>727</ele>
      </trkpt>
      <trkpt lat="34.203630000" lon="-111.688140000">
        <ele>729</ele>
      </trkpt>
      <trkpt lat="34.203680000" lon="-111.688090000">
        <ele>729</ele>
      </trkpt>
      <trkpt lat="34.203690000" lon="-111.688030000">
        <ele>728</ele>
      </trkpt>
      <trkpt lat="34.203830000" lon="-111.687990000">
        <ele>730</ele>
      </trkpt>
      <trkpt lat="34.203910000" lon="-111.687940000">
        <ele>731</ele>
      </trkpt>
      <trkpt lat="34.203990000" lon="-111.687820000">
        <ele>731</ele>
      </trkpt>
      <trkpt lat="34.204100000" lon="-111.687770000">
        <ele>732</ele>
      </trkpt>
      <trkpt lat="34.204130000" lon="-111.687730000">
        <ele>731</ele>
      </trkpt>
      <trkpt lat="34.204330000" lon="-111.687640000">
        <ele>733</ele>
      </trkpt>
      <trkpt lat="34.204490000" lon="-111.687610000">
        <ele>736</ele>
      </trkpt>
      <trkpt lat="34.204590000" lon="-111.687550000">
        <ele>737</ele>
      </trkpt>
      <trkpt lat="34.204650000" lon="-111.687570000">
        <ele>739</ele>
      </trkpt>
      <trkpt lat="34.204740000" lon="-111.687560000">
        <ele>740</ele>
      </trkpt>
      <trkpt lat="34.204860000" lon="-111.687480000">
        <ele>741</ele>
      </trkpt>
      <trkpt lat="34.205170000" lon="-111.687570000">
        <ele>744</ele>
      </trkpt>
      <trkpt lat="34.205290000" lon="-111.687570000">
        <ele>744</ele>
      </trkpt>
      <trkpt lat="34.205450000" lon="-111.687520000">
        <ele>744</ele>
      </trkpt>
      <trkpt lat="34.205530000" lon="-111.687530000">
        <ele>744</ele>
      </trkpt>
      <trkpt lat="34.205560000" lon="-111.687500000">
        <ele>744</ele>
      </trkpt>
      <trkpt lat="34.205620000" lon="-111.687510000">
        <ele>744</ele>
      </trkpt>
      <trkpt lat="34.205730000" lon="-111.687410000">
        <ele>744</ele>
      </trkpt>
      <trkpt lat="34.205870000" lon="-111.687360000">
        <ele>744</ele>
      </trkpt>
      <trkpt lat="34.205930000" lon="-111.687290000">
        <ele>744</ele>
      </trkpt>
      <trkpt lat="34.205940000" lon="-111.687260000">
        <ele>744</ele>
      </trkpt>
      <trkpt lat="34.206160000" lon="-111.687400000">
        <ele>744</ele>
      </trkpt>
      <trkpt lat="34.206120000" lon="-111.687570000">
        <ele>744</ele>
      </trkpt>
      <trkpt lat="34.206190000" lon="-111.687650000">
        <ele>746</ele>
      </trkpt>
      <trkpt lat="34.206220000" lon="-111.687780000">
        <ele>751</ele>
      </trkpt>
      <trkpt lat="34.206310000" lon="-111.687760000">
        <ele>753</ele>
      </trkpt>
      <trkpt lat="34.206410000" lon="-111.687790000">
        <ele>756</ele>
      </trkpt>
      <trkpt lat="34.206600000" lon="-111.687880000">
        <ele>758</ele>
      </trkpt>
      <trkpt lat="34.206620000" lon="-111.687930000">
        <ele>759</ele>
      </trkpt>
      <trkpt lat="34.206710000" lon="-111.687980000">
        <ele>760</ele>
      </trkpt>
      <trkpt lat="34.206810000" lon="-111.687970000">
        <ele>761</ele>
      </trkpt>
      <trkpt lat="34.206850000" lon="-111.688030000">
        <ele>761</ele>
      </trkpt>
      <trkpt lat="34.207000000" lon="-111.688040000">
        <ele>762</ele>
      </trkpt>
      <trkpt lat="34.207060000" lon="-111.688000000">
        <ele>763</ele>
      </trkpt>
      <trkpt lat="34.207100000" lon="-111.688000000">
        <ele>763</ele>
      </trkpt>
      <trkpt lat="34.207140000" lon="-111.687970000">
        <ele>764</ele>
      </trkpt>
      <trkpt lat="34.207310000" lon="-111.687990000">
        <ele>765</ele>
      </trkpt>
      <trkpt lat="34.207390000" lon="-111.687920000">
        <ele>767</ele>
      </trkpt>
      <trkpt lat="34.207500000" lon="-111.687950000">
        <ele>767</ele>
      </trkpt>
      <trkpt lat="34.207550000" lon="-111.687930000">
        <ele>768</ele>
      </trkpt>
      <trkpt lat="34.207780000" lon="-111.687920000">
        <ele>769</ele>
      </trkpt>
      <trkpt lat="34.207840000" lon="-111.687880000">
        <ele>770</ele>
      </trkpt>
      <trkpt lat="34.207940000" lon="-111.687890000">
        <ele>771</ele>
      </trkpt>
      <trkpt lat="34.207970000" lon="-111.687860000">
        <ele>771</ele>
      </trkpt>
      <trkpt lat="34.208090000" lon="-111.687850000">
        <ele>772</ele>
      </trkpt>
      <trkpt lat="34.208300000" lon="-111.687760000">
        <ele>773</ele>
      </trkpt>
      <trkpt lat="34.208340000" lon="-111.687800000">
        <ele>772</ele>
      </trkpt>
      <trkpt lat="34.208380000" lon="-111.687750000">
        <ele>773</ele>
      </trkpt>
      <trkpt lat="34.208440000" lon="-111.687790000">
        <ele>772</ele>
      </trkpt>
      <trkpt lat="34.208510000" lon="-111.687740000">
        <ele>774</ele>
      </trkpt>
      <trkpt lat="34.208820000" lon="-111.687650000">
        <ele>778</ele>
      </trkpt>
      <trkpt lat="34.209100000" lon="-111.687510000">
        <ele>776</ele>
      </trkpt>
      <trkpt lat="34.209170000" lon="-111.687450000">
        <ele>775</ele>
      </trkpt>
      <trkpt lat="34.209250000" lon="-111.687340000">
        <ele>776</ele>
      </trkpt>
      <trkpt lat="34.209380000" lon="-111.687300000">
        <ele>774</ele>
      </trkpt>
      <trkpt lat="34.209460000" lon="-111.687190000">
        <ele>776</ele>
      </trkpt>
      <trkpt lat="34.209570000" lon="-111.687210000">
        <ele>774</ele>
      </trkpt>
      <trkpt lat="34.209590000" lon="-111.687230000">
        <ele>773</ele>
      </trkpt>
      <trkpt lat="34.209750000" lon="-111.687230000">
        <ele>772</ele>
      </trkpt>
      <trkpt lat="34.209890000" lon="-111.687130000">
        <ele>772</ele>
      </trkpt>
      <trkpt lat="34.209880000" lon="-111.687150000">
        <ele>771</ele>
      </trkpt>
      <trkpt lat="34.209890000" lon="-111.687120000">
        <ele>772</ele>
      </trkpt>
      <trkpt lat="34.209910000" lon="-111.687150000">
        <ele>771</ele>
      </trkpt>
      <trkpt lat="34.209880000" lon="-111.687140000">
        <ele>771</ele>
      </trkpt>
      <trkpt lat="34.209890000" lon="-111.687100000">
        <ele>772</ele>
      </trkpt>
      <trkpt lat="34.209990000" lon="-111.687040000">
        <ele>771</ele>
      </trkpt>
      <trkpt lat="34.210070000" lon="-111.687050000">
        <ele>770</ele>
      </trkpt>
      <trkpt lat="34.210150000" lon="-111.687000000">
        <ele>769</ele>
      </trkpt>
      <trkpt lat="34.210190000" lon="-111.686920000">
        <ele>770</ele>
      </trkpt>
      <trkpt lat="34.210290000" lon="-111.686870000">
        <ele>769</ele>
      </trkpt>
      <trkpt lat="34.210390000" lon="-111.686750000">
        <ele>769</ele>
      </trkpt>
      <trkpt lat="34.210420000" lon="-111.686760000">
        <ele>768</ele>
      </trkpt>
      <trkpt lat="34.210570000" lon="-111.686660000">
        <ele>766</ele>
      </trkpt>
      <trkpt lat="34.210680000" lon="-111.686640000">
        <ele>763</ele>
      </trkpt>
      <trkpt lat="34.210840000" lon="-111.686700000">
        <ele>758</ele>
      </trkpt>
      <trkpt lat="34.210950000" lon="-111.686770000">
        <ele>755</ele>
      </trkpt>
      <trkpt lat="34.210990000" lon="-111.686870000">
        <ele>755</ele>
      </trkpt>
      <trkpt lat="34.211070000" lon="-111.686940000">
        <ele>755</ele>
      </trkpt>
      <trkpt lat="34.211080000" lon="-111.686990000">
        <ele>755</ele>
      </trkpt>
      <trkpt lat="34.211100000" lon="-111.686970000">
        <ele>755</ele>
      </trkpt>
      <trkpt lat="34.211130000" lon="-111.686980000">
        <ele>754</ele>
      </trkpt>
      <trkpt lat="34.211120000" lon="-111.687050000">
        <ele>754</ele>
      </trkpt>
      <trkpt lat="34.211160000" lon="-111.687110000">
        <ele>753</ele>
      </trkpt>
      <trkpt lat="34.211210000" lon="-111.687090000">
        <ele>753</ele>
      </trkpt>
      <trkpt lat="34.211260000" lon="-111.687120000">
        <ele>752</ele>
      </trkpt>
      <trkpt lat="34.211430000" lon="-111.687080000">
        <ele>752</ele>
      </trkpt>
      <trkpt lat="34.211510000" lon="-111.687110000">
        <ele>752</ele>
      </trkpt>
      <trkpt lat="34.211630000" lon="-111.687100000">
        <ele>753</ele>
      </trkpt>
      <trkpt lat="34.211870000" lon="-111.687150000">
        <ele>754</ele>
      </trkpt>
      <trkpt lat="34.212030000" lon="-111.687130000">
        <ele>755</ele>
      </trkpt>
      <trkpt lat="34.212220000" lon="-111.687180000">
        <ele>755</ele>
      </trkpt>
      <trkpt lat="34.212290000" lon="-111.687240000">
        <ele>755</ele>
      </trkpt>
      <trkpt lat="34.212350000" lon="-111.687210000">
        <ele>756</ele>
      </trkpt>
      <trkpt lat="34.212610000" lon="-111.687330000">
        <ele>756</ele>
      </trkpt>
      <trkpt lat="34.212990000" lon="-111.687330000">
        <ele>757</ele>
      </trkpt>
      <trkpt lat="34.213120000" lon="-111.687410000">
        <ele>758</ele>
      </trkpt>
      <trkpt lat="34.213260000" lon="-111.687410000">
        <ele>759</ele>
      </trkpt>
      <trkpt lat="34.213330000" lon="-111.687390000">
        <ele>760</ele>
      </trkpt>
      <trkpt lat="34.213520000" lon="-111.687440000">
        <ele>763</ele>
      </trkpt>
      <trkpt lat="34.213660000" lon="-111.687310000">
        <ele>765</ele>
      </trkpt>
      <trkpt lat="34.213800000" lon="-111.687220000">
        <ele>766</ele>
      </trkpt>
      <trkpt lat="34.213870000" lon="-111.687210000">
        <ele>766</ele>
      </trkpt>
      <trkpt lat="34.214070000" lon="-111.687250000">
        <ele>767</ele>
      </trkpt>
      <trkpt lat="34.214170000" lon="-111.687210000">
        <ele>767</ele>
      </trkpt>
      <trkpt lat="34.214290000" lon="-111.687220000">
        <ele>767</ele>
      </trkpt>
      <trkpt lat="34.214480000" lon="-111.687160000">
        <ele>767</ele>
      </trkpt>
      <trkpt lat="34.214580000" lon="-111.687170000">
        <ele>767</ele>
      </trkpt>
      <trkpt lat="34.214620000" lon="-111.687140000">
        <ele>767</ele>
      </trkpt>
      <trkpt lat="34.214740000" lon="-111.687130000">
        <ele>767</ele>
      </trkpt>
      <trkpt lat="34.214850000" lon="-111.687080000">
        <ele>767</ele>
      </trkpt>
      <trkpt lat="34.214960000" lon="-111.687090000">
        <ele>767</ele>
      </trkpt>
      <trkpt lat="34.215030000" lon="-111.687040000">
        <ele>767</ele>
      </trkpt>
      <trkpt lat="34.215140000" lon="-111.687080000">
        <ele>767</ele>
      </trkpt>
      <trkpt lat="34.215510000" lon="-111.687040000">
        <ele>767</ele>
      </trkpt>
      <trkpt lat="34.215600000" lon="-111.686980000">
        <ele>767</ele>
      </trkpt>
      <trkpt lat="34.215740000" lon="-111.686950000">
        <ele>767</ele>
      </trkpt>
      <trkpt lat="34.215820000" lon="-111.686980000">
        <ele>767</ele>
      </trkpt>
      <trkpt lat="34.215960000" lon="-111.686920000">
        <ele>767</ele>
      </trkpt>
      <trkpt lat="34.216060000" lon="-111.686930000">
        <ele>767</ele>
      </trkpt>
      <trkpt lat="34.216190000" lon="-111.687010000">
        <ele>768</ele>
      </trkpt>
      <trkpt lat="34.216370000" lon="-111.686970000">
        <ele>768</ele>
      </trkpt>
      <trkpt lat="34.216380000" lon="-111.687010000">
        <ele>768</ele>
      </trkpt>
      <trkpt lat="34.216440000" lon="-111.687070000">
        <ele>769</ele>
      </trkpt>
      <trkpt lat="34.216530000" lon="-111.687080000">
        <ele>769</ele>
      </trkpt>
      <trkpt lat="34.216680000" lon="-111.687190000">
        <ele>771</ele>
      </trkpt>
      <trkpt lat="34.216750000" lon="-111.687300000">
        <ele>771</ele>
      </trkpt>
      <trkpt lat="34.216880000" lon="-111.687320000">
        <ele>772</ele>
      </trkpt>
      <trkpt lat="34.217010000" lon="-111.687390000">
        <ele>773</ele>
      </trkpt>
      <trkpt lat="34.217070000" lon="-111.687400000">
        <ele>773</ele>
      </trkpt>
      <trkpt lat="34.217370000" lon="-111.687360000">
        <ele>775</ele>
      </trkpt>
      <trkpt lat="34.217750000" lon="-111.687520000">
        <ele>775</ele>
      </trkpt>
      <trkpt lat="34.218000000" lon="-111.687560000">
        <ele>775</ele>
      </trkpt>
      <trkpt lat="34.218150000" lon="-111.687520000">
        <ele>776</ele>
      </trkpt>
      <trkpt lat="34.218210000" lon="-111.687490000">
        <ele>777</ele>
      </trkpt>
      <trkpt lat="34.218350000" lon="-111.687590000">
        <ele>776</ele>
      </trkpt>
      <trkpt lat="34.218410000" lon="-111.687600000">
        <ele>776</ele>
      </trkpt>
      <trkpt lat="34.218580000" lon="-111.687550000">
        <ele>778</ele>
      </trkpt>
      <trkpt lat="34.218660000" lon="-111.687560000">
        <ele>778</ele>
      </trkpt>
      <trkpt lat="34.218740000" lon="-111.687540000">
        <ele>779</ele>
      </trkpt>
      <trkpt lat="34.218820000" lon="-111.687600000">
        <ele>779</ele>
      </trkpt>
      <trkpt lat="34.218930000" lon="-111.687630000">
        <ele>779</ele>
      </trkpt>
      <trkpt lat="34.218980000" lon="-111.687680000">
        <ele>779</ele>
      </trkpt>
      <trkpt lat="34.219100000" lon="-111.687660000">
        <ele>780</ele>
      </trkpt>
      <trkpt lat="34.219190000" lon="-111.687690000">
        <ele>780</ele>
      </trkpt>
      <trkpt lat="34.219290000" lon="-111.687780000">
        <ele>781</ele>
      </trkpt>
      <trkpt lat="34.219470000" lon="-111.687870000">
        <ele>781</ele>
      </trkpt>
      <trkpt lat="34.219580000" lon="-111.687840000">
        <ele>782</ele>
      </trkpt>
      <trkpt lat="34.219770000" lon="-111.687870000">
        <ele>782</ele>
      </trkpt>
      <trkpt lat="34.219930000" lon="-111.687800000">
        <ele>781</ele>
      </trkpt>
      <trkpt lat="34.220100000" lon="-111.687620000">
        <ele>782</ele>
      </trkpt>
      <trkpt lat="34.220130000" lon="-111.687620000">
        <ele>781</ele>
      </trkpt>
      <trkpt lat="34.220180000" lon="-111.687640000">
        <ele>781</ele>
      </trkpt>
      <trkpt lat="34.220220000" lon="-111.687730000">
        <ele>780</ele>
      </trkpt>
      <trkpt lat="34.220210000" lon="-111.687770000">
        <ele>780</ele>
      </trkpt>
      <trkpt lat="34.220240000" lon="-111.687730000">
        <ele>780</ele>
      </trkpt>
      <trkpt lat="34.220330000" lon="-111.687730000">
        <ele>780</ele>
      </trkpt>
      <trkpt lat="34.220340000" lon="-111.687750000">
        <ele>780</ele>
      </trkpt>
      <trkpt lat="34.220400000" lon="-111.687760000">
        <ele>780</ele>
      </trkpt>
      <trkpt lat="34.220530000" lon="-111.687880000">
        <ele>780</ele>
      </trkpt>
      <trkpt lat="34.220780000" lon="-111.688010000">
        <ele>782</ele>
      </trkpt>
      <trkpt lat="34.221080000" lon="-111.688450000">
        <ele>780</ele>
      </trkpt>
      <trkpt lat="34.221170000" lon="-111.688550000">
        <ele>781</ele>
      </trkpt>
      <trkpt lat="34.221250000" lon="-111.688590000">
        <ele>782</ele>
      </trkpt>
      <trkpt lat="34.221520000" lon="-111.688850000">
        <ele>784</ele>
      </trkpt>
      <trkpt lat="34.221580000" lon="-111.688950000">
        <ele>783</ele>
      </trkpt>
      <trkpt lat="34.221640000" lon="-111.688970000">
        <ele>784</ele>
      </trkpt>
      <trkpt lat="34.221760000" lon="-111.689120000">
        <ele>783</ele>
      </trkpt>
      <trkpt lat="34.221870000" lon="-111.689120000">
        <ele>783</ele>
      </trkpt>
      <trkpt lat="34.221940000" lon="-111.689140000">
        <ele>782</ele>
      </trkpt>
      <trkpt lat="34.221980000" lon="-111.689220000">
        <ele>782</ele>
      </trkpt>
      <trkpt lat="34.222090000" lon="-111.689200000">
        <ele>781</ele>
      </trkpt>
      <trkpt lat="34.222180000" lon="-111.689230000">
        <ele>781</ele>
      </trkpt>
      <trkpt lat="34.222200000" lon="-111.689260000">
        <ele>780</ele>
      </trkpt>
      <trkpt lat="34.222260000" lon="-111.689250000">
        <ele>780</ele>
      </trkpt>
      <trkpt lat="34.222410000" lon="-111.689310000">
        <ele>779</ele>
      </trkpt>
      <trkpt lat="34.222470000" lon="-111.689300000">
        <ele>778</ele>
      </trkpt>
      <trkpt lat="34.222580000" lon="-111.689200000">
        <ele>779</ele>
      </trkpt>
      <trkpt lat="34.222660000" lon="-111.689320000">
        <ele>777</ele>
      </trkpt>
      <trkpt lat="34.222640000" lon="-111.689420000">
        <ele>776</ele>
      </trkpt>
      <trkpt lat="34.222720000" lon="-111.689550000">
        <ele>775</ele>
      </trkpt>
      <trkpt lat="34.222810000" lon="-111.689630000">
        <ele>775</ele>
      </trkpt>
      <trkpt lat="34.222890000" lon="-111.689620000">
        <ele>776</ele>
      </trkpt>
      <trkpt lat="34.223000000" lon="-111.689490000">
        <ele>777</ele>
      </trkpt>
      <trkpt lat="34.223100000" lon="-111.689480000">
        <ele>778</ele>
      </trkpt>
      <trkpt lat="34.223140000" lon="-111.689530000">
        <ele>778</ele>
      </trkpt>
      <trkpt lat="34.223230000" lon="-111.689590000">
        <ele>779</ele>
      </trkpt>
      <trkpt lat="34.223290000" lon="-111.689790000">
        <ele>781</ele>
      </trkpt>
      <trkpt lat="34.223430000" lon="-111.689860000">
        <ele>785</ele>
      </trkpt>
      <trkpt lat="34.223470000" lon="-111.689910000">
        <ele>786</ele>
      </trkpt>
      <trkpt lat="34.223490000" lon="-111.689990000">
        <ele>788</ele>
      </trkpt>
      <trkpt lat="34.223590000" lon="-111.690080000">
        <ele>791</ele>
      </trkpt>
      <trkpt lat="34.223740000" lon="-111.690110000">
        <ele>793</ele>
      </trkpt>
      <trkpt lat="34.223790000" lon="-111.690160000">
        <ele>794</ele>
      </trkpt>
      <trkpt lat="34.223980000" lon="-111.690240000">
        <ele>795</ele>
      </trkpt>
      <trkpt lat="34.224070000" lon="-111.690250000">
        <ele>795</ele>
      </trkpt>
      <trkpt lat="34.224170000" lon="-111.690200000">
        <ele>795</ele>
      </trkpt>
      <trkpt lat="34.224340000" lon="-111.690190000">
        <ele>796</ele>
      </trkpt>
      <trkpt lat="34.224380000" lon="-111.690210000">
        <ele>796</ele>
      </trkpt>
      <trkpt lat="34.224410000" lon="-111.690270000">
        <ele>795</ele>
      </trkpt>
      <trkpt lat="34.224410000" lon="-111.690340000">
        <ele>795</ele>
      </trkpt>
      <trkpt lat="34.224460000" lon="-111.690390000">
        <ele>795</ele>
      </trkpt>
      <trkpt lat="34.224610000" lon="-111.690400000">
        <ele>794</ele>
      </trkpt>
      <trkpt lat="34.224680000" lon="-111.690390000">
        <ele>794</ele>
      </trkpt>
      <trkpt lat="34.224780000" lon="-111.690470000">
        <ele>793</ele>
      </trkpt>
      <trkpt lat="34.224990000" lon="-111.690560000">
        <ele>788</ele>
      </trkpt>
      <trkpt lat="34.225010000" lon="-111.690580000">
        <ele>787</ele>
      </trkpt>
      <trkpt lat="34.225090000" lon="-111.690530000">
        <ele>786</ele>
      </trkpt>
      <trkpt lat="34.225370000" lon="-111.690490000">
        <ele>781</ele>
      </trkpt>
      <trkpt lat="34.225520000" lon="-111.690500000">
        <ele>779</ele>
      </trkpt>
      <trkpt lat="34.225580000" lon="-111.690520000">
        <ele>779</ele>
      </trkpt>
      <trkpt lat="34.225650000" lon="-111.690590000">
        <ele>779</ele>
      </trkpt>
      <trkpt lat="34.225830000" lon="-111.690630000">
        <ele>779</ele>
      </trkpt>
      <trkpt lat="34.226040000" lon="-111.690580000">
        <ele>779</ele>
      </trkpt>
      <trkpt lat="34.226050000" lon="-111.690560000">
        <ele>779</ele>
      </trkpt>
      <trkpt lat="34.226200000" lon="-111.690540000">
        <ele>780</ele>
      </trkpt>
      <trkpt lat="34.226280000" lon="-111.690600000">
        <ele>781</ele>
      </trkpt>
      <trkpt lat="34.226340000" lon="-111.690610000">
        <ele>781</ele>
      </trkpt>
      <trkpt lat="34.226380000" lon="-111.690690000">
        <ele>782</ele>
      </trkpt>
      <trkpt lat="34.226620000" lon="-111.690870000">
        <ele>783</ele>
      </trkpt>
      <trkpt lat="34.226850000" lon="-111.690960000">
        <ele>783</ele>
      </trkpt>
      <trkpt lat="34.226970000" lon="-111.690930000">
        <ele>784</ele>
      </trkpt>
      <trkpt lat="34.227290000" lon="-111.691000000">
        <ele>784</ele>
      </trkpt>
      <trkpt lat="34.227390000" lon="-111.690980000">
        <ele>784</ele>
      </trkpt>
      <trkpt lat="34.227660000" lon="-111.691070000">
        <ele>783</ele>
      </trkpt>
      <trkpt lat="34.227740000" lon="-111.691040000">
        <ele>783</ele>
      </trkpt>
      <trkpt lat="34.227800000" lon="-111.691050000">
        <ele>783</ele>
      </trkpt>
      <trkpt lat="34.227880000" lon="-111.691130000">
        <ele>782</ele>
      </trkpt>
      <trkpt lat="34.228170000" lon="-111.691290000">
        <ele>781</ele>
      </trkpt>
      <trkpt lat="34.228240000" lon="-111.691420000">
        <ele>780</ele>
      </trkpt>
      <trkpt lat="34.228240000" lon="-111.691530000">
        <ele>780</ele>
      </trkpt>
      <trkpt lat="34.228270000" lon="-111.691540000">
        <ele>780</ele>
      </trkpt>
      <trkpt lat="34.228320000" lon="-111.691630000">
        <ele>780</ele>
      </trkpt>
      <trkpt lat="34.228420000" lon="-111.691690000">
        <ele>780</ele>
      </trkpt>
      <trkpt lat="34.228480000" lon="-111.691810000">
        <ele>780</ele>
      </trkpt>
      <trkpt lat="34.228690000" lon="-111.692100000">
        <ele>780</ele>
      </trkpt>
      <trkpt lat="34.228820000" lon="-111.692220000">
        <ele>780</ele>
      </trkpt>
      <trkpt lat="34.228890000" lon="-111.692260000">
        <ele>780</ele>
      </trkpt>
      <trkpt lat="34.229050000" lon="-111.692410000">
        <ele>782</ele>
      </trkpt>
      <trkpt lat="34.229240000" lon="-111.692410000">
        <ele>784</ele>
      </trkpt>
      <trkpt lat="34.229290000" lon="-111.692430000">
        <ele>784</ele>
      </trkpt>
      <trkpt lat="34.229450000" lon="-111.692340000">
        <ele>785</ele>
      </trkpt>
      <trkpt lat="34.229480000" lon="-111.692290000">
        <ele>785</ele>
      </trkpt>
      <trkpt lat="34.229600000" lon="-111.692220000">
        <ele>785</ele>
      </trkpt>
      <trkpt lat="34.229730000" lon="-111.692240000">
        <ele>786</ele>
      </trkpt>
      <trkpt lat="34.229910000" lon="-111.692220000">
        <ele>787</ele>
      </trkpt>
      <trkpt lat="34.229930000" lon="-111.692190000">
        <ele>787</ele>
      </trkpt>
      <trkpt lat="34.230020000" lon="-111.692200000">
        <ele>788</ele>
      </trkpt>
      <trkpt lat="34.230010000" lon="-111.692330000">
        <ele>789</ele>
      </trkpt>
      <trkpt lat="34.230100000" lon="-111.692360000">
        <ele>789</ele>
      </trkpt>
      <trkpt lat="34.230200000" lon="-111.692440000">
        <ele>790</ele>
      </trkpt>
      <trkpt lat="34.230320000" lon="-111.692590000">
        <ele>791</ele>
      </trkpt>
      <trkpt lat="34.230420000" lon="-111.692640000">
        <ele>790</ele>
      </trkpt>
      <trkpt lat="34.230510000" lon="-111.692800000">
        <ele>791</ele>
      </trkpt>
      <trkpt lat="34.230590000" lon="-111.692870000">
        <ele>790</ele>
      </trkpt>
      <trkpt lat="34.230710000" lon="-111.693140000">
        <ele>789</ele>
      </trkpt>
      <trkpt lat="34.230720000" lon="-111.693250000">
        <ele>788</ele>
      </trkpt>
      <trkpt lat="34.230800000" lon="-111.693330000">
        <ele>787</ele>
      </trkpt>
      <trkpt lat="34.230920000" lon="-111.693520000">
        <ele>784</ele>
      </trkpt>
      <trkpt lat="34.230880000" lon="-111.693690000">
        <ele>783</ele>
      </trkpt>
      <trkpt lat="34.230820000" lon="-111.693780000">
        <ele>784</ele>
      </trkpt>
      <trkpt lat="34.230810000" lon="-111.693930000">
        <ele>783</ele>
      </trkpt>
      <trkpt lat="34.230750000" lon="-111.694010000">
        <ele>784</ele>
      </trkpt>
      <trkpt lat="34.230690000" lon="-111.694190000">
        <ele>784</ele>
      </trkpt>
      <trkpt lat="34.230660000" lon="-111.694210000">
        <ele>785</ele>
      </trkpt>
      <trkpt lat="34.230640000" lon="-111.694430000">
        <ele>784</ele>
      </trkpt>
      <trkpt lat="34.230560000" lon="-111.694690000">
        <ele>783</ele>
      </trkpt>
      <trkpt lat="34.230510000" lon="-111.694730000">
        <ele>784</ele>
      </trkpt>
      <trkpt lat="34.230440000" lon="-111.694880000">
        <ele>783</ele>
      </trkpt>
      <trkpt lat="34.230370000" lon="-111.694910000">
        <ele>783</ele>
      </trkpt>
      <trkpt lat="34.230330000" lon="-111.694970000">
        <ele>783</ele>
      </trkpt>
      <trkpt lat="34.230250000" lon="-111.695190000">
        <ele>783</ele>
      </trkpt>
      <trkpt lat="34.230100000" lon="-111.695370000">
        <ele>783</ele>
      </trkpt>
      <trkpt lat="34.230250000" lon="-111.695410000">
        <ele>780</ele>
      </trkpt>
      <trkpt lat="34.230360000" lon="-111.695400000">
        <ele>778</ele>
      </trkpt>
      <trkpt lat="34.230450000" lon="-111.695360000">
        <ele>778</ele>
      </trkpt>
      <trkpt lat="34.230460000" lon="-111.695340000">
        <ele>778</ele>
      </trkpt>
      <trkpt lat="34.230480000" lon="-111.695350000">
        <ele>778</ele>
      </trkpt>
      <trkpt lat="34.230600000" lon="-111.695340000">
        <ele>777</ele>
      </trkpt>
      <trkpt lat="34.230730000" lon="-111.695390000">
        <ele>774</ele>
      </trkpt>
      <trkpt lat="34.230790000" lon="-111.695390000">
        <ele>774</ele>
      </trkpt>
      <trkpt lat="34.230850000" lon="-111.695440000">
        <ele>772</ele>
      </trkpt>
      <trkpt lat="34.230960000" lon="-111.695440000">
        <ele>771</ele>
      </trkpt>
      <trkpt lat="34.231020000" lon="-111.695450000">
        <ele>771</ele>
      </trkpt>
      <trkpt lat="34.231070000" lon="-111.695400000">
        <ele>771</ele>
      </trkpt>
      <trkpt lat="34.231260000" lon="-111.695410000">
        <ele>769</ele>
      </trkpt>
      <trkpt lat="34.231310000" lon="-111.695310000">
        <ele>769</ele>
      </trkpt>
      <trkpt lat="34.231390000" lon="-111.695300000">
        <ele>768</ele>
      </trkpt>
      <trkpt lat="34.231550000" lon="-111.695370000">
        <ele>766</ele>
      </trkpt>
      <trkpt lat="34.231690000" lon="-111.695630000">
        <ele>761</ele>
      </trkpt>
      <trkpt lat="34.231740000" lon="-111.695670000">
        <ele>760</ele>
      </trkpt>
      <trkpt lat="34.231750000" lon="-111.695780000">
        <ele>757</ele>
      </trkpt>
      <trkpt lat="34.231700000" lon="-111.695970000">
        <ele>753</ele>
      </trkpt>
      <trkpt lat="34.231790000" lon="-111.696020000">
        <ele>750</ele>
      </trkpt>
      <trkpt lat="34.231790000" lon="-111.696050000">
        <ele>748</ele>
      </trkpt>
      <trkpt lat="34.231740000" lon="-111.696040000">
        <ele>749</ele>
      </trkpt>
      <trkpt lat="34.231720000" lon="-111.696070000">
        <ele>747</ele>
      </trkpt>
      <trkpt lat="34.231820000" lon="-111.696170000">
        <ele>740</ele>
      </trkpt>
      <trkpt lat="34.231900000" lon="-111.696190000">
        <ele>737</ele>
      </trkpt>
      <trkpt lat="34.231950000" lon="-111.696230000">
        <ele>734</ele>
      </trkpt>
      <trkpt lat="34.231930000" lon="-111.696300000">
        <ele>733</ele>
      </trkpt>
      <trkpt lat="34.231890000" lon="-111.696330000">
        <ele>732</ele>
      </trkpt>
      <trkpt lat="34.231760000" lon="-111.696340000">
        <ele>732</ele>
      </trkpt>
      <trkpt lat="34.231630000" lon="-111.696370000">
        <ele>731</ele>
      </trkpt>
      <trkpt lat="34.231530000" lon="-111.696440000">
        <ele>729</ele>
      </trkpt>
      <trkpt lat="34.231480000" lon="-111.696510000">
        <ele>728</ele>
      </trkpt>
      <trkpt lat="34.231450000" lon="-111.696530000">
        <ele>728</ele>
      </trkpt>
      <trkpt lat="34.231470000" lon="-111.696520000">
        <ele>728</ele>
      </trkpt>
      <trkpt lat="34.231610000" lon="-111.696580000">
        <ele>727</ele>
      </trkpt>
      <trkpt lat="34.231740000" lon="-111.696680000">
        <ele>725</ele>
      </trkpt>
      <trkpt lat="34.231800000" lon="-111.696680000">
        <ele>725</ele>
      </trkpt>
      <trkpt lat="34.231840000" lon="-111.696650000">
        <ele>726</ele>
      </trkpt>
      <trkpt lat="34.231920000" lon="-111.696740000">
        <ele>725</ele>
      </trkpt>
      <trkpt lat="34.231980000" lon="-111.696760000">
        <ele>725</ele>
      </trkpt>
      <trkpt lat="34.232020000" lon="-111.696770000">
        <ele>725</ele>
      </trkpt>
      <trkpt lat="34.232080000" lon="-111.696720000">
        <ele>726</ele>
      </trkpt>
      <trkpt lat="34.232210000" lon="-111.696670000">
        <ele>727</ele>
      </trkpt>
      <trkpt lat="34.232310000" lon="-111.696680000">
        <ele>728</ele>
      </trkpt>
      <trkpt lat="34.232380000" lon="-111.696780000">
        <ele>728</ele>
      </trkpt>
      <trkpt lat="34.232450000" lon="-111.697040000">
        <ele>728</ele>
      </trkpt>
      <trkpt lat="34.232500000" lon="-111.697060000">
        <ele>728</ele>
      </trkpt>
      <trkpt lat="34.232640000" lon="-111.697260000">
        <ele>729</ele>
      </trkpt>
      <trkpt lat="34.232820000" lon="-111.697420000">
        <ele>729</ele>
      </trkpt>
      <trkpt lat="34.232880000" lon="-111.697450000">
        <ele>729</ele>
      </trkpt>
      <trkpt lat="34.232970000" lon="-111.697590000">
        <ele>728</ele>
      </trkpt>
      <trkpt lat="34.233090000" lon="-111.697700000">
        <ele>728</ele>
      </trkpt>
      <trkpt lat="34.233200000" lon="-111.697920000">
        <ele>726</ele>
      </trkpt>
      <trkpt lat="34.233260000" lon="-111.697950000">
        <ele>726</ele>
      </trkpt>
      <trkpt lat="34.233340000" lon="-111.698100000">
        <ele>725</ele>
      </trkpt>
      <trkpt lat="34.233450000" lon="-111.698090000">
        <ele>725</ele>
      </trkpt>
      <trkpt lat="34.233530000" lon="-111.698040000">
        <ele>726</ele>
      </trkpt>
      <trkpt lat="34.233660000" lon="-111.698080000">
        <ele>726</ele>
      </trkpt>
      <trkpt lat="34.233770000" lon="-111.698080000">
        <ele>726</ele>
      </trkpt>
      <trkpt lat="34.233830000" lon="-111.698020000">
        <ele>726</ele>
      </trkpt>
      <trkpt lat="34.233930000" lon="-111.698040000">
        <ele>726</ele>
      </trkpt>
      <trkpt lat="34.234010000" lon="-111.698090000">
        <ele>726</ele>
      </trkpt>
      <trkpt lat="34.234080000" lon="-111.698180000">
        <ele>726</ele>
      </trkpt>
      <trkpt lat="34.234170000" lon="-111.698210000">
        <ele>726</ele>
      </trkpt>
      <trkpt lat="34.234210000" lon="-111.698250000">
        <ele>726</ele>
      </trkpt>
      <trkpt lat="34.234260000" lon="-111.698240000">
        <ele>726</ele>
      </trkpt>
      <trkpt lat="34.234310000" lon="-111.698280000">
        <ele>726</ele>
      </trkpt>
      <trkpt lat="34.234550000" lon="-111.698340000">
        <ele>726</ele>
      </trkpt>
      <trkpt lat="34.234670000" lon="-111.698440000">
        <ele>727</ele>
      </trkpt>
      <trkpt lat="34.234760000" lon="-111.698480000">
        <ele>727</ele>
      </trkpt>
      <trkpt lat="34.234790000" lon="-111.698480000">
        <ele>727</ele>
      </trkpt>
      <trkpt lat="34.234870000" lon="-111.698550000">
        <ele>727</ele>
      </trkpt>
      <trkpt lat="34.234990000" lon="-111.698560000">
        <ele>728</ele>
      </trkpt>
      <trkpt lat="34.235090000" lon="-111.698600000">
        <ele>728</ele>
      </trkpt>
      <trkpt lat="34.235140000" lon="-111.698650000">
        <ele>728</ele>
      </trkpt>
      <trkpt lat="34.235260000" lon="-111.698690000">
        <ele>729</ele>
      </trkpt>
      <trkpt lat="34.235280000" lon="-111.698720000">
        <ele>729</ele>
      </trkpt>
      <trkpt lat="34.235340000" lon="-111.698730000">
        <ele>729</ele>
      </trkpt>
      <trkpt lat="34.235400000" lon="-111.698640000">
        <ele>729</ele>
      </trkpt>
      <trkpt lat="34.235490000" lon="-111.698640000">
        <ele>729</ele>
      </trkpt>
      <trkpt lat="34.235560000" lon="-111.698670000">
        <ele>730</ele>
      </trkpt>
      <trkpt lat="34.235630000" lon="-111.698640000">
        <ele>730</ele>
      </trkpt>
      <trkpt lat="34.235770000" lon="-111.698790000">
        <ele>731</ele>
      </trkpt>
      <trkpt lat="34.235880000" lon="-111.698860000">
        <ele>731</ele>
      </trkpt>
      <trkpt lat="34.235970000" lon="-111.698890000">
        <ele>732</ele>
      </trkpt>
      <trkpt lat="34.236040000" lon="-111.698960000">
        <ele>732</ele>
      </trkpt>
      <trkpt lat="34.236120000" lon="-111.698980000">
        <ele>732</ele>
      </trkpt>
      <trkpt lat="34.236250000" lon="-111.698940000">
        <ele>733</ele>
      </trkpt>
      <trkpt lat="34.236330000" lon="-111.698890000">
        <ele>733</ele>
      </trkpt>
      <trkpt lat="34.236480000" lon="-111.698860000">
        <ele>733</ele>
      </trkpt>
      <trkpt lat="34.236500000" lon="-111.698840000">
        <ele>733</ele>
      </trkpt>
      <trkpt lat="34.236500000" lon="-111.698770000">
        <ele>733</ele>
      </trkpt>
      <trkpt lat="34.236540000" lon="-111.698690000">
        <ele>733</ele>
      </trkpt>
      <trkpt lat="34.236660000" lon="-111.698680000">
        <ele>733</ele>
      </trkpt>
      <trkpt lat="34.236670000" lon="-111.698620000">
        <ele>733</ele>
      </trkpt>
      <trkpt lat="34.236760000" lon="-111.698550000">
        <ele>734</ele>
      </trkpt>
      <trkpt lat="34.236780000" lon="-111.698470000">
        <ele>734</ele>
      </trkpt>
      <trkpt lat="34.236850000" lon="-111.698410000">
        <ele>734</ele>
      </trkpt>
      <trkpt lat="34.236930000" lon="-111.698380000">
        <ele>734</ele>
      </trkpt>
      <trkpt lat="34.236990000" lon="-111.698240000">
        <ele>735</ele>
      </trkpt>
      <trkpt lat="34.237110000" lon="-111.698200000">
        <ele>735</ele>
      </trkpt>
      <trkpt lat="34.237160000" lon="-111.698210000">
        <ele>735</ele>
      </trkpt>
      <trkpt lat="34.237370000" lon="-111.698080000">
        <ele>737</ele>
      </trkpt>
      <trkpt lat="34.237540000" lon="-111.698050000">
        <ele>737</ele>
      </trkpt>
      <trkpt lat="34.237590000" lon="-111.698000000">
        <ele>738</ele>
      </trkpt>
      <trkpt lat="34.237720000" lon="-111.697990000">
        <ele>738</ele>
      </trkpt>
      <trkpt lat="34.237880000" lon="-111.697840000">
        <ele>740</ele>
      </trkpt>
      <trkpt lat="34.237980000" lon="-111.697640000">
        <ele>743</ele>
      </trkpt>
      <trkpt lat="34.238060000" lon="-111.697580000">
        <ele>743</ele>
      </trkpt>
      <trkpt lat="34.238280000" lon="-111.697610000">
        <ele>743</ele>
      </trkpt>
      <trkpt lat="34.238390000" lon="-111.697520000">
        <ele>744</ele>
      </trkpt>
      <trkpt lat="34.238440000" lon="-111.697420000">
        <ele>744</ele>
      </trkpt>
      <trkpt lat="34.238510000" lon="-111.697370000">
        <ele>745</ele>
      </trkpt>
      <trkpt lat="34.238510000" lon="-111.697290000">
        <ele>746</ele>
      </trkpt>
      <trkpt lat="34.238620000" lon="-111.697030000">
        <ele>747</ele>
      </trkpt>
      <trkpt lat="34.238730000" lon="-111.696960000">
        <ele>747</ele>
      </trkpt>
      <trkpt lat="34.238860000" lon="-111.696820000">
        <ele>748</ele>
      </trkpt>
      <trkpt lat="34.239000000" lon="-111.696720000">
        <ele>747</ele>
      </trkpt>
      <trkpt lat="34.239100000" lon="-111.696590000">
        <ele>748</ele>
      </trkpt>
      <trkpt lat="34.239330000" lon="-111.696520000">
        <ele>746</ele>
      </trkpt>
      <trkpt lat="34.239550000" lon="-111.696510000">
        <ele>745</ele>
      </trkpt>
      <trkpt lat="34.239620000" lon="-111.696440000">
        <ele>746</ele>
      </trkpt>
      <trkpt lat="34.239710000" lon="-111.696430000">
        <ele>746</ele>
      </trkpt>
      <trkpt lat="34.239730000" lon="-111.696400000">
        <ele>746</ele>
      </trkpt>
      <trkpt lat="34.239860000" lon="-111.696440000">
        <ele>746</ele>
      </trkpt>
      <trkpt lat="34.239970000" lon="-111.696420000">
        <ele>747</ele>
      </trkpt>
      <trkpt lat="34.240020000" lon="-111.696360000">
        <ele>747</ele>
      </trkpt>
      <trkpt lat="34.240150000" lon="-111.696330000">
        <ele>748</ele>
      </trkpt>
      <trkpt lat="34.240260000" lon="-111.696230000">
        <ele>749</ele>
      </trkpt>
      <trkpt lat="34.240380000" lon="-111.696200000">
        <ele>749</ele>
      </trkpt>
      <trkpt lat="34.240480000" lon="-111.695970000">
        <ele>752</ele>
      </trkpt>
      <trkpt lat="34.240640000" lon="-111.695840000">
        <ele>755</ele>
      </trkpt>
      <trkpt lat="34.240680000" lon="-111.695780000">
        <ele>756</ele>
      </trkpt>
      <trkpt lat="34.240690000" lon="-111.695640000">
        <ele>757</ele>
      </trkpt>
      <trkpt lat="34.240710000" lon="-111.695570000">
        <ele>757</ele>
      </trkpt>
      <trkpt lat="34.240910000" lon="-111.695270000">
        <ele>754</ele>
      </trkpt>
      <trkpt lat="34.240930000" lon="-111.695190000">
        <ele>753</ele>
      </trkpt>
      <trkpt lat="34.240970000" lon="-111.695140000">
        <ele>752</ele>
      </trkpt>
      <trkpt lat="34.241080000" lon="-111.695100000">
        <ele>748</ele>
      </trkpt>
      <trkpt lat="34.241050000" lon="-111.694980000">
        <ele>748</ele>
      </trkpt>
      <trkpt lat="34.241100000" lon="-111.694640000">
        <ele>743</ele>
      </trkpt>
      <trkpt lat="34.241080000" lon="-111.694350000">
        <ele>730</ele>
      </trkpt>
      <trkpt lat="34.241120000" lon="-111.694350000">
        <ele>729</ele>
      </trkpt>
      <trkpt lat="34.241190000" lon="-111.694410000">
        <ele>729</ele>
      </trkpt>
      <trkpt lat="34.241270000" lon="-111.694400000">
        <ele>727</ele>
      </trkpt>
      <trkpt lat="34.241400000" lon="-111.694430000">
        <ele>725</ele>
      </trkpt>
      <trkpt lat="34.241420000" lon="-111.694410000">
        <ele>725</ele>
      </trkpt>
      <trkpt lat="34.241430000" lon="-111.694350000">
        <ele>726</ele>
      </trkpt>
      <trkpt lat="34.241490000" lon="-111.694350000">
        <ele>726</ele>
      </trkpt>
      <trkpt lat="34.241600000" lon="-111.694320000">
        <ele>728</ele>
      </trkpt>
      <trkpt lat="34.241650000" lon="-111.694230000">
        <ele>732</ele>
      </trkpt>
      <trkpt lat="34.241800000" lon="-111.694220000">
        <ele>732</ele>
      </trkpt>
      <trkpt lat="34.241790000" lon="-111.694190000">
        <ele>734</ele>
      </trkpt>
      <trkpt lat="34.241830000" lon="-111.694150000">
        <ele>735</ele>
      </trkpt>
      <trkpt lat="34.241940000" lon="-111.694190000">
        <ele>731</ele>
      </trkpt>
      <trkpt lat="34.242030000" lon="-111.694130000">
        <ele>732</ele>
      </trkpt>
      <trkpt lat="34.242220000" lon="-111.693900000">
        <ele>738</ele>
      </trkpt>
      <trkpt lat="34.242260000" lon="-111.693740000">
        <ele>746</ele>
      </trkpt>
      <trkpt lat="34.242420000" lon="-111.693730000">
        <ele>745</ele>
      </trkpt>
      <trkpt lat="34.242500000" lon="-111.693660000">
        <ele>746</ele>
      </trkpt>
      <trkpt lat="34.242520000" lon="-111.693600000">
        <ele>746</ele>
      </trkpt>
      <trkpt lat="34.242680000" lon="-111.693480000">
        <ele>742</ele>
      </trkpt>
      <trkpt lat="34.242780000" lon="-111.693370000">
        <ele>744</ele>
      </trkpt>
      <trkpt lat="34.242850000" lon="-111.693260000">
        <ele>745</ele>
      </trkpt>
      <trkpt lat="34.242910000" lon="-111.693220000">
        <ele>744</ele>
      </trkpt>
      <trkpt lat="34.242920000" lon="-111.693180000">
        <ele>744</ele>
      </trkpt>
      <trkpt lat="34.243170000" lon="-111.693160000">
        <ele>737</ele>
      </trkpt>
      <trkpt lat="34.243250000" lon="-111.693120000">
        <ele>736</ele>
      </trkpt>
      <trkpt lat="34.243320000" lon="-111.693060000">
        <ele>738</ele>
      </trkpt>
      <trkpt lat="34.243360000" lon="-111.692940000">
        <ele>740</ele>
      </trkpt>
      <trkpt lat="34.243390000" lon="-111.692930000">
        <ele>740</ele>
      </trkpt>
      <trkpt lat="34.243480000" lon="-111.693000000">
        <ele>738</ele>
      </trkpt>
      <trkpt lat="34.243550000" lon="-111.693000000">
        <ele>738</ele>
      </trkpt>
      <trkpt lat="34.243700000" lon="-111.692880000">
        <ele>740</ele>
      </trkpt>
      <trkpt lat="34.243810000" lon="-111.692920000">
        <ele>739</ele>
      </trkpt>
      <trkpt lat="34.243850000" lon="-111.692960000">
        <ele>738</ele>
      </trkpt>
      <trkpt lat="34.243870000" lon="-111.692940000">
        <ele>738</ele>
      </trkpt>
      <trkpt lat="34.243950000" lon="-111.692940000">
        <ele>738</ele>
      </trkpt>
      <trkpt lat="34.244090000" lon="-111.693050000">
        <ele>736</ele>
      </trkpt>
      <trkpt lat="34.244160000" lon="-111.693010000">
        <ele>737</ele>
      </trkpt>
      <trkpt lat="34.244280000" lon="-111.692860000">
        <ele>739</ele>
      </trkpt>
      <trkpt lat="34.244380000" lon="-111.692920000">
        <ele>738</ele>
      </trkpt>
      <trkpt lat="34.244410000" lon="-111.693020000">
        <ele>737</ele>
      </trkpt>
      <trkpt lat="34.244650000" lon="-111.693130000">
        <ele>736</ele>
      </trkpt>
      <trkpt lat="34.244670000" lon="-111.693210000">
        <ele>735</ele>
      </trkpt>
      <trkpt lat="34.244850000" lon="-111.693340000">
        <ele>735</ele>
      </trkpt>
      <trkpt lat="34.245010000" lon="-111.693390000">
        <ele>735</ele>
      </trkpt>
      <trkpt lat="34.245060000" lon="-111.693440000">
        <ele>735</ele>
      </trkpt>
      <trkpt lat="34.245280000" lon="-111.693470000">
        <ele>735</ele>
      </trkpt>
      <trkpt lat="34.245360000" lon="-111.693440000">
        <ele>735</ele>
      </trkpt>
      <trkpt lat="34.245410000" lon="-111.693350000">
        <ele>736</ele>
      </trkpt>
      <trkpt lat="34.245460000" lon="-111.693330000">
        <ele>736</ele>
      </trkpt>
      <trkpt lat="34.245700000" lon="-111.693370000">
        <ele>735</ele>
      </trkpt>
      <trkpt lat="34.245890000" lon="-111.693220000">
        <ele>736</ele>
      </trkpt>
      <trkpt lat="34.245940000" lon="-111.693140000">
        <ele>736</ele>
      </trkpt>
      <trkpt lat="34.246000000" lon="-111.693140000">
        <ele>736</ele>
      </trkpt>
      <trkpt lat="34.246060000" lon="-111.693100000">
        <ele>736</ele>
      </trkpt>
      <trkpt lat="34.246150000" lon="-111.693110000">
        <ele>735</ele>
      </trkpt>
      <trkpt lat="34.246210000" lon="-111.693070000">
        <ele>735</ele>
      </trkpt>
      <trkpt lat="34.246290000" lon="-111.692970000">
        <ele>736</ele>
      </trkpt>
      <trkpt lat="34.246270000" lon="-111.693030000">
        <ele>735</ele>
      </trkpt>
      <trkpt lat="34.246280000" lon="-111.693080000">
        <ele>735</ele>
      </trkpt>
      <trkpt lat="34.246340000" lon="-111.693130000">
        <ele>735</ele>
      </trkpt>
      <trkpt lat="34.246350000" lon="-111.693190000">
        <ele>734</ele>
      </trkpt>
      <trkpt lat="34.246270000" lon="-111.693080000">
        <ele>735</ele>
      </trkpt>
      <trkpt lat="34.246270000" lon="-111.693000000">
        <ele>736</ele>
      </trkpt>
      <trkpt lat="34.246370000" lon="-111.692800000">
        <ele>738</ele>
      </trkpt>
      <trkpt lat="34.246450000" lon="-111.692760000">
        <ele>738</ele>
      </trkpt>
      <trkpt lat="34.246580000" lon="-111.692780000">
        <ele>737</ele>
      </trkpt>
      <trkpt lat="34.246650000" lon="-111.692720000">
        <ele>739</ele>
      </trkpt>
      <trkpt lat="34.246780000" lon="-111.692710000">
        <ele>739</ele>
      </trkpt>
      <trkpt lat="34.246840000" lon="-111.692710000">
        <ele>739</ele>
      </trkpt>
      <trkpt lat="34.246940000" lon="-111.692750000">
        <ele>738</ele>
      </trkpt>
      <trkpt lat="34.247010000" lon="-111.692650000">
        <ele>739</ele>
      </trkpt>
      <trkpt lat="34.247160000" lon="-111.692680000">
        <ele>739</ele>
      </trkpt>
      <trkpt lat="34.247270000" lon="-111.692670000">
        <ele>739</ele>
      </trkpt>
      <trkpt lat="34.247330000" lon="-111.692640000">
        <ele>739</ele>
      </trkpt>
      <trkpt lat="34.247350000" lon="-111.692550000">
        <ele>740</ele>
      </trkpt>
      <trkpt lat="34.247530000" lon="-111.692490000">
        <ele>741</ele>
      </trkpt>
      <trkpt lat="34.247590000" lon="-111.692450000">
        <ele>742</ele>
      </trkpt>
      <trkpt lat="34.247640000" lon="-111.692450000">
        <ele>742</ele>
      </trkpt>
      <trkpt lat="34.247750000" lon="-111.692510000">
        <ele>742</ele>
      </trkpt>
      <trkpt lat="34.247950000" lon="-111.692520000">
        <ele>742</ele>
      </trkpt>
      <trkpt lat="34.248120000" lon="-111.692420000">
        <ele>743</ele>
      </trkpt>
      <trkpt lat="34.248180000" lon="-111.692410000">
        <ele>744</ele>
      </trkpt>
      <trkpt lat="34.248270000" lon="-111.692260000">
        <ele>745</ele>
      </trkpt>
      <trkpt lat="34.248520000" lon="-111.692350000">
        <ele>745</ele>
      </trkpt>
      <trkpt lat="34.248670000" lon="-111.692340000">
        <ele>745</ele>
      </trkpt>
      <trkpt lat="34.248770000" lon="-111.692370000">
        <ele>745</ele>
      </trkpt>
      <trkpt lat="34.248960000" lon="-111.692330000">
        <ele>746</ele>
      </trkpt>
      <trkpt lat="34.249170000" lon="-111.692310000">
        <ele>747</ele>
      </trkpt>
      <trkpt lat="34.249300000" lon="-111.692360000">
        <ele>747</ele>
      </trkpt>
      <trkpt lat="34.249430000" lon="-111.692350000">
        <ele>747</ele>
      </trkpt>
      <trkpt lat="34.249500000" lon="-111.692420000">
        <ele>747</ele>
      </trkpt>
      <trkpt lat="34.249830000" lon="-111.692410000">
        <ele>748</ele>
      </trkpt>
      <trkpt lat="34.250090000" lon="-111.692310000">
        <ele>749</ele>
      </trkpt>
      <trkpt lat="34.250270000" lon="-111.692330000">
        <ele>749</ele>
      </trkpt>
      <trkpt lat="34.250440000" lon="-111.692260000">
        <ele>750</ele>
      </trkpt>
      <trkpt lat="34.250530000" lon="-111.692180000">
        <ele>750</ele>
      </trkpt>
      <trkpt lat="34.250590000" lon="-111.692070000">
        <ele>751</ele>
      </trkpt>
      <trkpt lat="34.250650000" lon="-111.692040000">
        <ele>751</ele>
      </trkpt>
      <trkpt lat="34.250680000" lon="-111.692040000">
        <ele>751</ele>
      </trkpt>
      <trkpt lat="34.250790000" lon="-111.692110000">
        <ele>751</ele>
      </trkpt>
      <trkpt lat="34.250840000" lon="-111.692110000">
        <ele>751</ele>
      </trkpt>
      <trkpt lat="34.250980000" lon="-111.691980000">
        <ele>752</ele>
      </trkpt>
      <trkpt lat="34.251140000" lon="-111.691930000">
        <ele>753</ele>
      </trkpt>
      <trkpt lat="34.251190000" lon="-111.691840000">
        <ele>753</ele>
      </trkpt>
      <trkpt lat="34.251250000" lon="-111.691810000">
        <ele>753</ele>
      </trkpt>
      <trkpt lat="34.251330000" lon="-111.691830000">
        <ele>753</ele>
      </trkpt>
      <trkpt lat="34.251570000" lon="-111.691810000">
        <ele>754</ele>
      </trkpt>
      <trkpt lat="34.251690000" lon="-111.691690000">
        <ele>754</ele>
      </trkpt>
      <trkpt lat="34.251910000" lon="-111.691540000">
        <ele>755</ele>
      </trkpt>
      <trkpt lat="34.251970000" lon="-111.691470000">
        <ele>755</ele>
      </trkpt>
      <trkpt lat="34.252090000" lon="-111.691480000">
        <ele>755</ele>
      </trkpt>
      <trkpt lat="34.252340000" lon="-111.691330000">
        <ele>755</ele>
      </trkpt>
      <trkpt lat="34.252420000" lon="-111.691180000">
        <ele>755</ele>
      </trkpt>
      <trkpt lat="34.252510000" lon="-111.691120000">
        <ele>755</ele>
      </trkpt>
      <trkpt lat="34.252580000" lon="-111.691010000">
        <ele>755</ele>
      </trkpt>
      <trkpt lat="34.252640000" lon="-111.690970000">
        <ele>755</ele>
      </trkpt>
      <trkpt lat="34.252690000" lon="-111.690910000">
        <ele>755</ele>
      </trkpt>
      <trkpt lat="34.252720000" lon="-111.690820000">
        <ele>755</ele>
      </trkpt>
      <trkpt lat="34.252900000" lon="-111.690740000">
        <ele>755</ele>
      </trkpt>
      <trkpt lat="34.252940000" lon="-111.690680000">
        <ele>755</ele>
      </trkpt>
      <trkpt lat="34.253060000" lon="-111.690630000">
        <ele>755</ele>
      </trkpt>
      <trkpt lat="34.253260000" lon="-111.690430000">
        <ele>755</ele>
      </trkpt>
      <trkpt lat="34.253550000" lon="-111.690270000">
        <ele>755</ele>
      </trkpt>
      <trkpt lat="34.253700000" lon="-111.690140000">
        <ele>755</ele>
      </trkpt>
      <trkpt lat="34.253790000" lon="-111.690110000">
        <ele>755</ele>
      </trkpt>
      <trkpt lat="34.253880000" lon="-111.690120000">
        <ele>756</ele>
      </trkpt>
      <trkpt lat="34.254020000" lon="-111.690040000">
        <ele>757</ele>
      </trkpt>
      <trkpt lat="34.254170000" lon="-111.690000000">
        <ele>757</ele>
      </trkpt>
      <trkpt lat="34.254310000" lon="-111.689870000">
        <ele>758</ele>
      </trkpt>
      <trkpt lat="34.254490000" lon="-111.689840000">
        <ele>759</ele>
      </trkpt>
      <trkpt lat="34.254580000" lon="-111.689760000">
        <ele>759</ele>
      </trkpt>
      <trkpt lat="34.254740000" lon="-111.689650000">
        <ele>759</ele>
      </trkpt>
      <trkpt lat="34.254900000" lon="-111.689590000">
        <ele>759</ele>
      </trkpt>
      <trkpt lat="34.255170000" lon="-111.689450000">
        <ele>760</ele>
      </trkpt>
      <trkpt lat="34.255330000" lon="-111.689250000">
        <ele>762</ele>
      </trkpt>
      <trkpt lat="34.255420000" lon="-111.689200000">
        <ele>763</ele>
      </trkpt>
      <trkpt lat="34.255610000" lon="-111.688960000">
        <ele>766</ele>
      </trkpt>
      <trkpt lat="34.255750000" lon="-111.688880000">
        <ele>767</ele>
      </trkpt>
      <trkpt lat="34.255810000" lon="-111.688810000">
        <ele>768</ele>
      </trkpt>
      <trkpt lat="34.256010000" lon="-111.688750000">
        <ele>769</ele>
      </trkpt>
      <trkpt lat="34.256130000" lon="-111.688680000">
        <ele>769</ele>
      </trkpt>
      <trkpt lat="34.256170000" lon="-111.688610000">
        <ele>770</ele>
      </trkpt>
      <trkpt lat="34.256250000" lon="-111.688570000">
        <ele>770</ele>
      </trkpt>
      <trkpt lat="34.256300000" lon="-111.688520000">
        <ele>770</ele>
      </trkpt>
      <trkpt lat="34.256400000" lon="-111.688500000">
        <ele>769</ele>
      </trkpt>
      <trkpt lat="34.256520000" lon="-111.688380000">
        <ele>769</ele>
      </trkpt>
      <trkpt lat="34.256620000" lon="-111.688350000">
        <ele>768</ele>
      </trkpt>
      <trkpt lat="34.256730000" lon="-111.688270000">
        <ele>767</ele>
      </trkpt>
      <trkpt lat="34.256960000" lon="-111.687980000">
        <ele>766</ele>
      </trkpt>
      <trkpt lat="34.257110000" lon="-111.687950000">
        <ele>765</ele>
      </trkpt>
      <trkpt lat="34.257280000" lon="-111.687790000">
        <ele>764</ele>
      </trkpt>
      <trkpt lat="34.257400000" lon="-111.687720000">
        <ele>763</ele>
      </trkpt>
      <trkpt lat="34.257500000" lon="-111.687570000">
        <ele>762</ele>
      </trkpt>
      <trkpt lat="34.257550000" lon="-111.687450000">
        <ele>761</ele>
      </trkpt>
      <trkpt lat="34.257570000" lon="-111.687340000">
        <ele>760</ele>
      </trkpt>
      <trkpt lat="34.257710000" lon="-111.687210000">
        <ele>758</ele>
      </trkpt>
      <trkpt lat="34.257880000" lon="-111.687120000">
        <ele>757</ele>
      </trkpt>
      <trkpt lat="34.257950000" lon="-111.687040000">
        <ele>757</ele>
      </trkpt>
      <trkpt lat="34.257970000" lon="-111.686960000">
        <ele>758</ele>
      </trkpt>
      <trkpt lat="34.258200000" lon="-111.686900000">
        <ele>757</ele>
      </trkpt>
      <trkpt lat="34.258260000" lon="-111.686920000">
        <ele>757</ele>
      </trkpt>
      <trkpt lat="34.258370000" lon="-111.686870000">
        <ele>757</ele>
      </trkpt>
      <trkpt lat="34.258520000" lon="-111.686860000">
        <ele>758</ele>
      </trkpt>
      <trkpt lat="34.258560000" lon="-111.686830000">
        <ele>758</ele>
      </trkpt>
      <trkpt lat="34.258670000" lon="-111.686650000">
        <ele>760</ele>
      </trkpt>
      <trkpt lat="34.258770000" lon="-111.686630000">
        <ele>760</ele>
      </trkpt>
      <trkpt lat="34.258870000" lon="-111.686530000">
        <ele>761</ele>
      </trkpt>
      <trkpt lat="34.258960000" lon="-111.686490000">
        <ele>761</ele>
      </trkpt>
      <trkpt lat="34.259060000" lon="-111.686410000">
        <ele>761</ele>
      </trkpt>
      <trkpt lat="34.259160000" lon="-111.686260000">
        <ele>763</ele>
      </trkpt>
      <trkpt lat="34.259170000" lon="-111.686120000">
        <ele>763</ele>
      </trkpt>
      <trkpt lat="34.259240000" lon="-111.686030000">
        <ele>762</ele>
      </trkpt>
      <trkpt lat="34.259280000" lon="-111.685910000">
        <ele>760</ele>
      </trkpt>
      <trkpt lat="34.259280000" lon="-111.685780000">
        <ele>758</ele>
      </trkpt>
      <trkpt lat="34.259340000" lon="-111.685700000">
        <ele>757</ele>
      </trkpt>
      <trkpt lat="34.259390000" lon="-111.685570000">
        <ele>758</ele>
      </trkpt>
      <trkpt lat="34.259440000" lon="-111.685530000">
        <ele>758</ele>
      </trkpt>
      <trkpt lat="34.259480000" lon="-111.685450000">
        <ele>759</ele>
      </trkpt>
      <trkpt lat="34.259500000" lon="-111.685430000">
        <ele>759</ele>
      </trkpt>
      <trkpt lat="34.259580000" lon="-111.685430000">
        <ele>758</ele>
      </trkpt>
      <trkpt lat="34.259720000" lon="-111.685400000">
        <ele>755</ele>
      </trkpt>
      <trkpt lat="34.259750000" lon="-111.685370000">
        <ele>755</ele>
      </trkpt>
      <trkpt lat="34.259810000" lon="-111.685370000">
        <ele>754</ele>
      </trkpt>
      <trkpt lat="34.259920000" lon="-111.685200000">
        <ele>758</ele>
      </trkpt>
      <trkpt lat="34.260030000" lon="-111.684970000">
        <ele>762</ele>
      </trkpt>
      <trkpt lat="34.260070000" lon="-111.684940000">
        <ele>763</ele>
      </trkpt>
      <trkpt lat="34.260100000" lon="-111.684960000">
        <ele>763</ele>
      </trkpt>
      <trkpt lat="34.260120000" lon="-111.685030000">
        <ele>761</ele>
      </trkpt>
      <trkpt lat="34.260100000" lon="-111.684980000">
        <ele>762</ele>
      </trkpt>
      <trkpt lat="34.260040000" lon="-111.684980000">
        <ele>762</ele>
      </trkpt>
      <trkpt lat="34.260120000" lon="-111.684820000">
        <ele>765</ele>
      </trkpt>
      <trkpt lat="34.260160000" lon="-111.684660000">
        <ele>768</ele>
      </trkpt>
      <trkpt lat="34.260240000" lon="-111.684600000">
        <ele>768</ele>
      </trkpt>
      <trkpt lat="34.260290000" lon="-111.684490000">
        <ele>771</ele>
      </trkpt>
      <trkpt lat="34.260400000" lon="-111.684340000">
        <ele>774</ele>
      </trkpt>
      <trkpt lat="34.260450000" lon="-111.684170000">
        <ele>778</ele>
      </trkpt>
      <trkpt lat="34.260520000" lon="-111.684070000">
        <ele>779</ele>
      </trkpt>
      <trkpt lat="34.260540000" lon="-111.683940000">
        <ele>784</ele>
      </trkpt>
      <trkpt lat="34.260600000" lon="-111.683850000">
        <ele>784</ele>
      </trkpt>
      <trkpt lat="34.260690000" lon="-111.683830000">
        <ele>779</ele>
      </trkpt>
      <trkpt lat="34.260550000" lon="-111.683690000">
        <ele>788</ele>
      </trkpt>
      <trkpt lat="34.260570000" lon="-111.683340000">
        <ele>787</ele>
      </trkpt>
      <trkpt lat="34.260530000" lon="-111.683170000">
        <ele>787</ele>
      </trkpt>
      <trkpt lat="34.260500000" lon="-111.683100000">
        <ele>788</ele>
      </trkpt>
      <trkpt lat="34.260520000" lon="-111.683110000">
        <ele>787</ele>
      </trkpt>
      <trkpt lat="34.260540000" lon="-111.683050000">
        <ele>785</ele>
      </trkpt>
      <trkpt lat="34.260530000" lon="-111.683080000">
        <ele>786</ele>
      </trkpt>
      <trkpt lat="34.260510000" lon="-111.683070000">
        <ele>787</ele>
      </trkpt>
      <trkpt lat="34.260460000" lon="-111.683050000">
        <ele>788</ele>
      </trkpt>
      <trkpt lat="34.260450000" lon="-111.683010000">
        <ele>789</ele>
      </trkpt>
      <trkpt lat="34.260440000" lon="-111.682870000">
        <ele>788</ele>
      </trkpt>
      <trkpt lat="34.260320000" lon="-111.682470000">
        <ele>792</ele>
      </trkpt>
      <trkpt lat="34.260240000" lon="-111.682360000">
        <ele>795</ele>
      </trkpt>
      <trkpt lat="34.260260000" lon="-111.682010000">
        <ele>787</ele>
      </trkpt>
      <trkpt lat="34.260310000" lon="-111.681870000">
        <ele>782</ele>
      </trkpt>
      <trkpt lat="34.260360000" lon="-111.681820000">
        <ele>778</ele>
      </trkpt>
      <trkpt lat="34.260350000" lon="-111.681790000">
        <ele>778</ele>
      </trkpt>
      <trkpt lat="34.260380000" lon="-111.681800000">
        <ele>777</ele>
      </trkpt>
      <trkpt lat="34.260400000" lon="-111.681780000">
        <ele>775</ele>
      </trkpt>
      <trkpt lat="34.260390000" lon="-111.681720000">
        <ele>775</ele>
      </trkpt>
      <trkpt lat="34.260440000" lon="-111.681740000">
        <ele>772</ele>
      </trkpt>
      <trkpt lat="34.260470000" lon="-111.681740000">
        <ele>769</ele>
      </trkpt>
      <trkpt lat="34.260480000" lon="-111.681700000">
        <ele>768</ele>
      </trkpt>
      <trkpt lat="34.260460000" lon="-111.681550000">
        <ele>765</ele>
      </trkpt>
      <trkpt lat="34.260520000" lon="-111.681550000">
        <ele>761</ele>
      </trkpt>
      <trkpt lat="34.260580000" lon="-111.681580000">
        <ele>758</ele>
      </trkpt>
      <trkpt lat="34.260640000" lon="-111.681740000">
        <ele>757</ele>
      </trkpt>
      <trkpt lat="34.260670000" lon="-111.681720000">
        <ele>755</ele>
      </trkpt>
      <trkpt lat="34.260880000" lon="-111.681760000">
        <ele>751</ele>
      </trkpt>
      <trkpt lat="34.260890000" lon="-111.681670000">
        <ele>754</ele>
      </trkpt>
      <trkpt lat="34.261070000" lon="-111.681760000">
        <ele>751</ele>
      </trkpt>
      <trkpt lat="34.261250000" lon="-111.681740000">
        <ele>757</ele>
      </trkpt>
      <trkpt lat="34.261310000" lon="-111.681690000">
        <ele>757</ele>
      </trkpt>
      <trkpt lat="34.261300000" lon="-111.681570000">
        <ele>755</ele>
      </trkpt>
      <trkpt lat="34.261400000" lon="-111.681360000">
        <ele>743</ele>
      </trkpt>
      <trkpt lat="34.261400000" lon="-111.681330000">
        <ele>745</ele>
      </trkpt>
      <trkpt lat="34.261510000" lon="-111.681210000">
        <ele>739</ele>
      </trkpt>
      <trkpt lat="34.261700000" lon="-111.681110000">
        <ele>735</ele>
      </trkpt>
      <trkpt lat="34.261710000" lon="-111.681080000">
        <ele>735</ele>
      </trkpt>
      <trkpt lat="34.261810000" lon="-111.681050000">
        <ele>735</ele>
      </trkpt>
      <trkpt lat="34.261830000" lon="-111.681070000">
        <ele>735</ele>
      </trkpt>
      <trkpt lat="34.261920000" lon="-111.681080000">
        <ele>735</ele>
      </trkpt>
      <trkpt lat="34.261950000" lon="-111.681030000">
        <ele>735</ele>
      </trkpt>
      <trkpt lat="34.262010000" lon="-111.680970000">
        <ele>735</ele>
      </trkpt>
      <trkpt lat="34.262030000" lon="-111.680910000">
        <ele>736</ele>
      </trkpt>
      <trkpt lat="34.262050000" lon="-111.680930000">
        <ele>736</ele>
      </trkpt>
      <trkpt lat="34.262030000" lon="-111.680930000">
        <ele>736</ele>
      </trkpt>
      <trkpt lat="34.261990000" lon="-111.680980000">
        <ele>735</ele>
      </trkpt>
      <trkpt lat="34.261920000" lon="-111.681020000">
        <ele>735</ele>
      </trkpt>
      <trkpt lat="34.261950000" lon="-111.680950000">
        <ele>736</ele>
      </trkpt>
      <trkpt lat="34.262040000" lon="-111.680880000">
        <ele>737</ele>
      </trkpt>
      <trkpt lat="34.262120000" lon="-111.680880000">
        <ele>736</ele>
      </trkpt>
      <trkpt lat="34.262340000" lon="-111.680740000">
        <ele>740</ele>
      </trkpt>
      <trkpt lat="34.262500000" lon="-111.680740000">
        <ele>738</ele>
      </trkpt>
      <trkpt lat="34.262550000" lon="-111.680710000">
        <ele>738</ele>
      </trkpt>
      <trkpt lat="34.262680000" lon="-111.680610000">
        <ele>738</ele>
      </trkpt>
      <trkpt lat="34.262730000" lon="-111.680530000">
        <ele>738</ele>
      </trkpt>
      <trkpt lat="34.262800000" lon="-111.680470000">
        <ele>738</ele>
      </trkpt>
      <trkpt lat="34.262820000" lon="-111.680450000">
        <ele>738</ele>
      </trkpt>
      <trkpt lat="34.262960000" lon="-111.680500000">
        <ele>736</ele>
      </trkpt>
      <trkpt lat="34.262940000" lon="-111.680400000">
        <ele>737</ele>
      </trkpt>
      <trkpt lat="34.262960000" lon="-111.680260000">
        <ele>738</ele>
      </trkpt>
      <trkpt lat="34.263060000" lon="-111.680170000">
        <ele>739</ele>
      </trkpt>
      <trkpt lat="34.263110000" lon="-111.680160000">
        <ele>739</ele>
      </trkpt>
      <trkpt lat="34.263230000" lon="-111.680060000">
        <ele>740</ele>
      </trkpt>
      <trkpt lat="34.263310000" lon="-111.679900000">
        <ele>742</ele>
      </trkpt>
      <trkpt lat="34.263380000" lon="-111.679860000">
        <ele>741</ele>
      </trkpt>
      <trkpt lat="34.263420000" lon="-111.679720000">
        <ele>742</ele>
      </trkpt>
      <trkpt lat="34.263460000" lon="-111.679680000">
        <ele>742</ele>
      </trkpt>
      <trkpt lat="34.263560000" lon="-111.679700000">
        <ele>742</ele>
      </trkpt>
      <trkpt lat="34.263610000" lon="-111.679570000">
        <ele>743</ele>
      </trkpt>
      <trkpt lat="34.263680000" lon="-111.679480000">
        <ele>744</ele>
      </trkpt>
      <trkpt lat="34.263790000" lon="-111.679500000">
        <ele>743</ele>
      </trkpt>
      <trkpt lat="34.263820000" lon="-111.679460000">
        <ele>744</ele>
      </trkpt>
      <trkpt lat="34.263860000" lon="-111.679460000">
        <ele>743</ele>
      </trkpt>
      <trkpt lat="34.263970000" lon="-111.679300000">
        <ele>745</ele>
      </trkpt>
      <trkpt lat="34.264020000" lon="-111.679260000">
        <ele>746</ele>
      </trkpt>
      <trkpt lat="34.264110000" lon="-111.679260000">
        <ele>745</ele>
      </trkpt>
      <trkpt lat="34.264190000" lon="-111.679210000">
        <ele>745</ele>
      </trkpt>
      <trkpt lat="34.264200000" lon="-111.679170000">
        <ele>746</ele>
      </trkpt>
      <trkpt lat="34.264420000" lon="-111.679100000">
        <ele>744</ele>
      </trkpt>
      <trkpt lat="34.264510000" lon="-111.679010000">
        <ele>744</ele>
      </trkpt>
      <trkpt lat="34.264560000" lon="-111.679010000">
        <ele>744</ele>
      </trkpt>
      <trkpt lat="34.264590000" lon="-111.678970000">
        <ele>744</ele>
      </trkpt>
      <trkpt lat="34.264660000" lon="-111.678940000">
        <ele>744</ele>
      </trkpt>
      <trkpt lat="34.264710000" lon="-111.678790000">
        <ele>743</ele>
      </trkpt>
      <trkpt lat="34.264810000" lon="-111.678770000">
        <ele>743</ele>
      </trkpt>
      <trkpt lat="34.264840000" lon="-111.678690000">
        <ele>743</ele>
      </trkpt>
      <trkpt lat="34.264890000" lon="-111.678680000">
        <ele>743</ele>
      </trkpt>
      <trkpt lat="34.264930000" lon="-111.678630000">
        <ele>743</ele>
      </trkpt>
      <trkpt lat="34.264970000" lon="-111.678640000">
        <ele>743</ele>
      </trkpt>
      <trkpt lat="34.265130000" lon="-111.678450000">
        <ele>744</ele>
      </trkpt>
      <trkpt lat="34.265330000" lon="-111.678320000">
        <ele>744</ele>
      </trkpt>
      <trkpt lat="34.265400000" lon="-111.678310000">
        <ele>744</ele>
      </trkpt>
      <trkpt lat="34.265410000" lon="-111.678270000">
        <ele>745</ele>
      </trkpt>
      <trkpt lat="34.265500000" lon="-111.678190000">
        <ele>746</ele>
      </trkpt>
      <trkpt lat="34.265510000" lon="-111.678150000">
        <ele>747</ele>
      </trkpt>
      <trkpt lat="34.265590000" lon="-111.678060000">
        <ele>748</ele>
      </trkpt>
      <trkpt lat="34.265580000" lon="-111.678030000">
        <ele>749</ele>
      </trkpt>
      <trkpt lat="34.265600000" lon="-111.678000000">
        <ele>749</ele>
      </trkpt>
      <trkpt lat="34.265650000" lon="-111.678020000">
        <ele>749</ele>
      </trkpt>
      <trkpt lat="34.265670000" lon="-111.677990000">
        <ele>749</ele>
      </trkpt>
      <trkpt lat="34.265700000" lon="-111.677990000">
        <ele>749</ele>
      </trkpt>
      <trkpt lat="34.265780000" lon="-111.677850000">
        <ele>748</ele>
      </trkpt>
      <trkpt lat="34.265920000" lon="-111.677720000">
        <ele>747</ele>
      </trkpt>
      <trkpt lat="34.266020000" lon="-111.677710000">
        <ele>745</ele>
      </trkpt>
      <trkpt lat="34.266110000" lon="-111.677570000">
        <ele>745</ele>
      </trkpt>
      <trkpt lat="34.266290000" lon="-111.677470000">
        <ele>743</ele>
      </trkpt>
      <trkpt lat="34.266350000" lon="-111.677350000">
        <ele>746</ele>
      </trkpt>
      <trkpt lat="34.266500000" lon="-111.677340000">
        <ele>746</ele>
      </trkpt>
      <trkpt lat="34.266710000" lon="-111.677260000">
        <ele>746</ele>
      </trkpt>
      <trkpt lat="34.266780000" lon="-111.677190000">
        <ele>746</ele>
      </trkpt>
      <trkpt lat="34.266840000" lon="-111.677170000">
        <ele>746</ele>
      </trkpt>
      <trkpt lat="34.266940000" lon="-111.677080000">
        <ele>746</ele>
      </trkpt>
      <trkpt lat="34.267120000" lon="-111.677030000">
        <ele>746</ele>
      </trkpt>
      <trkpt lat="34.267220000" lon="-111.676950000">
        <ele>747</ele>
      </trkpt>
      <trkpt lat="34.267350000" lon="-111.676790000">
        <ele>748</ele>
      </trkpt>
      <trkpt lat="34.267430000" lon="-111.676770000">
        <ele>748</ele>
      </trkpt>
      <trkpt lat="34.267480000" lon="-111.676730000">
        <ele>748</ele>
      </trkpt>
      <trkpt lat="34.267600000" lon="-111.676430000">
        <ele>751</ele>
      </trkpt>
      <trkpt lat="34.267620000" lon="-111.676320000">
        <ele>752</ele>
      </trkpt>
      <trkpt lat="34.267690000" lon="-111.676250000">
        <ele>753</ele>
      </trkpt>
      <trkpt lat="34.267660000" lon="-111.676250000">
        <ele>753</ele>
      </trkpt>
      <trkpt lat="34.267680000" lon="-111.676240000">
        <ele>753</ele>
      </trkpt>
      <trkpt lat="34.267690000" lon="-111.676110000">
        <ele>754</ele>
      </trkpt>
      <trkpt lat="34.267880000" lon="-111.675770000">
        <ele>758</ele>
      </trkpt>
      <trkpt lat="34.267940000" lon="-111.675620000">
        <ele>756</ele>
      </trkpt>
      <trkpt lat="34.267980000" lon="-111.675420000">
        <ele>755</ele>
      </trkpt>
      <trkpt lat="34.268020000" lon="-111.675380000">
        <ele>754</ele>
      </trkpt>
      <trkpt lat="34.268040000" lon="-111.675470000">
        <ele>754</ele>
      </trkpt>
      <trkpt lat="34.268170000" lon="-111.675630000">
        <ele>752</ele>
      </trkpt>
      <trkpt lat="34.268210000" lon="-111.675640000">
        <ele>751</ele>
      </trkpt>
      <trkpt lat="34.268290000" lon="-111.675620000">
        <ele>751</ele>
      </trkpt>
      <trkpt lat="34.268340000" lon="-111.675640000">
        <ele>750</ele>
      </trkpt>
      <trkpt lat="34.268310000" lon="-111.675620000">
        <ele>751</ele>
      </trkpt>
      <trkpt lat="34.268310000" lon="-111.675580000">
        <ele>752</ele>
      </trkpt>
      <trkpt lat="34.268400000" lon="-111.675470000">
        <ele>757</ele>
      </trkpt>
      <trkpt lat="34.268450000" lon="-111.675320000">
        <ele>759</ele>
      </trkpt>
      <trkpt lat="34.268540000" lon="-111.675210000">
        <ele>759</ele>
      </trkpt>
      <trkpt lat="34.268560000" lon="-111.675150000">
        <ele>758</ele>
      </trkpt>
      <trkpt lat="34.268690000" lon="-111.675170000">
        <ele>757</ele>
      </trkpt>
      <trkpt lat="34.268710000" lon="-111.675010000">
        <ele>758</ele>
      </trkpt>
      <trkpt lat="34.268770000" lon="-111.674910000">
        <ele>759</ele>
      </trkpt>
      <trkpt lat="34.268890000" lon="-111.674800000">
        <ele>758</ele>
      </trkpt>
      <trkpt lat="34.268930000" lon="-111.674710000">
        <ele>758</ele>
      </trkpt>
      <trkpt lat="34.268980000" lon="-111.674680000">
        <ele>758</ele>
      </trkpt>
      <trkpt lat="34.269150000" lon="-111.674650000">
        <ele>756</ele>
      </trkpt>
      <trkpt lat="34.269220000" lon="-111.674610000">
        <ele>756</ele>
      </trkpt>
      <trkpt lat="34.269260000" lon="-111.674520000">
        <ele>756</ele>
      </trkpt>
      <trkpt lat="34.269340000" lon="-111.674420000">
        <ele>755</ele>
      </trkpt>
      <trkpt lat="34.269430000" lon="-111.674420000">
        <ele>755</ele>
      </trkpt>
      <trkpt lat="34.269520000" lon="-111.674470000">
        <ele>755</ele>
      </trkpt>
      <trkpt lat="34.269580000" lon="-111.674550000">
        <ele>756</ele>
      </trkpt>
      <trkpt lat="34.269540000" lon="-111.674610000">
        <ele>756</ele>
      </trkpt>
      <trkpt lat="34.269710000" lon="-111.674690000">
        <ele>758</ele>
      </trkpt>
      <trkpt lat="34.269750000" lon="-111.674640000">
        <ele>759</ele>
      </trkpt>
      <trkpt lat="34.269810000" lon="-111.674610000">
        <ele>759</ele>
      </trkpt>
      <trkpt lat="34.269880000" lon="-111.674630000">
        <ele>760</ele>
      </trkpt>
      <trkpt lat="34.270010000" lon="-111.674790000">
        <ele>762</ele>
      </trkpt>
      <trkpt lat="34.270070000" lon="-111.674790000">
        <ele>763</ele>
      </trkpt>
      <trkpt lat="34.270160000" lon="-111.674830000">
        <ele>763</ele>
      </trkpt>
      <trkpt lat="34.270390000" lon="-111.674810000">
        <ele>764</ele>
      </trkpt>
      <trkpt lat="34.270450000" lon="-111.674830000">
        <ele>764</ele>
      </trkpt>
      <trkpt lat="34.270470000" lon="-111.674870000">
        <ele>764</ele>
      </trkpt>
      <trkpt lat="34.270500000" lon="-111.674800000">
        <ele>764</ele>
      </trkpt>
      <trkpt lat="34.270540000" lon="-111.674780000">
        <ele>764</ele>
      </trkpt>
      <trkpt lat="34.270700000" lon="-111.674810000">
        <ele>764</ele>
      </trkpt>
      <trkpt lat="34.271020000" lon="-111.674680000">
        <ele>763</ele>
      </trkpt>
      <trkpt lat="34.271160000" lon="-111.674580000">
        <ele>764</ele>
      </trkpt>
      <trkpt lat="34.271240000" lon="-111.674540000">
        <ele>764</ele>
      </trkpt>
      <trkpt lat="34.271270000" lon="-111.674540000">
        <ele>764</ele>
      </trkpt>
      <trkpt lat="34.271370000" lon="-111.674440000">
        <ele>764</ele>
      </trkpt>
      <trkpt lat="34.271440000" lon="-111.674500000">
        <ele>763</ele>
      </trkpt>
      <trkpt lat="34.271490000" lon="-111.674520000">
        <ele>763</ele>
      </trkpt>
      <trkpt lat="34.271710000" lon="-111.674410000">
        <ele>764</ele>
      </trkpt>
      <trkpt lat="34.271930000" lon="-111.674130000">
        <ele>767</ele>
      </trkpt>
      <trkpt lat="34.271930000" lon="-111.674070000">
        <ele>767</ele>
      </trkpt>
      <trkpt lat="34.272000000" lon="-111.674040000">
        <ele>767</ele>
      </trkpt>
      <trkpt lat="34.272060000" lon="-111.673960000">
        <ele>767</ele>
      </trkpt>
      <trkpt lat="34.272320000" lon="-111.673550000">
        <ele>770</ele>
      </trkpt>
      <trkpt lat="34.272400000" lon="-111.673480000">
        <ele>772</ele>
      </trkpt>
      <trkpt lat="34.272480000" lon="-111.673440000">
        <ele>774</ele>
      </trkpt>
      <trkpt lat="34.272630000" lon="-111.673270000">
        <ele>779</ele>
      </trkpt>
      <trkpt lat="34.272820000" lon="-111.673190000">
        <ele>784</ele>
      </trkpt>
      <trkpt lat="34.272870000" lon="-111.673100000">
        <ele>787</ele>
      </trkpt>
      <trkpt lat="34.272990000" lon="-111.673050000">
        <ele>790</ele>
      </trkpt>
      <trkpt lat="34.272980000" lon="-111.673000000">
        <ele>791</ele>
      </trkpt>
      <trkpt lat="34.272990000" lon="-111.673040000">
        <ele>790</ele>
      </trkpt>
      <trkpt lat="34.273040000" lon="-111.673050000">
        <ele>791</ele>
      </trkpt>
      <trkpt lat="34.273050000" lon="-111.673070000">
        <ele>791</ele>
      </trkpt>
      <trkpt lat="34.273050000" lon="-111.673050000">
        <ele>791</ele>
      </trkpt>
      <trkpt lat="34.273130000" lon="-111.672990000">
        <ele>793</ele>
      </trkpt>
      <trkpt lat="34.273180000" lon="-111.673000000">
        <ele>793</ele>
      </trkpt>
      <trkpt lat="34.273200000" lon="-111.672990000">
        <ele>794</ele>
      </trkpt>
      <trkpt lat="34.273200000" lon="-111.672920000">
        <ele>795</ele>
      </trkpt>
      <trkpt lat="34.273230000" lon="-111.672930000">
        <ele>795</ele>
      </trkpt>
      <trkpt lat="34.273250000" lon="-111.672990000">
        <ele>795</ele>
      </trkpt>
      <trkpt lat="34.273380000" lon="-111.673050000">
        <ele>796</ele>
      </trkpt>
      <trkpt lat="34.273400000" lon="-111.673130000">
        <ele>795</ele>
      </trkpt>
      <trkpt lat="34.273490000" lon="-111.673230000">
        <ele>794</ele>
      </trkpt>
      <trkpt lat="34.273400000" lon="-111.673110000">
        <ele>795</ele>
      </trkpt>
      <trkpt lat="34.273420000" lon="-111.673060000">
        <ele>796</ele>
      </trkpt>
      <trkpt lat="34.273470000" lon="-111.673070000">
        <ele>796</ele>
      </trkpt>
      <trkpt lat="34.273680000" lon="-111.673010000">
        <ele>800</ele>
      </trkpt>
      <trkpt lat="34.273990000" lon="-111.672810000">
        <ele>806</ele>
      </trkpt>
      <trkpt lat="34.274130000" lon="-111.672830000">
        <ele>806</ele>
      </trkpt>
      <trkpt lat="34.274180000" lon="-111.672820000">
        <ele>807</ele>
      </trkpt>
      <trkpt lat="34.274240000" lon="-111.672840000">
        <ele>806</ele>
      </trkpt>
      <trkpt lat="34.274250000" lon="-111.672870000">
        <ele>805</ele>
      </trkpt>
      <trkpt lat="34.274460000" lon="-111.672780000">
        <ele>809</ele>
      </trkpt>
      <trkpt lat="34.274480000" lon="-111.672810000">
        <ele>809</ele>
      </trkpt>
      <trkpt lat="34.274630000" lon="-111.672850000">
        <ele>812</ele>
      </trkpt>
      <trkpt lat="34.274700000" lon="-111.672910000">
        <ele>815</ele>
      </trkpt>
      <trkpt lat="34.274860000" lon="-111.673000000">
        <ele>821</ele>
      </trkpt>
      <trkpt lat="34.274950000" lon="-111.672980000">
        <ele>822</ele>
      </trkpt>
      <trkpt lat="34.275020000" lon="-111.673020000">
        <ele>824</ele>
      </trkpt>
      <trkpt lat="34.275130000" lon="-111.673010000">
        <ele>825</ele>
      </trkpt>
      <trkpt lat="34.275300000" lon="-111.673060000">
        <ele>827</ele>
      </trkpt>
      <trkpt lat="34.275490000" lon="-111.673160000">
        <ele>828</ele>
      </trkpt>
      <trkpt lat="34.275520000" lon="-111.673150000">
        <ele>828</ele>
      </trkpt>
      <trkpt lat="34.275530000" lon="-111.673120000">
        <ele>828</ele>
      </trkpt>
      <trkpt lat="34.275690000" lon="-111.673070000">
        <ele>828</ele>
      </trkpt>
      <trkpt lat="34.275830000" lon="-111.672920000">
        <ele>828</ele>
      </trkpt>
      <trkpt lat="34.275890000" lon="-111.672920000">
        <ele>828</ele>
      </trkpt>
      <trkpt lat="34.276060000" lon="-111.672990000">
        <ele>827</ele>
      </trkpt>
      <trkpt lat="34.276190000" lon="-111.672950000">
        <ele>828</ele>
      </trkpt>
      <trkpt lat="34.276280000" lon="-111.673000000">
        <ele>827</ele>
      </trkpt>
      <trkpt lat="34.276510000" lon="-111.672940000">
        <ele>827</ele>
      </trkpt>
      <trkpt lat="34.276550000" lon="-111.672980000">
        <ele>827</ele>
      </trkpt>
      <trkpt lat="34.276680000" lon="-111.672940000">
        <ele>827</ele>
      </trkpt>
      <trkpt lat="34.276870000" lon="-111.672930000">
        <ele>827</ele>
      </trkpt>
      <trkpt lat="34.277110000" lon="-111.672880000">
        <ele>827</ele>
      </trkpt>
      <trkpt lat="34.277270000" lon="-111.672720000">
        <ele>827</ele>
      </trkpt>
      <trkpt lat="34.277290000" lon="-111.672650000">
        <ele>828</ele>
      </trkpt>
      <trkpt lat="34.277340000" lon="-111.672600000">
        <ele>828</ele>
      </trkpt>
      <trkpt lat="34.277360000" lon="-111.672520000">
        <ele>828</ele>
      </trkpt>
      <trkpt lat="34.277440000" lon="-111.672420000">
        <ele>828</ele>
      </trkpt>
      <trkpt lat="34.277520000" lon="-111.672360000">
        <ele>828</ele>
      </trkpt>
      <trkpt lat="34.277590000" lon="-111.672280000">
        <ele>828</ele>
      </trkpt>
      <trkpt lat="34.277640000" lon="-111.672250000">
        <ele>828</ele>
      </trkpt>
      <trkpt lat="34.277700000" lon="-111.672180000">
        <ele>828</ele>
      </trkpt>
      <trkpt lat="34.277720000" lon="-111.672210000">
        <ele>828</ele>
      </trkpt>
      <trkpt lat="34.277700000" lon="-111.672320000">
        <ele>828</ele>
      </trkpt>
      <trkpt lat="34.277750000" lon="-111.672440000">
        <ele>828</ele>
      </trkpt>
      <trkpt lat="34.277780000" lon="-111.672440000">
        <ele>828</ele>
      </trkpt>
      <trkpt lat="34.277890000" lon="-111.672370000">
        <ele>829</ele>
      </trkpt>
      <trkpt lat="34.277950000" lon="-111.672210000">
        <ele>829</ele>
      </trkpt>
      <trkpt lat="34.278000000" lon="-111.672190000">
        <ele>829</ele>
      </trkpt>
      <trkpt lat="34.278110000" lon="-111.672220000">
        <ele>830</ele>
      </trkpt>
      <trkpt lat="34.278180000" lon="-111.672360000">
        <ele>831</ele>
      </trkpt>
      <trkpt lat="34.278180000" lon="-111.672320000">
        <ele>831</ele>
      </trkpt>
      <trkpt lat="34.278300000" lon="-111.672300000">
        <ele>832</ele>
      </trkpt>
      <trkpt lat="34.278360000" lon="-111.672350000">
        <ele>832</ele>
      </trkpt>
      <trkpt lat="34.278400000" lon="-111.672310000">
        <ele>832</ele>
      </trkpt>
      <trkpt lat="34.278380000" lon="-111.672300000">
        <ele>832</ele>
      </trkpt>
      <trkpt lat="34.278340000" lon="-111.672200000">
        <ele>832</ele>
      </trkpt>
      <trkpt lat="34.278270000" lon="-111.672150000">
        <ele>831</ele>
      </trkpt>
      <trkpt lat="34.278260000" lon="-111.672120000">
        <ele>831</ele>
      </trkpt>
      <trkpt lat="34.278300000" lon="-111.672000000">
        <ele>832</ele>
      </trkpt>
      <trkpt lat="34.278330000" lon="-111.672000000">
        <ele>832</ele>
      </trkpt>
      <trkpt lat="34.278420000" lon="-111.671860000">
        <ele>833</ele>
      </trkpt>
      <trkpt lat="34.278520000" lon="-111.671810000">
        <ele>834</ele>
      </trkpt>
      <trkpt lat="34.278550000" lon="-111.671720000">
        <ele>834</ele>
      </trkpt>
      <trkpt lat="34.278580000" lon="-111.671700000">
        <ele>834</ele>
      </trkpt>
      <trkpt lat="34.278740000" lon="-111.671670000">
        <ele>834</ele>
      </trkpt>
      <trkpt lat="34.278960000" lon="-111.671720000">
        <ele>833</ele>
      </trkpt>
      <trkpt lat="34.279080000" lon="-111.671660000">
        <ele>832</ele>
      </trkpt>
      <trkpt lat="34.279160000" lon="-111.671460000">
        <ele>829</ele>
      </trkpt>
      <trkpt lat="34.279350000" lon="-111.671330000">
        <ele>824</ele>
      </trkpt>
      <trkpt lat="34.279470000" lon="-111.671190000">
        <ele>824</ele>
      </trkpt>
      <trkpt lat="34.279560000" lon="-111.671010000">
        <ele>824</ele>
      </trkpt>
      <trkpt lat="34.279560000" lon="-111.670940000">
        <ele>825</ele>
      </trkpt>
      <trkpt lat="34.279650000" lon="-111.670730000">
        <ele>822</ele>
      </trkpt>
      <trkpt lat="34.279710000" lon="-111.670630000">
        <ele>820</ele>
      </trkpt>
      <trkpt lat="34.279770000" lon="-111.670410000">
        <ele>818</ele>
      </trkpt>
      <trkpt lat="34.279970000" lon="-111.670190000">
        <ele>813</ele>
      </trkpt>
      <trkpt lat="34.280120000" lon="-111.670100000">
        <ele>808</ele>
      </trkpt>
      <trkpt lat="34.280190000" lon="-111.670110000">
        <ele>805</ele>
      </trkpt>
      <trkpt lat="34.280300000" lon="-111.670090000">
        <ele>803</ele>
      </trkpt>
      <trkpt lat="34.280330000" lon="-111.670130000">
        <ele>802</ele>
      </trkpt>
      <trkpt lat="34.280340000" lon="-111.670190000">
        <ele>801</ele>
      </trkpt>
      <trkpt lat="34.280390000" lon="-111.670240000">
        <ele>800</ele>
      </trkpt>
      <trkpt lat="34.280400000" lon="-111.670310000">
        <ele>800</ele>
      </trkpt>
      <trkpt lat="34.280440000" lon="-111.670320000">
        <ele>799</ele>
      </trkpt>
      <trkpt lat="34.280470000" lon="-111.670380000">
        <ele>799</ele>
      </trkpt>
      <trkpt lat="34.280530000" lon="-111.670370000">
        <ele>798</ele>
      </trkpt>
      <trkpt lat="34.280630000" lon="-111.670420000">
        <ele>795</ele>
      </trkpt>
      <trkpt lat="34.280710000" lon="-111.670310000">
        <ele>794</ele>
      </trkpt>
      <trkpt lat="34.280820000" lon="-111.670270000">
        <ele>791</ele>
      </trkpt>
      <trkpt lat="34.280850000" lon="-111.670200000">
        <ele>791</ele>
      </trkpt>
      <trkpt lat="34.280880000" lon="-111.670190000">
        <ele>790</ele>
      </trkpt>
      <trkpt lat="34.281020000" lon="-111.670010000">
        <ele>787</ele>
      </trkpt>
      <trkpt lat="34.281060000" lon="-111.669920000">
        <ele>786</ele>
      </trkpt>
      <trkpt lat="34.280990000" lon="-111.669760000">
        <ele>791</ele>
      </trkpt>
      <trkpt lat="34.280970000" lon="-111.669650000">
        <ele>793</ele>
      </trkpt>
      <trkpt lat="34.280890000" lon="-111.669550000">
        <ele>795</ele>
      </trkpt>
      <trkpt lat="34.280830000" lon="-111.669370000">
        <ele>796</ele>
      </trkpt>
      <trkpt lat="34.280850000" lon="-111.669220000">
        <ele>794</ele>
      </trkpt>
      <trkpt lat="34.280840000" lon="-111.669190000">
        <ele>794</ele>
      </trkpt>
      <trkpt lat="34.280800000" lon="-111.669180000">
        <ele>795</ele>
      </trkpt>
      <trkpt lat="34.280840000" lon="-111.669040000">
        <ele>791</ele>
      </trkpt>
      <trkpt lat="34.280910000" lon="-111.668960000">
        <ele>786</ele>
      </trkpt>
      <trkpt lat="34.280940000" lon="-111.668980000">
        <ele>786</ele>
      </trkpt>
      <trkpt lat="34.280950000" lon="-111.668960000">
        <ele>784</ele>
      </trkpt>
      <trkpt lat="34.280970000" lon="-111.668990000">
        <ele>785</ele>
      </trkpt>
      <trkpt lat="34.281020000" lon="-111.668950000">
        <ele>781</ele>
      </trkpt>
      <trkpt lat="34.281040000" lon="-111.668960000">
        <ele>781</ele>
      </trkpt>
      <trkpt lat="34.281100000" lon="-111.668940000">
        <ele>777</ele>
      </trkpt>
      <trkpt lat="34.281130000" lon="-111.668990000">
        <ele>777</ele>
      </trkpt>
      <trkpt lat="34.281100000" lon="-111.668960000">
        <ele>777</ele>
      </trkpt>
      <trkpt lat="34.281060000" lon="-111.668980000">
        <ele>780</ele>
      </trkpt>
      <trkpt lat="34.281040000" lon="-111.669010000">
        <ele>782</ele>
      </trkpt>
      <trkpt lat="34.281050000" lon="-111.669040000">
        <ele>782</ele>
      </trkpt>
      <trkpt lat="34.281080000" lon="-111.669030000">
        <ele>781</ele>
      </trkpt>
      <trkpt lat="34.281150000" lon="-111.668930000">
        <ele>774</ele>
      </trkpt>
      <trkpt lat="34.281150000" lon="-111.668900000">
        <ele>773</ele>
      </trkpt>
      <trkpt lat="34.281110000" lon="-111.668940000">
        <ele>776</ele>
      </trkpt>
      <trkpt lat="34.281110000" lon="-111.668910000">
        <ele>776</ele>
      </trkpt>
      <trkpt lat="34.281170000" lon="-111.668820000">
        <ele>772</ele>
      </trkpt>
      <trkpt lat="34.281200000" lon="-111.668790000">
        <ele>770</ele>
      </trkpt>
      <trkpt lat="34.281250000" lon="-111.668790000">
        <ele>767</ele>
      </trkpt>
      <trkpt lat="34.281270000" lon="-111.668760000">
        <ele>766</ele>
      </trkpt>
      <trkpt lat="34.281370000" lon="-111.668850000">
        <ele>760</ele>
      </trkpt>
      <trkpt lat="34.281420000" lon="-111.668770000">
        <ele>757</ele>
      </trkpt>
      <trkpt lat="34.281440000" lon="-111.668580000">
        <ele>760</ele>
      </trkpt>
      <trkpt lat="34.281470000" lon="-111.668480000">
        <ele>761</ele>
      </trkpt>
      <trkpt lat="34.281520000" lon="-111.668460000">
        <ele>759</ele>
      </trkpt>
      <trkpt lat="34.281560000" lon="-111.668460000">
        <ele>757</ele>
      </trkpt>
      <trkpt lat="34.281650000" lon="-111.668400000">
        <ele>755</ele>
      </trkpt>
      <trkpt lat="34.281650000" lon="-111.668340000">
        <ele>756</ele>
      </trkpt>
      <trkpt lat="34.281660000" lon="-111.668310000">
        <ele>756</ele>
      </trkpt>
      <trkpt lat="34.281690000" lon="-111.668310000">
        <ele>756</ele>
      </trkpt>
      <trkpt lat="34.281700000" lon="-111.668240000">
        <ele>756</ele>
      </trkpt>
      <trkpt lat="34.281760000" lon="-111.668180000">
        <ele>756</ele>
      </trkpt>
      <trkpt lat="34.281790000" lon="-111.668050000">
        <ele>756</ele>
      </trkpt>
      <trkpt lat="34.281740000" lon="-111.668070000">
        <ele>757</ele>
      </trkpt>
      <trkpt lat="34.281730000" lon="-111.667980000">
        <ele>758</ele>
      </trkpt>
      <trkpt lat="34.281810000" lon="-111.667850000">
        <ele>760</ele>
      </trkpt>
      <trkpt lat="34.281730000" lon="-111.667810000">
        <ele>762</ele>
      </trkpt>
      <trkpt lat="34.281710000" lon="-111.667740000">
        <ele>765</ele>
      </trkpt>
      <trkpt lat="34.281800000" lon="-111.667620000">
        <ele>766</ele>
      </trkpt>
      <trkpt lat="34.281800000" lon="-111.667560000">
        <ele>767</ele>
      </trkpt>
      <trkpt lat="34.281830000" lon="-111.667550000">
        <ele>767</ele>
      </trkpt>
      <trkpt lat="34.281840000" lon="-111.667570000">
        <ele>766</ele>
      </trkpt>
      <trkpt lat="34.281830000" lon="-111.667620000">
        <ele>766</ele>
      </trkpt>
      <trkpt lat="34.281860000" lon="-111.667630000">
        <ele>765</ele>
      </trkpt>
      <trkpt lat="34.281890000" lon="-111.667620000">
        <ele>765</ele>
      </trkpt>
      <trkpt lat="34.281920000" lon="-111.667480000">
        <ele>767</ele>
      </trkpt>
      <trkpt lat="34.282060000" lon="-111.667470000">
        <ele>764</ele>
      </trkpt>
      <trkpt lat="34.282020000" lon="-111.667460000">
        <ele>766</ele>
      </trkpt>
      <trkpt lat="34.281950000" lon="-111.667580000">
        <ele>765</ele>
      </trkpt>
      <trkpt lat="34.282060000" lon="-111.667560000">
        <ele>762</ele>
      </trkpt>
      <trkpt lat="34.282150000" lon="-111.667480000">
        <ele>761</ele>
      </trkpt>
      <trkpt lat="34.282170000" lon="-111.667270000">
        <ele>763</ele>
      </trkpt>
      <trkpt lat="34.282200000" lon="-111.667250000">
        <ele>762</ele>
      </trkpt>
      <trkpt lat="34.282220000" lon="-111.667270000">
        <ele>761</ele>
      </trkpt>
      <trkpt lat="34.282230000" lon="-111.667240000">
        <ele>760</ele>
      </trkpt>
      <trkpt lat="34.282250000" lon="-111.667260000">
        <ele>760</ele>
      </trkpt>
      <trkpt lat="34.282350000" lon="-111.667060000">
        <ele>757</ele>
      </trkpt>
      <trkpt lat="34.282380000" lon="-111.667050000">
        <ele>756</ele>
      </trkpt>
      <trkpt lat="34.282480000" lon="-111.667090000">
        <ele>756</ele>
      </trkpt>
      <trkpt lat="34.282510000" lon="-111.667070000">
        <ele>756</ele>
      </trkpt>
      <trkpt lat="34.282520000" lon="-111.667000000">
        <ele>756</ele>
      </trkpt>
      <trkpt lat="34.282580000" lon="-111.666990000">
        <ele>755</ele>
      </trkpt>
      <trkpt lat="34.282670000" lon="-111.666870000">
        <ele>755</ele>
      </trkpt>
      <trkpt lat="34.282780000" lon="-111.666830000">
        <ele>755</ele>
      </trkpt>
      <trkpt lat="34.282840000" lon="-111.666720000">
        <ele>755</ele>
      </trkpt>
      <trkpt lat="34.282870000" lon="-111.666580000">
        <ele>756</ele>
      </trkpt>
      <trkpt lat="34.282910000" lon="-111.666530000">
        <ele>756</ele>
      </trkpt>
      <trkpt lat="34.282900000" lon="-111.666490000">
        <ele>756</ele>
      </trkpt>
      <trkpt lat="34.283020000" lon="-111.666320000">
        <ele>756</ele>
      </trkpt>
      <trkpt lat="34.283040000" lon="-111.666300000">
        <ele>756</ele>
      </trkpt>
      <trkpt lat="34.283130000" lon="-111.666290000">
        <ele>756</ele>
      </trkpt>
      <trkpt lat="34.283220000" lon="-111.666120000">
        <ele>755</ele>
      </trkpt>
      <trkpt lat="34.283300000" lon="-111.666080000">
        <ele>755</ele>
      </trkpt>
      <trkpt lat="34.283290000" lon="-111.665950000">
        <ele>755</ele>
      </trkpt>
      <trkpt lat="34.283330000" lon="-111.665860000">
        <ele>755</ele>
      </trkpt>
      <trkpt lat="34.283400000" lon="-111.665830000">
        <ele>755</ele>
      </trkpt>
      <trkpt lat="34.283480000" lon="-111.665600000">
        <ele>757</ele>
      </trkpt>
      <trkpt lat="34.283530000" lon="-111.665570000">
        <ele>758</ele>
      </trkpt>
      <trkpt lat="34.283620000" lon="-111.665550000">
        <ele>758</ele>
      </trkpt>
      <trkpt lat="34.283680000" lon="-111.665500000">
        <ele>758</ele>
      </trkpt>
      <trkpt lat="34.283720000" lon="-111.665500000">
        <ele>758</ele>
      </trkpt>
      <trkpt lat="34.283770000" lon="-111.665440000">
        <ele>759</ele>
      </trkpt>
      <trkpt lat="34.283960000" lon="-111.665340000">
        <ele>758</ele>
      </trkpt>
      <trkpt lat="34.284050000" lon="-111.665360000">
        <ele>757</ele>
      </trkpt>
      <trkpt lat="34.284190000" lon="-111.665220000">
        <ele>757</ele>
      </trkpt>
      <trkpt lat="34.284300000" lon="-111.665210000">
        <ele>758</ele>
      </trkpt>
      <trkpt lat="34.284360000" lon="-111.665100000">
        <ele>759</ele>
      </trkpt>
      <trkpt lat="34.284570000" lon="-111.664980000">
        <ele>762</ele>
      </trkpt>
      <trkpt lat="34.284620000" lon="-111.664990000">
        <ele>761</ele>
      </trkpt>
      <trkpt lat="34.284720000" lon="-111.664930000">
        <ele>762</ele>
      </trkpt>
      <trkpt lat="34.284810000" lon="-111.664930000">
        <ele>761</ele>
      </trkpt>
      <trkpt lat="34.284850000" lon="-111.664890000">
        <ele>762</ele>
      </trkpt>
      <trkpt lat="34.284940000" lon="-111.664900000">
        <ele>762</ele>
      </trkpt>
      <trkpt lat="34.285020000" lon="-111.664850000">
        <ele>762</ele>
      </trkpt>
      <trkpt lat="34.285030000" lon="-111.664820000">
        <ele>762</ele>
      </trkpt>
      <trkpt lat="34.285180000" lon="-111.664660000">
        <ele>764</ele>
      </trkpt>
      <trkpt lat="34.285270000" lon="-111.664620000">
        <ele>764</ele>
      </trkpt>
      <trkpt lat="34.285320000" lon="-111.664570000">
        <ele>765</ele>
      </trkpt>
      <trkpt lat="34.285410000" lon="-111.664550000">
        <ele>764</ele>
      </trkpt>
      <trkpt lat="34.285530000" lon="-111.664440000">
        <ele>764</ele>
      </trkpt>
      <trkpt lat="34.285620000" lon="-111.664410000">
        <ele>763</ele>
      </trkpt>
      <trkpt lat="34.285760000" lon="-111.664170000">
        <ele>755</ele>
      </trkpt>
      <trkpt lat="34.285810000" lon="-111.664120000">
        <ele>752</ele>
      </trkpt>
      <trkpt lat="34.285870000" lon="-111.664150000">
        <ele>752</ele>
      </trkpt>
      <trkpt lat="34.285920000" lon="-111.664140000">
        <ele>752</ele>
      </trkpt>
      <trkpt lat="34.285940000" lon="-111.664480000">
        <ele>754</ele>
      </trkpt>
      <trkpt lat="34.285970000" lon="-111.664540000">
        <ele>754</ele>
      </trkpt>
      <trkpt lat="34.286040000" lon="-111.664550000">
        <ele>753</ele>
      </trkpt>
      <trkpt lat="34.286050000" lon="-111.664770000">
        <ele>753</ele>
      </trkpt>
      <trkpt lat="34.286100000" lon="-111.664780000">
        <ele>753</ele>
      </trkpt>
      <trkpt lat="34.286170000" lon="-111.664700000">
        <ele>752</ele>
      </trkpt>
      <trkpt lat="34.286110000" lon="-111.664500000">
        <ele>752</ele>
      </trkpt>
      <trkpt lat="34.286150000" lon="-111.664430000">
        <ele>752</ele>
      </trkpt>
      <trkpt lat="34.286150000" lon="-111.664370000">
        <ele>752</ele>
      </trkpt>
      <trkpt lat="34.286100000" lon="-111.664300000">
        <ele>752</ele>
      </trkpt>
      <trkpt lat="34.286050000" lon="-111.664130000">
        <ele>752</ele>
      </trkpt>
      <trkpt lat="34.286080000" lon="-111.664090000">
        <ele>752</ele>
      </trkpt>
      <trkpt lat="34.286060000" lon="-111.664080000">
        <ele>752</ele>
      </trkpt>
      <trkpt lat="34.286080000" lon="-111.664080000">
        <ele>752</ele>
      </trkpt>
      <trkpt lat="34.286040000" lon="-111.664110000">
        <ele>752</ele>
      </trkpt>
      <trkpt lat="34.286120000" lon="-111.664140000">
        <ele>752</ele>
      </trkpt>
      <trkpt lat="34.286100000" lon="-111.664110000">
        <ele>752</ele>
      </trkpt>
      <trkpt lat="34.286100000" lon="-111.664060000">
        <ele>752</ele>
      </trkpt>
      <trkpt lat="34.286080000" lon="-111.664060000">
        <ele>752</ele>
      </trkpt>
      <trkpt lat="34.285980000" lon="-111.664280000">
        <ele>752</ele>
      </trkpt>
      <trkpt lat="34.285980000" lon="-111.664140000">
        <ele>752</ele>
      </trkpt>
      <trkpt lat="34.285930000" lon="-111.664170000">
        <ele>752</ele>
      </trkpt>
      <trkpt lat="34.286130000" lon="-111.664040000">
        <ele>752</ele>
      </trkpt>
      <trkpt lat="34.286460000" lon="-111.664100000">
        <ele>755</ele>
      </trkpt>
      <trkpt lat="34.286510000" lon="-111.664060000">
        <ele>755</ele>
      </trkpt>
      <trkpt lat="34.286610000" lon="-111.664060000">
        <ele>756</ele>
      </trkpt>
      <trkpt lat="34.286680000" lon="-111.663950000">
        <ele>756</ele>
      </trkpt>
      <trkpt lat="34.286730000" lon="-111.663920000">
        <ele>756</ele>
      </trkpt>
      <trkpt lat="34.286900000" lon="-111.663900000">
        <ele>757</ele>
      </trkpt>
      <trkpt lat="34.286920000" lon="-111.663870000">
        <ele>757</ele>
      </trkpt>
      <trkpt lat="34.287150000" lon="-111.663800000">
        <ele>757</ele>
      </trkpt>
      <trkpt lat="34.287440000" lon="-111.663640000">
        <ele>757</ele>
      </trkpt>
      <trkpt lat="34.287600000" lon="-111.663620000">
        <ele>758</ele>
      </trkpt>
      <trkpt lat="34.287730000" lon="-111.663550000">
        <ele>758</ele>
      </trkpt>
      <trkpt lat="34.287870000" lon="-111.663520000">
        <ele>758</ele>
      </trkpt>
      <trkpt lat="34.287940000" lon="-111.663450000">
        <ele>758</ele>
      </trkpt>
      <trkpt lat="34.288020000" lon="-111.663420000">
        <ele>758</ele>
      </trkpt>
      <trkpt lat="34.288330000" lon="-111.663430000">
        <ele>760</ele>
      </trkpt>
      <trkpt lat="34.288440000" lon="-111.663400000">
        <ele>761</ele>
      </trkpt>
      <trkpt lat="34.288500000" lon="-111.663400000">
        <ele>761</ele>
      </trkpt>
      <trkpt lat="34.288650000" lon="-111.663330000">
        <ele>762</ele>
      </trkpt>
      <trkpt lat="34.288710000" lon="-111.663340000">
        <ele>762</ele>
      </trkpt>
      <trkpt lat="34.288750000" lon="-111.663310000">
        <ele>762</ele>
      </trkpt>
      <trkpt lat="34.289020000" lon="-111.663230000">
        <ele>762</ele>
      </trkpt>
      <trkpt lat="34.289190000" lon="-111.663210000">
        <ele>761</ele>
      </trkpt>
      <trkpt lat="34.289300000" lon="-111.663010000">
        <ele>761</ele>
      </trkpt>
      <trkpt lat="34.289290000" lon="-111.662850000">
        <ele>761</ele>
      </trkpt>
      <trkpt lat="34.289410000" lon="-111.662750000">
        <ele>760</ele>
      </trkpt>
      <trkpt lat="34.289440000" lon="-111.662700000">
        <ele>760</ele>
      </trkpt>
      <trkpt lat="34.289490000" lon="-111.662690000">
        <ele>760</ele>
      </trkpt>
      <trkpt lat="34.289510000" lon="-111.662670000">
        <ele>760</ele>
      </trkpt>
      <trkpt lat="34.289540000" lon="-111.662680000">
        <ele>759</ele>
      </trkpt>
      <trkpt lat="34.289470000" lon="-111.662810000">
        <ele>759</ele>
      </trkpt>
      <trkpt lat="34.289500000" lon="-111.662690000">
        <ele>760</ele>
      </trkpt>
      <trkpt lat="34.289580000" lon="-111.662550000">
        <ele>761</ele>
      </trkpt>
      <trkpt lat="34.289740000" lon="-111.662580000">
        <ele>759</ele>
      </trkpt>
      <trkpt lat="34.289760000" lon="-111.662530000">
        <ele>760</ele>
      </trkpt>
      <trkpt lat="34.289810000" lon="-111.662550000">
        <ele>759</ele>
      </trkpt>
      <trkpt lat="34.289870000" lon="-111.662510000">
        <ele>760</ele>
      </trkpt>
      <trkpt lat="34.289980000" lon="-111.662550000">
        <ele>758</ele>
      </trkpt>
      <trkpt lat="34.290050000" lon="-111.662540000">
        <ele>758</ele>
      </trkpt>
      <trkpt lat="34.290140000" lon="-111.662570000">
        <ele>757</ele>
      </trkpt>
      <trkpt lat="34.290320000" lon="-111.662470000">
        <ele>759</ele>
      </trkpt>
      <trkpt lat="34.290480000" lon="-111.662470000">
        <ele>759</ele>
      </trkpt>
      <trkpt lat="34.290550000" lon="-111.662500000">
        <ele>758</ele>
      </trkpt>
      <trkpt lat="34.290590000" lon="-111.662370000">
        <ele>760</ele>
      </trkpt>
      <trkpt lat="34.290680000" lon="-111.662300000">
        <ele>760</ele>
      </trkpt>
      <trkpt lat="34.290730000" lon="-111.662190000">
        <ele>762</ele>
      </trkpt>
      <trkpt lat="34.290850000" lon="-111.662140000">
        <ele>762</ele>
      </trkpt>
      <trkpt lat="34.290870000" lon="-111.662150000">
        <ele>762</ele>
      </trkpt>
      <trkpt lat="34.290870000" lon="-111.662280000">
        <ele>760</ele>
      </trkpt>
      <trkpt lat="34.290880000" lon="-111.662180000">
        <ele>761</ele>
      </trkpt>
      <trkpt lat="34.290940000" lon="-111.662130000">
        <ele>762</ele>
      </trkpt>
      <trkpt lat="34.291050000" lon="-111.662150000">
        <ele>761</ele>
      </trkpt>
      <trkpt lat="34.291180000" lon="-111.662240000">
        <ele>759</ele>
      </trkpt>
      <trkpt lat="34.291390000" lon="-111.662480000">
        <ele>756</ele>
      </trkpt>
      <trkpt lat="34.291390000" lon="-111.662550000">
        <ele>755</ele>
      </trkpt>
      <trkpt lat="34.291430000" lon="-111.662380000">
        <ele>757</ele>
      </trkpt>
      <trkpt lat="34.291470000" lon="-111.662320000">
        <ele>757</ele>
      </trkpt>
      <trkpt lat="34.291530000" lon="-111.662340000">
        <ele>757</ele>
      </trkpt>
      <trkpt lat="34.291610000" lon="-111.662420000">
        <ele>756</ele>
      </trkpt>
      <trkpt lat="34.291630000" lon="-111.662480000">
        <ele>755</ele>
      </trkpt>
      <trkpt lat="34.291790000" lon="-111.662570000">
        <ele>755</ele>
      </trkpt>
      <trkpt lat="34.291810000" lon="-111.662570000">
        <ele>755</ele>
      </trkpt>
      <trkpt lat="34.291870000" lon="-111.662480000">
        <ele>755</ele>
      </trkpt>
      <trkpt lat="34.291930000" lon="-111.662450000">
        <ele>755</ele>
      </trkpt>
      <trkpt lat="34.292080000" lon="-111.662430000">
        <ele>755</ele>
      </trkpt>
      <trkpt lat="34.292220000" lon="-111.662380000">
        <ele>755</ele>
      </trkpt>
      <trkpt lat="34.292260000" lon="-111.662410000">
        <ele>755</ele>
      </trkpt>
      <trkpt lat="34.292350000" lon="-111.662400000">
        <ele>755</ele>
      </trkpt>
      <trkpt lat="34.292460000" lon="-111.662450000">
        <ele>755</ele>
      </trkpt>
      <trkpt lat="34.292830000" lon="-111.662270000">
        <ele>756</ele>
      </trkpt>
      <trkpt lat="34.292900000" lon="-111.662210000">
        <ele>757</ele>
      </trkpt>
      <trkpt lat="34.293050000" lon="-111.662190000">
        <ele>757</ele>
      </trkpt>
      <trkpt lat="34.293090000" lon="-111.662200000">
        <ele>757</ele>
      </trkpt>
      <trkpt lat="34.293200000" lon="-111.662140000">
        <ele>758</ele>
      </trkpt>
      <trkpt lat="34.293320000" lon="-111.662170000">
        <ele>758</ele>
      </trkpt>
      <trkpt lat="34.293410000" lon="-111.662160000">
        <ele>759</ele>
      </trkpt>
      <trkpt lat="34.293520000" lon="-111.662190000">
        <ele>758</ele>
      </trkpt>
      <trkpt lat="34.293680000" lon="-111.662290000">
        <ele>757</ele>
      </trkpt>
      <trkpt lat="34.293740000" lon="-111.662290000">
        <ele>757</ele>
      </trkpt>
      <trkpt lat="34.293860000" lon="-111.662360000">
        <ele>758</ele>
      </trkpt>
      <trkpt lat="34.293920000" lon="-111.662370000">
        <ele>759</ele>
      </trkpt>
      <trkpt lat="34.293990000" lon="-111.662430000">
        <ele>759</ele>
      </trkpt>
      <trkpt lat="34.294230000" lon="-111.662530000">
        <ele>762</ele>
      </trkpt>
      <trkpt lat="34.294350000" lon="-111.662660000">
        <ele>761</ele>
      </trkpt>
      <trkpt lat="34.294500000" lon="-111.662760000">
        <ele>761</ele>
      </trkpt>
      <trkpt lat="34.294600000" lon="-111.662920000">
        <ele>758</ele>
      </trkpt>
      <trkpt lat="34.294660000" lon="-111.662920000">
        <ele>758</ele>
      </trkpt>
      <trkpt lat="34.294730000" lon="-111.663070000">
        <ele>757</ele>
      </trkpt>
      <trkpt lat="34.294800000" lon="-111.663070000">
        <ele>757</ele>
      </trkpt>
      <trkpt lat="34.294880000" lon="-111.663040000">
        <ele>757</ele>
      </trkpt>
      <trkpt lat="34.294960000" lon="-111.663080000">
        <ele>757</ele>
      </trkpt>
      <trkpt lat="34.295080000" lon="-111.663050000">
        <ele>757</ele>
      </trkpt>
      <trkpt lat="34.295160000" lon="-111.663080000">
        <ele>757</ele>
      </trkpt>
      <trkpt lat="34.295200000" lon="-111.663050000">
        <ele>757</ele>
      </trkpt>
      <trkpt lat="34.295310000" lon="-111.663130000">
        <ele>757</ele>
      </trkpt>
      <trkpt lat="34.295390000" lon="-111.663170000">
        <ele>757</ele>
      </trkpt>
      <trkpt lat="34.295420000" lon="-111.663090000">
        <ele>757</ele>
      </trkpt>
      <trkpt lat="34.295450000" lon="-111.663070000">
        <ele>758</ele>
      </trkpt>
      <trkpt lat="34.295430000" lon="-111.662990000">
        <ele>759</ele>
      </trkpt>
      <trkpt lat="34.295550000" lon="-111.663030000">
        <ele>760</ele>
      </trkpt>
      <trkpt lat="34.295630000" lon="-111.663000000">
        <ele>764</ele>
      </trkpt>
      <trkpt lat="34.295710000" lon="-111.663020000">
        <ele>765</ele>
      </trkpt>
      <trkpt lat="34.295730000" lon="-111.662990000">
        <ele>767</ele>
      </trkpt>
      <trkpt lat="34.295720000" lon="-111.662870000">
        <ele>778</ele>
      </trkpt>
      <trkpt lat="34.295630000" lon="-111.662760000">
        <ele>784</ele>
      </trkpt>
      <trkpt lat="34.295620000" lon="-111.662690000">
        <ele>786</ele>
      </trkpt>
      <trkpt lat="34.295730000" lon="-111.662700000">
        <ele>788</ele>
      </trkpt>
      <trkpt lat="34.295850000" lon="-111.662730000">
        <ele>787</ele>
      </trkpt>
      <trkpt lat="34.295890000" lon="-111.662580000">
        <ele>792</ele>
      </trkpt>
      <trkpt lat="34.295970000" lon="-111.662430000">
        <ele>795</ele>
      </trkpt>
      <trkpt lat="34.295990000" lon="-111.662300000">
        <ele>797</ele>
      </trkpt>
      <trkpt lat="34.296090000" lon="-111.662190000">
        <ele>800</ele>
      </trkpt>
      <trkpt lat="34.296170000" lon="-111.662210000">
        <ele>801</ele>
      </trkpt>
      <trkpt lat="34.296270000" lon="-111.662390000">
        <ele>803</ele>
      </trkpt>
      <trkpt lat="34.296270000" lon="-111.662450000">
        <ele>803</ele>
      </trkpt>
      <trkpt lat="34.296300000" lon="-111.662510000">
        <ele>803</ele>
      </trkpt>
      <trkpt lat="34.296390000" lon="-111.662530000">
        <ele>806</ele>
      </trkpt>
      <trkpt lat="34.296470000" lon="-111.662480000">
        <ele>809</ele>
      </trkpt>
      <trkpt lat="34.296650000" lon="-111.662480000">
        <ele>813</ele>
      </trkpt>
      <trkpt lat="34.296750000" lon="-111.662550000">
        <ele>815</ele>
      </trkpt>
      <trkpt lat="34.296880000" lon="-111.662670000">
        <ele>814</ele>
      </trkpt>
      <trkpt lat="34.297010000" lon="-111.662720000">
        <ele>812</ele>
      </trkpt>
      <trkpt lat="34.297160000" lon="-111.662690000">
        <ele>813</ele>
      </trkpt>
      <trkpt lat="34.297310000" lon="-111.662580000">
        <ele>818</ele>
      </trkpt>
      <trkpt lat="34.297390000" lon="-111.662540000">
        <ele>820</ele>
      </trkpt>
      <trkpt lat="34.297460000" lon="-111.662590000">
        <ele>820</ele>
      </trkpt>
      <trkpt lat="34.297540000" lon="-111.662570000">
        <ele>824</ele>
      </trkpt>
      <trkpt lat="34.297620000" lon="-111.662610000">
        <ele>826</ele>
      </trkpt>
      <trkpt lat="34.297770000" lon="-111.662640000">
        <ele>830</ele>
      </trkpt>
      <trkpt lat="34.297860000" lon="-111.662730000">
        <ele>831</ele>
      </trkpt>
      <trkpt lat="34.297870000" lon="-111.662770000">
        <ele>830</ele>
      </trkpt>
      <trkpt lat="34.297950000" lon="-111.662790000">
        <ele>832</ele>
      </trkpt>
      <trkpt lat="34.298020000" lon="-111.662860000">
        <ele>832</ele>
      </trkpt>
      <trkpt lat="34.298070000" lon="-111.662880000">
        <ele>833</ele>
      </trkpt>
      <trkpt lat="34.298150000" lon="-111.662850000">
        <ele>837</ele>
      </trkpt>
      <trkpt lat="34.298370000" lon="-111.662650000">
        <ele>845</ele>
      </trkpt>
      <trkpt lat="34.298460000" lon="-111.662620000">
        <ele>846</ele>
      </trkpt>
      <trkpt lat="34.298600000" lon="-111.662630000">
        <ele>848</ele>
      </trkpt>
      <trkpt lat="34.298730000" lon="-111.662540000">
        <ele>849</ele>
      </trkpt>
      <trkpt lat="34.298860000" lon="-111.662400000">
        <ele>850</ele>
      </trkpt>
      <trkpt lat="34.298960000" lon="-111.662330000">
        <ele>852</ele>
      </trkpt>
      <trkpt lat="34.299160000" lon="-111.662250000">
        <ele>857</ele>
      </trkpt>
      <trkpt lat="34.299320000" lon="-111.662270000">
        <ele>862</ele>
      </trkpt>
      <trkpt lat="34.299380000" lon="-111.662250000">
        <ele>862</ele>
      </trkpt>
      <trkpt lat="34.299470000" lon="-111.662280000">
        <ele>864</ele>
      </trkpt>
      <trkpt lat="34.299590000" lon="-111.662270000">
        <ele>866</ele>
      </trkpt>
      <trkpt lat="34.299690000" lon="-111.662310000">
        <ele>870</ele>
      </trkpt>
      <trkpt lat="34.299750000" lon="-111.662270000">
        <ele>872</ele>
      </trkpt>
      <trkpt lat="34.299840000" lon="-111.662290000">
        <ele>875</ele>
      </trkpt>
      <trkpt lat="34.299920000" lon="-111.662270000">
        <ele>876</ele>
      </trkpt>
      <trkpt lat="34.300250000" lon="-111.662280000">
        <ele>882</ele>
      </trkpt>
      <trkpt lat="34.300330000" lon="-111.662300000">
        <ele>884</ele>
      </trkpt>
      <trkpt lat="34.300350000" lon="-111.662350000">
        <ele>886</ele>
      </trkpt>
      <trkpt lat="34.300260000" lon="-111.662460000">
        <ele>887</ele>
      </trkpt>
      <trkpt lat="34.300080000" lon="-111.662900000">
        <ele>890</ele>
      </trkpt>
      <trkpt lat="34.300100000" lon="-111.662970000">
        <ele>891</ele>
      </trkpt>
      <trkpt lat="34.300180000" lon="-111.663010000">
        <ele>895</ele>
      </trkpt>
      <trkpt lat="34.300220000" lon="-111.662950000">
        <ele>896</ele>
      </trkpt>
      <trkpt lat="34.300240000" lon="-111.662850000">
        <ele>896</ele>
      </trkpt>
      <trkpt lat="34.300300000" lon="-111.662820000">
        <ele>898</ele>
      </trkpt>
      <trkpt lat="34.300440000" lon="-111.662810000">
        <ele>903</ele>
      </trkpt>
      <trkpt lat="34.300520000" lon="-111.662820000">
        <ele>905</ele>
      </trkpt>
      <trkpt lat="34.300600000" lon="-111.662790000">
        <ele>906</ele>
      </trkpt>
      <trkpt lat="34.300820000" lon="-111.662790000">
        <ele>910</ele>
      </trkpt>
      <trkpt lat="34.300870000" lon="-111.662780000">
        <ele>909</ele>
      </trkpt>
      <trkpt lat="34.300990000" lon="-111.662800000">
        <ele>913</ele>
      </trkpt>
      <trkpt lat="34.301140000" lon="-111.662710000">
        <ele>914</ele>
      </trkpt>
      <trkpt lat="34.301190000" lon="-111.662600000">
        <ele>915</ele>
      </trkpt>
      <trkpt lat="34.301360000" lon="-111.662520000">
        <ele>921</ele>
      </trkpt>
      <trkpt lat="34.301440000" lon="-111.662520000">
        <ele>923</ele>
      </trkpt>
      <trkpt lat="34.301520000" lon="-111.662480000">
        <ele>923</ele>
      </trkpt>
      <trkpt lat="34.301730000" lon="-111.662450000">
        <ele>927</ele>
      </trkpt>
      <trkpt lat="34.301910000" lon="-111.662380000">
        <ele>932</ele>
      </trkpt>
      <trkpt lat="34.301970000" lon="-111.662340000">
        <ele>934</ele>
      </trkpt>
      <trkpt lat="34.302000000" lon="-111.662290000">
        <ele>934</ele>
      </trkpt>
      <trkpt lat="34.302130000" lon="-111.662210000">
        <ele>938</ele>
      </trkpt>
      <trkpt lat="34.302140000" lon="-111.662180000">
        <ele>937</ele>
      </trkpt>
      <trkpt lat="34.302210000" lon="-111.662140000">
        <ele>939</ele>
      </trkpt>
      <trkpt lat="34.302340000" lon="-111.662140000">
        <ele>943</ele>
      </trkpt>
      <trkpt lat="34.302510000" lon="-111.662180000">
        <ele>951</ele>
      </trkpt>
      <trkpt lat="34.302630000" lon="-111.662120000">
        <ele>951</ele>
      </trkpt>
      <trkpt lat="34.302670000" lon="-111.662070000">
        <ele>949</ele>
      </trkpt>
      <trkpt lat="34.302950000" lon="-111.662010000">
        <ele>950</ele>
      </trkpt>
      <trkpt lat="34.303100000" lon="-111.661900000">
        <ele>946</ele>
      </trkpt>
      <trkpt lat="34.303310000" lon="-111.661970000">
        <ele>952</ele>
      </trkpt>
      <trkpt lat="34.303400000" lon="-111.661940000">
        <ele>952</ele>
      </trkpt>
      <trkpt lat="34.303470000" lon="-111.661880000">
        <ele>950</ele>
      </trkpt>
      <trkpt lat="34.303560000" lon="-111.661910000">
        <ele>954</ele>
      </trkpt>
      <trkpt lat="34.303650000" lon="-111.661850000">
        <ele>954</ele>
      </trkpt>
      <trkpt lat="34.303970000" lon="-111.662040000">
        <ele>963</ele>
      </trkpt>
      <trkpt lat="34.304030000" lon="-111.662020000">
        <ele>963</ele>
      </trkpt>
      <trkpt lat="34.304070000" lon="-111.661980000">
        <ele>962</ele>
      </trkpt>
      <trkpt lat="34.304120000" lon="-111.661880000">
        <ele>962</ele>
      </trkpt>
      <trkpt lat="34.304080000" lon="-111.661690000">
        <ele>964</ele>
      </trkpt>
      <trkpt lat="34.304090000" lon="-111.661540000">
        <ele>964</ele>
      </trkpt>
      <trkpt lat="34.304190000" lon="-111.661170000">
        <ele>964</ele>
      </trkpt>
      <trkpt lat="34.304190000" lon="-111.661010000">
        <ele>966</ele>
      </trkpt>
      <trkpt lat="34.304170000" lon="-111.660980000">
        <ele>967</ele>
      </trkpt>
      <trkpt lat="34.304170000" lon="-111.660780000">
        <ele>970</ele>
      </trkpt>
      <trkpt lat="34.304260000" lon="-111.660710000">
        <ele>970</ele>
      </trkpt>
      <trkpt lat="34.304310000" lon="-111.660620000">
        <ele>970</ele>
      </trkpt>
      <trkpt lat="34.304410000" lon="-111.660530000">
        <ele>971</ele>
      </trkpt>
      <trkpt lat="34.304460000" lon="-111.660530000">
        <ele>972</ele>
      </trkpt>
      <trkpt lat="34.304560000" lon="-111.660450000">
        <ele>973</ele>
      </trkpt>
      <trkpt lat="34.304630000" lon="-111.660450000">
        <ele>974</ele>
      </trkpt>
      <trkpt lat="34.304650000" lon="-111.660430000">
        <ele>975</ele>
      </trkpt>
      <trkpt lat="34.304690000" lon="-111.660120000">
        <ele>979</ele>
      </trkpt>
      <trkpt lat="34.304750000" lon="-111.660110000">
        <ele>980</ele>
      </trkpt>
      <trkpt lat="34.305010000" lon="-111.659600000">
        <ele>989</ele>
      </trkpt>
      <trkpt lat="34.305190000" lon="-111.659350000">
        <ele>992</ele>
      </trkpt>
      <trkpt lat="34.305280000" lon="-111.659340000">
        <ele>992</ele>
      </trkpt>
      <trkpt lat="34.305350000" lon="-111.659280000">
        <ele>993</ele>
      </trkpt>
      <trkpt lat="34.305400000" lon="-111.659270000">
        <ele>993</ele>
      </trkpt>
      <trkpt lat="34.305490000" lon="-111.659190000">
        <ele>995</ele>
      </trkpt>
      <trkpt lat="34.305540000" lon="-111.659060000">
        <ele>1000</ele>
      </trkpt>
      <trkpt lat="34.305750000" lon="-111.658760000">
        <ele>1005</ele>
      </trkpt>
      <trkpt lat="34.305890000" lon="-111.658670000">
        <ele>1006</ele>
      </trkpt>
      <trkpt lat="34.305930000" lon="-111.658680000">
        <ele>1005</ele>
      </trkpt>
      <trkpt lat="34.306030000" lon="-111.658660000">
        <ele>1005</ele>
      </trkpt>
      <trkpt lat="34.306430000" lon="-111.658490000">
        <ele>1012</ele>
      </trkpt>
      <trkpt lat="34.306510000" lon="-111.658360000">
        <ele>1018</ele>
      </trkpt>
      <trkpt lat="34.306630000" lon="-111.658290000">
        <ele>1020</ele>
      </trkpt>
      <trkpt lat="34.306730000" lon="-111.658150000">
        <ele>1024</ele>
      </trkpt>
      <trkpt lat="34.306810000" lon="-111.657940000">
        <ele>1029</ele>
      </trkpt>
      <trkpt lat="34.306820000" lon="-111.657790000">
        <ele>1031</ele>
      </trkpt>
      <trkpt lat="34.306780000" lon="-111.657720000">
        <ele>1034</ele>
      </trkpt>
      <trkpt lat="34.306780000" lon="-111.657670000">
        <ele>1034</ele>
      </trkpt>
      <trkpt lat="34.306660000" lon="-111.657490000">
        <ele>1043</ele>
      </trkpt>
      <trkpt lat="34.306630000" lon="-111.657360000">
        <ele>1045</ele>
      </trkpt>
      <trkpt lat="34.306630000" lon="-111.657200000">
        <ele>1045</ele>
      </trkpt>
      <trkpt lat="34.306580000" lon="-111.657080000">
        <ele>1047</ele>
      </trkpt>
      <trkpt lat="34.306490000" lon="-111.656490000">
        <ele>1055</ele>
      </trkpt>
      <trkpt lat="34.306520000" lon="-111.656260000">
        <ele>1056</ele>
      </trkpt>
      <trkpt lat="34.306500000" lon="-111.656100000">
        <ele>1059</ele>
      </trkpt>
      <trkpt lat="34.306580000" lon="-111.655670000">
        <ele>1067</ele>
      </trkpt>
      <trkpt lat="34.306560000" lon="-111.655620000">
        <ele>1069</ele>
      </trkpt>
      <trkpt lat="34.306620000" lon="-111.655190000">
        <ele>1076</ele>
      </trkpt>
      <trkpt lat="34.306690000" lon="-111.655140000">
        <ele>1076</ele>
      </trkpt>
      <trkpt lat="34.306810000" lon="-111.655130000">
        <ele>1073</ele>
      </trkpt>
      <trkpt lat="34.307150000" lon="-111.654990000">
        <ele>1080</ele>
      </trkpt>
      <trkpt lat="34.307540000" lon="-111.654950000">
        <ele>1089</ele>
      </trkpt>
      <trkpt lat="34.307610000" lon="-111.654920000">
        <ele>1091</ele>
      </trkpt>
      <trkpt lat="34.307690000" lon="-111.654920000">
        <ele>1091</ele>
      </trkpt>
      <trkpt lat="34.307770000" lon="-111.654880000">
        <ele>1093</ele>
      </trkpt>
      <trkpt lat="34.307850000" lon="-111.654870000">
        <ele>1093</ele>
      </trkpt>
      <trkpt lat="34.307950000" lon="-111.654790000">
        <ele>1095</ele>
      </trkpt>
      <trkpt lat="34.308000000" lon="-111.654700000">
        <ele>1097</ele>
      </trkpt>
      <trkpt lat="34.308180000" lon="-111.654530000">
        <ele>1099</ele>
      </trkpt>
      <trkpt lat="34.308190000" lon="-111.654490000">
        <ele>1100</ele>
      </trkpt>
      <trkpt lat="34.308320000" lon="-111.654400000">
        <ele>1100</ele>
      </trkpt>
      <trkpt lat="34.308450000" lon="-111.654240000">
        <ele>1106</ele>
      </trkpt>
      <trkpt lat="34.308630000" lon="-111.654080000">
        <ele>1112</ele>
      </trkpt>
      <trkpt lat="34.308730000" lon="-111.653990000">
        <ele>1115</ele>
      </trkpt>
      <trkpt lat="34.308990000" lon="-111.653930000">
        <ele>1116</ele>
      </trkpt>
      <trkpt lat="34.309150000" lon="-111.653790000">
        <ele>1123</ele>
      </trkpt>
      <trkpt lat="34.309210000" lon="-111.653770000">
        <ele>1123</ele>
      </trkpt>
      <trkpt lat="34.309320000" lon="-111.653630000">
        <ele>1125</ele>
      </trkpt>
      <trkpt lat="34.309340000" lon="-111.653470000">
        <ele>1128</ele>
      </trkpt>
      <trkpt lat="34.309270000" lon="-111.653280000">
        <ele>1134</ele>
      </trkpt>
      <trkpt lat="34.309250000" lon="-111.653160000">
        <ele>1136</ele>
      </trkpt>
      <trkpt lat="34.309250000" lon="-111.652890000">
        <ele>1137</ele>
      </trkpt>
      <trkpt lat="34.309210000" lon="-111.652750000">
        <ele>1138</ele>
      </trkpt>
      <trkpt lat="34.309220000" lon="-111.652570000">
        <ele>1139</ele>
      </trkpt>
      <trkpt lat="34.309160000" lon="-111.652400000">
        <ele>1139</ele>
      </trkpt>
      <trkpt lat="34.309140000" lon="-111.652140000">
        <ele>1139</ele>
      </trkpt>
      <trkpt lat="34.309160000" lon="-111.652100000">
        <ele>1139</ele>
      </trkpt>
      <trkpt lat="34.309150000" lon="-111.652310000">
        <ele>1139</ele>
      </trkpt>
      <trkpt lat="34.309160000" lon="-111.652230000">
        <ele>1139</ele>
      </trkpt>
      <trkpt lat="34.309200000" lon="-111.652190000">
        <ele>1140</ele>
      </trkpt>
      <trkpt lat="34.309420000" lon="-111.651430000">
        <ele>1138</ele>
      </trkpt>
      <trkpt lat="34.309630000" lon="-111.650920000">
        <ele>1140</ele>
      </trkpt>
      <trkpt lat="34.309800000" lon="-111.650700000">
        <ele>1144</ele>
      </trkpt>
      <trkpt lat="34.309920000" lon="-111.650430000">
        <ele>1145</ele>
      </trkpt>
      <trkpt lat="34.310180000" lon="-111.650260000">
        <ele>1155</ele>
      </trkpt>
      <trkpt lat="34.310160000" lon="-111.650200000">
        <ele>1153</ele>
      </trkpt>
      <trkpt lat="34.310130000" lon="-111.650220000">
        <ele>1152</ele>
      </trkpt>
      <trkpt lat="34.310220000" lon="-111.649950000">
        <ele>1153</ele>
      </trkpt>
      <trkpt lat="34.310530000" lon="-111.649650000">
        <ele>1162</ele>
      </trkpt>
      <trkpt lat="34.310530000" lon="-111.649570000">
        <ele>1162</ele>
      </trkpt>
      <trkpt lat="34.310590000" lon="-111.649500000">
        <ele>1164</ele>
      </trkpt>
      <trkpt lat="34.310590000" lon="-111.649340000">
        <ele>1164</ele>
      </trkpt>
      <trkpt lat="34.310640000" lon="-111.649190000">
        <ele>1165</ele>
      </trkpt>
      <trkpt lat="34.310850000" lon="-111.648870000">
        <ele>1171</ele>
      </trkpt>
      <trkpt lat="34.311100000" lon="-111.648270000">
        <ele>1169</ele>
      </trkpt>
      <trkpt lat="34.311190000" lon="-111.648170000">
        <ele>1170</ele>
      </trkpt>
      <trkpt lat="34.311310000" lon="-111.647910000">
        <ele>1167</ele>
      </trkpt>
      <trkpt lat="34.311400000" lon="-111.647840000">
        <ele>1170</ele>
      </trkpt>
      <trkpt lat="34.311580000" lon="-111.647550000">
        <ele>1174</ele>
      </trkpt>
      <trkpt lat="34.311660000" lon="-111.647190000">
        <ele>1175</ele>
      </trkpt>
      <trkpt lat="34.311700000" lon="-111.647150000">
        <ele>1178</ele>
      </trkpt>
      <trkpt lat="34.311710000" lon="-111.647090000">
        <ele>1180</ele>
      </trkpt>
      <trkpt lat="34.311760000" lon="-111.647050000">
        <ele>1183</ele>
      </trkpt>
      <trkpt lat="34.311840000" lon="-111.646830000">
        <ele>1187</ele>
      </trkpt>
      <trkpt lat="34.311930000" lon="-111.646680000">
        <ele>1189</ele>
      </trkpt>
      <trkpt lat="34.312010000" lon="-111.646400000">
        <ele>1186</ele>
      </trkpt>
      <trkpt lat="34.312080000" lon="-111.646230000">
        <ele>1186</ele>
      </trkpt>
      <trkpt lat="34.312090000" lon="-111.646160000">
        <ele>1185</ele>
      </trkpt>
      <trkpt lat="34.312060000" lon="-111.645900000">
        <ele>1182</ele>
      </trkpt>
      <trkpt lat="34.312070000" lon="-111.645720000">
        <ele>1185</ele>
      </trkpt>
      <trkpt lat="34.312020000" lon="-111.645400000">
        <ele>1188</ele>
      </trkpt>
      <trkpt lat="34.312020000" lon="-111.645300000">
        <ele>1190</ele>
      </trkpt>
      <trkpt lat="34.312040000" lon="-111.645130000">
        <ele>1191</ele>
      </trkpt>
      <trkpt lat="34.312150000" lon="-111.644810000">
        <ele>1192</ele>
      </trkpt>
      <trkpt lat="34.312190000" lon="-111.644610000">
        <ele>1192</ele>
      </trkpt>
      <trkpt lat="34.312300000" lon="-111.644370000">
        <ele>1195</ele>
      </trkpt>
      <trkpt lat="34.312360000" lon="-111.644310000">
        <ele>1199</ele>
      </trkpt>
      <trkpt lat="34.312460000" lon="-111.644100000">
        <ele>1202</ele>
      </trkpt>
      <trkpt lat="34.312590000" lon="-111.643950000">
        <ele>1206</ele>
      </trkpt>
      <trkpt lat="34.312680000" lon="-111.643670000">
        <ele>1205</ele>
      </trkpt>
      <trkpt lat="34.312850000" lon="-111.643420000">
        <ele>1213</ele>
      </trkpt>
      <trkpt lat="34.312890000" lon="-111.643280000">
        <ele>1214</ele>
      </trkpt>
      <trkpt lat="34.312880000" lon="-111.643220000">
        <ele>1212</ele>
      </trkpt>
      <trkpt lat="34.312960000" lon="-111.643120000">
        <ele>1214</ele>
      </trkpt>
      <trkpt lat="34.313040000" lon="-111.642920000">
        <ele>1216</ele>
      </trkpt>
      <trkpt lat="34.313070000" lon="-111.642900000">
        <ele>1218</ele>
      </trkpt>
      <trkpt lat="34.313180000" lon="-111.642770000">
        <ele>1221</ele>
      </trkpt>
      <trkpt lat="34.313220000" lon="-111.642670000">
        <ele>1222</ele>
      </trkpt>
      <trkpt lat="34.313300000" lon="-111.642590000">
        <ele>1226</ele>
      </trkpt>
      <trkpt lat="34.313340000" lon="-111.642420000">
        <ele>1228</ele>
      </trkpt>
      <trkpt lat="34.313340000" lon="-111.642270000">
        <ele>1229</ele>
      </trkpt>
      <trkpt lat="34.313370000" lon="-111.642230000">
        <ele>1231</ele>
      </trkpt>
      <trkpt lat="34.313350000" lon="-111.642130000">
        <ele>1231</ele>
      </trkpt>
      <trkpt lat="34.313260000" lon="-111.641940000">
        <ele>1231</ele>
      </trkpt>
      <trkpt lat="34.313290000" lon="-111.641810000">
        <ele>1235</ele>
      </trkpt>
      <trkpt lat="34.313390000" lon="-111.641690000">
        <ele>1240</ele>
      </trkpt>
      <trkpt lat="34.313580000" lon="-111.641820000">
        <ele>1242</ele>
      </trkpt>
      <trkpt lat="34.313630000" lon="-111.641770000">
        <ele>1244</ele>
      </trkpt>
      <trkpt lat="34.313680000" lon="-111.641790000">
        <ele>1245</ele>
      </trkpt>
      <trkpt lat="34.313850000" lon="-111.641900000">
        <ele>1250</ele>
      </trkpt>
      <trkpt lat="34.314020000" lon="-111.642080000">
        <ele>1258</ele>
      </trkpt>
      <trkpt lat="34.314110000" lon="-111.642280000">
        <ele>1262</ele>
      </trkpt>
      <trkpt lat="34.314200000" lon="-111.642380000">
        <ele>1265</ele>
      </trkpt>
      <trkpt lat="34.314320000" lon="-111.642760000">
        <ele>1269</ele>
      </trkpt>
      <trkpt lat="34.314390000" lon="-111.642770000">
        <ele>1270</ele>
      </trkpt>
      <trkpt lat="34.314410000" lon="-111.642670000">
        <ele>1270</ele>
      </trkpt>
      <trkpt lat="34.314490000" lon="-111.642490000">
        <ele>1270</ele>
      </trkpt>
      <trkpt lat="34.314700000" lon="-111.642250000">
        <ele>1268</ele>
      </trkpt>
      <trkpt lat="34.314770000" lon="-111.641970000">
        <ele>1270</ele>
      </trkpt>
      <trkpt lat="34.314800000" lon="-111.641910000">
        <ele>1270</ele>
      </trkpt>
      <trkpt lat="34.314820000" lon="-111.641890000">
        <ele>1271</ele>
      </trkpt>
      <trkpt lat="34.314840000" lon="-111.641890000">
        <ele>1270</ele>
      </trkpt>
      <trkpt lat="34.314930000" lon="-111.641760000">
        <ele>1272</ele>
      </trkpt>
      <trkpt lat="34.315080000" lon="-111.641620000">
        <ele>1274</ele>
      </trkpt>
      <trkpt lat="34.315110000" lon="-111.641570000">
        <ele>1275</ele>
      </trkpt>
      <trkpt lat="34.315070000" lon="-111.641480000">
        <ele>1278</ele>
      </trkpt>
      <trkpt lat="34.314960000" lon="-111.641440000">
        <ele>1280</ele>
      </trkpt>
      <trkpt lat="34.314840000" lon="-111.641340000">
        <ele>1283</ele>
      </trkpt>
      <trkpt lat="34.314830000" lon="-111.641250000">
        <ele>1286</ele>
      </trkpt>
      <trkpt lat="34.314920000" lon="-111.641150000">
        <ele>1291</ele>
      </trkpt>
      <trkpt lat="34.314970000" lon="-111.641060000">
        <ele>1294</ele>
      </trkpt>
      <trkpt lat="34.314980000" lon="-111.640960000">
        <ele>1296</ele>
      </trkpt>
      <trkpt lat="34.314950000" lon="-111.640660000">
        <ele>1302</ele>
      </trkpt>
      <trkpt lat="34.314980000" lon="-111.640360000">
        <ele>1306</ele>
      </trkpt>
      <trkpt lat="34.314960000" lon="-111.640240000">
        <ele>1306</ele>
      </trkpt>
      <trkpt lat="34.314980000" lon="-111.640080000">
        <ele>1308</ele>
      </trkpt>
      <trkpt lat="34.315020000" lon="-111.639990000">
        <ele>1309</ele>
      </trkpt>
      <trkpt lat="34.315020000" lon="-111.639900000">
        <ele>1310</ele>
      </trkpt>
      <trkpt lat="34.315040000" lon="-111.639830000">
        <ele>1312</ele>
      </trkpt>
      <trkpt lat="34.315100000" lon="-111.639780000">
        <ele>1313</ele>
      </trkpt>
      <trkpt lat="34.315140000" lon="-111.639690000">
        <ele>1314</ele>
      </trkpt>
      <trkpt lat="34.315190000" lon="-111.639650000">
        <ele>1315</ele>
      </trkpt>
      <trkpt lat="34.315200000" lon="-111.639570000">
        <ele>1316</ele>
      </trkpt>
      <trkpt lat="34.315250000" lon="-111.639490000">
        <ele>1317</ele>
      </trkpt>
      <trkpt lat="34.315280000" lon="-111.639380000">
        <ele>1318</ele>
      </trkpt>
      <trkpt lat="34.315350000" lon="-111.639320000">
        <ele>1319</ele>
      </trkpt>
      <trkpt lat="34.315380000" lon="-111.639260000">
        <ele>1319</ele>
      </trkpt>
      <trkpt lat="34.315260000" lon="-111.639220000">
        <ele>1318</ele>
      </trkpt>
      <trkpt lat="34.315150000" lon="-111.639220000">
        <ele>1317</ele>
      </trkpt>
      <trkpt lat="34.315030000" lon="-111.639130000">
        <ele>1317</ele>
      </trkpt>
      <trkpt lat="34.314830000" lon="-111.638840000">
        <ele>1321</ele>
      </trkpt>
      <trkpt lat="34.314740000" lon="-111.638420000">
        <ele>1324</ele>
      </trkpt>
      <trkpt lat="34.314710000" lon="-111.638360000">
        <ele>1324</ele>
      </trkpt>
      <trkpt lat="34.314640000" lon="-111.638270000">
        <ele>1324</ele>
      </trkpt>
      <trkpt lat="34.314520000" lon="-111.638200000">
        <ele>1325</ele>
      </trkpt>
      <trkpt lat="34.314320000" lon="-111.637960000">
        <ele>1327</ele>
      </trkpt>
      <trkpt lat="34.314080000" lon="-111.637770000">
        <ele>1329</ele>
      </trkpt>
      <trkpt lat="34.313920000" lon="-111.637670000">
        <ele>1331</ele>
      </trkpt>
      <trkpt lat="34.313760000" lon="-111.637500000">
        <ele>1333</ele>
      </trkpt>
      <trkpt lat="34.313570000" lon="-111.637220000">
        <ele>1334</ele>
      </trkpt>
      <trkpt lat="34.313470000" lon="-111.636940000">
        <ele>1333</ele>
      </trkpt>
      <trkpt lat="34.313450000" lon="-111.636740000">
        <ele>1331</ele>
      </trkpt>
      <trkpt lat="34.313240000" lon="-111.636150000">
        <ele>1332</ele>
      </trkpt>
      <trkpt lat="34.313210000" lon="-111.635960000">
        <ele>1333</ele>
      </trkpt>
      <trkpt lat="34.313190000" lon="-111.635760000">
        <ele>1334</ele>
      </trkpt>
      <trkpt lat="34.313210000" lon="-111.635620000">
        <ele>1333</ele>
      </trkpt>
      <trkpt lat="34.313180000" lon="-111.635420000">
        <ele>1331</ele>
      </trkpt>
      <trkpt lat="34.313200000" lon="-111.635290000">
        <ele>1331</ele>
      </trkpt>
      <trkpt lat="34.313180000" lon="-111.635150000">
        <ele>1332</ele>
      </trkpt>
      <trkpt lat="34.313190000" lon="-111.634960000">
        <ele>1333</ele>
      </trkpt>
      <trkpt lat="34.313410000" lon="-111.634420000">
        <ele>1337</ele>
      </trkpt>
      <trkpt lat="34.313510000" lon="-111.634350000">
        <ele>1338</ele>
      </trkpt>
      <trkpt lat="34.313560000" lon="-111.634160000">
        <ele>1341</ele>
      </trkpt>
      <trkpt lat="34.313540000" lon="-111.633960000">
        <ele>1343</ele>
      </trkpt>
      <trkpt lat="34.313560000" lon="-111.633820000">
        <ele>1346</ele>
      </trkpt>
      <trkpt lat="34.313520000" lon="-111.633730000">
        <ele>1348</ele>
      </trkpt>
      <trkpt lat="34.313510000" lon="-111.633590000">
        <ele>1352</ele>
      </trkpt>
      <trkpt lat="34.313410000" lon="-111.633440000">
        <ele>1354</ele>
      </trkpt>
      <trkpt lat="34.313290000" lon="-111.633330000">
        <ele>1354</ele>
      </trkpt>
      <trkpt lat="34.313110000" lon="-111.633070000">
        <ele>1357</ele>
      </trkpt>
      <trkpt lat="34.312940000" lon="-111.632960000">
        <ele>1359</ele>
      </trkpt>
      <trkpt lat="34.312800000" lon="-111.632780000">
        <ele>1362</ele>
      </trkpt>
      <trkpt lat="34.312750000" lon="-111.632680000">
        <ele>1364</ele>
      </trkpt>
      <trkpt lat="34.312630000" lon="-111.632550000">
        <ele>1365</ele>
      </trkpt>
      <trkpt lat="34.312500000" lon="-111.632470000">
        <ele>1367</ele>
      </trkpt>
      <trkpt lat="34.312380000" lon="-111.632450000">
        <ele>1369</ele>
      </trkpt>
      <trkpt lat="34.312270000" lon="-111.632370000">
        <ele>1371</ele>
      </trkpt>
      <trkpt lat="34.312240000" lon="-111.632310000">
        <ele>1372</ele>
      </trkpt>
      <trkpt lat="34.312050000" lon="-111.632160000">
        <ele>1376</ele>
      </trkpt>
      <trkpt lat="34.312000000" lon="-111.632080000">
        <ele>1377</ele>
      </trkpt>
      <trkpt lat="34.311960000" lon="-111.632070000">
        <ele>1377</ele>
      </trkpt>
      <trkpt lat="34.311910000" lon="-111.631960000">
        <ele>1377</ele>
      </trkpt>
      <trkpt lat="34.311910000" lon="-111.631730000">
        <ele>1378</ele>
      </trkpt>
      <trkpt lat="34.311850000" lon="-111.631670000">
        <ele>1378</ele>
      </trkpt>
      <trkpt lat="34.311820000" lon="-111.631560000">
        <ele>1379</ele>
      </trkpt>
      <trkpt lat="34.311660000" lon="-111.631240000">
        <ele>1382</ele>
      </trkpt>
      <trkpt lat="34.311630000" lon="-111.631120000">
        <ele>1383</ele>
      </trkpt>
      <trkpt lat="34.311540000" lon="-111.631010000">
        <ele>1385</ele>
      </trkpt>
      <trkpt lat="34.311470000" lon="-111.630960000">
        <ele>1385</ele>
      </trkpt>
      <trkpt lat="34.311300000" lon="-111.630910000">
        <ele>1387</ele>
      </trkpt>
      <trkpt lat="34.311240000" lon="-111.630820000">
        <ele>1387</ele>
      </trkpt>
      <trkpt lat="34.311160000" lon="-111.630770000">
        <ele>1388</ele>
      </trkpt>
      <trkpt lat="34.311100000" lon="-111.630720000">
        <ele>1388</ele>
      </trkpt>
      <trkpt lat="34.311010000" lon="-111.630530000">
        <ele>1389</ele>
      </trkpt>
      <trkpt lat="34.310990000" lon="-111.630380000">
        <ele>1390</ele>
      </trkpt>
      <trkpt lat="34.311100000" lon="-111.630220000">
        <ele>1390</ele>
      </trkpt>
      <trkpt lat="34.311160000" lon="-111.630050000">
        <ele>1391</ele>
      </trkpt>
      <trkpt lat="34.311150000" lon="-111.629990000">
        <ele>1391</ele>
      </trkpt>
      <trkpt lat="34.311080000" lon="-111.629910000">
        <ele>1392</ele>
      </trkpt>
      <trkpt lat="34.311070000" lon="-111.629850000">
        <ele>1393</ele>
      </trkpt>
      <trkpt lat="34.311000000" lon="-111.629750000">
        <ele>1393</ele>
      </trkpt>
      <trkpt lat="34.310890000" lon="-111.629730000">
        <ele>1394</ele>
      </trkpt>
      <trkpt lat="34.310790000" lon="-111.629660000">
        <ele>1395</ele>
      </trkpt>
      <trkpt lat="34.310560000" lon="-111.629640000">
        <ele>1397</ele>
      </trkpt>
      <trkpt lat="34.310480000" lon="-111.629510000">
        <ele>1398</ele>
      </trkpt>
      <trkpt lat="34.310150000" lon="-111.629220000">
        <ele>1401</ele>
      </trkpt>
      <trkpt lat="34.309810000" lon="-111.629080000">
        <ele>1403</ele>
      </trkpt>
      <trkpt lat="34.309690000" lon="-111.628990000">
        <ele>1403</ele>
      </trkpt>
      <trkpt lat="34.309550000" lon="-111.628980000">
        <ele>1404</ele>
      </trkpt>
      <trkpt lat="34.309450000" lon="-111.628880000">
        <ele>1404</ele>
      </trkpt>
      <trkpt lat="34.309340000" lon="-111.628820000">
        <ele>1405</ele>
      </trkpt>
      <trkpt lat="34.309250000" lon="-111.628730000">
        <ele>1405</ele>
      </trkpt>
      <trkpt lat="34.308960000" lon="-111.628750000">
        <ele>1407</ele>
      </trkpt>
      <trkpt lat="34.308900000" lon="-111.628670000">
        <ele>1407</ele>
      </trkpt>
      <trkpt lat="34.308840000" lon="-111.628470000">
        <ele>1405</ele>
      </trkpt>
      <trkpt lat="34.308680000" lon="-111.628260000">
        <ele>1404</ele>
      </trkpt>
      <trkpt lat="34.308600000" lon="-111.628250000">
        <ele>1404</ele>
      </trkpt>
      <trkpt lat="34.308510000" lon="-111.628200000">
        <ele>1404</ele>
      </trkpt>
      <trkpt lat="34.308420000" lon="-111.628200000">
        <ele>1405</ele>
      </trkpt>
      <trkpt lat="34.308220000" lon="-111.628140000">
        <ele>1404</ele>
      </trkpt>
      <trkpt lat="34.308140000" lon="-111.628100000">
        <ele>1404</ele>
      </trkpt>
      <trkpt lat="34.308050000" lon="-111.628010000">
        <ele>1403</ele>
      </trkpt>
      <trkpt lat="34.308010000" lon="-111.628000000">
        <ele>1403</ele>
      </trkpt>
      <trkpt lat="34.307870000" lon="-111.627850000">
        <ele>1403</ele>
      </trkpt>
      <trkpt lat="34.307770000" lon="-111.627660000">
        <ele>1404</ele>
      </trkpt>
      <trkpt lat="34.307640000" lon="-111.627570000">
        <ele>1405</ele>
      </trkpt>
      <trkpt lat="34.307580000" lon="-111.627450000">
        <ele>1406</ele>
      </trkpt>
      <trkpt lat="34.307270000" lon="-111.627140000">
        <ele>1411</ele>
      </trkpt>
      <trkpt lat="34.307170000" lon="-111.626920000">
        <ele>1412</ele>
      </trkpt>
      <trkpt lat="34.306970000" lon="-111.626660000">
        <ele>1413</ele>
      </trkpt>
      <trkpt lat="34.306870000" lon="-111.626420000">
        <ele>1414</ele>
      </trkpt>
      <trkpt lat="34.306720000" lon="-111.626330000">
        <ele>1416</ele>
      </trkpt>
      <trkpt lat="34.306570000" lon="-111.626150000">
        <ele>1417</ele>
      </trkpt>
      <trkpt lat="34.306570000" lon="-111.626120000">
        <ele>1417</ele>
      </trkpt>
      <trkpt lat="34.306350000" lon="-111.625980000">
        <ele>1418</ele>
      </trkpt>
      <trkpt lat="34.306070000" lon="-111.625690000">
        <ele>1421</ele>
      </trkpt>
      <trkpt lat="34.306000000" lon="-111.625670000">
        <ele>1421</ele>
      </trkpt>
      <trkpt lat="34.305890000" lon="-111.625670000">
        <ele>1422</ele>
      </trkpt>
      <trkpt lat="34.305710000" lon="-111.625710000">
        <ele>1424</ele>
      </trkpt>
      <trkpt lat="34.305570000" lon="-111.625820000">
        <ele>1424</ele>
      </trkpt>
      <trkpt lat="34.305420000" lon="-111.625890000">
        <ele>1425</ele>
      </trkpt>
      <trkpt lat="34.305280000" lon="-111.625940000">
        <ele>1426</ele>
      </trkpt>
      <trkpt lat="34.305040000" lon="-111.625970000">
        <ele>1427</ele>
      </trkpt>
      <trkpt lat="34.304780000" lon="-111.625740000">
        <ele>1427</ele>
      </trkpt>
      <trkpt lat="34.304620000" lon="-111.625460000">
        <ele>1427</ele>
      </trkpt>
      <trkpt lat="34.304520000" lon="-111.625240000">
        <ele>1427</ele>
      </trkpt>
      <trkpt lat="34.304520000" lon="-111.625170000">
        <ele>1427</ele>
      </trkpt>
      <trkpt lat="34.304440000" lon="-111.624920000">
        <ele>1427</ele>
      </trkpt>
      <trkpt lat="34.304320000" lon="-111.624730000">
        <ele>1427</ele>
      </trkpt>
      <trkpt lat="34.304250000" lon="-111.624660000">
        <ele>1427</ele>
      </trkpt>
      <trkpt lat="34.304000000" lon="-111.624550000">
        <ele>1427</ele>
      </trkpt>
      <trkpt lat="34.303920000" lon="-111.624440000">
        <ele>1427</ele>
      </trkpt>
      <trkpt lat="34.303850000" lon="-111.624380000">
        <ele>1427</ele>
      </trkpt>
      <trkpt lat="34.303770000" lon="-111.624360000">
        <ele>1427</ele>
      </trkpt>
      <trkpt lat="34.303620000" lon="-111.624260000">
        <ele>1427</ele>
      </trkpt>
      <trkpt lat="34.303420000" lon="-111.624080000">
        <ele>1426</ele>
      </trkpt>
      <trkpt lat="34.303120000" lon="-111.623960000">
        <ele>1425</ele>
      </trkpt>
      <trkpt lat="34.303050000" lon="-111.623870000">
        <ele>1424</ele>
      </trkpt>
      <trkpt lat="34.303130000" lon="-111.624000000">
        <ele>1425</ele>
      </trkpt>
      <trkpt lat="34.303380000" lon="-111.624080000">
        <ele>1426</ele>
      </trkpt>
      <trkpt lat="34.303480000" lon="-111.624150000">
        <ele>1426</ele>
      </trkpt>
      <trkpt lat="34.303500000" lon="-111.624140000">
        <ele>1426</ele>
      </trkpt>
      <trkpt lat="34.303520000" lon="-111.624070000">
        <ele>1426</ele>
      </trkpt>
      <trkpt lat="34.303490000" lon="-111.623850000">
        <ele>1426</ele>
      </trkpt>
      <trkpt lat="34.303500000" lon="-111.623560000">
        <ele>1425</ele>
      </trkpt>
      <trkpt lat="34.303430000" lon="-111.623420000">
        <ele>1424</ele>
      </trkpt>
      <trkpt lat="34.303430000" lon="-111.623360000">
        <ele>1424</ele>
      </trkpt>
      <trkpt lat="34.303380000" lon="-111.623300000">
        <ele>1424</ele>
      </trkpt>
      <trkpt lat="34.303320000" lon="-111.623030000">
        <ele>1424</ele>
      </trkpt>
      <trkpt lat="34.303490000" lon="-111.622820000">
        <ele>1425</ele>
      </trkpt>
      <trkpt lat="34.303540000" lon="-111.622690000">
        <ele>1426</ele>
      </trkpt>
      <trkpt lat="34.303860000" lon="-111.622350000">
        <ele>1431</ele>
      </trkpt>
      <trkpt lat="34.304020000" lon="-111.621940000">
        <ele>1435</ele>
      </trkpt>
      <trkpt lat="34.304170000" lon="-111.621790000">
        <ele>1437</ele>
      </trkpt>
      <trkpt lat="34.304290000" lon="-111.621730000">
        <ele>1438</ele>
      </trkpt>
      <trkpt lat="34.304400000" lon="-111.621640000">
        <ele>1440</ele>
      </trkpt>
      <trkpt lat="34.304660000" lon="-111.621340000">
        <ele>1442</ele>
      </trkpt>
      <trkpt lat="34.304770000" lon="-111.621240000">
        <ele>1443</ele>
      </trkpt>
      <trkpt lat="34.304990000" lon="-111.621150000">
        <ele>1444</ele>
      </trkpt>
      <trkpt lat="34.305110000" lon="-111.621030000">
        <ele>1446</ele>
      </trkpt>
      <trkpt lat="34.305250000" lon="-111.620950000">
        <ele>1446</ele>
      </trkpt>
      <trkpt lat="34.305290000" lon="-111.620910000">
        <ele>1447</ele>
      </trkpt>
      <trkpt lat="34.305380000" lon="-111.620520000">
        <ele>1451</ele>
      </trkpt>
      <trkpt lat="34.305420000" lon="-111.620490000">
        <ele>1452</ele>
      </trkpt>
      <trkpt lat="34.305480000" lon="-111.620390000">
        <ele>1453</ele>
      </trkpt>
      <trkpt lat="34.305510000" lon="-111.620260000">
        <ele>1455</ele>
      </trkpt>
      <trkpt lat="34.305590000" lon="-111.620120000">
        <ele>1456</ele>
      </trkpt>
      <trkpt lat="34.305660000" lon="-111.620060000">
        <ele>1457</ele>
      </trkpt>
      <trkpt lat="34.305750000" lon="-111.619900000">
        <ele>1458</ele>
      </trkpt>
      <trkpt lat="34.305760000" lon="-111.619810000">
        <ele>1460</ele>
      </trkpt>
      <trkpt lat="34.305900000" lon="-111.619550000">
        <ele>1462</ele>
      </trkpt>
      <trkpt lat="34.305960000" lon="-111.619380000">
        <ele>1464</ele>
      </trkpt>
      <trkpt lat="34.306020000" lon="-111.619290000">
        <ele>1465</ele>
      </trkpt>
      <trkpt lat="34.306080000" lon="-111.619120000">
        <ele>1468</ele>
      </trkpt>
      <trkpt lat="34.306230000" lon="-111.618920000">
        <ele>1470</ele>
      </trkpt>
      <trkpt lat="34.306240000" lon="-111.618880000">
        <ele>1471</ele>
      </trkpt>
      <trkpt lat="34.306340000" lon="-111.618740000">
        <ele>1472</ele>
      </trkpt>
      <trkpt lat="34.306420000" lon="-111.618660000">
        <ele>1471</ele>
      </trkpt>
      <trkpt lat="34.306500000" lon="-111.618490000">
        <ele>1473</ele>
      </trkpt>
      <trkpt lat="34.306600000" lon="-111.618370000">
        <ele>1473</ele>
      </trkpt>
      <trkpt lat="34.306620000" lon="-111.618380000">
        <ele>1472</ele>
      </trkpt>
      <trkpt lat="34.306660000" lon="-111.618270000">
        <ele>1473</ele>
      </trkpt>
      <trkpt lat="34.306670000" lon="-111.617800000">
        <ele>1475</ele>
      </trkpt>
      <trkpt lat="34.306640000" lon="-111.617750000">
        <ele>1476</ele>
      </trkpt>
      <trkpt lat="34.306720000" lon="-111.617050000">
        <ele>1475</ele>
      </trkpt>
      <trkpt lat="34.306700000" lon="-111.616920000">
        <ele>1476</ele>
      </trkpt>
      <trkpt lat="34.306620000" lon="-111.616740000">
        <ele>1478</ele>
      </trkpt>
      <trkpt lat="34.306550000" lon="-111.616610000">
        <ele>1480</ele>
      </trkpt>
      <trkpt lat="34.306410000" lon="-111.616470000">
        <ele>1482</ele>
      </trkpt>
      <trkpt lat="34.306370000" lon="-111.616350000">
        <ele>1482</ele>
      </trkpt>
      <trkpt lat="34.306250000" lon="-111.616190000">
        <ele>1482</ele>
      </trkpt>
      <trkpt lat="34.306130000" lon="-111.615840000">
        <ele>1480</ele>
      </trkpt>
      <trkpt lat="34.306100000" lon="-111.615600000">
        <ele>1479</ele>
      </trkpt>
      <trkpt lat="34.306040000" lon="-111.615400000">
        <ele>1479</ele>
      </trkpt>
      <trkpt lat="34.305880000" lon="-111.614700000">
        <ele>1481</ele>
      </trkpt>
      <trkpt lat="34.305850000" lon="-111.614300000">
        <ele>1482</ele>
      </trkpt>
      <trkpt lat="34.305800000" lon="-111.614130000">
        <ele>1481</ele>
      </trkpt>
      <trkpt lat="34.305780000" lon="-111.613860000">
        <ele>1481</ele>
      </trkpt>
      <trkpt lat="34.305700000" lon="-111.613640000">
        <ele>1480</ele>
      </trkpt>
      <trkpt lat="34.305670000" lon="-111.613320000">
        <ele>1479</ele>
      </trkpt>
      <trkpt lat="34.305610000" lon="-111.613100000">
        <ele>1479</ele>
      </trkpt>
      <trkpt lat="34.305630000" lon="-111.612740000">
        <ele>1479</ele>
      </trkpt>
      <trkpt lat="34.305580000" lon="-111.612490000">
        <ele>1479</ele>
      </trkpt>
      <trkpt lat="34.305640000" lon="-111.612350000">
        <ele>1480</ele>
      </trkpt>
      <trkpt lat="34.305670000" lon="-111.612170000">
        <ele>1480</ele>
      </trkpt>
      <trkpt lat="34.305670000" lon="-111.611980000">
        <ele>1480</ele>
      </trkpt>
      <trkpt lat="34.305620000" lon="-111.611870000">
        <ele>1480</ele>
      </trkpt>
      <trkpt lat="34.305620000" lon="-111.611650000">
        <ele>1481</ele>
      </trkpt>
      <trkpt lat="34.305670000" lon="-111.611570000">
        <ele>1481</ele>
      </trkpt>
      <trkpt lat="34.305740000" lon="-111.611560000">
        <ele>1481</ele>
      </trkpt>
      <trkpt lat="34.305900000" lon="-111.611570000">
        <ele>1482</ele>
      </trkpt>
      <trkpt lat="34.306110000" lon="-111.611510000">
        <ele>1483</ele>
      </trkpt>
      <trkpt lat="34.306230000" lon="-111.611380000">
        <ele>1482</ele>
      </trkpt>
      <trkpt lat="34.306280000" lon="-111.611270000">
        <ele>1482</ele>
      </trkpt>
      <trkpt lat="34.306390000" lon="-111.611210000">
        <ele>1482</ele>
      </trkpt>
      <trkpt lat="34.306670000" lon="-111.611220000">
        <ele>1483</ele>
      </trkpt>
      <trkpt lat="34.306900000" lon="-111.610940000">
        <ele>1481</ele>
      </trkpt>
      <trkpt lat="34.306860000" lon="-111.610850000">
        <ele>1480</ele>
      </trkpt>
      <trkpt lat="34.306890000" lon="-111.610750000">
        <ele>1480</ele>
      </trkpt>
      <trkpt lat="34.307060000" lon="-111.610570000">
        <ele>1478</ele>
      </trkpt>
      <trkpt lat="34.307100000" lon="-111.610470000">
        <ele>1477</ele>
      </trkpt>
      <trkpt lat="34.307210000" lon="-111.610430000">
        <ele>1477</ele>
      </trkpt>
      <trkpt lat="34.307270000" lon="-111.610310000">
        <ele>1476</ele>
      </trkpt>
      <trkpt lat="34.307410000" lon="-111.610130000">
        <ele>1476</ele>
      </trkpt>
      <trkpt lat="34.307440000" lon="-111.610050000">
        <ele>1475</ele>
      </trkpt>
      <trkpt lat="34.307520000" lon="-111.610000000">
        <ele>1475</ele>
      </trkpt>
      <trkpt lat="34.307600000" lon="-111.609970000">
        <ele>1475</ele>
      </trkpt>
      <trkpt lat="34.307740000" lon="-111.609850000">
        <ele>1474</ele>
      </trkpt>
      <trkpt lat="34.307900000" lon="-111.609780000">
        <ele>1474</ele>
      </trkpt>
      <trkpt lat="34.307940000" lon="-111.609750000">
        <ele>1473</ele>
      </trkpt>
      <trkpt lat="34.308100000" lon="-111.609660000">
        <ele>1473</ele>
      </trkpt>
      <trkpt lat="34.308300000" lon="-111.609440000">
        <ele>1472</ele>
      </trkpt>
      <trkpt lat="34.308370000" lon="-111.609260000">
        <ele>1472</ele>
      </trkpt>
      <trkpt lat="34.308420000" lon="-111.609020000">
        <ele>1471</ele>
      </trkpt>
      <trkpt lat="34.308560000" lon="-111.608800000">
        <ele>1470</ele>
      </trkpt>
      <trkpt lat="34.308590000" lon="-111.608690000">
        <ele>1469</ele>
      </trkpt>
      <trkpt lat="34.308590000" lon="-111.608400000">
        <ele>1466</ele>
      </trkpt>
      <trkpt lat="34.308550000" lon="-111.608260000">
        <ele>1464</ele>
      </trkpt>
      <trkpt lat="34.308560000" lon="-111.608200000">
        <ele>1464</ele>
      </trkpt>
      <trkpt lat="34.308540000" lon="-111.607970000">
        <ele>1462</ele>
      </trkpt>
      <trkpt lat="34.308670000" lon="-111.607510000">
        <ele>1459</ele>
      </trkpt>
      <trkpt lat="34.308630000" lon="-111.607260000">
        <ele>1457</ele>
      </trkpt>
      <trkpt lat="34.308570000" lon="-111.607180000">
        <ele>1456</ele>
      </trkpt>
      <trkpt lat="34.308520000" lon="-111.607010000">
        <ele>1455</ele>
      </trkpt>
      <trkpt lat="34.308350000" lon="-111.606810000">
        <ele>1453</ele>
      </trkpt>
      <trkpt lat="34.308340000" lon="-111.606600000">
        <ele>1451</ele>
      </trkpt>
      <trkpt lat="34.308400000" lon="-111.606390000">
        <ele>1448</ele>
      </trkpt>
      <trkpt lat="34.308390000" lon="-111.606110000">
        <ele>1444</ele>
      </trkpt>
      <trkpt lat="34.308450000" lon="-111.606050000">
        <ele>1442</ele>
      </trkpt>
      <trkpt lat="34.308480000" lon="-111.605980000">
        <ele>1441</ele>
      </trkpt>
      <trkpt lat="34.308590000" lon="-111.605890000">
        <ele>1440</ele>
      </trkpt>
      <trkpt lat="34.308620000" lon="-111.605780000">
        <ele>1439</ele>
      </trkpt>
      <trkpt lat="34.308720000" lon="-111.605630000">
        <ele>1438</ele>
      </trkpt>
      <trkpt lat="34.308730000" lon="-111.605560000">
        <ele>1438</ele>
      </trkpt>
      <trkpt lat="34.308830000" lon="-111.605470000">
        <ele>1438</ele>
      </trkpt>
      <trkpt lat="34.308860000" lon="-111.605360000">
        <ele>1438</ele>
      </trkpt>
      <trkpt lat="34.308850000" lon="-111.605110000">
        <ele>1439</ele>
      </trkpt>
      <trkpt lat="34.308790000" lon="-111.604880000">
        <ele>1438</ele>
      </trkpt>
      <trkpt lat="34.308630000" lon="-111.604600000">
        <ele>1438</ele>
      </trkpt>
      <trkpt lat="34.308630000" lon="-111.604220000">
        <ele>1439</ele>
      </trkpt>
      <trkpt lat="34.308600000" lon="-111.603850000">
        <ele>1435</ele>
      </trkpt>
      <trkpt lat="34.308650000" lon="-111.603570000">
        <ele>1433</ele>
      </trkpt>
      <trkpt lat="34.308610000" lon="-111.603330000">
        <ele>1432</ele>
      </trkpt>
      <trkpt lat="34.308560000" lon="-111.603300000">
        <ele>1431</ele>
      </trkpt>
      <trkpt lat="34.308480000" lon="-111.603320000">
        <ele>1429</ele>
      </trkpt>
      <trkpt lat="34.308310000" lon="-111.603430000">
        <ele>1427</ele>
      </trkpt>
      <trkpt lat="34.308230000" lon="-111.603530000">
        <ele>1426</ele>
      </trkpt>
      <trkpt lat="34.308170000" lon="-111.603550000">
        <ele>1426</ele>
      </trkpt>
      <trkpt lat="34.308090000" lon="-111.603530000">
        <ele>1425</ele>
      </trkpt>
      <trkpt lat="34.307990000" lon="-111.603430000">
        <ele>1423</ele>
      </trkpt>
      <trkpt lat="34.308040000" lon="-111.603260000">
        <ele>1421</ele>
      </trkpt>
      <trkpt lat="34.307990000" lon="-111.603180000">
        <ele>1420</ele>
      </trkpt>
      <trkpt lat="34.308000000" lon="-111.603130000">
        <ele>1420</ele>
      </trkpt>
      <trkpt lat="34.307030000" lon="-111.602740000">
        <ele>1433</ele>
      </trkpt>
      <trkpt lat="34.307000000" lon="-111.602800000">
        <ele>1430</ele>
      </trkpt>
      <trkpt lat="34.307020000" lon="-111.602820000">
        <ele>1429</ele>
      </trkpt>
      <trkpt lat="34.306970000" lon="-111.602830000">
        <ele>1429</ele>
      </trkpt>
      <trkpt lat="34.306910000" lon="-111.602780000">
        <ele>1432</ele>
      </trkpt>
      <trkpt lat="34.306890000" lon="-111.602790000">
        <ele>1432</ele>
      </trkpt>
      <trkpt lat="34.306870000" lon="-111.602860000">
        <ele>1429</ele>
      </trkpt>
      <trkpt lat="34.306790000" lon="-111.602910000">
        <ele>1428</ele>
      </trkpt>
      <trkpt lat="34.306700000" lon="-111.602930000">
        <ele>1429</ele>
      </trkpt>
      <trkpt lat="34.306630000" lon="-111.602910000">
        <ele>1432</ele>
      </trkpt>
      <trkpt lat="34.306560000" lon="-111.602930000">
        <ele>1433</ele>
      </trkpt>
      <trkpt lat="34.306510000" lon="-111.602920000">
        <ele>1434</ele>
      </trkpt>
      <trkpt lat="34.306430000" lon="-111.602840000">
        <ele>1438</ele>
      </trkpt>
      <trkpt lat="34.306400000" lon="-111.602710000">
        <ele>1440</ele>
      </trkpt>
      <trkpt lat="34.306430000" lon="-111.602460000">
        <ele>1441</ele>
      </trkpt>
      <trkpt lat="34.306520000" lon="-111.602390000">
        <ele>1442</ele>
      </trkpt>
      <trkpt lat="34.306530000" lon="-111.602260000">
        <ele>1443</ele>
      </trkpt>
      <trkpt lat="34.306590000" lon="-111.602140000">
        <ele>1445</ele>
      </trkpt>
      <trkpt lat="34.306710000" lon="-111.602020000">
        <ele>1447</ele>
      </trkpt>
      <trkpt lat="34.306810000" lon="-111.601960000">
        <ele>1449</ele>
      </trkpt>
      <trkpt lat="34.306870000" lon="-111.601860000">
        <ele>1451</ele>
      </trkpt>
      <trkpt lat="34.306950000" lon="-111.601820000">
        <ele>1452</ele>
      </trkpt>
      <trkpt lat="34.306990000" lon="-111.601760000">
        <ele>1454</ele>
      </trkpt>
      <trkpt lat="34.307060000" lon="-111.601720000">
        <ele>1455</ele>
      </trkpt>
      <trkpt lat="34.307150000" lon="-111.601710000">
        <ele>1457</ele>
      </trkpt>
      <trkpt lat="34.307230000" lon="-111.601660000">
        <ele>1459</ele>
      </trkpt>
      <trkpt lat="34.307410000" lon="-111.601650000">
        <ele>1461</ele>
      </trkpt>
      <trkpt lat="34.307460000" lon="-111.601610000">
        <ele>1463</ele>
      </trkpt>
      <trkpt lat="34.307610000" lon="-111.601560000">
        <ele>1465</ele>
      </trkpt>
      <trkpt lat="34.307700000" lon="-111.601470000">
        <ele>1467</ele>
      </trkpt>
      <trkpt lat="34.307690000" lon="-111.601370000">
        <ele>1469</ele>
      </trkpt>
      <trkpt lat="34.307600000" lon="-111.601320000">
        <ele>1469</ele>
      </trkpt>
      <trkpt lat="34.307400000" lon="-111.601100000">
        <ele>1472</ele>
      </trkpt>
      <trkpt lat="34.307280000" lon="-111.600880000">
        <ele>1477</ele>
      </trkpt>
      <trkpt lat="34.307150000" lon="-111.600750000">
        <ele>1478</ele>
      </trkpt>
      <trkpt lat="34.307070000" lon="-111.600700000">
        <ele>1478</ele>
      </trkpt>
      <trkpt lat="34.306850000" lon="-111.600360000">
        <ele>1479</ele>
      </trkpt>
      <trkpt lat="34.306800000" lon="-111.600190000">
        <ele>1481</ele>
      </trkpt>
      <trkpt lat="34.306840000" lon="-111.599980000">
        <ele>1483</ele>
      </trkpt>
      <trkpt lat="34.306850000" lon="-111.599590000">
        <ele>1487</ele>
      </trkpt>
      <trkpt lat="34.306770000" lon="-111.599340000">
        <ele>1489</ele>
      </trkpt>
      <trkpt lat="34.306610000" lon="-111.599100000">
        <ele>1490</ele>
      </trkpt>
      <trkpt lat="34.306630000" lon="-111.598970000">
        <ele>1490</ele>
      </trkpt>
      <trkpt lat="34.306810000" lon="-111.598520000">
        <ele>1493</ele>
      </trkpt>
      <trkpt lat="34.306770000" lon="-111.598190000">
        <ele>1492</ele>
      </trkpt>
      <trkpt lat="34.306820000" lon="-111.598040000">
        <ele>1493</ele>
      </trkpt>
      <trkpt lat="34.306970000" lon="-111.597770000">
        <ele>1495</ele>
      </trkpt>
      <trkpt lat="34.306990000" lon="-111.597770000">
        <ele>1495</ele>
      </trkpt>
      <trkpt lat="34.307030000" lon="-111.597740000">
        <ele>1496</ele>
      </trkpt>
      <trkpt lat="34.307230000" lon="-111.597530000">
        <ele>1498</ele>
      </trkpt>
      <trkpt lat="34.307230000" lon="-111.597310000">
        <ele>1498</ele>
      </trkpt>
      <trkpt lat="34.307270000" lon="-111.597210000">
        <ele>1499</ele>
      </trkpt>
      <trkpt lat="34.307290000" lon="-111.596950000">
        <ele>1499</ele>
      </trkpt>
      <trkpt lat="34.307360000" lon="-111.596830000">
        <ele>1500</ele>
      </trkpt>
      <trkpt lat="34.307540000" lon="-111.596720000">
        <ele>1502</ele>
      </trkpt>
      <trkpt lat="34.307610000" lon="-111.596630000">
        <ele>1502</ele>
      </trkpt>
      <trkpt lat="34.307660000" lon="-111.596640000">
        <ele>1503</ele>
      </trkpt>
      <trkpt lat="34.307830000" lon="-111.596590000">
        <ele>1504</ele>
      </trkpt>
      <trkpt lat="34.308010000" lon="-111.596600000">
        <ele>1505</ele>
      </trkpt>
      <trkpt lat="34.308120000" lon="-111.596570000">
        <ele>1507</ele>
      </trkpt>
      <trkpt lat="34.308270000" lon="-111.596520000">
        <ele>1508</ele>
      </trkpt>
      <trkpt lat="34.308330000" lon="-111.596460000">
        <ele>1508</ele>
      </trkpt>
      <trkpt lat="34.308420000" lon="-111.596440000">
        <ele>1509</ele>
      </trkpt>
      <trkpt lat="34.308550000" lon="-111.596370000">
        <ele>1510</ele>
      </trkpt>
      <trkpt lat="34.308660000" lon="-111.596430000">
        <ele>1511</ele>
      </trkpt>
      <trkpt lat="34.308820000" lon="-111.596460000">
        <ele>1512</ele>
      </trkpt>
      <trkpt lat="34.308870000" lon="-111.596440000">
        <ele>1513</ele>
      </trkpt>
      <trkpt lat="34.308990000" lon="-111.596350000">
        <ele>1514</ele>
      </trkpt>
      <trkpt lat="34.309090000" lon="-111.596190000">
        <ele>1514</ele>
      </trkpt>
      <trkpt lat="34.309190000" lon="-111.596130000">
        <ele>1515</ele>
      </trkpt>
      <trkpt lat="34.309420000" lon="-111.595910000">
        <ele>1517</ele>
      </trkpt>
      <trkpt lat="34.309590000" lon="-111.595710000">
        <ele>1517</ele>
      </trkpt>
      <trkpt lat="34.309900000" lon="-111.595470000">
        <ele>1519</ele>
      </trkpt>
      <trkpt lat="34.309980000" lon="-111.595440000">
        <ele>1520</ele>
      </trkpt>
      <trkpt lat="34.310070000" lon="-111.595330000">
        <ele>1521</ele>
      </trkpt>
      <trkpt lat="34.310390000" lon="-111.595300000">
        <ele>1524</ele>
      </trkpt>
      <trkpt lat="34.310480000" lon="-111.595330000">
        <ele>1525</ele>
      </trkpt>
      <trkpt lat="34.310650000" lon="-111.595430000">
        <ele>1527</ele>
      </trkpt>
      <trkpt lat="34.310740000" lon="-111.595420000">
        <ele>1528</ele>
      </trkpt>
      <trkpt lat="34.310850000" lon="-111.595370000">
        <ele>1529</ele>
      </trkpt>
      <trkpt lat="34.310980000" lon="-111.595360000">
        <ele>1530</ele>
      </trkpt>
      <trkpt lat="34.311040000" lon="-111.595380000">
        <ele>1530</ele>
      </trkpt>
      <trkpt lat="34.311100000" lon="-111.595360000">
        <ele>1531</ele>
      </trkpt>
      <trkpt lat="34.311220000" lon="-111.595410000">
        <ele>1532</ele>
      </trkpt>
      <trkpt lat="34.311420000" lon="-111.595370000">
        <ele>1534</ele>
      </trkpt>
      <trkpt lat="34.311480000" lon="-111.595420000">
        <ele>1534</ele>
      </trkpt>
      <trkpt lat="34.311650000" lon="-111.595390000">
        <ele>1536</ele>
      </trkpt>
      <trkpt lat="34.311840000" lon="-111.595320000">
        <ele>1537</ele>
      </trkpt>
      <trkpt lat="34.311900000" lon="-111.595320000">
        <ele>1538</ele>
      </trkpt>
      <trkpt lat="34.311960000" lon="-111.595270000">
        <ele>1538</ele>
      </trkpt>
      <trkpt lat="34.312010000" lon="-111.595280000">
        <ele>1539</ele>
      </trkpt>
      <trkpt lat="34.312150000" lon="-111.595250000">
        <ele>1540</ele>
      </trkpt>
      <trkpt lat="34.312210000" lon="-111.595200000">
        <ele>1540</ele>
      </trkpt>
      <trkpt lat="34.312370000" lon="-111.595190000">
        <ele>1541</ele>
      </trkpt>
      <trkpt lat="34.312430000" lon="-111.595220000">
        <ele>1542</ele>
      </trkpt>
      <trkpt lat="34.312540000" lon="-111.595220000">
        <ele>1542</ele>
      </trkpt>
      <trkpt lat="34.312620000" lon="-111.595250000">
        <ele>1543</ele>
      </trkpt>
      <trkpt lat="34.312840000" lon="-111.595130000">
        <ele>1544</ele>
      </trkpt>
      <trkpt lat="34.312890000" lon="-111.595140000">
        <ele>1545</ele>
      </trkpt>
      <trkpt lat="34.312990000" lon="-111.595070000">
        <ele>1546</ele>
      </trkpt>
      <trkpt lat="34.313100000" lon="-111.595060000">
        <ele>1546</ele>
      </trkpt>
      <trkpt lat="34.313220000" lon="-111.595060000">
        <ele>1547</ele>
      </trkpt>
      <trkpt lat="34.313310000" lon="-111.595150000">
        <ele>1547</ele>
      </trkpt>
      <trkpt lat="34.313530000" lon="-111.595250000">
        <ele>1549</ele>
      </trkpt>
      <trkpt lat="34.313620000" lon="-111.595270000">
        <ele>1549</ele>
      </trkpt>
      <trkpt lat="34.313660000" lon="-111.595260000">
        <ele>1549</ele>
      </trkpt>
      <trkpt lat="34.313810000" lon="-111.595120000">
        <ele>1550</ele>
      </trkpt>
      <trkpt lat="34.314000000" lon="-111.595050000">
        <ele>1552</ele>
      </trkpt>
      <trkpt lat="34.314190000" lon="-111.594940000">
        <ele>1553</ele>
      </trkpt>
      <trkpt lat="34.314370000" lon="-111.594750000">
        <ele>1554</ele>
      </trkpt>
      <trkpt lat="34.314680000" lon="-111.594620000">
        <ele>1556</ele>
      </trkpt>
      <trkpt lat="34.314740000" lon="-111.594610000">
        <ele>1556</ele>
      </trkpt>
      <trkpt lat="34.314860000" lon="-111.594670000">
        <ele>1557</ele>
      </trkpt>
      <trkpt lat="34.315040000" lon="-111.594710000">
        <ele>1558</ele>
      </trkpt>
      <trkpt lat="34.315210000" lon="-111.594710000">
        <ele>1558</ele>
      </trkpt>
      <trkpt lat="34.315400000" lon="-111.594800000">
        <ele>1559</ele>
      </trkpt>
      <trkpt lat="34.315570000" lon="-111.594830000">
        <ele>1560</ele>
      </trkpt>
      <trkpt lat="34.315700000" lon="-111.594890000">
        <ele>1561</ele>
      </trkpt>
      <trkpt lat="34.315760000" lon="-111.594870000">
        <ele>1561</ele>
      </trkpt>
      <trkpt lat="34.315840000" lon="-111.594870000">
        <ele>1561</ele>
      </trkpt>
      <trkpt lat="34.315960000" lon="-111.594820000">
        <ele>1562</ele>
      </trkpt>
      <trkpt lat="34.316110000" lon="-111.594700000">
        <ele>1563</ele>
      </trkpt>
      <trkpt lat="34.316320000" lon="-111.594610000">
        <ele>1564</ele>
      </trkpt>
      <trkpt lat="34.316440000" lon="-111.594490000">
        <ele>1566</ele>
      </trkpt>
      <trkpt lat="34.316700000" lon="-111.594310000">
        <ele>1568</ele>
      </trkpt>
      <trkpt lat="34.316780000" lon="-111.594200000">
        <ele>1569</ele>
      </trkpt>
      <trkpt lat="34.316820000" lon="-111.594170000">
        <ele>1569</ele>
      </trkpt>
      <trkpt lat="34.316850000" lon="-111.594060000">
        <ele>1570</ele>
      </trkpt>
      <trkpt lat="34.316970000" lon="-111.593790000">
        <ele>1573</ele>
      </trkpt>
      <trkpt lat="34.317030000" lon="-111.593720000">
        <ele>1573</ele>
      </trkpt>
      <trkpt lat="34.317060000" lon="-111.593600000">
        <ele>1574</ele>
      </trkpt>
      <trkpt lat="34.317160000" lon="-111.593420000">
        <ele>1576</ele>
      </trkpt>
      <trkpt lat="34.317280000" lon="-111.593270000">
        <ele>1577</ele>
      </trkpt>
      <trkpt lat="34.317780000" lon="-111.592970000">
        <ele>1583</ele>
      </trkpt>
      <trkpt lat="34.317780000" lon="-111.592810000">
        <ele>1584</ele>
      </trkpt>
      <trkpt lat="34.317850000" lon="-111.592420000">
        <ele>1587</ele>
      </trkpt>
      <trkpt lat="34.317810000" lon="-111.592330000">
        <ele>1588</ele>
      </trkpt>
      <trkpt lat="34.317760000" lon="-111.592150000">
        <ele>1589</ele>
      </trkpt>
      <trkpt lat="34.317790000" lon="-111.591990000">
        <ele>1590</ele>
      </trkpt>
      <trkpt lat="34.317960000" lon="-111.591690000">
        <ele>1594</ele>
      </trkpt>
      <trkpt lat="34.317970000" lon="-111.591620000">
        <ele>1594</ele>
      </trkpt>
      <trkpt lat="34.317920000" lon="-111.591370000">
        <ele>1595</ele>
      </trkpt>
      <trkpt lat="34.317930000" lon="-111.591210000">
        <ele>1597</ele>
      </trkpt>
      <trkpt lat="34.317870000" lon="-111.591060000">
        <ele>1597</ele>
      </trkpt>
      <trkpt lat="34.317860000" lon="-111.590830000">
        <ele>1598</ele>
      </trkpt>
      <trkpt lat="34.317900000" lon="-111.590660000">
        <ele>1599</ele>
      </trkpt>
      <trkpt lat="34.317950000" lon="-111.590560000">
        <ele>1600</ele>
      </trkpt>
      <trkpt lat="34.318000000" lon="-111.590300000">
        <ele>1602</ele>
      </trkpt>
      <trkpt lat="34.318050000" lon="-111.590230000">
        <ele>1603</ele>
      </trkpt>
      <trkpt lat="34.318290000" lon="-111.589720000">
        <ele>1606</ele>
      </trkpt>
      <trkpt lat="34.318640000" lon="-111.589320000">
        <ele>1609</ele>
      </trkpt>
      <trkpt lat="34.318850000" lon="-111.589300000">
        <ele>1610</ele>
      </trkpt>
      <trkpt lat="34.319050000" lon="-111.589200000">
        <ele>1611</ele>
      </trkpt>
      <trkpt lat="34.319080000" lon="-111.589140000">
        <ele>1611</ele>
      </trkpt>
      <trkpt lat="34.319220000" lon="-111.588990000">
        <ele>1611</ele>
      </trkpt>
      <trkpt lat="34.319330000" lon="-111.588890000">
        <ele>1611</ele>
      </trkpt>
      <trkpt lat="34.319400000" lon="-111.588870000">
        <ele>1612</ele>
      </trkpt>
      <trkpt lat="34.319470000" lon="-111.588880000">
        <ele>1612</ele>
      </trkpt>
      <trkpt lat="34.319650000" lon="-111.588960000">
        <ele>1614</ele>
      </trkpt>
      <trkpt lat="34.319770000" lon="-111.588970000">
        <ele>1615</ele>
      </trkpt>
      <trkpt lat="34.319840000" lon="-111.589030000">
        <ele>1615</ele>
      </trkpt>
      <trkpt lat="34.320100000" lon="-111.589030000">
        <ele>1616</ele>
      </trkpt>
      <trkpt lat="34.320180000" lon="-111.588980000">
        <ele>1617</ele>
      </trkpt>
      <trkpt lat="34.320240000" lon="-111.588880000">
        <ele>1617</ele>
      </trkpt>
      <trkpt lat="34.320420000" lon="-111.588830000">
        <ele>1618</ele>
      </trkpt>
      <trkpt lat="34.320600000" lon="-111.588680000">
        <ele>1619</ele>
      </trkpt>
      <trkpt lat="34.320850000" lon="-111.588630000">
        <ele>1620</ele>
      </trkpt>
      <trkpt lat="34.320880000" lon="-111.588580000">
        <ele>1620</ele>
      </trkpt>
      <trkpt lat="34.320950000" lon="-111.588580000">
        <ele>1620</ele>
      </trkpt>
      <trkpt lat="34.321080000" lon="-111.588420000">
        <ele>1621</ele>
      </trkpt>
      <trkpt lat="34.321130000" lon="-111.588340000">
        <ele>1621</ele>
      </trkpt>
      <trkpt lat="34.321290000" lon="-111.588190000">
        <ele>1622</ele>
      </trkpt>
      <trkpt lat="34.321500000" lon="-111.588230000">
        <ele>1621</ele>
      </trkpt>
      <trkpt lat="34.321610000" lon="-111.588290000">
        <ele>1621</ele>
      </trkpt>
      <trkpt lat="34.321770000" lon="-111.588280000">
        <ele>1620</ele>
      </trkpt>
      <trkpt lat="34.321850000" lon="-111.588210000">
        <ele>1620</ele>
      </trkpt>
      <trkpt lat="34.321880000" lon="-111.588210000">
        <ele>1619</ele>
      </trkpt>
      <trkpt lat="34.321980000" lon="-111.588070000">
        <ele>1619</ele>
      </trkpt>
      <trkpt lat="34.322200000" lon="-111.587880000">
        <ele>1618</ele>
      </trkpt>
      <trkpt lat="34.322390000" lon="-111.587600000">
        <ele>1618</ele>
      </trkpt>
      <trkpt lat="34.322440000" lon="-111.587560000">
        <ele>1617</ele>
      </trkpt>
      <trkpt lat="34.322650000" lon="-111.587190000">
        <ele>1618</ele>
      </trkpt>
      <trkpt lat="34.322740000" lon="-111.586870000">
        <ele>1619</ele>
      </trkpt>
      <trkpt lat="34.322850000" lon="-111.586760000">
        <ele>1619</ele>
      </trkpt>
      <trkpt lat="34.322960000" lon="-111.586750000">
        <ele>1619</ele>
      </trkpt>
      <trkpt lat="34.323140000" lon="-111.586640000">
        <ele>1620</ele>
      </trkpt>
      <trkpt lat="34.323320000" lon="-111.586570000">
        <ele>1621</ele>
      </trkpt>
      <trkpt lat="34.323670000" lon="-111.586530000">
        <ele>1623</ele>
      </trkpt>
      <trkpt lat="34.323740000" lon="-111.586470000">
        <ele>1623</ele>
      </trkpt>
      <trkpt lat="34.323820000" lon="-111.586370000">
        <ele>1624</ele>
      </trkpt>
      <trkpt lat="34.323970000" lon="-111.586260000">
        <ele>1624</ele>
      </trkpt>
      <trkpt lat="34.324190000" lon="-111.586220000">
        <ele>1625</ele>
      </trkpt>
      <trkpt lat="34.324250000" lon="-111.586180000">
        <ele>1625</ele>
      </trkpt>
      <trkpt lat="34.324340000" lon="-111.586110000">
        <ele>1625</ele>
      </trkpt>
      <trkpt lat="34.324420000" lon="-111.585990000">
        <ele>1625</ele>
      </trkpt>
      <trkpt lat="34.324470000" lon="-111.585980000">
        <ele>1625</ele>
      </trkpt>
      <trkpt lat="34.324580000" lon="-111.586020000">
        <ele>1625</ele>
      </trkpt>
      <trkpt lat="34.324650000" lon="-111.586130000">
        <ele>1625</ele>
      </trkpt>
      <trkpt lat="34.324810000" lon="-111.586310000">
        <ele>1624</ele>
      </trkpt>
      <trkpt lat="34.324940000" lon="-111.586380000">
        <ele>1624</ele>
      </trkpt>
      <trkpt lat="34.325130000" lon="-111.586370000">
        <ele>1624</ele>
      </trkpt>
      <trkpt lat="34.325270000" lon="-111.586310000">
        <ele>1624</ele>
      </trkpt>
      <trkpt lat="34.325470000" lon="-111.586170000">
        <ele>1626</ele>
      </trkpt>
      <trkpt lat="34.325480000" lon="-111.586010000">
        <ele>1627</ele>
      </trkpt>
      <trkpt lat="34.325650000" lon="-111.585970000">
        <ele>1628</ele>
      </trkpt>
      <trkpt lat="34.325790000" lon="-111.585870000">
        <ele>1628</ele>
      </trkpt>
      <trkpt lat="34.325890000" lon="-111.585710000">
        <ele>1629</ele>
      </trkpt>
      <trkpt lat="34.325970000" lon="-111.585650000">
        <ele>1629</ele>
      </trkpt>
      <trkpt lat="34.326090000" lon="-111.585240000">
        <ele>1628</ele>
      </trkpt>
      <trkpt lat="34.326240000" lon="-111.585060000">
        <ele>1628</ele>
      </trkpt>
      <trkpt lat="34.326480000" lon="-111.584910000">
        <ele>1629</ele>
      </trkpt>
      <trkpt lat="34.326620000" lon="-111.584770000">
        <ele>1629</ele>
      </trkpt>
      <trkpt lat="34.326740000" lon="-111.584600000">
        <ele>1629</ele>
      </trkpt>
      <trkpt lat="34.326870000" lon="-111.584500000">
        <ele>1629</ele>
      </trkpt>
      <trkpt lat="34.326940000" lon="-111.584390000">
        <ele>1629</ele>
      </trkpt>
      <trkpt lat="34.326980000" lon="-111.584400000">
        <ele>1629</ele>
      </trkpt>
      <trkpt lat="34.327030000" lon="-111.584360000">
        <ele>1630</ele>
      </trkpt>
      <trkpt lat="34.327120000" lon="-111.584240000">
        <ele>1630</ele>
      </trkpt>
      <trkpt lat="34.327320000" lon="-111.584090000">
        <ele>1631</ele>
      </trkpt>
      <trkpt lat="34.327450000" lon="-111.583840000">
        <ele>1632</ele>
      </trkpt>
      <trkpt lat="34.327530000" lon="-111.583760000">
        <ele>1633</ele>
      </trkpt>
      <trkpt lat="34.327890000" lon="-111.583650000">
        <ele>1636</ele>
      </trkpt>
      <trkpt lat="34.328120000" lon="-111.583500000">
        <ele>1638</ele>
      </trkpt>
      <trkpt lat="34.328300000" lon="-111.583440000">
        <ele>1639</ele>
      </trkpt>
      <trkpt lat="34.328530000" lon="-111.583050000">
        <ele>1639</ele>
      </trkpt>
      <trkpt lat="34.328670000" lon="-111.583060000">
        <ele>1641</ele>
      </trkpt>
      <trkpt lat="34.328860000" lon="-111.582950000">
        <ele>1642</ele>
      </trkpt>
      <trkpt lat="34.329040000" lon="-111.582910000">
        <ele>1644</ele>
      </trkpt>
      <trkpt lat="34.329220000" lon="-111.582910000">
        <ele>1646</ele>
      </trkpt>
      <trkpt lat="34.329380000" lon="-111.583000000">
        <ele>1647</ele>
      </trkpt>
      <trkpt lat="34.329510000" lon="-111.583020000">
        <ele>1648</ele>
      </trkpt>
      <trkpt lat="34.329590000" lon="-111.583110000">
        <ele>1648</ele>
      </trkpt>
      <trkpt lat="34.329750000" lon="-111.583190000">
        <ele>1648</ele>
      </trkpt>
      <trkpt lat="34.329850000" lon="-111.583220000">
        <ele>1648</ele>
      </trkpt>
      <trkpt lat="34.330090000" lon="-111.583210000">
        <ele>1648</ele>
      </trkpt>
      <trkpt lat="34.330160000" lon="-111.583220000">
        <ele>1648</ele>
      </trkpt>
      <trkpt lat="34.330400000" lon="-111.583180000">
        <ele>1649</ele>
      </trkpt>
      <trkpt lat="34.330470000" lon="-111.583090000">
        <ele>1649</ele>
      </trkpt>
      <trkpt lat="34.330500000" lon="-111.583000000">
        <ele>1650</ele>
      </trkpt>
      <trkpt lat="34.330580000" lon="-111.582940000">
        <ele>1651</ele>
      </trkpt>
      <trkpt lat="34.330710000" lon="-111.582910000">
        <ele>1652</ele>
      </trkpt>
      <trkpt lat="34.330810000" lon="-111.582920000">
        <ele>1652</ele>
      </trkpt>
      <trkpt lat="34.330890000" lon="-111.582880000">
        <ele>1653</ele>
      </trkpt>
      <trkpt lat="34.330910000" lon="-111.582900000">
        <ele>1653</ele>
      </trkpt>
      <trkpt lat="34.330970000" lon="-111.582850000">
        <ele>1654</ele>
      </trkpt>
      <trkpt lat="34.331000000" lon="-111.582870000">
        <ele>1654</ele>
      </trkpt>
      <trkpt lat="34.331010000" lon="-111.582920000">
        <ele>1653</ele>
      </trkpt>
      <trkpt lat="34.331160000" lon="-111.583030000">
        <ele>1653</ele>
      </trkpt>
      <trkpt lat="34.331390000" lon="-111.583080000">
        <ele>1653</ele>
      </trkpt>
      <trkpt lat="34.331580000" lon="-111.583190000">
        <ele>1654</ele>
      </trkpt>
      <trkpt lat="34.331750000" lon="-111.583220000">
        <ele>1655</ele>
      </trkpt>
      <trkpt lat="34.331800000" lon="-111.583150000">
        <ele>1656</ele>
      </trkpt>
      <trkpt lat="34.331790000" lon="-111.583020000">
        <ele>1658</ele>
      </trkpt>
      <trkpt lat="34.331820000" lon="-111.582920000">
        <ele>1659</ele>
      </trkpt>
      <trkpt lat="34.331890000" lon="-111.582820000">
        <ele>1661</ele>
      </trkpt>
      <trkpt lat="34.331980000" lon="-111.582640000">
        <ele>1662</ele>
      </trkpt>
      <trkpt lat="34.332000000" lon="-111.582630000">
        <ele>1663</ele>
      </trkpt>
      <trkpt lat="34.332080000" lon="-111.582490000">
        <ele>1664</ele>
      </trkpt>
      <trkpt lat="34.332170000" lon="-111.582450000">
        <ele>1665</ele>
      </trkpt>
      <trkpt lat="34.332250000" lon="-111.582300000">
        <ele>1666</ele>
      </trkpt>
      <trkpt lat="34.332450000" lon="-111.582130000">
        <ele>1667</ele>
      </trkpt>
      <trkpt lat="34.332450000" lon="-111.581990000">
        <ele>1668</ele>
      </trkpt>
      <trkpt lat="34.332510000" lon="-111.581750000">
        <ele>1668</ele>
      </trkpt>
      <trkpt lat="34.332590000" lon="-111.581650000">
        <ele>1669</ele>
      </trkpt>
      <trkpt lat="34.332560000" lon="-111.581510000">
        <ele>1669</ele>
      </trkpt>
      <trkpt lat="34.332590000" lon="-111.581440000">
        <ele>1669</ele>
      </trkpt>
      <trkpt lat="34.332610000" lon="-111.581280000">
        <ele>1670</ele>
      </trkpt>
      <trkpt lat="34.332650000" lon="-111.581240000">
        <ele>1670</ele>
      </trkpt>
      <trkpt lat="34.332680000" lon="-111.581140000">
        <ele>1671</ele>
      </trkpt>
      <trkpt lat="34.332760000" lon="-111.581120000">
        <ele>1672</ele>
      </trkpt>
      <trkpt lat="34.332840000" lon="-111.581080000">
        <ele>1672</ele>
      </trkpt>
      <trkpt lat="34.333000000" lon="-111.580790000">
        <ele>1673</ele>
      </trkpt>
      <trkpt lat="34.333140000" lon="-111.580460000">
        <ele>1674</ele>
      </trkpt>
      <trkpt lat="34.333260000" lon="-111.580310000">
        <ele>1675</ele>
      </trkpt>
      <trkpt lat="34.333630000" lon="-111.580000000">
        <ele>1678</ele>
      </trkpt>
      <trkpt lat="34.333910000" lon="-111.579640000">
        <ele>1679</ele>
      </trkpt>
      <trkpt lat="34.334000000" lon="-111.579550000">
        <ele>1679</ele>
      </trkpt>
      <trkpt lat="34.334070000" lon="-111.579400000">
        <ele>1679</ele>
      </trkpt>
      <trkpt lat="34.334220000" lon="-111.579250000">
        <ele>1680</ele>
      </trkpt>
      <trkpt lat="34.334300000" lon="-111.579130000">
        <ele>1681</ele>
      </trkpt>
      <trkpt lat="34.334340000" lon="-111.579020000">
        <ele>1680</ele>
      </trkpt>
      <trkpt lat="34.334420000" lon="-111.578950000">
        <ele>1681</ele>
      </trkpt>
      <trkpt lat="34.334600000" lon="-111.578950000">
        <ele>1683</ele>
      </trkpt>
      <trkpt lat="34.334670000" lon="-111.578890000">
        <ele>1683</ele>
      </trkpt>
      <trkpt lat="34.334920000" lon="-111.578800000">
        <ele>1686</ele>
      </trkpt>
      <trkpt lat="34.335170000" lon="-111.578540000">
        <ele>1688</ele>
      </trkpt>
      <trkpt lat="34.335390000" lon="-111.578370000">
        <ele>1690</ele>
      </trkpt>
      <trkpt lat="34.335550000" lon="-111.578290000">
        <ele>1691</ele>
      </trkpt>
      <trkpt lat="34.335750000" lon="-111.578250000">
        <ele>1692</ele>
      </trkpt>
      <trkpt lat="34.335780000" lon="-111.578220000">
        <ele>1692</ele>
      </trkpt>
      <trkpt lat="34.336000000" lon="-111.578160000">
        <ele>1694</ele>
      </trkpt>
      <trkpt lat="34.336090000" lon="-111.578180000">
        <ele>1695</ele>
      </trkpt>
      <trkpt lat="34.336180000" lon="-111.578150000">
        <ele>1695</ele>
      </trkpt>
      <trkpt lat="34.336330000" lon="-111.578060000">
        <ele>1695</ele>
      </trkpt>
      <trkpt lat="34.336530000" lon="-111.578030000">
        <ele>1695</ele>
      </trkpt>
      <trkpt lat="34.336680000" lon="-111.578040000">
        <ele>1696</ele>
      </trkpt>
      <trkpt lat="34.336840000" lon="-111.577990000">
        <ele>1696</ele>
      </trkpt>
      <trkpt lat="34.336890000" lon="-111.577950000">
        <ele>1695</ele>
      </trkpt>
      <trkpt lat="34.336920000" lon="-111.577860000">
        <ele>1695</ele>
      </trkpt>
      <trkpt lat="34.336990000" lon="-111.577750000">
        <ele>1695</ele>
      </trkpt>
      <trkpt lat="34.337150000" lon="-111.577610000">
        <ele>1696</ele>
      </trkpt>
      <trkpt lat="34.337220000" lon="-111.577610000">
        <ele>1697</ele>
      </trkpt>
      <trkpt lat="34.337390000" lon="-111.577530000">
        <ele>1699</ele>
      </trkpt>
      <trkpt lat="34.337440000" lon="-111.577540000">
        <ele>1700</ele>
      </trkpt>
      <trkpt lat="34.337500000" lon="-111.577600000">
        <ele>1700</ele>
      </trkpt>
      <trkpt lat="34.337590000" lon="-111.577590000">
        <ele>1701</ele>
      </trkpt>
      <trkpt lat="34.337590000" lon="-111.577540000">
        <ele>1701</ele>
      </trkpt>
      <trkpt lat="34.337570000" lon="-111.577540000">
        <ele>1701</ele>
      </trkpt>
      <trkpt lat="34.337550000" lon="-111.577480000">
        <ele>1701</ele>
      </trkpt>
      <trkpt lat="34.337680000" lon="-111.577810000">
        <ele>1701</ele>
      </trkpt>
      <trkpt lat="34.337920000" lon="-111.577850000">
        <ele>1703</ele>
      </trkpt>
      <trkpt lat="34.337990000" lon="-111.577790000">
        <ele>1704</ele>
      </trkpt>
      <trkpt lat="34.338050000" lon="-111.577770000">
        <ele>1704</ele>
      </trkpt>
      <trkpt lat="34.338180000" lon="-111.577800000">
        <ele>1705</ele>
      </trkpt>
      <trkpt lat="34.338440000" lon="-111.577740000">
        <ele>1706</ele>
      </trkpt>
      <trkpt lat="34.338450000" lon="-111.577770000">
        <ele>1706</ele>
      </trkpt>
      <trkpt lat="34.338540000" lon="-111.577760000">
        <ele>1706</ele>
      </trkpt>
      <trkpt lat="34.338590000" lon="-111.577780000">
        <ele>1707</ele>
      </trkpt>
      <trkpt lat="34.338640000" lon="-111.577760000">
        <ele>1707</ele>
      </trkpt>
      <trkpt lat="34.338810000" lon="-111.577760000">
        <ele>1708</ele>
      </trkpt>
      <trkpt lat="34.338900000" lon="-111.577730000">
        <ele>1708</ele>
      </trkpt>
      <trkpt lat="34.338950000" lon="-111.577750000">
        <ele>1708</ele>
      </trkpt>
      <trkpt lat="34.338990000" lon="-111.577800000">
        <ele>1709</ele>
      </trkpt>
      <trkpt lat="34.339170000" lon="-111.577740000">
        <ele>1710</ele>
      </trkpt>
      <trkpt lat="34.339260000" lon="-111.577760000">
        <ele>1710</ele>
      </trkpt>
      <trkpt lat="34.339350000" lon="-111.577690000">
        <ele>1711</ele>
      </trkpt>
      <trkpt lat="34.339380000" lon="-111.577710000">
        <ele>1711</ele>
      </trkpt>
      <trkpt lat="34.339420000" lon="-111.577650000">
        <ele>1711</ele>
      </trkpt>
      <trkpt lat="34.339580000" lon="-111.577580000">
        <ele>1713</ele>
      </trkpt>
      <trkpt lat="34.339690000" lon="-111.577580000">
        <ele>1714</ele>
      </trkpt>
      <trkpt lat="34.339740000" lon="-111.577610000">
        <ele>1714</ele>
      </trkpt>
      <trkpt lat="34.339950000" lon="-111.577650000">
        <ele>1715</ele>
      </trkpt>
      <trkpt lat="34.340120000" lon="-111.577620000">
        <ele>1717</ele>
      </trkpt>
      <trkpt lat="34.340190000" lon="-111.577690000">
        <ele>1717</ele>
      </trkpt>
      <trkpt lat="34.340500000" lon="-111.577630000">
        <ele>1719</ele>
      </trkpt>
      <trkpt lat="34.340550000" lon="-111.577640000">
        <ele>1720</ele>
      </trkpt>
      <trkpt lat="34.340620000" lon="-111.577590000">
        <ele>1721</ele>
      </trkpt>
      <trkpt lat="34.340750000" lon="-111.577610000">
        <ele>1722</ele>
      </trkpt>
      <trkpt lat="34.340890000" lon="-111.577570000">
        <ele>1724</ele>
      </trkpt>
      <trkpt lat="34.341080000" lon="-111.577600000">
        <ele>1725</ele>
      </trkpt>
      <trkpt lat="34.341240000" lon="-111.577700000">
        <ele>1727</ele>
      </trkpt>
      <trkpt lat="34.341390000" lon="-111.577720000">
        <ele>1728</ele>
      </trkpt>
      <trkpt lat="34.341690000" lon="-111.577930000">
        <ele>1731</ele>
      </trkpt>
      <trkpt lat="34.341910000" lon="-111.578050000">
        <ele>1733</ele>
      </trkpt>
      <trkpt lat="34.342010000" lon="-111.578070000">
        <ele>1734</ele>
      </trkpt>
      <trkpt lat="34.342170000" lon="-111.578140000">
        <ele>1736</ele>
      </trkpt>
      <trkpt lat="34.342410000" lon="-111.578280000">
        <ele>1737</ele>
      </trkpt>
      <trkpt lat="34.342710000" lon="-111.578340000">
        <ele>1740</ele>
      </trkpt>
      <trkpt lat="34.342750000" lon="-111.578370000">
        <ele>1740</ele>
      </trkpt>
      <trkpt lat="34.342890000" lon="-111.578380000">
        <ele>1741</ele>
      </trkpt>
      <trkpt lat="34.342920000" lon="-111.578310000">
        <ele>1742</ele>
      </trkpt>
      <trkpt lat="34.342980000" lon="-111.578260000">
        <ele>1742</ele>
      </trkpt>
      <trkpt lat="34.343040000" lon="-111.578240000">
        <ele>1743</ele>
      </trkpt>
      <trkpt lat="34.343210000" lon="-111.578100000">
        <ele>1745</ele>
      </trkpt>
      <trkpt lat="34.343380000" lon="-111.578040000">
        <ele>1748</ele>
      </trkpt>
      <trkpt lat="34.343400000" lon="-111.578000000">
        <ele>1749</ele>
      </trkpt>
      <trkpt lat="34.343420000" lon="-111.578010000">
        <ele>1749</ele>
      </trkpt>
      <trkpt lat="34.343490000" lon="-111.577960000">
        <ele>1750</ele>
      </trkpt>
      <trkpt lat="34.343500000" lon="-111.577850000">
        <ele>1751</ele>
      </trkpt>
      <trkpt lat="34.343630000" lon="-111.577490000">
        <ele>1754</ele>
      </trkpt>
      <trkpt lat="34.343690000" lon="-111.577440000">
        <ele>1755</ele>
      </trkpt>
      <trkpt lat="34.343750000" lon="-111.577330000">
        <ele>1756</ele>
      </trkpt>
      <trkpt lat="34.343860000" lon="-111.577230000">
        <ele>1758</ele>
      </trkpt>
      <trkpt lat="34.343920000" lon="-111.577100000">
        <ele>1760</ele>
      </trkpt>
      <trkpt lat="34.343940000" lon="-111.576970000">
        <ele>1760</ele>
      </trkpt>
      <trkpt lat="34.343920000" lon="-111.576840000">
        <ele>1761</ele>
      </trkpt>
      <trkpt lat="34.343960000" lon="-111.576440000">
        <ele>1764</ele>
      </trkpt>
      <trkpt lat="34.344010000" lon="-111.576410000">
        <ele>1765</ele>
      </trkpt>
      <trkpt lat="34.344080000" lon="-111.576340000">
        <ele>1767</ele>
      </trkpt>
      <trkpt lat="34.344220000" lon="-111.576310000">
        <ele>1769</ele>
      </trkpt>
      <trkpt lat="34.344320000" lon="-111.576230000">
        <ele>1770</ele>
      </trkpt>
      <trkpt lat="34.344460000" lon="-111.576050000">
        <ele>1773</ele>
      </trkpt>
      <trkpt lat="34.344620000" lon="-111.575970000">
        <ele>1775</ele>
      </trkpt>
      <trkpt lat="34.344710000" lon="-111.575810000">
        <ele>1777</ele>
      </trkpt>
      <trkpt lat="34.344810000" lon="-111.575810000">
        <ele>1778</ele>
      </trkpt>
      <trkpt lat="34.345010000" lon="-111.575540000">
        <ele>1782</ele>
      </trkpt>
      <trkpt lat="34.345090000" lon="-111.575490000">
        <ele>1784</ele>
      </trkpt>
      <trkpt lat="34.345200000" lon="-111.575450000">
        <ele>1785</ele>
      </trkpt>
      <trkpt lat="34.345310000" lon="-111.575450000">
        <ele>1787</ele>
      </trkpt>
      <trkpt lat="34.345430000" lon="-111.575410000">
        <ele>1788</ele>
      </trkpt>
      <trkpt lat="34.345680000" lon="-111.575250000">
        <ele>1792</ele>
      </trkpt>
      <trkpt lat="34.345770000" lon="-111.575160000">
        <ele>1793</ele>
      </trkpt>
      <trkpt lat="34.345850000" lon="-111.575150000">
        <ele>1793</ele>
      </trkpt>
      <trkpt lat="34.345970000" lon="-111.575210000">
        <ele>1794</ele>
      </trkpt>
      <trkpt lat="34.346090000" lon="-111.575230000">
        <ele>1794</ele>
      </trkpt>
      <trkpt lat="34.346240000" lon="-111.575320000">
        <ele>1794</ele>
      </trkpt>
      <trkpt lat="34.346400000" lon="-111.575470000">
        <ele>1793</ele>
      </trkpt>
      <trkpt lat="34.346440000" lon="-111.575480000">
        <ele>1793</ele>
      </trkpt>
      <trkpt lat="34.346620000" lon="-111.575650000">
        <ele>1791</ele>
      </trkpt>
      <trkpt lat="34.346890000" lon="-111.575810000">
        <ele>1790</ele>
      </trkpt>
      <trkpt lat="34.347020000" lon="-111.575810000">
        <ele>1789</ele>
      </trkpt>
      <trkpt lat="34.347170000" lon="-111.575750000">
        <ele>1786</ele>
      </trkpt>
      <trkpt lat="34.347250000" lon="-111.575700000">
        <ele>1784</ele>
      </trkpt>
      <trkpt lat="34.347490000" lon="-111.575650000">
        <ele>1784</ele>
      </trkpt>
      <trkpt lat="34.347600000" lon="-111.575560000">
        <ele>1785</ele>
      </trkpt>
      <trkpt lat="34.347650000" lon="-111.575460000">
        <ele>1785</ele>
      </trkpt>
      <trkpt lat="34.347720000" lon="-111.575390000">
        <ele>1786</ele>
      </trkpt>
      <trkpt lat="34.347880000" lon="-111.575260000">
        <ele>1789</ele>
      </trkpt>
      <trkpt lat="34.347970000" lon="-111.575050000">
        <ele>1788</ele>
      </trkpt>
      <trkpt lat="34.348240000" lon="-111.574670000">
        <ele>1789</ele>
      </trkpt>
      <trkpt lat="34.348460000" lon="-111.574480000">
        <ele>1791</ele>
      </trkpt>
      <trkpt lat="34.348520000" lon="-111.574320000">
        <ele>1789</ele>
      </trkpt>
      <trkpt lat="34.348700000" lon="-111.574110000">
        <ele>1791</ele>
      </trkpt>
      <trkpt lat="34.348720000" lon="-111.574040000">
        <ele>1791</ele>
      </trkpt>
      <trkpt lat="34.348850000" lon="-111.573860000">
        <ele>1793</ele>
      </trkpt>
      <trkpt lat="34.348900000" lon="-111.573750000">
        <ele>1793</ele>
      </trkpt>
      <trkpt lat="34.348930000" lon="-111.573620000">
        <ele>1793</ele>
      </trkpt>
      <trkpt lat="34.348970000" lon="-111.573580000">
        <ele>1794</ele>
      </trkpt>
      <trkpt lat="34.349010000" lon="-111.573490000">
        <ele>1794</ele>
      </trkpt>
    </trkseg>
  </trk>
</gpx>
