<?xml version="1.0" encoding="UTF-8"?>
<gpx version="1.1" creator="TrailDEX - https://traildex.com" xmlns="http://www.topografix.com/GPX/1/1" xmlns:xsi="http://www.w3.org/2001/XMLSchema-instance" xmlns:gpxx="http://www.garmin.com/xmlschemas/GpxExtensions/v3">
  <metadata>
    <name>Copper Camp Loop</name>
    <desc>Copper Camp Loop</desc>
    <time>2026-10-05T18:22:03Z</time>
    <bounds minlat="33.9384337" minlon="-111.5875716" maxlat="34.0012327" maxlon="-111.5022225"/>
  </metadata>
  <trk>
    <name>Copper Camp Loop, AZ</name>
    <trkseg>
      <trkpt lat="33.9389142" lon="-111.5026891"><ele>1507</ele>
        <time>2026-09-27T12:22:57Z</time>
      </trkpt>
      <trkpt lat="33.9389497" lon="-111.5027606"><ele>1508</ele>
        <time>2026-09-27T12:23:03Z</time>
      </trkpt>
      <trkpt lat="33.9388966" lon="-111.5029438"><ele>1509</ele>
        <time>2026-09-27T12:23:20Z</time>
      </trkpt>
      <trkpt lat="33.9388906" lon="-111.5030804"><ele>1511</ele>
        <time>2026-09-27T12:23:31Z</time>
      </trkpt>
      <trkpt lat="33.9389267" lon="-111.5032336"><ele>1514</ele>
        <time>2026-09-27T12:23:44Z</time>
      </trkpt>
      <trkpt lat="33.9390078" lon="-111.5034177"><ele>1516</ele>
        <time>2026-09-27T12:24:03Z</time>
      </trkpt>
      <trkpt lat="33.9390287" lon="-111.5036088"><ele>1518</ele>
        <time>2026-09-27T12:24:17Z</time>
      </trkpt>
      <trkpt lat="33.9391218" lon="-111.5038422"><ele>1521</ele>
        <time>2026-09-27T12:24:37Z</time>
      </trkpt>
      <trkpt lat="33.9391636" lon="-111.5038748"><ele>1522</ele>
        <time>2026-09-27T12:24:42Z</time>
      </trkpt>
      <trkpt lat="33.9392143" lon="-111.5039408"><ele>1523</ele>
        <time>2026-09-27T12:24:48Z</time>
      </trkpt>
      <trkpt lat="33.9392228" lon="-111.5039948"><ele>1523</ele>
        <time>2026-09-27T12:24:52Z</time>
      </trkpt>
      <trkpt lat="33.9392876" lon="-111.5040463"><ele>1523</ele>
        <time>2026-09-27T12:25:01Z</time>
      </trkpt>
      <trkpt lat="33.9393465" lon="-111.5041203"><ele>1523</ele>
        <time>2026-09-27T12:25:10Z</time>
      </trkpt>
      <trkpt lat="33.9393871" lon="-111.5041519"><ele>1525</ele>
        <time>2026-09-27T12:25:14Z</time>
      </trkpt>
      <trkpt lat="33.9394423" lon="-111.5042254"><ele>1527</ele>
        <time>2026-09-27T12:25:21Z</time>
      </trkpt>
      <trkpt lat="33.9394543" lon="-111.5042741"><ele>1528</ele>
        <time>2026-09-27T12:25:25Z</time>
      </trkpt>
      <trkpt lat="33.9394573" lon="-111.5043792"><ele>1528</ele>
        <time>2026-09-27T12:25:32Z</time>
      </trkpt>
      <trkpt lat="33.939446" lon="-111.504467"><ele>1529</ele>
        <time>2026-09-27T12:25:38Z</time>
      </trkpt>
      <trkpt lat="33.9393806" lon="-111.5045152"><ele>1530</ele>
        <time>2026-09-27T12:25:44Z</time>
      </trkpt>
      <trkpt lat="33.9393263" lon="-111.5045745"><ele>1531</ele>
        <time>2026-09-27T12:25:51Z</time>
      </trkpt>
      <trkpt lat="33.9392803" lon="-111.5047176"><ele>1532</ele>
        <time>2026-09-27T12:26:01Z</time>
      </trkpt>
      <trkpt lat="33.9392913" lon="-111.5048442"><ele>1532</ele>
        <time>2026-09-27T12:26:10Z</time>
      </trkpt>
      <trkpt lat="33.9392658" lon="-111.504929"><ele>1533</ele>
        <time>2026-09-27T12:26:16Z</time>
      </trkpt>
      <trkpt lat="33.9393321" lon="-111.5052221"><ele>1535</ele>
        <time>2026-09-27T12:26:39Z</time>
      </trkpt>
      <trkpt lat="33.9393512" lon="-111.5053526"><ele>1536</ele>
        <time>2026-09-27T12:26:49Z</time>
      </trkpt>
      <trkpt lat="33.9393448" lon="-111.5054081"><ele>1537</ele>
        <time>2026-09-27T12:26:53Z</time>
      </trkpt>
      <trkpt lat="33.939359" lon="-111.5055477"><ele>1538</ele>
        <time>2026-09-27T12:27:03Z</time>
      </trkpt>
      <trkpt lat="33.9393188" lon="-111.5056327"><ele>1539</ele>
        <time>2026-09-27T12:27:09Z</time>
      </trkpt>
      <trkpt lat="33.9392614" lon="-111.5057076"><ele>1540</ele>
        <time>2026-09-27T12:27:16Z</time>
      </trkpt>
      <trkpt lat="33.939218" lon="-111.5058063"><ele>1542</ele>
        <time>2026-09-27T12:27:33Z</time>
      </trkpt>
      <trkpt lat="33.9391661" lon="-111.5058752"><ele>1542</ele>
        <time>2026-09-27T12:27:39Z</time>
      </trkpt>
      <trkpt lat="33.9391007" lon="-111.5059114"><ele>1543</ele>
        <time>2026-09-27T12:27:44Z</time>
      </trkpt>
      <trkpt lat="33.9390444" lon="-111.5059179"><ele>1543</ele>
        <time>2026-09-27T12:27:48Z</time>
      </trkpt>
      <trkpt lat="33.9389287" lon="-111.5059009"><ele>1543</ele>
        <time>2026-09-27T12:27:56Z</time>
      </trkpt>
      <trkpt lat="33.9388378" lon="-111.5058701"><ele>1543</ele>
        <time>2026-09-27T12:28:02Z</time>
      </trkpt>
      <trkpt lat="33.9386143" lon="-111.5058311"><ele>1545</ele>
        <time>2026-09-27T12:28:17Z</time>
      </trkpt>
      <trkpt lat="33.938567" lon="-111.5058548"><ele>1545</ele>
        <time>2026-09-27T12:28:21Z</time>
      </trkpt>
      <trkpt lat="33.9385359" lon="-111.5058873"><ele>1546</ele>
        <time>2026-09-27T12:28:25Z</time>
      </trkpt>
      <trkpt lat="33.9384924" lon="-111.5059949"><ele>1546</ele>
        <time>2026-09-27T12:28:33Z</time>
      </trkpt>
      <trkpt lat="33.9384871" lon="-111.5061577"><ele>1547</ele>
        <time>2026-09-27T12:28:42Z</time>
      </trkpt>
      <trkpt lat="33.9384714" lon="-111.5062052"><ele>1547</ele>
        <time>2026-09-27T12:28:45Z</time>
      </trkpt>
      <trkpt lat="33.9384436" lon="-111.5064142"><ele>1547</ele>
        <time>2026-09-27T12:28:58Z</time>
      </trkpt>
      <trkpt lat="33.9384422" lon="-111.5064619"><ele>1547</ele>
        <time>2026-09-27T12:29:01Z</time>
      </trkpt>
      <trkpt lat="33.9384591" lon="-111.5065591"><ele>1547</ele>
        <time>2026-09-27T12:29:07Z</time>
      </trkpt>
      <trkpt lat="33.9384591" lon="-111.5068057"><ele>1548</ele>
        <time>2026-09-27T12:29:23Z</time>
      </trkpt>
      <trkpt lat="33.9384857" lon="-111.5069487"><ele>1548</ele>
        <time>2026-09-27T12:29:32Z</time>
      </trkpt>
      <trkpt lat="33.9385055" lon="-111.5069938"><ele>1548</ele>
        <time>2026-09-27T12:29:35Z</time>
      </trkpt>
      <trkpt lat="33.9386139" lon="-111.5071625"><ele>1547</ele>
        <time>2026-09-27T12:29:47Z</time>
      </trkpt>
      <trkpt lat="33.9386573" lon="-111.507189"><ele>1548</ele>
        <time>2026-09-27T12:29:50Z</time>
      </trkpt>
      <trkpt lat="33.9387145" lon="-111.5073238"><ele>1548</ele>
        <time>2026-09-27T12:29:59Z</time>
      </trkpt>
      <trkpt lat="33.9387738" lon="-111.5073729"><ele>1549</ele>
        <time>2026-09-27T12:30:05Z</time>
      </trkpt>
      <trkpt lat="33.9388003" lon="-111.5073604"><ele>1549</ele>
        <time>2026-09-27T12:30:34Z</time>
      </trkpt>
      <trkpt lat="33.9389497" lon="-111.5074288"><ele>1550</ele>
        <time>2026-09-27T12:31:40Z</time>
      </trkpt>
      <trkpt lat="33.9390799" lon="-111.5075826"><ele>1550</ele>
        <time>2026-09-27T12:31:52Z</time>
      </trkpt>
      <trkpt lat="33.939151" lon="-111.5077344"><ele>1550</ele>
        <time>2026-09-27T12:32:03Z</time>
      </trkpt>
      <trkpt lat="33.9391976" lon="-111.5077695"><ele>1550</ele>
        <time>2026-09-27T12:32:07Z</time>
      </trkpt>
      <trkpt lat="33.9392517" lon="-111.5077852"><ele>1550</ele>
        <time>2026-09-27T12:32:11Z</time>
      </trkpt>
      <trkpt lat="33.9393041" lon="-111.5077784"><ele>1550</ele>
        <time>2026-09-27T12:32:15Z</time>
      </trkpt>
      <trkpt lat="33.9393587" lon="-111.5077566"><ele>1550</ele>
        <time>2026-09-27T12:32:19Z</time>
      </trkpt>
      <trkpt lat="33.9393986" lon="-111.507727"><ele>1551</ele>
        <time>2026-09-27T12:32:22Z</time>
      </trkpt>
      <trkpt lat="33.939494" lon="-111.5075449"><ele>1551</ele>
        <time>2026-09-27T12:32:34Z</time>
      </trkpt>
      <trkpt lat="33.9395269" lon="-111.5075252"><ele>1551</ele>
        <time>2026-09-27T12:32:37Z</time>
      </trkpt>
      <trkpt lat="33.9395715" lon="-111.5075219"><ele>1552</ele>
        <time>2026-09-27T12:32:41Z</time>
      </trkpt>
      <trkpt lat="33.9396051" lon="-111.5075378"><ele>1552</ele>
        <time>2026-09-27T12:32:44Z</time>
      </trkpt>
      <trkpt lat="33.9397122" lon="-111.5076288"><ele>1551</ele>
        <time>2026-09-27T12:32:52Z</time>
      </trkpt>
      <trkpt lat="33.9398252" lon="-111.5076945"><ele>1551</ele>
        <time>2026-09-27T12:33:00Z</time>
      </trkpt>
      <trkpt lat="33.9398647" lon="-111.5078287"><ele>1550</ele>
        <time>2026-09-27T12:33:07Z</time>
      </trkpt>
      <trkpt lat="33.9398562" lon="-111.507875"><ele>1550</ele>
        <time>2026-09-27T12:33:10Z</time>
      </trkpt>
      <trkpt lat="33.939771" lon="-111.507997"><ele>1549</ele>
        <time>2026-09-27T12:33:19Z</time>
      </trkpt>
      <trkpt lat="33.9396956" lon="-111.508059"><ele>1548</ele>
        <time>2026-09-27T12:33:25Z</time>
      </trkpt>
      <trkpt lat="33.9396634" lon="-111.5081446"><ele>1546</ele>
        <time>2026-09-27T12:33:31Z</time>
      </trkpt>
      <trkpt lat="33.9396148" lon="-111.5082252"><ele>1546</ele>
        <time>2026-09-27T12:33:37Z</time>
      </trkpt>
      <trkpt lat="33.9396019" lon="-111.5083699"><ele>1544</ele>
        <time>2026-09-27T12:33:46Z</time>
      </trkpt>
      <trkpt lat="33.9396169" lon="-111.5084174"><ele>1544</ele>
        <time>2026-09-27T12:33:49Z</time>
      </trkpt>
      <trkpt lat="33.9396441" lon="-111.5084465"><ele>1543</ele>
        <time>2026-09-27T12:33:52Z</time>
      </trkpt>
      <trkpt lat="33.9397256" lon="-111.5084457"><ele>1542</ele>
        <time>2026-09-27T12:33:59Z</time>
      </trkpt>
      <trkpt lat="33.9398105" lon="-111.50842"><ele>1542</ele>
        <time>2026-09-27T12:34:05Z</time>
      </trkpt>
      <trkpt lat="33.9398498" lon="-111.5084253"><ele>1542</ele>
        <time>2026-09-27T12:34:07Z</time>
      </trkpt>
      <trkpt lat="33.9399187" lon="-111.5084584"><ele>1541</ele>
        <time>2026-09-27T12:34:12Z</time>
      </trkpt>
      <trkpt lat="33.9399504" lon="-111.5084873"><ele>1540</ele>
        <time>2026-09-27T12:34:15Z</time>
      </trkpt>
      <trkpt lat="33.9399881" lon="-111.5084964"><ele>1540</ele>
        <time>2026-09-27T12:34:18Z</time>
      </trkpt>
      <trkpt lat="33.9400185" lon="-111.5085297"><ele>1540</ele>
        <time>2026-09-27T12:34:21Z</time>
      </trkpt>
      <trkpt lat="33.940052" lon="-111.5085295"><ele>1539</ele>
        <time>2026-09-27T12:34:24Z</time>
      </trkpt>
      <trkpt lat="33.940083" lon="-111.5085665"><ele>1539</ele>
        <time>2026-09-27T12:34:27Z</time>
      </trkpt>
      <trkpt lat="33.9401442" lon="-111.5086979"><ele>1538</ele>
        <time>2026-09-27T12:34:36Z</time>
      </trkpt>
      <trkpt lat="33.9402425" lon="-111.5088568"><ele>1538</ele>
        <time>2026-09-27T12:34:48Z</time>
      </trkpt>
      <trkpt lat="33.9402764" lon="-111.5089366"><ele>1539</ele>
        <time>2026-09-27T12:35:02Z</time>
      </trkpt>
      <trkpt lat="33.9404244" lon="-111.5090808"><ele>1539</ele>
        <time>2026-09-27T12:35:18Z</time>
      </trkpt>
      <trkpt lat="33.9404969" lon="-111.509107"><ele>1541</ele>
        <time>2026-09-27T12:35:24Z</time>
      </trkpt>
      <trkpt lat="33.9405162" lon="-111.5091437"><ele>1542</ele>
        <time>2026-09-27T12:35:27Z</time>
      </trkpt>
      <trkpt lat="33.9405894" lon="-111.5091835"><ele>1542</ele>
        <time>2026-09-27T12:35:34Z</time>
      </trkpt>
      <trkpt lat="33.9406485" lon="-111.5092447"><ele>1544</ele>
        <time>2026-09-27T12:35:42Z</time>
      </trkpt>
      <trkpt lat="33.9407213" lon="-111.5092753"><ele>1545</ele>
        <time>2026-09-27T12:35:52Z</time>
      </trkpt>
      <trkpt lat="33.9407636" lon="-111.5092785"><ele>1544</ele>
        <time>2026-09-27T12:35:56Z</time>
      </trkpt>
      <trkpt lat="33.9407939" lon="-111.5092968"><ele>1545</ele>
        <time>2026-09-27T12:35:59Z</time>
      </trkpt>
      <trkpt lat="33.940838" lon="-111.5093001"><ele>1545</ele>
        <time>2026-09-27T12:36:02Z</time>
      </trkpt>
      <trkpt lat="33.9409164" lon="-111.5092824"><ele>1547</ele>
        <time>2026-09-27T12:36:08Z</time>
      </trkpt>
      <trkpt lat="33.9409509" lon="-111.5093036"><ele>1547</ele>
        <time>2026-09-27T12:36:11Z</time>
      </trkpt>
      <trkpt lat="33.941004" lon="-111.5092515"><ele>1547</ele>
        <time>2026-09-27T12:36:17Z</time>
      </trkpt>
      <trkpt lat="33.9411479" lon="-111.5093527"><ele>1550</ele>
        <time>2026-09-27T12:36:33Z</time>
      </trkpt>
      <trkpt lat="33.9412385" lon="-111.5094537"><ele>1550</ele>
        <time>2026-09-27T12:36:43Z</time>
      </trkpt>
      <trkpt lat="33.941295" lon="-111.5094982"><ele>1552</ele>
        <time>2026-09-27T12:36:50Z</time>
      </trkpt>
      <trkpt lat="33.9413369" lon="-111.5095075"><ele>1552</ele>
        <time>2026-09-27T12:36:54Z</time>
      </trkpt>
      <trkpt lat="33.9414121" lon="-111.5094815"><ele>1553</ele>
        <time>2026-09-27T12:37:03Z</time>
      </trkpt>
      <trkpt lat="33.9414495" lon="-111.5094867"><ele>1554</ele>
        <time>2026-09-27T12:37:06Z</time>
      </trkpt>
      <trkpt lat="33.9415271" lon="-111.5094695"><ele>1555</ele>
        <time>2026-09-27T12:37:14Z</time>
      </trkpt>
      <trkpt lat="33.9416018" lon="-111.5094783"><ele>1555</ele>
        <time>2026-09-27T12:37:21Z</time>
      </trkpt>
      <trkpt lat="33.9416665" lon="-111.5094575"><ele>1556</ele>
        <time>2026-09-27T12:37:27Z</time>
      </trkpt>
      <trkpt lat="33.9417119" lon="-111.5094566"><ele>1557</ele>
        <time>2026-09-27T12:37:32Z</time>
      </trkpt>
      <trkpt lat="33.9419295" lon="-111.5095297"><ele>1560</ele>
        <time>2026-09-27T12:37:56Z</time>
      </trkpt>
      <trkpt lat="33.9420128" lon="-111.5095245"><ele>1561</ele>
        <time>2026-09-27T12:38:15Z</time>
      </trkpt>
      <trkpt lat="33.9420892" lon="-111.5095055"><ele>1562</ele>
        <time>2026-09-27T12:38:21Z</time>
      </trkpt>
      <trkpt lat="33.9422188" lon="-111.5095356"><ele>1563</ele>
        <time>2026-09-27T12:38:32Z</time>
      </trkpt>
      <trkpt lat="33.9422542" lon="-111.5095472"><ele>1563</ele>
        <time>2026-09-27T12:38:35Z</time>
      </trkpt>
      <trkpt lat="33.9423382" lon="-111.5095987"><ele>1564</ele>
        <time>2026-09-27T12:38:42Z</time>
      </trkpt>
      <trkpt lat="33.9424705" lon="-111.5097162"><ele>1565</ele>
        <time>2026-09-27T12:38:55Z</time>
      </trkpt>
      <trkpt lat="33.94262" lon="-111.5098811"><ele>1565</ele>
        <time>2026-09-27T12:39:10Z</time>
      </trkpt>
      <trkpt lat="33.9426546" lon="-111.5098988"><ele>1565</ele>
        <time>2026-09-27T12:39:13Z</time>
      </trkpt>
      <trkpt lat="33.9426974" lon="-111.5099019"><ele>1566</ele>
        <time>2026-09-27T12:39:17Z</time>
      </trkpt>
      <trkpt lat="33.9428752" lon="-111.5096854"><ele>1565</ele>
        <time>2026-09-27T12:39:38Z</time>
      </trkpt>
      <trkpt lat="33.9429386" lon="-111.5096233"><ele>1566</ele>
        <time>2026-09-27T12:39:45Z</time>
      </trkpt>
      <trkpt lat="33.9429922" lon="-111.5095402"><ele>1566</ele>
        <time>2026-09-27T12:39:53Z</time>
      </trkpt>
      <trkpt lat="33.9430945" lon="-111.5094809"><ele>1568</ele>
        <time>2026-09-27T12:40:01Z</time>
      </trkpt>
      <trkpt lat="33.9431372" lon="-111.5094807"><ele>1568</ele>
        <time>2026-09-27T12:40:04Z</time>
      </trkpt>
      <trkpt lat="33.9431699" lon="-111.5095122"><ele>1570</ele>
        <time>2026-09-27T12:40:08Z</time>
      </trkpt>
      <trkpt lat="33.9432084" lon="-111.5095237"><ele>1569</ele>
        <time>2026-09-27T12:40:12Z</time>
      </trkpt>
      <trkpt lat="33.9432367" lon="-111.5094942"><ele>1570</ele>
        <time>2026-09-27T12:40:17Z</time>
      </trkpt>
      <trkpt lat="33.9432709" lon="-111.509476"><ele>1570</ele>
        <time>2026-09-27T12:40:21Z</time>
      </trkpt>
      <trkpt lat="33.9433463" lon="-111.5094538"><ele>1571</ele>
        <time>2026-09-27T12:40:28Z</time>
      </trkpt>
      <trkpt lat="33.9435496" lon="-111.5094283"><ele>1573</ele>
        <time>2026-09-27T12:40:47Z</time>
      </trkpt>
      <trkpt lat="33.9436623" lon="-111.5094614"><ele>1575</ele>
        <time>2026-09-27T12:40:58Z</time>
      </trkpt>
      <trkpt lat="33.9437416" lon="-111.5094969"><ele>1576</ele>
        <time>2026-09-27T12:41:06Z</time>
      </trkpt>
      <trkpt lat="33.9437807" lon="-111.5095025"><ele>1576</ele>
        <time>2026-09-27T12:41:10Z</time>
      </trkpt>
      <trkpt lat="33.943818" lon="-111.5095223"><ele>1577</ele>
        <time>2026-09-27T12:41:13Z</time>
      </trkpt>
      <trkpt lat="33.9438987" lon="-111.5095305"><ele>1579</ele>
        <time>2026-09-27T12:41:24Z</time>
      </trkpt>
      <trkpt lat="33.9440171" lon="-111.5095156"><ele>1580</ele>
        <time>2026-09-27T12:41:37Z</time>
      </trkpt>
      <trkpt lat="33.9440859" lon="-111.5094783"><ele>1581</ele>
        <time>2026-09-27T12:41:45Z</time>
      </trkpt>
      <trkpt lat="33.9441562" lon="-111.5093612"><ele>1581</ele>
        <time>2026-09-27T12:41:57Z</time>
      </trkpt>
      <trkpt lat="33.9442901" lon="-111.5092656"><ele>1582</ele>
        <time>2026-09-27T12:42:18Z</time>
      </trkpt>
      <trkpt lat="33.9443912" lon="-111.5091565"><ele>1583</ele>
        <time>2026-09-27T12:42:29Z</time>
      </trkpt>
      <trkpt lat="33.9445383" lon="-111.5090433"><ele>1584</ele>
        <time>2026-09-27T12:42:42Z</time>
      </trkpt>
      <trkpt lat="33.9445883" lon="-111.5090323"><ele>1584</ele>
        <time>2026-09-27T12:42:46Z</time>
      </trkpt>
      <trkpt lat="33.9446613" lon="-111.5089904"><ele>1584</ele>
        <time>2026-09-27T12:42:53Z</time>
      </trkpt>
      <trkpt lat="33.944698" lon="-111.5089926"><ele>1584</ele>
        <time>2026-09-27T12:42:56Z</time>
      </trkpt>
      <trkpt lat="33.9447323" lon="-111.5089563"><ele>1585</ele>
        <time>2026-09-27T12:43:01Z</time>
      </trkpt>
      <trkpt lat="33.944857" lon="-111.5089324"><ele>1586</ele>
        <time>2026-09-27T12:43:13Z</time>
      </trkpt>
      <trkpt lat="33.9450469" lon="-111.508857"><ele>1589</ele>
        <time>2026-09-27T12:43:30Z</time>
      </trkpt>
      <trkpt lat="33.9451549" lon="-111.5088366"><ele>1590</ele>
        <time>2026-09-27T12:43:40Z</time>
      </trkpt>
      <trkpt lat="33.9452675" lon="-111.5088365"><ele>1591</ele>
        <time>2026-09-27T12:43:49Z</time>
      </trkpt>
      <trkpt lat="33.9453795" lon="-111.5088194"><ele>1593</ele>
        <time>2026-09-27T12:43:59Z</time>
      </trkpt>
      <trkpt lat="33.9454596" lon="-111.508849"><ele>1594</ele>
        <time>2026-09-27T12:44:05Z</time>
      </trkpt>
      <trkpt lat="33.9455202" lon="-111.5089075"><ele>1594</ele>
        <time>2026-09-27T12:44:11Z</time>
      </trkpt>
      <trkpt lat="33.9455912" lon="-111.5089247"><ele>1595</ele>
        <time>2026-09-27T12:44:17Z</time>
      </trkpt>
      <trkpt lat="33.9457131" lon="-111.5090209"><ele>1600</ele>
        <time>2026-09-27T12:44:32Z</time>
      </trkpt>
      <trkpt lat="33.945753" lon="-111.5090362"><ele>1601</ele>
        <time>2026-09-27T12:44:36Z</time>
      </trkpt>
      <trkpt lat="33.9458249" lon="-111.5091332"><ele>1601</ele>
        <time>2026-09-27T12:44:48Z</time>
      </trkpt>
      <trkpt lat="33.9459529" lon="-111.5092373"><ele>1603</ele>
        <time>2026-09-27T12:45:04Z</time>
      </trkpt>
      <trkpt lat="33.9460088" lon="-111.5093059"><ele>1604</ele>
        <time>2026-09-27T12:45:11Z</time>
      </trkpt>
      <trkpt lat="33.9460369" lon="-111.5093487"><ele>1604</ele>
        <time>2026-09-27T12:45:16Z</time>
      </trkpt>
      <trkpt lat="33.9460405" lon="-111.5094022"><ele>1605</ele>
        <time>2026-09-27T12:45:21Z</time>
      </trkpt>
      <trkpt lat="33.9460606" lon="-111.509442"><ele>1605</ele>
        <time>2026-09-27T12:45:25Z</time>
      </trkpt>
      <trkpt lat="33.946048" lon="-111.5094856"><ele>1606</ele>
        <time>2026-09-27T12:45:28Z</time>
      </trkpt>
      <trkpt lat="33.9460468" lon="-111.5095763"><ele>1607</ele>
        <time>2026-09-27T12:45:37Z</time>
      </trkpt>
      <trkpt lat="33.9461024" lon="-111.5097125"><ele>1608</ele>
        <time>2026-09-27T12:45:47Z</time>
      </trkpt>
      <trkpt lat="33.9461573" lon="-111.5098025"><ele>1609</ele>
        <time>2026-09-27T12:45:54Z</time>
      </trkpt>
      <trkpt lat="33.9461748" lon="-111.5098493"><ele>1610</ele>
        <time>2026-09-27T12:46:01Z</time>
      </trkpt>
      <trkpt lat="33.9462055" lon="-111.509896"><ele>1611</ele>
        <time>2026-09-27T12:46:06Z</time>
      </trkpt>
      <trkpt lat="33.9462444" lon="-111.5099291"><ele>1612</ele>
        <time>2026-09-27T12:46:10Z</time>
      </trkpt>
      <trkpt lat="33.9463122" lon="-111.5100618"><ele>1613</ele>
        <time>2026-09-27T12:46:21Z</time>
      </trkpt>
      <trkpt lat="33.946347" lon="-111.5100844"><ele>1613</ele>
        <time>2026-09-27T12:46:25Z</time>
      </trkpt>
      <trkpt lat="33.9464058" lon="-111.5102178"><ele>1615</ele>
        <time>2026-09-27T12:46:37Z</time>
      </trkpt>
      <trkpt lat="33.9464571" lon="-111.5103925"><ele>1616</ele>
        <time>2026-09-27T12:46:52Z</time>
      </trkpt>
      <trkpt lat="33.9464921" lon="-111.5104013"><ele>1616</ele>
        <time>2026-09-27T12:46:55Z</time>
      </trkpt>
      <trkpt lat="33.9465588" lon="-111.5104422"><ele>1616</ele>
        <time>2026-09-27T12:47:03Z</time>
      </trkpt>
      <trkpt lat="33.9466035" lon="-111.5104409"><ele>1616</ele>
        <time>2026-09-27T12:47:08Z</time>
      </trkpt>
      <trkpt lat="33.9466487" lon="-111.5104214"><ele>1617</ele>
        <time>2026-09-27T12:47:12Z</time>
      </trkpt>
      <trkpt lat="33.9466909" lon="-111.5104169"><ele>1617</ele>
        <time>2026-09-27T12:47:15Z</time>
      </trkpt>
      <trkpt lat="33.9467511" lon="-111.5103579"><ele>1617</ele>
        <time>2026-09-27T12:47:21Z</time>
      </trkpt>
      <trkpt lat="33.9469597" lon="-111.5103023"><ele>1619</ele>
        <time>2026-09-27T12:47:38Z</time>
      </trkpt>
      <trkpt lat="33.9471151" lon="-111.5101747"><ele>1620</ele>
        <time>2026-09-27T12:48:12Z</time>
      </trkpt>
      <trkpt lat="33.9472037" lon="-111.5101342"><ele>1621</ele>
        <time>2026-09-27T12:48:19Z</time>
      </trkpt>
      <trkpt lat="33.9473336" lon="-111.5101839"><ele>1621</ele>
        <time>2026-09-27T12:48:29Z</time>
      </trkpt>
      <trkpt lat="33.9474523" lon="-111.5102013"><ele>1623</ele>
        <time>2026-09-27T12:48:39Z</time>
      </trkpt>
      <trkpt lat="33.9474841" lon="-111.5102659"><ele>1624</ele>
        <time>2026-09-27T12:48:46Z</time>
      </trkpt>
      <trkpt lat="33.9474832" lon="-111.5103176"><ele>1625</ele>
        <time>2026-09-27T12:48:51Z</time>
      </trkpt>
      <trkpt lat="33.9474972" lon="-111.5103755"><ele>1625</ele>
        <time>2026-09-27T12:48:56Z</time>
      </trkpt>
      <trkpt lat="33.9475242" lon="-111.5104229"><ele>1627</ele>
        <time>2026-09-27T12:49:01Z</time>
      </trkpt>
      <trkpt lat="33.9475363" lon="-111.510471"><ele>1627</ele>
        <time>2026-09-27T12:49:06Z</time>
      </trkpt>
      <trkpt lat="33.9476883" lon="-111.5106686"><ele>1628</ele>
        <time>2026-09-27T12:49:31Z</time>
      </trkpt>
      <trkpt lat="33.9477256" lon="-111.5106799"><ele>1632</ele>
        <time>2026-09-27T12:49:35Z</time>
      </trkpt>
      <trkpt lat="33.9478047" lon="-111.5106527"><ele>1632</ele>
        <time>2026-09-27T12:49:43Z</time>
      </trkpt>
      <trkpt lat="33.9479216" lon="-111.5105811"><ele>1631</ele>
        <time>2026-09-27T12:49:54Z</time>
      </trkpt>
      <trkpt lat="33.9480033" lon="-111.5105874"><ele>1631</ele>
        <time>2026-09-27T12:50:00Z</time>
      </trkpt>
      <trkpt lat="33.9480741" lon="-111.510635"><ele>1636</ele>
        <time>2026-09-27T12:50:08Z</time>
      </trkpt>
      <trkpt lat="33.9480955" lon="-111.5106708"><ele>1634</ele>
        <time>2026-09-27T12:50:12Z</time>
      </trkpt>
      <trkpt lat="33.9480935" lon="-111.510723"><ele>1635</ele>
        <time>2026-09-27T12:50:19Z</time>
      </trkpt>
      <trkpt lat="33.9481105" lon="-111.5107724"><ele>1637</ele>
        <time>2026-09-27T12:50:26Z</time>
      </trkpt>
      <trkpt lat="33.9481457" lon="-111.5108057"><ele>1637</ele>
        <time>2026-09-27T12:50:31Z</time>
      </trkpt>
      <trkpt lat="33.9482643" lon="-111.5110198"><ele>1638</ele>
        <time>2026-09-27T12:50:53Z</time>
      </trkpt>
      <trkpt lat="33.9484081" lon="-111.5110144"><ele>1642</ele>
        <time>2026-09-27T12:51:07Z</time>
      </trkpt>
      <trkpt lat="33.9485566" lon="-111.5110657"><ele>1642</ele>
        <time>2026-09-27T12:51:20Z</time>
      </trkpt>
      <trkpt lat="33.9486227" lon="-111.5111165"><ele>1642</ele>
        <time>2026-09-27T12:51:27Z</time>
      </trkpt>
      <trkpt lat="33.948694" lon="-111.5110911"><ele>1642</ele>
        <time>2026-09-27T12:51:35Z</time>
      </trkpt>
      <trkpt lat="33.9487312" lon="-111.511015"><ele>1642</ele>
        <time>2026-09-27T12:51:43Z</time>
      </trkpt>
      <trkpt lat="33.9487373" lon="-111.5109684"><ele>1643</ele>
        <time>2026-09-27T12:51:46Z</time>
      </trkpt>
      <trkpt lat="33.9487808" lon="-111.5108353"><ele>1643</ele>
        <time>2026-09-27T12:51:55Z</time>
      </trkpt>
      <trkpt lat="33.9488484" lon="-111.5107837"><ele>1644</ele>
        <time>2026-09-27T12:52:01Z</time>
      </trkpt>
      <trkpt lat="33.9489028" lon="-111.5107132"><ele>1645</ele>
        <time>2026-09-27T12:52:09Z</time>
      </trkpt>
      <trkpt lat="33.9490038" lon="-111.5106216"><ele>1645</ele>
        <time>2026-09-27T12:52:20Z</time>
      </trkpt>
      <trkpt lat="33.9490342" lon="-111.5105733"><ele>1646</ele>
        <time>2026-09-27T12:52:24Z</time>
      </trkpt>
      <trkpt lat="33.9490958" lon="-111.5105263"><ele>1647</ele>
        <time>2026-09-27T12:52:31Z</time>
      </trkpt>
      <trkpt lat="33.949209" lon="-111.5104848"><ele>1647</ele>
        <time>2026-09-27T12:52:42Z</time>
      </trkpt>
      <trkpt lat="33.9493073" lon="-111.5104179"><ele>1649</ele>
        <time>2026-09-27T12:52:52Z</time>
      </trkpt>
      <trkpt lat="33.9495172" lon="-111.5102433"><ele>1653</ele>
        <time>2026-09-27T12:53:13Z</time>
      </trkpt>
      <trkpt lat="33.9496279" lon="-111.5101067"><ele>1653</ele>
        <time>2026-09-27T12:53:27Z</time>
      </trkpt>
      <trkpt lat="33.949687" lon="-111.5100522"><ele>1653</ele>
        <time>2026-09-27T12:53:34Z</time>
      </trkpt>
      <trkpt lat="33.9497258" lon="-111.5100338"><ele>1653</ele>
        <time>2026-09-27T12:53:37Z</time>
      </trkpt>
      <trkpt lat="33.9498355" lon="-111.5100121"><ele>1654</ele>
        <time>2026-09-27T12:53:47Z</time>
      </trkpt>
      <trkpt lat="33.9499744" lon="-111.5100303"><ele>1655</ele>
        <time>2026-09-27T12:53:59Z</time>
      </trkpt>
      <trkpt lat="33.9500467" lon="-111.5100605"><ele>1656</ele>
        <time>2026-09-27T12:54:05Z</time>
      </trkpt>
      <trkpt lat="33.9501403" lon="-111.5101421"><ele>1656</ele>
        <time>2026-09-27T12:54:14Z</time>
      </trkpt>
      <trkpt lat="33.9502491" lon="-111.5101859"><ele>1658</ele>
        <time>2026-09-27T12:54:23Z</time>
      </trkpt>
      <trkpt lat="33.9503578" lon="-111.5102488"><ele>1658</ele>
        <time>2026-09-27T12:54:33Z</time>
      </trkpt>
      <trkpt lat="33.9505709" lon="-111.510447"><ele>1659</ele>
        <time>2026-09-27T12:54:54Z</time>
      </trkpt>
      <trkpt lat="33.9506401" lon="-111.5104934"><ele>1659</ele>
        <time>2026-09-27T12:55:00Z</time>
      </trkpt>
      <trkpt lat="33.9506628" lon="-111.5105268"><ele>1660</ele>
        <time>2026-09-27T12:55:03Z</time>
      </trkpt>
      <trkpt lat="33.9506929" lon="-111.5105492"><ele>1660</ele>
        <time>2026-09-27T12:55:06Z</time>
      </trkpt>
      <trkpt lat="33.9507777" lon="-111.5106662"><ele>1660</ele>
        <time>2026-09-27T12:55:15Z</time>
      </trkpt>
      <trkpt lat="33.9507973" lon="-111.5107133"><ele>1660</ele>
        <time>2026-09-27T12:55:18Z</time>
      </trkpt>
      <trkpt lat="33.9508408" lon="-111.5108427"><ele>1660</ele>
        <time>2026-09-27T12:55:27Z</time>
      </trkpt>
      <trkpt lat="33.9508543" lon="-111.5109793"><ele>1661</ele>
        <time>2026-09-27T12:55:36Z</time>
      </trkpt>
      <trkpt lat="33.9510039" lon="-111.5110987"><ele>1661</ele>
        <time>2026-09-27T12:55:50Z</time>
      </trkpt>
      <trkpt lat="33.9510818" lon="-111.5111419"><ele>1662</ele>
        <time>2026-09-27T12:55:56Z</time>
      </trkpt>
      <trkpt lat="33.9511492" lon="-111.5112071"><ele>1662</ele>
        <time>2026-09-27T12:56:02Z</time>
      </trkpt>
      <trkpt lat="33.9512292" lon="-111.511223"><ele>1663</ele>
        <time>2026-09-27T12:56:09Z</time>
      </trkpt>
      <trkpt lat="33.9513238" lon="-111.5113216"><ele>1665</ele>
        <time>2026-09-27T12:56:19Z</time>
      </trkpt>
      <trkpt lat="33.9513993" lon="-111.5114336"><ele>1668</ele>
        <time>2026-09-27T12:56:30Z</time>
      </trkpt>
      <trkpt lat="33.9514904" lon="-111.5115075"><ele>1668</ele>
        <time>2026-09-27T12:56:41Z</time>
      </trkpt>
      <trkpt lat="33.9515268" lon="-111.511516"><ele>1668</ele>
        <time>2026-09-27T12:56:45Z</time>
      </trkpt>
      <trkpt lat="33.9515908" lon="-111.5115854"><ele>1668</ele>
        <time>2026-09-27T12:56:54Z</time>
      </trkpt>
      <trkpt lat="33.9517264" lon="-111.5116683"><ele>1669</ele>
        <time>2026-09-27T12:57:08Z</time>
      </trkpt>
      <trkpt lat="33.9517817" lon="-111.5117302"><ele>1670</ele>
        <time>2026-09-27T12:57:46Z</time>
      </trkpt>
      <trkpt lat="33.951773" lon="-111.5118545"><ele>1670</ele>
        <time>2026-09-27T12:57:54Z</time>
      </trkpt>
      <trkpt lat="33.9516834" lon="-111.5120157"><ele>1670</ele>
        <time>2026-09-27T12:58:07Z</time>
      </trkpt>
      <trkpt lat="33.9516639" lon="-111.5120973"><ele>1671</ele>
        <time>2026-09-27T12:58:12Z</time>
      </trkpt>
      <trkpt lat="33.9516486" lon="-111.5122481"><ele>1671</ele>
        <time>2026-09-27T12:58:22Z</time>
      </trkpt>
      <trkpt lat="33.9516654" lon="-111.5123691"><ele>1671</ele>
        <time>2026-09-27T12:58:31Z</time>
      </trkpt>
      <trkpt lat="33.9516604" lon="-111.5124212"><ele>1670</ele>
        <time>2026-09-27T12:58:34Z</time>
      </trkpt>
      <trkpt lat="33.9516072" lon="-111.5125303"><ele>1671</ele>
        <time>2026-09-27T12:58:42Z</time>
      </trkpt>
      <trkpt lat="33.9515768" lon="-111.5126737"><ele>1671</ele>
        <time>2026-09-27T12:58:51Z</time>
      </trkpt>
      <trkpt lat="33.9515323" lon="-111.5127573"><ele>1672</ele>
        <time>2026-09-27T12:58:57Z</time>
      </trkpt>
      <trkpt lat="33.9515251" lon="-111.5128033"><ele>1672</ele>
        <time>2026-09-27T12:59:00Z</time>
      </trkpt>
      <trkpt lat="33.9515021" lon="-111.5128405"><ele>1672</ele>
        <time>2026-09-27T12:59:03Z</time>
      </trkpt>
      <trkpt lat="33.951495" lon="-111.5129558"><ele>1673</ele>
        <time>2026-09-27T12:59:12Z</time>
      </trkpt>
      <trkpt lat="33.9514822" lon="-111.5130101"><ele>1673</ele>
        <time>2026-09-27T12:59:15Z</time>
      </trkpt>
      <trkpt lat="33.9515265" lon="-111.5131438"><ele>1673</ele>
        <time>2026-09-27T12:59:25Z</time>
      </trkpt>
      <trkpt lat="33.9515893" lon="-111.5132013"><ele>1673</ele>
        <time>2026-09-27T12:59:32Z</time>
      </trkpt>
      <trkpt lat="33.9517017" lon="-111.5131999"><ele>1673</ele>
        <time>2026-09-27T12:59:41Z</time>
      </trkpt>
      <trkpt lat="33.9517845" lon="-111.5132272"><ele>1673</ele>
        <time>2026-09-27T12:59:47Z</time>
      </trkpt>
      <trkpt lat="33.9518211" lon="-111.5132274"><ele>1673</ele>
        <time>2026-09-27T12:59:50Z</time>
      </trkpt>
      <trkpt lat="33.951865" lon="-111.5132054"><ele>1673</ele>
        <time>2026-09-27T12:59:53Z</time>
      </trkpt>
      <trkpt lat="33.9519462" lon="-111.5132098"><ele>1674</ele>
        <time>2026-09-27T12:59:59Z</time>
      </trkpt>
      <trkpt lat="33.9519857" lon="-111.5132309"><ele>1673</ele>
        <time>2026-09-27T13:00:02Z</time>
      </trkpt>
      <trkpt lat="33.9521419" lon="-111.5132265"><ele>1673</ele>
        <time>2026-09-27T13:00:14Z</time>
      </trkpt>
      <trkpt lat="33.9521828" lon="-111.5132494"><ele>1673</ele>
        <time>2026-09-27T13:00:17Z</time>
      </trkpt>
      <trkpt lat="33.952217" lon="-111.5132526"><ele>1673</ele>
        <time>2026-09-27T13:00:19Z</time>
      </trkpt>
      <trkpt lat="33.9522991" lon="-111.513229"><ele>1674</ele>
        <time>2026-09-27T13:00:25Z</time>
      </trkpt>
      <trkpt lat="33.9524626" lon="-111.5132198"><ele>1674</ele>
        <time>2026-09-27T13:00:37Z</time>
      </trkpt>
      <trkpt lat="33.9525752" lon="-111.5132394"><ele>1674</ele>
        <time>2026-09-27T13:00:46Z</time>
      </trkpt>
      <trkpt lat="33.9527379" lon="-111.513251"><ele>1674</ele>
        <time>2026-09-27T13:00:58Z</time>
      </trkpt>
      <trkpt lat="33.952866" lon="-111.5132469"><ele>1673</ele>
        <time>2026-09-27T13:01:07Z</time>
      </trkpt>
      <trkpt lat="33.9529852" lon="-111.5133019"><ele>1674</ele>
        <time>2026-09-27T13:01:16Z</time>
      </trkpt>
      <trkpt lat="33.9531228" lon="-111.5134315"><ele>1674</ele>
        <time>2026-09-27T13:01:28Z</time>
      </trkpt>
      <trkpt lat="33.953282" lon="-111.5134853"><ele>1676</ele>
        <time>2026-09-27T13:01:40Z</time>
      </trkpt>
      <trkpt lat="33.9533138" lon="-111.5135185"><ele>1677</ele>
        <time>2026-09-27T13:01:43Z</time>
      </trkpt>
      <trkpt lat="33.953356" lon="-111.5136477"><ele>1675</ele>
        <time>2026-09-27T13:01:52Z</time>
      </trkpt>
      <trkpt lat="33.9533501" lon="-111.5137465"><ele>1674</ele>
        <time>2026-09-27T13:01:58Z</time>
      </trkpt>
      <trkpt lat="33.9533273" lon="-111.5137917"><ele>1673</ele>
        <time>2026-09-27T13:02:01Z</time>
      </trkpt>
      <trkpt lat="33.9532709" lon="-111.5138598"><ele>1673</ele>
        <time>2026-09-27T13:02:07Z</time>
      </trkpt>
      <trkpt lat="33.9532066" lon="-111.514005"><ele>1672</ele>
        <time>2026-09-27T13:02:16Z</time>
      </trkpt>
      <trkpt lat="33.9531755" lon="-111.5141954"><ele>1671</ele>
        <time>2026-09-27T13:02:28Z</time>
      </trkpt>
      <trkpt lat="33.9530997" lon="-111.5143865"><ele>1671</ele>
        <time>2026-09-27T13:02:42Z</time>
      </trkpt>
      <trkpt lat="33.9530997" lon="-111.5144366"><ele>1671</ele>
        <time>2026-09-27T13:02:45Z</time>
      </trkpt>
      <trkpt lat="33.9530709" lon="-111.5145331"><ele>1671</ele>
        <time>2026-09-27T13:02:51Z</time>
      </trkpt>
      <trkpt lat="33.9530722" lon="-111.5146297"><ele>1671</ele>
        <time>2026-09-27T13:02:58Z</time>
      </trkpt>
      <trkpt lat="33.9530537" lon="-111.5147216"><ele>1671</ele>
        <time>2026-09-27T13:03:04Z</time>
      </trkpt>
      <trkpt lat="33.9529679" lon="-111.5148445"><ele>1671</ele>
        <time>2026-09-27T13:03:13Z</time>
      </trkpt>
      <trkpt lat="33.9529296" lon="-111.5149285"><ele>1671</ele>
        <time>2026-09-27T13:03:19Z</time>
      </trkpt>
      <trkpt lat="33.9528578" lon="-111.5149896"><ele>1671</ele>
        <time>2026-09-27T13:03:25Z</time>
      </trkpt>
      <trkpt lat="33.9528035" lon="-111.5150725"><ele>1671</ele>
        <time>2026-09-27T13:03:31Z</time>
      </trkpt>
      <trkpt lat="33.9527405" lon="-111.515214"><ele>1670</ele>
        <time>2026-09-27T13:03:41Z</time>
      </trkpt>
      <trkpt lat="33.9527278" lon="-111.5152723"><ele>1670</ele>
        <time>2026-09-27T13:03:49Z</time>
      </trkpt>
      <trkpt lat="33.9527488" lon="-111.5154126"><ele>1669</ele>
        <time>2026-09-27T13:04:18Z</time>
      </trkpt>
      <trkpt lat="33.9526917" lon="-111.5156202"><ele>1669</ele>
        <time>2026-09-27T13:04:31Z</time>
      </trkpt>
      <trkpt lat="33.9526385" lon="-111.5158701"><ele>1668</ele>
        <time>2026-09-27T13:04:46Z</time>
      </trkpt>
      <trkpt lat="33.9526491" lon="-111.5159994"><ele>1668</ele>
        <time>2026-09-27T13:04:54Z</time>
      </trkpt>
      <trkpt lat="33.9526299" lon="-111.5161185"><ele>1667</ele>
        <time>2026-09-27T13:05:02Z</time>
      </trkpt>
      <trkpt lat="33.9526567" lon="-111.5161752"><ele>1667</ele>
        <time>2026-09-27T13:05:06Z</time>
      </trkpt>
      <trkpt lat="33.9526937" lon="-111.5162133"><ele>1667</ele>
        <time>2026-09-27T13:05:10Z</time>
      </trkpt>
      <trkpt lat="33.9527412" lon="-111.516226"><ele>1666</ele>
        <time>2026-09-27T13:05:14Z</time>
      </trkpt>
      <trkpt lat="33.952793" lon="-111.5162321"><ele>1666</ele>
        <time>2026-09-27T13:05:18Z</time>
      </trkpt>
      <trkpt lat="33.9529216" lon="-111.5161936"><ele>1666</ele>
        <time>2026-09-27T13:05:27Z</time>
      </trkpt>
      <trkpt lat="33.9530387" lon="-111.5161806"><ele>1667</ele>
        <time>2026-09-27T13:05:37Z</time>
      </trkpt>
      <trkpt lat="33.9530731" lon="-111.5161657"><ele>1668</ele>
        <time>2026-09-27T13:05:40Z</time>
      </trkpt>
      <trkpt lat="33.9531294" lon="-111.5161058"><ele>1669</ele>
        <time>2026-09-27T13:05:46Z</time>
      </trkpt>
      <trkpt lat="33.9531722" lon="-111.5160869"><ele>1670</ele>
        <time>2026-09-27T13:05:50Z</time>
      </trkpt>
      <trkpt lat="33.9532809" lon="-111.5160719"><ele>1672</ele>
        <time>2026-09-27T13:05:59Z</time>
      </trkpt>
      <trkpt lat="33.9533365" lon="-111.516024"><ele>1673</ele>
        <time>2026-09-27T13:06:05Z</time>
      </trkpt>
      <trkpt lat="33.9533686" lon="-111.5160119"><ele>1673</ele>
        <time>2026-09-27T13:06:08Z</time>
      </trkpt>
      <trkpt lat="33.9535013" lon="-111.5160781"><ele>1674</ele>
        <time>2026-09-27T13:06:20Z</time>
      </trkpt>
      <trkpt lat="33.9536237" lon="-111.516114"><ele>1675</ele>
        <time>2026-09-27T13:06:29Z</time>
      </trkpt>
      <trkpt lat="33.9536972" lon="-111.5162164"><ele>1675</ele>
        <time>2026-09-27T13:06:38Z</time>
      </trkpt>
      <trkpt lat="33.9538419" lon="-111.5162056"><ele>1676</ele>
        <time>2026-09-27T13:06:50Z</time>
      </trkpt>
      <trkpt lat="33.9539195" lon="-111.5162141"><ele>1676</ele>
        <time>2026-09-27T13:06:55Z</time>
      </trkpt>
      <trkpt lat="33.9540437" lon="-111.5162576"><ele>1675</ele>
        <time>2026-09-27T13:07:04Z</time>
      </trkpt>
      <trkpt lat="33.9541001" lon="-111.516332"><ele>1675</ele>
        <time>2026-09-27T13:07:10Z</time>
      </trkpt>
      <trkpt lat="33.9541648" lon="-111.5163928"><ele>1675</ele>
        <time>2026-09-27T13:07:16Z</time>
      </trkpt>
      <trkpt lat="33.9542043" lon="-111.5164015"><ele>1676</ele>
        <time>2026-09-27T13:07:19Z</time>
      </trkpt>
      <trkpt lat="33.9543431" lon="-111.5163463"><ele>1679</ele>
        <time>2026-09-27T13:07:31Z</time>
      </trkpt>
      <trkpt lat="33.9543774" lon="-111.516346"><ele>1675</ele>
        <time>2026-09-27T13:07:33Z</time>
      </trkpt>
      <trkpt lat="33.9544115" lon="-111.5163192"><ele>1676</ele>
        <time>2026-09-27T13:07:36Z</time>
      </trkpt>
      <trkpt lat="33.9544297" lon="-111.5162788"><ele>1676</ele>
        <time>2026-09-27T13:07:39Z</time>
      </trkpt>
      <trkpt lat="33.9544678" lon="-111.5160962"><ele>1676</ele>
        <time>2026-09-27T13:07:51Z</time>
      </trkpt>
      <trkpt lat="33.9544868" lon="-111.5158986"><ele>1676</ele>
        <time>2026-09-27T13:08:03Z</time>
      </trkpt>
      <trkpt lat="33.954535" lon="-111.5157659"><ele>1676</ele>
        <time>2026-09-27T13:08:12Z</time>
      </trkpt>
      <trkpt lat="33.954587" lon="-111.5156817"><ele>1675</ele>
        <time>2026-09-27T13:08:18Z</time>
      </trkpt>
      <trkpt lat="33.9546886" lon="-111.5155787"><ele>1675</ele>
        <time>2026-09-27T13:08:27Z</time>
      </trkpt>
      <trkpt lat="33.9548101" lon="-111.5155264"><ele>1676</ele>
        <time>2026-09-27T13:08:36Z</time>
      </trkpt>
      <trkpt lat="33.9548409" lon="-111.5154874"><ele>1675</ele>
        <time>2026-09-27T13:08:39Z</time>
      </trkpt>
      <trkpt lat="33.9549105" lon="-111.5152751"><ele>1675</ele>
        <time>2026-09-27T13:08:52Z</time>
      </trkpt>
      <trkpt lat="33.9549623" lon="-111.5151869"><ele>1675</ele>
        <time>2026-09-27T13:08:58Z</time>
      </trkpt>
      <trkpt lat="33.9550016" lon="-111.515092"><ele>1675</ele>
        <time>2026-09-27T13:09:04Z</time>
      </trkpt>
      <trkpt lat="33.9550323" lon="-111.515055"><ele>1674</ele>
        <time>2026-09-27T13:09:07Z</time>
      </trkpt>
      <trkpt lat="33.9551021" lon="-111.514998"><ele>1674</ele>
        <time>2026-09-27T13:09:13Z</time>
      </trkpt>
      <trkpt lat="33.9551811" lon="-111.5149844"><ele>1674</ele>
        <time>2026-09-27T13:09:19Z</time>
      </trkpt>
      <trkpt lat="33.9552929" lon="-111.5149326"><ele>1673</ele>
        <time>2026-09-27T13:09:28Z</time>
      </trkpt>
      <trkpt lat="33.9553343" lon="-111.514927"><ele>1673</ele>
        <time>2026-09-27T13:09:31Z</time>
      </trkpt>
      <trkpt lat="33.9554537" lon="-111.5148694"><ele>1674</ele>
        <time>2026-09-27T13:09:40Z</time>
      </trkpt>
      <trkpt lat="33.9554899" lon="-111.5148631"><ele>1674</ele>
        <time>2026-09-27T13:09:43Z</time>
      </trkpt>
      <trkpt lat="33.955527" lon="-111.5146661"><ele>1674</ele>
        <time>2026-09-27T13:09:55Z</time>
      </trkpt>
      <trkpt lat="33.9555445" lon="-111.5146288"><ele>1674</ele>
        <time>2026-09-27T13:09:57Z</time>
      </trkpt>
      <trkpt lat="33.9555562" lon="-111.5145316"><ele>1674</ele>
        <time>2026-09-27T13:10:02Z</time>
      </trkpt>
      <trkpt lat="33.9556053" lon="-111.5143835"><ele>1674</ele>
        <time>2026-09-27T13:10:11Z</time>
      </trkpt>
      <trkpt lat="33.9556403" lon="-111.5143525"><ele>1674</ele>
        <time>2026-09-27T13:10:14Z</time>
      </trkpt>
      <trkpt lat="33.9556791" lon="-111.5143434"><ele>1672</ele>
        <time>2026-09-27T13:10:17Z</time>
      </trkpt>
      <trkpt lat="33.9557177" lon="-111.514348"><ele>1672</ele>
        <time>2026-09-27T13:10:20Z</time>
      </trkpt>
      <trkpt lat="33.9558374" lon="-111.5143963"><ele>1672</ele>
        <time>2026-09-27T13:10:29Z</time>
      </trkpt>
      <trkpt lat="33.9559089" lon="-111.514443"><ele>1672</ele>
        <time>2026-09-27T13:10:34Z</time>
      </trkpt>
      <trkpt lat="33.9560037" lon="-111.5145556"><ele>1672</ele>
        <time>2026-09-27T13:10:43Z</time>
      </trkpt>
      <trkpt lat="33.9560814" lon="-111.5145966"><ele>1672</ele>
        <time>2026-09-27T13:10:49Z</time>
      </trkpt>
      <trkpt lat="33.9561967" lon="-111.5146223"><ele>1672</ele>
        <time>2026-09-27T13:10:58Z</time>
      </trkpt>
      <trkpt lat="33.9562394" lon="-111.5146227"><ele>1672</ele>
        <time>2026-09-27T13:11:01Z</time>
      </trkpt>
      <trkpt lat="33.9563554" lon="-111.5145577"><ele>1672</ele>
        <time>2026-09-27T13:11:10Z</time>
      </trkpt>
      <trkpt lat="33.9564357" lon="-111.5145387"><ele>1676</ele>
        <time>2026-09-27T13:11:16Z</time>
      </trkpt>
      <trkpt lat="33.9564745" lon="-111.5145159"><ele>1675</ele>
        <time>2026-09-27T13:11:19Z</time>
      </trkpt>
      <trkpt lat="33.9564927" lon="-111.5144286"><ele>1674</ele>
        <time>2026-09-27T13:11:25Z</time>
      </trkpt>
      <trkpt lat="33.9565708" lon="-111.5142125"><ele>1673</ele>
        <time>2026-09-27T13:11:39Z</time>
      </trkpt>
      <trkpt lat="33.9565917" lon="-111.514116"><ele>1673</ele>
        <time>2026-09-27T13:11:45Z</time>
      </trkpt>
      <trkpt lat="33.9565526" lon="-111.5139807"><ele>1672</ele>
        <time>2026-09-27T13:11:54Z</time>
      </trkpt>
      <trkpt lat="33.9565417" lon="-111.5138744"><ele>1671</ele>
        <time>2026-09-27T13:12:00Z</time>
      </trkpt>
      <trkpt lat="33.9565443" lon="-111.5138224"><ele>1671</ele>
        <time>2026-09-27T13:12:03Z</time>
      </trkpt>
      <trkpt lat="33.9565704" lon="-111.5137367"><ele>1671</ele>
        <time>2026-09-27T13:12:08Z</time>
      </trkpt>
      <trkpt lat="33.9565979" lon="-111.513696"><ele>1671</ele>
        <time>2026-09-27T13:12:11Z</time>
      </trkpt>
      <trkpt lat="33.9567175" lon="-111.5136519"><ele>1670</ele>
        <time>2026-09-27T13:12:20Z</time>
      </trkpt>
      <trkpt lat="33.9567651" lon="-111.513649"><ele>1670</ele>
        <time>2026-09-27T13:12:23Z</time>
      </trkpt>
      <trkpt lat="33.9569162" lon="-111.5136713"><ele>1669</ele>
        <time>2026-09-27T13:12:33Z</time>
      </trkpt>
      <trkpt lat="33.9569539" lon="-111.5136858"><ele>1669</ele>
        <time>2026-09-27T13:12:36Z</time>
      </trkpt>
      <trkpt lat="33.957071" lon="-111.5136731"><ele>1669</ele>
        <time>2026-09-27T13:12:44Z</time>
      </trkpt>
      <trkpt lat="33.9571097" lon="-111.5136596"><ele>1669</ele>
        <time>2026-09-27T13:12:47Z</time>
      </trkpt>
      <trkpt lat="33.9571396" lon="-111.5136203"><ele>1669</ele>
        <time>2026-09-27T13:12:50Z</time>
      </trkpt>
      <trkpt lat="33.9571785" lon="-111.5135402"><ele>1669</ele>
        <time>2026-09-27T13:12:56Z</time>
      </trkpt>
      <trkpt lat="33.9571902" lon="-111.5134895"><ele>1669</ele>
        <time>2026-09-27T13:12:59Z</time>
      </trkpt>
      <trkpt lat="33.9571873" lon="-111.5133451"><ele>1668</ele>
        <time>2026-09-27T13:13:07Z</time>
      </trkpt>
      <trkpt lat="33.957149" lon="-111.5132143"><ele>1668</ele>
        <time>2026-09-27T13:13:15Z</time>
      </trkpt>
      <trkpt lat="33.957166" lon="-111.5130105"><ele>1666</ele>
        <time>2026-09-27T13:13:27Z</time>
      </trkpt>
      <trkpt lat="33.9571632" lon="-111.5129062"><ele>1665</ele>
        <time>2026-09-27T13:13:33Z</time>
      </trkpt>
      <trkpt lat="33.9571295" lon="-111.5127623"><ele>1665</ele>
        <time>2026-09-27T13:13:42Z</time>
      </trkpt>
      <trkpt lat="33.9570834" lon="-111.5126859"><ele>1665</ele>
        <time>2026-09-27T13:13:47Z</time>
      </trkpt>
      <trkpt lat="33.9570528" lon="-111.5124874"><ele>1663</ele>
        <time>2026-09-27T13:13:59Z</time>
      </trkpt>
      <trkpt lat="33.9570582" lon="-111.5124385"><ele>1663</ele>
        <time>2026-09-27T13:14:02Z</time>
      </trkpt>
      <trkpt lat="33.9571183" lon="-111.5123062"><ele>1663</ele>
        <time>2026-09-27T13:14:11Z</time>
      </trkpt>
      <trkpt lat="33.9571519" lon="-111.5122684"><ele>1662</ele>
        <time>2026-09-27T13:14:14Z</time>
      </trkpt>
      <trkpt lat="33.9572299" lon="-111.5122212"><ele>1662</ele>
        <time>2026-09-27T13:14:20Z</time>
      </trkpt>
      <trkpt lat="33.9572689" lon="-111.512208"><ele>1662</ele>
        <time>2026-09-27T13:14:23Z</time>
      </trkpt>
      <trkpt lat="33.957354" lon="-111.5122138"><ele>1659</ele>
        <time>2026-09-27T13:14:29Z</time>
      </trkpt>
      <trkpt lat="33.9574292" lon="-111.5122713"><ele>1660</ele>
        <time>2026-09-27T13:14:35Z</time>
      </trkpt>
      <trkpt lat="33.9574584" lon="-111.5123112"><ele>1659</ele>
        <time>2026-09-27T13:14:38Z</time>
      </trkpt>
      <trkpt lat="33.957541" lon="-111.512388"><ele>1659</ele>
        <time>2026-09-27T13:14:44Z</time>
      </trkpt>
      <trkpt lat="33.9576667" lon="-111.5124171"><ele>1659</ele>
        <time>2026-09-27T13:14:53Z</time>
      </trkpt>
      <trkpt lat="33.9577301" lon="-111.5124797"><ele>1659</ele>
        <time>2026-09-27T13:14:59Z</time>
      </trkpt>
      <trkpt lat="33.9577733" lon="-111.5124882"><ele>1659</ele>
        <time>2026-09-27T13:15:02Z</time>
      </trkpt>
      <trkpt lat="33.957812" lon="-111.5124731"><ele>1661</ele>
        <time>2026-09-27T13:15:05Z</time>
      </trkpt>
      <trkpt lat="33.9578879" lon="-111.5123764"><ele>1660</ele>
        <time>2026-09-27T13:15:14Z</time>
      </trkpt>
      <trkpt lat="33.9579842" lon="-111.5122769"><ele>1660</ele>
        <time>2026-09-27T13:15:22Z</time>
      </trkpt>
      <trkpt lat="33.9580018" lon="-111.5122286"><ele>1659</ele>
        <time>2026-09-27T13:15:25Z</time>
      </trkpt>
      <trkpt lat="33.9580298" lon="-111.5121879"><ele>1659</ele>
        <time>2026-09-27T13:15:28Z</time>
      </trkpt>
      <trkpt lat="33.9580725" lon="-111.5121704"><ele>1659</ele>
        <time>2026-09-27T13:15:31Z</time>
      </trkpt>
      <trkpt lat="33.9581306" lon="-111.5120498"><ele>1658</ele>
        <time>2026-09-27T13:15:39Z</time>
      </trkpt>
      <trkpt lat="33.9581606" lon="-111.5119503"><ele>1656</ele>
        <time>2026-09-27T13:15:45Z</time>
      </trkpt>
      <trkpt lat="33.9581605" lon="-111.5118993"><ele>1656</ele>
        <time>2026-09-27T13:15:48Z</time>
      </trkpt>
      <trkpt lat="33.9581932" lon="-111.5118017"><ele>1656</ele>
        <time>2026-09-27T13:15:54Z</time>
      </trkpt>
      <trkpt lat="33.9581998" lon="-111.5116011"><ele>1655</ele>
        <time>2026-09-27T13:16:06Z</time>
      </trkpt>
      <trkpt lat="33.9582237" lon="-111.5114517"><ele>1653</ele>
        <time>2026-09-27T13:16:15Z</time>
      </trkpt>
      <trkpt lat="33.9582635" lon="-111.5113591"><ele>1652</ele>
        <time>2026-09-27T13:16:21Z</time>
      </trkpt>
      <trkpt lat="33.9583436" lon="-111.5112435"><ele>1651</ele>
        <time>2026-09-27T13:16:30Z</time>
      </trkpt>
      <trkpt lat="33.958383" lon="-111.5112206"><ele>1650</ele>
        <time>2026-09-27T13:16:33Z</time>
      </trkpt>
      <trkpt lat="33.9584198" lon="-111.5112185"><ele>1650</ele>
        <time>2026-09-27T13:16:36Z</time>
      </trkpt>
      <trkpt lat="33.9584498" lon="-111.5112029"><ele>1650</ele>
        <time>2026-09-27T13:16:39Z</time>
      </trkpt>
      <trkpt lat="33.9584836" lon="-111.5112279"><ele>1649</ele>
        <time>2026-09-27T13:16:58Z</time>
      </trkpt>
      <trkpt lat="33.9585611" lon="-111.5112403"><ele>1649</ele>
        <time>2026-09-27T13:17:05Z</time>
      </trkpt>
      <trkpt lat="33.9585963" lon="-111.5112565"><ele>1648</ele>
        <time>2026-09-27T13:17:08Z</time>
      </trkpt>
      <trkpt lat="33.9586557" lon="-111.5113336"><ele>1648</ele>
        <time>2026-09-27T13:17:15Z</time>
      </trkpt>
      <trkpt lat="33.9586626" lon="-111.5113767"><ele>1647</ele>
        <time>2026-09-27T13:17:18Z</time>
      </trkpt>
      <trkpt lat="33.9587503" lon="-111.5115166"><ele>1647</ele>
        <time>2026-09-27T13:17:30Z</time>
      </trkpt>
      <trkpt lat="33.9587854" lon="-111.5115529"><ele>1647</ele>
        <time>2026-09-27T13:17:33Z</time>
      </trkpt>
      <trkpt lat="33.958864" lon="-111.5116"><ele>1646</ele>
        <time>2026-09-27T13:17:39Z</time>
      </trkpt>
      <trkpt lat="33.9588974" lon="-111.5116346"><ele>1645</ele>
        <time>2026-09-27T13:17:42Z</time>
      </trkpt>
      <trkpt lat="33.9589376" lon="-111.5117199"><ele>1645</ele>
        <time>2026-09-27T13:17:47Z</time>
      </trkpt>
      <trkpt lat="33.9589553" lon="-111.5118119"><ele>1643</ele>
        <time>2026-09-27T13:17:53Z</time>
      </trkpt>
      <trkpt lat="33.9589821" lon="-111.5118544"><ele>1643</ele>
        <time>2026-09-27T13:17:56Z</time>
      </trkpt>
      <trkpt lat="33.9590263" lon="-111.5118536"><ele>1642</ele>
        <time>2026-09-27T13:17:59Z</time>
      </trkpt>
      <trkpt lat="33.9591994" lon="-111.5117491"><ele>1640</ele>
        <time>2026-09-27T13:18:13Z</time>
      </trkpt>
      <trkpt lat="33.9592405" lon="-111.5117381"><ele>1640</ele>
        <time>2026-09-27T13:18:16Z</time>
      </trkpt>
      <trkpt lat="33.9592817" lon="-111.5117449"><ele>1639</ele>
        <time>2026-09-27T13:18:19Z</time>
      </trkpt>
      <trkpt lat="33.9593122" lon="-111.5117629"><ele>1640</ele>
        <time>2026-09-27T13:18:21Z</time>
      </trkpt>
      <trkpt lat="33.9593367" lon="-111.5117953"><ele>1639</ele>
        <time>2026-09-27T13:18:24Z</time>
      </trkpt>
      <trkpt lat="33.9593722" lon="-111.5118147"><ele>1638</ele>
        <time>2026-09-27T13:18:27Z</time>
      </trkpt>
      <trkpt lat="33.9594171" lon="-111.5118182"><ele>1638</ele>
        <time>2026-09-27T13:18:30Z</time>
      </trkpt>
      <trkpt lat="33.9594543" lon="-111.5118028"><ele>1638</ele>
        <time>2026-09-27T13:18:33Z</time>
      </trkpt>
      <trkpt lat="33.9595016" lon="-111.5117451"><ele>1637</ele>
        <time>2026-09-27T13:18:39Z</time>
      </trkpt>
      <trkpt lat="33.9595137" lon="-111.5117052"><ele>1636</ele>
        <time>2026-09-27T13:18:42Z</time>
      </trkpt>
      <trkpt lat="33.9594721" lon="-111.5113677"><ele>1634</ele>
        <time>2026-09-27T13:19:01Z</time>
      </trkpt>
      <trkpt lat="33.9594503" lon="-111.511056"><ele>1633</ele>
        <time>2026-09-27T13:19:18Z</time>
      </trkpt>
      <trkpt lat="33.959462" lon="-111.5110058"><ele>1632</ele>
        <time>2026-09-27T13:19:21Z</time>
      </trkpt>
      <trkpt lat="33.9594512" lon="-111.5109523"><ele>1632</ele>
        <time>2026-09-27T13:19:24Z</time>
      </trkpt>
      <trkpt lat="33.95938" lon="-111.5108294"><ele>1631</ele>
        <time>2026-09-27T13:19:33Z</time>
      </trkpt>
      <trkpt lat="33.9593718" lon="-111.5107898"><ele>1631</ele>
        <time>2026-09-27T13:19:35Z</time>
      </trkpt>
      <trkpt lat="33.9593852" lon="-111.5106977"><ele>1630</ele>
        <time>2026-09-27T13:19:41Z</time>
      </trkpt>
      <trkpt lat="33.9593783" lon="-111.5104989"><ele>1629</ele>
        <time>2026-09-27T13:19:52Z</time>
      </trkpt>
      <trkpt lat="33.9593496" lon="-111.5104021"><ele>1629</ele>
        <time>2026-09-27T13:19:58Z</time>
      </trkpt>
      <trkpt lat="33.9593254" lon="-111.5103607"><ele>1629</ele>
        <time>2026-09-27T13:20:01Z</time>
      </trkpt>
      <trkpt lat="33.9592649" lon="-111.5102969"><ele>1629</ele>
        <time>2026-09-27T13:20:07Z</time>
      </trkpt>
      <trkpt lat="33.9592235" lon="-111.5102099"><ele>1628</ele>
        <time>2026-09-27T13:20:12Z</time>
      </trkpt>
      <trkpt lat="33.9592057" lon="-111.5101602"><ele>1628</ele>
        <time>2026-09-27T13:20:15Z</time>
      </trkpt>
      <trkpt lat="33.9591909" lon="-111.5100583"><ele>1628</ele>
        <time>2026-09-27T13:20:21Z</time>
      </trkpt>
      <trkpt lat="33.9591893" lon="-111.5100044"><ele>1628</ele>
        <time>2026-09-27T13:20:24Z</time>
      </trkpt>
      <trkpt lat="33.9592039" lon="-111.5099164"><ele>1627</ele>
        <time>2026-09-27T13:20:29Z</time>
      </trkpt>
      <trkpt lat="33.95924" lon="-111.5098176"><ele>1627</ele>
        <time>2026-09-27T13:20:35Z</time>
      </trkpt>
      <trkpt lat="33.9592675" lon="-111.5097738"><ele>1627</ele>
        <time>2026-09-27T13:20:38Z</time>
      </trkpt>
      <trkpt lat="33.9593392" lon="-111.5097343"><ele>1627</ele>
        <time>2026-09-27T13:20:44Z</time>
      </trkpt>
      <trkpt lat="33.9594957" lon="-111.509708"><ele>1626</ele>
        <time>2026-09-27T13:20:55Z</time>
      </trkpt>
      <trkpt lat="33.959578" lon="-111.5097056"><ele>1626</ele>
        <time>2026-09-27T13:21:01Z</time>
      </trkpt>
      <trkpt lat="33.9596536" lon="-111.5097319"><ele>1625</ele>
        <time>2026-09-27T13:21:06Z</time>
      </trkpt>
      <trkpt lat="33.9596935" lon="-111.5097665"><ele>1625</ele>
        <time>2026-09-27T13:21:09Z</time>
      </trkpt>
      <trkpt lat="33.9597696" lon="-111.5099014"><ele>1624</ele>
        <time>2026-09-27T13:21:17Z</time>
      </trkpt>
      <trkpt lat="33.9598036" lon="-111.510059"><ele>1623</ele>
        <time>2026-09-27T13:21:26Z</time>
      </trkpt>
      <trkpt lat="33.9598257" lon="-111.5100965"><ele>1623</ele>
        <time>2026-09-27T13:21:29Z</time>
      </trkpt>
      <trkpt lat="33.9597897" lon="-111.5102391"><ele>1622</ele>
        <time>2026-09-27T13:21:59Z</time>
      </trkpt>
      <trkpt lat="33.9597759" lon="-111.5103864"><ele>1621</ele>
        <time>2026-09-27T13:22:09Z</time>
      </trkpt>
      <trkpt lat="33.959753" lon="-111.5104999"><ele>1621</ele>
        <time>2026-09-27T13:22:17Z</time>
      </trkpt>
      <trkpt lat="33.9597544" lon="-111.5105507"><ele>1621</ele>
        <time>2026-09-27T13:22:20Z</time>
      </trkpt>
      <trkpt lat="33.9597755" lon="-111.5106449"><ele>1621</ele>
        <time>2026-09-27T13:22:26Z</time>
      </trkpt>
      <trkpt lat="33.9598194" lon="-111.5107348"><ele>1620</ele>
        <time>2026-09-27T13:22:32Z</time>
      </trkpt>
      <trkpt lat="33.9598583" lon="-111.5109411"><ele>1620</ele>
        <time>2026-09-27T13:22:44Z</time>
      </trkpt>
      <trkpt lat="33.9598706" lon="-111.5111453"><ele>1620</ele>
        <time>2026-09-27T13:22:55Z</time>
      </trkpt>
      <trkpt lat="33.9599097" lon="-111.5112417"><ele>1619</ele>
        <time>2026-09-27T13:23:01Z</time>
      </trkpt>
      <trkpt lat="33.9599824" lon="-111.5113742"><ele>1618</ele>
        <time>2026-09-27T13:23:10Z</time>
      </trkpt>
      <trkpt lat="33.9600535" lon="-111.5115668"><ele>1617</ele>
        <time>2026-09-27T13:23:22Z</time>
      </trkpt>
      <trkpt lat="33.9601702" lon="-111.5117653"><ele>1615</ele>
        <time>2026-09-27T13:23:36Z</time>
      </trkpt>
      <trkpt lat="33.9601976" lon="-111.5119002"><ele>1615</ele>
        <time>2026-09-27T13:23:44Z</time>
      </trkpt>
      <trkpt lat="33.960235" lon="-111.5119969"><ele>1615</ele>
        <time>2026-09-27T13:23:51Z</time>
      </trkpt>
      <trkpt lat="33.9602423" lon="-111.5120979"><ele>1615</ele>
        <time>2026-09-27T13:23:57Z</time>
      </trkpt>
      <trkpt lat="33.9602745" lon="-111.5121972"><ele>1615</ele>
        <time>2026-09-27T13:24:03Z</time>
      </trkpt>
      <trkpt lat="33.9602853" lon="-111.5122925"><ele>1615</ele>
        <time>2026-09-27T13:24:09Z</time>
      </trkpt>
      <trkpt lat="33.9602782" lon="-111.512345"><ele>1614</ele>
        <time>2026-09-27T13:24:12Z</time>
      </trkpt>
      <trkpt lat="33.9602926" lon="-111.5123989"><ele>1614</ele>
        <time>2026-09-27T13:24:15Z</time>
      </trkpt>
      <trkpt lat="33.9603253" lon="-111.5124337"><ele>1615</ele>
        <time>2026-09-27T13:24:18Z</time>
      </trkpt>
      <trkpt lat="33.960369" lon="-111.5124365"><ele>1615</ele>
        <time>2026-09-27T13:24:22Z</time>
      </trkpt>
      <trkpt lat="33.960398" lon="-111.5124138"><ele>1616</ele>
        <time>2026-09-27T13:24:25Z</time>
      </trkpt>
      <trkpt lat="33.9604738" lon="-111.5121718"><ele>1617</ele>
        <time>2026-09-27T13:24:44Z</time>
      </trkpt>
      <trkpt lat="33.960492" lon="-111.5120184"><ele>1618</ele>
        <time>2026-09-27T13:24:53Z</time>
      </trkpt>
      <trkpt lat="33.9605068" lon="-111.5119739"><ele>1618</ele>
        <time>2026-09-27T13:24:56Z</time>
      </trkpt>
      <trkpt lat="33.9605245" lon="-111.5118195"><ele>1618</ele>
        <time>2026-09-27T13:25:05Z</time>
      </trkpt>
      <trkpt lat="33.9605924" lon="-111.5114398"><ele>1620</ele>
        <time>2026-09-27T13:25:28Z</time>
      </trkpt>
      <trkpt lat="33.9606778" lon="-111.5112673"><ele>1620</ele>
        <time>2026-09-27T13:25:40Z</time>
      </trkpt>
      <trkpt lat="33.9607105" lon="-111.51107"><ele>1621</ele>
        <time>2026-09-27T13:25:52Z</time>
      </trkpt>
      <trkpt lat="33.9607269" lon="-111.5110287"><ele>1621</ele>
        <time>2026-09-27T13:25:55Z</time>
      </trkpt>
      <trkpt lat="33.9607458" lon="-111.5109855"><ele>1622</ele>
        <time>2026-09-27T13:25:59Z</time>
      </trkpt>
      <trkpt lat="33.9608318" lon="-111.5108783"><ele>1623</ele>
        <time>2026-09-27T13:26:08Z</time>
      </trkpt>
      <trkpt lat="33.9608667" lon="-111.5108512"><ele>1623</ele>
        <time>2026-09-27T13:26:11Z</time>
      </trkpt>
      <trkpt lat="33.9609852" lon="-111.510801"><ele>1623</ele>
        <time>2026-09-27T13:26:20Z</time>
      </trkpt>
      <trkpt lat="33.9610641" lon="-111.5107853"><ele>1623</ele>
        <time>2026-09-27T13:26:25Z</time>
      </trkpt>
      <trkpt lat="33.9611033" lon="-111.5107943"><ele>1623</ele>
        <time>2026-09-27T13:26:28Z</time>
      </trkpt>
      <trkpt lat="33.9613984" lon="-111.5108976"><ele>1622</ele>
        <time>2026-09-27T13:26:49Z</time>
      </trkpt>
      <trkpt lat="33.9615123" lon="-111.5109717"><ele>1622</ele>
        <time>2026-09-27T13:26:58Z</time>
      </trkpt>
      <trkpt lat="33.9615453" lon="-111.5110084"><ele>1622</ele>
        <time>2026-09-27T13:27:01Z</time>
      </trkpt>
      <trkpt lat="33.9616183" lon="-111.5110587"><ele>1622</ele>
        <time>2026-09-27T13:27:07Z</time>
      </trkpt>
      <trkpt lat="33.9617909" lon="-111.5111146"><ele>1623</ele>
        <time>2026-09-27T13:27:18Z</time>
      </trkpt>
      <trkpt lat="33.9618725" lon="-111.5111579"><ele>1623</ele>
        <time>2026-09-27T13:27:24Z</time>
      </trkpt>
      <trkpt lat="33.9619037" lon="-111.511188"><ele>1623</ele>
        <time>2026-09-27T13:27:27Z</time>
      </trkpt>
      <trkpt lat="33.9619382" lon="-111.511188"><ele>1622</ele>
        <time>2026-09-27T13:27:30Z</time>
      </trkpt>
      <trkpt lat="33.9619448" lon="-111.5111405"><ele>1622</ele>
        <time>2026-09-27T13:27:33Z</time>
      </trkpt>
      <trkpt lat="33.9618833" lon="-111.5108431"><ele>1623</ele>
        <time>2026-09-27T13:27:50Z</time>
      </trkpt>
      <trkpt lat="33.9617868" lon="-111.5104959"><ele>1623</ele>
        <time>2026-09-27T13:28:12Z</time>
      </trkpt>
      <trkpt lat="33.961786" lon="-111.5104436"><ele>1622</ele>
        <time>2026-09-27T13:28:15Z</time>
      </trkpt>
      <trkpt lat="33.9618358" lon="-111.5103024"><ele>1622</ele>
        <time>2026-09-27T13:28:24Z</time>
      </trkpt>
      <trkpt lat="33.9619374" lon="-111.5101234"><ele>1621</ele>
        <time>2026-09-27T13:28:36Z</time>
      </trkpt>
      <trkpt lat="33.9619758" lon="-111.5099138"><ele>1621</ele>
        <time>2026-09-27T13:28:48Z</time>
      </trkpt>
      <trkpt lat="33.9620265" lon="-111.5098177"><ele>1621</ele>
        <time>2026-09-27T13:28:54Z</time>
      </trkpt>
      <trkpt lat="33.9620656" lon="-111.5098004"><ele>1621</ele>
        <time>2026-09-27T13:28:57Z</time>
      </trkpt>
      <trkpt lat="33.962187" lon="-111.5098003"><ele>1621</ele>
        <time>2026-09-27T13:29:06Z</time>
      </trkpt>
      <trkpt lat="33.9623425" lon="-111.5098282"><ele>1621</ele>
        <time>2026-09-27T13:29:15Z</time>
      </trkpt>
      <trkpt lat="33.9623854" lon="-111.5098254"><ele>1621</ele>
        <time>2026-09-27T13:29:18Z</time>
      </trkpt>
      <trkpt lat="33.9624251" lon="-111.5097991"><ele>1621</ele>
        <time>2026-09-27T13:29:21Z</time>
      </trkpt>
      <trkpt lat="33.9624484" lon="-111.5097613"><ele>1621</ele>
        <time>2026-09-27T13:29:24Z</time>
      </trkpt>
      <trkpt lat="33.9624477" lon="-111.5096763"><ele>1621</ele>
        <time>2026-09-27T13:29:29Z</time>
      </trkpt>
      <trkpt lat="33.9624122" lon="-111.509585"><ele>1620</ele>
        <time>2026-09-27T13:29:35Z</time>
      </trkpt>
      <trkpt lat="33.962334" lon="-111.509448"><ele>1619</ele>
        <time>2026-09-27T13:29:43Z</time>
      </trkpt>
      <trkpt lat="33.9623214" lon="-111.5093436"><ele>1619</ele>
        <time>2026-09-27T13:29:49Z</time>
      </trkpt>
      <trkpt lat="33.9623362" lon="-111.5092976"><ele>1618</ele>
        <time>2026-09-27T13:29:52Z</time>
      </trkpt>
      <trkpt lat="33.9623847" lon="-111.5092201"><ele>1618</ele>
        <time>2026-09-27T13:29:58Z</time>
      </trkpt>
      <trkpt lat="33.9624619" lon="-111.5091625"><ele>1617</ele>
        <time>2026-09-27T13:30:04Z</time>
      </trkpt>
      <trkpt lat="33.9625091" lon="-111.5091541"><ele>1617</ele>
        <time>2026-09-27T13:30:07Z</time>
      </trkpt>
      <trkpt lat="33.9625516" lon="-111.5091633"><ele>1617</ele>
        <time>2026-09-27T13:30:11Z</time>
      </trkpt>
      <trkpt lat="33.9626328" lon="-111.5092009"><ele>1616</ele>
        <time>2026-09-27T13:30:17Z</time>
      </trkpt>
      <trkpt lat="33.9626661" lon="-111.5091963"><ele>1616</ele>
        <time>2026-09-27T13:30:19Z</time>
      </trkpt>
      <trkpt lat="33.9627539" lon="-111.5091179"><ele>1616</ele>
        <time>2026-09-27T13:30:27Z</time>
      </trkpt>
      <trkpt lat="33.9627771" lon="-111.5090781"><ele>1616</ele>
        <time>2026-09-27T13:30:30Z</time>
      </trkpt>
      <trkpt lat="33.9627907" lon="-111.5090249"><ele>1616</ele>
        <time>2026-09-27T13:30:33Z</time>
      </trkpt>
      <trkpt lat="33.9627922" lon="-111.5088301"><ele>1614</ele>
        <time>2026-09-27T13:30:44Z</time>
      </trkpt>
      <trkpt lat="33.9628122" lon="-111.5087255"><ele>1615</ele>
        <time>2026-09-27T13:30:50Z</time>
      </trkpt>
      <trkpt lat="33.9628416" lon="-111.5086382"><ele>1614</ele>
        <time>2026-09-27T13:30:55Z</time>
      </trkpt>
      <trkpt lat="33.9629219" lon="-111.5085305"><ele>1614</ele>
        <time>2026-09-27T13:31:03Z</time>
      </trkpt>
      <trkpt lat="33.9630816" lon="-111.50844"><ele>1612</ele>
        <time>2026-09-27T13:31:15Z</time>
      </trkpt>
      <trkpt lat="33.9631271" lon="-111.5084248"><ele>1612</ele>
        <time>2026-09-27T13:31:18Z</time>
      </trkpt>
      <trkpt lat="33.9632149" lon="-111.5084151"><ele>1612</ele>
        <time>2026-09-27T13:31:23Z</time>
      </trkpt>
      <trkpt lat="33.9632913" lon="-111.5083673"><ele>1610</ele>
        <time>2026-09-27T13:31:29Z</time>
      </trkpt>
      <trkpt lat="33.9633185" lon="-111.5083224"><ele>1610</ele>
        <time>2026-09-27T13:31:32Z</time>
      </trkpt>
      <trkpt lat="33.9633591" lon="-111.5081938"><ele>1609</ele>
        <time>2026-09-27T13:31:44Z</time>
      </trkpt>
      <trkpt lat="33.9633933" lon="-111.5081685"><ele>1609</ele>
        <time>2026-09-27T13:31:48Z</time>
      </trkpt>
      <trkpt lat="33.963429" lon="-111.5081839"><ele>1608</ele>
        <time>2026-09-27T13:31:51Z</time>
      </trkpt>
      <trkpt lat="33.9634955" lon="-111.5081445"><ele>1607</ele>
        <time>2026-09-27T13:31:57Z</time>
      </trkpt>
      <trkpt lat="33.9637439" lon="-111.5080871"><ele>1605</ele>
        <time>2026-09-27T13:32:16Z</time>
      </trkpt>
      <trkpt lat="33.9637865" lon="-111.5080849"><ele>1604</ele>
        <time>2026-09-27T13:32:19Z</time>
      </trkpt>
      <trkpt lat="33.9638574" lon="-111.5081125"><ele>1603</ele>
        <time>2026-09-27T13:32:25Z</time>
      </trkpt>
      <trkpt lat="33.9638936" lon="-111.5081005"><ele>1602</ele>
        <time>2026-09-27T13:32:29Z</time>
      </trkpt>
      <trkpt lat="33.9640094" lon="-111.5080998"><ele>1602</ele>
        <time>2026-09-27T13:32:38Z</time>
      </trkpt>
      <trkpt lat="33.9641295" lon="-111.5080817"><ele>1600</ele>
        <time>2026-09-27T13:32:47Z</time>
      </trkpt>
      <trkpt lat="33.9641858" lon="-111.508147"><ele>1597</ele>
        <time>2026-09-27T13:32:53Z</time>
      </trkpt>
      <trkpt lat="33.9641755" lon="-111.5081914"><ele>1597</ele>
        <time>2026-09-27T13:32:57Z</time>
      </trkpt>
      <trkpt lat="33.964136" lon="-111.5082694"><ele>1597</ele>
        <time>2026-09-27T13:33:04Z</time>
      </trkpt>
      <trkpt lat="33.9641852" lon="-111.5083466"><ele>1596</ele>
        <time>2026-09-27T13:33:12Z</time>
      </trkpt>
      <trkpt lat="33.9641933" lon="-111.5083886"><ele>1595</ele>
        <time>2026-09-27T13:33:17Z</time>
      </trkpt>
      <trkpt lat="33.9642215" lon="-111.5084112"><ele>1594</ele>
        <time>2026-09-27T13:33:19Z</time>
      </trkpt>
      <trkpt lat="33.9642918" lon="-111.5083944"><ele>1593</ele>
        <time>2026-09-27T13:33:24Z</time>
      </trkpt>
      <trkpt lat="33.9643196" lon="-111.5083557"><ele>1593</ele>
        <time>2026-09-27T13:33:28Z</time>
      </trkpt>
      <trkpt lat="33.9643347" lon="-111.5083121"><ele>1593</ele>
        <time>2026-09-27T13:33:31Z</time>
      </trkpt>
      <trkpt lat="33.9643652" lon="-111.5082807"><ele>1594</ele>
        <time>2026-09-27T13:33:34Z</time>
      </trkpt>
      <trkpt lat="33.9644469" lon="-111.5082756"><ele>1595</ele>
        <time>2026-09-27T13:33:42Z</time>
      </trkpt>
      <trkpt lat="33.9644958" lon="-111.5082048"><ele>1596</ele>
        <time>2026-09-27T13:33:48Z</time>
      </trkpt>
      <trkpt lat="33.9646474" lon="-111.5080787"><ele>1597</ele>
        <time>2026-09-27T13:34:06Z</time>
      </trkpt>
      <trkpt lat="33.9646943" lon="-111.5080625"><ele>1598</ele>
        <time>2026-09-27T13:34:09Z</time>
      </trkpt>
      <trkpt lat="33.9647502" lon="-111.508076"><ele>1598</ele>
        <time>2026-09-27T13:34:14Z</time>
      </trkpt>
      <trkpt lat="33.9648527" lon="-111.5080181"><ele>1599</ele>
        <time>2026-09-27T13:34:24Z</time>
      </trkpt>
      <trkpt lat="33.9649302" lon="-111.50784"><ele>1599</ele>
        <time>2026-09-27T13:34:37Z</time>
      </trkpt>
      <trkpt lat="33.9649948" lon="-111.5076063"><ele>1600</ele>
        <time>2026-09-27T13:34:52Z</time>
      </trkpt>
      <trkpt lat="33.9650331" lon="-111.5075007"><ele>1600</ele>
        <time>2026-09-27T13:34:59Z</time>
      </trkpt>
      <trkpt lat="33.9650772" lon="-111.5074144"><ele>1599</ele>
        <time>2026-09-27T13:35:07Z</time>
      </trkpt>
      <trkpt lat="33.9650893" lon="-111.5073649"><ele>1599</ele>
        <time>2026-09-27T13:35:09Z</time>
      </trkpt>
      <trkpt lat="33.965124" lon="-111.5073241"><ele>1599</ele>
        <time>2026-09-27T13:35:14Z</time>
      </trkpt>
      <trkpt lat="33.9651409" lon="-111.5072834"><ele>1599</ele>
        <time>2026-09-27T13:35:17Z</time>
      </trkpt>
      <trkpt lat="33.9653806" lon="-111.507101"><ele>1599</ele>
        <time>2026-09-27T13:35:39Z</time>
      </trkpt>
      <trkpt lat="33.9654182" lon="-111.5070799"><ele>1599</ele>
        <time>2026-09-27T13:35:42Z</time>
      </trkpt>
      <trkpt lat="33.965459" lon="-111.5070717"><ele>1599</ele>
        <time>2026-09-27T13:35:45Z</time>
      </trkpt>
      <trkpt lat="33.9654933" lon="-111.5069779"><ele>1599</ele>
        <time>2026-09-27T13:35:52Z</time>
      </trkpt>
      <trkpt lat="33.9655596" lon="-111.5068435"><ele>1599</ele>
        <time>2026-09-27T13:36:01Z</time>
      </trkpt>
      <trkpt lat="33.9655912" lon="-111.5068054"><ele>1599</ele>
        <time>2026-09-27T13:36:04Z</time>
      </trkpt>
      <trkpt lat="33.9656296" lon="-111.5067784"><ele>1599</ele>
        <time>2026-09-27T13:36:07Z</time>
      </trkpt>
      <trkpt lat="33.9657053" lon="-111.506761"><ele>1599</ele>
        <time>2026-09-27T13:36:13Z</time>
      </trkpt>
      <trkpt lat="33.9657472" lon="-111.5067358"><ele>1599</ele>
        <time>2026-09-27T13:36:16Z</time>
      </trkpt>
      <trkpt lat="33.965781" lon="-111.5067013"><ele>1599</ele>
        <time>2026-09-27T13:36:19Z</time>
      </trkpt>
      <trkpt lat="33.9658406" lon="-111.5065754"><ele>1599</ele>
        <time>2026-09-27T13:36:28Z</time>
      </trkpt>
      <trkpt lat="33.9658787" lon="-111.5065404"><ele>1598</ele>
        <time>2026-09-27T13:36:31Z</time>
      </trkpt>
      <trkpt lat="33.9660729" lon="-111.506476"><ele>1598</ele>
        <time>2026-09-27T13:36:45Z</time>
      </trkpt>
      <trkpt lat="33.9661428" lon="-111.5064297"><ele>1598</ele>
        <time>2026-09-27T13:36:51Z</time>
      </trkpt>
      <trkpt lat="33.9662454" lon="-111.5063385"><ele>1598</ele>
        <time>2026-09-27T13:37:00Z</time>
      </trkpt>
      <trkpt lat="33.9664075" lon="-111.5062943"><ele>1598</ele>
        <time>2026-09-27T13:37:13Z</time>
      </trkpt>
      <trkpt lat="33.9664937" lon="-111.5063003"><ele>1597</ele>
        <time>2026-09-27T13:37:19Z</time>
      </trkpt>
      <trkpt lat="33.9665601" lon="-111.5062455"><ele>1597</ele>
        <time>2026-09-27T13:37:25Z</time>
      </trkpt>
      <trkpt lat="33.9666792" lon="-111.5062407"><ele>1597</ele>
        <time>2026-09-27T13:37:34Z</time>
      </trkpt>
      <trkpt lat="33.9667182" lon="-111.5062254"><ele>1597</ele>
        <time>2026-09-27T13:37:37Z</time>
      </trkpt>
      <trkpt lat="33.9668768" lon="-111.5060543"><ele>1595</ele>
        <time>2026-09-27T13:37:52Z</time>
      </trkpt>
      <trkpt lat="33.9669502" lon="-111.5059944"><ele>1595</ele>
        <time>2026-09-27T13:37:58Z</time>
      </trkpt>
      <trkpt lat="33.9670239" lon="-111.5059499"><ele>1593</ele>
        <time>2026-09-27T13:38:04Z</time>
      </trkpt>
      <trkpt lat="33.9671093" lon="-111.5059524"><ele>1592</ele>
        <time>2026-09-27T13:38:10Z</time>
      </trkpt>
      <trkpt lat="33.9671419" lon="-111.5059332"><ele>1592</ele>
        <time>2026-09-27T13:38:13Z</time>
      </trkpt>
      <trkpt lat="33.9671998" lon="-111.5058657"><ele>1591</ele>
        <time>2026-09-27T13:38:19Z</time>
      </trkpt>
      <trkpt lat="33.9672733" lon="-111.5058113"><ele>1591</ele>
        <time>2026-09-27T13:38:25Z</time>
      </trkpt>
      <trkpt lat="33.967291" lon="-111.5057677"><ele>1590</ele>
        <time>2026-09-27T13:38:28Z</time>
      </trkpt>
      <trkpt lat="33.9672941" lon="-111.5057144"><ele>1589</ele>
        <time>2026-09-27T13:38:31Z</time>
      </trkpt>
      <trkpt lat="33.9673138" lon="-111.5056748"><ele>1589</ele>
        <time>2026-09-27T13:38:34Z</time>
      </trkpt>
      <trkpt lat="33.9674598" lon="-111.5054555"><ele>1586</ele>
        <time>2026-09-27T13:38:57Z</time>
      </trkpt>
      <trkpt lat="33.9674763" lon="-111.5054102"><ele>1585</ele>
        <time>2026-09-27T13:39:01Z</time>
      </trkpt>
      <trkpt lat="33.9675084" lon="-111.5053893"><ele>1585</ele>
        <time>2026-09-27T13:39:06Z</time>
      </trkpt>
      <trkpt lat="33.9675437" lon="-111.5054006"><ele>1583</ele>
        <time>2026-09-27T13:39:10Z</time>
      </trkpt>
      <trkpt lat="33.9676674" lon="-111.5053639"><ele>1581</ele>
        <time>2026-09-27T13:39:39Z</time>
      </trkpt>
      <trkpt lat="33.967716" lon="-111.5054022"><ele>1580</ele>
        <time>2026-09-27T13:39:47Z</time>
      </trkpt>
      <trkpt lat="33.9677521" lon="-111.505451"><ele>1579</ele>
        <time>2026-09-27T13:39:53Z</time>
      </trkpt>
      <trkpt lat="33.967801" lon="-111.5054864"><ele>1577</ele>
        <time>2026-09-27T13:39:58Z</time>
      </trkpt>
      <trkpt lat="33.9679506" lon="-111.5054949"><ele>1576</ele>
        <time>2026-09-27T13:40:13Z</time>
      </trkpt>
      <trkpt lat="33.9680352" lon="-111.5054458"><ele>1572</ele>
        <time>2026-09-27T13:40:20Z</time>
      </trkpt>
      <trkpt lat="33.9680601" lon="-111.5054093"><ele>1573</ele>
        <time>2026-09-27T13:40:23Z</time>
      </trkpt>
      <trkpt lat="33.9681058" lon="-111.5054044"><ele>1572</ele>
        <time>2026-09-27T13:40:27Z</time>
      </trkpt>
      <trkpt lat="33.9681591" lon="-111.5053217"><ele>1570</ele>
        <time>2026-09-27T13:40:35Z</time>
      </trkpt>
      <trkpt lat="33.9681972" lon="-111.5053462"><ele>1570</ele>
        <time>2026-09-27T13:40:41Z</time>
      </trkpt>
      <trkpt lat="33.9682002" lon="-111.5053923"><ele>1568</ele>
        <time>2026-09-27T13:40:45Z</time>
      </trkpt>
      <trkpt lat="33.968152" lon="-111.5055387"><ele>1567</ele>
        <time>2026-09-27T13:40:55Z</time>
      </trkpt>
      <trkpt lat="33.9681494" lon="-111.5055901"><ele>1565</ele>
        <time>2026-09-27T13:40:58Z</time>
      </trkpt>
      <trkpt lat="33.9681263" lon="-111.5056459"><ele>1564</ele>
        <time>2026-09-27T13:41:02Z</time>
      </trkpt>
      <trkpt lat="33.967974" lon="-111.5057243"><ele>1560</ele>
        <time>2026-09-27T13:41:18Z</time>
      </trkpt>
      <trkpt lat="33.9679626" lon="-111.5057747"><ele>1559</ele>
        <time>2026-09-27T13:41:22Z</time>
      </trkpt>
      <trkpt lat="33.9680716" lon="-111.5059978"><ele>1557</ele>
        <time>2026-09-27T13:41:43Z</time>
      </trkpt>
      <trkpt lat="33.9681112" lon="-111.5060198"><ele>1555</ele>
        <time>2026-09-27T13:41:47Z</time>
      </trkpt>
      <trkpt lat="33.9681367" lon="-111.50605"><ele>1553</ele>
        <time>2026-09-27T13:41:51Z</time>
      </trkpt>
      <trkpt lat="33.9681723" lon="-111.5060578"><ele>1551</ele>
        <time>2026-09-27T13:41:56Z</time>
      </trkpt>
      <trkpt lat="33.9682743" lon="-111.5061137"><ele>1549</ele>
        <time>2026-09-27T13:42:09Z</time>
      </trkpt>
      <trkpt lat="33.9683914" lon="-111.5061448"><ele>1545</ele>
        <time>2026-09-27T13:42:22Z</time>
      </trkpt>
      <trkpt lat="33.9684285" lon="-111.5061709"><ele>1545</ele>
        <time>2026-09-27T13:42:26Z</time>
      </trkpt>
      <trkpt lat="33.968446" lon="-111.5062191"><ele>1543</ele>
        <time>2026-09-27T13:42:30Z</time>
      </trkpt>
      <trkpt lat="33.9684339" lon="-111.5062644"><ele>1541</ele>
        <time>2026-09-27T13:42:34Z</time>
      </trkpt>
      <trkpt lat="33.9683364" lon="-111.5063555"><ele>1540</ele>
        <time>2026-09-27T13:42:46Z</time>
      </trkpt>
      <trkpt lat="33.9683137" lon="-111.5063992"><ele>1538</ele>
        <time>2026-09-27T13:42:51Z</time>
      </trkpt>
      <trkpt lat="33.9683918" lon="-111.5065197"><ele>1536</ele>
        <time>2026-09-27T13:43:04Z</time>
      </trkpt>
      <trkpt lat="33.9684337" lon="-111.5066082"><ele>1533</ele>
        <time>2026-09-27T13:43:12Z</time>
      </trkpt>
      <trkpt lat="33.9684412" lon="-111.5066521"><ele>1532</ele>
        <time>2026-09-27T13:43:16Z</time>
      </trkpt>
      <trkpt lat="33.9684705" lon="-111.5066858"><ele>1532</ele>
        <time>2026-09-27T13:43:23Z</time>
      </trkpt>
      <trkpt lat="33.9685406" lon="-111.5067238"><ele>1529</ele>
        <time>2026-09-27T13:43:29Z</time>
      </trkpt>
      <trkpt lat="33.9685871" lon="-111.5068096"><ele>1528</ele>
        <time>2026-09-27T13:43:35Z</time>
      </trkpt>
      <trkpt lat="33.9685917" lon="-111.5068562"><ele>1527</ele>
        <time>2026-09-27T13:43:40Z</time>
      </trkpt>
      <trkpt lat="33.9685122" lon="-111.5068269"><ele>1526</ele>
        <time>2026-09-27T13:43:50Z</time>
      </trkpt>
      <trkpt lat="33.9684927" lon="-111.5068826"><ele>1526</ele>
        <time>2026-09-27T13:43:54Z</time>
      </trkpt>
      <trkpt lat="33.9684814" lon="-111.5070288"><ele>1521</ele>
        <time>2026-09-27T13:44:09Z</time>
      </trkpt>
      <trkpt lat="33.9685241" lon="-111.5070282"><ele>1521</ele>
        <time>2026-09-27T13:44:15Z</time>
      </trkpt>
      <trkpt lat="33.9685896" lon="-111.5070995"><ele>1519</ele>
        <time>2026-09-27T13:44:24Z</time>
      </trkpt>
      <trkpt lat="33.9686426" lon="-111.5071323"><ele>1517</ele>
        <time>2026-09-27T13:44:30Z</time>
      </trkpt>
      <trkpt lat="33.9686892" lon="-111.5071469"><ele>1515</ele>
        <time>2026-09-27T13:44:36Z</time>
      </trkpt>
      <trkpt lat="33.9686529" lon="-111.5071807"><ele>1514</ele>
        <time>2026-09-27T13:44:46Z</time>
      </trkpt>
      <trkpt lat="33.9685998" lon="-111.5071885"><ele>1514</ele>
        <time>2026-09-27T13:44:51Z</time>
      </trkpt>
      <trkpt lat="33.9685841" lon="-111.5072407"><ele>1512</ele>
        <time>2026-09-27T13:44:55Z</time>
      </trkpt>
      <trkpt lat="33.9686791" lon="-111.5075225"><ele>1509</ele>
        <time>2026-09-27T13:45:18Z</time>
      </trkpt>
      <trkpt lat="33.968692" lon="-111.5076956"><ele>1507</ele>
        <time>2026-09-27T13:45:30Z</time>
      </trkpt>
      <trkpt lat="33.9686825" lon="-111.5077667"><ele>1509</ele>
        <time>2026-09-27T13:45:35Z</time>
      </trkpt>
      <trkpt lat="33.9687705" lon="-111.5080537"><ele>1502</ele>
        <time>2026-09-27T13:46:01Z</time>
      </trkpt>
      <trkpt lat="33.9688184" lon="-111.5080724"><ele>1502</ele>
        <time>2026-09-27T13:46:05Z</time>
      </trkpt>
      <trkpt lat="33.9688737" lon="-111.5081101"><ele>1502</ele>
        <time>2026-09-27T13:46:15Z</time>
      </trkpt>
      <trkpt lat="33.9689806" lon="-111.5081379"><ele>1500</ele>
        <time>2026-09-27T13:50:10Z</time>
      </trkpt>
      <trkpt lat="33.9692732" lon="-111.5082115"><ele>1499</ele>
        <time>2026-09-27T13:50:39Z</time>
      </trkpt>
      <trkpt lat="33.9693503" lon="-111.5082113"><ele>1499</ele>
        <time>2026-09-27T13:50:45Z</time>
      </trkpt>
      <trkpt lat="33.9694131" lon="-111.5082336"><ele>1499</ele>
        <time>2026-09-27T13:50:51Z</time>
      </trkpt>
      <trkpt lat="33.9694778" lon="-111.5082328"><ele>1499</ele>
        <time>2026-09-27T13:50:56Z</time>
      </trkpt>
      <trkpt lat="33.969529" lon="-111.5082528"><ele>1499</ele>
        <time>2026-09-27T13:51:00Z</time>
      </trkpt>
      <trkpt lat="33.9697551" lon="-111.5083907"><ele>1499</ele>
        <time>2026-09-27T13:52:03Z</time>
      </trkpt>
      <trkpt lat="33.9698299" lon="-111.5084964"><ele>1499</ele>
        <time>2026-09-27T13:52:13Z</time>
      </trkpt>
      <trkpt lat="33.9699912" lon="-111.5086086"><ele>1499</ele>
        <time>2026-09-27T13:52:27Z</time>
      </trkpt>
      <trkpt lat="33.9700346" lon="-111.508671"><ele>1500</ele>
        <time>2026-09-27T13:52:35Z</time>
      </trkpt>
      <trkpt lat="33.9700534" lon="-111.5087348"><ele>1500</ele>
        <time>2026-09-27T13:52:41Z</time>
      </trkpt>
      <trkpt lat="33.9700982" lon="-111.5087867"><ele>1500</ele>
        <time>2026-09-27T13:52:47Z</time>
      </trkpt>
      <trkpt lat="33.9701214" lon="-111.5088452"><ele>1500</ele>
        <time>2026-09-27T13:52:53Z</time>
      </trkpt>
      <trkpt lat="33.9701733" lon="-111.5088828"><ele>1501</ele>
        <time>2026-09-27T13:52:58Z</time>
      </trkpt>
      <trkpt lat="33.9702155" lon="-111.5089311"><ele>1501</ele>
        <time>2026-09-27T13:53:02Z</time>
      </trkpt>
      <trkpt lat="33.9702502" lon="-111.5089932"><ele>1502</ele>
        <time>2026-09-27T13:53:06Z</time>
      </trkpt>
      <trkpt lat="33.9702553" lon="-111.5090633"><ele>1502</ele>
        <time>2026-09-27T13:53:11Z</time>
      </trkpt>
      <trkpt lat="33.9702765" lon="-111.509113"><ele>1503</ele>
        <time>2026-09-27T13:53:17Z</time>
      </trkpt>
      <trkpt lat="33.9702963" lon="-111.5092177"><ele>1503</ele>
        <time>2026-09-27T13:53:25Z</time>
      </trkpt>
      <trkpt lat="33.9703211" lon="-111.5092596"><ele>1503</ele>
        <time>2026-09-27T13:53:28Z</time>
      </trkpt>
      <trkpt lat="33.9703068" lon="-111.5093173"><ele>1504</ele>
        <time>2026-09-27T13:53:32Z</time>
      </trkpt>
      <trkpt lat="33.9703118" lon="-111.5093741"><ele>1504</ele>
        <time>2026-09-27T13:53:36Z</time>
      </trkpt>
      <trkpt lat="33.9703317" lon="-111.5094274"><ele>1504</ele>
        <time>2026-09-27T13:53:40Z</time>
      </trkpt>
      <trkpt lat="33.9703243" lon="-111.5094774"><ele>1504</ele>
        <time>2026-09-27T13:53:43Z</time>
      </trkpt>
      <trkpt lat="33.9703528" lon="-111.5096357"><ele>1505</ele>
        <time>2026-09-27T13:53:56Z</time>
      </trkpt>
      <trkpt lat="33.9703873" lon="-111.509726"><ele>1505</ele>
        <time>2026-09-27T13:54:02Z</time>
      </trkpt>
      <trkpt lat="33.9703815" lon="-111.5097738"><ele>1505</ele>
        <time>2026-09-27T13:54:06Z</time>
      </trkpt>
      <trkpt lat="33.9704075" lon="-111.50989"><ele>1506</ele>
        <time>2026-09-27T13:54:14Z</time>
      </trkpt>
      <trkpt lat="33.9704083" lon="-111.5099453"><ele>1506</ele>
        <time>2026-09-27T13:54:18Z</time>
      </trkpt>
      <trkpt lat="33.9704311" lon="-111.5099899"><ele>1505</ele>
        <time>2026-09-27T13:54:21Z</time>
      </trkpt>
      <trkpt lat="33.9704318" lon="-111.5100521"><ele>1505</ele>
        <time>2026-09-27T13:54:25Z</time>
      </trkpt>
      <trkpt lat="33.9704545" lon="-111.5101076"><ele>1505</ele>
        <time>2026-09-27T13:54:29Z</time>
      </trkpt>
      <trkpt lat="33.9704377" lon="-111.5103185"><ele>1506</ele>
        <time>2026-09-27T13:54:45Z</time>
      </trkpt>
      <trkpt lat="33.9704142" lon="-111.5104146"><ele>1506</ele>
        <time>2026-09-27T13:54:53Z</time>
      </trkpt>
      <trkpt lat="33.970398" lon="-111.5105619"><ele>1506</ele>
        <time>2026-09-27T13:55:02Z</time>
      </trkpt>
      <trkpt lat="33.9703987" lon="-111.5106629"><ele>1506</ele>
        <time>2026-09-27T13:55:10Z</time>
      </trkpt>
      <trkpt lat="33.970435" lon="-111.5106865"><ele>1506</ele>
        <time>2026-09-27T13:55:16Z</time>
      </trkpt>
      <trkpt lat="33.970479" lon="-111.510887"><ele>1508</ele>
        <time>2026-09-27T13:55:35Z</time>
      </trkpt>
      <trkpt lat="33.9705" lon="-111.5109432"><ele>1508</ele>
        <time>2026-09-27T13:55:40Z</time>
      </trkpt>
      <trkpt lat="33.9704745" lon="-111.5109941"><ele>1508</ele>
        <time>2026-09-27T13:55:44Z</time>
      </trkpt>
      <trkpt lat="33.9704423" lon="-111.5111057"><ele>1508</ele>
        <time>2026-09-27T13:55:52Z</time>
      </trkpt>
      <trkpt lat="33.9704548" lon="-111.5111557"><ele>1512</ele>
        <time>2026-09-27T13:55:58Z</time>
      </trkpt>
      <trkpt lat="33.9704791" lon="-111.5112012"><ele>1511</ele>
        <time>2026-09-27T13:56:03Z</time>
      </trkpt>
      <trkpt lat="33.9704628" lon="-111.511251"><ele>1511</ele>
        <time>2026-09-27T13:56:07Z</time>
      </trkpt>
      <trkpt lat="33.9704286" lon="-111.5112763"><ele>1511</ele>
        <time>2026-09-27T13:56:11Z</time>
      </trkpt>
      <trkpt lat="33.970386" lon="-111.511383"><ele>1511</ele>
        <time>2026-09-27T13:56:19Z</time>
      </trkpt>
      <trkpt lat="33.9703513" lon="-111.5114875"><ele>1510</ele>
        <time>2026-09-27T13:56:26Z</time>
      </trkpt>
      <trkpt lat="33.9703589" lon="-111.5115383"><ele>1511</ele>
        <time>2026-09-27T13:56:29Z</time>
      </trkpt>
      <trkpt lat="33.9703333" lon="-111.5115873"><ele>1511</ele>
        <time>2026-09-27T13:56:33Z</time>
      </trkpt>
      <trkpt lat="33.9703305" lon="-111.5116408"><ele>1511</ele>
        <time>2026-09-27T13:56:37Z</time>
      </trkpt>
      <trkpt lat="33.9703546" lon="-111.5117889"><ele>1511</ele>
        <time>2026-09-27T13:56:48Z</time>
      </trkpt>
      <trkpt lat="33.9703364" lon="-111.5118282"><ele>1511</ele>
        <time>2026-09-27T13:56:54Z</time>
      </trkpt>
      <trkpt lat="33.9703034" lon="-111.5118474"><ele>1511</ele>
        <time>2026-09-27T13:56:59Z</time>
      </trkpt>
      <trkpt lat="33.9703535" lon="-111.5118277"><ele>1511</ele>
        <time>2026-09-27T13:57:13Z</time>
      </trkpt>
      <trkpt lat="33.9703811" lon="-111.5118853"><ele>1511</ele>
        <time>2026-09-27T13:57:20Z</time>
      </trkpt>
      <trkpt lat="33.9705597" lon="-111.5121165"><ele>1515</ele>
        <time>2026-09-27T13:58:12Z</time>
      </trkpt>
      <trkpt lat="33.9706864" lon="-111.5121816"><ele>1516</ele>
        <time>2026-09-27T13:58:32Z</time>
      </trkpt>
      <trkpt lat="33.9707209" lon="-111.5122457"><ele>1517</ele>
        <time>2026-09-27T13:58:39Z</time>
      </trkpt>
      <trkpt lat="33.970777" lon="-111.5122935"><ele>1518</ele>
        <time>2026-09-27T13:58:46Z</time>
      </trkpt>
      <trkpt lat="33.9708024" lon="-111.5125541"><ele>1519</ele>
        <time>2026-09-27T13:59:07Z</time>
      </trkpt>
      <trkpt lat="33.9707949" lon="-111.5126057"><ele>1520</ele>
        <time>2026-09-27T13:59:11Z</time>
      </trkpt>
      <trkpt lat="33.9708057" lon="-111.5126579"><ele>1520</ele>
        <time>2026-09-27T13:59:16Z</time>
      </trkpt>
      <trkpt lat="33.9707911" lon="-111.5127087"><ele>1520</ele>
        <time>2026-09-27T13:59:20Z</time>
      </trkpt>
      <trkpt lat="33.9707957" lon="-111.5127631"><ele>1521</ele>
        <time>2026-09-27T13:59:25Z</time>
      </trkpt>
      <trkpt lat="33.9708562" lon="-111.5129011"><ele>1523</ele>
        <time>2026-09-27T13:59:37Z</time>
      </trkpt>
      <trkpt lat="33.970848" lon="-111.5129453"><ele>1523</ele>
        <time>2026-09-27T13:59:41Z</time>
      </trkpt>
      <trkpt lat="33.9708594" lon="-111.5130433"><ele>1524</ele>
        <time>2026-09-27T13:59:49Z</time>
      </trkpt>
      <trkpt lat="33.9708451" lon="-111.5130831"><ele>1524</ele>
        <time>2026-09-27T13:59:53Z</time>
      </trkpt>
      <trkpt lat="33.9707848" lon="-111.51317"><ele>1525</ele>
        <time>2026-09-27T14:00:04Z</time>
      </trkpt>
      <trkpt lat="33.9707256" lon="-111.5133039"><ele>1525</ele>
        <time>2026-09-27T14:00:17Z</time>
      </trkpt>
      <trkpt lat="33.9707086" lon="-111.5133992"><ele>1526</ele>
        <time>2026-09-27T14:00:24Z</time>
      </trkpt>
      <trkpt lat="33.9706698" lon="-111.5134912"><ele>1526</ele>
        <time>2026-09-27T14:00:32Z</time>
      </trkpt>
      <trkpt lat="33.9705581" lon="-111.5136241"><ele>1527</ele>
        <time>2026-09-27T14:00:45Z</time>
      </trkpt>
      <trkpt lat="33.9705522" lon="-111.5136719"><ele>1527</ele>
        <time>2026-09-27T14:00:50Z</time>
      </trkpt>
      <trkpt lat="33.9704519" lon="-111.5139323"><ele>1529</ele>
        <time>2026-09-27T14:01:11Z</time>
      </trkpt>
      <trkpt lat="33.9704505" lon="-111.5140271"><ele>1529</ele>
        <time>2026-09-27T14:01:19Z</time>
      </trkpt>
      <trkpt lat="33.9704288" lon="-111.5141152"><ele>1530</ele>
        <time>2026-09-27T14:01:29Z</time>
      </trkpt>
      <trkpt lat="33.9704274" lon="-111.5141605"><ele>1531</ele>
        <time>2026-09-27T14:01:33Z</time>
      </trkpt>
      <trkpt lat="33.9704055" lon="-111.5142124"><ele>1531</ele>
        <time>2026-09-27T14:01:38Z</time>
      </trkpt>
      <trkpt lat="33.9704082" lon="-111.5142626"><ele>1531</ele>
        <time>2026-09-27T14:01:42Z</time>
      </trkpt>
      <trkpt lat="33.9704338" lon="-111.5143047"><ele>1531</ele>
        <time>2026-09-27T14:01:47Z</time>
      </trkpt>
      <trkpt lat="33.9704316" lon="-111.5144445"><ele>1533</ele>
        <time>2026-09-27T14:02:17Z</time>
      </trkpt>
      <trkpt lat="33.9704004" lon="-111.514584"><ele>1534</ele>
        <time>2026-09-27T14:02:29Z</time>
      </trkpt>
      <trkpt lat="33.9704746" lon="-111.514672"><ele>1535</ele>
        <time>2026-09-27T14:02:39Z</time>
      </trkpt>
      <trkpt lat="33.970523" lon="-111.5147826"><ele>1535</ele>
        <time>2026-09-27T14:02:47Z</time>
      </trkpt>
      <trkpt lat="33.9705327" lon="-111.5148311"><ele>1535</ele>
        <time>2026-09-27T14:02:50Z</time>
      </trkpt>
      <trkpt lat="33.970525" lon="-111.5149808"><ele>1536</ele>
        <time>2026-09-27T14:03:06Z</time>
      </trkpt>
      <trkpt lat="33.97049" lon="-111.5150081"><ele>1537</ele>
        <time>2026-09-27T14:03:09Z</time>
      </trkpt>
      <trkpt lat="33.9704037" lon="-111.5150428"><ele>1538</ele>
        <time>2026-09-27T14:03:21Z</time>
      </trkpt>
      <trkpt lat="33.9703856" lon="-111.5150924"><ele>1538</ele>
        <time>2026-09-27T14:03:27Z</time>
      </trkpt>
      <trkpt lat="33.9704293" lon="-111.5152267"><ele>1539</ele>
        <time>2026-09-27T14:03:48Z</time>
      </trkpt>
      <trkpt lat="33.9704548" lon="-111.5154107"><ele>1542</ele>
        <time>2026-09-27T14:04:02Z</time>
      </trkpt>
      <trkpt lat="33.9704567" lon="-111.5155759"><ele>1542</ele>
        <time>2026-09-27T14:04:21Z</time>
      </trkpt>
      <trkpt lat="33.9704772" lon="-111.5156292"><ele>1542</ele>
        <time>2026-09-27T14:04:26Z</time>
      </trkpt>
      <trkpt lat="33.9704837" lon="-111.5157497"><ele>1543</ele>
        <time>2026-09-27T14:04:37Z</time>
      </trkpt>
      <trkpt lat="33.9704972" lon="-111.5158015"><ele>1546</ele>
        <time>2026-09-27T14:04:42Z</time>
      </trkpt>
      <trkpt lat="33.9704743" lon="-111.515863"><ele>1546</ele>
        <time>2026-09-27T14:04:48Z</time>
      </trkpt>
      <trkpt lat="33.9704148" lon="-111.5163028"><ele>1549</ele>
        <time>2026-09-27T14:05:27Z</time>
      </trkpt>
      <trkpt lat="33.9703957" lon="-111.5163736"><ele>1550</ele>
        <time>2026-09-27T14:05:33Z</time>
      </trkpt>
      <trkpt lat="33.9703957" lon="-111.5164927"><ele>1551</ele>
        <time>2026-09-27T14:05:43Z</time>
      </trkpt>
      <trkpt lat="33.9703741" lon="-111.5165464"><ele>1552</ele>
        <time>2026-09-27T14:05:50Z</time>
      </trkpt>
      <trkpt lat="33.9703422" lon="-111.516591"><ele>1553</ele>
        <time>2026-09-27T14:05:57Z</time>
      </trkpt>
      <trkpt lat="33.9703192" lon="-111.5166551"><ele>1553</ele>
        <time>2026-09-27T14:06:05Z</time>
      </trkpt>
      <trkpt lat="33.9703208" lon="-111.5167253"><ele>1554</ele>
        <time>2026-09-27T14:06:11Z</time>
      </trkpt>
      <trkpt lat="33.9702904" lon="-111.5168674"><ele>1555</ele>
        <time>2026-09-27T14:06:26Z</time>
      </trkpt>
      <trkpt lat="33.9702321" lon="-111.5169889"><ele>1555</ele>
        <time>2026-09-27T14:06:36Z</time>
      </trkpt>
      <trkpt lat="33.9702551" lon="-111.5171036"><ele>1556</ele>
        <time>2026-09-27T14:06:49Z</time>
      </trkpt>
      <trkpt lat="33.9702778" lon="-111.5171475"><ele>1556</ele>
        <time>2026-09-27T14:06:58Z</time>
      </trkpt>
      <trkpt lat="33.9703122" lon="-111.5172838"><ele>1557</ele>
        <time>2026-09-27T14:07:16Z</time>
      </trkpt>
      <trkpt lat="33.9703439" lon="-111.5173462"><ele>1557</ele>
        <time>2026-09-27T14:07:22Z</time>
      </trkpt>
      <trkpt lat="33.9703525" lon="-111.5174083"><ele>1558</ele>
        <time>2026-09-27T14:07:29Z</time>
      </trkpt>
      <trkpt lat="33.9703907" lon="-111.517478"><ele>1559</ele>
        <time>2026-09-27T14:07:46Z</time>
      </trkpt>
      <trkpt lat="33.9703599" lon="-111.5175493"><ele>1559</ele>
        <time>2026-09-27T14:07:56Z</time>
      </trkpt>
      <trkpt lat="33.9703542" lon="-111.5176222"><ele>1559</ele>
        <time>2026-09-27T14:08:01Z</time>
      </trkpt>
      <trkpt lat="33.9703865" lon="-111.5176834"><ele>1559</ele>
        <time>2026-09-27T14:08:06Z</time>
      </trkpt>
      <trkpt lat="33.9703974" lon="-111.517745"><ele>1559</ele>
        <time>2026-09-27T14:08:11Z</time>
      </trkpt>
      <trkpt lat="33.9703538" lon="-111.5179928"><ele>1560</ele>
        <time>2026-09-27T14:08:31Z</time>
      </trkpt>
      <trkpt lat="33.9703953" lon="-111.5182362"><ele>1560</ele>
        <time>2026-09-27T14:09:46Z</time>
      </trkpt>
      <trkpt lat="33.9703901" lon="-111.5183287"><ele>1560</ele>
        <time>2026-09-27T14:09:53Z</time>
      </trkpt>
      <trkpt lat="33.9703976" lon="-111.5184068"><ele>1560</ele>
        <time>2026-09-27T14:10:10Z</time>
      </trkpt>
      <trkpt lat="33.9704728" lon="-111.518504"><ele>1561</ele>
        <time>2026-09-27T14:10:28Z</time>
      </trkpt>
      <trkpt lat="33.9705355" lon="-111.5185004"><ele>1561</ele>
        <time>2026-09-27T14:10:38Z</time>
      </trkpt>
      <trkpt lat="33.9704753" lon="-111.5185193"><ele>1561</ele>
        <time>2026-09-27T14:10:49Z</time>
      </trkpt>
      <trkpt lat="33.9704477" lon="-111.5185759"><ele>1561</ele>
        <time>2026-09-27T14:10:56Z</time>
      </trkpt>
      <trkpt lat="33.9704415" lon="-111.5187045"><ele>1561</ele>
        <time>2026-09-27T14:11:06Z</time>
      </trkpt>
      <trkpt lat="33.9704769" lon="-111.5187513"><ele>1561</ele>
        <time>2026-09-27T14:11:11Z</time>
      </trkpt>
      <trkpt lat="33.970493" lon="-111.5188155"><ele>1561</ele>
        <time>2026-09-27T14:11:19Z</time>
      </trkpt>
      <trkpt lat="33.9704958" lon="-111.5188854"><ele>1561</ele>
        <time>2026-09-27T14:11:26Z</time>
      </trkpt>
      <trkpt lat="33.9704233" lon="-111.5190365"><ele>1562</ele>
        <time>2026-09-27T14:11:38Z</time>
      </trkpt>
      <trkpt lat="33.9703294" lon="-111.5191656"><ele>1562</ele>
        <time>2026-09-27T14:11:51Z</time>
      </trkpt>
      <trkpt lat="33.9703124" lon="-111.5192101"><ele>1562</ele>
        <time>2026-09-27T14:11:55Z</time>
      </trkpt>
      <trkpt lat="33.9703494" lon="-111.5193157"><ele>1563</ele>
        <time>2026-09-27T14:12:07Z</time>
      </trkpt>
      <trkpt lat="33.9703835" lon="-111.5193358"><ele>1563</ele>
        <time>2026-09-27T14:12:11Z</time>
      </trkpt>
      <trkpt lat="33.9704257" lon="-111.5194761"><ele>1564</ele>
        <time>2026-09-27T14:12:21Z</time>
      </trkpt>
      <trkpt lat="33.9704236" lon="-111.5195225"><ele>1564</ele>
        <time>2026-09-27T14:12:24Z</time>
      </trkpt>
      <trkpt lat="33.9703919" lon="-111.5195505"><ele>1564</ele>
        <time>2026-09-27T14:12:28Z</time>
      </trkpt>
      <trkpt lat="33.9704015" lon="-111.5195967"><ele>1565</ele>
        <time>2026-09-27T14:12:41Z</time>
      </trkpt>
      <trkpt lat="33.9703997" lon="-111.5197457"><ele>1566</ele>
        <time>2026-09-27T14:12:52Z</time>
      </trkpt>
      <trkpt lat="33.9704171" lon="-111.5197937"><ele>1566</ele>
        <time>2026-09-27T14:12:56Z</time>
      </trkpt>
      <trkpt lat="33.9705367" lon="-111.5199929"><ele>1567</ele>
        <time>2026-09-27T14:13:13Z</time>
      </trkpt>
      <trkpt lat="33.9705781" lon="-111.5201778"><ele>1569</ele>
        <time>2026-09-27T14:13:29Z</time>
      </trkpt>
      <trkpt lat="33.9705995" lon="-111.5202144"><ele>1568</ele>
        <time>2026-09-27T14:13:32Z</time>
      </trkpt>
      <trkpt lat="33.9706341" lon="-111.5203541"><ele>1569</ele>
        <time>2026-09-27T14:13:45Z</time>
      </trkpt>
      <trkpt lat="33.9706269" lon="-111.520406"><ele>1569</ele>
        <time>2026-09-27T14:13:49Z</time>
      </trkpt>
      <trkpt lat="33.9706079" lon="-111.5204407"><ele>1569</ele>
        <time>2026-09-27T14:13:52Z</time>
      </trkpt>
      <trkpt lat="33.9706147" lon="-111.5204859"><ele>1570</ele>
        <time>2026-09-27T14:13:57Z</time>
      </trkpt>
      <trkpt lat="33.9705982" lon="-111.5205288"><ele>1570</ele>
        <time>2026-09-27T14:14:01Z</time>
      </trkpt>
      <trkpt lat="33.9705474" lon="-111.5208042"><ele>1572</ele>
        <time>2026-09-27T14:14:28Z</time>
      </trkpt>
      <trkpt lat="33.9704821" lon="-111.5208468"><ele>1573</ele>
        <time>2026-09-27T14:14:57Z</time>
      </trkpt>
      <trkpt lat="33.9704516" lon="-111.5209386"><ele>1573</ele>
        <time>2026-09-27T14:15:06Z</time>
      </trkpt>
      <trkpt lat="33.9704421" lon="-111.5211345"><ele>1574</ele>
        <time>2026-09-27T14:15:27Z</time>
      </trkpt>
      <trkpt lat="33.9704168" lon="-111.5211947"><ele>1573</ele>
        <time>2026-09-27T14:15:32Z</time>
      </trkpt>
      <trkpt lat="33.970431" lon="-111.5212539"><ele>1574</ele>
        <time>2026-09-27T14:15:36Z</time>
      </trkpt>
      <trkpt lat="33.9704279" lon="-111.5213173"><ele>1574</ele>
        <time>2026-09-27T14:15:40Z</time>
      </trkpt>
      <trkpt lat="33.9704518" lon="-111.5213654"><ele>1574</ele>
        <time>2026-09-27T14:15:45Z</time>
      </trkpt>
      <trkpt lat="33.9704633" lon="-111.5214675"><ele>1575</ele>
        <time>2026-09-27T14:15:54Z</time>
      </trkpt>
      <trkpt lat="33.9704544" lon="-111.5215188"><ele>1575</ele>
        <time>2026-09-27T14:16:00Z</time>
      </trkpt>
      <trkpt lat="33.9704274" lon="-111.5215647"><ele>1576</ele>
        <time>2026-09-27T14:16:04Z</time>
      </trkpt>
      <trkpt lat="33.9703928" lon="-111.5215944"><ele>1576</ele>
        <time>2026-09-27T14:16:09Z</time>
      </trkpt>
      <trkpt lat="33.9703566" lon="-111.5216156"><ele>1576</ele>
        <time>2026-09-27T14:16:14Z</time>
      </trkpt>
      <trkpt lat="33.9703115" lon="-111.5216146"><ele>1576</ele>
        <time>2026-09-27T14:16:27Z</time>
      </trkpt>
      <trkpt lat="33.970263" lon="-111.5216437"><ele>1577</ele>
        <time>2026-09-27T14:16:34Z</time>
      </trkpt>
      <trkpt lat="33.9702554" lon="-111.5217042"><ele>1577</ele>
        <time>2026-09-27T14:16:40Z</time>
      </trkpt>
      <trkpt lat="33.9701952" lon="-111.5217176"><ele>1578</ele>
        <time>2026-09-27T14:16:56Z</time>
      </trkpt>
      <trkpt lat="33.9701608" lon="-111.5217876"><ele>1578</ele>
        <time>2026-09-27T14:17:11Z</time>
      </trkpt>
      <trkpt lat="33.9701678" lon="-111.5218559"><ele>1580</ele>
        <time>2026-09-27T14:17:50Z</time>
      </trkpt>
      <trkpt lat="33.9701575" lon="-111.52194"><ele>1581</ele>
        <time>2026-09-27T14:17:59Z</time>
      </trkpt>
      <trkpt lat="33.9700655" lon="-111.5220267"><ele>1580</ele>
        <time>2026-09-27T14:18:19Z</time>
      </trkpt>
      <trkpt lat="33.9700523" lon="-111.5220951"><ele>1581</ele>
        <time>2026-09-27T14:18:26Z</time>
      </trkpt>
      <trkpt lat="33.9700732" lon="-111.5221429"><ele>1582</ele>
        <time>2026-09-27T14:18:33Z</time>
      </trkpt>
      <trkpt lat="33.9700601" lon="-111.5221976"><ele>1583</ele>
        <time>2026-09-27T14:18:38Z</time>
      </trkpt>
      <trkpt lat="33.9700609" lon="-111.5222455"><ele>1584</ele>
        <time>2026-09-27T14:18:47Z</time>
      </trkpt>
      <trkpt lat="33.9701196" lon="-111.5223018"><ele>1585</ele>
        <time>2026-09-27T14:18:59Z</time>
      </trkpt>
      <trkpt lat="33.9701295" lon="-111.522568"><ele>1591</ele>
        <time>2026-09-27T14:19:58Z</time>
      </trkpt>
      <trkpt lat="33.9701688" lon="-111.5226986"><ele>1592</ele>
        <time>2026-09-27T14:20:18Z</time>
      </trkpt>
      <trkpt lat="33.9701583" lon="-111.5227526"><ele>1593</ele>
        <time>2026-09-27T14:20:23Z</time>
      </trkpt>
      <trkpt lat="33.9701622" lon="-111.5228119"><ele>1594</ele>
        <time>2026-09-27T14:20:35Z</time>
      </trkpt>
      <trkpt lat="33.9701498" lon="-111.522877"><ele>1596</ele>
        <time>2026-09-27T14:20:43Z</time>
      </trkpt>
      <trkpt lat="33.97012" lon="-111.5229322"><ele>1597</ele>
        <time>2026-09-27T14:20:52Z</time>
      </trkpt>
      <trkpt lat="33.9701207" lon="-111.5229957"><ele>1598</ele>
        <time>2026-09-27T14:20:57Z</time>
      </trkpt>
      <trkpt lat="33.9700903" lon="-111.5230357"><ele>1599</ele>
        <time>2026-09-27T14:21:02Z</time>
      </trkpt>
      <trkpt lat="33.9700554" lon="-111.5230622"><ele>1601</ele>
        <time>2026-09-27T14:21:08Z</time>
      </trkpt>
      <trkpt lat="33.9700191" lon="-111.5230743"><ele>1601</ele>
        <time>2026-09-27T14:21:12Z</time>
      </trkpt>
      <trkpt lat="33.9699988" lon="-111.5231177"><ele>1601</ele>
        <time>2026-09-27T14:21:26Z</time>
      </trkpt>
      <trkpt lat="33.9699934" lon="-111.5231912"><ele>1602</ele>
        <time>2026-09-27T14:21:33Z</time>
      </trkpt>
      <trkpt lat="33.9699127" lon="-111.5232155"><ele>1602</ele>
        <time>2026-09-27T14:21:42Z</time>
      </trkpt>
      <trkpt lat="33.9697974" lon="-111.5232334"><ele>1605</ele>
        <time>2026-09-27T14:21:55Z</time>
      </trkpt>
      <trkpt lat="33.969769" lon="-111.5233046"><ele>1607</ele>
        <time>2026-09-27T14:22:25Z</time>
      </trkpt>
      <trkpt lat="33.9697122" lon="-111.523341"><ele>1608</ele>
        <time>2026-09-27T14:22:33Z</time>
      </trkpt>
      <trkpt lat="33.9696896" lon="-111.5234091"><ele>1608</ele>
        <time>2026-09-27T14:22:38Z</time>
      </trkpt>
      <trkpt lat="33.9696335" lon="-111.5235182"><ele>1609</ele>
        <time>2026-09-27T14:22:47Z</time>
      </trkpt>
      <trkpt lat="33.9695569" lon="-111.523581"><ele>1610</ele>
        <time>2026-09-27T14:22:56Z</time>
      </trkpt>
      <trkpt lat="33.9694671" lon="-111.5235968"><ele>1613</ele>
        <time>2026-09-27T14:23:05Z</time>
      </trkpt>
      <trkpt lat="33.9693867" lon="-111.5236996"><ele>1614</ele>
        <time>2026-09-27T14:23:16Z</time>
      </trkpt>
      <trkpt lat="33.9693075" lon="-111.523719"><ele>1616</ele>
        <time>2026-09-27T14:23:25Z</time>
      </trkpt>
      <trkpt lat="33.9692744" lon="-111.5237401"><ele>1616</ele>
        <time>2026-09-27T14:23:30Z</time>
      </trkpt>
      <trkpt lat="33.9692466" lon="-111.5237778"><ele>1616</ele>
        <time>2026-09-27T14:23:35Z</time>
      </trkpt>
      <trkpt lat="33.969237" lon="-111.5238326"><ele>1616</ele>
        <time>2026-09-27T14:23:40Z</time>
      </trkpt>
      <trkpt lat="33.969192" lon="-111.5238623"><ele>1616</ele>
        <time>2026-09-27T14:23:46Z</time>
      </trkpt>
      <trkpt lat="33.969164" lon="-111.5239152"><ele>1617</ele>
        <time>2026-09-27T14:23:51Z</time>
      </trkpt>
      <trkpt lat="33.9691534" lon="-111.5239719"><ele>1618</ele>
        <time>2026-09-27T14:23:56Z</time>
      </trkpt>
      <trkpt lat="33.9691212" lon="-111.5240244"><ele>1618</ele>
        <time>2026-09-27T14:24:01Z</time>
      </trkpt>
      <trkpt lat="33.9690835" lon="-111.5241383"><ele>1620</ele>
        <time>2026-09-27T14:24:11Z</time>
      </trkpt>
      <trkpt lat="33.9690597" lon="-111.5241793"><ele>1620</ele>
        <time>2026-09-27T14:24:15Z</time>
      </trkpt>
      <trkpt lat="33.9690633" lon="-111.5242272"><ele>1620</ele>
        <time>2026-09-27T14:24:18Z</time>
      </trkpt>
      <trkpt lat="33.9690207" lon="-111.524313"><ele>1620</ele>
        <time>2026-09-27T14:24:25Z</time>
      </trkpt>
      <trkpt lat="33.9690155" lon="-111.5244196"><ele>1619</ele>
        <time>2026-09-27T14:24:33Z</time>
      </trkpt>
      <trkpt lat="33.9689967" lon="-111.5244662"><ele>1619</ele>
        <time>2026-09-27T14:24:38Z</time>
      </trkpt>
      <trkpt lat="33.9690108" lon="-111.5245136"><ele>1619</ele>
        <time>2026-09-27T14:24:42Z</time>
      </trkpt>
      <trkpt lat="33.9689859" lon="-111.5246049"><ele>1619</ele>
        <time>2026-09-27T14:24:49Z</time>
      </trkpt>
      <trkpt lat="33.9689891" lon="-111.5246565"><ele>1619</ele>
        <time>2026-09-27T14:24:52Z</time>
      </trkpt>
      <trkpt lat="33.9689558" lon="-111.5248456"><ele>1618</ele>
        <time>2026-09-27T14:25:07Z</time>
      </trkpt>
      <trkpt lat="33.9689594" lon="-111.5249534"><ele>1618</ele>
        <time>2026-09-27T14:25:17Z</time>
      </trkpt>
      <trkpt lat="33.968941" lon="-111.5249954"><ele>1618</ele>
        <time>2026-09-27T14:25:22Z</time>
      </trkpt>
      <trkpt lat="33.9689217" lon="-111.5251541"><ele>1617</ele>
        <time>2026-09-27T14:25:35Z</time>
      </trkpt>
      <trkpt lat="33.9688389" lon="-111.5252645"><ele>1616</ele>
        <time>2026-09-27T14:25:47Z</time>
      </trkpt>
      <trkpt lat="33.9687651" lon="-111.5253317"><ele>1615</ele>
        <time>2026-09-27T14:25:59Z</time>
      </trkpt>
      <trkpt lat="33.9687367" lon="-111.5253811"><ele>1615</ele>
        <time>2026-09-27T14:26:07Z</time>
      </trkpt>
      <trkpt lat="33.968754" lon="-111.525443"><ele>1615</ele>
        <time>2026-09-27T14:26:11Z</time>
      </trkpt>
      <trkpt lat="33.9687952" lon="-111.5254889"><ele>1615</ele>
        <time>2026-09-27T14:26:16Z</time>
      </trkpt>
      <trkpt lat="33.9688403" lon="-111.525517"><ele>1615</ele>
        <time>2026-09-27T14:26:22Z</time>
      </trkpt>
      <trkpt lat="33.9688917" lon="-111.5256181"><ele>1615</ele>
        <time>2026-09-27T14:26:32Z</time>
      </trkpt>
      <trkpt lat="33.9688987" lon="-111.5256706"><ele>1615</ele>
        <time>2026-09-27T14:26:36Z</time>
      </trkpt>
      <trkpt lat="33.9688981" lon="-111.5257263"><ele>1616</ele>
        <time>2026-09-27T14:26:40Z</time>
      </trkpt>
      <trkpt lat="33.9688256" lon="-111.5258453"><ele>1617</ele>
        <time>2026-09-27T14:26:56Z</time>
      </trkpt>
      <trkpt lat="33.9688384" lon="-111.5261109"><ele>1619</ele>
        <time>2026-09-27T14:27:17Z</time>
      </trkpt>
      <trkpt lat="33.9688613" lon="-111.526221"><ele>1621</ele>
        <time>2026-09-27T14:27:26Z</time>
      </trkpt>
      <trkpt lat="33.9688553" lon="-111.5262766"><ele>1622</ele>
        <time>2026-09-27T14:27:30Z</time>
      </trkpt>
      <trkpt lat="33.9687219" lon="-111.5265404"><ele>1622</ele>
        <time>2026-09-27T14:27:56Z</time>
      </trkpt>
      <trkpt lat="33.9687053" lon="-111.5266019"><ele>1623</ele>
        <time>2026-09-27T14:28:03Z</time>
      </trkpt>
      <trkpt lat="33.9687355" lon="-111.5266677"><ele>1623</ele>
        <time>2026-09-27T14:28:08Z</time>
      </trkpt>
      <trkpt lat="33.9686948" lon="-111.5268431"><ele>1624</ele>
        <time>2026-09-27T14:28:22Z</time>
      </trkpt>
      <trkpt lat="33.9686519" lon="-111.5269362"><ele>1625</ele>
        <time>2026-09-27T14:28:31Z</time>
      </trkpt>
      <trkpt lat="33.9685942" lon="-111.5270085"><ele>1625</ele>
        <time>2026-09-27T14:28:39Z</time>
      </trkpt>
      <trkpt lat="33.9685822" lon="-111.5270522"><ele>1625</ele>
        <time>2026-09-27T14:28:41Z</time>
      </trkpt>
      <trkpt lat="33.9685316" lon="-111.5271367"><ele>1625</ele>
        <time>2026-09-27T14:28:49Z</time>
      </trkpt>
      <trkpt lat="33.9685329" lon="-111.5271853"><ele>1625</ele>
        <time>2026-09-27T14:28:54Z</time>
      </trkpt>
      <trkpt lat="33.9685617" lon="-111.5272235"><ele>1624</ele>
        <time>2026-09-27T14:28:59Z</time>
      </trkpt>
      <trkpt lat="33.9685306" lon="-111.5272771"><ele>1624</ele>
        <time>2026-09-27T14:29:04Z</time>
      </trkpt>
      <trkpt lat="33.9684548" lon="-111.527336"><ele>1624</ele>
        <time>2026-09-27T14:29:12Z</time>
      </trkpt>
      <trkpt lat="33.9683946" lon="-111.527398"><ele>1624</ele>
        <time>2026-09-27T14:29:20Z</time>
      </trkpt>
      <trkpt lat="33.9683997" lon="-111.5274429"><ele>1624</ele>
        <time>2026-09-27T14:29:23Z</time>
      </trkpt>
      <trkpt lat="33.9683819" lon="-111.5274844"><ele>1625</ele>
        <time>2026-09-27T14:29:27Z</time>
      </trkpt>
      <trkpt lat="33.9683537" lon="-111.5275116"><ele>1625</ele>
        <time>2026-09-27T14:29:30Z</time>
      </trkpt>
      <trkpt lat="33.9683383" lon="-111.5275606"><ele>1625</ele>
        <time>2026-09-27T14:29:34Z</time>
      </trkpt>
      <trkpt lat="33.9683763" lon="-111.5276947"><ele>1625</ele>
        <time>2026-09-27T14:29:46Z</time>
      </trkpt>
      <trkpt lat="33.9683626" lon="-111.5280844"><ele>1626</ele>
        <time>2026-09-27T14:30:16Z</time>
      </trkpt>
      <trkpt lat="33.968345" lon="-111.5281325"><ele>1626</ele>
        <time>2026-09-27T14:30:23Z</time>
      </trkpt>
      <trkpt lat="33.9683682" lon="-111.5281827"><ele>1627</ele>
        <time>2026-09-27T14:30:27Z</time>
      </trkpt>
      <trkpt lat="33.9683559" lon="-111.5283254"><ele>1627</ele>
        <time>2026-09-27T14:30:40Z</time>
      </trkpt>
      <trkpt lat="33.9683141" lon="-111.5285025"><ele>1627</ele>
        <time>2026-09-27T14:30:52Z</time>
      </trkpt>
      <trkpt lat="33.9682843" lon="-111.5285477"><ele>1627</ele>
        <time>2026-09-27T14:30:57Z</time>
      </trkpt>
      <trkpt lat="33.9682886" lon="-111.5286079"><ele>1628</ele>
        <time>2026-09-27T14:31:02Z</time>
      </trkpt>
      <trkpt lat="33.9682721" lon="-111.5286612"><ele>1628</ele>
        <time>2026-09-27T14:31:06Z</time>
      </trkpt>
      <trkpt lat="33.9682279" lon="-111.5286973"><ele>1628</ele>
        <time>2026-09-27T14:31:10Z</time>
      </trkpt>
      <trkpt lat="33.9682076" lon="-111.528747"><ele>1629</ele>
        <time>2026-09-27T14:31:14Z</time>
      </trkpt>
      <trkpt lat="33.9681492" lon="-111.5288322"><ele>1628</ele>
        <time>2026-09-27T14:31:22Z</time>
      </trkpt>
      <trkpt lat="33.968089" lon="-111.5288969"><ele>1629</ele>
        <time>2026-09-27T14:31:28Z</time>
      </trkpt>
      <trkpt lat="33.9680946" lon="-111.529049"><ele>1629</ele>
        <time>2026-09-27T14:31:38Z</time>
      </trkpt>
      <trkpt lat="33.9680243" lon="-111.529184"><ele>1630</ele>
        <time>2026-09-27T14:31:50Z</time>
      </trkpt>
      <trkpt lat="33.9680141" lon="-111.5292785"><ele>1630</ele>
        <time>2026-09-27T14:31:56Z</time>
      </trkpt>
      <trkpt lat="33.9679474" lon="-111.5293823"><ele>1630</ele>
        <time>2026-09-27T14:32:05Z</time>
      </trkpt>
      <trkpt lat="33.9679142" lon="-111.52952"><ele>1631</ele>
        <time>2026-09-27T14:32:14Z</time>
      </trkpt>
      <trkpt lat="33.9678719" lon="-111.5295968"><ele>1632</ele>
        <time>2026-09-27T14:32:20Z</time>
      </trkpt>
      <trkpt lat="33.9678728" lon="-111.5296396"><ele>1632</ele>
        <time>2026-09-27T14:32:23Z</time>
      </trkpt>
      <trkpt lat="33.9678459" lon="-111.5296806"><ele>1632</ele>
        <time>2026-09-27T14:32:27Z</time>
      </trkpt>
      <trkpt lat="33.967832" lon="-111.5297739"><ele>1632</ele>
        <time>2026-09-27T14:32:34Z</time>
      </trkpt>
      <trkpt lat="33.9678031" lon="-111.5298164"><ele>1633</ele>
        <time>2026-09-27T14:32:38Z</time>
      </trkpt>
      <trkpt lat="33.9677863" lon="-111.5299122"><ele>1633</ele>
        <time>2026-09-27T14:32:44Z</time>
      </trkpt>
      <trkpt lat="33.9677627" lon="-111.5299549"><ele>1633</ele>
        <time>2026-09-27T14:32:47Z</time>
      </trkpt>
      <trkpt lat="33.9677533" lon="-111.530004"><ele>1634</ele>
        <time>2026-09-27T14:32:50Z</time>
      </trkpt>
      <trkpt lat="33.96773" lon="-111.5300404"><ele>1634</ele>
        <time>2026-09-27T14:32:53Z</time>
      </trkpt>
      <trkpt lat="33.9677189" lon="-111.5300899"><ele>1634</ele>
        <time>2026-09-27T14:32:56Z</time>
      </trkpt>
      <trkpt lat="33.9676894" lon="-111.5301214"><ele>1634</ele>
        <time>2026-09-27T14:32:59Z</time>
      </trkpt>
      <trkpt lat="33.9676705" lon="-111.5301664"><ele>1634</ele>
        <time>2026-09-27T14:33:02Z</time>
      </trkpt>
      <trkpt lat="33.9676066" lon="-111.5302242"><ele>1635</ele>
        <time>2026-09-27T14:33:10Z</time>
      </trkpt>
      <trkpt lat="33.96759" lon="-111.5302736"><ele>1635</ele>
        <time>2026-09-27T14:33:13Z</time>
      </trkpt>
      <trkpt lat="33.9675403" lon="-111.5303575"><ele>1636</ele>
        <time>2026-09-27T14:33:20Z</time>
      </trkpt>
      <trkpt lat="33.9674812" lon="-111.5304318"><ele>1637</ele>
        <time>2026-09-27T14:33:28Z</time>
      </trkpt>
      <trkpt lat="33.967407" lon="-111.5306163"><ele>1639</ele>
        <time>2026-09-27T14:33:46Z</time>
      </trkpt>
      <trkpt lat="33.9673746" lon="-111.530642"><ele>1639</ele>
        <time>2026-09-27T14:33:50Z</time>
      </trkpt>
      <trkpt lat="33.9673503" lon="-111.5306829"><ele>1638</ele>
        <time>2026-09-27T14:33:54Z</time>
      </trkpt>
      <trkpt lat="33.9672976" lon="-111.5308982"><ele>1636</ele>
        <time>2026-09-27T14:34:31Z</time>
      </trkpt>
      <trkpt lat="33.9672521" lon="-111.5309217"><ele>1640</ele>
        <time>2026-09-27T14:34:35Z</time>
      </trkpt>
      <trkpt lat="33.9671856" lon="-111.5310053"><ele>1639</ele>
        <time>2026-09-27T14:34:43Z</time>
      </trkpt>
      <trkpt lat="33.9670976" lon="-111.5310475"><ele>1639</ele>
        <time>2026-09-27T14:34:50Z</time>
      </trkpt>
      <trkpt lat="33.9670641" lon="-111.5310779"><ele>1639</ele>
        <time>2026-09-27T14:34:54Z</time>
      </trkpt>
      <trkpt lat="33.9670645" lon="-111.5311365"><ele>1638</ele>
        <time>2026-09-27T14:34:58Z</time>
      </trkpt>
      <trkpt lat="33.9669859" lon="-111.5313246"><ele>1637</ele>
        <time>2026-09-27T14:35:20Z</time>
      </trkpt>
      <trkpt lat="33.9669935" lon="-111.5314334"><ele>1637</ele>
        <time>2026-09-27T14:35:27Z</time>
      </trkpt>
      <trkpt lat="33.9669666" lon="-111.5314694"><ele>1636</ele>
        <time>2026-09-27T14:35:30Z</time>
      </trkpt>
      <trkpt lat="33.9669994" lon="-111.5315137"><ele>1636</ele>
        <time>2026-09-27T14:35:35Z</time>
      </trkpt>
      <trkpt lat="33.9669657" lon="-111.531741"><ele>1635</ele>
        <time>2026-09-27T14:35:49Z</time>
      </trkpt>
      <trkpt lat="33.9669971" lon="-111.5318278"><ele>1635</ele>
        <time>2026-09-27T14:35:55Z</time>
      </trkpt>
      <trkpt lat="33.9669742" lon="-111.5318772"><ele>1635</ele>
        <time>2026-09-27T14:35:58Z</time>
      </trkpt>
      <trkpt lat="33.9669473" lon="-111.5319066"><ele>1635</ele>
        <time>2026-09-27T14:36:01Z</time>
      </trkpt>
      <trkpt lat="33.96694" lon="-111.532111"><ele>1634</ele>
        <time>2026-09-27T14:36:14Z</time>
      </trkpt>
      <trkpt lat="33.9669668" lon="-111.5321969"><ele>1634</ele>
        <time>2026-09-27T14:36:20Z</time>
      </trkpt>
      <trkpt lat="33.966959" lon="-111.5322877"><ele>1633</ele>
        <time>2026-09-27T14:36:26Z</time>
      </trkpt>
      <trkpt lat="33.9669669" lon="-111.5323279"><ele>1633</ele>
        <time>2026-09-27T14:36:29Z</time>
      </trkpt>
      <trkpt lat="33.9670072" lon="-111.5324131"><ele>1633</ele>
        <time>2026-09-27T14:36:35Z</time>
      </trkpt>
      <trkpt lat="33.9670826" lon="-111.5325182"><ele>1633</ele>
        <time>2026-09-27T14:36:44Z</time>
      </trkpt>
      <trkpt lat="33.9670356" lon="-111.5325845"><ele>1633</ele>
        <time>2026-09-27T14:36:48Z</time>
      </trkpt>
      <trkpt lat="33.966962" lon="-111.5326406"><ele>1633</ele>
        <time>2026-09-27T14:36:56Z</time>
      </trkpt>
      <trkpt lat="33.9669475" lon="-111.5326877"><ele>1633</ele>
        <time>2026-09-27T14:36:59Z</time>
      </trkpt>
      <trkpt lat="33.966966" lon="-111.5327256"><ele>1633</ele>
        <time>2026-09-27T14:37:02Z</time>
      </trkpt>
      <trkpt lat="33.9669575" lon="-111.5327733"><ele>1634</ele>
        <time>2026-09-27T14:37:06Z</time>
      </trkpt>
      <trkpt lat="33.9669341" lon="-111.5328125"><ele>1634</ele>
        <time>2026-09-27T14:37:09Z</time>
      </trkpt>
      <trkpt lat="33.9669036" lon="-111.5328384"><ele>1634</ele>
        <time>2026-09-27T14:37:12Z</time>
      </trkpt>
      <trkpt lat="33.9668821" lon="-111.5328798"><ele>1634</ele>
        <time>2026-09-27T14:37:17Z</time>
      </trkpt>
      <trkpt lat="33.9668008" lon="-111.532929"><ele>1635</ele>
        <time>2026-09-27T14:37:27Z</time>
      </trkpt>
      <trkpt lat="33.9667776" lon="-111.5329671"><ele>1635</ele>
        <time>2026-09-27T14:37:30Z</time>
      </trkpt>
      <trkpt lat="33.9667601" lon="-111.5330326"><ele>1636</ele>
        <time>2026-09-27T14:37:50Z</time>
      </trkpt>
      <trkpt lat="33.9667213" lon="-111.5331026"><ele>1636</ele>
        <time>2026-09-27T14:37:58Z</time>
      </trkpt>
      <trkpt lat="33.9667602" lon="-111.5331545"><ele>1636</ele>
        <time>2026-09-27T14:38:05Z</time>
      </trkpt>
      <trkpt lat="33.9667034" lon="-111.533162"><ele>1637</ele>
        <time>2026-09-27T14:38:19Z</time>
      </trkpt>
      <trkpt lat="33.9666921" lon="-111.5332111"><ele>1637</ele>
        <time>2026-09-27T14:38:24Z</time>
      </trkpt>
      <trkpt lat="33.9667244" lon="-111.5332407"><ele>1637</ele>
        <time>2026-09-27T14:38:34Z</time>
      </trkpt>
      <trkpt lat="33.9667235" lon="-111.5332895"><ele>1637</ele>
        <time>2026-09-27T14:38:39Z</time>
      </trkpt>
      <trkpt lat="33.9667706" lon="-111.5334265"><ele>1637</ele>
        <time>2026-09-27T14:38:50Z</time>
      </trkpt>
      <trkpt lat="33.9667495" lon="-111.5334625"><ele>1637</ele>
        <time>2026-09-27T14:38:53Z</time>
      </trkpt>
      <trkpt lat="33.9667406" lon="-111.5335042"><ele>1638</ele>
        <time>2026-09-27T14:38:57Z</time>
      </trkpt>
      <trkpt lat="33.9667565" lon="-111.5334642"><ele>1638</ele>
        <time>2026-09-27T14:39:01Z</time>
      </trkpt>
      <trkpt lat="33.9667866" lon="-111.5334399"><ele>1638</ele>
        <time>2026-09-27T14:39:05Z</time>
      </trkpt>
      <trkpt lat="33.9668044" lon="-111.5334787"><ele>1639</ele>
        <time>2026-09-27T14:39:10Z</time>
      </trkpt>
      <trkpt lat="33.9668717" lon="-111.5334491"><ele>1640</ele>
        <time>2026-09-27T14:39:41Z</time>
      </trkpt>
      <trkpt lat="33.9669469" lon="-111.5334781"><ele>1640</ele>
        <time>2026-09-27T14:39:49Z</time>
      </trkpt>
      <trkpt lat="33.9670181" lon="-111.5334834"><ele>1641</ele>
        <time>2026-09-27T14:39:58Z</time>
      </trkpt>
      <trkpt lat="33.9670767" lon="-111.5334498"><ele>1641</ele>
        <time>2026-09-27T14:40:05Z</time>
      </trkpt>
      <trkpt lat="33.9671211" lon="-111.5334848"><ele>1642</ele>
        <time>2026-09-27T14:40:12Z</time>
      </trkpt>
      <trkpt lat="33.9671564" lon="-111.5335445"><ele>1643</ele>
        <time>2026-09-27T14:40:21Z</time>
      </trkpt>
      <trkpt lat="33.9671762" lon="-111.5336143"><ele>1643</ele>
        <time>2026-09-27T14:40:28Z</time>
      </trkpt>
      <trkpt lat="33.9671827" lon="-111.5336908"><ele>1644</ele>
        <time>2026-09-27T14:40:36Z</time>
      </trkpt>
      <trkpt lat="33.9672932" lon="-111.5338127"><ele>1648</ele>
        <time>2026-09-27T14:40:58Z</time>
      </trkpt>
      <trkpt lat="33.9673379" lon="-111.5338988"><ele>1650</ele>
        <time>2026-09-27T14:41:14Z</time>
      </trkpt>
      <trkpt lat="33.9672863" lon="-111.5338989"><ele>1651</ele>
        <time>2026-09-27T14:41:50Z</time>
      </trkpt>
      <trkpt lat="33.9671637" lon="-111.5339538"><ele>1651</ele>
        <time>2026-09-27T14:42:02Z</time>
      </trkpt>
      <trkpt lat="33.9672055" lon="-111.5341433"><ele>1653</ele>
        <time>2026-09-27T14:42:22Z</time>
      </trkpt>
      <trkpt lat="33.9671867" lon="-111.5342172"><ele>1655</ele>
        <time>2026-09-27T14:42:29Z</time>
      </trkpt>
      <trkpt lat="33.9671709" lon="-111.5343659"><ele>1656</ele>
        <time>2026-09-27T14:42:45Z</time>
      </trkpt>
      <trkpt lat="33.9671933" lon="-111.5346"><ele>1658</ele>
        <time>2026-09-27T14:43:03Z</time>
      </trkpt>
      <trkpt lat="33.9671933" lon="-111.5347357"><ele>1659</ele>
        <time>2026-09-27T14:43:16Z</time>
      </trkpt>
      <trkpt lat="33.9671802" lon="-111.5347959"><ele>1659</ele>
        <time>2026-09-27T14:43:21Z</time>
      </trkpt>
      <trkpt lat="33.9670776" lon="-111.5350721"><ele>1661</ele>
        <time>2026-09-27T14:43:42Z</time>
      </trkpt>
      <trkpt lat="33.9671087" lon="-111.5351206"><ele>1661</ele>
        <time>2026-09-27T14:43:52Z</time>
      </trkpt>
      <trkpt lat="33.9671143" lon="-111.5351757"><ele>1661</ele>
        <time>2026-09-27T14:43:56Z</time>
      </trkpt>
      <trkpt lat="33.9670944" lon="-111.5352249"><ele>1662</ele>
        <time>2026-09-27T14:43:59Z</time>
      </trkpt>
      <trkpt lat="33.967037" lon="-111.5353056"><ele>1663</ele>
        <time>2026-09-27T14:44:07Z</time>
      </trkpt>
      <trkpt lat="33.9670377" lon="-111.5353598"><ele>1662</ele>
        <time>2026-09-27T14:44:10Z</time>
      </trkpt>
      <trkpt lat="33.9670255" lon="-111.5354105"><ele>1663</ele>
        <time>2026-09-27T14:44:14Z</time>
      </trkpt>
      <trkpt lat="33.9669989" lon="-111.5354475"><ele>1663</ele>
        <time>2026-09-27T14:44:17Z</time>
      </trkpt>
      <trkpt lat="33.9669987" lon="-111.5354974"><ele>1664</ele>
        <time>2026-09-27T14:44:21Z</time>
      </trkpt>
      <trkpt lat="33.9670294" lon="-111.5356032"><ele>1665</ele>
        <time>2026-09-27T14:44:32Z</time>
      </trkpt>
      <trkpt lat="33.9670327" lon="-111.535648"><ele>1665</ele>
        <time>2026-09-27T14:44:35Z</time>
      </trkpt>
      <trkpt lat="33.9670864" lon="-111.5357215"><ele>1666</ele>
        <time>2026-09-27T14:44:43Z</time>
      </trkpt>
      <trkpt lat="33.9670783" lon="-111.5357688"><ele>1666</ele>
        <time>2026-09-27T14:44:46Z</time>
      </trkpt>
      <trkpt lat="33.9670913" lon="-111.5358257"><ele>1667</ele>
        <time>2026-09-27T14:44:51Z</time>
      </trkpt>
      <trkpt lat="33.9671322" lon="-111.535867"><ele>1667</ele>
        <time>2026-09-27T14:44:56Z</time>
      </trkpt>
      <trkpt lat="33.9671684" lon="-111.5359317"><ele>1667</ele>
        <time>2026-09-27T14:45:01Z</time>
      </trkpt>
      <trkpt lat="33.9672695" lon="-111.5360315"><ele>1667</ele>
        <time>2026-09-27T14:45:12Z</time>
      </trkpt>
      <trkpt lat="33.967363" lon="-111.5361023"><ele>1666</ele>
        <time>2026-09-27T14:45:21Z</time>
      </trkpt>
      <trkpt lat="33.9674245" lon="-111.5362089"><ele>1665</ele>
        <time>2026-09-27T14:45:29Z</time>
      </trkpt>
      <trkpt lat="33.9674789" lon="-111.5363593"><ele>1664</ele>
        <time>2026-09-27T14:45:42Z</time>
      </trkpt>
      <trkpt lat="33.9674663" lon="-111.5364135"><ele>1664</ele>
        <time>2026-09-27T14:45:46Z</time>
      </trkpt>
      <trkpt lat="33.9674707" lon="-111.5365233"><ele>1661</ele>
        <time>2026-09-27T14:45:55Z</time>
      </trkpt>
      <trkpt lat="33.9674294" lon="-111.536655"><ele>1660</ele>
        <time>2026-09-27T14:46:06Z</time>
      </trkpt>
      <trkpt lat="33.967435" lon="-111.5367003"><ele>1659</ele>
        <time>2026-09-27T14:46:13Z</time>
      </trkpt>
      <trkpt lat="33.9675139" lon="-111.5367007"><ele>1657</ele>
        <time>2026-09-27T14:46:23Z</time>
      </trkpt>
      <trkpt lat="33.9675496" lon="-111.5367367"><ele>1657</ele>
        <time>2026-09-27T14:46:26Z</time>
      </trkpt>
      <trkpt lat="33.9675517" lon="-111.5367805"><ele>1659</ele>
        <time>2026-09-27T14:46:30Z</time>
      </trkpt>
      <trkpt lat="33.9675816" lon="-111.5368112"><ele>1659</ele>
        <time>2026-09-27T14:46:34Z</time>
      </trkpt>
      <trkpt lat="33.9675885" lon="-111.5368531"><ele>1659</ele>
        <time>2026-09-27T14:46:37Z</time>
      </trkpt>
      <trkpt lat="33.9676164" lon="-111.5368823"><ele>1654</ele>
        <time>2026-09-27T14:46:40Z</time>
      </trkpt>
      <trkpt lat="33.9676158" lon="-111.5369395"><ele>1654</ele>
        <time>2026-09-27T14:46:45Z</time>
      </trkpt>
      <trkpt lat="33.9676292" lon="-111.5369816"><ele>1654</ele>
        <time>2026-09-27T14:46:48Z</time>
      </trkpt>
      <trkpt lat="33.9676671" lon="-111.5370158"><ele>1654</ele>
        <time>2026-09-27T14:46:52Z</time>
      </trkpt>
      <trkpt lat="33.9677195" lon="-111.5371017"><ele>1654</ele>
        <time>2026-09-27T14:47:01Z</time>
      </trkpt>
      <trkpt lat="33.9676945" lon="-111.5371736"><ele>1654</ele>
        <time>2026-09-27T14:47:31Z</time>
      </trkpt>
      <trkpt lat="33.9676968" lon="-111.5372886"><ele>1654</ele>
        <time>2026-09-27T14:47:51Z</time>
      </trkpt>
      <trkpt lat="33.9677734" lon="-111.537306"><ele>1655</ele>
        <time>2026-09-27T14:47:59Z</time>
      </trkpt>
      <trkpt lat="33.9678295" lon="-111.5373536"><ele>1655</ele>
        <time>2026-09-27T14:48:06Z</time>
      </trkpt>
      <trkpt lat="33.967881" lon="-111.5374827"><ele>1655</ele>
        <time>2026-09-27T14:48:16Z</time>
      </trkpt>
      <trkpt lat="33.9679634" lon="-111.5375661"><ele>1654</ele>
        <time>2026-09-27T14:48:25Z</time>
      </trkpt>
      <trkpt lat="33.9680073" lon="-111.537588"><ele>1654</ele>
        <time>2026-09-27T14:48:29Z</time>
      </trkpt>
      <trkpt lat="33.9680565" lon="-111.5375798"><ele>1653</ele>
        <time>2026-09-27T14:48:33Z</time>
      </trkpt>
      <trkpt lat="33.9681967" lon="-111.5375829"><ele>1652</ele>
        <time>2026-09-27T14:48:43Z</time>
      </trkpt>
      <trkpt lat="33.9682402" lon="-111.5375609"><ele>1651</ele>
        <time>2026-09-27T14:48:46Z</time>
      </trkpt>
      <trkpt lat="33.9683358" lon="-111.5375683"><ele>1651</ele>
        <time>2026-09-27T14:48:54Z</time>
      </trkpt>
      <trkpt lat="33.9684051" lon="-111.5376203"><ele>1650</ele>
        <time>2026-09-27T14:49:01Z</time>
      </trkpt>
      <trkpt lat="33.9684367" lon="-111.5376995"><ele>1649</ele>
        <time>2026-09-27T14:49:08Z</time>
      </trkpt>
      <trkpt lat="33.9684639" lon="-111.5377327"><ele>1649</ele>
        <time>2026-09-27T14:49:12Z</time>
      </trkpt>
      <trkpt lat="33.9685048" lon="-111.5377405"><ele>1648</ele>
        <time>2026-09-27T14:49:16Z</time>
      </trkpt>
      <trkpt lat="33.9685325" lon="-111.5377759"><ele>1648</ele>
        <time>2026-09-27T14:49:21Z</time>
      </trkpt>
      <trkpt lat="33.9686005" lon="-111.5378181"><ele>1647</ele>
        <time>2026-09-27T14:49:31Z</time>
      </trkpt>
      <trkpt lat="33.9686269" lon="-111.5378597"><ele>1646</ele>
        <time>2026-09-27T14:49:35Z</time>
      </trkpt>
      <trkpt lat="33.9686979" lon="-111.5379256"><ele>1645</ele>
        <time>2026-09-27T14:49:43Z</time>
      </trkpt>
      <trkpt lat="33.9687714" lon="-111.5379536"><ele>1642</ele>
        <time>2026-09-27T14:49:54Z</time>
      </trkpt>
      <trkpt lat="33.9688079" lon="-111.5379361"><ele>1643</ele>
        <time>2026-09-27T14:49:57Z</time>
      </trkpt>
      <trkpt lat="33.9688869" lon="-111.5379596"><ele>1641</ele>
        <time>2026-09-27T14:50:04Z</time>
      </trkpt>
      <trkpt lat="33.968906" lon="-111.5380592"><ele>1637</ele>
        <time>2026-09-27T14:50:14Z</time>
      </trkpt>
      <trkpt lat="33.9689618" lon="-111.5381411"><ele>1635</ele>
        <time>2026-09-27T14:50:26Z</time>
      </trkpt>
      <trkpt lat="33.9689531" lon="-111.5383933"><ele>1632</ele>
        <time>2026-09-27T14:50:44Z</time>
      </trkpt>
      <trkpt lat="33.9690136" lon="-111.5384673"><ele>1633</ele>
        <time>2026-09-27T14:50:51Z</time>
      </trkpt>
      <trkpt lat="33.9690718" lon="-111.5386035"><ele>1635</ele>
        <time>2026-09-27T14:51:10Z</time>
      </trkpt>
      <trkpt lat="33.9690627" lon="-111.5386594"><ele>1635</ele>
        <time>2026-09-27T14:51:15Z</time>
      </trkpt>
      <trkpt lat="33.9691514" lon="-111.5387744"><ele>1637</ele>
        <time>2026-09-27T14:51:37Z</time>
      </trkpt>
      <trkpt lat="33.9691452" lon="-111.5388776"><ele>1637</ele>
        <time>2026-09-27T14:51:49Z</time>
      </trkpt>
      <trkpt lat="33.9691777" lon="-111.5389638"><ele>1639</ele>
        <time>2026-09-27T14:52:04Z</time>
      </trkpt>
      <trkpt lat="33.9691678" lon="-111.5390651"><ele>1642</ele>
        <time>2026-09-27T14:52:13Z</time>
      </trkpt>
      <trkpt lat="33.969182" lon="-111.539136"><ele>1643</ele>
        <time>2026-09-27T14:52:22Z</time>
      </trkpt>
      <trkpt lat="33.9692134" lon="-111.5391925"><ele>1643</ele>
        <time>2026-09-27T14:52:30Z</time>
      </trkpt>
      <trkpt lat="33.969267" lon="-111.5392024"><ele>1644</ele>
        <time>2026-09-27T14:52:40Z</time>
      </trkpt>
      <trkpt lat="33.9692943" lon="-111.539386"><ele>1640</ele>
        <time>2026-09-27T14:52:55Z</time>
      </trkpt>
      <trkpt lat="33.9692882" lon="-111.539495"><ele>1646</ele>
        <time>2026-09-27T14:53:05Z</time>
      </trkpt>
      <trkpt lat="33.9691683" lon="-111.5396077"><ele>1643</ele>
        <time>2026-09-27T14:53:21Z</time>
      </trkpt>
      <trkpt lat="33.9690873" lon="-111.5397361"><ele>1641</ele>
        <time>2026-09-27T14:53:35Z</time>
      </trkpt>
      <trkpt lat="33.9690354" lon="-111.5397773"><ele>1641</ele>
        <time>2026-09-27T14:53:43Z</time>
      </trkpt>
      <trkpt lat="33.9690049" lon="-111.5398226"><ele>1640</ele>
        <time>2026-09-27T14:53:49Z</time>
      </trkpt>
      <trkpt lat="33.9689707" lon="-111.5399848"><ele>1638</ele>
        <time>2026-09-27T14:54:03Z</time>
      </trkpt>
      <trkpt lat="33.9690001" lon="-111.5401389"><ele>1633</ele>
        <time>2026-09-27T14:55:02Z</time>
      </trkpt>
      <trkpt lat="33.9689871" lon="-111.5404315"><ele>1628</ele>
        <time>2026-09-27T14:55:31Z</time>
      </trkpt>
      <trkpt lat="33.9689536" lon="-111.5405863"><ele>1626</ele>
        <time>2026-09-27T14:55:43Z</time>
      </trkpt>
      <trkpt lat="33.9689405" lon="-111.5408417"><ele>1627</ele>
        <time>2026-09-27T14:56:04Z</time>
      </trkpt>
      <trkpt lat="33.9689464" lon="-111.5409391"><ele>1625</ele>
        <time>2026-09-27T14:56:11Z</time>
      </trkpt>
      <trkpt lat="33.9689075" lon="-111.5410038"><ele>1623</ele>
        <time>2026-09-27T14:56:41Z</time>
      </trkpt>
      <trkpt lat="33.9689379" lon="-111.5409386"><ele>1621</ele>
        <time>2026-09-27T14:57:11Z</time>
      </trkpt>
      <trkpt lat="33.9689463" lon="-111.5410378"><ele>1621</ele>
        <time>2026-09-27T14:57:22Z</time>
      </trkpt>
      <trkpt lat="33.9689146" lon="-111.5411345"><ele>1618</ele>
        <time>2026-09-27T14:57:30Z</time>
      </trkpt>
      <trkpt lat="33.968783" lon="-111.5413053"><ele>1616</ele>
        <time>2026-09-27T14:57:49Z</time>
      </trkpt>
      <trkpt lat="33.9687258" lon="-111.5414139"><ele>1615</ele>
        <time>2026-09-27T14:57:59Z</time>
      </trkpt>
      <trkpt lat="33.9686561" lon="-111.5414751"><ele>1614</ele>
        <time>2026-09-27T14:58:07Z</time>
      </trkpt>
      <trkpt lat="33.968601" lon="-111.541604"><ele>1615</ele>
        <time>2026-09-27T14:58:18Z</time>
      </trkpt>
      <trkpt lat="33.9685578" lon="-111.5416068"><ele>1614</ele>
        <time>2026-09-27T14:58:21Z</time>
      </trkpt>
      <trkpt lat="33.9685201" lon="-111.5416245"><ele>1614</ele>
        <time>2026-09-27T14:58:26Z</time>
      </trkpt>
      <trkpt lat="33.9684916" lon="-111.5416643"><ele>1614</ele>
        <time>2026-09-27T14:58:30Z</time>
      </trkpt>
      <trkpt lat="33.968434" lon="-111.5417933"><ele>1612</ele>
        <time>2026-09-27T14:58:45Z</time>
      </trkpt>
      <trkpt lat="33.9683946" lon="-111.5417868"><ele>1612</ele>
        <time>2026-09-27T14:58:54Z</time>
      </trkpt>
      <trkpt lat="33.9683561" lon="-111.541799"><ele>1611</ele>
        <time>2026-09-27T14:58:59Z</time>
      </trkpt>
      <trkpt lat="33.9683321" lon="-111.5416983"><ele>1609</ele>
        <time>2026-09-27T14:59:14Z</time>
      </trkpt>
      <trkpt lat="33.9682803" lon="-111.5417224"><ele>1603</ele>
        <time>2026-09-27T15:00:15Z</time>
      </trkpt>
      <trkpt lat="33.9682044" lon="-111.5417357"><ele>1602</ele>
        <time>2026-09-27T15:00:26Z</time>
      </trkpt>
      <trkpt lat="33.9680683" lon="-111.5418485"><ele>1602</ele>
        <time>2026-09-27T15:00:44Z</time>
      </trkpt>
      <trkpt lat="33.9679273" lon="-111.5420638"><ele>1600</ele>
        <time>2026-09-27T15:01:08Z</time>
      </trkpt>
      <trkpt lat="33.967876" lon="-111.5420994"><ele>1595</ele>
        <time>2026-09-27T15:01:32Z</time>
      </trkpt>
      <trkpt lat="33.967827" lon="-111.5421559"><ele>1594</ele>
        <time>2026-09-27T15:01:41Z</time>
      </trkpt>
      <trkpt lat="33.9676785" lon="-111.5422817"><ele>1590</ele>
        <time>2026-09-27T15:02:03Z</time>
      </trkpt>
      <trkpt lat="33.9676455" lon="-111.5423335"><ele>1590</ele>
        <time>2026-09-27T15:02:09Z</time>
      </trkpt>
      <trkpt lat="33.9676367" lon="-111.5423856"><ele>1589</ele>
        <time>2026-09-27T15:02:13Z</time>
      </trkpt>
      <trkpt lat="33.967656" lon="-111.5424361"><ele>1587</ele>
        <time>2026-09-27T15:02:26Z</time>
      </trkpt>
      <trkpt lat="33.9676141" lon="-111.542597"><ele>1585</ele>
        <time>2026-09-27T15:02:42Z</time>
      </trkpt>
      <trkpt lat="33.9676127" lon="-111.5426615"><ele>1585</ele>
        <time>2026-09-27T15:02:49Z</time>
      </trkpt>
      <trkpt lat="33.9675941" lon="-111.5427114"><ele>1583</ele>
        <time>2026-09-27T15:02:56Z</time>
      </trkpt>
      <trkpt lat="33.9676071" lon="-111.5428492"><ele>1582</ele>
        <time>2026-09-27T15:03:23Z</time>
      </trkpt>
      <trkpt lat="33.9675918" lon="-111.5429776"><ele>1579</ele>
        <time>2026-09-27T15:03:39Z</time>
      </trkpt>
      <trkpt lat="33.9675812" lon="-111.5430334"><ele>1578</ele>
        <time>2026-09-27T15:03:44Z</time>
      </trkpt>
      <trkpt lat="33.9675358" lon="-111.5431435"><ele>1577</ele>
        <time>2026-09-27T15:03:56Z</time>
      </trkpt>
      <trkpt lat="33.9675234" lon="-111.5432021"><ele>1576</ele>
        <time>2026-09-27T15:04:01Z</time>
      </trkpt>
      <trkpt lat="33.9675296" lon="-111.5432533"><ele>1575</ele>
        <time>2026-09-27T15:04:05Z</time>
      </trkpt>
      <trkpt lat="33.9675028" lon="-111.5433652"><ele>1574</ele>
        <time>2026-09-27T15:04:14Z</time>
      </trkpt>
      <trkpt lat="33.9674759" lon="-111.5434101"><ele>1574</ele>
        <time>2026-09-27T15:04:19Z</time>
      </trkpt>
      <trkpt lat="33.9674445" lon="-111.5434368"><ele>1571</ele>
        <time>2026-09-27T15:04:23Z</time>
      </trkpt>
      <trkpt lat="33.9674279" lon="-111.5434812"><ele>1571</ele>
        <time>2026-09-27T15:04:29Z</time>
      </trkpt>
      <trkpt lat="33.9673878" lon="-111.5435021"><ele>1570</ele>
        <time>2026-09-27T15:04:35Z</time>
      </trkpt>
      <trkpt lat="33.9673649" lon="-111.5435407"><ele>1569</ele>
        <time>2026-09-27T15:04:42Z</time>
      </trkpt>
      <trkpt lat="33.9672955" lon="-111.5435728"><ele>1567</ele>
        <time>2026-09-27T15:04:51Z</time>
      </trkpt>
      <trkpt lat="33.9672728" lon="-111.5436112"><ele>1567</ele>
        <time>2026-09-27T15:04:55Z</time>
      </trkpt>
      <trkpt lat="33.9672399" lon="-111.5436255"><ele>1566</ele>
        <time>2026-09-27T15:05:00Z</time>
      </trkpt>
      <trkpt lat="33.9671738" lon="-111.5436773"><ele>1563</ele>
        <time>2026-09-27T15:05:13Z</time>
      </trkpt>
      <trkpt lat="33.9671289" lon="-111.5436742"><ele>1561</ele>
        <time>2026-09-27T15:05:19Z</time>
      </trkpt>
      <trkpt lat="33.9671149" lon="-111.5438145"><ele>1559</ele>
        <time>2026-09-27T15:05:35Z</time>
      </trkpt>
      <trkpt lat="33.96699" lon="-111.5437669"><ele>1557</ele>
        <time>2026-09-27T15:05:56Z</time>
      </trkpt>
      <trkpt lat="33.9669428" lon="-111.5437173"><ele>1555</ele>
        <time>2026-09-27T15:06:04Z</time>
      </trkpt>
      <trkpt lat="33.9668925" lon="-111.5437482"><ele>1553</ele>
        <time>2026-09-27T15:06:14Z</time>
      </trkpt>
      <trkpt lat="33.9668962" lon="-111.5438062"><ele>1550</ele>
        <time>2026-09-27T15:06:20Z</time>
      </trkpt>
      <trkpt lat="33.9668166" lon="-111.5438478"><ele>1551</ele>
        <time>2026-09-27T15:06:31Z</time>
      </trkpt>
      <trkpt lat="33.966743" lon="-111.5439068"><ele>1547</ele>
        <time>2026-09-27T15:06:40Z</time>
      </trkpt>
      <trkpt lat="33.966735" lon="-111.54396"><ele>1546</ele>
        <time>2026-09-27T15:06:45Z</time>
      </trkpt>
      <trkpt lat="33.9666979" lon="-111.5439877"><ele>1545</ele>
        <time>2026-09-27T15:06:50Z</time>
      </trkpt>
      <trkpt lat="33.9665818" lon="-111.5441314"><ele>1543</ele>
        <time>2026-09-27T15:07:07Z</time>
      </trkpt>
      <trkpt lat="33.9665505" lon="-111.5441813"><ele>1541</ele>
        <time>2026-09-27T15:07:11Z</time>
      </trkpt>
      <trkpt lat="33.9665408" lon="-111.5442408"><ele>1540</ele>
        <time>2026-09-27T15:07:15Z</time>
      </trkpt>
      <trkpt lat="33.9664782" lon="-111.5443466"><ele>1539</ele>
        <time>2026-09-27T15:07:23Z</time>
      </trkpt>
      <trkpt lat="33.9664127" lon="-111.5444064"><ele>1538</ele>
        <time>2026-09-27T15:07:30Z</time>
      </trkpt>
      <trkpt lat="33.9662994" lon="-111.54448"><ele>1536</ele>
        <time>2026-09-27T15:07:59Z</time>
      </trkpt>
      <trkpt lat="33.9662395" lon="-111.5444649"><ele>1536</ele>
        <time>2026-09-27T15:08:04Z</time>
      </trkpt>
      <trkpt lat="33.9661813" lon="-111.5444297"><ele>1534</ele>
        <time>2026-09-27T15:08:14Z</time>
      </trkpt>
      <trkpt lat="33.9661296" lon="-111.5444257"><ele>1534</ele>
        <time>2026-09-27T15:08:22Z</time>
      </trkpt>
      <trkpt lat="33.9660826" lon="-111.5444074"><ele>1529</ele>
        <time>2026-09-27T15:08:28Z</time>
      </trkpt>
      <trkpt lat="33.966044" lon="-111.5445065"><ele>1527</ele>
        <time>2026-09-27T15:08:40Z</time>
      </trkpt>
      <trkpt lat="33.9659903" lon="-111.5445879"><ele>1527</ele>
        <time>2026-09-27T15:08:52Z</time>
      </trkpt>
      <trkpt lat="33.9659127" lon="-111.5446313"><ele>1525</ele>
        <time>2026-09-27T15:09:04Z</time>
      </trkpt>
      <trkpt lat="33.965964" lon="-111.5447019"><ele>1521</ele>
        <time>2026-09-27T15:09:15Z</time>
      </trkpt>
      <trkpt lat="33.9659595" lon="-111.5447578"><ele>1522</ele>
        <time>2026-09-27T15:09:20Z</time>
      </trkpt>
      <trkpt lat="33.9659865" lon="-111.5448208"><ele>1521</ele>
        <time>2026-09-27T15:09:28Z</time>
      </trkpt>
      <trkpt lat="33.9660164" lon="-111.5449695"><ele>1516</ele>
        <time>2026-09-27T15:09:47Z</time>
      </trkpt>
      <trkpt lat="33.9659716" lon="-111.5449996"><ele>1512</ele>
        <time>2026-09-27T15:10:00Z</time>
      </trkpt>
      <trkpt lat="33.9659353" lon="-111.5450448"><ele>1511</ele>
        <time>2026-09-27T15:10:06Z</time>
      </trkpt>
      <trkpt lat="33.9658882" lon="-111.5450296"><ele>1510</ele>
        <time>2026-09-27T15:10:12Z</time>
      </trkpt>
      <trkpt lat="33.9657215" lon="-111.5450391"><ele>1505</ele>
        <time>2026-09-27T15:10:32Z</time>
      </trkpt>
      <trkpt lat="33.965668" lon="-111.5450282"><ele>1505</ele>
        <time>2026-09-27T15:10:38Z</time>
      </trkpt>
      <trkpt lat="33.9656014" lon="-111.5450339"><ele>1505</ele>
        <time>2026-09-27T15:10:52Z</time>
      </trkpt>
      <trkpt lat="33.9655209" lon="-111.5451638"><ele>1502</ele>
        <time>2026-09-27T15:11:07Z</time>
      </trkpt>
      <trkpt lat="33.9654474" lon="-111.5452449"><ele>1499</ele>
        <time>2026-09-27T15:11:21Z</time>
      </trkpt>
      <trkpt lat="33.9654942" lon="-111.5452884"><ele>1498</ele>
        <time>2026-09-27T15:11:38Z</time>
      </trkpt>
      <trkpt lat="33.9655143" lon="-111.5453482"><ele>1498</ele>
        <time>2026-09-27T15:11:45Z</time>
      </trkpt>
      <trkpt lat="33.9653813" lon="-111.5454734"><ele>1495</ele>
        <time>2026-09-27T15:12:04Z</time>
      </trkpt>
      <trkpt lat="33.9652889" lon="-111.5454907"><ele>1494</ele>
        <time>2026-09-27T15:12:13Z</time>
      </trkpt>
      <trkpt lat="33.965259" lon="-111.545534"><ele>1493</ele>
        <time>2026-09-27T15:12:19Z</time>
      </trkpt>
      <trkpt lat="33.9652211" lon="-111.5455531"><ele>1491</ele>
        <time>2026-09-27T15:12:23Z</time>
      </trkpt>
      <trkpt lat="33.9651663" lon="-111.5456387"><ele>1491</ele>
        <time>2026-09-27T15:12:33Z</time>
      </trkpt>
      <trkpt lat="33.9650959" lon="-111.545702"><ele>1488</ele>
        <time>2026-09-27T15:12:44Z</time>
      </trkpt>
      <trkpt lat="33.9650709" lon="-111.5457459"><ele>1487</ele>
        <time>2026-09-27T15:12:49Z</time>
      </trkpt>
      <trkpt lat="33.9650313" lon="-111.5457627"><ele>1486</ele>
        <time>2026-09-27T15:12:53Z</time>
      </trkpt>
      <trkpt lat="33.9649613" lon="-111.5458814"><ele>1484</ele>
        <time>2026-09-27T15:13:07Z</time>
      </trkpt>
      <trkpt lat="33.9649297" lon="-111.5459064"><ele>1482</ele>
        <time>2026-09-27T15:13:12Z</time>
      </trkpt>
      <trkpt lat="33.9649076" lon="-111.5459425"><ele>1481</ele>
        <time>2026-09-27T15:13:17Z</time>
      </trkpt>
      <trkpt lat="33.9648726" lon="-111.5459285"><ele>1481</ele>
        <time>2026-09-27T15:13:22Z</time>
      </trkpt>
      <trkpt lat="33.9648669" lon="-111.545976"><ele>1481</ele>
        <time>2026-09-27T15:13:29Z</time>
      </trkpt>
      <trkpt lat="33.9647668" lon="-111.5460406"><ele>1478</ele>
        <time>2026-09-27T15:13:48Z</time>
      </trkpt>
      <trkpt lat="33.9647126" lon="-111.5460961"><ele>1477</ele>
        <time>2026-09-27T15:13:56Z</time>
      </trkpt>
      <trkpt lat="33.9646564" lon="-111.546136"><ele>1475</ele>
        <time>2026-09-27T15:14:04Z</time>
      </trkpt>
      <trkpt lat="33.9646174" lon="-111.5461829"><ele>1475</ele>
        <time>2026-09-27T15:14:10Z</time>
      </trkpt>
      <trkpt lat="33.9645659" lon="-111.5462972"><ele>1474</ele>
        <time>2026-09-27T15:14:22Z</time>
      </trkpt>
      <trkpt lat="33.964529" lon="-111.5463431"><ele>1473</ele>
        <time>2026-09-27T15:14:28Z</time>
      </trkpt>
      <trkpt lat="33.9645246" lon="-111.5464019"><ele>1471</ele>
        <time>2026-09-27T15:14:37Z</time>
      </trkpt>
      <trkpt lat="33.9644275" lon="-111.5464962"><ele>1467</ele>
        <time>2026-09-27T15:14:55Z</time>
      </trkpt>
      <trkpt lat="33.9643896" lon="-111.5465647"><ele>1466</ele>
        <time>2026-09-27T15:15:04Z</time>
      </trkpt>
      <trkpt lat="33.9642027" lon="-111.5467349"><ele>1463</ele>
        <time>2026-09-27T15:15:27Z</time>
      </trkpt>
      <trkpt lat="33.9641855" lon="-111.5468581"><ele>1461</ele>
        <time>2026-09-27T15:15:42Z</time>
      </trkpt>
      <trkpt lat="33.9640781" lon="-111.5469806"><ele>1459</ele>
        <time>2026-09-27T15:16:01Z</time>
      </trkpt>
      <trkpt lat="33.9639961" lon="-111.5470296"><ele>1459</ele>
        <time>2026-09-27T15:16:09Z</time>
      </trkpt>
      <trkpt lat="33.9639664" lon="-111.5470641"><ele>1458</ele>
        <time>2026-09-27T15:16:14Z</time>
      </trkpt>
      <trkpt lat="33.9638832" lon="-111.5472066"><ele>1456</ele>
        <time>2026-09-27T15:16:26Z</time>
      </trkpt>
      <trkpt lat="33.963849" lon="-111.5472385"><ele>1455</ele>
        <time>2026-09-27T15:16:30Z</time>
      </trkpt>
      <trkpt lat="33.9638349" lon="-111.5472857"><ele>1454</ele>
        <time>2026-09-27T15:16:34Z</time>
      </trkpt>
      <trkpt lat="33.9638326" lon="-111.5473919"><ele>1452</ele>
        <time>2026-09-27T15:17:13Z</time>
      </trkpt>
      <trkpt lat="33.9637857" lon="-111.5474911"><ele>1449</ele>
        <time>2026-09-27T15:17:24Z</time>
      </trkpt>
      <trkpt lat="33.9637739" lon="-111.5476096"><ele>1448</ele>
        <time>2026-09-27T15:17:36Z</time>
      </trkpt>
      <trkpt lat="33.9637182" lon="-111.5477649"><ele>1445</ele>
        <time>2026-09-27T15:17:49Z</time>
      </trkpt>
      <trkpt lat="33.9637069" lon="-111.5481264"><ele>1441</ele>
        <time>2026-09-27T15:18:22Z</time>
      </trkpt>
      <trkpt lat="33.9636829" lon="-111.5481748"><ele>1440</ele>
        <time>2026-09-27T15:18:26Z</time>
      </trkpt>
      <trkpt lat="33.9636415" lon="-111.5483468"><ele>1438</ele>
        <time>2026-09-27T15:18:38Z</time>
      </trkpt>
      <trkpt lat="33.9635956" lon="-111.5484258"><ele>1436</ele>
        <time>2026-09-27T15:18:47Z</time>
      </trkpt>
      <trkpt lat="33.9635917" lon="-111.5484783"><ele>1435</ele>
        <time>2026-09-27T15:18:51Z</time>
      </trkpt>
      <trkpt lat="33.9635403" lon="-111.5486165"><ele>1433</ele>
        <time>2026-09-27T15:19:04Z</time>
      </trkpt>
      <trkpt lat="33.9634501" lon="-111.5487252"><ele>1431</ele>
        <time>2026-09-27T15:19:20Z</time>
      </trkpt>
      <trkpt lat="33.9633366" lon="-111.5487921"><ele>1428</ele>
        <time>2026-09-27T15:19:35Z</time>
      </trkpt>
      <trkpt lat="33.9633237" lon="-111.5488353"><ele>1428</ele>
        <time>2026-09-27T15:19:40Z</time>
      </trkpt>
      <trkpt lat="33.9632009" lon="-111.5489444"><ele>1426</ele>
        <time>2026-09-27T15:20:00Z</time>
      </trkpt>
      <trkpt lat="33.9631402" lon="-111.5489803"><ele>1424</ele>
        <time>2026-09-27T15:20:07Z</time>
      </trkpt>
      <trkpt lat="33.963013" lon="-111.5490071"><ele>1421</ele>
        <time>2026-09-27T15:20:21Z</time>
      </trkpt>
      <trkpt lat="33.9629052" lon="-111.5489973"><ele>1418</ele>
        <time>2026-09-27T15:20:31Z</time>
      </trkpt>
      <trkpt lat="33.962802" lon="-111.5490078"><ele>1418</ele>
        <time>2026-09-27T15:20:40Z</time>
      </trkpt>
      <trkpt lat="33.9627622" lon="-111.5489884"><ele>1417</ele>
        <time>2026-09-27T15:20:44Z</time>
      </trkpt>
      <trkpt lat="33.9627165" lon="-111.5489979"><ele>1416</ele>
        <time>2026-09-27T15:20:48Z</time>
      </trkpt>
      <trkpt lat="33.9626241" lon="-111.5489645"><ele>1415</ele>
        <time>2026-09-27T15:20:57Z</time>
      </trkpt>
      <trkpt lat="33.9625899" lon="-111.548935"><ele>1413</ele>
        <time>2026-09-27T15:21:09Z</time>
      </trkpt>
      <trkpt lat="33.9625132" lon="-111.5489332"><ele>1410</ele>
        <time>2026-09-27T15:21:30Z</time>
      </trkpt>
      <trkpt lat="33.9624759" lon="-111.5489118"><ele>1409</ele>
        <time>2026-09-27T15:21:38Z</time>
      </trkpt>
      <trkpt lat="33.9623374" lon="-111.5489338"><ele>1405</ele>
        <time>2026-09-27T15:22:17Z</time>
      </trkpt>
      <trkpt lat="33.9622612" lon="-111.5489681"><ele>1402</ele>
        <time>2026-09-27T15:22:29Z</time>
      </trkpt>
      <trkpt lat="33.9622266" lon="-111.5490449"><ele>1399</ele>
        <time>2026-09-27T15:22:40Z</time>
      </trkpt>
      <trkpt lat="33.9622225" lon="-111.549123"><ele>1398</ele>
        <time>2026-09-27T15:22:49Z</time>
      </trkpt>
      <trkpt lat="33.9621664" lon="-111.5492254"><ele>1396</ele>
        <time>2026-09-27T15:23:05Z</time>
      </trkpt>
      <trkpt lat="33.9621525" lon="-111.5492796"><ele>1396</ele>
        <time>2026-09-27T15:23:12Z</time>
      </trkpt>
      <trkpt lat="33.962172" lon="-111.5493898"><ele>1394</ele>
        <time>2026-09-27T15:23:23Z</time>
      </trkpt>
      <trkpt lat="33.9622181" lon="-111.5494771"><ele>1391</ele>
        <time>2026-09-27T15:23:32Z</time>
      </trkpt>
      <trkpt lat="33.9622467" lon="-111.5495789"><ele>1389</ele>
        <time>2026-09-27T15:23:43Z</time>
      </trkpt>
      <trkpt lat="33.9623327" lon="-111.5497584"><ele>1383</ele>
        <time>2026-09-27T15:24:05Z</time>
      </trkpt>
      <trkpt lat="33.9624424" lon="-111.5499166"><ele>1381</ele>
        <time>2026-09-27T15:24:23Z</time>
      </trkpt>
      <trkpt lat="33.9625166" lon="-111.549998"><ele>1379</ele>
        <time>2026-09-27T15:24:31Z</time>
      </trkpt>
      <trkpt lat="33.9625134" lon="-111.550099"><ele>1379</ele>
        <time>2026-09-27T15:24:41Z</time>
      </trkpt>
      <trkpt lat="33.9625318" lon="-111.5502022"><ele>1373</ele>
        <time>2026-09-27T15:24:51Z</time>
      </trkpt>
      <trkpt lat="33.9625333" lon="-111.5503448"><ele>1370</ele>
        <time>2026-09-27T15:25:09Z</time>
      </trkpt>
      <trkpt lat="33.9625439" lon="-111.5503865"><ele>1368</ele>
        <time>2026-09-27T15:25:13Z</time>
      </trkpt>
      <trkpt lat="33.9626124" lon="-111.5504994"><ele>1369</ele>
        <time>2026-09-27T15:25:36Z</time>
      </trkpt>
      <trkpt lat="33.9626134" lon="-111.5505709"><ele>1368</ele>
        <time>2026-09-27T15:25:43Z</time>
      </trkpt>
      <trkpt lat="33.9626543" lon="-111.5506024"><ele>1367</ele>
        <time>2026-09-27T15:25:48Z</time>
      </trkpt>
      <trkpt lat="33.9626524" lon="-111.5507276"><ele>1364</ele>
        <time>2026-09-27T15:26:45Z</time>
      </trkpt>
      <trkpt lat="33.9626786" lon="-111.5508151"><ele>1362</ele>
        <time>2026-09-27T15:26:54Z</time>
      </trkpt>
      <trkpt lat="33.9626429" lon="-111.5508937"><ele>1362</ele>
        <time>2026-09-27T15:27:01Z</time>
      </trkpt>
      <trkpt lat="33.9626532" lon="-111.5509775"><ele>1362</ele>
        <time>2026-09-27T15:27:07Z</time>
      </trkpt>
      <trkpt lat="33.9627435" lon="-111.5510722"><ele>1359</ele>
        <time>2026-09-27T15:27:21Z</time>
      </trkpt>
      <trkpt lat="33.962762" lon="-111.5511349"><ele>1359</ele>
        <time>2026-09-27T15:27:26Z</time>
      </trkpt>
      <trkpt lat="33.9628028" lon="-111.5511611"><ele>1358</ele>
        <time>2026-09-27T15:27:29Z</time>
      </trkpt>
      <trkpt lat="33.9628254" lon="-111.5512159"><ele>1358</ele>
        <time>2026-09-27T15:27:33Z</time>
      </trkpt>
      <trkpt lat="33.9628909" lon="-111.5512834"><ele>1354</ele>
        <time>2026-09-27T15:27:42Z</time>
      </trkpt>
      <trkpt lat="33.9630433" lon="-111.5513535"><ele>1352</ele>
        <time>2026-09-27T15:27:59Z</time>
      </trkpt>
      <trkpt lat="33.9630745" lon="-111.5513819"><ele>1352</ele>
        <time>2026-09-27T15:28:03Z</time>
      </trkpt>
      <trkpt lat="33.9631147" lon="-111.5513835"><ele>1352</ele>
        <time>2026-09-27T15:28:07Z</time>
      </trkpt>
      <trkpt lat="33.9631567" lon="-111.551407"><ele>1351</ele>
        <time>2026-09-27T15:28:12Z</time>
      </trkpt>
      <trkpt lat="33.9632636" lon="-111.5514855"><ele>1349</ele>
        <time>2026-09-27T15:28:26Z</time>
      </trkpt>
      <trkpt lat="33.9633274" lon="-111.5515666"><ele>1348</ele>
        <time>2026-09-27T15:28:34Z</time>
      </trkpt>
      <trkpt lat="33.9633651" lon="-111.5515939"><ele>1348</ele>
        <time>2026-09-27T15:28:38Z</time>
      </trkpt>
      <trkpt lat="33.9634098" lon="-111.5515885"><ele>1346</ele>
        <time>2026-09-27T15:28:43Z</time>
      </trkpt>
      <trkpt lat="33.963451" lon="-111.5516095"><ele>1345</ele>
        <time>2026-09-27T15:28:48Z</time>
      </trkpt>
      <trkpt lat="33.9634814" lon="-111.5516532"><ele>1344</ele>
        <time>2026-09-27T15:28:53Z</time>
      </trkpt>
      <trkpt lat="33.9635217" lon="-111.5516399"><ele>1344</ele>
        <time>2026-09-27T15:29:00Z</time>
      </trkpt>
      <trkpt lat="33.9636109" lon="-111.5516548"><ele>1342</ele>
        <time>2026-09-27T15:29:08Z</time>
      </trkpt>
      <trkpt lat="33.9637775" lon="-111.551718"><ele>1339</ele>
        <time>2026-09-27T15:29:24Z</time>
      </trkpt>
      <trkpt lat="33.9638137" lon="-111.5517475"><ele>1339</ele>
        <time>2026-09-27T15:29:27Z</time>
      </trkpt>
      <trkpt lat="33.9638335" lon="-111.5517932"><ele>1338</ele>
        <time>2026-09-27T15:29:32Z</time>
      </trkpt>
      <trkpt lat="33.963946" lon="-111.5518711"><ele>1334</ele>
        <time>2026-09-27T15:29:50Z</time>
      </trkpt>
      <trkpt lat="33.9639814" lon="-111.5519238"><ele>1333</ele>
        <time>2026-09-27T15:30:05Z</time>
      </trkpt>
      <trkpt lat="33.9640443" lon="-111.5519336"><ele>1331</ele>
        <time>2026-09-27T15:30:12Z</time>
      </trkpt>
      <trkpt lat="33.9640674" lon="-111.5519957"><ele>1329</ele>
        <time>2026-09-27T15:30:20Z</time>
      </trkpt>
      <trkpt lat="33.9641044" lon="-111.552045"><ele>1329</ele>
        <time>2026-09-27T15:30:27Z</time>
      </trkpt>
      <trkpt lat="33.9641376" lon="-111.5521125"><ele>1327</ele>
        <time>2026-09-27T15:30:37Z</time>
      </trkpt>
      <trkpt lat="33.9641475" lon="-111.5521918"><ele>1325</ele>
        <time>2026-09-27T15:30:48Z</time>
      </trkpt>
      <trkpt lat="33.964136" lon="-111.5522634"><ele>1324</ele>
        <time>2026-09-27T15:30:54Z</time>
      </trkpt>
      <trkpt lat="33.9641639" lon="-111.5523236"><ele>1322</ele>
        <time>2026-09-27T15:31:00Z</time>
      </trkpt>
      <trkpt lat="33.9642408" lon="-111.5524094"><ele>1321</ele>
        <time>2026-09-27T15:31:12Z</time>
      </trkpt>
      <trkpt lat="33.9642908" lon="-111.5524306"><ele>1321</ele>
        <time>2026-09-27T15:31:17Z</time>
      </trkpt>
      <trkpt lat="33.9643339" lon="-111.5524695"><ele>1319</ele>
        <time>2026-09-27T15:31:22Z</time>
      </trkpt>
      <trkpt lat="33.9643754" lon="-111.5524811"><ele>1317</ele>
        <time>2026-09-27T15:31:26Z</time>
      </trkpt>
      <trkpt lat="33.9644847" lon="-111.5525907"><ele>1315</ele>
        <time>2026-09-27T15:31:42Z</time>
      </trkpt>
      <trkpt lat="33.964533" lon="-111.5526018"><ele>1314</ele>
        <time>2026-09-27T15:31:47Z</time>
      </trkpt>
      <trkpt lat="33.9645673" lon="-111.552624"><ele>1313</ele>
        <time>2026-09-27T15:31:53Z</time>
      </trkpt>
      <trkpt lat="33.9646463" lon="-111.5526423"><ele>1313</ele>
        <time>2026-09-27T15:32:00Z</time>
      </trkpt>
      <trkpt lat="33.9646769" lon="-111.5526801"><ele>1312</ele>
        <time>2026-09-27T15:32:04Z</time>
      </trkpt>
      <trkpt lat="33.9646699" lon="-111.5528183"><ele>1309</ele>
        <time>2026-09-27T15:32:18Z</time>
      </trkpt>
      <trkpt lat="33.9647121" lon="-111.5529086"><ele>1309</ele>
        <time>2026-09-27T15:32:30Z</time>
      </trkpt>
      <trkpt lat="33.9647556" lon="-111.5529112"><ele>1308</ele>
        <time>2026-09-27T15:32:35Z</time>
      </trkpt>
      <trkpt lat="33.964782" lon="-111.5529603"><ele>1307</ele>
        <time>2026-09-27T15:32:42Z</time>
      </trkpt>
      <trkpt lat="33.9647476" lon="-111.5529899"><ele>1306</ele>
        <time>2026-09-27T15:32:46Z</time>
      </trkpt>
      <trkpt lat="33.9647347" lon="-111.5530458"><ele>1304</ele>
        <time>2026-09-27T15:32:58Z</time>
      </trkpt>
      <trkpt lat="33.9647273" lon="-111.5531206"><ele>1304</ele>
        <time>2026-09-27T15:33:06Z</time>
      </trkpt>
      <trkpt lat="33.9647582" lon="-111.5532542"><ele>1302</ele>
        <time>2026-09-27T15:33:18Z</time>
      </trkpt>
      <trkpt lat="33.9647277" lon="-111.5534521"><ele>1298</ele>
        <time>2026-09-27T15:33:44Z</time>
      </trkpt>
      <trkpt lat="33.9647075" lon="-111.5535107"><ele>1298</ele>
        <time>2026-09-27T15:33:51Z</time>
      </trkpt>
      <trkpt lat="33.9647368" lon="-111.55356"><ele>1297</ele>
        <time>2026-09-27T15:33:58Z</time>
      </trkpt>
      <trkpt lat="33.9647373" lon="-111.5536098"><ele>1295</ele>
        <time>2026-09-27T15:34:04Z</time>
      </trkpt>
      <trkpt lat="33.9647708" lon="-111.5538035"><ele>1292</ele>
        <time>2026-09-27T15:34:23Z</time>
      </trkpt>
      <trkpt lat="33.9648324" lon="-111.5539982"><ele>1288</ele>
        <time>2026-09-27T15:34:43Z</time>
      </trkpt>
      <trkpt lat="33.9648311" lon="-111.5540495"><ele>1288</ele>
        <time>2026-09-27T15:34:48Z</time>
      </trkpt>
      <trkpt lat="33.9648485" lon="-111.554088"><ele>1287</ele>
        <time>2026-09-27T15:34:51Z</time>
      </trkpt>
      <trkpt lat="33.9648186" lon="-111.5541807"><ele>1285</ele>
        <time>2026-09-27T15:35:07Z</time>
      </trkpt>
      <trkpt lat="33.9648127" lon="-111.5542777"><ele>1283</ele>
        <time>2026-09-27T15:35:18Z</time>
      </trkpt>
      <trkpt lat="33.9647332" lon="-111.5543537"><ele>1279</ele>
        <time>2026-09-27T15:35:44Z</time>
      </trkpt>
      <trkpt lat="33.9647319" lon="-111.5544167"><ele>1276</ele>
        <time>2026-09-27T15:35:50Z</time>
      </trkpt>
      <trkpt lat="33.9647501" lon="-111.5544737"><ele>1277</ele>
        <time>2026-09-27T15:35:57Z</time>
      </trkpt>
      <trkpt lat="33.9647044" lon="-111.5547108"><ele>1274</ele>
        <time>2026-09-27T15:36:25Z</time>
      </trkpt>
      <trkpt lat="33.9647087" lon="-111.5548298"><ele>1271</ele>
        <time>2026-09-27T15:36:39Z</time>
      </trkpt>
      <trkpt lat="33.9646989" lon="-111.5549335"><ele>1268</ele>
        <time>2026-09-27T15:36:50Z</time>
      </trkpt>
      <trkpt lat="33.9647167" lon="-111.5549912"><ele>1268</ele>
        <time>2026-09-27T15:36:56Z</time>
      </trkpt>
      <trkpt lat="33.9647417" lon="-111.5550299"><ele>1268</ele>
        <time>2026-09-27T15:37:01Z</time>
      </trkpt>
      <trkpt lat="33.9647124" lon="-111.5550638"><ele>1266</ele>
        <time>2026-09-27T15:37:08Z</time>
      </trkpt>
      <trkpt lat="33.9647402" lon="-111.5550992"><ele>1263</ele>
        <time>2026-09-27T15:37:11Z</time>
      </trkpt>
      <trkpt lat="33.9647317" lon="-111.5551459"><ele>1263</ele>
        <time>2026-09-27T15:37:16Z</time>
      </trkpt>
      <trkpt lat="33.9647756" lon="-111.5552434"><ele>1261</ele>
        <time>2026-09-27T15:37:26Z</time>
      </trkpt>
      <trkpt lat="33.9647415" lon="-111.5553248"><ele>1259</ele>
        <time>2026-09-27T15:38:10Z</time>
      </trkpt>
      <trkpt lat="33.9647379" lon="-111.5554369"><ele>1258</ele>
        <time>2026-09-27T15:38:21Z</time>
      </trkpt>
      <trkpt lat="33.96466" lon="-111.5556689"><ele>1256</ele>
        <time>2026-09-27T15:38:44Z</time>
      </trkpt>
      <trkpt lat="33.9646561" lon="-111.5557334"><ele>1256</ele>
        <time>2026-09-27T15:38:50Z</time>
      </trkpt>
      <trkpt lat="33.9646087" lon="-111.5559099"><ele>1252</ele>
        <time>2026-09-27T15:39:07Z</time>
      </trkpt>
      <trkpt lat="33.9646394" lon="-111.5560301"><ele>1252</ele>
        <time>2026-09-27T15:39:15Z</time>
      </trkpt>
      <trkpt lat="33.9646298" lon="-111.5561406"><ele>1251</ele>
        <time>2026-09-27T15:39:23Z</time>
      </trkpt>
      <trkpt lat="33.9646588" lon="-111.556182"><ele>1251</ele>
        <time>2026-09-27T15:39:28Z</time>
      </trkpt>
      <trkpt lat="33.9646794" lon="-111.5563606"><ele>1248</ele>
        <time>2026-09-27T15:39:41Z</time>
      </trkpt>
      <trkpt lat="33.9646788" lon="-111.5564729"><ele>1248</ele>
        <time>2026-09-27T15:39:50Z</time>
      </trkpt>
      <trkpt lat="33.9646381" lon="-111.5566167"><ele>1247</ele>
        <time>2026-09-27T15:40:15Z</time>
      </trkpt>
      <trkpt lat="33.964658" lon="-111.5566783"><ele>1247</ele>
        <time>2026-09-27T15:40:20Z</time>
      </trkpt>
      <trkpt lat="33.9647752" lon="-111.5568133"><ele>1243</ele>
        <time>2026-09-27T15:40:55Z</time>
      </trkpt>
      <trkpt lat="33.9647573" lon="-111.5569171"><ele>1243</ele>
        <time>2026-09-27T15:41:05Z</time>
      </trkpt>
      <trkpt lat="33.9647792" lon="-111.5570019"><ele>1243</ele>
        <time>2026-09-27T15:41:15Z</time>
      </trkpt>
      <trkpt lat="33.9647898" lon="-111.5571473"><ele>1241</ele>
        <time>2026-09-27T15:41:31Z</time>
      </trkpt>
      <trkpt lat="33.9648069" lon="-111.557213"><ele>1238</ele>
        <time>2026-09-27T15:41:37Z</time>
      </trkpt>
      <trkpt lat="33.9648553" lon="-111.5573055"><ele>1238</ele>
        <time>2026-09-27T15:41:58Z</time>
      </trkpt>
      <trkpt lat="33.9648797" lon="-111.5573834"><ele>1237</ele>
        <time>2026-09-27T15:42:04Z</time>
      </trkpt>
      <trkpt lat="33.9648735" lon="-111.5574669"><ele>1234</ele>
        <time>2026-09-27T15:42:18Z</time>
      </trkpt>
      <trkpt lat="33.9648981" lon="-111.5575349"><ele>1233</ele>
        <time>2026-09-27T15:42:28Z</time>
      </trkpt>
      <trkpt lat="33.9648796" lon="-111.5576289"><ele>1230</ele>
        <time>2026-09-27T15:42:40Z</time>
      </trkpt>
      <trkpt lat="33.9648841" lon="-111.5577214"><ele>1229</ele>
        <time>2026-09-27T15:42:50Z</time>
      </trkpt>
      <trkpt lat="33.9649845" lon="-111.5578488"><ele>1229</ele>
        <time>2026-09-27T15:43:08Z</time>
      </trkpt>
      <trkpt lat="33.9650291" lon="-111.5578898"><ele>1226</ele>
        <time>2026-09-27T15:43:14Z</time>
      </trkpt>
      <trkpt lat="33.9650188" lon="-111.5579634"><ele>1225</ele>
        <time>2026-09-27T15:43:21Z</time>
      </trkpt>
      <trkpt lat="33.965048" lon="-111.5580779"><ele>1224</ele>
        <time>2026-09-27T15:43:34Z</time>
      </trkpt>
      <trkpt lat="33.9650457" lon="-111.5581362"><ele>1224</ele>
        <time>2026-09-27T15:43:39Z</time>
      </trkpt>
      <trkpt lat="33.9650663" lon="-111.5581912"><ele>1223</ele>
        <time>2026-09-27T15:43:43Z</time>
      </trkpt>
      <trkpt lat="33.9651079" lon="-111.558243"><ele>1222</ele>
        <time>2026-09-27T15:43:48Z</time>
      </trkpt>
      <trkpt lat="33.9651652" lon="-111.5584128"><ele>1220</ele>
        <time>2026-09-27T15:44:02Z</time>
      </trkpt>
      <trkpt lat="33.9651937" lon="-111.5584611"><ele>1220</ele>
        <time>2026-09-27T15:44:06Z</time>
      </trkpt>
      <trkpt lat="33.965195" lon="-111.5586931"><ele>1217</ele>
        <time>2026-09-27T15:44:29Z</time>
      </trkpt>
      <trkpt lat="33.9652027" lon="-111.558746"><ele>1217</ele>
        <time>2026-09-27T15:44:33Z</time>
      </trkpt>
      <trkpt lat="33.9652225" lon="-111.558791"><ele>1216</ele>
        <time>2026-09-27T15:44:36Z</time>
      </trkpt>
      <trkpt lat="33.9652229" lon="-111.5588475"><ele>1214</ele>
        <time>2026-09-27T15:44:42Z</time>
      </trkpt>
      <trkpt lat="33.9652418" lon="-111.5589012"><ele>1213</ele>
        <time>2026-09-27T15:44:47Z</time>
      </trkpt>
      <trkpt lat="33.9652359" lon="-111.5590166"><ele>1212</ele>
        <time>2026-09-27T15:44:59Z</time>
      </trkpt>
      <trkpt lat="33.9652432" lon="-111.5590738"><ele>1212</ele>
        <time>2026-09-27T15:45:03Z</time>
      </trkpt>
      <trkpt lat="33.9651975" lon="-111.5590938"><ele>1211</ele>
        <time>2026-09-27T15:45:11Z</time>
      </trkpt>
      <trkpt lat="33.9651437" lon="-111.5592382"><ele>1209</ele>
        <time>2026-09-27T15:45:28Z</time>
      </trkpt>
      <trkpt lat="33.9651163" lon="-111.5592785"><ele>1208</ele>
        <time>2026-09-27T15:45:33Z</time>
      </trkpt>
      <trkpt lat="33.9650529" lon="-111.5594346"><ele>1206</ele>
        <time>2026-09-27T15:45:51Z</time>
      </trkpt>
      <trkpt lat="33.964965" lon="-111.5594778"><ele>1203</ele>
        <time>2026-09-27T15:46:01Z</time>
      </trkpt>
      <trkpt lat="33.964843" lon="-111.5596264"><ele>1198</ele>
        <time>2026-09-27T15:46:48Z</time>
      </trkpt>
      <trkpt lat="33.9648909" lon="-111.5598152"><ele>1194</ele>
        <time>2026-09-27T15:47:09Z</time>
      </trkpt>
      <trkpt lat="33.9648807" lon="-111.5598773"><ele>1193</ele>
        <time>2026-09-27T15:47:15Z</time>
      </trkpt>
      <trkpt lat="33.9647995" lon="-111.5599447"><ele>1192</ele>
        <time>2026-09-27T15:47:25Z</time>
      </trkpt>
      <trkpt lat="33.9647721" lon="-111.55999"><ele>1190</ele>
        <time>2026-09-27T15:47:32Z</time>
      </trkpt>
      <trkpt lat="33.964736" lon="-111.5600189"><ele>1190</ele>
        <time>2026-09-27T15:47:37Z</time>
      </trkpt>
      <trkpt lat="33.9646921" lon="-111.5600296"><ele>1189</ele>
        <time>2026-09-27T15:47:42Z</time>
      </trkpt>
      <trkpt lat="33.9646495" lon="-111.5600603"><ele>1188</ele>
        <time>2026-09-27T15:47:47Z</time>
      </trkpt>
      <trkpt lat="33.9645865" lon="-111.5600759"><ele>1184</ele>
        <time>2026-09-27T15:48:10Z</time>
      </trkpt>
      <trkpt lat="33.9645363" lon="-111.5601264"><ele>1184</ele>
        <time>2026-09-27T15:48:22Z</time>
      </trkpt>
      <trkpt lat="33.9645827" lon="-111.560381"><ele>1177</ele>
        <time>2026-09-27T15:49:01Z</time>
      </trkpt>
      <trkpt lat="33.9646073" lon="-111.5604623"><ele>1175</ele>
        <time>2026-09-27T15:49:10Z</time>
      </trkpt>
      <trkpt lat="33.964602" lon="-111.5605998"><ele>1175</ele>
        <time>2026-09-27T15:49:23Z</time>
      </trkpt>
      <trkpt lat="33.9646485" lon="-111.5606441"><ele>1172</ele>
        <time>2026-09-27T15:49:29Z</time>
      </trkpt>
      <trkpt lat="33.9646863" lon="-111.5606985"><ele>1170</ele>
        <time>2026-09-27T15:49:34Z</time>
      </trkpt>
      <trkpt lat="33.964667" lon="-111.5607553"><ele>1169</ele>
        <time>2026-09-27T15:49:41Z</time>
      </trkpt>
      <trkpt lat="33.9647015" lon="-111.5607943"><ele>1168</ele>
        <time>2026-09-27T15:49:50Z</time>
      </trkpt>
      <trkpt lat="33.9646678" lon="-111.5608348"><ele>1167</ele>
        <time>2026-09-27T15:49:55Z</time>
      </trkpt>
      <trkpt lat="33.9647143" lon="-111.561062"><ele>1165</ele>
        <time>2026-09-27T15:50:13Z</time>
      </trkpt>
      <trkpt lat="33.9646796" lon="-111.5611062"><ele>1163</ele>
        <time>2026-09-27T15:50:17Z</time>
      </trkpt>
      <trkpt lat="33.9646489" lon="-111.5612202"><ele>1162</ele>
        <time>2026-09-27T15:50:25Z</time>
      </trkpt>
      <trkpt lat="33.9646187" lon="-111.5612703"><ele>1162</ele>
        <time>2026-09-27T15:50:29Z</time>
      </trkpt>
      <trkpt lat="33.964573" lon="-111.5613022"><ele>1161</ele>
        <time>2026-09-27T15:50:35Z</time>
      </trkpt>
      <trkpt lat="33.9645452" lon="-111.561345"><ele>1160</ele>
        <time>2026-09-27T15:50:40Z</time>
      </trkpt>
      <trkpt lat="33.9644768" lon="-111.5614144"><ele>1158</ele>
        <time>2026-09-27T15:50:52Z</time>
      </trkpt>
      <trkpt lat="33.9644242" lon="-111.5614967"><ele>1157</ele>
        <time>2026-09-27T15:51:02Z</time>
      </trkpt>
      <trkpt lat="33.9643213" lon="-111.5616068"><ele>1156</ele>
        <time>2026-09-27T15:51:15Z</time>
      </trkpt>
      <trkpt lat="33.9643064" lon="-111.5616626"><ele>1156</ele>
        <time>2026-09-27T15:51:19Z</time>
      </trkpt>
      <trkpt lat="33.9643076" lon="-111.5617135"><ele>1155</ele>
        <time>2026-09-27T15:51:22Z</time>
      </trkpt>
      <trkpt lat="33.9642716" lon="-111.5618053"><ele>1154</ele>
        <time>2026-09-27T15:51:28Z</time>
      </trkpt>
      <trkpt lat="33.9642658" lon="-111.5619094"><ele>1155</ele>
        <time>2026-09-27T15:51:34Z</time>
      </trkpt>
      <trkpt lat="33.9642729" lon="-111.5620142"><ele>1155</ele>
        <time>2026-09-27T15:51:42Z</time>
      </trkpt>
      <trkpt lat="33.9643072" lon="-111.5620462"><ele>1155</ele>
        <time>2026-09-27T15:51:46Z</time>
      </trkpt>
      <trkpt lat="33.9643152" lon="-111.5620975"><ele>1153</ele>
        <time>2026-09-27T15:51:50Z</time>
      </trkpt>
      <trkpt lat="33.9643741" lon="-111.5622505"><ele>1152</ele>
        <time>2026-09-27T15:52:01Z</time>
      </trkpt>
      <trkpt lat="33.9644098" lon="-111.5622892"><ele>1152</ele>
        <time>2026-09-27T15:52:25Z</time>
      </trkpt>
      <trkpt lat="33.9644744" lon="-111.5623247"><ele>1152</ele>
        <time>2026-09-27T15:52:48Z</time>
      </trkpt>
      <trkpt lat="33.9645263" lon="-111.5623686"><ele>1151</ele>
        <time>2026-09-27T15:52:55Z</time>
      </trkpt>
      <trkpt lat="33.9644631" lon="-111.5623204"><ele>1143</ele>
        <time>2026-09-27T15:53:22Z</time>
      </trkpt>
      <trkpt lat="33.9643343" lon="-111.5624036"><ele>1138</ele>
        <time>2026-09-27T15:53:53Z</time>
      </trkpt>
      <trkpt lat="33.9643416" lon="-111.5624823"><ele>1137</ele>
        <time>2026-09-27T15:54:02Z</time>
      </trkpt>
      <trkpt lat="33.9643024" lon="-111.5625545"><ele>1135</ele>
        <time>2026-09-27T15:54:12Z</time>
      </trkpt>
      <trkpt lat="33.9641913" lon="-111.56269"><ele>1136</ele>
        <time>2026-09-27T15:54:35Z</time>
      </trkpt>
      <trkpt lat="33.964152" lon="-111.5627552"><ele>1134</ele>
        <time>2026-09-27T15:54:43Z</time>
      </trkpt>
      <trkpt lat="33.9641243" lon="-111.5628156"><ele>1132</ele>
        <time>2026-09-27T15:54:50Z</time>
      </trkpt>
      <trkpt lat="33.9641179" lon="-111.562875"><ele>1131</ele>
        <time>2026-09-27T15:54:57Z</time>
      </trkpt>
      <trkpt lat="33.964073" lon="-111.5628986"><ele>1130</ele>
        <time>2026-09-27T15:55:02Z</time>
      </trkpt>
      <trkpt lat="33.96404" lon="-111.5629467"><ele>1128</ele>
        <time>2026-09-27T15:55:09Z</time>
      </trkpt>
      <trkpt lat="33.9640019" lon="-111.5629804"><ele>1128</ele>
        <time>2026-09-27T15:55:14Z</time>
      </trkpt>
      <trkpt lat="33.9639603" lon="-111.5629931"><ele>1127</ele>
        <time>2026-09-27T15:55:20Z</time>
      </trkpt>
      <trkpt lat="33.9639267" lon="-111.5630205"><ele>1127</ele>
        <time>2026-09-27T15:55:27Z</time>
      </trkpt>
      <trkpt lat="33.9639226" lon="-111.5631205"><ele>1126</ele>
        <time>2026-09-27T15:55:35Z</time>
      </trkpt>
      <trkpt lat="33.9638814" lon="-111.5631309"><ele>1126</ele>
        <time>2026-09-27T15:55:39Z</time>
      </trkpt>
      <trkpt lat="33.9637549" lon="-111.5632732"><ele>1124</ele>
        <time>2026-09-27T15:56:17Z</time>
      </trkpt>
      <trkpt lat="33.963732" lon="-111.563367"><ele>1124</ele>
        <time>2026-09-27T15:56:25Z</time>
      </trkpt>
      <trkpt lat="33.9636774" lon="-111.563415"><ele>1124</ele>
        <time>2026-09-27T15:56:32Z</time>
      </trkpt>
      <trkpt lat="33.9636443" lon="-111.563484"><ele>1124</ele>
        <time>2026-09-27T15:56:38Z</time>
      </trkpt>
      <trkpt lat="33.9636263" lon="-111.5637139"><ele>1121</ele>
        <time>2026-09-27T15:56:55Z</time>
      </trkpt>
      <trkpt lat="33.9636387" lon="-111.5638466"><ele>1122</ele>
        <time>2026-09-27T15:57:05Z</time>
      </trkpt>
      <trkpt lat="33.9635833" lon="-111.5640576"><ele>1121</ele>
        <time>2026-09-27T15:57:21Z</time>
      </trkpt>
      <trkpt lat="33.9634662" lon="-111.5641616"><ele>1120</ele>
        <time>2026-09-27T15:57:34Z</time>
      </trkpt>
      <trkpt lat="33.9634759" lon="-111.5642087"><ele>1119</ele>
        <time>2026-09-27T15:57:45Z</time>
      </trkpt>
      <trkpt lat="33.9633765" lon="-111.5642338"><ele>1116</ele>
        <time>2026-09-27T15:58:36Z</time>
      </trkpt>
      <trkpt lat="33.963413" lon="-111.5643046"><ele>1113</ele>
        <time>2026-09-27T15:58:42Z</time>
      </trkpt>
      <trkpt lat="33.9634117" lon="-111.5643796"><ele>1113</ele>
        <time>2026-09-27T15:58:49Z</time>
      </trkpt>
      <trkpt lat="33.9633807" lon="-111.5644315"><ele>1113</ele>
        <time>2026-09-27T15:58:57Z</time>
      </trkpt>
      <trkpt lat="33.963386" lon="-111.5644911"><ele>1113</ele>
        <time>2026-09-27T15:59:02Z</time>
      </trkpt>
      <trkpt lat="33.9634356" lon="-111.5646551"><ele>1109</ele>
        <time>2026-09-27T15:59:16Z</time>
      </trkpt>
      <trkpt lat="33.9634394" lon="-111.5647089"><ele>1106</ele>
        <time>2026-09-27T15:59:21Z</time>
      </trkpt>
      <trkpt lat="33.9634554" lon="-111.5647562"><ele>1105</ele>
        <time>2026-09-27T15:59:26Z</time>
      </trkpt>
      <trkpt lat="33.9634488" lon="-111.5648071"><ele>1104</ele>
        <time>2026-09-27T15:59:34Z</time>
      </trkpt>
      <trkpt lat="33.9635185" lon="-111.564949"><ele>1104</ele>
        <time>2026-09-27T15:59:51Z</time>
      </trkpt>
      <trkpt lat="33.9635301" lon="-111.5651275"><ele>1100</ele>
        <time>2026-09-27T16:00:12Z</time>
      </trkpt>
      <trkpt lat="33.9635077" lon="-111.5652308"><ele>1097</ele>
        <time>2026-09-27T16:00:25Z</time>
      </trkpt>
      <trkpt lat="33.9635205" lon="-111.5653173"><ele>1095</ele>
        <time>2026-09-27T16:00:36Z</time>
      </trkpt>
      <trkpt lat="33.9634644" lon="-111.5653622"><ele>1091</ele>
        <time>2026-09-27T16:00:46Z</time>
      </trkpt>
      <trkpt lat="33.9634647" lon="-111.5654242"><ele>1092</ele>
        <time>2026-09-27T16:00:58Z</time>
      </trkpt>
      <trkpt lat="33.9634149" lon="-111.5654647"><ele>1090</ele>
        <time>2026-09-27T16:01:08Z</time>
      </trkpt>
      <trkpt lat="33.9634381" lon="-111.5655294"><ele>1087</ele>
        <time>2026-09-27T16:01:15Z</time>
      </trkpt>
      <trkpt lat="33.9633849" lon="-111.5655892"><ele>1085</ele>
        <time>2026-09-27T16:01:25Z</time>
      </trkpt>
      <trkpt lat="33.9634021" lon="-111.5656573"><ele>1081</ele>
        <time>2026-09-27T16:01:36Z</time>
      </trkpt>
      <trkpt lat="33.9633649" lon="-111.5657063"><ele>1080</ele>
        <time>2026-09-27T16:01:42Z</time>
      </trkpt>
      <trkpt lat="33.9633118" lon="-111.5658244"><ele>1079</ele>
        <time>2026-09-27T16:01:57Z</time>
      </trkpt>
      <trkpt lat="33.9632726" lon="-111.5658545"><ele>1076</ele>
        <time>2026-09-27T16:02:03Z</time>
      </trkpt>
      <trkpt lat="33.9632798" lon="-111.5659144"><ele>1075</ele>
        <time>2026-09-27T16:02:07Z</time>
      </trkpt>
      <trkpt lat="33.9632999" lon="-111.5659691"><ele>1074</ele>
        <time>2026-09-27T16:02:13Z</time>
      </trkpt>
      <trkpt lat="33.963282" lon="-111.5660212"><ele>1074</ele>
        <time>2026-09-27T16:02:18Z</time>
      </trkpt>
      <trkpt lat="33.9632458" lon="-111.5660507"><ele>1073</ele>
        <time>2026-09-27T16:02:23Z</time>
      </trkpt>
      <trkpt lat="33.9630788" lon="-111.5661366"><ele>1071</ele>
        <time>2026-09-27T16:02:38Z</time>
      </trkpt>
      <trkpt lat="33.9630495" lon="-111.566232"><ele>1070</ele>
        <time>2026-09-27T16:02:45Z</time>
      </trkpt>
      <trkpt lat="33.9629405" lon="-111.5663677"><ele>1069</ele>
        <time>2026-09-27T16:02:57Z</time>
      </trkpt>
      <trkpt lat="33.9628901" lon="-111.5664623"><ele>1068</ele>
        <time>2026-09-27T16:03:05Z</time>
      </trkpt>
      <trkpt lat="33.9627817" lon="-111.5665712"><ele>1067</ele>
        <time>2026-09-27T16:03:17Z</time>
      </trkpt>
      <trkpt lat="33.9627389" lon="-111.5665873"><ele>1066</ele>
        <time>2026-09-27T16:03:21Z</time>
      </trkpt>
      <trkpt lat="33.9626946" lon="-111.5666279"><ele>1065</ele>
        <time>2026-09-27T16:03:35Z</time>
      </trkpt>
      <trkpt lat="33.9626675" lon="-111.5666717"><ele>1065</ele>
        <time>2026-09-27T16:03:43Z</time>
      </trkpt>
      <trkpt lat="33.9626821" lon="-111.5667218"><ele>1065</ele>
        <time>2026-09-27T16:03:50Z</time>
      </trkpt>
      <trkpt lat="33.962723" lon="-111.5667371"><ele>1065</ele>
        <time>2026-09-27T16:03:54Z</time>
      </trkpt>
      <trkpt lat="33.9627504" lon="-111.5667797"><ele>1065</ele>
        <time>2026-09-27T16:03:58Z</time>
      </trkpt>
      <trkpt lat="33.9627934" lon="-111.5668029"><ele>1064</ele>
        <time>2026-09-27T16:04:03Z</time>
      </trkpt>
      <trkpt lat="33.9628362" lon="-111.5668065"><ele>1064</ele>
        <time>2026-09-27T16:04:08Z</time>
      </trkpt>
      <trkpt lat="33.9628889" lon="-111.5668508"><ele>1064</ele>
        <time>2026-09-27T16:04:22Z</time>
      </trkpt>
      <trkpt lat="33.9628766" lon="-111.5669421"><ele>1063</ele>
        <time>2026-09-27T16:04:34Z</time>
      </trkpt>
      <trkpt lat="33.9628201" lon="-111.567059"><ele>1063</ele>
        <time>2026-09-27T16:04:54Z</time>
      </trkpt>
      <trkpt lat="33.9627549" lon="-111.5671358"><ele>1062</ele>
        <time>2026-09-27T16:05:03Z</time>
      </trkpt>
      <trkpt lat="33.9626725" lon="-111.5671819"><ele>1062</ele>
        <time>2026-09-27T16:05:30Z</time>
      </trkpt>
      <trkpt lat="33.9626061" lon="-111.5672048"><ele>1062</ele>
        <time>2026-09-27T16:05:37Z</time>
      </trkpt>
      <trkpt lat="33.9625643" lon="-111.567264"><ele>1062</ele>
        <time>2026-09-27T16:05:42Z</time>
      </trkpt>
      <trkpt lat="33.9625504" lon="-111.5674095"><ele>1061</ele>
        <time>2026-09-27T16:05:52Z</time>
      </trkpt>
      <trkpt lat="33.9624862" lon="-111.5675071"><ele>1060</ele>
        <time>2026-09-27T16:06:00Z</time>
      </trkpt>
      <trkpt lat="33.9624003" lon="-111.5675489"><ele>1059</ele>
        <time>2026-09-27T16:06:10Z</time>
      </trkpt>
      <trkpt lat="33.9623285" lon="-111.5676293"><ele>1059</ele>
        <time>2026-09-27T16:06:18Z</time>
      </trkpt>
      <trkpt lat="33.9622998" lon="-111.5677505"><ele>1058</ele>
        <time>2026-09-27T16:06:26Z</time>
      </trkpt>
      <trkpt lat="33.9622693" lon="-111.5678035"><ele>1058</ele>
        <time>2026-09-27T16:06:30Z</time>
      </trkpt>
      <trkpt lat="33.9622606" lon="-111.5678593"><ele>1056</ele>
        <time>2026-09-27T16:06:34Z</time>
      </trkpt>
      <trkpt lat="33.9622268" lon="-111.5678968"><ele>1055</ele>
        <time>2026-09-27T16:06:38Z</time>
      </trkpt>
      <trkpt lat="33.9621785" lon="-111.5680016"><ele>1055</ele>
        <time>2026-09-27T16:06:46Z</time>
      </trkpt>
      <trkpt lat="33.9621619" lon="-111.5682911"><ele>1052</ele>
        <time>2026-09-27T16:07:09Z</time>
      </trkpt>
      <trkpt lat="33.9620937" lon="-111.5683652"><ele>1051</ele>
        <time>2026-09-27T16:07:18Z</time>
      </trkpt>
      <trkpt lat="33.962072" lon="-111.5684157"><ele>1050</ele>
        <time>2026-09-27T16:07:22Z</time>
      </trkpt>
      <trkpt lat="33.9620559" lon="-111.5685295"><ele>1049</ele>
        <time>2026-09-27T16:07:30Z</time>
      </trkpt>
      <trkpt lat="33.9620141" lon="-111.5685526"><ele>1049</ele>
        <time>2026-09-27T16:07:34Z</time>
      </trkpt>
      <trkpt lat="33.962013" lon="-111.5686067"><ele>1049</ele>
        <time>2026-09-27T16:07:38Z</time>
      </trkpt>
      <trkpt lat="33.9620261" lon="-111.5686648"><ele>1048</ele>
        <time>2026-09-27T16:07:43Z</time>
      </trkpt>
      <trkpt lat="33.9620581" lon="-111.5686975"><ele>1048</ele>
        <time>2026-09-27T16:07:47Z</time>
      </trkpt>
      <trkpt lat="33.9620573" lon="-111.5687566"><ele>1048</ele>
        <time>2026-09-27T16:07:51Z</time>
      </trkpt>
      <trkpt lat="33.9620398" lon="-111.5688025"><ele>1047</ele>
        <time>2026-09-27T16:07:54Z</time>
      </trkpt>
      <trkpt lat="33.9620047" lon="-111.5688275"><ele>1047</ele>
        <time>2026-09-27T16:07:59Z</time>
      </trkpt>
      <trkpt lat="33.9619959" lon="-111.5688794"><ele>1047</ele>
        <time>2026-09-27T16:08:08Z</time>
      </trkpt>
      <trkpt lat="33.962036" lon="-111.5689251"><ele>1047</ele>
        <time>2026-09-27T16:08:17Z</time>
      </trkpt>
      <trkpt lat="33.9620761" lon="-111.5690033"><ele>1046</ele>
        <time>2026-09-27T16:09:04Z</time>
      </trkpt>
      <trkpt lat="33.9620515" lon="-111.5692185"><ele>1045</ele>
        <time>2026-09-27T16:09:22Z</time>
      </trkpt>
      <trkpt lat="33.9620105" lon="-111.569292"><ele>1045</ele>
        <time>2026-09-27T16:09:29Z</time>
      </trkpt>
      <trkpt lat="33.9620017" lon="-111.5693738"><ele>1044</ele>
        <time>2026-09-27T16:09:35Z</time>
      </trkpt>
      <trkpt lat="33.9620242" lon="-111.5695255"><ele>1044</ele>
        <time>2026-09-27T16:09:47Z</time>
      </trkpt>
      <trkpt lat="33.9620524" lon="-111.5695853"><ele>1043</ele>
        <time>2026-09-27T16:09:51Z</time>
      </trkpt>
      <trkpt lat="33.9620698" lon="-111.569661"><ele>1043</ele>
        <time>2026-09-27T16:09:56Z</time>
      </trkpt>
      <trkpt lat="33.9620672" lon="-111.5697234"><ele>1042</ele>
        <time>2026-09-27T16:10:00Z</time>
      </trkpt>
      <trkpt lat="33.9620317" lon="-111.5697602"><ele>1042</ele>
        <time>2026-09-27T16:10:06Z</time>
      </trkpt>
      <trkpt lat="33.9620043" lon="-111.5698185"><ele>1042</ele>
        <time>2026-09-27T16:10:10Z</time>
      </trkpt>
      <trkpt lat="33.9619672" lon="-111.569934"><ele>1041</ele>
        <time>2026-09-27T16:10:19Z</time>
      </trkpt>
      <trkpt lat="33.961964" lon="-111.5699969"><ele>1041</ele>
        <time>2026-09-27T16:10:25Z</time>
      </trkpt>
      <trkpt lat="33.9619125" lon="-111.5699882"><ele>1041</ele>
        <time>2026-09-27T16:10:30Z</time>
      </trkpt>
      <trkpt lat="33.9618699" lon="-111.5699632"><ele>1041</ele>
        <time>2026-09-27T16:10:36Z</time>
      </trkpt>
      <trkpt lat="33.9617682" lon="-111.5700026"><ele>1041</ele>
        <time>2026-09-27T16:10:46Z</time>
      </trkpt>
      <trkpt lat="33.9617589" lon="-111.5700589"><ele>1041</ele>
        <time>2026-09-27T16:10:52Z</time>
      </trkpt>
      <trkpt lat="33.9617653" lon="-111.5701275"><ele>1041</ele>
        <time>2026-09-27T16:11:01Z</time>
      </trkpt>
      <trkpt lat="33.9617239" lon="-111.5701708"><ele>1040</ele>
        <time>2026-09-27T16:11:06Z</time>
      </trkpt>
      <trkpt lat="33.9617241" lon="-111.5703008"><ele>1040</ele>
        <time>2026-09-27T16:11:15Z</time>
      </trkpt>
      <trkpt lat="33.9616417" lon="-111.5704035"><ele>1040</ele>
        <time>2026-09-27T16:11:26Z</time>
      </trkpt>
      <trkpt lat="33.9615937" lon="-111.5705201"><ele>1039</ele>
        <time>2026-09-27T16:11:35Z</time>
      </trkpt>
      <trkpt lat="33.9615573" lon="-111.5706994"><ele>1039</ele>
        <time>2026-09-27T16:11:49Z</time>
      </trkpt>
      <trkpt lat="33.9615541" lon="-111.5707655"><ele>1038</ele>
        <time>2026-09-27T16:11:54Z</time>
      </trkpt>
      <trkpt lat="33.9615231" lon="-111.5708076"><ele>1038</ele>
        <time>2026-09-27T16:11:59Z</time>
      </trkpt>
      <trkpt lat="33.9615092" lon="-111.570873"><ele>1037</ele>
        <time>2026-09-27T16:12:06Z</time>
      </trkpt>
      <trkpt lat="33.9614591" lon="-111.5708745"><ele>1037</ele>
        <time>2026-09-27T16:12:18Z</time>
      </trkpt>
      <trkpt lat="33.9614095" lon="-111.5709309"><ele>1036</ele>
        <time>2026-09-27T16:12:35Z</time>
      </trkpt>
      <trkpt lat="33.961371" lon="-111.5710094"><ele>1036</ele>
        <time>2026-09-27T16:12:43Z</time>
      </trkpt>
      <trkpt lat="33.9613228" lon="-111.5710677"><ele>1034</ele>
        <time>2026-09-27T16:12:50Z</time>
      </trkpt>
      <trkpt lat="33.961269" lon="-111.5711072"><ele>1034</ele>
        <time>2026-09-27T16:12:59Z</time>
      </trkpt>
      <trkpt lat="33.9613158" lon="-111.5711435"><ele>1033</ele>
        <time>2026-09-27T16:13:34Z</time>
      </trkpt>
      <trkpt lat="33.9613486" lon="-111.571229"><ele>1033</ele>
        <time>2026-09-27T16:13:46Z</time>
      </trkpt>
      <trkpt lat="33.9613642" lon="-111.5713215"><ele>1031</ele>
        <time>2026-09-27T16:13:56Z</time>
      </trkpt>
      <trkpt lat="33.9613462" lon="-111.571401"><ele>1030</ele>
        <time>2026-09-27T16:14:03Z</time>
      </trkpt>
      <trkpt lat="33.9612707" lon="-111.5716047"><ele>1029</ele>
        <time>2026-09-27T16:14:27Z</time>
      </trkpt>
      <trkpt lat="33.9612394" lon="-111.571794"><ele>1028</ele>
        <time>2026-09-27T16:14:52Z</time>
      </trkpt>
      <trkpt lat="33.96124" lon="-111.5718952"><ele>1028</ele>
        <time>2026-09-27T16:15:00Z</time>
      </trkpt>
      <trkpt lat="33.9612805" lon="-111.5720612"><ele>1028</ele>
        <time>2026-09-27T16:15:15Z</time>
      </trkpt>
      <trkpt lat="33.9612857" lon="-111.5722059"><ele>1027</ele>
        <time>2026-09-27T16:15:30Z</time>
      </trkpt>
      <trkpt lat="33.9613074" lon="-111.5723088"><ele>1027</ele>
        <time>2026-09-27T16:15:39Z</time>
      </trkpt>
      <trkpt lat="33.9613671" lon="-111.5723751"><ele>1027</ele>
        <time>2026-09-27T16:15:47Z</time>
      </trkpt>
      <trkpt lat="33.9614828" lon="-111.5724458"><ele>1027</ele>
        <time>2026-09-27T16:16:00Z</time>
      </trkpt>
      <trkpt lat="33.9615907" lon="-111.5725298"><ele>1027</ele>
        <time>2026-09-27T16:16:21Z</time>
      </trkpt>
      <trkpt lat="33.9615765" lon="-111.5725983"><ele>1027</ele>
        <time>2026-09-27T16:16:28Z</time>
      </trkpt>
      <trkpt lat="33.9615739" lon="-111.5726761"><ele>1027</ele>
        <time>2026-09-27T16:16:39Z</time>
      </trkpt>
      <trkpt lat="33.9615893" lon="-111.5727925"><ele>1027</ele>
        <time>2026-09-27T16:16:54Z</time>
      </trkpt>
      <trkpt lat="33.9615341" lon="-111.5728991"><ele>1026</ele>
        <time>2026-09-27T16:17:15Z</time>
      </trkpt>
      <trkpt lat="33.9615035" lon="-111.5730054"><ele>1025</ele>
        <time>2026-09-27T16:17:35Z</time>
      </trkpt>
      <trkpt lat="33.9615582" lon="-111.5728951"><ele>1024</ele>
        <time>2026-09-27T16:18:22Z</time>
      </trkpt>
      <trkpt lat="33.9615685" lon="-111.5729969"><ele>1023</ele>
        <time>2026-09-27T16:18:58Z</time>
      </trkpt>
      <trkpt lat="33.9615232" lon="-111.5731257"><ele>1023</ele>
        <time>2026-09-27T16:19:08Z</time>
      </trkpt>
      <trkpt lat="33.9614844" lon="-111.5734062"><ele>1022</ele>
        <time>2026-09-27T16:19:33Z</time>
      </trkpt>
      <trkpt lat="33.9615178" lon="-111.5736335"><ele>1022</ele>
        <time>2026-09-27T16:19:50Z</time>
      </trkpt>
      <trkpt lat="33.9615676" lon="-111.5736685"><ele>1022</ele>
        <time>2026-09-27T16:19:56Z</time>
      </trkpt>
      <trkpt lat="33.9616211" lon="-111.5736463"><ele>1022</ele>
        <time>2026-09-27T16:20:05Z</time>
      </trkpt>
      <trkpt lat="33.9616501" lon="-111.5737003"><ele>1021</ele>
        <time>2026-09-27T16:20:09Z</time>
      </trkpt>
      <trkpt lat="33.9616682" lon="-111.573765"><ele>1021</ele>
        <time>2026-09-27T16:20:19Z</time>
      </trkpt>
      <trkpt lat="33.9617243" lon="-111.5738033"><ele>1020</ele>
        <time>2026-09-27T16:20:25Z</time>
      </trkpt>
      <trkpt lat="33.961886" lon="-111.5739637"><ele>1020</ele>
        <time>2026-09-27T16:20:44Z</time>
      </trkpt>
      <trkpt lat="33.9619432" lon="-111.5739928"><ele>1019</ele>
        <time>2026-09-27T16:20:49Z</time>
      </trkpt>
      <trkpt lat="33.9619817" lon="-111.574038"><ele>1019</ele>
        <time>2026-09-27T16:20:53Z</time>
      </trkpt>
      <trkpt lat="33.9620922" lon="-111.5740657"><ele>1019</ele>
        <time>2026-09-27T16:21:02Z</time>
      </trkpt>
      <trkpt lat="33.9621416" lon="-111.574091"><ele>1018</ele>
        <time>2026-09-27T16:21:08Z</time>
      </trkpt>
      <trkpt lat="33.9622079" lon="-111.5741965"><ele>1018</ele>
        <time>2026-09-27T16:21:22Z</time>
      </trkpt>
      <trkpt lat="33.9622931" lon="-111.5742721"><ele>1018</ele>
        <time>2026-09-27T16:21:33Z</time>
      </trkpt>
      <trkpt lat="33.9623429" lon="-111.5743002"><ele>1018</ele>
        <time>2026-09-27T16:21:39Z</time>
      </trkpt>
      <trkpt lat="33.9623737" lon="-111.5743541"><ele>1017</ele>
        <time>2026-09-27T16:21:45Z</time>
      </trkpt>
      <trkpt lat="33.9624215" lon="-111.5743895"><ele>1017</ele>
        <time>2026-09-27T16:21:51Z</time>
      </trkpt>
      <trkpt lat="33.9624396" lon="-111.574452"><ele>1017</ele>
        <time>2026-09-27T16:21:58Z</time>
      </trkpt>
      <trkpt lat="33.9624209" lon="-111.5745161"><ele>1017</ele>
        <time>2026-09-27T16:22:04Z</time>
      </trkpt>
      <trkpt lat="33.962428" lon="-111.5745758"><ele>1017</ele>
        <time>2026-09-27T16:22:08Z</time>
      </trkpt>
      <trkpt lat="33.9624617" lon="-111.5746204"><ele>1016</ele>
        <time>2026-09-27T16:22:14Z</time>
      </trkpt>
      <trkpt lat="33.9625195" lon="-111.5746347"><ele>1016</ele>
        <time>2026-09-27T16:22:20Z</time>
      </trkpt>
      <trkpt lat="33.9625582" lon="-111.5746697"><ele>1016</ele>
        <time>2026-09-27T16:22:28Z</time>
      </trkpt>
      <trkpt lat="33.9626046" lon="-111.5746792"><ele>1016</ele>
        <time>2026-09-27T16:22:33Z</time>
      </trkpt>
      <trkpt lat="33.962644" lon="-111.5747255"><ele>1016</ele>
        <time>2026-09-27T16:22:38Z</time>
      </trkpt>
      <trkpt lat="33.9627479" lon="-111.574715"><ele>1016</ele>
        <time>2026-09-27T16:22:47Z</time>
      </trkpt>
      <trkpt lat="33.962788" lon="-111.5747605"><ele>1016</ele>
        <time>2026-09-27T16:22:57Z</time>
      </trkpt>
      <trkpt lat="33.9628288" lon="-111.574787"><ele>1016</ele>
        <time>2026-09-27T16:23:01Z</time>
      </trkpt>
      <trkpt lat="33.9629689" lon="-111.5749522"><ele>1016</ele>
        <time>2026-09-27T16:23:22Z</time>
      </trkpt>
      <trkpt lat="33.9630389" lon="-111.5750102"><ele>1016</ele>
        <time>2026-09-27T16:23:52Z</time>
      </trkpt>
      <trkpt lat="33.9632139" lon="-111.5752087"><ele>1014</ele>
        <time>2026-09-27T16:24:25Z</time>
      </trkpt>
      <trkpt lat="33.9632462" lon="-111.5752769"><ele>1014</ele>
        <time>2026-09-27T16:24:33Z</time>
      </trkpt>
      <trkpt lat="33.9633264" lon="-111.5753268"><ele>1012</ele>
        <time>2026-09-27T16:25:27Z</time>
      </trkpt>
      <trkpt lat="33.9633802" lon="-111.5754324"><ele>1012</ele>
        <time>2026-09-27T16:25:57Z</time>
      </trkpt>
      <trkpt lat="33.9635159" lon="-111.5756107"><ele>1011</ele>
        <time>2026-09-27T16:26:52Z</time>
      </trkpt>
      <trkpt lat="33.9636012" lon="-111.5756795"><ele>1010</ele>
        <time>2026-09-27T16:27:15Z</time>
      </trkpt>
      <trkpt lat="33.9636704" lon="-111.5758274"><ele>1009</ele>
        <time>2026-09-27T16:27:40Z</time>
      </trkpt>
      <trkpt lat="33.9637006" lon="-111.5759426"><ele>1009</ele>
        <time>2026-09-27T16:28:07Z</time>
      </trkpt>
      <trkpt lat="33.9636864" lon="-111.5760512"><ele>1008</ele>
        <time>2026-09-27T16:28:19Z</time>
      </trkpt>
      <trkpt lat="33.9637217" lon="-111.5761427"><ele>1008</ele>
        <time>2026-09-27T16:28:31Z</time>
      </trkpt>
      <trkpt lat="33.9637309" lon="-111.5762524"><ele>1007</ele>
        <time>2026-09-27T16:28:45Z</time>
      </trkpt>
      <trkpt lat="33.9637646" lon="-111.5763559"><ele>1007</ele>
        <time>2026-09-27T16:28:59Z</time>
      </trkpt>
      <trkpt lat="33.9637999" lon="-111.576422"><ele>1007</ele>
        <time>2026-09-27T16:29:32Z</time>
      </trkpt>
      <trkpt lat="33.9638906" lon="-111.5765063"><ele>1006</ele>
        <time>2026-09-27T16:29:47Z</time>
      </trkpt>
      <trkpt lat="33.9639351" lon="-111.5765963"><ele>1005</ele>
        <time>2026-09-27T16:30:01Z</time>
      </trkpt>
      <trkpt lat="33.9640195" lon="-111.5766471"><ele>1005</ele>
        <time>2026-09-27T16:30:19Z</time>
      </trkpt>
      <trkpt lat="33.9640933" lon="-111.5767158"><ele>1004</ele>
        <time>2026-09-27T16:30:33Z</time>
      </trkpt>
      <trkpt lat="33.9642056" lon="-111.5767815"><ele>1003</ele>
        <time>2026-09-27T16:31:03Z</time>
      </trkpt>
      <trkpt lat="33.9642891" lon="-111.5768126"><ele>1002</ele>
        <time>2026-09-27T16:31:44Z</time>
      </trkpt>
      <trkpt lat="33.9644041" lon="-111.5768395"><ele>1001</ele>
        <time>2026-09-27T16:32:05Z</time>
      </trkpt>
      <trkpt lat="33.9644644" lon="-111.5769237"><ele>1000</ele>
        <time>2026-09-27T16:32:19Z</time>
      </trkpt>
      <trkpt lat="33.9644602" lon="-111.5770216"><ele>1000</ele>
        <time>2026-09-27T16:32:38Z</time>
      </trkpt>
      <trkpt lat="33.9645024" lon="-111.5770869"><ele>1000</ele>
        <time>2026-09-27T16:32:50Z</time>
      </trkpt>
      <trkpt lat="33.9645644" lon="-111.5770939"><ele>1000</ele>
        <time>2026-09-27T16:33:20Z</time>
      </trkpt>
      <trkpt lat="33.9646224" lon="-111.5771428"><ele>999</ele>
        <time>2026-09-27T16:33:50Z</time>
      </trkpt>
      <trkpt lat="33.9647205" lon="-111.5771007"><ele>998</ele>
        <time>2026-09-27T16:34:07Z</time>
      </trkpt>
      <trkpt lat="33.9647417" lon="-111.5771894"><ele>998</ele>
        <time>2026-09-27T16:34:18Z</time>
      </trkpt>
      <trkpt lat="33.9647464" lon="-111.5772775"><ele>998</ele>
        <time>2026-09-27T16:34:28Z</time>
      </trkpt>
      <trkpt lat="33.9648005" lon="-111.5773129"><ele>998</ele>
        <time>2026-09-27T16:34:34Z</time>
      </trkpt>
      <trkpt lat="33.9648278" lon="-111.5773693"><ele>998</ele>
        <time>2026-09-27T16:34:38Z</time>
      </trkpt>
      <trkpt lat="33.9648183" lon="-111.5774273"><ele>998</ele>
        <time>2026-09-27T16:34:42Z</time>
      </trkpt>
      <trkpt lat="33.9648886" lon="-111.5774767"><ele>997</ele>
        <time>2026-09-27T16:35:11Z</time>
      </trkpt>
      <trkpt lat="33.9649137" lon="-111.5775725"><ele>997</ele>
        <time>2026-09-27T16:35:21Z</time>
      </trkpt>
      <trkpt lat="33.9648933" lon="-111.5776539"><ele>996</ele>
        <time>2026-09-27T16:45:51Z</time>
      </trkpt>
      <trkpt lat="33.9650117" lon="-111.5777491"><ele>995</ele>
        <time>2026-09-27T16:47:18Z</time>
      </trkpt>
      <trkpt lat="33.9650654" lon="-111.5778141"><ele>995</ele>
        <time>2026-09-27T16:47:32Z</time>
      </trkpt>
      <trkpt lat="33.9651179" lon="-111.5778555"><ele>995</ele>
        <time>2026-09-27T16:47:39Z</time>
      </trkpt>
      <trkpt lat="33.9651592" lon="-111.5778073"><ele>995</ele>
        <time>2026-09-27T16:47:48Z</time>
      </trkpt>
      <trkpt lat="33.9651836" lon="-111.5777526"><ele>994</ele>
        <time>2026-09-27T16:47:53Z</time>
      </trkpt>
      <trkpt lat="33.9652344" lon="-111.5777474"><ele>994</ele>
        <time>2026-09-27T16:47:57Z</time>
      </trkpt>
      <trkpt lat="33.9652674" lon="-111.5777958"><ele>994</ele>
        <time>2026-09-27T16:48:02Z</time>
      </trkpt>
      <trkpt lat="33.9653596" lon="-111.5778643"><ele>994</ele>
        <time>2026-09-27T16:48:10Z</time>
      </trkpt>
      <trkpt lat="33.965396" lon="-111.57797"><ele>994</ele>
        <time>2026-09-27T16:48:22Z</time>
      </trkpt>
      <trkpt lat="33.9653987" lon="-111.5780244"><ele>994</ele>
        <time>2026-09-27T16:48:31Z</time>
      </trkpt>
      <trkpt lat="33.9654314" lon="-111.5781278"><ele>993</ele>
        <time>2026-09-27T16:48:42Z</time>
      </trkpt>
      <trkpt lat="33.9655209" lon="-111.578099"><ele>993</ele>
        <time>2026-09-27T16:48:56Z</time>
      </trkpt>
      <trkpt lat="33.9655507" lon="-111.5781541"><ele>993</ele>
        <time>2026-09-27T16:49:01Z</time>
      </trkpt>
      <trkpt lat="33.965589" lon="-111.5781913"><ele>992</ele>
        <time>2026-09-27T16:49:07Z</time>
      </trkpt>
      <trkpt lat="33.9656013" lon="-111.5783029"><ele>992</ele>
        <time>2026-09-27T16:49:24Z</time>
      </trkpt>
      <trkpt lat="33.9656414" lon="-111.5783267"><ele>992</ele>
        <time>2026-09-27T16:49:29Z</time>
      </trkpt>
      <trkpt lat="33.9656559" lon="-111.5783852"><ele>992</ele>
        <time>2026-09-27T16:49:39Z</time>
      </trkpt>
      <trkpt lat="33.9656646" lon="-111.5784463"><ele>991</ele>
        <time>2026-09-27T16:49:51Z</time>
      </trkpt>
      <trkpt lat="33.965655" lon="-111.5785013"><ele>991</ele>
        <time>2026-09-27T16:49:59Z</time>
      </trkpt>
      <trkpt lat="33.9656941" lon="-111.5786768"><ele>990</ele>
        <time>2026-09-27T16:50:45Z</time>
      </trkpt>
      <trkpt lat="33.9657479" lon="-111.5786467"><ele>989</ele>
        <time>2026-09-27T16:51:02Z</time>
      </trkpt>
      <trkpt lat="33.965787" lon="-111.5786833"><ele>988</ele>
        <time>2026-09-27T16:51:12Z</time>
      </trkpt>
      <trkpt lat="33.9657892" lon="-111.5787439"><ele>987</ele>
        <time>2026-09-27T16:51:21Z</time>
      </trkpt>
      <trkpt lat="33.9658166" lon="-111.5787882"><ele>988</ele>
        <time>2026-09-27T16:51:29Z</time>
      </trkpt>
      <trkpt lat="33.965858" lon="-111.578821"><ele>987</ele>
        <time>2026-09-27T16:51:37Z</time>
      </trkpt>
      <trkpt lat="33.9658675" lon="-111.5788805"><ele>987</ele>
        <time>2026-09-27T16:52:07Z</time>
      </trkpt>
      <trkpt lat="33.9660049" lon="-111.5789805"><ele>985</ele>
        <time>2026-09-27T16:52:38Z</time>
      </trkpt>
      <trkpt lat="33.9660492" lon="-111.5790519"><ele>985</ele>
        <time>2026-09-27T16:52:46Z</time>
      </trkpt>
      <trkpt lat="33.9660971" lon="-111.5791054"><ele>985</ele>
        <time>2026-09-27T16:52:52Z</time>
      </trkpt>
      <trkpt lat="33.9660974" lon="-111.579229"><ele>982</ele>
        <time>2026-09-27T16:53:20Z</time>
      </trkpt>
      <trkpt lat="33.9661221" lon="-111.5792787"><ele>981</ele>
        <time>2026-09-27T16:53:26Z</time>
      </trkpt>
      <trkpt lat="33.9661624" lon="-111.5793001"><ele>979</ele>
        <time>2026-09-27T16:53:35Z</time>
      </trkpt>
      <trkpt lat="33.9662097" lon="-111.5792973"><ele>979</ele>
        <time>2026-09-27T16:53:41Z</time>
      </trkpt>
      <trkpt lat="33.9662195" lon="-111.5794087"><ele>978</ele>
        <time>2026-09-27T16:54:02Z</time>
      </trkpt>
      <trkpt lat="33.9662865" lon="-111.57949"><ele>977</ele>
        <time>2026-09-27T16:54:16Z</time>
      </trkpt>
      <trkpt lat="33.9663595" lon="-111.5795298"><ele>976</ele>
        <time>2026-09-27T16:54:24Z</time>
      </trkpt>
      <trkpt lat="33.9664038" lon="-111.5795399"><ele>976</ele>
        <time>2026-09-27T16:54:28Z</time>
      </trkpt>
      <trkpt lat="33.9664588" lon="-111.5796272"><ele>975</ele>
        <time>2026-09-27T16:54:39Z</time>
      </trkpt>
      <trkpt lat="33.9665204" lon="-111.5797703"><ele>974</ele>
        <time>2026-09-27T16:54:55Z</time>
      </trkpt>
      <trkpt lat="33.9665505" lon="-111.579814"><ele>974</ele>
        <time>2026-09-27T16:55:03Z</time>
      </trkpt>
      <trkpt lat="33.9665366" lon="-111.5799445"><ele>973</ele>
        <time>2026-09-27T16:55:19Z</time>
      </trkpt>
      <trkpt lat="33.9665019" lon="-111.5799773"><ele>973</ele>
        <time>2026-09-27T16:55:26Z</time>
      </trkpt>
      <trkpt lat="33.9665189" lon="-111.5800469"><ele>972</ele>
        <time>2026-09-27T16:55:31Z</time>
      </trkpt>
      <trkpt lat="33.9664679" lon="-111.5802363"><ele>971</ele>
        <time>2026-09-27T16:55:53Z</time>
      </trkpt>
      <trkpt lat="33.9664758" lon="-111.5803098"><ele>971</ele>
        <time>2026-09-27T16:56:00Z</time>
      </trkpt>
      <trkpt lat="33.9664553" lon="-111.5804294"><ele>970</ele>
        <time>2026-09-27T16:56:11Z</time>
      </trkpt>
      <trkpt lat="33.9665265" lon="-111.5805272"><ele>969</ele>
        <time>2026-09-27T16:56:22Z</time>
      </trkpt>
      <trkpt lat="33.9666173" lon="-111.5806785"><ele>968</ele>
        <time>2026-09-27T16:56:38Z</time>
      </trkpt>
      <trkpt lat="33.966682" lon="-111.5807499"><ele>968</ele>
        <time>2026-09-27T16:56:48Z</time>
      </trkpt>
      <trkpt lat="33.9667141" lon="-111.5808022"><ele>967</ele>
        <time>2026-09-27T16:56:53Z</time>
      </trkpt>
      <trkpt lat="33.966734" lon="-111.5808969"><ele>967</ele>
        <time>2026-09-27T16:57:01Z</time>
      </trkpt>
      <trkpt lat="33.9667311" lon="-111.5809511"><ele>967</ele>
        <time>2026-09-27T16:57:05Z</time>
      </trkpt>
      <trkpt lat="33.966749" lon="-111.5809996"><ele>967</ele>
        <time>2026-09-27T16:57:11Z</time>
      </trkpt>
      <trkpt lat="33.9667223" lon="-111.5810533"><ele>966</ele>
        <time>2026-09-27T16:57:17Z</time>
      </trkpt>
      <trkpt lat="33.9667276" lon="-111.5811053"><ele>966</ele>
        <time>2026-09-27T16:57:22Z</time>
      </trkpt>
      <trkpt lat="33.9667553" lon="-111.5811402"><ele>966</ele>
        <time>2026-09-27T16:57:26Z</time>
      </trkpt>
      <trkpt lat="33.9667993" lon="-111.5812427"><ele>966</ele>
        <time>2026-09-27T16:57:36Z</time>
      </trkpt>
      <trkpt lat="33.9668895" lon="-111.5812422"><ele>966</ele>
        <time>2026-09-27T16:57:53Z</time>
      </trkpt>
      <trkpt lat="33.9669232" lon="-111.5812725"><ele>966</ele>
        <time>2026-09-27T16:57:57Z</time>
      </trkpt>
      <trkpt lat="33.9669683" lon="-111.5813663"><ele>966</ele>
        <time>2026-09-27T16:58:06Z</time>
      </trkpt>
      <trkpt lat="33.967018" lon="-111.5813675"><ele>966</ele>
        <time>2026-09-27T16:58:10Z</time>
      </trkpt>
      <trkpt lat="33.9670555" lon="-111.5813909"><ele>966</ele>
        <time>2026-09-27T16:58:13Z</time>
      </trkpt>
      <trkpt lat="33.9671162" lon="-111.5814796"><ele>966</ele>
        <time>2026-09-27T16:58:21Z</time>
      </trkpt>
      <trkpt lat="33.9671324" lon="-111.5815903"><ele>966</ele>
        <time>2026-09-27T16:58:30Z</time>
      </trkpt>
      <trkpt lat="33.9671308" lon="-111.5816459"><ele>966</ele>
        <time>2026-09-27T16:58:34Z</time>
      </trkpt>
      <trkpt lat="33.9671139" lon="-111.5816919"><ele>966</ele>
        <time>2026-09-27T16:58:38Z</time>
      </trkpt>
      <trkpt lat="33.9670828" lon="-111.5817282"><ele>966</ele>
        <time>2026-09-27T16:58:43Z</time>
      </trkpt>
      <trkpt lat="33.9670932" lon="-111.5817817"><ele>965</ele>
        <time>2026-09-27T16:58:47Z</time>
      </trkpt>
      <trkpt lat="33.9670774" lon="-111.581833"><ele>965</ele>
        <time>2026-09-27T16:58:51Z</time>
      </trkpt>
      <trkpt lat="33.9670965" lon="-111.581907"><ele>965</ele>
        <time>2026-09-27T16:59:01Z</time>
      </trkpt>
      <trkpt lat="33.9671382" lon="-111.5819275"><ele>964</ele>
        <time>2026-09-27T16:59:06Z</time>
      </trkpt>
      <trkpt lat="33.967124" lon="-111.5819801"><ele>964</ele>
        <time>2026-09-27T16:59:10Z</time>
      </trkpt>
      <trkpt lat="33.9671587" lon="-111.5820159"><ele>964</ele>
        <time>2026-09-27T16:59:15Z</time>
      </trkpt>
      <trkpt lat="33.9671191" lon="-111.581917"><ele>964</ele>
        <time>2026-09-27T17:00:10Z</time>
      </trkpt>
      <trkpt lat="33.9671435" lon="-111.5820411"><ele>963</ele>
        <time>2026-09-27T17:00:57Z</time>
      </trkpt>
      <trkpt lat="33.967118" lon="-111.5820972"><ele>963</ele>
        <time>2026-09-27T17:01:15Z</time>
      </trkpt>
      <trkpt lat="33.9671606" lon="-111.5821462"><ele>962</ele>
        <time>2026-09-27T17:01:28Z</time>
      </trkpt>
      <trkpt lat="33.9671925" lon="-111.5822047"><ele>961</ele>
        <time>2026-09-27T17:01:59Z</time>
      </trkpt>
      <trkpt lat="33.9672188" lon="-111.5823032"><ele>960</ele>
        <time>2026-09-27T17:02:46Z</time>
      </trkpt>
      <trkpt lat="33.9672834" lon="-111.5824437"><ele>960</ele>
        <time>2026-09-27T17:03:15Z</time>
      </trkpt>
      <trkpt lat="33.9674808" lon="-111.5826582"><ele>958</ele>
        <time>2026-09-27T17:03:48Z</time>
      </trkpt>
      <trkpt lat="33.9674736" lon="-111.5827307"><ele>958</ele>
        <time>2026-09-27T17:04:06Z</time>
      </trkpt>
      <trkpt lat="33.9674936" lon="-111.5827988"><ele>958</ele>
        <time>2026-09-27T17:04:15Z</time>
      </trkpt>
      <trkpt lat="33.9675336" lon="-111.5828434"><ele>958</ele>
        <time>2026-09-27T17:04:24Z</time>
      </trkpt>
      <trkpt lat="33.9676197" lon="-111.5829823"><ele>957</ele>
        <time>2026-09-27T17:04:38Z</time>
      </trkpt>
      <trkpt lat="33.9676449" lon="-111.5830497"><ele>956</ele>
        <time>2026-09-27T17:04:48Z</time>
      </trkpt>
      <trkpt lat="33.9677153" lon="-111.5831607"><ele>956</ele>
        <time>2026-09-27T17:05:03Z</time>
      </trkpt>
      <trkpt lat="33.9676971" lon="-111.5832994"><ele>955</ele>
        <time>2026-09-27T17:05:16Z</time>
      </trkpt>
      <trkpt lat="33.9678061" lon="-111.5836304"><ele>953</ele>
        <time>2026-09-27T17:06:22Z</time>
      </trkpt>
      <trkpt lat="33.967804" lon="-111.5837527"><ele>952</ele>
        <time>2026-09-27T17:06:45Z</time>
      </trkpt>
      <trkpt lat="33.9678161" lon="-111.5838063"><ele>951</ele>
        <time>2026-09-27T17:06:57Z</time>
      </trkpt>
      <trkpt lat="33.9678495" lon="-111.5838655"><ele>951</ele>
        <time>2026-09-27T17:07:05Z</time>
      </trkpt>
      <trkpt lat="33.9678859" lon="-111.5840526"><ele>950</ele>
        <time>2026-09-27T17:07:21Z</time>
      </trkpt>
      <trkpt lat="33.967939" lon="-111.5842185"><ele>950</ele>
        <time>2026-09-27T17:07:40Z</time>
      </trkpt>
      <trkpt lat="33.9679229" lon="-111.584274"><ele>949</ele>
        <time>2026-09-27T17:07:44Z</time>
      </trkpt>
      <trkpt lat="33.9679491" lon="-111.584327"><ele>949</ele>
        <time>2026-09-27T17:07:49Z</time>
      </trkpt>
      <trkpt lat="33.9679427" lon="-111.5843952"><ele>949</ele>
        <time>2026-09-27T17:07:55Z</time>
      </trkpt>
      <trkpt lat="33.9680074" lon="-111.5844744"><ele>949</ele>
        <time>2026-09-27T17:08:03Z</time>
      </trkpt>
      <trkpt lat="33.9680221" lon="-111.5845362"><ele>948</ele>
        <time>2026-09-27T17:08:08Z</time>
      </trkpt>
      <trkpt lat="33.968051" lon="-111.5845801"><ele>948</ele>
        <time>2026-09-27T17:08:13Z</time>
      </trkpt>
      <trkpt lat="33.9680734" lon="-111.5846883"><ele>948</ele>
        <time>2026-09-27T17:08:21Z</time>
      </trkpt>
      <trkpt lat="33.9680983" lon="-111.5847304"><ele>947</ele>
        <time>2026-09-27T17:08:26Z</time>
      </trkpt>
      <trkpt lat="33.9681134" lon="-111.584785"><ele>947</ele>
        <time>2026-09-27T17:08:30Z</time>
      </trkpt>
      <trkpt lat="33.9681564" lon="-111.5848803"><ele>947</ele>
        <time>2026-09-27T17:08:39Z</time>
      </trkpt>
      <trkpt lat="33.9681877" lon="-111.584912"><ele>947</ele>
        <time>2026-09-27T17:08:45Z</time>
      </trkpt>
      <trkpt lat="33.9682547" lon="-111.5850522"><ele>947</ele>
        <time>2026-09-27T17:08:57Z</time>
      </trkpt>
      <trkpt lat="33.9682729" lon="-111.5851015"><ele>947</ele>
        <time>2026-09-27T17:09:02Z</time>
      </trkpt>
      <trkpt lat="33.9682603" lon="-111.5851501"><ele>945</ele>
        <time>2026-09-27T17:09:07Z</time>
      </trkpt>
      <trkpt lat="33.9683078" lon="-111.5852451"><ele>944</ele>
        <time>2026-09-27T17:09:16Z</time>
      </trkpt>
      <trkpt lat="33.9683356" lon="-111.5853513"><ele>944</ele>
        <time>2026-09-27T17:09:26Z</time>
      </trkpt>
      <trkpt lat="33.9683288" lon="-111.5854182"><ele>944</ele>
        <time>2026-09-27T17:09:58Z</time>
      </trkpt>
      <trkpt lat="33.9683005" lon="-111.5854993"><ele>943</ele>
        <time>2026-09-27T17:10:06Z</time>
      </trkpt>
      <trkpt lat="33.9682856" lon="-111.5856429"><ele>943</ele>
        <time>2026-09-27T17:10:19Z</time>
      </trkpt>
      <trkpt lat="33.9682656" lon="-111.5857043"><ele>943</ele>
        <time>2026-09-27T17:10:25Z</time>
      </trkpt>
      <trkpt lat="33.9682497" lon="-111.5858244"><ele>942</ele>
        <time>2026-09-27T17:10:36Z</time>
      </trkpt>
      <trkpt lat="33.9682302" lon="-111.5858951"><ele>942</ele>
        <time>2026-09-27T17:10:41Z</time>
      </trkpt>
      <trkpt lat="33.9682368" lon="-111.5859611"><ele>942</ele>
        <time>2026-09-27T17:10:48Z</time>
      </trkpt>
      <trkpt lat="33.9682002" lon="-111.5860677"><ele>942</ele>
        <time>2026-09-27T17:10:57Z</time>
      </trkpt>
      <trkpt lat="33.9681384" lon="-111.5861561"><ele>941</ele>
        <time>2026-09-27T17:11:06Z</time>
      </trkpt>
      <trkpt lat="33.9681177" lon="-111.5862037"><ele>940</ele>
        <time>2026-09-27T17:11:12Z</time>
      </trkpt>
      <trkpt lat="33.9681003" lon="-111.5862614"><ele>940</ele>
        <time>2026-09-27T17:11:21Z</time>
      </trkpt>
      <trkpt lat="33.9681038" lon="-111.5863132"><ele>940</ele>
        <time>2026-09-27T17:11:25Z</time>
      </trkpt>
      <trkpt lat="33.9680696" lon="-111.5864242"><ele>940</ele>
        <time>2026-09-27T17:11:34Z</time>
      </trkpt>
      <trkpt lat="33.9680601" lon="-111.5864829"><ele>940</ele>
        <time>2026-09-27T17:11:39Z</time>
      </trkpt>
      <trkpt lat="33.9680706" lon="-111.5865371"><ele>940</ele>
        <time>2026-09-27T17:11:43Z</time>
      </trkpt>
      <trkpt lat="33.9680596" lon="-111.5867147"><ele>940</ele>
        <time>2026-09-27T17:11:56Z</time>
      </trkpt>
      <trkpt lat="33.9680719" lon="-111.5867687"><ele>940</ele>
        <time>2026-09-27T17:11:59Z</time>
      </trkpt>
      <trkpt lat="33.9680342" lon="-111.5868858"><ele>938</ele>
        <time>2026-09-27T17:12:10Z</time>
      </trkpt>
      <trkpt lat="33.9680029" lon="-111.5869341"><ele>939</ele>
        <time>2026-09-27T17:12:17Z</time>
      </trkpt>
      <trkpt lat="33.9679955" lon="-111.5869863"><ele>939</ele>
        <time>2026-09-27T17:12:21Z</time>
      </trkpt>
      <trkpt lat="33.9679305" lon="-111.5870674"><ele>939</ele>
        <time>2026-09-27T17:12:31Z</time>
      </trkpt>
      <trkpt lat="33.9679215" lon="-111.587126"><ele>939</ele>
        <time>2026-09-27T17:12:37Z</time>
      </trkpt>
      <trkpt lat="33.9678995" lon="-111.5871732"><ele>938</ele>
        <time>2026-09-27T17:12:42Z</time>
      </trkpt>
      <trkpt lat="33.9679148" lon="-111.5872231"><ele>938</ele>
        <time>2026-09-27T17:12:48Z</time>
      </trkpt>
      <trkpt lat="33.9679124" lon="-111.587277"><ele>938</ele>
        <time>2026-09-27T17:12:57Z</time>
      </trkpt>
      <trkpt lat="33.9679384" lon="-111.5873204"><ele>936</ele>
        <time>2026-09-27T17:13:04Z</time>
      </trkpt>
      <trkpt lat="33.9679272" lon="-111.5873755"><ele>937</ele>
        <time>2026-09-27T17:13:10Z</time>
      </trkpt>
      <trkpt lat="33.9678993" lon="-111.5874208"><ele>937</ele>
        <time>2026-09-27T17:13:15Z</time>
      </trkpt>
      <trkpt lat="33.9679289" lon="-111.5874642"><ele>937</ele>
        <time>2026-09-27T17:13:27Z</time>
      </trkpt>
      <trkpt lat="33.9679658" lon="-111.5875716"><ele>937</ele>
        <time>2026-09-27T17:13:39Z</time>
      </trkpt>
      <trkpt lat="33.9680352" lon="-111.5875329"><ele>940</ele>
        <time>2026-09-27T17:41:57Z</time>
      </trkpt>
      <trkpt lat="33.9680757" lon="-111.5873934"><ele>941</ele>
        <time>2026-09-27T17:42:38Z</time>
      </trkpt>
      <trkpt lat="33.9680363" lon="-111.5873069"><ele>941</ele>
        <time>2026-09-27T17:42:51Z</time>
      </trkpt>
      <trkpt lat="33.9680752" lon="-111.5872059"><ele>941</ele>
        <time>2026-09-27T17:44:02Z</time>
      </trkpt>
      <trkpt lat="33.9681547" lon="-111.5871493"><ele>941</ele>
        <time>2026-09-27T17:44:41Z</time>
      </trkpt>
      <trkpt lat="33.968226" lon="-111.5870621"><ele>945</ele>
        <time>2026-09-27T17:45:11Z</time>
      </trkpt>
      <trkpt lat="33.9683115" lon="-111.586991"><ele>950</ele>
        <time>2026-09-27T17:45:52Z</time>
      </trkpt>
      <trkpt lat="33.9683712" lon="-111.5870298"><ele>954</ele>
        <time>2026-09-27T17:46:31Z</time>
      </trkpt>
      <trkpt lat="33.9684515" lon="-111.5870608"><ele>955</ele>
        <time>2026-09-27T17:46:46Z</time>
      </trkpt>
      <trkpt lat="33.9685422" lon="-111.5869987"><ele>958</ele>
        <time>2026-09-27T17:47:06Z</time>
      </trkpt>
      <trkpt lat="33.9686528" lon="-111.5870101"><ele>962</ele>
        <time>2026-09-27T17:47:36Z</time>
      </trkpt>
      <trkpt lat="33.9688094" lon="-111.5868353"><ele>968</ele>
        <time>2026-09-27T17:48:37Z</time>
      </trkpt>
      <trkpt lat="33.9689494" lon="-111.5867047"><ele>976</ele>
        <time>2026-09-27T17:49:38Z</time>
      </trkpt>
      <trkpt lat="33.9690414" lon="-111.5865212"><ele>983</ele>
        <time>2026-09-27T17:50:46Z</time>
      </trkpt>
      <trkpt lat="33.9690406" lon="-111.5864378"><ele>983</ele>
        <time>2026-09-27T17:51:16Z</time>
      </trkpt>
      <trkpt lat="33.9690607" lon="-111.5863098"><ele>985</ele>
        <time>2026-09-27T17:51:34Z</time>
      </trkpt>
      <trkpt lat="33.9691333" lon="-111.5862511"><ele>988</ele>
        <time>2026-09-27T17:51:49Z</time>
      </trkpt>
      <trkpt lat="33.9691483" lon="-111.58614"><ele>990</ele>
        <time>2026-09-27T17:52:02Z</time>
      </trkpt>
      <trkpt lat="33.9691818" lon="-111.5860293"><ele>994</ele>
        <time>2026-09-27T17:52:16Z</time>
      </trkpt>
      <trkpt lat="33.9692879" lon="-111.5858056"><ele>998</ele>
        <time>2026-09-27T17:52:54Z</time>
      </trkpt>
      <trkpt lat="33.969382" lon="-111.5857442"><ele>999</ele>
        <time>2026-09-27T17:53:09Z</time>
      </trkpt>
      <trkpt lat="33.9695558" lon="-111.5854389"><ele>1002</ele>
        <time>2026-09-27T17:53:50Z</time>
      </trkpt>
      <trkpt lat="33.9696483" lon="-111.5853943"><ele>1003</ele>
        <time>2026-09-27T17:54:01Z</time>
      </trkpt>
      <trkpt lat="33.969739" lon="-111.5853245"><ele>1004</ele>
        <time>2026-09-27T17:54:14Z</time>
      </trkpt>
      <trkpt lat="33.9699648" lon="-111.5848936"><ele>1013</ele>
        <time>2026-09-27T17:55:24Z</time>
      </trkpt>
      <trkpt lat="33.9701139" lon="-111.5848"><ele>1020</ele>
        <time>2026-09-27T17:56:19Z</time>
      </trkpt>
      <trkpt lat="33.9701443" lon="-111.5846926"><ele>1018</ele>
        <time>2026-09-27T17:56:32Z</time>
      </trkpt>
      <trkpt lat="33.9701942" lon="-111.5845958"><ele>1021</ele>
        <time>2026-09-27T17:56:48Z</time>
      </trkpt>
      <trkpt lat="33.9702385" lon="-111.5843767"><ele>1028</ele>
        <time>2026-09-27T17:57:19Z</time>
      </trkpt>
      <trkpt lat="33.9701929" lon="-111.5842814"><ele>1031</ele>
        <time>2026-09-27T17:57:33Z</time>
      </trkpt>
      <trkpt lat="33.9701595" lon="-111.5841785"><ele>1033</ele>
        <time>2026-09-27T17:57:55Z</time>
      </trkpt>
      <trkpt lat="33.9701054" lon="-111.5840995"><ele>1033</ele>
        <time>2026-09-27T17:58:09Z</time>
      </trkpt>
      <trkpt lat="33.9701663" lon="-111.5840243"><ele>1036</ele>
        <time>2026-09-27T17:58:25Z</time>
      </trkpt>
      <trkpt lat="33.9701117" lon="-111.5838258"><ele>1039</ele>
        <time>2026-09-27T17:59:19Z</time>
      </trkpt>
      <trkpt lat="33.9701179" lon="-111.5837083"><ele>1041</ele>
        <time>2026-09-27T17:59:31Z</time>
      </trkpt>
      <trkpt lat="33.970165" lon="-111.5836306"><ele>1041</ele>
        <time>2026-09-27T17:59:39Z</time>
      </trkpt>
      <trkpt lat="33.9701937" lon="-111.58354"><ele>1043</ele>
        <time>2026-09-27T17:59:48Z</time>
      </trkpt>
      <trkpt lat="33.9702409" lon="-111.5834771"><ele>1043</ele>
        <time>2026-09-27T17:59:56Z</time>
      </trkpt>
      <trkpt lat="33.9703634" lon="-111.5834836"><ele>1046</ele>
        <time>2026-09-27T18:00:16Z</time>
      </trkpt>
      <trkpt lat="33.9704384" lon="-111.5834598"><ele>1052</ele>
        <time>2026-09-27T18:00:46Z</time>
      </trkpt>
      <trkpt lat="33.9705201" lon="-111.5834097"><ele>1054</ele>
        <time>2026-09-27T18:01:08Z</time>
      </trkpt>
      <trkpt lat="33.9706307" lon="-111.5832788"><ele>1058</ele>
        <time>2026-09-27T18:02:06Z</time>
      </trkpt>
      <trkpt lat="33.9707196" lon="-111.5832292"><ele>1059</ele>
        <time>2026-09-27T18:02:31Z</time>
      </trkpt>
      <trkpt lat="33.9707316" lon="-111.5831316"><ele>1061</ele>
        <time>2026-09-27T18:02:46Z</time>
      </trkpt>
      <trkpt lat="33.9707842" lon="-111.5829375"><ele>1067</ele>
        <time>2026-09-27T18:03:35Z</time>
      </trkpt>
      <trkpt lat="33.9708611" lon="-111.5828615"><ele>1073</ele>
        <time>2026-09-27T18:04:01Z</time>
      </trkpt>
      <trkpt lat="33.9709519" lon="-111.5828598"><ele>1073</ele>
        <time>2026-09-27T18:05:10Z</time>
      </trkpt>
      <trkpt lat="33.9711041" lon="-111.5826359"><ele>1078</ele>
        <time>2026-09-27T18:06:03Z</time>
      </trkpt>
      <trkpt lat="33.9711098" lon="-111.5825597"><ele>1083</ele>
        <time>2026-09-27T18:06:36Z</time>
      </trkpt>
      <trkpt lat="33.9711889" lon="-111.5823985"><ele>1089</ele>
        <time>2026-09-27T18:07:38Z</time>
      </trkpt>
      <trkpt lat="33.9712277" lon="-111.5822818"><ele>1093</ele>
        <time>2026-09-27T18:08:21Z</time>
      </trkpt>
      <trkpt lat="33.9712745" lon="-111.5822017"><ele>1093</ele>
        <time>2026-09-27T18:08:47Z</time>
      </trkpt>
      <trkpt lat="33.9712928" lon="-111.5820442"><ele>1097</ele>
        <time>2026-09-27T18:09:16Z</time>
      </trkpt>
      <trkpt lat="33.9713842" lon="-111.5818173"><ele>1103</ele>
        <time>2026-09-27T18:09:58Z</time>
      </trkpt>
      <trkpt lat="33.9714305" lon="-111.5817457"><ele>1102</ele>
        <time>2026-09-27T18:10:08Z</time>
      </trkpt>
      <trkpt lat="33.971442" lon="-111.5816317"><ele>1105</ele>
        <time>2026-09-27T18:11:47Z</time>
      </trkpt>
      <trkpt lat="33.9713231" lon="-111.5814194"><ele>1106</ele>
        <time>2026-09-27T18:12:09Z</time>
      </trkpt>
      <trkpt lat="33.9713131" lon="-111.5813247"><ele>1107</ele>
        <time>2026-09-27T18:12:20Z</time>
      </trkpt>
      <trkpt lat="33.9713194" lon="-111.5812437"><ele>1109</ele>
        <time>2026-09-27T18:12:30Z</time>
      </trkpt>
      <trkpt lat="33.9712934" lon="-111.5811673"><ele>1109</ele>
        <time>2026-09-27T18:12:40Z</time>
      </trkpt>
      <trkpt lat="33.9712317" lon="-111.5810959"><ele>1109</ele>
        <time>2026-09-27T18:12:51Z</time>
      </trkpt>
      <trkpt lat="33.9710833" lon="-111.5810032"><ele>1111</ele>
        <time>2026-09-27T18:13:31Z</time>
      </trkpt>
      <trkpt lat="33.9710361" lon="-111.5809044"><ele>1114</ele>
        <time>2026-09-27T18:13:45Z</time>
      </trkpt>
      <trkpt lat="33.9709763" lon="-111.5808314"><ele>1113</ele>
        <time>2026-09-27T18:13:53Z</time>
      </trkpt>
      <trkpt lat="33.9709463" lon="-111.580746"><ele>1114</ele>
        <time>2026-09-27T18:14:02Z</time>
      </trkpt>
      <trkpt lat="33.9709265" lon="-111.5806426"><ele>1116</ele>
        <time>2026-09-27T18:14:14Z</time>
      </trkpt>
      <trkpt lat="33.9708724" lon="-111.580552"><ele>1117</ele>
        <time>2026-09-27T18:14:26Z</time>
      </trkpt>
      <trkpt lat="33.9708725" lon="-111.5804525"><ele>1119</ele>
        <time>2026-09-27T18:14:40Z</time>
      </trkpt>
      <trkpt lat="33.970767" lon="-111.5801237"><ele>1123</ele>
        <time>2026-09-27T18:15:26Z</time>
      </trkpt>
      <trkpt lat="33.9707472" lon="-111.5799133"><ele>1125</ele>
        <time>2026-09-27T18:15:51Z</time>
      </trkpt>
      <trkpt lat="33.9707619" lon="-111.5798159"><ele>1125</ele>
        <time>2026-09-27T18:16:01Z</time>
      </trkpt>
      <trkpt lat="33.9707626" lon="-111.5797132"><ele>1125</ele>
        <time>2026-09-27T18:16:13Z</time>
      </trkpt>
      <trkpt lat="33.9707886" lon="-111.5795988"><ele>1126</ele>
        <time>2026-09-27T18:16:24Z</time>
      </trkpt>
      <trkpt lat="33.9707843" lon="-111.579487"><ele>1131</ele>
        <time>2026-09-27T18:16:37Z</time>
      </trkpt>
      <trkpt lat="33.9708297" lon="-111.579279"><ele>1134</ele>
        <time>2026-09-27T18:16:59Z</time>
      </trkpt>
      <trkpt lat="33.9708205" lon="-111.5791736"><ele>1132</ele>
        <time>2026-09-27T18:17:13Z</time>
      </trkpt>
      <trkpt lat="33.9708608" lon="-111.5789929"><ele>1136</ele>
        <time>2026-09-27T18:17:42Z</time>
      </trkpt>
      <trkpt lat="33.970696" lon="-111.5790083"><ele>1140</ele>
        <time>2026-09-27T18:18:28Z</time>
      </trkpt>
      <trkpt lat="33.9706175" lon="-111.5789489"><ele>1142</ele>
        <time>2026-09-27T18:18:41Z</time>
      </trkpt>
      <trkpt lat="33.9705647" lon="-111.5788634"><ele>1143</ele>
        <time>2026-09-27T18:18:52Z</time>
      </trkpt>
      <trkpt lat="33.9705562" lon="-111.578657"><ele>1145</ele>
        <time>2026-09-27T18:19:17Z</time>
      </trkpt>
      <trkpt lat="33.9705648" lon="-111.5785521"><ele>1148</ele>
        <time>2026-09-27T18:19:55Z</time>
      </trkpt>
      <trkpt lat="33.9705959" lon="-111.5784294"><ele>1149</ele>
        <time>2026-09-27T18:20:11Z</time>
      </trkpt>
      <trkpt lat="33.9706035" lon="-111.5783148"><ele>1152</ele>
        <time>2026-09-27T18:20:25Z</time>
      </trkpt>
      <trkpt lat="33.9706397" lon="-111.5781956"><ele>1153</ele>
        <time>2026-09-27T18:20:40Z</time>
      </trkpt>
      <trkpt lat="33.9706586" lon="-111.5780853"><ele>1154</ele>
        <time>2026-09-27T18:20:53Z</time>
      </trkpt>
      <trkpt lat="33.9706284" lon="-111.5778735"><ele>1157</ele>
        <time>2026-09-27T18:21:21Z</time>
      </trkpt>
      <trkpt lat="33.9706437" lon="-111.5777671"><ele>1159</ele>
        <time>2026-09-27T18:21:51Z</time>
      </trkpt>
      <trkpt lat="33.9706884" lon="-111.5776608"><ele>1163</ele>
        <time>2026-09-27T18:22:07Z</time>
      </trkpt>
      <trkpt lat="33.9707492" lon="-111.5775612"><ele>1162</ele>
        <time>2026-09-27T18:22:23Z</time>
      </trkpt>
      <trkpt lat="33.9707413" lon="-111.577453"><ele>1163</ele>
        <time>2026-09-27T18:22:38Z</time>
      </trkpt>
      <trkpt lat="33.9707766" lon="-111.5773613"><ele>1166</ele>
        <time>2026-09-27T18:22:51Z</time>
      </trkpt>
      <trkpt lat="33.9707305" lon="-111.5772499"><ele>1168</ele>
        <time>2026-09-27T18:23:07Z</time>
      </trkpt>
      <trkpt lat="33.9707508" lon="-111.5771309"><ele>1172</ele>
        <time>2026-09-27T18:23:28Z</time>
      </trkpt>
      <trkpt lat="33.970731" lon="-111.5770124"><ele>1174</ele>
        <time>2026-09-27T18:23:46Z</time>
      </trkpt>
      <trkpt lat="33.9707617" lon="-111.5768942"><ele>1174</ele>
        <time>2026-09-27T18:24:07Z</time>
      </trkpt>
      <trkpt lat="33.9708039" lon="-111.57679"><ele>1177</ele>
        <time>2026-09-27T18:24:22Z</time>
      </trkpt>
      <trkpt lat="33.9708161" lon="-111.5766827"><ele>1179</ele>
        <time>2026-09-27T18:24:37Z</time>
      </trkpt>
      <trkpt lat="33.9708065" lon="-111.5765672"><ele>1181</ele>
        <time>2026-09-27T18:24:53Z</time>
      </trkpt>
      <trkpt lat="33.9708151" lon="-111.5764565"><ele>1182</ele>
        <time>2026-09-27T18:25:08Z</time>
      </trkpt>
      <trkpt lat="33.9707982" lon="-111.5763474"><ele>1183</ele>
        <time>2026-09-27T18:25:21Z</time>
      </trkpt>
      <trkpt lat="33.9708551" lon="-111.5762846"><ele>1186</ele>
        <time>2026-09-27T18:25:59Z</time>
      </trkpt>
      <trkpt lat="33.9709831" lon="-111.5760776"><ele>1193</ele>
        <time>2026-09-27T18:26:36Z</time>
      </trkpt>
      <trkpt lat="33.971041" lon="-111.5759725"><ele>1197</ele>
        <time>2026-09-27T18:26:51Z</time>
      </trkpt>
      <trkpt lat="33.9711425" lon="-111.5757249"><ele>1196</ele>
        <time>2026-09-27T18:27:27Z</time>
      </trkpt>
      <trkpt lat="33.9711746" lon="-111.5756151"><ele>1197</ele>
        <time>2026-09-27T18:28:05Z</time>
      </trkpt>
      <trkpt lat="33.9711352" lon="-111.5755075"><ele>1199</ele>
        <time>2026-09-27T18:28:18Z</time>
      </trkpt>
      <trkpt lat="33.9712281" lon="-111.5754772"><ele>1205</ele>
        <time>2026-09-27T18:29:45Z</time>
      </trkpt>
      <trkpt lat="33.9714348" lon="-111.5753737"><ele>1209</ele>
        <time>2026-09-27T18:30:14Z</time>
      </trkpt>
      <trkpt lat="33.9714639" lon="-111.5753232"><ele>1211</ele>
        <time>2026-09-27T18:30:55Z</time>
      </trkpt>
      <trkpt lat="33.9715485" lon="-111.575252"><ele>1211</ele>
        <time>2026-09-27T18:31:18Z</time>
      </trkpt>
      <trkpt lat="33.9717289" lon="-111.5752695"><ele>1214</ele>
        <time>2026-09-27T18:32:10Z</time>
      </trkpt>
      <trkpt lat="33.9718061" lon="-111.5752318"><ele>1217</ele>
        <time>2026-09-27T18:32:41Z</time>
      </trkpt>
      <trkpt lat="33.9718728" lon="-111.575178"><ele>1221</ele>
        <time>2026-09-27T18:33:24Z</time>
      </trkpt>
      <trkpt lat="33.9720493" lon="-111.5751164"><ele>1226</ele>
        <time>2026-09-27T18:34:24Z</time>
      </trkpt>
      <trkpt lat="33.972066" lon="-111.5750296"><ele>1230</ele>
        <time>2026-09-27T18:35:11Z</time>
      </trkpt>
      <trkpt lat="33.9721532" lon="-111.5750165"><ele>1232</ele>
        <time>2026-09-27T18:35:39Z</time>
      </trkpt>
      <trkpt lat="33.9721999" lon="-111.5749872"><ele>1235</ele>
        <time>2026-09-27T18:36:09Z</time>
      </trkpt>
      <trkpt lat="33.9723265" lon="-111.5748693"><ele>1241</ele>
        <time>2026-09-27T18:37:43Z</time>
      </trkpt>
      <trkpt lat="33.9723848" lon="-111.5747699"><ele>1246</ele>
        <time>2026-09-27T18:38:13Z</time>
      </trkpt>
      <trkpt lat="33.9724713" lon="-111.5747635"><ele>1251</ele>
        <time>2026-09-27T18:38:44Z</time>
      </trkpt>
      <trkpt lat="33.9725681" lon="-111.5747051"><ele>1257</ele>
        <time>2026-09-27T18:39:13Z</time>
      </trkpt>
      <trkpt lat="33.9727302" lon="-111.5747458"><ele>1259</ele>
        <time>2026-09-27T18:40:25Z</time>
      </trkpt>
      <trkpt lat="33.9727856" lon="-111.5746571"><ele>1263</ele>
        <time>2026-09-27T18:40:53Z</time>
      </trkpt>
      <trkpt lat="33.9727862" lon="-111.5745741"><ele>1267</ele>
        <time>2026-09-27T18:41:30Z</time>
      </trkpt>
      <trkpt lat="33.9728745" lon="-111.5745666"><ele>1271</ele>
        <time>2026-09-27T18:42:03Z</time>
      </trkpt>
      <trkpt lat="33.9729354" lon="-111.5744523"><ele>1275</ele>
        <time>2026-09-27T18:42:33Z</time>
      </trkpt>
      <trkpt lat="33.9729903" lon="-111.5743861"><ele>1276</ele>
        <time>2026-09-27T18:43:04Z</time>
      </trkpt>
      <trkpt lat="33.9730613" lon="-111.574391"><ele>1280</ele>
        <time>2026-09-27T18:43:43Z</time>
      </trkpt>
      <trkpt lat="33.9731291" lon="-111.5743255"><ele>1284</ele>
        <time>2026-09-27T18:44:09Z</time>
      </trkpt>
      <trkpt lat="33.9733073" lon="-111.5741087"><ele>1288</ele>
        <time>2026-09-27T18:45:13Z</time>
      </trkpt>
      <trkpt lat="33.973477" lon="-111.5738211"><ele>1295</ele>
        <time>2026-09-27T18:47:28Z</time>
      </trkpt>
      <trkpt lat="33.9735481" lon="-111.5736451"><ele>1301</ele>
        <time>2026-09-27T18:48:00Z</time>
      </trkpt>
      <trkpt lat="33.973599" lon="-111.5735676"><ele>1304</ele>
        <time>2026-09-27T18:48:15Z</time>
      </trkpt>
      <trkpt lat="33.9737488" lon="-111.5733942"><ele>1305</ele>
        <time>2026-09-27T18:49:16Z</time>
      </trkpt>
      <trkpt lat="33.9738204" lon="-111.5733407"><ele>1308</ele>
        <time>2026-09-27T18:49:33Z</time>
      </trkpt>
      <trkpt lat="33.9738735" lon="-111.5732565"><ele>1311</ele>
        <time>2026-09-27T18:49:58Z</time>
      </trkpt>
      <trkpt lat="33.9739719" lon="-111.5731442"><ele>1316</ele>
        <time>2026-09-27T18:50:59Z</time>
      </trkpt>
      <trkpt lat="33.9739853" lon="-111.5730732"><ele>1321</ele>
        <time>2026-09-27T18:52:18Z</time>
      </trkpt>
      <trkpt lat="33.9740205" lon="-111.5729793"><ele>1322</ele>
        <time>2026-09-27T18:52:35Z</time>
      </trkpt>
      <trkpt lat="33.9740948" lon="-111.5728186"><ele>1324</ele>
        <time>2026-09-27T18:53:02Z</time>
      </trkpt>
      <trkpt lat="33.9741445" lon="-111.5727447"><ele>1326</ele>
        <time>2026-09-27T18:53:32Z</time>
      </trkpt>
      <trkpt lat="33.9741856" lon="-111.5726588"><ele>1332</ele>
        <time>2026-09-27T18:53:59Z</time>
      </trkpt>
      <trkpt lat="33.9742363" lon="-111.5724827"><ele>1334</ele>
        <time>2026-09-27T18:54:46Z</time>
      </trkpt>
      <trkpt lat="33.9743108" lon="-111.5724054"><ele>1336</ele>
        <time>2026-09-27T18:55:16Z</time>
      </trkpt>
      <trkpt lat="33.9744973" lon="-111.5722577"><ele>1342</ele>
        <time>2026-09-27T18:56:01Z</time>
      </trkpt>
      <trkpt lat="33.9745189" lon="-111.5721705"><ele>1347</ele>
        <time>2026-09-27T18:56:38Z</time>
      </trkpt>
      <trkpt lat="33.9745588" lon="-111.5720984"><ele>1348</ele>
        <time>2026-09-27T18:57:09Z</time>
      </trkpt>
      <trkpt lat="33.9744596" lon="-111.5718859"><ele>1360</ele>
        <time>2026-09-27T18:59:19Z</time>
      </trkpt>
      <trkpt lat="33.9744808" lon="-111.5717732"><ele>1364</ele>
        <time>2026-09-27T18:59:47Z</time>
      </trkpt>
      <trkpt lat="33.974534" lon="-111.571715"><ele>1366</ele>
        <time>2026-09-27T19:00:17Z</time>
      </trkpt>
      <trkpt lat="33.9745981" lon="-111.5717061"><ele>1370</ele>
        <time>2026-09-27T19:00:47Z</time>
      </trkpt>
      <trkpt lat="33.974612" lon="-111.5716392"><ele>1372</ele>
        <time>2026-09-27T19:01:36Z</time>
      </trkpt>
      <trkpt lat="33.9746135" lon="-111.5715418"><ele>1378</ele>
        <time>2026-09-27T19:01:48Z</time>
      </trkpt>
      <trkpt lat="33.9746405" lon="-111.5714798"><ele>1380</ele>
        <time>2026-09-27T19:02:27Z</time>
      </trkpt>
      <trkpt lat="33.9747689" lon="-111.5714736"><ele>1383</ele>
        <time>2026-09-27T19:03:29Z</time>
      </trkpt>
      <trkpt lat="33.9748654" lon="-111.5714548"><ele>1385</ele>
        <time>2026-09-27T19:03:50Z</time>
      </trkpt>
      <trkpt lat="33.9748911" lon="-111.5713676"><ele>1389</ele>
        <time>2026-09-27T19:04:39Z</time>
      </trkpt>
      <trkpt lat="33.9748381" lon="-111.5706571"><ele>1407</ele>
        <time>2026-09-27T19:08:06Z</time>
      </trkpt>
      <trkpt lat="33.9747942" lon="-111.5704583"><ele>1412</ele>
        <time>2026-09-27T19:09:15Z</time>
      </trkpt>
      <trkpt lat="33.9746955" lon="-111.5702336"><ele>1414</ele>
        <time>2026-09-27T19:10:01Z</time>
      </trkpt>
      <trkpt lat="33.9746196" lon="-111.5698728"><ele>1421</ele>
        <time>2026-09-27T19:11:59Z</time>
      </trkpt>
      <trkpt lat="33.9746697" lon="-111.5698477"><ele>1424</ele>
        <time>2026-09-27T19:12:50Z</time>
      </trkpt>
      <trkpt lat="33.9747448" lon="-111.5698644"><ele>1426</ele>
        <time>2026-09-27T19:13:05Z</time>
      </trkpt>
      <trkpt lat="33.9747831" lon="-111.5699344"><ele>1428</ele>
        <time>2026-09-27T19:13:26Z</time>
      </trkpt>
      <trkpt lat="33.9748355" lon="-111.5699378"><ele>1432</ele>
        <time>2026-09-27T19:14:18Z</time>
      </trkpt>
      <trkpt lat="33.9749165" lon="-111.5699129"><ele>1434</ele>
        <time>2026-09-27T19:14:48Z</time>
      </trkpt>
      <trkpt lat="33.9749698" lon="-111.5699128"><ele>1439</ele>
        <time>2026-09-27T19:15:23Z</time>
      </trkpt>
      <trkpt lat="33.975042" lon="-111.5699455"><ele>1438</ele>
        <time>2026-09-27T19:15:37Z</time>
      </trkpt>
      <trkpt lat="33.9752644" lon="-111.5699986"><ele>1442</ele>
        <time>2026-09-27T19:16:38Z</time>
      </trkpt>
      <trkpt lat="33.9753431" lon="-111.5699846"><ele>1445</ele>
        <time>2026-09-27T19:16:54Z</time>
      </trkpt>
      <trkpt lat="33.9754155" lon="-111.5700096"><ele>1449</ele>
        <time>2026-09-27T19:17:11Z</time>
      </trkpt>
      <trkpt lat="33.9754886" lon="-111.5700218"><ele>1453</ele>
        <time>2026-09-27T19:17:36Z</time>
      </trkpt>
      <trkpt lat="33.9755546" lon="-111.5699991"><ele>1453</ele>
        <time>2026-09-27T19:17:45Z</time>
      </trkpt>
      <trkpt lat="33.9756101" lon="-111.5700275"><ele>1454</ele>
        <time>2026-09-27T19:17:54Z</time>
      </trkpt>
      <trkpt lat="33.9756728" lon="-111.5700276"><ele>1456</ele>
        <time>2026-09-27T19:18:36Z</time>
      </trkpt>
      <trkpt lat="33.9757672" lon="-111.5700059"><ele>1459</ele>
        <time>2026-09-27T19:18:51Z</time>
      </trkpt>
      <trkpt lat="33.9758954" lon="-111.5699031"><ele>1464</ele>
        <time>2026-09-27T19:19:47Z</time>
      </trkpt>
      <trkpt lat="33.9759602" lon="-111.5698344"><ele>1469</ele>
        <time>2026-09-27T19:20:08Z</time>
      </trkpt>
      <trkpt lat="33.9760275" lon="-111.5696711"><ele>1470</ele>
        <time>2026-09-27T19:21:27Z</time>
      </trkpt>
      <trkpt lat="33.9761089" lon="-111.5696618"><ele>1471</ele>
        <time>2026-09-27T19:21:45Z</time>
      </trkpt>
      <trkpt lat="33.9761883" lon="-111.5696751"><ele>1475</ele>
        <time>2026-09-27T19:21:59Z</time>
      </trkpt>
      <trkpt lat="33.9762887" lon="-111.5696168"><ele>1479</ele>
        <time>2026-09-27T19:22:37Z</time>
      </trkpt>
      <trkpt lat="33.9763775" lon="-111.5696005"><ele>1483</ele>
        <time>2026-09-27T19:23:04Z</time>
      </trkpt>
      <trkpt lat="33.9764248" lon="-111.5695284"><ele>1485</ele>
        <time>2026-09-27T19:23:34Z</time>
      </trkpt>
      <trkpt lat="33.9766204" lon="-111.5694948"><ele>1486</ele>
        <time>2026-09-27T19:24:17Z</time>
      </trkpt>
      <trkpt lat="33.9767043" lon="-111.5694349"><ele>1491</ele>
        <time>2026-09-27T19:24:41Z</time>
      </trkpt>
      <trkpt lat="33.97679" lon="-111.5693934"><ele>1489</ele>
        <time>2026-09-27T19:25:04Z</time>
      </trkpt>
      <trkpt lat="33.9768821" lon="-111.5693721"><ele>1489</ele>
        <time>2026-09-27T19:25:17Z</time>
      </trkpt>
      <trkpt lat="33.9769234" lon="-111.5694228"><ele>1488</ele>
        <time>2026-09-27T19:25:58Z</time>
      </trkpt>
      <trkpt lat="33.9769962" lon="-111.5694547"><ele>1487</ele>
        <time>2026-09-27T19:26:07Z</time>
      </trkpt>
      <trkpt lat="33.9771415" lon="-111.569589"><ele>1486</ele>
        <time>2026-09-27T19:26:25Z</time>
      </trkpt>
      <trkpt lat="33.9771506" lon="-111.5696268"><ele>1485</ele>
        <time>2026-09-27T19:27:03Z</time>
      </trkpt>
      <trkpt lat="33.9772725" lon="-111.5694964"><ele>1485</ele>
        <time>2026-09-27T19:27:28Z</time>
      </trkpt>
      <trkpt lat="33.9772967" lon="-111.5694464"><ele>1484</ele>
        <time>2026-09-27T19:27:33Z</time>
      </trkpt>
      <trkpt lat="33.9773403" lon="-111.5694076"><ele>1481</ele>
        <time>2026-09-27T19:27:40Z</time>
      </trkpt>
      <trkpt lat="33.9773658" lon="-111.5693586"><ele>1481</ele>
        <time>2026-09-27T19:27:46Z</time>
      </trkpt>
      <trkpt lat="33.9774474" lon="-111.5692976"><ele>1480</ele>
        <time>2026-09-27T19:28:05Z</time>
      </trkpt>
      <trkpt lat="33.9774987" lon="-111.5693347"><ele>1478</ele>
        <time>2026-09-27T19:28:21Z</time>
      </trkpt>
      <trkpt lat="33.9775614" lon="-111.5693171"><ele>1474</ele>
        <time>2026-09-27T19:28:32Z</time>
      </trkpt>
      <trkpt lat="33.9776629" lon="-111.5693429"><ele>1472</ele>
        <time>2026-09-27T19:28:44Z</time>
      </trkpt>
      <trkpt lat="33.9777505" lon="-111.5694002"><ele>1470</ele>
        <time>2026-09-27T19:28:56Z</time>
      </trkpt>
      <trkpt lat="33.9777941" lon="-111.5694115"><ele>1469</ele>
        <time>2026-09-27T19:29:02Z</time>
      </trkpt>
      <trkpt lat="33.977846" lon="-111.5694014"><ele>1468</ele>
        <time>2026-09-27T19:29:12Z</time>
      </trkpt>
      <trkpt lat="33.9780234" lon="-111.5694126"><ele>1464</ele>
        <time>2026-09-27T19:29:38Z</time>
      </trkpt>
      <trkpt lat="33.9781283" lon="-111.5693772"><ele>1461</ele>
        <time>2026-09-27T19:29:58Z</time>
      </trkpt>
      <trkpt lat="33.9781799" lon="-111.5693257"><ele>1457</ele>
        <time>2026-09-27T19:30:10Z</time>
      </trkpt>
      <trkpt lat="33.9782373" lon="-111.5693292"><ele>1458</ele>
        <time>2026-09-27T19:30:16Z</time>
      </trkpt>
      <trkpt lat="33.9782849" lon="-111.5693546"><ele>1458</ele>
        <time>2026-09-27T19:30:23Z</time>
      </trkpt>
      <trkpt lat="33.9783259" lon="-111.5693258"><ele>1456</ele>
        <time>2026-09-27T19:30:31Z</time>
      </trkpt>
      <trkpt lat="33.9784759" lon="-111.5692543"><ele>1453</ele>
        <time>2026-09-27T19:31:03Z</time>
      </trkpt>
      <trkpt lat="33.9785656" lon="-111.5692267"><ele>1449</ele>
        <time>2026-09-27T19:31:21Z</time>
      </trkpt>
      <trkpt lat="33.9786462" lon="-111.5691814"><ele>1447</ele>
        <time>2026-09-27T19:31:46Z</time>
      </trkpt>
      <trkpt lat="33.9787005" lon="-111.5691155"><ele>1445</ele>
        <time>2026-09-27T19:32:04Z</time>
      </trkpt>
      <trkpt lat="33.9787653" lon="-111.5690947"><ele>1442</ele>
        <time>2026-09-27T19:32:27Z</time>
      </trkpt>
      <trkpt lat="33.9789093" lon="-111.5691168"><ele>1440</ele>
        <time>2026-09-27T19:32:46Z</time>
      </trkpt>
      <trkpt lat="33.9790322" lon="-111.5691098"><ele>1437</ele>
        <time>2026-09-27T19:33:04Z</time>
      </trkpt>
      <trkpt lat="33.9790792" lon="-111.5690625"><ele>1436</ele>
        <time>2026-09-27T19:33:10Z</time>
      </trkpt>
      <trkpt lat="33.9791204" lon="-111.5690389"><ele>1435</ele>
        <time>2026-09-27T19:33:18Z</time>
      </trkpt>
      <trkpt lat="33.9791562" lon="-111.5689957"><ele>1435</ele>
        <time>2026-09-27T19:33:24Z</time>
      </trkpt>
      <trkpt lat="33.9792056" lon="-111.5689031"><ele>1433</ele>
        <time>2026-09-27T19:33:34Z</time>
      </trkpt>
      <trkpt lat="33.9792449" lon="-111.5688017"><ele>1432</ele>
        <time>2026-09-27T19:33:43Z</time>
      </trkpt>
      <trkpt lat="33.9793082" lon="-111.5687433"><ele>1426</ele>
        <time>2026-09-27T19:39:17Z</time>
      </trkpt>
      <trkpt lat="33.9794695" lon="-111.5686241"><ele>1427</ele>
        <time>2026-09-27T19:39:37Z</time>
      </trkpt>
      <trkpt lat="33.9795283" lon="-111.5685496"><ele>1427</ele>
        <time>2026-09-27T19:39:45Z</time>
      </trkpt>
      <trkpt lat="33.9796311" lon="-111.5684464"><ele>1427</ele>
        <time>2026-09-27T19:39:59Z</time>
      </trkpt>
      <trkpt lat="33.9796625" lon="-111.5683806"><ele>1427</ele>
        <time>2026-09-27T19:40:06Z</time>
      </trkpt>
      <trkpt lat="33.9797121" lon="-111.5683515"><ele>1426</ele>
        <time>2026-09-27T19:40:12Z</time>
      </trkpt>
      <trkpt lat="33.9797728" lon="-111.5683507"><ele>1425</ele>
        <time>2026-09-27T19:40:18Z</time>
      </trkpt>
      <trkpt lat="33.979863" lon="-111.5683084"><ele>1425</ele>
        <time>2026-09-27T19:40:27Z</time>
      </trkpt>
      <trkpt lat="33.9798983" lon="-111.5682805"><ele>1425</ele>
        <time>2026-09-27T19:40:32Z</time>
      </trkpt>
      <trkpt lat="33.9799888" lon="-111.568278"><ele>1424</ele>
        <time>2026-09-27T19:40:40Z</time>
      </trkpt>
      <trkpt lat="33.9800336" lon="-111.5682669"><ele>1424</ele>
        <time>2026-09-27T19:40:44Z</time>
      </trkpt>
      <trkpt lat="33.9801068" lon="-111.5681988"><ele>1423</ele>
        <time>2026-09-27T19:40:53Z</time>
      </trkpt>
      <trkpt lat="33.9801367" lon="-111.5681523"><ele>1423</ele>
        <time>2026-09-27T19:41:00Z</time>
      </trkpt>
      <trkpt lat="33.9801794" lon="-111.5681412"><ele>1423</ele>
        <time>2026-09-27T19:41:05Z</time>
      </trkpt>
      <trkpt lat="33.9802042" lon="-111.5680973"><ele>1423</ele>
        <time>2026-09-27T19:41:09Z</time>
      </trkpt>
      <trkpt lat="33.9802518" lon="-111.5680965"><ele>1423</ele>
        <time>2026-09-27T19:41:13Z</time>
      </trkpt>
      <trkpt lat="33.9802721" lon="-111.5680437"><ele>1423</ele>
        <time>2026-09-27T19:41:21Z</time>
      </trkpt>
      <trkpt lat="33.9803032" lon="-111.5680139"><ele>1423</ele>
        <time>2026-09-27T19:41:26Z</time>
      </trkpt>
      <trkpt lat="33.9803129" lon="-111.5679642"><ele>1422</ele>
        <time>2026-09-27T19:41:29Z</time>
      </trkpt>
      <trkpt lat="33.9803368" lon="-111.5679166"><ele>1422</ele>
        <time>2026-09-27T19:41:33Z</time>
      </trkpt>
      <trkpt lat="33.9803658" lon="-111.567869"><ele>1421</ele>
        <time>2026-09-27T19:41:37Z</time>
      </trkpt>
      <trkpt lat="33.9803982" lon="-111.5678375"><ele>1421</ele>
        <time>2026-09-27T19:41:41Z</time>
      </trkpt>
      <trkpt lat="33.9804154" lon="-111.56779"><ele>1420</ele>
        <time>2026-09-27T19:41:45Z</time>
      </trkpt>
      <trkpt lat="33.9804429" lon="-111.5677515"><ele>1420</ele>
        <time>2026-09-27T19:41:49Z</time>
      </trkpt>
      <trkpt lat="33.9805099" lon="-111.5675592"><ele>1419</ele>
        <time>2026-09-27T19:42:06Z</time>
      </trkpt>
      <trkpt lat="33.9805561" lon="-111.5675593"><ele>1419</ele>
        <time>2026-09-27T19:42:10Z</time>
      </trkpt>
      <trkpt lat="33.9806492" lon="-111.5675067"><ele>1419</ele>
        <time>2026-09-27T19:42:21Z</time>
      </trkpt>
      <trkpt lat="33.980677" lon="-111.5674586"><ele>1418</ele>
        <time>2026-09-27T19:42:27Z</time>
      </trkpt>
      <trkpt lat="33.9807957" lon="-111.567407"><ele>1418</ele>
        <time>2026-09-27T19:42:40Z</time>
      </trkpt>
      <trkpt lat="33.980849" lon="-111.5673588"><ele>1417</ele>
        <time>2026-09-27T19:42:49Z</time>
      </trkpt>
      <trkpt lat="33.9808776" lon="-111.5672786"><ele>1416</ele>
        <time>2026-09-27T19:42:56Z</time>
      </trkpt>
      <trkpt lat="33.9809414" lon="-111.5672537"><ele>1415</ele>
        <time>2026-09-27T19:43:01Z</time>
      </trkpt>
      <trkpt lat="33.9809994" lon="-111.5672542"><ele>1415</ele>
        <time>2026-09-27T19:43:07Z</time>
      </trkpt>
      <trkpt lat="33.9811144" lon="-111.5671811"><ele>1414</ele>
        <time>2026-09-27T19:43:27Z</time>
      </trkpt>
      <trkpt lat="33.9811774" lon="-111.5671545"><ele>1414</ele>
        <time>2026-09-27T19:43:36Z</time>
      </trkpt>
      <trkpt lat="33.981239" lon="-111.5671022"><ele>1417</ele>
        <time>2026-09-27T19:43:48Z</time>
      </trkpt>
      <trkpt lat="33.9812734" lon="-111.567017"><ele>1417</ele>
        <time>2026-09-27T19:43:56Z</time>
      </trkpt>
      <trkpt lat="33.9813956" lon="-111.5669115"><ele>1418</ele>
        <time>2026-09-27T19:44:22Z</time>
      </trkpt>
      <trkpt lat="33.9814601" lon="-111.5668292"><ele>1416</ele>
        <time>2026-09-27T19:44:35Z</time>
      </trkpt>
      <trkpt lat="33.9815084" lon="-111.5666992"><ele>1417</ele>
        <time>2026-09-27T19:44:48Z</time>
      </trkpt>
      <trkpt lat="33.9815903" lon="-111.5665232"><ele>1419</ele>
        <time>2026-09-27T19:45:04Z</time>
      </trkpt>
      <trkpt lat="33.9816712" lon="-111.5664005"><ele>1419</ele>
        <time>2026-09-27T19:45:16Z</time>
      </trkpt>
      <trkpt lat="33.9817311" lon="-111.5662713"><ele>1420</ele>
        <time>2026-09-27T19:45:27Z</time>
      </trkpt>
      <trkpt lat="33.9818487" lon="-111.5661085"><ele>1420</ele>
        <time>2026-09-27T19:45:43Z</time>
      </trkpt>
      <trkpt lat="33.9819463" lon="-111.5660083"><ele>1420</ele>
        <time>2026-09-27T19:45:54Z</time>
      </trkpt>
      <trkpt lat="33.9820182" lon="-111.5659019"><ele>1421</ele>
        <time>2026-09-27T19:46:04Z</time>
      </trkpt>
      <trkpt lat="33.9820003" lon="-111.5658435"><ele>1421</ele>
        <time>2026-09-27T19:46:08Z</time>
      </trkpt>
      <trkpt lat="33.9819997" lon="-111.5657779"><ele>1421</ele>
        <time>2026-09-27T19:46:13Z</time>
      </trkpt>
      <trkpt lat="33.9820007" lon="-111.5657141"><ele>1420</ele>
        <time>2026-09-27T19:46:17Z</time>
      </trkpt>
      <trkpt lat="33.9820217" lon="-111.5655926"><ele>1420</ele>
        <time>2026-09-27T19:46:26Z</time>
      </trkpt>
      <trkpt lat="33.981998" lon="-111.5654638"><ele>1420</ele>
        <time>2026-09-27T19:46:36Z</time>
      </trkpt>
      <trkpt lat="33.9820563" lon="-111.5653944"><ele>1419</ele>
        <time>2026-09-27T19:47:10Z</time>
      </trkpt>
      <trkpt lat="33.9820375" lon="-111.5652544"><ele>1418</ele>
        <time>2026-09-27T19:47:33Z</time>
      </trkpt>
      <trkpt lat="33.982057" lon="-111.5650136"><ele>1417</ele>
        <time>2026-09-27T19:47:51Z</time>
      </trkpt>
      <trkpt lat="33.9820854" lon="-111.5649274"><ele>1416</ele>
        <time>2026-09-27T19:47:59Z</time>
      </trkpt>
      <trkpt lat="33.9820308" lon="-111.5647639"><ele>1416</ele>
        <time>2026-09-27T19:48:15Z</time>
      </trkpt>
      <trkpt lat="33.981978" lon="-111.5647272"><ele>1415</ele>
        <time>2026-09-27T19:48:20Z</time>
      </trkpt>
      <trkpt lat="33.9819488" lon="-111.5646624"><ele>1415</ele>
        <time>2026-09-27T19:48:25Z</time>
      </trkpt>
      <trkpt lat="33.9819719" lon="-111.5645995"><ele>1415</ele>
        <time>2026-09-27T19:48:30Z</time>
      </trkpt>
      <trkpt lat="33.982019" lon="-111.5645571"><ele>1414</ele>
        <time>2026-09-27T19:48:36Z</time>
      </trkpt>
      <trkpt lat="33.9820768" lon="-111.5644467"><ele>1414</ele>
        <time>2026-09-27T19:48:47Z</time>
      </trkpt>
      <trkpt lat="33.9822248" lon="-111.5642693"><ele>1413</ele>
        <time>2026-09-27T19:49:17Z</time>
      </trkpt>
      <trkpt lat="33.9823329" lon="-111.5642185"><ele>1411</ele>
        <time>2026-09-27T19:49:32Z</time>
      </trkpt>
      <trkpt lat="33.9824833" lon="-111.5641186"><ele>1411</ele>
        <time>2026-09-27T19:50:19Z</time>
      </trkpt>
      <trkpt lat="33.9825694" lon="-111.5642485"><ele>1407</ele>
        <time>2026-09-27T20:09:43Z</time>
      </trkpt>
      <trkpt lat="33.9827645" lon="-111.5643961"><ele>1406</ele>
        <time>2026-09-27T20:10:18Z</time>
      </trkpt>
      <trkpt lat="33.9828551" lon="-111.5643944"><ele>1406</ele>
        <time>2026-09-27T20:10:30Z</time>
      </trkpt>
      <trkpt lat="33.9829412" lon="-111.5644369"><ele>1403</ele>
        <time>2026-09-27T20:10:42Z</time>
      </trkpt>
      <trkpt lat="33.9829936" lon="-111.564421"><ele>1403</ele>
        <time>2026-09-27T20:10:50Z</time>
      </trkpt>
      <trkpt lat="33.9830789" lon="-111.5644308"><ele>1400</ele>
        <time>2026-09-27T20:11:03Z</time>
      </trkpt>
      <trkpt lat="33.983168" lon="-111.5645031"><ele>1396</ele>
        <time>2026-09-27T20:11:21Z</time>
      </trkpt>
      <trkpt lat="33.9832393" lon="-111.5644882"><ele>1397</ele>
        <time>2026-09-27T20:11:32Z</time>
      </trkpt>
      <trkpt lat="33.9832869" lon="-111.5645528"><ele>1396</ele>
        <time>2026-09-27T20:11:46Z</time>
      </trkpt>
      <trkpt lat="33.9833524" lon="-111.5644921"><ele>1391</ele>
        <time>2026-09-27T20:12:10Z</time>
      </trkpt>
      <trkpt lat="33.9834132" lon="-111.5644513"><ele>1388</ele>
        <time>2026-09-27T20:12:31Z</time>
      </trkpt>
      <trkpt lat="33.983487" lon="-111.5644193"><ele>1383</ele>
        <time>2026-09-27T20:12:45Z</time>
      </trkpt>
      <trkpt lat="33.9835488" lon="-111.5644866"><ele>1381</ele>
        <time>2026-09-27T20:13:00Z</time>
      </trkpt>
      <trkpt lat="33.9836283" lon="-111.5644998"><ele>1380</ele>
        <time>2026-09-27T20:13:14Z</time>
      </trkpt>
      <trkpt lat="33.98369" lon="-111.5644861"><ele>1377</ele>
        <time>2026-09-27T20:13:44Z</time>
      </trkpt>
      <trkpt lat="33.9837326" lon="-111.5644097"><ele>1374</ele>
        <time>2026-09-27T20:13:59Z</time>
      </trkpt>
      <trkpt lat="33.9837754" lon="-111.5643598"><ele>1372</ele>
        <time>2026-09-27T20:14:09Z</time>
      </trkpt>
      <trkpt lat="33.9837887" lon="-111.56429"><ele>1371</ele>
        <time>2026-09-27T20:14:16Z</time>
      </trkpt>
      <trkpt lat="33.9838676" lon="-111.5641994"><ele>1369</ele>
        <time>2026-09-27T20:14:29Z</time>
      </trkpt>
      <trkpt lat="33.9839114" lon="-111.5641804"><ele>1369</ele>
        <time>2026-09-27T20:14:36Z</time>
      </trkpt>
      <trkpt lat="33.9839556" lon="-111.564139"><ele>1368</ele>
        <time>2026-09-27T20:14:42Z</time>
      </trkpt>
      <trkpt lat="33.9839799" lon="-111.5640843"><ele>1367</ele>
        <time>2026-09-27T20:14:47Z</time>
      </trkpt>
      <trkpt lat="33.9839887" lon="-111.5639773"><ele>1365</ele>
        <time>2026-09-27T20:14:58Z</time>
      </trkpt>
      <trkpt lat="33.9840317" lon="-111.5639792"><ele>1364</ele>
        <time>2026-09-27T20:15:03Z</time>
      </trkpt>
      <trkpt lat="33.9840588" lon="-111.5639338"><ele>1363</ele>
        <time>2026-09-27T20:15:09Z</time>
      </trkpt>
      <trkpt lat="33.9842264" lon="-111.5638394"><ele>1361</ele>
        <time>2026-09-27T20:15:29Z</time>
      </trkpt>
      <trkpt lat="33.9843205" lon="-111.5638571"><ele>1359</ele>
        <time>2026-09-27T20:15:41Z</time>
      </trkpt>
      <trkpt lat="33.9844007" lon="-111.563839"><ele>1358</ele>
        <time>2026-09-27T20:15:50Z</time>
      </trkpt>
      <trkpt lat="33.984438" lon="-111.5638485"><ele>1358</ele>
        <time>2026-09-27T20:15:54Z</time>
      </trkpt>
      <trkpt lat="33.9844761" lon="-111.5638405"><ele>1358</ele>
        <time>2026-09-27T20:15:59Z</time>
      </trkpt>
      <trkpt lat="33.9845106" lon="-111.5638585"><ele>1357</ele>
        <time>2026-09-27T20:16:05Z</time>
      </trkpt>
      <trkpt lat="33.9845463" lon="-111.5638329"><ele>1357</ele>
        <time>2026-09-27T20:16:10Z</time>
      </trkpt>
      <trkpt lat="33.9846524" lon="-111.563806"><ele>1355</ele>
        <time>2026-09-27T20:16:46Z</time>
      </trkpt>
      <trkpt lat="33.9847536" lon="-111.5636875"><ele>1354</ele>
        <time>2026-09-27T20:17:07Z</time>
      </trkpt>
      <trkpt lat="33.984807" lon="-111.5636797"><ele>1354</ele>
        <time>2026-09-27T20:17:16Z</time>
      </trkpt>
      <trkpt lat="33.9846873" lon="-111.5634174"><ele>1351</ele>
        <time>2026-09-27T20:18:21Z</time>
      </trkpt>
      <trkpt lat="33.9847755" lon="-111.5634025"><ele>1351</ele>
        <time>2026-09-27T20:18:51Z</time>
      </trkpt>
      <trkpt lat="33.98495" lon="-111.5633397"><ele>1350</ele>
        <time>2026-09-27T20:19:34Z</time>
      </trkpt>
      <trkpt lat="33.9850087" lon="-111.5632655"><ele>1349</ele>
        <time>2026-09-27T20:20:05Z</time>
      </trkpt>
      <trkpt lat="33.9850602" lon="-111.5632746"><ele>1349</ele>
        <time>2026-09-27T20:20:54Z</time>
      </trkpt>
      <trkpt lat="33.9851406" lon="-111.5632262"><ele>1348</ele>
        <time>2026-09-27T20:21:05Z</time>
      </trkpt>
      <trkpt lat="33.9852072" lon="-111.5632064"><ele>1348</ele>
        <time>2026-09-27T20:21:17Z</time>
      </trkpt>
      <trkpt lat="33.9852571" lon="-111.563247"><ele>1348</ele>
        <time>2026-09-27T20:21:27Z</time>
      </trkpt>
      <trkpt lat="33.9852927" lon="-111.5632024"><ele>1348</ele>
        <time>2026-09-27T20:21:36Z</time>
      </trkpt>
      <trkpt lat="33.985316" lon="-111.5631284"><ele>1348</ele>
        <time>2026-09-27T20:21:47Z</time>
      </trkpt>
      <trkpt lat="33.9853654" lon="-111.5630599"><ele>1349</ele>
        <time>2026-09-27T20:22:03Z</time>
      </trkpt>
      <trkpt lat="33.9853774" lon="-111.562979"><ele>1349</ele>
        <time>2026-09-27T20:22:10Z</time>
      </trkpt>
      <trkpt lat="33.9853447" lon="-111.5628887"><ele>1350</ele>
        <time>2026-09-27T20:22:18Z</time>
      </trkpt>
      <trkpt lat="33.9853262" lon="-111.5627948"><ele>1351</ele>
        <time>2026-09-27T20:22:34Z</time>
      </trkpt>
      <trkpt lat="33.9853546" lon="-111.5627171"><ele>1351</ele>
        <time>2026-09-27T20:22:42Z</time>
      </trkpt>
      <trkpt lat="33.9854076" lon="-111.5626705"><ele>1352</ele>
        <time>2026-09-27T20:22:49Z</time>
      </trkpt>
      <trkpt lat="33.9854291" lon="-111.562595"><ele>1352</ele>
        <time>2026-09-27T20:22:55Z</time>
      </trkpt>
      <trkpt lat="33.9854105" lon="-111.5625292"><ele>1354</ele>
        <time>2026-09-27T20:23:01Z</time>
      </trkpt>
      <trkpt lat="33.9854308" lon="-111.562407"><ele>1354</ele>
        <time>2026-09-27T20:23:10Z</time>
      </trkpt>
      <trkpt lat="33.9855111" lon="-111.562334"><ele>1354</ele>
        <time>2026-09-27T20:23:19Z</time>
      </trkpt>
      <trkpt lat="33.9855513" lon="-111.5623117"><ele>1355</ele>
        <time>2026-09-27T20:23:23Z</time>
      </trkpt>
      <trkpt lat="33.9855542" lon="-111.5621923"><ele>1356</ele>
        <time>2026-09-27T20:23:35Z</time>
      </trkpt>
      <trkpt lat="33.9855871" lon="-111.5621448"><ele>1356</ele>
        <time>2026-09-27T20:23:39Z</time>
      </trkpt>
      <trkpt lat="33.9856325" lon="-111.5620416"><ele>1356</ele>
        <time>2026-09-27T20:23:47Z</time>
      </trkpt>
      <trkpt lat="33.9856536" lon="-111.5619403"><ele>1357</ele>
        <time>2026-09-27T20:23:55Z</time>
      </trkpt>
      <trkpt lat="33.9857028" lon="-111.5618393"><ele>1358</ele>
        <time>2026-09-27T20:24:05Z</time>
      </trkpt>
      <trkpt lat="33.9857081" lon="-111.5617893"><ele>1358</ele>
        <time>2026-09-27T20:24:08Z</time>
      </trkpt>
      <trkpt lat="33.9857286" lon="-111.5617474"><ele>1359</ele>
        <time>2026-09-27T20:24:12Z</time>
      </trkpt>
      <trkpt lat="33.9858219" lon="-111.5616514"><ele>1359</ele>
        <time>2026-09-27T20:24:22Z</time>
      </trkpt>
      <trkpt lat="33.9859933" lon="-111.5615334"><ele>1361</ele>
        <time>2026-09-27T20:24:38Z</time>
      </trkpt>
      <trkpt lat="33.9861428" lon="-111.5613891"><ele>1362</ele>
        <time>2026-09-27T20:24:53Z</time>
      </trkpt>
      <trkpt lat="33.9862308" lon="-111.5613339"><ele>1362</ele>
        <time>2026-09-27T20:25:01Z</time>
      </trkpt>
      <trkpt lat="33.9863298" lon="-111.5612532"><ele>1362</ele>
        <time>2026-09-27T20:25:11Z</time>
      </trkpt>
      <trkpt lat="33.9863455" lon="-111.5611685"><ele>1363</ele>
        <time>2026-09-27T20:25:54Z</time>
      </trkpt>
      <trkpt lat="33.9863875" lon="-111.5610605"><ele>1364</ele>
        <time>2026-09-27T20:26:03Z</time>
      </trkpt>
      <trkpt lat="33.986393" lon="-111.5608918"><ele>1364</ele>
        <time>2026-09-27T20:26:14Z</time>
      </trkpt>
      <trkpt lat="33.986415" lon="-111.5608169"><ele>1364</ele>
        <time>2026-09-27T20:26:19Z</time>
      </trkpt>
      <trkpt lat="33.9864713" lon="-111.5606941"><ele>1364</ele>
        <time>2026-09-27T20:26:28Z</time>
      </trkpt>
      <trkpt lat="33.9865075" lon="-111.5606493"><ele>1364</ele>
        <time>2026-09-27T20:26:32Z</time>
      </trkpt>
      <trkpt lat="33.9866806" lon="-111.5604947"><ele>1364</ele>
        <time>2026-09-27T20:26:48Z</time>
      </trkpt>
      <trkpt lat="33.9868398" lon="-111.5603792"><ele>1363</ele>
        <time>2026-09-27T20:27:02Z</time>
      </trkpt>
      <trkpt lat="33.9868889" lon="-111.5603615"><ele>1364</ele>
        <time>2026-09-27T20:27:06Z</time>
      </trkpt>
      <trkpt lat="33.9869412" lon="-111.5603671"><ele>1363</ele>
        <time>2026-09-27T20:27:10Z</time>
      </trkpt>
      <trkpt lat="33.986978" lon="-111.560332"><ele>1363</ele>
        <time>2026-09-27T20:27:14Z</time>
      </trkpt>
      <trkpt lat="33.9870205" lon="-111.5603571"><ele>1363</ele>
        <time>2026-09-27T20:27:19Z</time>
      </trkpt>
      <trkpt lat="33.9869705" lon="-111.5603172"><ele>1362</ele>
        <time>2026-09-27T20:27:35Z</time>
      </trkpt>
      <trkpt lat="33.9870215" lon="-111.5602342"><ele>1362</ele>
        <time>2026-09-27T20:27:47Z</time>
      </trkpt>
      <trkpt lat="33.9870646" lon="-111.5601996"><ele>1361</ele>
        <time>2026-09-27T20:28:24Z</time>
      </trkpt>
      <trkpt lat="33.9871428" lon="-111.5601865"><ele>1357</ele>
        <time>2026-09-27T20:28:35Z</time>
      </trkpt>
      <trkpt lat="33.9871736" lon="-111.5601045"><ele>1354</ele>
        <time>2026-09-27T20:28:48Z</time>
      </trkpt>
      <trkpt lat="33.987301" lon="-111.5600527"><ele>1354</ele>
        <time>2026-09-27T20:29:06Z</time>
      </trkpt>
      <trkpt lat="33.9873369" lon="-111.5600006"><ele>1354</ele>
        <time>2026-09-27T20:29:14Z</time>
      </trkpt>
      <trkpt lat="33.987387" lon="-111.559985"><ele>1354</ele>
        <time>2026-09-27T20:29:19Z</time>
      </trkpt>
      <trkpt lat="33.9874254" lon="-111.5600141"><ele>1352</ele>
        <time>2026-09-27T20:29:30Z</time>
      </trkpt>
      <trkpt lat="33.9874747" lon="-111.5599919"><ele>1350</ele>
        <time>2026-09-27T20:29:38Z</time>
      </trkpt>
      <trkpt lat="33.9875868" lon="-111.5598642"><ele>1347</ele>
        <time>2026-09-27T20:30:16Z</time>
      </trkpt>
      <trkpt lat="33.9875669" lon="-111.5597746"><ele>1345</ele>
        <time>2026-09-27T20:30:50Z</time>
      </trkpt>
      <trkpt lat="33.987625" lon="-111.5596825"><ele>1346</ele>
        <time>2026-09-27T20:31:08Z</time>
      </trkpt>
      <trkpt lat="33.9876857" lon="-111.5596239"><ele>1344</ele>
        <time>2026-09-27T20:31:23Z</time>
      </trkpt>
      <trkpt lat="33.9876696" lon="-111.5595563"><ele>1340</ele>
        <time>2026-09-27T20:31:37Z</time>
      </trkpt>
      <trkpt lat="33.9876991" lon="-111.5595017"><ele>1336</ele>
        <time>2026-09-27T20:31:46Z</time>
      </trkpt>
      <trkpt lat="33.9878996" lon="-111.5593681"><ele>1332</ele>
        <time>2026-09-27T20:32:33Z</time>
      </trkpt>
      <trkpt lat="33.9879308" lon="-111.559312"><ele>1328</ele>
        <time>2026-09-27T20:32:43Z</time>
      </trkpt>
      <trkpt lat="33.9879798" lon="-111.5592981"><ele>1324</ele>
        <time>2026-09-27T20:32:52Z</time>
      </trkpt>
      <trkpt lat="33.9881043" lon="-111.5591876"><ele>1319</ele>
        <time>2026-09-27T20:33:38Z</time>
      </trkpt>
      <trkpt lat="33.9881439" lon="-111.5591115"><ele>1317</ele>
        <time>2026-09-27T20:33:55Z</time>
      </trkpt>
      <trkpt lat="33.9882281" lon="-111.5591157"><ele>1313</ele>
        <time>2026-09-27T20:34:28Z</time>
      </trkpt>
      <trkpt lat="33.9883107" lon="-111.5591025"><ele>1311</ele>
        <time>2026-09-27T20:34:45Z</time>
      </trkpt>
      <trkpt lat="33.9883533" lon="-111.5590394"><ele>1308</ele>
        <time>2026-09-27T20:35:16Z</time>
      </trkpt>
      <trkpt lat="33.9884248" lon="-111.5590591"><ele>1307</ele>
        <time>2026-09-27T20:35:33Z</time>
      </trkpt>
      <trkpt lat="33.9884792" lon="-111.5590251"><ele>1308</ele>
        <time>2026-09-27T20:35:43Z</time>
      </trkpt>
      <trkpt lat="33.9885241" lon="-111.5589824"><ele>1308</ele>
        <time>2026-09-27T20:35:52Z</time>
      </trkpt>
      <trkpt lat="33.9885901" lon="-111.5590083"><ele>1307</ele>
        <time>2026-09-27T20:36:13Z</time>
      </trkpt>
      <trkpt lat="33.9887685" lon="-111.5589157"><ele>1305</ele>
        <time>2026-09-27T20:38:01Z</time>
      </trkpt>
      <trkpt lat="33.9888567" lon="-111.5589014"><ele>1305</ele>
        <time>2026-09-27T20:38:13Z</time>
      </trkpt>
      <trkpt lat="33.9890439" lon="-111.558698"><ele>1304</ele>
        <time>2026-09-27T20:39:13Z</time>
      </trkpt>
      <trkpt lat="33.9891189" lon="-111.558578"><ele>1304</ele>
        <time>2026-09-27T20:39:29Z</time>
      </trkpt>
      <trkpt lat="33.9892168" lon="-111.5585891"><ele>1304</ele>
        <time>2026-09-27T20:39:43Z</time>
      </trkpt>
      <trkpt lat="33.9892438" lon="-111.5585301"><ele>1304</ele>
        <time>2026-09-27T20:39:48Z</time>
      </trkpt>
      <trkpt lat="33.9892816" lon="-111.5584942"><ele>1304</ele>
        <time>2026-09-27T20:39:52Z</time>
      </trkpt>
      <trkpt lat="33.9892985" lon="-111.5584435"><ele>1304</ele>
        <time>2026-09-27T20:39:56Z</time>
      </trkpt>
      <trkpt lat="33.9893419" lon="-111.5584386"><ele>1304</ele>
        <time>2026-09-27T20:39:59Z</time>
      </trkpt>
      <trkpt lat="33.9893767" lon="-111.5583989"><ele>1303</ele>
        <time>2026-09-27T20:40:04Z</time>
      </trkpt>
      <trkpt lat="33.9894326" lon="-111.5584036"><ele>1303</ele>
        <time>2026-09-27T20:40:09Z</time>
      </trkpt>
      <trkpt lat="33.9894786" lon="-111.5583815"><ele>1303</ele>
        <time>2026-09-27T20:40:14Z</time>
      </trkpt>
      <trkpt lat="33.9895569" lon="-111.558322"><ele>1303</ele>
        <time>2026-09-27T20:40:24Z</time>
      </trkpt>
      <trkpt lat="33.9896048" lon="-111.5583068"><ele>1302</ele>
        <time>2026-09-27T20:40:28Z</time>
      </trkpt>
      <trkpt lat="33.9896398" lon="-111.5582703"><ele>1301</ele>
        <time>2026-09-27T20:40:32Z</time>
      </trkpt>
      <trkpt lat="33.9896901" lon="-111.5582806"><ele>1301</ele>
        <time>2026-09-27T20:40:37Z</time>
      </trkpt>
      <trkpt lat="33.9897391" lon="-111.5582659"><ele>1300</ele>
        <time>2026-09-27T20:40:42Z</time>
      </trkpt>
      <trkpt lat="33.9897793" lon="-111.5582389"><ele>1300</ele>
        <time>2026-09-27T20:40:47Z</time>
      </trkpt>
      <trkpt lat="33.9898249" lon="-111.5582327"><ele>1301</ele>
        <time>2026-09-27T20:40:51Z</time>
      </trkpt>
      <trkpt lat="33.9898641" lon="-111.5582337"><ele>1300</ele>
        <time>2026-09-27T20:40:55Z</time>
      </trkpt>
      <trkpt lat="33.9899092" lon="-111.5582514"><ele>1300</ele>
        <time>2026-09-27T20:40:59Z</time>
      </trkpt>
      <trkpt lat="33.9900732" lon="-111.5581723"><ele>1294</ele>
        <time>2026-09-27T20:41:18Z</time>
      </trkpt>
      <trkpt lat="33.990138" lon="-111.5581002"><ele>1294</ele>
        <time>2026-09-27T20:41:27Z</time>
      </trkpt>
      <trkpt lat="33.9901607" lon="-111.5580079"><ele>1294</ele>
        <time>2026-09-27T20:41:34Z</time>
      </trkpt>
      <trkpt lat="33.9902295" lon="-111.5579486"><ele>1295</ele>
        <time>2026-09-27T20:41:46Z</time>
      </trkpt>
      <trkpt lat="33.9903074" lon="-111.5579098"><ele>1294</ele>
        <time>2026-09-27T20:41:56Z</time>
      </trkpt>
      <trkpt lat="33.9902925" lon="-111.5578607"><ele>1294</ele>
        <time>2026-09-27T20:42:01Z</time>
      </trkpt>
      <trkpt lat="33.990357" lon="-111.5577979"><ele>1295</ele>
        <time>2026-09-27T20:42:31Z</time>
      </trkpt>
      <trkpt lat="33.9903987" lon="-111.5578884"><ele>1294</ele>
        <time>2026-09-27T20:42:54Z</time>
      </trkpt>
      <trkpt lat="33.990453" lon="-111.5579472"><ele>1294</ele>
        <time>2026-09-27T20:43:02Z</time>
      </trkpt>
      <trkpt lat="33.9905175" lon="-111.5579768"><ele>1294</ele>
        <time>2026-09-27T20:43:10Z</time>
      </trkpt>
      <trkpt lat="33.9906303" lon="-111.5579745"><ele>1295</ele>
        <time>2026-09-27T20:43:21Z</time>
      </trkpt>
      <trkpt lat="33.9906789" lon="-111.5579907"><ele>1295</ele>
        <time>2026-09-27T20:43:28Z</time>
      </trkpt>
      <trkpt lat="33.9907277" lon="-111.5579678"><ele>1295</ele>
        <time>2026-09-27T20:43:33Z</time>
      </trkpt>
      <trkpt lat="33.9907462" lon="-111.5579145"><ele>1294</ele>
        <time>2026-09-27T20:43:40Z</time>
      </trkpt>
      <trkpt lat="33.9907929" lon="-111.5578862"><ele>1294</ele>
        <time>2026-09-27T20:43:45Z</time>
      </trkpt>
      <trkpt lat="33.9908361" lon="-111.5579153"><ele>1294</ele>
        <time>2026-09-27T20:43:51Z</time>
      </trkpt>
      <trkpt lat="33.9908784" lon="-111.5578721"><ele>1294</ele>
        <time>2026-09-27T20:43:58Z</time>
      </trkpt>
      <trkpt lat="33.991002" lon="-111.5578644"><ele>1294</ele>
        <time>2026-09-27T20:44:11Z</time>
      </trkpt>
      <trkpt lat="33.9910514" lon="-111.5578883"><ele>1294</ele>
        <time>2026-09-27T20:44:18Z</time>
      </trkpt>
      <trkpt lat="33.9910921" lon="-111.5579334"><ele>1294</ele>
        <time>2026-09-27T20:44:24Z</time>
      </trkpt>
      <trkpt lat="33.9912092" lon="-111.5578979"><ele>1293</ele>
        <time>2026-09-27T20:44:39Z</time>
      </trkpt>
      <trkpt lat="33.9913101" lon="-111.5579311"><ele>1292</ele>
        <time>2026-09-27T20:44:52Z</time>
      </trkpt>
      <trkpt lat="33.9913266" lon="-111.5579866"><ele>1292</ele>
        <time>2026-09-27T20:44:57Z</time>
      </trkpt>
      <trkpt lat="33.991461" lon="-111.5579994"><ele>1291</ele>
        <time>2026-09-27T20:45:11Z</time>
      </trkpt>
      <trkpt lat="33.9915439" lon="-111.5580359"><ele>1290</ele>
        <time>2026-09-27T20:45:21Z</time>
      </trkpt>
      <trkpt lat="33.9916332" lon="-111.5580325"><ele>1290</ele>
        <time>2026-09-27T20:45:30Z</time>
      </trkpt>
      <trkpt lat="33.9916762" lon="-111.5580189"><ele>1289</ele>
        <time>2026-09-27T20:45:34Z</time>
      </trkpt>
      <trkpt lat="33.9917189" lon="-111.5579909"><ele>1289</ele>
        <time>2026-09-27T20:45:38Z</time>
      </trkpt>
      <trkpt lat="33.9917482" lon="-111.5580219"><ele>1286</ele>
        <time>2026-09-27T20:45:45Z</time>
      </trkpt>
      <trkpt lat="33.9918127" lon="-111.5579649"><ele>1288</ele>
        <time>2026-09-27T20:45:51Z</time>
      </trkpt>
      <trkpt lat="33.9918522" lon="-111.5579678"><ele>1286</ele>
        <time>2026-09-27T20:45:55Z</time>
      </trkpt>
      <trkpt lat="33.9919235" lon="-111.5579135"><ele>1286</ele>
        <time>2026-09-27T20:46:02Z</time>
      </trkpt>
      <trkpt lat="33.9919311" lon="-111.5578624"><ele>1286</ele>
        <time>2026-09-27T20:46:07Z</time>
      </trkpt>
      <trkpt lat="33.9919687" lon="-111.557857"><ele>1285</ele>
        <time>2026-09-27T20:46:11Z</time>
      </trkpt>
      <trkpt lat="33.992009" lon="-111.5578325"><ele>1284</ele>
        <time>2026-09-27T20:46:15Z</time>
      </trkpt>
      <trkpt lat="33.9920538" lon="-111.5578451"><ele>1283</ele>
        <time>2026-09-27T20:46:19Z</time>
      </trkpt>
      <trkpt lat="33.9921361" lon="-111.5578264"><ele>1282</ele>
        <time>2026-09-27T20:46:27Z</time>
      </trkpt>
      <trkpt lat="33.9921747" lon="-111.5578035"><ele>1282</ele>
        <time>2026-09-27T20:46:31Z</time>
      </trkpt>
      <trkpt lat="33.9922038" lon="-111.557764"><ele>1281</ele>
        <time>2026-09-27T20:46:35Z</time>
      </trkpt>
      <trkpt lat="33.9922232" lon="-111.5577126"><ele>1281</ele>
        <time>2026-09-27T20:46:39Z</time>
      </trkpt>
      <trkpt lat="33.9922641" lon="-111.5577007"><ele>1280</ele>
        <time>2026-09-27T20:46:43Z</time>
      </trkpt>
      <trkpt lat="33.9923205" lon="-111.5575981"><ele>1280</ele>
        <time>2026-09-27T20:46:56Z</time>
      </trkpt>
      <trkpt lat="33.9923601" lon="-111.5575769"><ele>1280</ele>
        <time>2026-09-27T20:47:02Z</time>
      </trkpt>
      <trkpt lat="33.9924032" lon="-111.5575729"><ele>1280</ele>
        <time>2026-09-27T20:47:08Z</time>
      </trkpt>
      <trkpt lat="33.9924941" lon="-111.5576169"><ele>1280</ele>
        <time>2026-09-27T20:47:23Z</time>
      </trkpt>
      <trkpt lat="33.9925479" lon="-111.5576033"><ele>1280</ele>
        <time>2026-09-27T20:47:28Z</time>
      </trkpt>
      <trkpt lat="33.9925952" lon="-111.5576492"><ele>1280</ele>
        <time>2026-09-27T20:47:33Z</time>
      </trkpt>
      <trkpt lat="33.9926484" lon="-111.5576317"><ele>1280</ele>
        <time>2026-09-27T20:47:38Z</time>
      </trkpt>
      <trkpt lat="33.9926936" lon="-111.5575495"><ele>1280</ele>
        <time>2026-09-27T20:47:50Z</time>
      </trkpt>
      <trkpt lat="33.9927354" lon="-111.5575203"><ele>1280</ele>
        <time>2026-09-27T20:47:55Z</time>
      </trkpt>
      <trkpt lat="33.9927791" lon="-111.5575249"><ele>1282</ele>
        <time>2026-09-27T20:47:59Z</time>
      </trkpt>
      <trkpt lat="33.992827" lon="-111.5575547"><ele>1281</ele>
        <time>2026-09-27T20:48:06Z</time>
      </trkpt>
      <trkpt lat="33.9928893" lon="-111.5575416"><ele>1281</ele>
        <time>2026-09-27T20:48:15Z</time>
      </trkpt>
      <trkpt lat="33.9929452" lon="-111.5575746"><ele>1282</ele>
        <time>2026-09-27T20:48:22Z</time>
      </trkpt>
      <trkpt lat="33.9930106" lon="-111.5575833"><ele>1282</ele>
        <time>2026-09-27T20:48:29Z</time>
      </trkpt>
      <trkpt lat="33.9930727" lon="-111.5576163"><ele>1282</ele>
        <time>2026-09-27T20:48:36Z</time>
      </trkpt>
      <trkpt lat="33.9931885" lon="-111.5574481"><ele>1284</ele>
        <time>2026-09-27T20:50:04Z</time>
      </trkpt>
      <trkpt lat="33.9932567" lon="-111.5573868"><ele>1286</ele>
        <time>2026-09-27T20:50:13Z</time>
      </trkpt>
      <trkpt lat="33.9935261" lon="-111.557233"><ele>1278</ele>
        <time>2026-09-27T20:51:03Z</time>
      </trkpt>
      <trkpt lat="33.9935559" lon="-111.5571846"><ele>1278</ele>
        <time>2026-09-27T20:51:12Z</time>
      </trkpt>
      <trkpt lat="33.9936056" lon="-111.5571675"><ele>1278</ele>
        <time>2026-09-27T20:51:20Z</time>
      </trkpt>
      <trkpt lat="33.9936593" lon="-111.5571272"><ele>1278</ele>
        <time>2026-09-27T20:51:38Z</time>
      </trkpt>
      <trkpt lat="33.9937318" lon="-111.557101"><ele>1278</ele>
        <time>2026-09-27T20:51:46Z</time>
      </trkpt>
      <trkpt lat="33.9938087" lon="-111.5570956"><ele>1277</ele>
        <time>2026-09-27T20:51:59Z</time>
      </trkpt>
      <trkpt lat="33.9938577" lon="-111.5570233"><ele>1277</ele>
        <time>2026-09-27T20:52:13Z</time>
      </trkpt>
      <trkpt lat="33.993936" lon="-111.556984"><ele>1277</ele>
        <time>2026-09-27T20:52:24Z</time>
      </trkpt>
      <trkpt lat="33.9940717" lon="-111.5569541"><ele>1275</ele>
        <time>2026-09-27T20:52:37Z</time>
      </trkpt>
      <trkpt lat="33.9942215" lon="-111.5568744"><ele>1275</ele>
        <time>2026-09-27T20:52:55Z</time>
      </trkpt>
      <trkpt lat="33.994332" lon="-111.5568576"><ele>1272</ele>
        <time>2026-09-27T20:53:07Z</time>
      </trkpt>
      <trkpt lat="33.9943733" lon="-111.5568867"><ele>1271</ele>
        <time>2026-09-27T20:53:14Z</time>
      </trkpt>
      <trkpt lat="33.994509" lon="-111.5568217"><ele>1268</ele>
        <time>2026-09-27T20:53:57Z</time>
      </trkpt>
      <trkpt lat="33.9945517" lon="-111.5567719"><ele>1267</ele>
        <time>2026-09-27T20:54:11Z</time>
      </trkpt>
      <trkpt lat="33.9946033" lon="-111.5566421"><ele>1266</ele>
        <time>2026-09-27T20:54:27Z</time>
      </trkpt>
      <trkpt lat="33.9946511" lon="-111.556596"><ele>1264</ele>
        <time>2026-09-27T20:54:36Z</time>
      </trkpt>
      <trkpt lat="33.9947453" lon="-111.5565337"><ele>1263</ele>
        <time>2026-09-27T20:54:55Z</time>
      </trkpt>
      <trkpt lat="33.9947599" lon="-111.5564754"><ele>1262</ele>
        <time>2026-09-27T20:55:02Z</time>
      </trkpt>
      <trkpt lat="33.9947975" lon="-111.5564389"><ele>1261</ele>
        <time>2026-09-27T20:55:09Z</time>
      </trkpt>
      <trkpt lat="33.994842" lon="-111.556453"><ele>1260</ele>
        <time>2026-09-27T20:55:14Z</time>
      </trkpt>
      <trkpt lat="33.9948876" lon="-111.5564278"><ele>1259</ele>
        <time>2026-09-27T20:55:19Z</time>
      </trkpt>
      <trkpt lat="33.9949312" lon="-111.5564406"><ele>1258</ele>
        <time>2026-09-27T20:55:25Z</time>
      </trkpt>
      <trkpt lat="33.9950497" lon="-111.5565456"><ele>1256</ele>
        <time>2026-09-27T20:55:43Z</time>
      </trkpt>
      <trkpt lat="33.9950776" lon="-111.5565891"><ele>1254</ele>
        <time>2026-09-27T20:55:47Z</time>
      </trkpt>
      <trkpt lat="33.9951167" lon="-111.5566134"><ele>1253</ele>
        <time>2026-09-27T20:55:51Z</time>
      </trkpt>
      <trkpt lat="33.995208" lon="-111.5566124"><ele>1252</ele>
        <time>2026-09-27T20:55:59Z</time>
      </trkpt>
      <trkpt lat="33.9953116" lon="-111.5565138"><ele>1251</ele>
        <time>2026-09-27T20:56:11Z</time>
      </trkpt>
      <trkpt lat="33.9953836" lon="-111.5564778"><ele>1250</ele>
        <time>2026-09-27T20:56:18Z</time>
      </trkpt>
      <trkpt lat="33.9954451" lon="-111.5563619"><ele>1247</ele>
        <time>2026-09-27T20:56:28Z</time>
      </trkpt>
      <trkpt lat="33.9954803" lon="-111.5563354"><ele>1248</ele>
        <time>2026-09-27T20:56:32Z</time>
      </trkpt>
      <trkpt lat="33.9955242" lon="-111.5563185"><ele>1248</ele>
        <time>2026-09-27T20:56:37Z</time>
      </trkpt>
      <trkpt lat="33.9955936" lon="-111.5564401"><ele>1245</ele>
        <time>2026-09-27T20:56:54Z</time>
      </trkpt>
      <trkpt lat="33.9956358" lon="-111.5564224"><ele>1244</ele>
        <time>2026-09-27T20:56:59Z</time>
      </trkpt>
      <trkpt lat="33.995658" lon="-111.5563817"><ele>1242</ele>
        <time>2026-09-27T20:57:04Z</time>
      </trkpt>
      <trkpt lat="33.9957396" lon="-111.5564077"><ele>1242</ele>
        <time>2026-09-27T20:57:12Z</time>
      </trkpt>
      <trkpt lat="33.9957888" lon="-111.556388"><ele>1242</ele>
        <time>2026-09-27T20:57:19Z</time>
      </trkpt>
      <trkpt lat="33.9958268" lon="-111.5564181"><ele>1240</ele>
        <time>2026-09-27T20:57:23Z</time>
      </trkpt>
      <trkpt lat="33.9958519" lon="-111.5564628"><ele>1238</ele>
        <time>2026-09-27T20:57:28Z</time>
      </trkpt>
      <trkpt lat="33.9958831" lon="-111.5564945"><ele>1238</ele>
        <time>2026-09-27T20:57:33Z</time>
      </trkpt>
      <trkpt lat="33.9959257" lon="-111.5564947"><ele>1238</ele>
        <time>2026-09-27T20:57:36Z</time>
      </trkpt>
      <trkpt lat="33.9959668" lon="-111.5564799"><ele>1236</ele>
        <time>2026-09-27T20:57:41Z</time>
      </trkpt>
      <trkpt lat="33.9960066" lon="-111.556439"><ele>1236</ele>
        <time>2026-09-27T20:57:46Z</time>
      </trkpt>
      <trkpt lat="33.9961107" lon="-111.5564537"><ele>1234</ele>
        <time>2026-09-27T20:57:55Z</time>
      </trkpt>
      <trkpt lat="33.9961534" lon="-111.5564808"><ele>1233</ele>
        <time>2026-09-27T20:58:00Z</time>
      </trkpt>
      <trkpt lat="33.996203" lon="-111.556481"><ele>1232</ele>
        <time>2026-09-27T20:58:04Z</time>
      </trkpt>
      <trkpt lat="33.9962885" lon="-111.5564459"><ele>1231</ele>
        <time>2026-09-27T20:58:13Z</time>
      </trkpt>
      <trkpt lat="33.9963278" lon="-111.5564537"><ele>1229</ele>
        <time>2026-09-27T20:58:17Z</time>
      </trkpt>
      <trkpt lat="33.996372" lon="-111.5564488"><ele>1229</ele>
        <time>2026-09-27T20:58:21Z</time>
      </trkpt>
      <trkpt lat="33.9964175" lon="-111.5564264"><ele>1229</ele>
        <time>2026-09-27T20:58:25Z</time>
      </trkpt>
      <trkpt lat="33.9964656" lon="-111.5564267"><ele>1228</ele>
        <time>2026-09-27T20:58:29Z</time>
      </trkpt>
      <trkpt lat="33.9966041" lon="-111.5563904"><ele>1226</ele>
        <time>2026-09-27T20:58:41Z</time>
      </trkpt>
      <trkpt lat="33.9966424" lon="-111.5563696"><ele>1224</ele>
        <time>2026-09-27T20:58:45Z</time>
      </trkpt>
      <trkpt lat="33.9966812" lon="-111.5563801"><ele>1223</ele>
        <time>2026-09-27T20:58:48Z</time>
      </trkpt>
      <trkpt lat="33.9967671" lon="-111.556312"><ele>1222</ele>
        <time>2026-09-27T20:58:59Z</time>
      </trkpt>
      <trkpt lat="33.99683" lon="-111.5562267"><ele>1221</ele>
        <time>2026-09-27T20:59:07Z</time>
      </trkpt>
      <trkpt lat="33.9968767" lon="-111.556217"><ele>1220</ele>
        <time>2026-09-27T20:59:12Z</time>
      </trkpt>
      <trkpt lat="33.9968986" lon="-111.5561663"><ele>1220</ele>
        <time>2026-09-27T20:59:16Z</time>
      </trkpt>
      <trkpt lat="33.9969425" lon="-111.5561567"><ele>1218</ele>
        <time>2026-09-27T20:59:20Z</time>
      </trkpt>
      <trkpt lat="33.9969919" lon="-111.5561235"><ele>1216</ele>
        <time>2026-09-27T20:59:25Z</time>
      </trkpt>
      <trkpt lat="33.9971328" lon="-111.5561373"><ele>1216</ele>
        <time>2026-09-27T20:59:38Z</time>
      </trkpt>
      <trkpt lat="33.9972035" lon="-111.5562285"><ele>1216</ele>
        <time>2026-09-27T20:59:47Z</time>
      </trkpt>
      <trkpt lat="33.9972432" lon="-111.5562568"><ele>1214</ele>
        <time>2026-09-27T20:59:52Z</time>
      </trkpt>
      <trkpt lat="33.997253" lon="-111.5563153"><ele>1213</ele>
        <time>2026-09-27T21:00:01Z</time>
      </trkpt>
      <trkpt lat="33.9973047" lon="-111.5563438"><ele>1212</ele>
        <time>2026-09-27T21:00:10Z</time>
      </trkpt>
      <trkpt lat="33.9974698" lon="-111.556482"><ele>1209</ele>
        <time>2026-09-27T21:00:37Z</time>
      </trkpt>
      <trkpt lat="33.9975743" lon="-111.5565205"><ele>1205</ele>
        <time>2026-09-27T21:00:57Z</time>
      </trkpt>
      <trkpt lat="33.9976678" lon="-111.5566011"><ele>1201</ele>
        <time>2026-09-27T21:01:12Z</time>
      </trkpt>
      <trkpt lat="33.9977122" lon="-111.5565529"><ele>1198</ele>
        <time>2026-09-27T21:01:31Z</time>
      </trkpt>
      <trkpt lat="33.9977312" lon="-111.5564712"><ele>1196</ele>
        <time>2026-09-27T21:01:42Z</time>
      </trkpt>
      <trkpt lat="33.9977506" lon="-111.5562774"><ele>1191</ele>
        <time>2026-09-27T21:02:10Z</time>
      </trkpt>
      <trkpt lat="33.9978017" lon="-111.5562079"><ele>1188</ele>
        <time>2026-09-27T21:02:40Z</time>
      </trkpt>
      <trkpt lat="33.9978849" lon="-111.5561671"><ele>1183</ele>
        <time>2026-09-27T21:03:09Z</time>
      </trkpt>
      <trkpt lat="33.9979722" lon="-111.5561499"><ele>1182</ele>
        <time>2026-09-27T21:03:32Z</time>
      </trkpt>
      <trkpt lat="33.9980424" lon="-111.556231"><ele>1180</ele>
        <time>2026-09-27T21:03:50Z</time>
      </trkpt>
      <trkpt lat="33.9981201" lon="-111.5562175"><ele>1176</ele>
        <time>2026-09-27T21:04:13Z</time>
      </trkpt>
      <trkpt lat="33.9981794" lon="-111.5561952"><ele>1172</ele>
        <time>2026-09-27T21:04:29Z</time>
      </trkpt>
      <trkpt lat="33.9982389" lon="-111.5562115"><ele>1169</ele>
        <time>2026-09-27T21:04:45Z</time>
      </trkpt>
      <trkpt lat="33.9982734" lon="-111.5562947"><ele>1166</ele>
        <time>2026-09-27T21:05:05Z</time>
      </trkpt>
      <trkpt lat="33.9984473" lon="-111.5564584"><ele>1162</ele>
        <time>2026-09-27T21:05:50Z</time>
      </trkpt>
      <trkpt lat="33.998485" lon="-111.5565191"><ele>1162</ele>
        <time>2026-09-27T21:05:57Z</time>
      </trkpt>
      <trkpt lat="33.9984943" lon="-111.5565899"><ele>1162</ele>
        <time>2026-09-27T21:06:02Z</time>
      </trkpt>
      <trkpt lat="33.9985386" lon="-111.5566321"><ele>1162</ele>
        <time>2026-09-27T21:06:07Z</time>
      </trkpt>
      <trkpt lat="33.9985675" lon="-111.5566919"><ele>1162</ele>
        <time>2026-09-27T21:06:14Z</time>
      </trkpt>
      <trkpt lat="33.9986531" lon="-111.5567353"><ele>1162</ele>
        <time>2026-09-27T21:06:24Z</time>
      </trkpt>
      <trkpt lat="33.9987157" lon="-111.5568308"><ele>1162</ele>
        <time>2026-09-27T21:06:36Z</time>
      </trkpt>
      <trkpt lat="33.9987267" lon="-111.5568812"><ele>1162</ele>
        <time>2026-09-27T21:06:40Z</time>
      </trkpt>
      <trkpt lat="33.998718" lon="-111.5569304"><ele>1163</ele>
        <time>2026-09-27T21:06:45Z</time>
      </trkpt>
      <trkpt lat="33.9987376" lon="-111.55702"><ele>1163</ele>
        <time>2026-09-27T21:06:58Z</time>
      </trkpt>
      <trkpt lat="33.9987875" lon="-111.5570514"><ele>1163</ele>
        <time>2026-09-27T21:07:06Z</time>
      </trkpt>
      <trkpt lat="33.9988628" lon="-111.5570588"><ele>1163</ele>
        <time>2026-09-27T21:08:05Z</time>
      </trkpt>
      <trkpt lat="33.9989326" lon="-111.5572676"><ele>1163</ele>
        <time>2026-09-27T21:08:25Z</time>
      </trkpt>
      <trkpt lat="33.9989695" lon="-111.5573368"><ele>1163</ele>
        <time>2026-09-27T21:08:30Z</time>
      </trkpt>
      <trkpt lat="33.9990328" lon="-111.5573721"><ele>1163</ele>
        <time>2026-09-27T21:08:36Z</time>
      </trkpt>
      <trkpt lat="33.9990242" lon="-111.5575071"><ele>1163</ele>
        <time>2026-09-27T21:08:56Z</time>
      </trkpt>
      <trkpt lat="33.9990716" lon="-111.5576255"><ele>1163</ele>
        <time>2026-09-27T21:09:08Z</time>
      </trkpt>
      <trkpt lat="33.9990827" lon="-111.5576952"><ele>1162</ele>
        <time>2026-09-27T21:09:13Z</time>
      </trkpt>
      <trkpt lat="33.9991153" lon="-111.5577499"><ele>1162</ele>
        <time>2026-09-27T21:09:18Z</time>
      </trkpt>
      <trkpt lat="33.9991525" lon="-111.5577883"><ele>1162</ele>
        <time>2026-09-27T21:09:22Z</time>
      </trkpt>
      <trkpt lat="33.9992015" lon="-111.5577949"><ele>1161</ele>
        <time>2026-09-27T21:09:35Z</time>
      </trkpt>
      <trkpt lat="33.9992547" lon="-111.5578268"><ele>1161</ele>
        <time>2026-09-27T21:09:40Z</time>
      </trkpt>
      <trkpt lat="33.9993088" lon="-111.5578307"><ele>1161</ele>
        <time>2026-09-27T21:09:45Z</time>
      </trkpt>
      <trkpt lat="33.9994232" lon="-111.5579455"><ele>1160</ele>
        <time>2026-09-27T21:09:57Z</time>
      </trkpt>
      <trkpt lat="33.9994704" lon="-111.5579656"><ele>1160</ele>
        <time>2026-09-27T21:10:02Z</time>
      </trkpt>
      <trkpt lat="33.9995111" lon="-111.5579298"><ele>1160</ele>
        <time>2026-09-27T21:10:09Z</time>
      </trkpt>
      <trkpt lat="33.9996494" lon="-111.5579826"><ele>1160</ele>
        <time>2026-09-27T21:10:28Z</time>
      </trkpt>
      <trkpt lat="33.999748" lon="-111.5580329"><ele>1160</ele>
        <time>2026-09-27T21:10:40Z</time>
      </trkpt>
      <trkpt lat="33.9997944" lon="-111.5580723"><ele>1160</ele>
        <time>2026-09-27T21:10:52Z</time>
      </trkpt>
      <trkpt lat="33.9998373" lon="-111.5580296"><ele>1160</ele>
        <time>2026-09-27T21:11:07Z</time>
      </trkpt>
      <trkpt lat="33.9998894" lon="-111.5580294"><ele>1160</ele>
        <time>2026-09-27T21:11:13Z</time>
      </trkpt>
      <trkpt lat="33.9999214" lon="-111.5579782"><ele>1161</ele>
        <time>2026-09-27T21:11:21Z</time>
      </trkpt>
      <trkpt lat="34.0000085" lon="-111.5579392"><ele>1161</ele>
        <time>2026-09-27T21:11:33Z</time>
      </trkpt>
      <trkpt lat="34.000043" lon="-111.5579058"><ele>1162</ele>
        <time>2026-09-27T21:11:39Z</time>
      </trkpt>
      <trkpt lat="34.0000954" lon="-111.5578116"><ele>1162</ele>
        <time>2026-09-27T21:11:54Z</time>
      </trkpt>
      <trkpt lat="34.000133" lon="-111.5576103"><ele>1163</ele>
        <time>2026-09-27T21:12:25Z</time>
      </trkpt>
      <trkpt lat="34.0001803" lon="-111.5575708"><ele>1163</ele>
        <time>2026-09-27T21:12:30Z</time>
      </trkpt>
      <trkpt lat="34.0002519" lon="-111.5574665"><ele>1163</ele>
        <time>2026-09-27T21:12:40Z</time>
      </trkpt>
      <trkpt lat="34.0003037" lon="-111.557437"><ele>1164</ele>
        <time>2026-09-27T21:12:46Z</time>
      </trkpt>
      <trkpt lat="34.0004842" lon="-111.5572181"><ele>1164</ele>
        <time>2026-09-27T21:13:12Z</time>
      </trkpt>
      <trkpt lat="34.0005717" lon="-111.5571698"><ele>1166</ele>
        <time>2026-09-27T21:13:24Z</time>
      </trkpt>
      <trkpt lat="34.0006003" lon="-111.5571248"><ele>1165</ele>
        <time>2026-09-27T21:13:31Z</time>
      </trkpt>
      <trkpt lat="34.0006468" lon="-111.5571129"><ele>1165</ele>
        <time>2026-09-27T21:13:36Z</time>
      </trkpt>
      <trkpt lat="34.0006889" lon="-111.5570844"><ele>1167</ele>
        <time>2026-09-27T21:13:42Z</time>
      </trkpt>
      <trkpt lat="34.0007847" lon="-111.5570733"><ele>1167</ele>
        <time>2026-09-27T21:14:12Z</time>
      </trkpt>
      <trkpt lat="34.0008459" lon="-111.5570545"><ele>1167</ele>
        <time>2026-09-27T21:14:48Z</time>
      </trkpt>
      <trkpt lat="34.001056" lon="-111.5570826"><ele>1168</ele>
        <time>2026-09-27T21:15:28Z</time>
      </trkpt>
      <trkpt lat="34.0011606" lon="-111.5570588"><ele>1169</ele>
        <time>2026-09-27T21:15:41Z</time>
      </trkpt>
      <trkpt lat="34.0011054" lon="-111.5569715"><ele>1169</ele>
        <time>2026-09-27T21:16:07Z</time>
      </trkpt>
      <trkpt lat="34.0011674" lon="-111.5569909"><ele>1167</ele>
        <time>2026-09-27T21:17:00Z</time>
      </trkpt>
      <trkpt lat="34.0012327" lon="-111.557052"><ele>1169</ele>
        <time>2026-09-27T22:37:45Z</time>
      </trkpt>
      <trkpt lat="34.0010725" lon="-111.5571519"><ele>1170</ele>
        <time>2026-09-27T22:38:16Z</time>
      </trkpt>
      <trkpt lat="34.0009958" lon="-111.5571177"><ele>1169</ele>
        <time>2026-09-27T22:38:25Z</time>
      </trkpt>
      <trkpt lat="34.0009234" lon="-111.5571091"><ele>1169</ele>
        <time>2026-09-27T22:38:34Z</time>
      </trkpt>
      <trkpt lat="34.0008572" lon="-111.5571141"><ele>1169</ele>
        <time>2026-09-27T22:38:42Z</time>
      </trkpt>
      <trkpt lat="34.0008041" lon="-111.5572533"><ele>1169</ele>
        <time>2026-09-27T22:38:56Z</time>
      </trkpt>
      <trkpt lat="34.0005765" lon="-111.5574219"><ele>1169</ele>
        <time>2026-09-27T22:39:26Z</time>
      </trkpt>
      <trkpt lat="34.0005004" lon="-111.5575744"><ele>1168</ele>
        <time>2026-09-27T22:39:41Z</time>
      </trkpt>
      <trkpt lat="34.0003774" lon="-111.5576713"><ele>1167</ele>
        <time>2026-09-27T22:39:54Z</time>
      </trkpt>
      <trkpt lat="34.0003443" lon="-111.5577154"><ele>1167</ele>
        <time>2026-09-27T22:39:59Z</time>
      </trkpt>
      <trkpt lat="34.0002949" lon="-111.5578125"><ele>1166</ele>
        <time>2026-09-27T22:40:10Z</time>
      </trkpt>
      <trkpt lat="34.0002127" lon="-111.5578634"><ele>1166</ele>
        <time>2026-09-27T22:40:21Z</time>
      </trkpt>
      <trkpt lat="34.0001685" lon="-111.5579768"><ele>1164</ele>
        <time>2026-09-27T22:40:32Z</time>
      </trkpt>
      <trkpt lat="34.0001361" lon="-111.5580138"><ele>1164</ele>
        <time>2026-09-27T22:40:38Z</time>
      </trkpt>
      <trkpt lat="34.0000542" lon="-111.5581514"><ele>1163</ele>
        <time>2026-09-27T22:40:54Z</time>
      </trkpt>
      <trkpt lat="34.0000164" lon="-111.5581829"><ele>1163</ele>
        <time>2026-09-27T22:40:59Z</time>
      </trkpt>
      <trkpt lat="33.9999739" lon="-111.5581468"><ele>1163</ele>
        <time>2026-09-27T22:41:16Z</time>
      </trkpt>
      <trkpt lat="33.9998849" lon="-111.5581564"><ele>1162</ele>
        <time>2026-09-27T22:41:29Z</time>
      </trkpt>
      <trkpt lat="33.999812" lon="-111.5581164"><ele>1162</ele>
        <time>2026-09-27T22:41:40Z</time>
      </trkpt>
      <trkpt lat="33.9997548" lon="-111.5581029"><ele>1162</ele>
        <time>2026-09-27T22:41:54Z</time>
      </trkpt>
      <trkpt lat="33.9995529" lon="-111.5579725"><ele>1161</ele>
        <time>2026-09-27T22:42:22Z</time>
      </trkpt>
      <trkpt lat="33.999483" lon="-111.5579579"><ele>1161</ele>
        <time>2026-09-27T22:42:30Z</time>
      </trkpt>
      <trkpt lat="33.9994163" lon="-111.5579714"><ele>1160</ele>
        <time>2026-09-27T22:42:39Z</time>
      </trkpt>
      <trkpt lat="33.999383" lon="-111.5579156"><ele>1160</ele>
        <time>2026-09-27T22:42:45Z</time>
      </trkpt>
      <trkpt lat="33.9993336" lon="-111.5578897"><ele>1160</ele>
        <time>2026-09-27T22:42:49Z</time>
      </trkpt>
      <trkpt lat="33.9992381" lon="-111.5577994"><ele>1159</ele>
        <time>2026-09-27T22:42:59Z</time>
      </trkpt>
      <trkpt lat="33.9991807" lon="-111.557811"><ele>1159</ele>
        <time>2026-09-27T22:43:04Z</time>
      </trkpt>
      <trkpt lat="33.9990965" lon="-111.5577607"><ele>1160</ele>
        <time>2026-09-27T22:43:13Z</time>
      </trkpt>
      <trkpt lat="33.9990149" lon="-111.5575624"><ele>1161</ele>
        <time>2026-09-27T22:43:29Z</time>
      </trkpt>
      <trkpt lat="33.9990094" lon="-111.5575033"><ele>1161</ele>
        <time>2026-09-27T22:43:33Z</time>
      </trkpt>
      <trkpt lat="33.9990414" lon="-111.5573928"><ele>1162</ele>
        <time>2026-09-27T22:43:41Z</time>
      </trkpt>
      <trkpt lat="33.9990073" lon="-111.5573516"><ele>1162</ele>
        <time>2026-09-27T22:43:45Z</time>
      </trkpt>
      <trkpt lat="33.998961" lon="-111.557336"><ele>1163</ele>
        <time>2026-09-27T22:43:50Z</time>
      </trkpt>
      <trkpt lat="33.9989066" lon="-111.5572389"><ele>1164</ele>
        <time>2026-09-27T22:43:58Z</time>
      </trkpt>
      <trkpt lat="33.9988683" lon="-111.5571325"><ele>1164</ele>
        <time>2026-09-27T22:44:07Z</time>
      </trkpt>
      <trkpt lat="33.9988715" lon="-111.5570252"><ele>1164</ele>
        <time>2026-09-27T22:44:14Z</time>
      </trkpt>
      <trkpt lat="33.9987928" lon="-111.5568801"><ele>1164</ele>
        <time>2026-09-27T22:44:25Z</time>
      </trkpt>
      <trkpt lat="33.998775" lon="-111.5567855"><ele>1164</ele>
        <time>2026-09-27T22:44:31Z</time>
      </trkpt>
      <trkpt lat="33.998745" lon="-111.5567478"><ele>1164</ele>
        <time>2026-09-27T22:44:37Z</time>
      </trkpt>
      <trkpt lat="33.998742" lon="-111.5566739"><ele>1164</ele>
        <time>2026-09-27T22:44:56Z</time>
      </trkpt>
      <trkpt lat="33.9986959" lon="-111.5565932"><ele>1164</ele>
        <time>2026-09-27T22:45:09Z</time>
      </trkpt>
      <trkpt lat="33.9987402" lon="-111.5567447"><ele>1164</ele>
        <time>2026-09-27T22:45:31Z</time>
      </trkpt>
      <trkpt lat="33.9986552" lon="-111.5566309"><ele>1164</ele>
        <time>2026-09-27T22:45:43Z</time>
      </trkpt>
      <trkpt lat="33.9985663" lon="-111.5565529"><ele>1164</ele>
        <time>2026-09-27T22:45:55Z</time>
      </trkpt>
      <trkpt lat="33.9985545" lon="-111.5564217"><ele>1164</ele>
        <time>2026-09-27T22:46:06Z</time>
      </trkpt>
      <trkpt lat="33.9984985" lon="-111.5563254"><ele>1165</ele>
        <time>2026-09-27T22:46:15Z</time>
      </trkpt>
      <trkpt lat="33.9984591" lon="-111.5562939"><ele>1165</ele>
        <time>2026-09-27T22:46:19Z</time>
      </trkpt>
      <trkpt lat="33.9983565" lon="-111.5561073"><ele>1165</ele>
        <time>2026-09-27T22:46:36Z</time>
      </trkpt>
      <trkpt lat="33.9983005" lon="-111.5557732"><ele>1169</ele>
        <time>2026-09-27T22:47:39Z</time>
      </trkpt>
      <trkpt lat="33.9982998" lon="-111.5556733"><ele>1168</ele>
        <time>2026-09-27T22:47:46Z</time>
      </trkpt>
      <trkpt lat="33.9982827" lon="-111.5555844"><ele>1169</ele>
        <time>2026-09-27T22:47:53Z</time>
      </trkpt>
      <trkpt lat="33.9982897" lon="-111.5554998"><ele>1169</ele>
        <time>2026-09-27T22:47:59Z</time>
      </trkpt>
      <trkpt lat="33.9982738" lon="-111.5553492"><ele>1171</ele>
        <time>2026-09-27T22:48:10Z</time>
      </trkpt>
      <trkpt lat="33.9982757" lon="-111.5552796"><ele>1171</ele>
        <time>2026-09-27T22:48:15Z</time>
      </trkpt>
      <trkpt lat="33.9983087" lon="-111.5552252"><ele>1171</ele>
        <time>2026-09-27T22:48:20Z</time>
      </trkpt>
      <trkpt lat="33.9983154" lon="-111.5551621"><ele>1172</ele>
        <time>2026-09-27T22:48:25Z</time>
      </trkpt>
      <trkpt lat="33.9982784" lon="-111.5551126"><ele>1172</ele>
        <time>2026-09-27T22:48:30Z</time>
      </trkpt>
      <trkpt lat="33.9982566" lon="-111.5550513"><ele>1173</ele>
        <time>2026-09-27T22:48:35Z</time>
      </trkpt>
      <trkpt lat="33.9982665" lon="-111.554814"><ele>1174</ele>
        <time>2026-09-27T22:48:51Z</time>
      </trkpt>
      <trkpt lat="33.9982527" lon="-111.554615"><ele>1175</ele>
        <time>2026-09-27T22:49:05Z</time>
      </trkpt>
      <trkpt lat="33.9982653" lon="-111.554444"><ele>1175</ele>
        <time>2026-09-27T22:49:17Z</time>
      </trkpt>
      <trkpt lat="33.9982511" lon="-111.5542583"><ele>1176</ele>
        <time>2026-09-27T22:49:30Z</time>
      </trkpt>
      <trkpt lat="33.9982379" lon="-111.5541992"><ele>1176</ele>
        <time>2026-09-27T22:49:34Z</time>
      </trkpt>
      <trkpt lat="33.9982841" lon="-111.5539827"><ele>1177</ele>
        <time>2026-09-27T22:49:50Z</time>
      </trkpt>
      <trkpt lat="33.9982913" lon="-111.5539221"><ele>1177</ele>
        <time>2026-09-27T22:49:55Z</time>
      </trkpt>
      <trkpt lat="33.9982764" lon="-111.5538616"><ele>1178</ele>
        <time>2026-09-27T22:49:59Z</time>
      </trkpt>
      <trkpt lat="33.9983047" lon="-111.5536757"><ele>1179</ele>
        <time>2026-09-27T22:50:13Z</time>
      </trkpt>
      <trkpt lat="33.9982807" lon="-111.553563"><ele>1181</ele>
        <time>2026-09-27T22:50:22Z</time>
      </trkpt>
      <trkpt lat="33.9982678" lon="-111.5534366"><ele>1182</ele>
        <time>2026-09-27T22:50:32Z</time>
      </trkpt>
      <trkpt lat="33.9982719" lon="-111.5533825"><ele>1182</ele>
        <time>2026-09-27T22:50:36Z</time>
      </trkpt>
      <trkpt lat="33.9982603" lon="-111.553318"><ele>1182</ele>
        <time>2026-09-27T22:50:41Z</time>
      </trkpt>
      <trkpt lat="33.9981997" lon="-111.5531672"><ele>1183</ele>
        <time>2026-09-27T22:50:53Z</time>
      </trkpt>
      <trkpt lat="33.9982038" lon="-111.5531179"><ele>1183</ele>
        <time>2026-09-27T22:50:58Z</time>
      </trkpt>
      <trkpt lat="33.9981318" lon="-111.5530297"><ele>1183</ele>
        <time>2026-09-27T22:51:06Z</time>
      </trkpt>
      <trkpt lat="33.9981026" lon="-111.5529219"><ele>1183</ele>
        <time>2026-09-27T22:51:14Z</time>
      </trkpt>
      <trkpt lat="33.9981093" lon="-111.552812"><ele>1184</ele>
        <time>2026-09-27T22:51:22Z</time>
      </trkpt>
      <trkpt lat="33.9980966" lon="-111.5526985"><ele>1184</ele>
        <time>2026-09-27T22:51:30Z</time>
      </trkpt>
      <trkpt lat="33.9981136" lon="-111.5526482"><ele>1185</ele>
        <time>2026-09-27T22:51:34Z</time>
      </trkpt>
      <trkpt lat="33.9981042" lon="-111.5524845"><ele>1185</ele>
        <time>2026-09-27T22:51:48Z</time>
      </trkpt>
      <trkpt lat="33.998075" lon="-111.5523579"><ele>1186</ele>
        <time>2026-09-27T22:51:58Z</time>
      </trkpt>
      <trkpt lat="33.9980443" lon="-111.5522727"><ele>1186</ele>
        <time>2026-09-27T22:52:05Z</time>
      </trkpt>
      <trkpt lat="33.9980024" lon="-111.5522177"><ele>1187</ele>
        <time>2026-09-27T22:52:10Z</time>
      </trkpt>
      <trkpt lat="33.9979488" lon="-111.5521699"><ele>1187</ele>
        <time>2026-09-27T22:52:16Z</time>
      </trkpt>
      <trkpt lat="33.9978411" lon="-111.5521127"><ele>1187</ele>
        <time>2026-09-27T22:52:25Z</time>
      </trkpt>
      <trkpt lat="33.9978047" lon="-111.5520647"><ele>1187</ele>
        <time>2026-09-27T22:52:30Z</time>
      </trkpt>
      <trkpt lat="33.9977814" lon="-111.5519973"><ele>1187</ele>
        <time>2026-09-27T22:52:35Z</time>
      </trkpt>
      <trkpt lat="33.9977444" lon="-111.5519612"><ele>1187</ele>
        <time>2026-09-27T22:52:39Z</time>
      </trkpt>
      <trkpt lat="33.9976792" lon="-111.5518618"><ele>1188</ele>
        <time>2026-09-27T22:52:48Z</time>
      </trkpt>
      <trkpt lat="33.9976354" lon="-111.551855"><ele>1188</ele>
        <time>2026-09-27T22:52:52Z</time>
      </trkpt>
      <trkpt lat="33.9975624" lon="-111.5517641"><ele>1188</ele>
        <time>2026-09-27T22:53:00Z</time>
      </trkpt>
      <trkpt lat="33.9975414" lon="-111.55171"><ele>1188</ele>
        <time>2026-09-27T22:53:04Z</time>
      </trkpt>
      <trkpt lat="33.9975797" lon="-111.551593"><ele>1188</ele>
        <time>2026-09-27T22:53:13Z</time>
      </trkpt>
      <trkpt lat="33.9975668" lon="-111.5515338"><ele>1188</ele>
        <time>2026-09-27T22:53:17Z</time>
      </trkpt>
      <trkpt lat="33.9976007" lon="-111.5514825"><ele>1188</ele>
        <time>2026-09-27T22:53:47Z</time>
      </trkpt>
      <trkpt lat="33.9976077" lon="-111.5513314"><ele>1188</ele>
        <time>2026-09-27T22:54:01Z</time>
      </trkpt>
      <trkpt lat="33.9976358" lon="-111.5512788"><ele>1188</ele>
        <time>2026-09-27T22:54:07Z</time>
      </trkpt>
      <trkpt lat="33.9976153" lon="-111.5512169"><ele>1188</ele>
        <time>2026-09-27T22:54:13Z</time>
      </trkpt>
      <trkpt lat="33.997613" lon="-111.5511006"><ele>1188</ele>
        <time>2026-09-27T22:54:24Z</time>
      </trkpt>
      <trkpt lat="33.9975916" lon="-111.551052"><ele>1189</ele>
        <time>2026-09-27T22:54:28Z</time>
      </trkpt>
      <trkpt lat="33.9975941" lon="-111.5509943"><ele>1190</ele>
        <time>2026-09-27T22:54:33Z</time>
      </trkpt>
      <trkpt lat="33.9975809" lon="-111.5509473"><ele>1190</ele>
        <time>2026-09-27T22:54:38Z</time>
      </trkpt>
      <trkpt lat="33.9975737" lon="-111.5508325"><ele>1190</ele>
        <time>2026-09-27T22:54:48Z</time>
      </trkpt>
      <trkpt lat="33.9975566" lon="-111.5507809"><ele>1190</ele>
        <time>2026-09-27T22:54:53Z</time>
      </trkpt>
      <trkpt lat="33.9975568" lon="-111.5507262"><ele>1191</ele>
        <time>2026-09-27T22:54:58Z</time>
      </trkpt>
      <trkpt lat="33.9975303" lon="-111.5506778"><ele>1192</ele>
        <time>2026-09-27T22:55:02Z</time>
      </trkpt>
      <trkpt lat="33.9975175" lon="-111.5506293"><ele>1193</ele>
        <time>2026-09-27T22:55:07Z</time>
      </trkpt>
      <trkpt lat="33.9974791" lon="-111.5505933"><ele>1193</ele>
        <time>2026-09-27T22:55:14Z</time>
      </trkpt>
      <trkpt lat="33.9973426" lon="-111.5504076"><ele>1194</ele>
        <time>2026-09-27T22:55:45Z</time>
      </trkpt>
      <trkpt lat="33.9972837" lon="-111.5502429"><ele>1196</ele>
        <time>2026-09-27T22:56:53Z</time>
      </trkpt>
      <trkpt lat="33.9972288" lon="-111.5501569"><ele>1196</ele>
        <time>2026-09-27T22:57:15Z</time>
      </trkpt>
      <trkpt lat="33.9971915" lon="-111.5500553"><ele>1196</ele>
        <time>2026-09-27T22:57:32Z</time>
      </trkpt>
      <trkpt lat="33.9972388" lon="-111.5501454"><ele>1197</ele>
        <time>2026-09-27T22:57:49Z</time>
      </trkpt>
      <trkpt lat="33.9971433" lon="-111.5501367"><ele>1197</ele>
        <time>2026-09-27T22:58:05Z</time>
      </trkpt>
      <trkpt lat="33.9970837" lon="-111.5500391"><ele>1198</ele>
        <time>2026-09-27T22:58:17Z</time>
      </trkpt>
      <trkpt lat="33.9970567" lon="-111.5499263"><ele>1198</ele>
        <time>2026-09-27T22:58:27Z</time>
      </trkpt>
      <trkpt lat="33.9969954" lon="-111.5498853"><ele>1199</ele>
        <time>2026-09-27T22:58:37Z</time>
      </trkpt>
      <trkpt lat="33.9969418" lon="-111.549707"><ele>1199</ele>
        <time>2026-09-27T22:59:21Z</time>
      </trkpt>
      <trkpt lat="33.9968586" lon="-111.549553"><ele>1201</ele>
        <time>2026-09-27T22:59:42Z</time>
      </trkpt>
      <trkpt lat="33.9968553" lon="-111.5496237"><ele>1202</ele>
        <time>2026-09-27T23:00:33Z</time>
      </trkpt>
      <trkpt lat="33.9967813" lon="-111.549633"><ele>1202</ele>
        <time>2026-09-27T23:00:48Z</time>
      </trkpt>
      <trkpt lat="33.996719" lon="-111.5496984"><ele>1203</ele>
        <time>2026-09-27T23:01:03Z</time>
      </trkpt>
      <trkpt lat="33.9966631" lon="-111.5496415"><ele>1204</ele>
        <time>2026-09-27T23:01:10Z</time>
      </trkpt>
      <trkpt lat="33.9967444" lon="-111.5497469"><ele>1204</ele>
        <time>2026-09-27T23:01:27Z</time>
      </trkpt>
      <trkpt lat="33.9966528" lon="-111.5497149"><ele>1205</ele>
        <time>2026-09-27T23:01:49Z</time>
      </trkpt>
      <trkpt lat="33.9965776" lon="-111.5496725"><ele>1205</ele>
        <time>2026-09-27T23:01:57Z</time>
      </trkpt>
      <trkpt lat="33.9964237" lon="-111.5495265"><ele>1206</ele>
        <time>2026-09-27T23:02:14Z</time>
      </trkpt>
      <trkpt lat="33.9963549" lon="-111.5494031"><ele>1207</ele>
        <time>2026-09-27T23:02:24Z</time>
      </trkpt>
      <trkpt lat="33.9962817" lon="-111.5493198"><ele>1207</ele>
        <time>2026-09-27T23:02:32Z</time>
      </trkpt>
      <trkpt lat="33.9962368" lon="-111.5492844"><ele>1207</ele>
        <time>2026-09-27T23:02:36Z</time>
      </trkpt>
      <trkpt lat="33.9960761" lon="-111.5491666"><ele>1208</ele>
        <time>2026-09-27T23:02:52Z</time>
      </trkpt>
      <trkpt lat="33.9959784" lon="-111.5491418"><ele>1209</ele>
        <time>2026-09-27T23:02:59Z</time>
      </trkpt>
      <trkpt lat="33.9959308" lon="-111.549153"><ele>1209</ele>
        <time>2026-09-27T23:03:03Z</time>
      </trkpt>
      <trkpt lat="33.9958881" lon="-111.549116"><ele>1209</ele>
        <time>2026-09-27T23:03:07Z</time>
      </trkpt>
      <trkpt lat="33.9958377" lon="-111.5491189"><ele>1210</ele>
        <time>2026-09-27T23:03:12Z</time>
      </trkpt>
      <trkpt lat="33.9957476" lon="-111.5490678"><ele>1210</ele>
        <time>2026-09-27T23:03:20Z</time>
      </trkpt>
      <trkpt lat="33.9957005" lon="-111.5489842"><ele>1210</ele>
        <time>2026-09-27T23:03:27Z</time>
      </trkpt>
      <trkpt lat="33.9956222" lon="-111.5489291"><ele>1211</ele>
        <time>2026-09-27T23:03:34Z</time>
      </trkpt>
      <trkpt lat="33.9955745" lon="-111.548923"><ele>1212</ele>
        <time>2026-09-27T23:03:38Z</time>
      </trkpt>
      <trkpt lat="33.9955333" lon="-111.5489036"><ele>1212</ele>
        <time>2026-09-27T23:03:42Z</time>
      </trkpt>
      <trkpt lat="33.9954683" lon="-111.5488242"><ele>1212</ele>
        <time>2026-09-27T23:03:50Z</time>
      </trkpt>
      <trkpt lat="33.9954477" lon="-111.5487754"><ele>1212</ele>
        <time>2026-09-27T23:03:54Z</time>
      </trkpt>
      <trkpt lat="33.9950936" lon="-111.5485739"><ele>1216</ele>
        <time>2026-09-27T23:04:26Z</time>
      </trkpt>
      <trkpt lat="33.9950588" lon="-111.5485407"><ele>1216</ele>
        <time>2026-09-27T23:04:30Z</time>
      </trkpt>
      <trkpt lat="33.9949698" lon="-111.548344"><ele>1217</ele>
        <time>2026-09-27T23:04:49Z</time>
      </trkpt>
      <trkpt lat="33.9949292" lon="-111.5483162"><ele>1218</ele>
        <time>2026-09-27T23:04:53Z</time>
      </trkpt>
      <trkpt lat="33.9947782" lon="-111.5482501"><ele>1219</ele>
        <time>2026-09-27T23:05:07Z</time>
      </trkpt>
      <trkpt lat="33.9947058" lon="-111.5481533"><ele>1221</ele>
        <time>2026-09-27T23:05:17Z</time>
      </trkpt>
      <trkpt lat="33.9946664" lon="-111.5481281"><ele>1220</ele>
        <time>2026-09-27T23:05:22Z</time>
      </trkpt>
      <trkpt lat="33.9944732" lon="-111.5480872"><ele>1222</ele>
        <time>2026-09-27T23:05:38Z</time>
      </trkpt>
      <trkpt lat="33.9943704" lon="-111.5479687"><ele>1223</ele>
        <time>2026-09-27T23:05:50Z</time>
      </trkpt>
      <trkpt lat="33.9943275" lon="-111.5479366"><ele>1224</ele>
        <time>2026-09-27T23:05:54Z</time>
      </trkpt>
      <trkpt lat="33.9942973" lon="-111.5478983"><ele>1224</ele>
        <time>2026-09-27T23:05:58Z</time>
      </trkpt>
      <trkpt lat="33.9942558" lon="-111.5478723"><ele>1225</ele>
        <time>2026-09-27T23:06:02Z</time>
      </trkpt>
      <trkpt lat="33.9942562" lon="-111.5477643"><ele>1225</ele>
        <time>2026-09-27T23:06:11Z</time>
      </trkpt>
      <trkpt lat="33.9942309" lon="-111.5477227"><ele>1226</ele>
        <time>2026-09-27T23:06:15Z</time>
      </trkpt>
      <trkpt lat="33.9941462" lon="-111.5476688"><ele>1226</ele>
        <time>2026-09-27T23:06:24Z</time>
      </trkpt>
      <trkpt lat="33.9940476" lon="-111.5476381"><ele>1228</ele>
        <time>2026-09-27T23:06:32Z</time>
      </trkpt>
      <trkpt lat="33.9940092" lon="-111.5476095"><ele>1228</ele>
        <time>2026-09-27T23:06:36Z</time>
      </trkpt>
      <trkpt lat="33.9939829" lon="-111.5475603"><ele>1228</ele>
        <time>2026-09-27T23:06:40Z</time>
      </trkpt>
      <trkpt lat="33.9939727" lon="-111.5475049"><ele>1228</ele>
        <time>2026-09-27T23:06:44Z</time>
      </trkpt>
      <trkpt lat="33.9939261" lon="-111.5474712"><ele>1228</ele>
        <time>2026-09-27T23:06:50Z</time>
      </trkpt>
      <trkpt lat="33.9938759" lon="-111.54748"><ele>1229</ele>
        <time>2026-09-27T23:06:55Z</time>
      </trkpt>
      <trkpt lat="33.9938354" lon="-111.5474443"><ele>1229</ele>
        <time>2026-09-27T23:07:00Z</time>
      </trkpt>
      <trkpt lat="33.9938458" lon="-111.5473894"><ele>1230</ele>
        <time>2026-09-27T23:07:07Z</time>
      </trkpt>
      <trkpt lat="33.9937559" lon="-111.5473293"><ele>1230</ele>
        <time>2026-09-27T23:07:15Z</time>
      </trkpt>
      <trkpt lat="33.9936456" lon="-111.5473395"><ele>1231</ele>
        <time>2026-09-27T23:07:24Z</time>
      </trkpt>
      <trkpt lat="33.993567" lon="-111.5473097"><ele>1232</ele>
        <time>2026-09-27T23:07:54Z</time>
      </trkpt>
      <trkpt lat="33.9934909" lon="-111.5473157"><ele>1233</ele>
        <time>2026-09-27T23:08:01Z</time>
      </trkpt>
      <trkpt lat="33.9934373" lon="-111.5472613"><ele>1234</ele>
        <time>2026-09-27T23:08:07Z</time>
      </trkpt>
      <trkpt lat="33.9933661" lon="-111.5472345"><ele>1234</ele>
        <time>2026-09-27T23:08:13Z</time>
      </trkpt>
      <trkpt lat="33.993315" lon="-111.5471789"><ele>1235</ele>
        <time>2026-09-27T23:08:19Z</time>
      </trkpt>
      <trkpt lat="33.9932582" lon="-111.547152"><ele>1235</ele>
        <time>2026-09-27T23:08:24Z</time>
      </trkpt>
      <trkpt lat="33.9932206" lon="-111.5471046"><ele>1236</ele>
        <time>2026-09-27T23:08:29Z</time>
      </trkpt>
      <trkpt lat="33.993211" lon="-111.5470376"><ele>1236</ele>
        <time>2026-09-27T23:08:35Z</time>
      </trkpt>
      <trkpt lat="33.9930155" lon="-111.5469037"><ele>1237</ele>
        <time>2026-09-27T23:09:00Z</time>
      </trkpt>
      <trkpt lat="33.9929273" lon="-111.546816"><ele>1238</ele>
        <time>2026-09-27T23:09:10Z</time>
      </trkpt>
      <trkpt lat="33.9928808" lon="-111.5468029"><ele>1238</ele>
        <time>2026-09-27T23:09:14Z</time>
      </trkpt>
      <trkpt lat="33.9928423" lon="-111.5467743"><ele>1238</ele>
        <time>2026-09-27T23:09:18Z</time>
      </trkpt>
      <trkpt lat="33.9928098" lon="-111.5467244"><ele>1239</ele>
        <time>2026-09-27T23:09:23Z</time>
      </trkpt>
      <trkpt lat="33.9927908" lon="-111.5466673"><ele>1239</ele>
        <time>2026-09-27T23:09:28Z</time>
      </trkpt>
      <trkpt lat="33.9927134" lon="-111.5466053"><ele>1240</ele>
        <time>2026-09-27T23:09:38Z</time>
      </trkpt>
      <trkpt lat="33.9926459" lon="-111.5464539"><ele>1241</ele>
        <time>2026-09-27T23:09:53Z</time>
      </trkpt>
      <trkpt lat="33.9925151" lon="-111.5463479"><ele>1245</ele>
        <time>2026-09-27T23:10:24Z</time>
      </trkpt>
      <trkpt lat="33.9924498" lon="-111.5462131"><ele>1245</ele>
        <time>2026-09-27T23:10:37Z</time>
      </trkpt>
      <trkpt lat="33.9924291" lon="-111.546146"><ele>1246</ele>
        <time>2026-09-27T23:10:47Z</time>
      </trkpt>
      <trkpt lat="33.9923711" lon="-111.5461129"><ele>1247</ele>
        <time>2026-09-27T23:10:58Z</time>
      </trkpt>
      <trkpt lat="33.9923129" lon="-111.5461533"><ele>1247</ele>
        <time>2026-09-27T23:11:05Z</time>
      </trkpt>
      <trkpt lat="33.9922713" lon="-111.5462244"><ele>1248</ele>
        <time>2026-09-27T23:11:27Z</time>
      </trkpt>
      <trkpt lat="33.9921918" lon="-111.5462173"><ele>1249</ele>
        <time>2026-09-27T23:11:39Z</time>
      </trkpt>
      <trkpt lat="33.9921472" lon="-111.5461466"><ele>1251</ele>
        <time>2026-09-27T23:11:49Z</time>
      </trkpt>
      <trkpt lat="33.9920734" lon="-111.5461219"><ele>1252</ele>
        <time>2026-09-27T23:12:00Z</time>
      </trkpt>
      <trkpt lat="33.9920566" lon="-111.5459379"><ele>1252</ele>
        <time>2026-09-27T23:12:20Z</time>
      </trkpt>
      <trkpt lat="33.9919943" lon="-111.545871"><ele>1252</ele>
        <time>2026-09-27T23:12:35Z</time>
      </trkpt>
      <trkpt lat="33.9919824" lon="-111.545769"><ele>1252</ele>
        <time>2026-09-27T23:12:45Z</time>
      </trkpt>
      <trkpt lat="33.9919792" lon="-111.5455917"><ele>1252</ele>
        <time>2026-09-27T23:12:57Z</time>
      </trkpt>
      <trkpt lat="33.9919672" lon="-111.5455122"><ele>1253</ele>
        <time>2026-09-27T23:13:03Z</time>
      </trkpt>
      <trkpt lat="33.9919374" lon="-111.5454525"><ele>1253</ele>
        <time>2026-09-27T23:13:08Z</time>
      </trkpt>
      <trkpt lat="33.9919218" lon="-111.5453849"><ele>1254</ele>
        <time>2026-09-27T23:13:14Z</time>
      </trkpt>
      <trkpt lat="33.991904" lon="-111.5452503"><ele>1255</ele>
        <time>2026-09-27T23:13:27Z</time>
      </trkpt>
      <trkpt lat="33.9919048" lon="-111.545177"><ele>1256</ele>
        <time>2026-09-27T23:13:32Z</time>
      </trkpt>
      <trkpt lat="33.9918235" lon="-111.5449756"><ele>1256</ele>
        <time>2026-09-27T23:13:53Z</time>
      </trkpt>
      <trkpt lat="33.9917878" lon="-111.5448528"><ele>1258</ele>
        <time>2026-09-27T23:14:04Z</time>
      </trkpt>
      <trkpt lat="33.9917814" lon="-111.5447273"><ele>1258</ele>
        <time>2026-09-27T23:14:16Z</time>
      </trkpt>
      <trkpt lat="33.9918057" lon="-111.5446284"><ele>1259</ele>
        <time>2026-09-27T23:14:24Z</time>
      </trkpt>
      <trkpt lat="33.9917733" lon="-111.5443714"><ele>1261</ele>
        <time>2026-09-27T23:14:49Z</time>
      </trkpt>
      <trkpt lat="33.9917261" lon="-111.5442862"><ele>1261</ele>
        <time>2026-09-27T23:14:57Z</time>
      </trkpt>
      <trkpt lat="33.9917576" lon="-111.5441128"><ele>1262</ele>
        <time>2026-09-27T23:15:10Z</time>
      </trkpt>
      <trkpt lat="33.9917428" lon="-111.5440343"><ele>1263</ele>
        <time>2026-09-27T23:15:16Z</time>
      </trkpt>
      <trkpt lat="33.9917124" lon="-111.543966"><ele>1263</ele>
        <time>2026-09-27T23:15:22Z</time>
      </trkpt>
      <trkpt lat="33.9916749" lon="-111.5436917"><ele>1264</ele>
        <time>2026-09-27T23:15:43Z</time>
      </trkpt>
      <trkpt lat="33.9916898" lon="-111.5436358"><ele>1264</ele>
        <time>2026-09-27T23:15:48Z</time>
      </trkpt>
      <trkpt lat="33.9916799" lon="-111.543579"><ele>1265</ele>
        <time>2026-09-27T23:15:53Z</time>
      </trkpt>
      <trkpt lat="33.9916343" lon="-111.5435434"><ele>1265</ele>
        <time>2026-09-27T23:15:59Z</time>
      </trkpt>
      <trkpt lat="33.9916304" lon="-111.5434726"><ele>1266</ele>
        <time>2026-09-27T23:16:04Z</time>
      </trkpt>
      <trkpt lat="33.9915906" lon="-111.5432686"><ele>1268</ele>
        <time>2026-09-27T23:16:32Z</time>
      </trkpt>
      <trkpt lat="33.9915869" lon="-111.543138"><ele>1269</ele>
        <time>2026-09-27T23:16:53Z</time>
      </trkpt>
      <trkpt lat="33.9915161" lon="-111.542882"><ele>1271</ele>
        <time>2026-09-27T23:17:23Z</time>
      </trkpt>
      <trkpt lat="33.9914685" lon="-111.542776"><ele>1272</ele>
        <time>2026-09-27T23:17:53Z</time>
      </trkpt>
      <trkpt lat="33.9912314" lon="-111.5423938"><ele>1274</ele>
        <time>2026-09-27T23:18:36Z</time>
      </trkpt>
      <trkpt lat="33.9912191" lon="-111.5422779"><ele>1275</ele>
        <time>2026-09-27T23:18:44Z</time>
      </trkpt>
      <trkpt lat="33.9911519" lon="-111.5421239"><ele>1276</ele>
        <time>2026-09-27T23:19:00Z</time>
      </trkpt>
      <trkpt lat="33.9910949" lon="-111.5420757"><ele>1277</ele>
        <time>2026-09-27T23:19:06Z</time>
      </trkpt>
      <trkpt lat="33.9910617" lon="-111.5420226"><ele>1280</ele>
        <time>2026-09-27T23:19:12Z</time>
      </trkpt>
      <trkpt lat="33.9910336" lon="-111.5419576"><ele>1281</ele>
        <time>2026-09-27T23:19:20Z</time>
      </trkpt>
      <trkpt lat="33.9910429" lon="-111.541883"><ele>1279</ele>
        <time>2026-09-27T23:19:26Z</time>
      </trkpt>
      <trkpt lat="33.9908938" lon="-111.5417412"><ele>1283</ele>
        <time>2026-09-27T23:19:48Z</time>
      </trkpt>
      <trkpt lat="33.990845" lon="-111.5416254"><ele>1282</ele>
        <time>2026-09-27T23:20:24Z</time>
      </trkpt>
      <trkpt lat="33.9907341" lon="-111.541527"><ele>1283</ele>
        <time>2026-09-27T23:20:38Z</time>
      </trkpt>
      <trkpt lat="33.9906062" lon="-111.5413411"><ele>1284</ele>
        <time>2026-09-27T23:20:59Z</time>
      </trkpt>
      <trkpt lat="33.990541" lon="-111.5412843"><ele>1284</ele>
        <time>2026-09-27T23:21:07Z</time>
      </trkpt>
      <trkpt lat="33.9904933" lon="-111.5412019"><ele>1284</ele>
        <time>2026-09-27T23:21:14Z</time>
      </trkpt>
      <trkpt lat="33.9904195" lon="-111.5411202"><ele>1286</ele>
        <time>2026-09-27T23:22:14Z</time>
      </trkpt>
      <trkpt lat="33.9903532" lon="-111.5410111"><ele>1287</ele>
        <time>2026-09-27T23:22:25Z</time>
      </trkpt>
      <trkpt lat="33.9902866" lon="-111.540932"><ele>1288</ele>
        <time>2026-09-27T23:22:34Z</time>
      </trkpt>
      <trkpt lat="33.9902156" lon="-111.5408804"><ele>1289</ele>
        <time>2026-09-27T23:22:41Z</time>
      </trkpt>
      <trkpt lat="33.9901229" lon="-111.5407756"><ele>1289</ele>
        <time>2026-09-27T23:22:54Z</time>
      </trkpt>
      <trkpt lat="33.9900443" lon="-111.5406404"><ele>1289</ele>
        <time>2026-09-27T23:23:08Z</time>
      </trkpt>
      <trkpt lat="33.9899947" lon="-111.5405842"><ele>1291</ele>
        <time>2026-09-27T23:23:17Z</time>
      </trkpt>
      <trkpt lat="33.9899296" lon="-111.5405505"><ele>1291</ele>
        <time>2026-09-27T23:23:26Z</time>
      </trkpt>
      <trkpt lat="33.9898784" lon="-111.5404875"><ele>1293</ele>
        <time>2026-09-27T23:23:35Z</time>
      </trkpt>
      <trkpt lat="33.9898556" lon="-111.5404092"><ele>1293</ele>
        <time>2026-09-27T23:23:43Z</time>
      </trkpt>
      <trkpt lat="33.9895974" lon="-111.5402138"><ele>1296</ele>
        <time>2026-09-27T23:24:16Z</time>
      </trkpt>
      <trkpt lat="33.9894907" lon="-111.5401846"><ele>1299</ele>
        <time>2026-09-27T23:24:46Z</time>
      </trkpt>
      <trkpt lat="33.9893967" lon="-111.540245"><ele>1301</ele>
        <time>2026-09-27T23:25:08Z</time>
      </trkpt>
      <trkpt lat="33.989299" lon="-111.5401232"><ele>1302</ele>
        <time>2026-09-27T23:25:22Z</time>
      </trkpt>
      <trkpt lat="33.9892771" lon="-111.5399866"><ele>1303</ele>
        <time>2026-09-27T23:25:32Z</time>
      </trkpt>
      <trkpt lat="33.9892151" lon="-111.5399113"><ele>1305</ele>
        <time>2026-09-27T23:25:43Z</time>
      </trkpt>
      <trkpt lat="33.989098" lon="-111.539827"><ele>1307</ele>
        <time>2026-09-27T23:26:02Z</time>
      </trkpt>
      <trkpt lat="33.989026" lon="-111.5397928"><ele>1307</ele>
        <time>2026-09-27T23:26:12Z</time>
      </trkpt>
      <trkpt lat="33.9889261" lon="-111.5397654"><ele>1308</ele>
        <time>2026-09-27T23:26:23Z</time>
      </trkpt>
      <trkpt lat="33.9888219" lon="-111.5397031"><ele>1311</ele>
        <time>2026-09-27T23:26:34Z</time>
      </trkpt>
      <trkpt lat="33.9887275" lon="-111.5395963"><ele>1312</ele>
        <time>2026-09-27T23:26:51Z</time>
      </trkpt>
      <trkpt lat="33.9886512" lon="-111.5394869"><ele>1314</ele>
        <time>2026-09-27T23:27:04Z</time>
      </trkpt>
      <trkpt lat="33.9886121" lon="-111.5393766"><ele>1313</ele>
        <time>2026-09-27T23:27:13Z</time>
      </trkpt>
      <trkpt lat="33.9885627" lon="-111.5393018"><ele>1314</ele>
        <time>2026-09-27T23:27:22Z</time>
      </trkpt>
      <trkpt lat="33.9884349" lon="-111.5391838"><ele>1315</ele>
        <time>2026-09-27T23:27:40Z</time>
      </trkpt>
      <trkpt lat="33.9883728" lon="-111.5389968"><ele>1319</ele>
        <time>2026-09-27T23:27:56Z</time>
      </trkpt>
      <trkpt lat="33.9882616" lon="-111.5389097"><ele>1320</ele>
        <time>2026-09-27T23:28:10Z</time>
      </trkpt>
      <trkpt lat="33.9882256" lon="-111.5388483"><ele>1320</ele>
        <time>2026-09-27T23:28:17Z</time>
      </trkpt>
      <trkpt lat="33.9881225" lon="-111.5385635"><ele>1322</ele>
        <time>2026-09-27T23:28:46Z</time>
      </trkpt>
      <trkpt lat="33.9880229" lon="-111.5383917"><ele>1324</ele>
        <time>2026-09-27T23:29:06Z</time>
      </trkpt>
      <trkpt lat="33.9879873" lon="-111.5382954"><ele>1324</ele>
        <time>2026-09-27T23:29:16Z</time>
      </trkpt>
      <trkpt lat="33.987916" lon="-111.5382224"><ele>1325</ele>
        <time>2026-09-27T23:29:25Z</time>
      </trkpt>
      <trkpt lat="33.9878741" lon="-111.5380927"><ele>1326</ele>
        <time>2026-09-27T23:29:37Z</time>
      </trkpt>
      <trkpt lat="33.9878136" lon="-111.5379913"><ele>1328</ele>
        <time>2026-09-27T23:29:47Z</time>
      </trkpt>
      <trkpt lat="33.9877822" lon="-111.537803"><ele>1330</ele>
        <time>2026-09-27T23:30:04Z</time>
      </trkpt>
      <trkpt lat="33.987736" lon="-111.5377306"><ele>1331</ele>
        <time>2026-09-27T23:30:13Z</time>
      </trkpt>
      <trkpt lat="33.9876816" lon="-111.5376022"><ele>1333</ele>
        <time>2026-09-27T23:30:28Z</time>
      </trkpt>
      <trkpt lat="33.987625" lon="-111.53753"><ele>1335</ele>
        <time>2026-09-27T23:30:59Z</time>
      </trkpt>
      <trkpt lat="33.9875376" lon="-111.5374424"><ele>1337</ele>
        <time>2026-09-27T23:31:11Z</time>
      </trkpt>
      <trkpt lat="33.9874535" lon="-111.5373758"><ele>1338</ele>
        <time>2026-09-27T23:31:26Z</time>
      </trkpt>
      <trkpt lat="33.9873776" lon="-111.5372828"><ele>1339</ele>
        <time>2026-09-27T23:31:36Z</time>
      </trkpt>
      <trkpt lat="33.9873134" lon="-111.5372221"><ele>1339</ele>
        <time>2026-09-27T23:31:52Z</time>
      </trkpt>
      <trkpt lat="33.98713" lon="-111.5371362"><ele>1342</ele>
        <time>2026-09-27T23:32:46Z</time>
      </trkpt>
      <trkpt lat="33.9870542" lon="-111.5370508"><ele>1348</ele>
        <time>2026-09-27T23:37:31Z</time>
      </trkpt>
      <trkpt lat="33.9866581" lon="-111.5368262"><ele>1347</ele>
        <time>2026-09-27T23:38:24Z</time>
      </trkpt>
      <trkpt lat="33.9865215" lon="-111.5368357"><ele>1348</ele>
        <time>2026-09-27T23:38:49Z</time>
      </trkpt>
      <trkpt lat="33.9864382" lon="-111.5368038"><ele>1349</ele>
        <time>2026-09-27T23:39:03Z</time>
      </trkpt>
      <trkpt lat="33.9863704" lon="-111.5367604"><ele>1354</ele>
        <time>2026-09-27T23:39:13Z</time>
      </trkpt>
      <trkpt lat="33.9862977" lon="-111.5367727"><ele>1354</ele>
        <time>2026-09-27T23:39:21Z</time>
      </trkpt>
      <trkpt lat="33.9861238" lon="-111.5367113"><ele>1354</ele>
        <time>2026-09-27T23:39:43Z</time>
      </trkpt>
      <trkpt lat="33.9860475" lon="-111.536698"><ele>1354</ele>
        <time>2026-09-27T23:39:51Z</time>
      </trkpt>
      <trkpt lat="33.9859864" lon="-111.5366518"><ele>1354</ele>
        <time>2026-09-27T23:39:59Z</time>
      </trkpt>
      <trkpt lat="33.9859253" lon="-111.536622"><ele>1355</ele>
        <time>2026-09-27T23:40:05Z</time>
      </trkpt>
      <trkpt lat="33.9858123" lon="-111.5366245"><ele>1356</ele>
        <time>2026-09-27T23:40:15Z</time>
      </trkpt>
      <trkpt lat="33.9857642" lon="-111.5366"><ele>1356</ele>
        <time>2026-09-27T23:40:20Z</time>
      </trkpt>
      <trkpt lat="33.9856601" lon="-111.5365834"><ele>1356</ele>
        <time>2026-09-27T23:40:31Z</time>
      </trkpt>
      <trkpt lat="33.9856119" lon="-111.5366045"><ele>1357</ele>
        <time>2026-09-27T23:40:38Z</time>
      </trkpt>
      <trkpt lat="33.9855707" lon="-111.5365725"><ele>1358</ele>
        <time>2026-09-27T23:40:43Z</time>
      </trkpt>
      <trkpt lat="33.9855406" lon="-111.5365195"><ele>1358</ele>
        <time>2026-09-27T23:40:49Z</time>
      </trkpt>
      <trkpt lat="33.9854887" lon="-111.5364923"><ele>1359</ele>
        <time>2026-09-27T23:40:53Z</time>
      </trkpt>
      <trkpt lat="33.985461" lon="-111.5364334"><ele>1360</ele>
        <time>2026-09-27T23:40:59Z</time>
      </trkpt>
      <trkpt lat="33.9854085" lon="-111.5364132"><ele>1360</ele>
        <time>2026-09-27T23:41:05Z</time>
      </trkpt>
      <trkpt lat="33.9853583" lon="-111.5364425"><ele>1360</ele>
        <time>2026-09-27T23:41:13Z</time>
      </trkpt>
      <trkpt lat="33.9852988" lon="-111.5364211"><ele>1362</ele>
        <time>2026-09-27T23:41:46Z</time>
      </trkpt>
      <trkpt lat="33.9852218" lon="-111.5363755"><ele>1362</ele>
        <time>2026-09-27T23:42:00Z</time>
      </trkpt>
      <trkpt lat="33.9851486" lon="-111.5363021"><ele>1364</ele>
        <time>2026-09-27T23:42:16Z</time>
      </trkpt>
      <trkpt lat="33.9850407" lon="-111.5361018"><ele>1365</ele>
        <time>2026-09-27T23:42:36Z</time>
      </trkpt>
      <trkpt lat="33.984948" lon="-111.536096"><ele>1367</ele>
        <time>2026-09-27T23:42:58Z</time>
      </trkpt>
      <trkpt lat="33.9848406" lon="-111.5360754"><ele>1367</ele>
        <time>2026-09-27T23:43:09Z</time>
      </trkpt>
      <trkpt lat="33.9847889" lon="-111.5359732"><ele>1368</ele>
        <time>2026-09-27T23:43:18Z</time>
      </trkpt>
      <trkpt lat="33.9847126" lon="-111.5359822"><ele>1368</ele>
        <time>2026-09-27T23:43:28Z</time>
      </trkpt>
      <trkpt lat="33.9846421" lon="-111.5359476"><ele>1369</ele>
        <time>2026-09-27T23:43:35Z</time>
      </trkpt>
      <trkpt lat="33.9845874" lon="-111.5359066"><ele>1369</ele>
        <time>2026-09-27T23:43:40Z</time>
      </trkpt>
      <trkpt lat="33.9842766" lon="-111.5355654"><ele>1372</ele>
        <time>2026-09-27T23:44:33Z</time>
      </trkpt>
      <trkpt lat="33.9842082" lon="-111.5355564"><ele>1376</ele>
        <time>2026-09-27T23:44:47Z</time>
      </trkpt>
      <trkpt lat="33.9841508" lon="-111.5354952"><ele>1375</ele>
        <time>2026-09-27T23:44:53Z</time>
      </trkpt>
      <trkpt lat="33.9841065" lon="-111.5354265"><ele>1375</ele>
        <time>2026-09-27T23:45:01Z</time>
      </trkpt>
      <trkpt lat="33.9840752" lon="-111.5353467"><ele>1377</ele>
        <time>2026-09-27T23:45:07Z</time>
      </trkpt>
      <trkpt lat="33.9839517" lon="-111.5353339"><ele>1380</ele>
        <time>2026-09-27T23:45:23Z</time>
      </trkpt>
      <trkpt lat="33.9838948" lon="-111.5353075"><ele>1382</ele>
        <time>2026-09-27T23:45:31Z</time>
      </trkpt>
      <trkpt lat="33.9838187" lon="-111.5352927"><ele>1384</ele>
        <time>2026-09-27T23:45:47Z</time>
      </trkpt>
      <trkpt lat="33.9836485" lon="-111.5352254"><ele>1389</ele>
        <time>2026-09-27T23:46:27Z</time>
      </trkpt>
      <trkpt lat="33.9835618" lon="-111.5351693"><ele>1392</ele>
        <time>2026-09-27T23:46:48Z</time>
      </trkpt>
      <trkpt lat="33.9834615" lon="-111.5351672"><ele>1394</ele>
        <time>2026-09-27T23:47:14Z</time>
      </trkpt>
      <trkpt lat="33.983381" lon="-111.5351087"><ele>1397</ele>
        <time>2026-09-27T23:47:35Z</time>
      </trkpt>
      <trkpt lat="33.983311" lon="-111.5350128"><ele>1398</ele>
        <time>2026-09-27T23:47:57Z</time>
      </trkpt>
      <trkpt lat="33.9832099" lon="-111.5350012"><ele>1400</ele>
        <time>2026-09-27T23:48:20Z</time>
      </trkpt>
      <trkpt lat="33.9831371" lon="-111.5350058"><ele>1403</ele>
        <time>2026-09-27T23:48:58Z</time>
      </trkpt>
      <trkpt lat="33.9830817" lon="-111.5349073"><ele>1407</ele>
        <time>2026-09-27T23:49:17Z</time>
      </trkpt>
      <trkpt lat="33.9829319" lon="-111.5347555"><ele>1406</ele>
        <time>2026-09-27T23:49:45Z</time>
      </trkpt>
      <trkpt lat="33.9829053" lon="-111.5346553"><ele>1407</ele>
        <time>2026-09-27T23:49:56Z</time>
      </trkpt>
      <trkpt lat="33.9828699" lon="-111.5345856"><ele>1410</ele>
        <time>2026-09-27T23:50:12Z</time>
      </trkpt>
      <trkpt lat="33.9828728" lon="-111.5344751"><ele>1412</ele>
        <time>2026-09-27T23:50:25Z</time>
      </trkpt>
      <trkpt lat="33.9828578" lon="-111.5343636"><ele>1416</ele>
        <time>2026-09-27T23:50:39Z</time>
      </trkpt>
      <trkpt lat="33.9827442" lon="-111.5341822"><ele>1419</ele>
        <time>2026-09-27T23:51:15Z</time>
      </trkpt>
      <trkpt lat="33.9827709" lon="-111.534072"><ele>1421</ele>
        <time>2026-09-27T23:51:32Z</time>
      </trkpt>
      <trkpt lat="33.9826936" lon="-111.5338728"><ele>1424</ele>
        <time>2026-09-27T23:52:35Z</time>
      </trkpt>
      <trkpt lat="33.982716" lon="-111.5338092"><ele>1428</ele>
        <time>2026-09-27T23:53:13Z</time>
      </trkpt>
      <trkpt lat="33.9827209" lon="-111.5337026"><ele>1431</ele>
        <time>2026-09-27T23:53:34Z</time>
      </trkpt>
      <trkpt lat="33.9826707" lon="-111.533603"><ele>1434</ele>
        <time>2026-09-27T23:53:59Z</time>
      </trkpt>
      <trkpt lat="33.9826558" lon="-111.5334872"><ele>1440</ele>
        <time>2026-09-27T23:54:25Z</time>
      </trkpt>
      <trkpt lat="33.9826629" lon="-111.5333638"><ele>1438</ele>
        <time>2026-09-27T23:54:49Z</time>
      </trkpt>
      <trkpt lat="33.9826313" lon="-111.5332592"><ele>1440</ele>
        <time>2026-09-27T23:55:07Z</time>
      </trkpt>
      <trkpt lat="33.9825826" lon="-111.5331686"><ele>1444</ele>
        <time>2026-09-27T23:55:23Z</time>
      </trkpt>
      <trkpt lat="33.9826393" lon="-111.533174"><ele>1449</ele>
        <time>2026-09-27T23:55:53Z</time>
      </trkpt>
      <trkpt lat="33.9826712" lon="-111.5329534"><ele>1454</ele>
        <time>2026-09-27T23:56:34Z</time>
      </trkpt>
      <trkpt lat="33.9826624" lon="-111.5328881"><ele>1457</ele>
        <time>2026-09-27T23:57:15Z</time>
      </trkpt>
      <trkpt lat="33.982619" lon="-111.5328028"><ele>1457</ele>
        <time>2026-09-27T23:57:35Z</time>
      </trkpt>
      <trkpt lat="33.9826089" lon="-111.5327025"><ele>1461</ele>
        <time>2026-09-27T23:57:52Z</time>
      </trkpt>
      <trkpt lat="33.9825686" lon="-111.5326128"><ele>1467</ele>
        <time>2026-09-27T23:58:25Z</time>
      </trkpt>
      <trkpt lat="33.9825389" lon="-111.5325136"><ele>1471</ele>
        <time>2026-09-27T23:58:44Z</time>
      </trkpt>
      <trkpt lat="33.9823862" lon="-111.5323315"><ele>1475</ele>
        <time>2026-09-28T00:00:18Z</time>
      </trkpt>
      <trkpt lat="33.9823057" lon="-111.5321874"><ele>1478</ele>
        <time>2026-09-28T00:00:46Z</time>
      </trkpt>
      <trkpt lat="33.9822294" lon="-111.5321417"><ele>1479</ele>
        <time>2026-09-28T00:01:16Z</time>
      </trkpt>
      <trkpt lat="33.9821884" lon="-111.5320534"><ele>1482</ele>
        <time>2026-09-28T00:01:36Z</time>
      </trkpt>
      <trkpt lat="33.9821279" lon="-111.5319775"><ele>1484</ele>
        <time>2026-09-28T00:01:58Z</time>
      </trkpt>
      <trkpt lat="33.9820546" lon="-111.5319387"><ele>1487</ele>
        <time>2026-09-28T00:02:41Z</time>
      </trkpt>
      <trkpt lat="33.9819324" lon="-111.5317508"><ele>1494</ele>
        <time>2026-09-28T00:03:30Z</time>
      </trkpt>
      <trkpt lat="33.9818969" lon="-111.5316762"><ele>1499</ele>
        <time>2026-09-28T00:04:06Z</time>
      </trkpt>
      <trkpt lat="33.9817215" lon="-111.5315895"><ele>1499</ele>
        <time>2026-09-28T00:04:36Z</time>
      </trkpt>
      <trkpt lat="33.9816361" lon="-111.5316047"><ele>1503</ele>
        <time>2026-09-28T00:04:55Z</time>
      </trkpt>
      <trkpt lat="33.9815303" lon="-111.5316044"><ele>1506</ele>
        <time>2026-09-28T00:05:08Z</time>
      </trkpt>
      <trkpt lat="33.9815038" lon="-111.5316574"><ele>1512</ele>
        <time>2026-09-28T00:05:54Z</time>
      </trkpt>
      <trkpt lat="33.9814268" lon="-111.5316663"><ele>1516</ele>
        <time>2026-09-28T00:06:14Z</time>
      </trkpt>
      <trkpt lat="33.9813615" lon="-111.5316449"><ele>1518</ele>
        <time>2026-09-28T00:06:36Z</time>
      </trkpt>
      <trkpt lat="33.9813104" lon="-111.5316427"><ele>1522</ele>
        <time>2026-09-28T00:07:23Z</time>
      </trkpt>
      <trkpt lat="33.9812544" lon="-111.5316079"><ele>1526</ele>
        <time>2026-09-28T00:07:53Z</time>
      </trkpt>
      <trkpt lat="33.9811356" lon="-111.5315756"><ele>1533</ele>
        <time>2026-09-28T00:09:07Z</time>
      </trkpt>
      <trkpt lat="33.9810472" lon="-111.5316102"><ele>1535</ele>
        <time>2026-09-28T00:09:21Z</time>
      </trkpt>
      <trkpt lat="33.9809611" lon="-111.5315672"><ele>1537</ele>
        <time>2026-09-28T00:09:45Z</time>
      </trkpt>
      <trkpt lat="33.9808916" lon="-111.5315495"><ele>1540</ele>
        <time>2026-09-28T00:10:24Z</time>
      </trkpt>
      <trkpt lat="33.980863" lon="-111.5314665"><ele>1545</ele>
        <time>2026-09-28T00:10:53Z</time>
      </trkpt>
      <trkpt lat="33.9806674" lon="-111.5313118"><ele>1555</ele>
        <time>2026-09-28T00:12:55Z</time>
      </trkpt>
      <trkpt lat="33.98069" lon="-111.5311938"><ele>1558</ele>
        <time>2026-09-28T00:13:18Z</time>
      </trkpt>
      <trkpt lat="33.9807616" lon="-111.5311015"><ele>1558</ele>
        <time>2026-09-28T00:13:45Z</time>
      </trkpt>
      <trkpt lat="33.9807873" lon="-111.5310029"><ele>1560</ele>
        <time>2026-09-28T00:14:05Z</time>
      </trkpt>
      <trkpt lat="33.9807768" lon="-111.5308993"><ele>1563</ele>
        <time>2026-09-28T00:14:23Z</time>
      </trkpt>
      <trkpt lat="33.980746" lon="-111.5307986"><ele>1567</ele>
        <time>2026-09-28T00:14:47Z</time>
      </trkpt>
      <trkpt lat="33.9806816" lon="-111.5307373"><ele>1569</ele>
        <time>2026-09-28T00:14:57Z</time>
      </trkpt>
      <trkpt lat="33.9806666" lon="-111.5306581"><ele>1569</ele>
        <time>2026-09-28T00:15:06Z</time>
      </trkpt>
      <trkpt lat="33.9806875" lon="-111.5305584"><ele>1570</ele>
        <time>2026-09-28T00:15:16Z</time>
      </trkpt>
      <trkpt lat="33.9806875" lon="-111.5304505"><ele>1570</ele>
        <time>2026-09-28T00:15:28Z</time>
      </trkpt>
      <trkpt lat="33.9806412" lon="-111.5303642"><ele>1570</ele>
        <time>2026-09-28T00:15:38Z</time>
      </trkpt>
      <trkpt lat="33.9805747" lon="-111.53035"><ele>1569</ele>
        <time>2026-09-28T00:15:47Z</time>
      </trkpt>
      <trkpt lat="33.9805356" lon="-111.5302737"><ele>1569</ele>
        <time>2026-09-28T00:15:55Z</time>
      </trkpt>
      <trkpt lat="33.9804287" lon="-111.529999"><ele>1569</ele>
        <time>2026-09-28T00:16:24Z</time>
      </trkpt>
      <trkpt lat="33.9804299" lon="-111.5299074"><ele>1569</ele>
        <time>2026-09-28T00:17:04Z</time>
      </trkpt>
      <trkpt lat="33.9803374" lon="-111.5298324"><ele>1569</ele>
        <time>2026-09-28T00:17:48Z</time>
      </trkpt>
      <trkpt lat="33.9802861" lon="-111.5297112"><ele>1569</ele>
        <time>2026-09-28T00:18:01Z</time>
      </trkpt>
      <trkpt lat="33.9802052" lon="-111.5296216"><ele>1570</ele>
        <time>2026-09-28T00:18:18Z</time>
      </trkpt>
      <trkpt lat="33.9799972" lon="-111.5294624"><ele>1570</ele>
        <time>2026-09-28T00:18:52Z</time>
      </trkpt>
      <trkpt lat="33.9799016" lon="-111.5294136"><ele>1570</ele>
        <time>2026-09-28T00:19:03Z</time>
      </trkpt>
      <trkpt lat="33.9798232" lon="-111.5293145"><ele>1577</ele>
        <time>2026-09-28T00:19:21Z</time>
      </trkpt>
      <trkpt lat="33.9797294" lon="-111.529289"><ele>1578</ele>
        <time>2026-09-28T00:19:40Z</time>
      </trkpt>
      <trkpt lat="33.9795527" lon="-111.5291761"><ele>1580</ele>
        <time>2026-09-28T00:20:31Z</time>
      </trkpt>
      <trkpt lat="33.9794516" lon="-111.5291631"><ele>1581</ele>
        <time>2026-09-28T00:21:01Z</time>
      </trkpt>
      <trkpt lat="33.9793583" lon="-111.5291376"><ele>1581</ele>
        <time>2026-09-28T00:21:24Z</time>
      </trkpt>
      <trkpt lat="33.9792697" lon="-111.5291491"><ele>1582</ele>
        <time>2026-09-28T00:21:51Z</time>
      </trkpt>
      <trkpt lat="33.9791964" lon="-111.5291158"><ele>1585</ele>
        <time>2026-09-28T00:22:13Z</time>
      </trkpt>
      <trkpt lat="33.9791117" lon="-111.529125"><ele>1590</ele>
        <time>2026-09-28T00:22:37Z</time>
      </trkpt>
      <trkpt lat="33.9790272" lon="-111.5291519"><ele>1589</ele>
        <time>2026-09-28T00:22:57Z</time>
      </trkpt>
      <trkpt lat="33.9789918" lon="-111.5290436"><ele>1592</ele>
        <time>2026-09-28T00:23:26Z</time>
      </trkpt>
      <trkpt lat="33.9789452" lon="-111.5289459"><ele>1596</ele>
        <time>2026-09-28T00:23:45Z</time>
      </trkpt>
      <trkpt lat="33.9788547" lon="-111.5289354"><ele>1599</ele>
        <time>2026-09-28T00:24:08Z</time>
      </trkpt>
      <trkpt lat="33.9787915" lon="-111.5290156"><ele>1605</ele>
        <time>2026-09-28T00:24:31Z</time>
      </trkpt>
      <trkpt lat="33.9786995" lon="-111.5290046"><ele>1606</ele>
        <time>2026-09-28T00:24:41Z</time>
      </trkpt>
      <trkpt lat="33.9786279" lon="-111.5289446"><ele>1606</ele>
        <time>2026-09-28T00:24:55Z</time>
      </trkpt>
      <trkpt lat="33.9784527" lon="-111.5289489"><ele>1609</ele>
        <time>2026-09-28T00:25:19Z</time>
      </trkpt>
      <trkpt lat="33.978398" lon="-111.5289351"><ele>1613</ele>
        <time>2026-09-28T00:26:17Z</time>
      </trkpt>
      <trkpt lat="33.9783326" lon="-111.5288861"><ele>1615</ele>
        <time>2026-09-28T00:26:32Z</time>
      </trkpt>
      <trkpt lat="33.9784179" lon="-111.5288248"><ele>1617</ele>
        <time>2026-09-28T00:26:47Z</time>
      </trkpt>
      <trkpt lat="33.9783761" lon="-111.5287455"><ele>1621</ele>
        <time>2026-09-28T00:27:19Z</time>
      </trkpt>
      <trkpt lat="33.9782917" lon="-111.5287348"><ele>1622</ele>
        <time>2026-09-28T00:27:34Z</time>
      </trkpt>
      <trkpt lat="33.9782279" lon="-111.5286667"><ele>1625</ele>
        <time>2026-09-28T00:27:53Z</time>
      </trkpt>
      <trkpt lat="33.9782994" lon="-111.5286075"><ele>1626</ele>
        <time>2026-09-28T00:28:07Z</time>
      </trkpt>
      <trkpt lat="33.9783559" lon="-111.5285142"><ele>1627</ele>
        <time>2026-09-28T00:28:21Z</time>
      </trkpt>
      <trkpt lat="33.9783913" lon="-111.5284126"><ele>1629</ele>
        <time>2026-09-28T00:28:32Z</time>
      </trkpt>
      <trkpt lat="33.9783877" lon="-111.5282874"><ele>1633</ele>
        <time>2026-09-28T00:29:03Z</time>
      </trkpt>
      <trkpt lat="33.9783191" lon="-111.5283746"><ele>1636</ele>
        <time>2026-09-28T00:29:27Z</time>
      </trkpt>
      <trkpt lat="33.9782343" lon="-111.5284125"><ele>1637</ele>
        <time>2026-09-28T00:29:40Z</time>
      </trkpt>
      <trkpt lat="33.9780605" lon="-111.5283986"><ele>1639</ele>
        <time>2026-09-28T00:29:58Z</time>
      </trkpt>
      <trkpt lat="33.9779768" lon="-111.5283814"><ele>1641</ele>
        <time>2026-09-28T00:30:07Z</time>
      </trkpt>
      <trkpt lat="33.9778939" lon="-111.5284048"><ele>1642</ele>
        <time>2026-09-28T00:30:15Z</time>
      </trkpt>
      <trkpt lat="33.9778145" lon="-111.5284038"><ele>1643</ele>
        <time>2026-09-28T00:30:23Z</time>
      </trkpt>
      <trkpt lat="33.9777417" lon="-111.5283669"><ele>1643</ele>
        <time>2026-09-28T00:30:31Z</time>
      </trkpt>
      <trkpt lat="33.9776739" lon="-111.5283113"><ele>1645</ele>
        <time>2026-09-28T00:30:43Z</time>
      </trkpt>
      <trkpt lat="33.9776179" lon="-111.5282163"><ele>1648</ele>
        <time>2026-09-28T00:31:03Z</time>
      </trkpt>
      <trkpt lat="33.9777067" lon="-111.5281526"><ele>1652</ele>
        <time>2026-09-28T00:31:28Z</time>
      </trkpt>
      <trkpt lat="33.977889" lon="-111.5281134"><ele>1653</ele>
        <time>2026-09-28T00:31:53Z</time>
      </trkpt>
      <trkpt lat="33.9779638" lon="-111.5280735"><ele>1654</ele>
        <time>2026-09-28T00:32:07Z</time>
      </trkpt>
      <trkpt lat="33.9778815" lon="-111.5280756"><ele>1657</ele>
        <time>2026-09-28T00:32:29Z</time>
      </trkpt>
      <trkpt lat="33.9778122" lon="-111.5280148"><ele>1659</ele>
        <time>2026-09-28T00:32:41Z</time>
      </trkpt>
      <trkpt lat="33.9777354" lon="-111.527969"><ele>1662</ele>
        <time>2026-09-28T00:32:53Z</time>
      </trkpt>
      <trkpt lat="33.9778097" lon="-111.5279042"><ele>1664</ele>
        <time>2026-09-28T00:33:12Z</time>
      </trkpt>
      <trkpt lat="33.9778573" lon="-111.5278325"><ele>1665</ele>
        <time>2026-09-28T00:33:25Z</time>
      </trkpt>
      <trkpt lat="33.977861" lon="-111.5277755"><ele>1669</ele>
        <time>2026-09-28T00:34:02Z</time>
      </trkpt>
      <trkpt lat="33.977781" lon="-111.5277759"><ele>1670</ele>
        <time>2026-09-28T00:34:14Z</time>
      </trkpt>
      <trkpt lat="33.9776989" lon="-111.527618"><ele>1672</ele>
        <time>2026-09-28T00:34:34Z</time>
      </trkpt>
      <trkpt lat="33.9776237" lon="-111.5276108"><ele>1673</ele>
        <time>2026-09-28T00:34:46Z</time>
      </trkpt>
      <trkpt lat="33.9776148" lon="-111.527525"><ele>1674</ele>
        <time>2026-09-28T00:35:01Z</time>
      </trkpt>
      <trkpt lat="33.9775382" lon="-111.5274874"><ele>1676</ele>
        <time>2026-09-28T00:35:16Z</time>
      </trkpt>
      <trkpt lat="33.9775168" lon="-111.5274281"><ele>1679</ele>
        <time>2026-09-28T00:36:01Z</time>
      </trkpt>
      <trkpt lat="33.9774718" lon="-111.527351"><ele>1680</ele>
        <time>2026-09-28T00:36:20Z</time>
      </trkpt>
      <trkpt lat="33.9774037" lon="-111.5272978"><ele>1680</ele>
        <time>2026-09-28T00:36:36Z</time>
      </trkpt>
      <trkpt lat="33.9773386" lon="-111.5271184"><ele>1681</ele>
        <time>2026-09-28T00:37:04Z</time>
      </trkpt>
      <trkpt lat="33.9772601" lon="-111.5270771"><ele>1682</ele>
        <time>2026-09-28T00:37:16Z</time>
      </trkpt>
      <trkpt lat="33.9770913" lon="-111.5270374"><ele>1683</ele>
        <time>2026-09-28T00:37:34Z</time>
      </trkpt>
      <trkpt lat="33.9770195" lon="-111.5270382"><ele>1684</ele>
        <time>2026-09-28T00:37:40Z</time>
      </trkpt>
      <trkpt lat="33.9769549" lon="-111.5270141"><ele>1685</ele>
        <time>2026-09-28T00:37:46Z</time>
      </trkpt>
      <trkpt lat="33.9768937" lon="-111.5270313"><ele>1685</ele>
        <time>2026-09-28T00:37:53Z</time>
      </trkpt>
      <trkpt lat="33.9767485" lon="-111.5271507"><ele>1685</ele>
        <time>2026-09-28T00:38:13Z</time>
      </trkpt>
      <trkpt lat="33.9766667" lon="-111.5272686"><ele>1686</ele>
        <time>2026-09-28T00:38:25Z</time>
      </trkpt>
      <trkpt lat="33.9766106" lon="-111.527282"><ele>1685</ele>
        <time>2026-09-28T00:38:56Z</time>
      </trkpt>
      <trkpt lat="33.9765335" lon="-111.5272686"><ele>1685</ele>
        <time>2026-09-28T00:39:05Z</time>
      </trkpt>
      <trkpt lat="33.9764694" lon="-111.5273009"><ele>1685</ele>
        <time>2026-09-28T00:39:11Z</time>
      </trkpt>
      <trkpt lat="33.9763768" lon="-111.5273931"><ele>1685</ele>
        <time>2026-09-28T00:39:21Z</time>
      </trkpt>
      <trkpt lat="33.9763161" lon="-111.5274886"><ele>1685</ele>
        <time>2026-09-28T00:39:29Z</time>
      </trkpt>
      <trkpt lat="33.9762317" lon="-111.5275409"><ele>1683</ele>
        <time>2026-09-28T00:39:37Z</time>
      </trkpt>
      <trkpt lat="33.9761546" lon="-111.52758"><ele>1683</ele>
        <time>2026-09-28T00:39:45Z</time>
      </trkpt>
      <trkpt lat="33.97611" lon="-111.527591"><ele>1682</ele>
        <time>2026-09-28T00:39:49Z</time>
      </trkpt>
      <trkpt lat="33.9760695" lon="-111.5275755"><ele>1682</ele>
        <time>2026-09-28T00:39:53Z</time>
      </trkpt>
      <trkpt lat="33.97592" lon="-111.527596"><ele>1680</ele>
        <time>2026-09-28T00:40:06Z</time>
      </trkpt>
      <trkpt lat="33.9758938" lon="-111.5276361"><ele>1679</ele>
        <time>2026-09-28T00:40:10Z</time>
      </trkpt>
      <trkpt lat="33.9757557" lon="-111.5276874"><ele>1678</ele>
        <time>2026-09-28T00:40:28Z</time>
      </trkpt>
      <trkpt lat="33.9756595" lon="-111.5276647"><ele>1676</ele>
        <time>2026-09-28T00:40:41Z</time>
      </trkpt>
      <trkpt lat="33.9755925" lon="-111.527674"><ele>1672</ele>
        <time>2026-09-28T00:40:50Z</time>
      </trkpt>
      <trkpt lat="33.9755549" lon="-111.5276071"><ele>1673</ele>
        <time>2026-09-28T00:40:58Z</time>
      </trkpt>
      <trkpt lat="33.9754984" lon="-111.5276339"><ele>1673</ele>
        <time>2026-09-28T00:41:06Z</time>
      </trkpt>
      <trkpt lat="33.9753782" lon="-111.5276354"><ele>1668</ele>
        <time>2026-09-28T00:41:55Z</time>
      </trkpt>
      <trkpt lat="33.9752191" lon="-111.5277084"><ele>1665</ele>
        <time>2026-09-28T00:42:16Z</time>
      </trkpt>
      <trkpt lat="33.9751482" lon="-111.5277128"><ele>1662</ele>
        <time>2026-09-28T00:42:29Z</time>
      </trkpt>
      <trkpt lat="33.9750291" lon="-111.5276849"><ele>1661</ele>
        <time>2026-09-28T00:42:42Z</time>
      </trkpt>
      <trkpt lat="33.9749026" lon="-111.5276854"><ele>1661</ele>
        <time>2026-09-28T00:42:52Z</time>
      </trkpt>
      <trkpt lat="33.974794" lon="-111.5277279"><ele>1658</ele>
        <time>2026-09-28T00:43:05Z</time>
      </trkpt>
      <trkpt lat="33.9746956" lon="-111.5277301"><ele>1658</ele>
        <time>2026-09-28T00:43:13Z</time>
      </trkpt>
      <trkpt lat="33.9745552" lon="-111.5277806"><ele>1657</ele>
        <time>2026-09-28T00:43:25Z</time>
      </trkpt>
      <trkpt lat="33.9745088" lon="-111.5277809"><ele>1657</ele>
        <time>2026-09-28T00:43:29Z</time>
      </trkpt>
      <trkpt lat="33.9744724" lon="-111.5277628"><ele>1657</ele>
        <time>2026-09-28T00:43:33Z</time>
      </trkpt>
      <trkpt lat="33.9743913" lon="-111.527753"><ele>1657</ele>
        <time>2026-09-28T00:43:40Z</time>
      </trkpt>
      <trkpt lat="33.9742493" lon="-111.5276569"><ele>1658</ele>
        <time>2026-09-28T00:43:54Z</time>
      </trkpt>
      <trkpt lat="33.9742472" lon="-111.5276009"><ele>1658</ele>
        <time>2026-09-28T00:43:58Z</time>
      </trkpt>
      <trkpt lat="33.9742205" lon="-111.5275045"><ele>1658</ele>
        <time>2026-09-28T00:44:08Z</time>
      </trkpt>
      <trkpt lat="33.9741341" lon="-111.5274608"><ele>1658</ele>
        <time>2026-09-28T00:44:23Z</time>
      </trkpt>
      <trkpt lat="33.9739448" lon="-111.527245"><ele>1660</ele>
        <time>2026-09-28T00:44:48Z</time>
      </trkpt>
      <trkpt lat="33.9738295" lon="-111.5271965"><ele>1660</ele>
        <time>2026-09-28T00:44:58Z</time>
      </trkpt>
      <trkpt lat="33.9736938" lon="-111.5270994"><ele>1661</ele>
        <time>2026-09-28T00:45:12Z</time>
      </trkpt>
      <trkpt lat="33.9736502" lon="-111.5270805"><ele>1659</ele>
        <time>2026-09-28T00:45:16Z</time>
      </trkpt>
      <trkpt lat="33.9735538" lon="-111.5270741"><ele>1659</ele>
        <time>2026-09-28T00:45:25Z</time>
      </trkpt>
      <trkpt lat="33.9734432" lon="-111.5269666"><ele>1659</ele>
        <time>2026-09-28T00:45:37Z</time>
      </trkpt>
      <trkpt lat="33.9733132" lon="-111.5268848"><ele>1658</ele>
        <time>2026-09-28T00:45:49Z</time>
      </trkpt>
      <trkpt lat="33.9732339" lon="-111.5268473"><ele>1658</ele>
        <time>2026-09-28T00:45:56Z</time>
      </trkpt>
      <trkpt lat="33.97311" lon="-111.5268256"><ele>1658</ele>
        <time>2026-09-28T00:46:06Z</time>
      </trkpt>
      <trkpt lat="33.9730303" lon="-111.5268404"><ele>1658</ele>
        <time>2026-09-28T00:46:12Z</time>
      </trkpt>
      <trkpt lat="33.9729554" lon="-111.5268193"><ele>1658</ele>
        <time>2026-09-28T00:46:18Z</time>
      </trkpt>
      <trkpt lat="33.9729184" lon="-111.5268257"><ele>1658</ele>
        <time>2026-09-28T00:46:21Z</time>
      </trkpt>
      <trkpt lat="33.9728508" lon="-111.5267745"><ele>1658</ele>
        <time>2026-09-28T00:46:27Z</time>
      </trkpt>
      <trkpt lat="33.9728317" lon="-111.5267322"><ele>1656</ele>
        <time>2026-09-28T00:46:30Z</time>
      </trkpt>
      <trkpt lat="33.9728185" lon="-111.5266414"><ele>1656</ele>
        <time>2026-09-28T00:46:37Z</time>
      </trkpt>
      <trkpt lat="33.9727966" lon="-111.5266002"><ele>1656</ele>
        <time>2026-09-28T00:46:40Z</time>
      </trkpt>
      <trkpt lat="33.9727608" lon="-111.5265616"><ele>1656</ele>
        <time>2026-09-28T00:46:44Z</time>
      </trkpt>
      <trkpt lat="33.972742" lon="-111.5265135"><ele>1655</ele>
        <time>2026-09-28T00:46:48Z</time>
      </trkpt>
      <trkpt lat="33.9726759" lon="-111.5261956"><ele>1651</ele>
        <time>2026-09-28T00:47:15Z</time>
      </trkpt>
      <trkpt lat="33.9727337" lon="-111.5260229"><ele>1650</ele>
        <time>2026-09-28T00:47:29Z</time>
      </trkpt>
      <trkpt lat="33.9727417" lon="-111.5259289"><ele>1650</ele>
        <time>2026-09-28T00:47:35Z</time>
      </trkpt>
      <trkpt lat="33.9727657" lon="-111.5258405"><ele>1649</ele>
        <time>2026-09-28T00:47:40Z</time>
      </trkpt>
      <trkpt lat="33.9727619" lon="-111.5256989"><ele>1649</ele>
        <time>2026-09-28T00:47:50Z</time>
      </trkpt>
      <trkpt lat="33.9727696" lon="-111.5256528"><ele>1648</ele>
        <time>2026-09-28T00:47:54Z</time>
      </trkpt>
      <trkpt lat="33.9728136" lon="-111.5255755"><ele>1648</ele>
        <time>2026-09-28T00:48:00Z</time>
      </trkpt>
      <trkpt lat="33.9728589" lon="-111.5254388"><ele>1647</ele>
        <time>2026-09-28T00:48:11Z</time>
      </trkpt>
      <trkpt lat="33.9728636" lon="-111.5253924"><ele>1646</ele>
        <time>2026-09-28T00:48:14Z</time>
      </trkpt>
      <trkpt lat="33.9728886" lon="-111.5253572"><ele>1644</ele>
        <time>2026-09-28T00:48:18Z</time>
      </trkpt>
      <trkpt lat="33.9728908" lon="-111.5253109"><ele>1644</ele>
        <time>2026-09-28T00:48:23Z</time>
      </trkpt>
      <trkpt lat="33.9728705" lon="-111.5252179"><ele>1643</ele>
        <time>2026-09-28T00:48:32Z</time>
      </trkpt>
      <trkpt lat="33.9728931" lon="-111.5251748"><ele>1642</ele>
        <time>2026-09-28T00:48:37Z</time>
      </trkpt>
      <trkpt lat="33.9728833" lon="-111.5251311"><ele>1640</ele>
        <time>2026-09-28T00:48:43Z</time>
      </trkpt>
      <trkpt lat="33.9728063" lon="-111.525033"><ele>1637</ele>
        <time>2026-09-28T00:48:59Z</time>
      </trkpt>
      <trkpt lat="33.9728013" lon="-111.5249829"><ele>1637</ele>
        <time>2026-09-28T00:49:04Z</time>
      </trkpt>
      <trkpt lat="33.9727727" lon="-111.524887"><ele>1635</ele>
        <time>2026-09-28T00:49:15Z</time>
      </trkpt>
      <trkpt lat="33.9727267" lon="-111.5248072"><ele>1635</ele>
        <time>2026-09-28T00:49:24Z</time>
      </trkpt>
      <trkpt lat="33.9726968" lon="-111.5247241"><ele>1635</ele>
        <time>2026-09-28T00:49:33Z</time>
      </trkpt>
      <trkpt lat="33.972583" lon="-111.5246524"><ele>1636</ele>
        <time>2026-09-28T00:49:48Z</time>
      </trkpt>
      <trkpt lat="33.9725482" lon="-111.5246161"><ele>1636</ele>
        <time>2026-09-28T00:49:53Z</time>
      </trkpt>
      <trkpt lat="33.972525" lon="-111.5245661"><ele>1636</ele>
        <time>2026-09-28T00:49:59Z</time>
      </trkpt>
      <trkpt lat="33.9724891" lon="-111.5245259"><ele>1636</ele>
        <time>2026-09-28T00:50:03Z</time>
      </trkpt>
      <trkpt lat="33.9724716" lon="-111.5244224"><ele>1637</ele>
        <time>2026-09-28T00:50:16Z</time>
      </trkpt>
      <trkpt lat="33.9724245" lon="-111.5243312"><ele>1637</ele>
        <time>2026-09-28T00:50:26Z</time>
      </trkpt>
      <trkpt lat="33.9723742" lon="-111.524287"><ele>1637</ele>
        <time>2026-09-28T00:50:36Z</time>
      </trkpt>
      <trkpt lat="33.9723376" lon="-111.5242113"><ele>1637</ele>
        <time>2026-09-28T00:50:46Z</time>
      </trkpt>
      <trkpt lat="33.972303" lon="-111.524117"><ele>1638</ele>
        <time>2026-09-28T00:50:55Z</time>
      </trkpt>
      <trkpt lat="33.9722878" lon="-111.5240193"><ele>1638</ele>
        <time>2026-09-28T00:51:05Z</time>
      </trkpt>
      <trkpt lat="33.9722493" lon="-111.5239408"><ele>1638</ele>
        <time>2026-09-28T00:51:14Z</time>
      </trkpt>
      <trkpt lat="33.9722023" lon="-111.5236811"><ele>1637</ele>
        <time>2026-09-28T00:51:38Z</time>
      </trkpt>
      <trkpt lat="33.9721623" lon="-111.5233645"><ele>1637</ele>
        <time>2026-09-28T00:52:53Z</time>
      </trkpt>
      <trkpt lat="33.9720917" lon="-111.523317"><ele>1637</ele>
        <time>2026-09-28T00:53:01Z</time>
      </trkpt>
      <trkpt lat="33.9719744" lon="-111.5232158"><ele>1637</ele>
        <time>2026-09-28T00:53:13Z</time>
      </trkpt>
      <trkpt lat="33.9719217" lon="-111.523187"><ele>1632</ele>
        <time>2026-09-28T00:53:18Z</time>
      </trkpt>
      <trkpt lat="33.9717561" lon="-111.523129"><ele>1631</ele>
        <time>2026-09-28T00:53:32Z</time>
      </trkpt>
      <trkpt lat="33.9716983" lon="-111.523034"><ele>1631</ele>
        <time>2026-09-28T00:53:42Z</time>
      </trkpt>
      <trkpt lat="33.9716561" lon="-111.5230173"><ele>1631</ele>
        <time>2026-09-28T00:53:46Z</time>
      </trkpt>
      <trkpt lat="33.9716132" lon="-111.5230298"><ele>1632</ele>
        <time>2026-09-28T00:53:50Z</time>
      </trkpt>
      <trkpt lat="33.971491" lon="-111.522936"><ele>1630</ele>
        <time>2026-09-28T00:54:03Z</time>
      </trkpt>
      <trkpt lat="33.9714582" lon="-111.5228955"><ele>1629</ele>
        <time>2026-09-28T00:54:07Z</time>
      </trkpt>
      <trkpt lat="33.9714765" lon="-111.5228486"><ele>1629</ele>
        <time>2026-09-28T00:54:11Z</time>
      </trkpt>
      <trkpt lat="33.9714673" lon="-111.5228009"><ele>1628</ele>
        <time>2026-09-28T00:54:17Z</time>
      </trkpt>
      <trkpt lat="33.9713795" lon="-111.5226946"><ele>1627</ele>
        <time>2026-09-28T00:54:27Z</time>
      </trkpt>
      <trkpt lat="33.9712979" lon="-111.5225223"><ele>1623</ele>
        <time>2026-09-28T00:54:40Z</time>
      </trkpt>
      <trkpt lat="33.9712533" lon="-111.522317"><ele>1620</ele>
        <time>2026-09-28T00:54:58Z</time>
      </trkpt>
      <trkpt lat="33.9712236" lon="-111.5222717"><ele>1619</ele>
        <time>2026-09-28T00:55:06Z</time>
      </trkpt>
      <trkpt lat="33.9711836" lon="-111.5222663"><ele>1618</ele>
        <time>2026-09-28T00:55:12Z</time>
      </trkpt>
      <trkpt lat="33.9711683" lon="-111.5220778"><ele>1617</ele>
        <time>2026-09-28T00:55:29Z</time>
      </trkpt>
      <trkpt lat="33.9711405" lon="-111.5220281"><ele>1614</ele>
        <time>2026-09-28T00:55:39Z</time>
      </trkpt>
      <trkpt lat="33.9711593" lon="-111.5219595"><ele>1611</ele>
        <time>2026-09-28T00:55:47Z</time>
      </trkpt>
      <trkpt lat="33.9711388" lon="-111.5218862"><ele>1612</ele>
        <time>2026-09-28T00:55:54Z</time>
      </trkpt>
      <trkpt lat="33.9711492" lon="-111.5217857"><ele>1611</ele>
        <time>2026-09-28T00:56:03Z</time>
      </trkpt>
      <trkpt lat="33.9711101" lon="-111.5217081"><ele>1609</ele>
        <time>2026-09-28T00:56:10Z</time>
      </trkpt>
      <trkpt lat="33.9710628" lon="-111.5216626"><ele>1607</ele>
        <time>2026-09-28T00:56:18Z</time>
      </trkpt>
      <trkpt lat="33.9710083" lon="-111.5216563"><ele>1605</ele>
        <time>2026-09-28T00:56:25Z</time>
      </trkpt>
      <trkpt lat="33.9709899" lon="-111.5216004"><ele>1604</ele>
        <time>2026-09-28T00:56:32Z</time>
      </trkpt>
      <trkpt lat="33.9709947" lon="-111.5215476"><ele>1604</ele>
        <time>2026-09-28T00:56:39Z</time>
      </trkpt>
      <trkpt lat="33.9709668" lon="-111.5214991"><ele>1602</ele>
        <time>2026-09-28T00:56:45Z</time>
      </trkpt>
      <trkpt lat="33.9709341" lon="-111.5214702"><ele>1599</ele>
        <time>2026-09-28T00:56:51Z</time>
      </trkpt>
      <trkpt lat="33.9709201" lon="-111.5214228"><ele>1600</ele>
        <time>2026-09-28T00:56:56Z</time>
      </trkpt>
      <trkpt lat="33.9709444" lon="-111.5213754"><ele>1599</ele>
        <time>2026-09-28T00:57:02Z</time>
      </trkpt>
      <trkpt lat="33.9709803" lon="-111.52134"><ele>1597</ele>
        <time>2026-09-28T00:57:07Z</time>
      </trkpt>
      <trkpt lat="33.9709787" lon="-111.5212879"><ele>1596</ele>
        <time>2026-09-28T00:57:14Z</time>
      </trkpt>
      <trkpt lat="33.9709283" lon="-111.5212464"><ele>1592</ele>
        <time>2026-09-28T00:57:26Z</time>
      </trkpt>
      <trkpt lat="33.970894" lon="-111.5211905"><ele>1591</ele>
        <time>2026-09-28T00:57:37Z</time>
      </trkpt>
      <trkpt lat="33.9708482" lon="-111.5211615"><ele>1590</ele>
        <time>2026-09-28T00:57:44Z</time>
      </trkpt>
      <trkpt lat="33.9709041" lon="-111.5210485"><ele>1588</ele>
        <time>2026-09-28T00:57:58Z</time>
      </trkpt>
      <trkpt lat="33.9709171" lon="-111.5209899"><ele>1586</ele>
        <time>2026-09-28T00:58:04Z</time>
      </trkpt>
      <trkpt lat="33.9708461" lon="-111.5209027"><ele>1582</ele>
        <time>2026-09-28T00:58:26Z</time>
      </trkpt>
      <trkpt lat="33.9708301" lon="-111.5208494"><ele>1578</ele>
        <time>2026-09-28T00:58:32Z</time>
      </trkpt>
      <trkpt lat="33.970789" lon="-111.5208275"><ele>1580</ele>
        <time>2026-09-28T00:58:38Z</time>
      </trkpt>
      <trkpt lat="33.9706905" lon="-111.5208298"><ele>1580</ele>
        <time>2026-09-28T00:58:56Z</time>
      </trkpt>
      <trkpt lat="33.9706056" lon="-111.5207945"><ele>1578</ele>
        <time>2026-09-28T00:59:17Z</time>
      </trkpt>
      <trkpt lat="33.9705442" lon="-111.5207306"><ele>1575</ele>
        <time>2026-09-28T00:59:47Z</time>
      </trkpt>
      <trkpt lat="33.9706183" lon="-111.5203313"><ele>1571</ele>
        <time>2026-09-28T01:00:24Z</time>
      </trkpt>
      <trkpt lat="33.9705845" lon="-111.5201816"><ele>1567</ele>
        <time>2026-09-28T01:01:34Z</time>
      </trkpt>
      <trkpt lat="33.9705356" lon="-111.5200538"><ele>1566</ele>
        <time>2026-09-28T01:02:02Z</time>
      </trkpt>
      <trkpt lat="33.9703836" lon="-111.5197237"><ele>1563</ele>
        <time>2026-09-28T01:02:39Z</time>
      </trkpt>
      <trkpt lat="33.9703765" lon="-111.519621"><ele>1563</ele>
        <time>2026-09-28T01:02:46Z</time>
      </trkpt>
      <trkpt lat="33.9703843" lon="-111.5195408"><ele>1563</ele>
        <time>2026-09-28T01:02:52Z</time>
      </trkpt>
      <trkpt lat="33.9704172" lon="-111.5194849"><ele>1562</ele>
        <time>2026-09-28T01:02:57Z</time>
      </trkpt>
      <trkpt lat="33.9703724" lon="-111.5193566"><ele>1562</ele>
        <time>2026-09-28T01:03:07Z</time>
      </trkpt>
      <trkpt lat="33.9703236" lon="-111.5193118"><ele>1562</ele>
        <time>2026-09-28T01:03:12Z</time>
      </trkpt>
      <trkpt lat="33.9703265" lon="-111.5192514"><ele>1562</ele>
        <time>2026-09-28T01:03:17Z</time>
      </trkpt>
      <trkpt lat="33.9703541" lon="-111.5191916"><ele>1561</ele>
        <time>2026-09-28T01:03:23Z</time>
      </trkpt>
      <trkpt lat="33.9703559" lon="-111.5191187"><ele>1561</ele>
        <time>2026-09-28T01:03:28Z</time>
      </trkpt>
      <trkpt lat="33.9704306" lon="-111.5190225"><ele>1561</ele>
        <time>2026-09-28T01:03:37Z</time>
      </trkpt>
      <trkpt lat="33.9704411" lon="-111.51897"><ele>1561</ele>
        <time>2026-09-28T01:03:41Z</time>
      </trkpt>
      <trkpt lat="33.970471" lon="-111.5189335"><ele>1560</ele>
        <time>2026-09-28T01:03:44Z</time>
      </trkpt>
      <trkpt lat="33.9704931" lon="-111.5188833"><ele>1560</ele>
        <time>2026-09-28T01:03:49Z</time>
      </trkpt>
      <trkpt lat="33.9704726" lon="-111.5187682"><ele>1560</ele>
        <time>2026-09-28T01:03:57Z</time>
      </trkpt>
      <trkpt lat="33.9704405" lon="-111.51873"><ele>1560</ele>
        <time>2026-09-28T01:04:01Z</time>
      </trkpt>
      <trkpt lat="33.9704318" lon="-111.5186071"><ele>1560</ele>
        <time>2026-09-28T01:04:09Z</time>
      </trkpt>
      <trkpt lat="33.9704473" lon="-111.5184861"><ele>1560</ele>
        <time>2026-09-28T01:04:23Z</time>
      </trkpt>
      <trkpt lat="33.9704016" lon="-111.5184481"><ele>1560</ele>
        <time>2026-09-28T01:04:28Z</time>
      </trkpt>
      <trkpt lat="33.9703793" lon="-111.5183969"><ele>1559</ele>
        <time>2026-09-28T01:04:32Z</time>
      </trkpt>
      <trkpt lat="33.9703875" lon="-111.5182181"><ele>1559</ele>
        <time>2026-09-28T01:04:48Z</time>
      </trkpt>
      <trkpt lat="33.9703715" lon="-111.5181685"><ele>1559</ele>
        <time>2026-09-28T01:04:52Z</time>
      </trkpt>
      <trkpt lat="33.9703501" lon="-111.5179773"><ele>1559</ele>
        <time>2026-09-28T01:05:03Z</time>
      </trkpt>
      <trkpt lat="33.9703863" lon="-111.5177907"><ele>1558</ele>
        <time>2026-09-28T01:05:18Z</time>
      </trkpt>
      <trkpt lat="33.9703875" lon="-111.5177311"><ele>1558</ele>
        <time>2026-09-28T01:05:23Z</time>
      </trkpt>
      <trkpt lat="33.9703578" lon="-111.517676"><ele>1558</ele>
        <time>2026-09-28T01:05:28Z</time>
      </trkpt>
      <trkpt lat="33.9703429" lon="-111.5176185"><ele>1558</ele>
        <time>2026-09-28T01:05:32Z</time>
      </trkpt>
      <trkpt lat="33.9703882" lon="-111.517511"><ele>1558</ele>
        <time>2026-09-28T01:05:44Z</time>
      </trkpt>
      <trkpt lat="33.9703566" lon="-111.5174663"><ele>1558</ele>
        <time>2026-09-28T01:05:50Z</time>
      </trkpt>
      <trkpt lat="33.9703333" lon="-111.5174091"><ele>1558</ele>
        <time>2026-09-28T01:06:00Z</time>
      </trkpt>
      <trkpt lat="33.9702772" lon="-111.5171705"><ele>1557</ele>
        <time>2026-09-28T01:06:26Z</time>
      </trkpt>
      <trkpt lat="33.9702435" lon="-111.5170971"><ele>1558</ele>
        <time>2026-09-28T01:06:39Z</time>
      </trkpt>
      <trkpt lat="33.9702375" lon="-111.5169733"><ele>1557</ele>
        <time>2026-09-28T01:06:51Z</time>
      </trkpt>
      <trkpt lat="33.9702778" lon="-111.5168734"><ele>1557</ele>
        <time>2026-09-28T01:07:02Z</time>
      </trkpt>
      <trkpt lat="33.9703017" lon="-111.5166986"><ele>1554</ele>
        <time>2026-09-28T01:07:20Z</time>
      </trkpt>
      <trkpt lat="33.9703811" lon="-111.5164964"><ele>1550</ele>
        <time>2026-09-28T01:07:43Z</time>
      </trkpt>
      <trkpt lat="33.9704081" lon="-111.51625"><ele>1549</ele>
        <time>2026-09-28T01:08:03Z</time>
      </trkpt>
      <trkpt lat="33.9704319" lon="-111.5161712"><ele>1548</ele>
        <time>2026-09-28T01:08:09Z</time>
      </trkpt>
      <trkpt lat="33.9704457" lon="-111.5160303"><ele>1546</ele>
        <time>2026-09-28T01:08:19Z</time>
      </trkpt>
      <trkpt lat="33.9704681" lon="-111.5159645"><ele>1544</ele>
        <time>2026-09-28T01:08:26Z</time>
      </trkpt>
      <trkpt lat="33.970479" lon="-111.5158428"><ele>1541</ele>
        <time>2026-09-28T01:08:37Z</time>
      </trkpt>
      <trkpt lat="33.9704951" lon="-111.515775"><ele>1540</ele>
        <time>2026-09-28T01:08:43Z</time>
      </trkpt>
      <trkpt lat="33.9704761" lon="-111.5157201"><ele>1540</ele>
        <time>2026-09-28T01:08:48Z</time>
      </trkpt>
      <trkpt lat="33.9704523" lon="-111.5154875"><ele>1537</ele>
        <time>2026-09-28T01:09:08Z</time>
      </trkpt>
      <trkpt lat="33.9704658" lon="-111.5154246"><ele>1537</ele>
        <time>2026-09-28T01:09:13Z</time>
      </trkpt>
      <trkpt lat="33.9704335" lon="-111.5153214"><ele>1536</ele>
        <time>2026-09-28T01:09:22Z</time>
      </trkpt>
      <trkpt lat="33.9704207" lon="-111.5152074"><ele>1536</ele>
        <time>2026-09-28T01:09:33Z</time>
      </trkpt>
      <trkpt lat="33.9703914" lon="-111.5151364"><ele>1536</ele>
        <time>2026-09-28T01:09:39Z</time>
      </trkpt>
      <trkpt lat="33.9703781" lon="-111.515067"><ele>1535</ele>
        <time>2026-09-28T01:09:45Z</time>
      </trkpt>
      <trkpt lat="33.9704801" lon="-111.5150108"><ele>1534</ele>
        <time>2026-09-28T01:09:58Z</time>
      </trkpt>
      <trkpt lat="33.9705166" lon="-111.5149753"><ele>1534</ele>
        <time>2026-09-28T01:10:02Z</time>
      </trkpt>
      <trkpt lat="33.9705119" lon="-111.5148077"><ele>1533</ele>
        <time>2026-09-28T01:10:17Z</time>
      </trkpt>
      <trkpt lat="33.9704906" lon="-111.5147589"><ele>1533</ele>
        <time>2026-09-28T01:10:22Z</time>
      </trkpt>
      <trkpt lat="33.9704829" lon="-111.5147027"><ele>1532</ele>
        <time>2026-09-28T01:10:27Z</time>
      </trkpt>
      <trkpt lat="33.9704101" lon="-111.514607"><ele>1531</ele>
        <time>2026-09-28T01:10:38Z</time>
      </trkpt>
      <trkpt lat="33.9704275" lon="-111.5144716"><ele>1530</ele>
        <time>2026-09-28T01:10:49Z</time>
      </trkpt>
      <trkpt lat="33.9704193" lon="-111.5144029"><ele>1530</ele>
        <time>2026-09-28T01:10:54Z</time>
      </trkpt>
      <trkpt lat="33.9704244" lon="-111.5143312"><ele>1529</ele>
        <time>2026-09-28T01:11:03Z</time>
      </trkpt>
      <trkpt lat="33.9704098" lon="-111.5142735"><ele>1527</ele>
        <time>2026-09-28T01:11:10Z</time>
      </trkpt>
      <trkpt lat="33.9704355" lon="-111.513954"><ele>1525</ele>
        <time>2026-09-28T01:11:37Z</time>
      </trkpt>
      <trkpt lat="33.9705693" lon="-111.5136092"><ele>1523</ele>
        <time>2026-09-28T01:12:06Z</time>
      </trkpt>
      <trkpt lat="33.97061" lon="-111.5135684"><ele>1522</ele>
        <time>2026-09-28T01:12:10Z</time>
      </trkpt>
      <trkpt lat="33.9706826" lon="-111.5134659"><ele>1522</ele>
        <time>2026-09-28T01:12:19Z</time>
      </trkpt>
      <trkpt lat="33.9707366" lon="-111.5132853"><ele>1521</ele>
        <time>2026-09-28T01:12:34Z</time>
      </trkpt>
      <trkpt lat="33.970761" lon="-111.5132278"><ele>1521</ele>
        <time>2026-09-28T01:12:39Z</time>
      </trkpt>
      <trkpt lat="33.9708307" lon="-111.5131203"><ele>1520</ele>
        <time>2026-09-28T01:12:50Z</time>
      </trkpt>
      <trkpt lat="33.9708505" lon="-111.5130537"><ele>1519</ele>
        <time>2026-09-28T01:12:55Z</time>
      </trkpt>
      <trkpt lat="33.9708358" lon="-111.5129254"><ele>1519</ele>
        <time>2026-09-28T01:13:04Z</time>
      </trkpt>
      <trkpt lat="33.9707848" lon="-111.5127364"><ele>1518</ele>
        <time>2026-09-28T01:13:18Z</time>
      </trkpt>
      <trkpt lat="33.9708061" lon="-111.5126749"><ele>1518</ele>
        <time>2026-09-28T01:13:23Z</time>
      </trkpt>
      <trkpt lat="33.9707869" lon="-111.5126197"><ele>1518</ele>
        <time>2026-09-28T01:13:27Z</time>
      </trkpt>
      <trkpt lat="33.9708049" lon="-111.5125106"><ele>1517</ele>
        <time>2026-09-28T01:13:38Z</time>
      </trkpt>
      <trkpt lat="33.9707835" lon="-111.5123391"><ele>1515</ele>
        <time>2026-09-28T01:13:52Z</time>
      </trkpt>
      <trkpt lat="33.9707543" lon="-111.5122936"><ele>1515</ele>
        <time>2026-09-28T01:13:56Z</time>
      </trkpt>
      <trkpt lat="33.9707106" lon="-111.5122623"><ele>1514</ele>
        <time>2026-09-28T01:14:00Z</time>
      </trkpt>
      <trkpt lat="33.9706885" lon="-111.5122068"><ele>1514</ele>
        <time>2026-09-28T01:14:04Z</time>
      </trkpt>
      <trkpt lat="33.9705986" lon="-111.5121605"><ele>1513</ele>
        <time>2026-09-28T01:14:15Z</time>
      </trkpt>
      <trkpt lat="33.9705232" lon="-111.5120798"><ele>1512</ele>
        <time>2026-09-28T01:14:25Z</time>
      </trkpt>
      <trkpt lat="33.9704791" lon="-111.5120481"><ele>1512</ele>
        <time>2026-09-28T01:14:35Z</time>
      </trkpt>
      <trkpt lat="33.9704554" lon="-111.5119808"><ele>1511</ele>
        <time>2026-09-28T01:14:41Z</time>
      </trkpt>
      <trkpt lat="33.9703979" lon="-111.5119213"><ele>1510</ele>
        <time>2026-09-28T01:14:52Z</time>
      </trkpt>
      <trkpt lat="33.9703421" lon="-111.5117629"><ele>1509</ele>
        <time>2026-09-28T01:15:06Z</time>
      </trkpt>
      <trkpt lat="33.9703432" lon="-111.511615"><ele>1509</ele>
        <time>2026-09-28T01:15:17Z</time>
      </trkpt>
      <trkpt lat="33.9703737" lon="-111.5115585"><ele>1509</ele>
        <time>2026-09-28T01:15:22Z</time>
      </trkpt>
      <trkpt lat="33.9703568" lon="-111.5114869"><ele>1508</ele>
        <time>2026-09-28T01:15:27Z</time>
      </trkpt>
      <trkpt lat="33.9704323" lon="-111.5113034"><ele>1508</ele>
        <time>2026-09-28T01:15:39Z</time>
      </trkpt>
      <trkpt lat="33.9704699" lon="-111.5112708"><ele>1508</ele>
        <time>2026-09-28T01:15:43Z</time>
      </trkpt>
      <trkpt lat="33.9704643" lon="-111.5112014"><ele>1508</ele>
        <time>2026-09-28T01:15:49Z</time>
      </trkpt>
      <trkpt lat="33.970436" lon="-111.5111525"><ele>1508</ele>
        <time>2026-09-28T01:15:54Z</time>
      </trkpt>
      <trkpt lat="33.9704484" lon="-111.5110912"><ele>1508</ele>
        <time>2026-09-28T01:15:58Z</time>
      </trkpt>
      <trkpt lat="33.9704959" lon="-111.5109773"><ele>1508</ele>
        <time>2026-09-28T01:16:06Z</time>
      </trkpt>
      <trkpt lat="33.9705009" lon="-111.5109178"><ele>1508</ele>
        <time>2026-09-28T01:16:10Z</time>
      </trkpt>
      <trkpt lat="33.9704621" lon="-111.5107961"><ele>1507</ele>
        <time>2026-09-28T01:16:21Z</time>
      </trkpt>
      <trkpt lat="33.970453" lon="-111.5107253"><ele>1507</ele>
        <time>2026-09-28T01:16:27Z</time>
      </trkpt>
      <trkpt lat="33.9704184" lon="-111.510678"><ele>1507</ele>
        <time>2026-09-28T01:16:32Z</time>
      </trkpt>
      <trkpt lat="33.9704098" lon="-111.5106214"><ele>1505</ele>
        <time>2026-09-28T01:16:38Z</time>
      </trkpt>
      <trkpt lat="33.9704086" lon="-111.5105643"><ele>1505</ele>
        <time>2026-09-28T01:16:42Z</time>
      </trkpt>
      <trkpt lat="33.9704274" lon="-111.5105141"><ele>1505</ele>
        <time>2026-09-28T01:16:46Z</time>
      </trkpt>
      <trkpt lat="33.9704237" lon="-111.5104496"><ele>1504</ele>
        <time>2026-09-28T01:16:50Z</time>
      </trkpt>
      <trkpt lat="33.970459" lon="-111.5103318"><ele>1504</ele>
        <time>2026-09-28T01:17:00Z</time>
      </trkpt>
      <trkpt lat="33.970473" lon="-111.5100951"><ele>1502</ele>
        <time>2026-09-28T01:17:17Z</time>
      </trkpt>
      <trkpt lat="33.9703937" lon="-111.5098088"><ele>1502</ele>
        <time>2026-09-28T01:17:38Z</time>
      </trkpt>
      <trkpt lat="33.9704018" lon="-111.5097358"><ele>1502</ele>
        <time>2026-09-28T01:17:43Z</time>
      </trkpt>
      <trkpt lat="33.9703601" lon="-111.5096162"><ele>1502</ele>
        <time>2026-09-28T01:17:51Z</time>
      </trkpt>
      <trkpt lat="33.9703421" lon="-111.5094941"><ele>1502</ele>
        <time>2026-09-28T01:18:01Z</time>
      </trkpt>
      <trkpt lat="33.9703421" lon="-111.509427"><ele>1502</ele>
        <time>2026-09-28T01:18:06Z</time>
      </trkpt>
      <trkpt lat="33.9703235" lon="-111.5093627"><ele>1502</ele>
        <time>2026-09-28T01:18:10Z</time>
      </trkpt>
      <trkpt lat="33.9703426" lon="-111.5092962"><ele>1501</ele>
        <time>2026-09-28T01:18:15Z</time>
      </trkpt>
      <trkpt lat="33.9703144" lon="-111.5092299"><ele>1501</ele>
        <time>2026-09-28T01:18:20Z</time>
      </trkpt>
      <trkpt lat="33.9703096" lon="-111.5091551"><ele>1501</ele>
        <time>2026-09-28T01:18:26Z</time>
      </trkpt>
      <trkpt lat="33.9702801" lon="-111.5090929"><ele>1501</ele>
        <time>2026-09-28T01:18:31Z</time>
      </trkpt>
      <trkpt lat="33.9702807" lon="-111.5090194"><ele>1501</ele>
        <time>2026-09-28T01:18:37Z</time>
      </trkpt>
      <trkpt lat="33.9702545" lon="-111.5089583"><ele>1500</ele>
        <time>2026-09-28T01:18:42Z</time>
      </trkpt>
      <trkpt lat="33.9702152" lon="-111.5089067"><ele>1500</ele>
        <time>2026-09-28T01:18:46Z</time>
      </trkpt>
      <trkpt lat="33.9701669" lon="-111.5088715"><ele>1500</ele>
        <time>2026-09-28T01:18:51Z</time>
      </trkpt>
      <trkpt lat="33.9700036" lon="-111.5086149"><ele>1499</ele>
        <time>2026-09-28T01:19:16Z</time>
      </trkpt>
      <trkpt lat="33.9697783" lon="-111.5084005"><ele>1498</ele>
        <time>2026-09-28T01:19:38Z</time>
      </trkpt>
      <trkpt lat="33.9697168" lon="-111.5083845"><ele>1498</ele>
        <time>2026-09-28T01:19:43Z</time>
      </trkpt>
      <trkpt lat="33.9696033" lon="-111.5083002"><ele>1498</ele>
        <time>2026-09-28T01:19:54Z</time>
      </trkpt>
      <trkpt lat="33.9694711" lon="-111.5082389"><ele>1497</ele>
        <time>2026-09-28T01:20:05Z</time>
      </trkpt>
      <trkpt lat="33.9693409" lon="-111.5082041"><ele>1497</ele>
        <time>2026-09-28T01:20:16Z</time>
      </trkpt>
      <trkpt lat="33.9691886" lon="-111.5081919"><ele>1497</ele>
        <time>2026-09-28T01:20:28Z</time>
      </trkpt>
      <trkpt lat="33.9691148" lon="-111.5081673"><ele>1497</ele>
        <time>2026-09-28T01:20:34Z</time>
      </trkpt>
      <trkpt lat="33.969055" lon="-111.5081042"><ele>1496</ele>
        <time>2026-09-28T01:20:40Z</time>
      </trkpt>
      <trkpt lat="33.969072" lon="-111.5080319"><ele>1496</ele>
        <time>2026-09-28T01:20:48Z</time>
      </trkpt>
      <trkpt lat="33.9691017" lon="-111.5079695"><ele>1496</ele>
        <time>2026-09-28T01:20:55Z</time>
      </trkpt>
      <trkpt lat="33.9690606" lon="-111.507918"><ele>1496</ele>
        <time>2026-09-28T01:21:06Z</time>
      </trkpt>
      <trkpt lat="33.9690512" lon="-111.507674"><ele>1495</ele>
        <time>2026-09-28T01:21:30Z</time>
      </trkpt>
      <trkpt lat="33.9690626" lon="-111.5077912"><ele>1494</ele>
        <time>2026-09-28T01:21:59Z</time>
      </trkpt>
      <trkpt lat="33.9690461" lon="-111.5078862"><ele>1494</ele>
        <time>2026-09-28T01:22:12Z</time>
      </trkpt>
      <trkpt lat="33.9690928" lon="-111.5079521"><ele>1493</ele>
        <time>2026-09-28T01:22:22Z</time>
      </trkpt>
      <trkpt lat="33.9690867" lon="-111.5080313"><ele>1498</ele>
        <time>2026-09-28T01:22:31Z</time>
      </trkpt>
      <trkpt lat="33.969054" lon="-111.5081339"><ele>1498</ele>
        <time>2026-09-28T01:22:41Z</time>
      </trkpt>
      <trkpt lat="33.9689274" lon="-111.5081478"><ele>1502</ele>
        <time>2026-09-28T01:22:55Z</time>
      </trkpt>
      <trkpt lat="33.9687741" lon="-111.5079861"><ele>1512</ele>
        <time>2026-09-28T01:41:32Z</time>
      </trkpt>
      <trkpt lat="33.9687211" lon="-111.5076288"><ele>1513</ele>
        <time>2026-09-28T01:42:02Z</time>
      </trkpt>
      <trkpt lat="33.9686372" lon="-111.50729"><ele>1515</ele>
        <time>2026-09-28T01:42:37Z</time>
      </trkpt>
      <trkpt lat="33.9687236" lon="-111.5071641"><ele>1518</ele>
        <time>2026-09-28T01:43:02Z</time>
      </trkpt>
      <trkpt lat="33.9685816" lon="-111.5071097"><ele>1520</ele>
        <time>2026-09-28T01:43:24Z</time>
      </trkpt>
      <trkpt lat="33.9684988" lon="-111.5070159"><ele>1520</ele>
        <time>2026-09-28T01:43:54Z</time>
      </trkpt>
      <trkpt lat="33.9685039" lon="-111.5068732"><ele>1524</ele>
        <time>2026-09-28T01:44:12Z</time>
      </trkpt>
      <trkpt lat="33.9686205" lon="-111.5068183"><ele>1529</ele>
        <time>2026-09-28T01:44:34Z</time>
      </trkpt>
      <trkpt lat="33.9684481" lon="-111.5065859"><ele>1534</ele>
        <time>2026-09-28T01:45:08Z</time>
      </trkpt>
      <trkpt lat="33.9683854" lon="-111.5064639"><ele>1534</ele>
        <time>2026-09-28T01:45:23Z</time>
      </trkpt>
      <trkpt lat="33.9683802" lon="-111.5063106"><ele>1539</ele>
        <time>2026-09-28T01:45:46Z</time>
      </trkpt>
      <trkpt lat="33.9684597" lon="-111.5062103"><ele>1541</ele>
        <time>2026-09-28T01:45:59Z</time>
      </trkpt>
      <trkpt lat="33.9683751" lon="-111.5061287"><ele>1544</ele>
        <time>2026-09-28T01:46:14Z</time>
      </trkpt>
      <trkpt lat="33.9682735" lon="-111.5061085"><ele>1548</ele>
        <time>2026-09-28T01:46:30Z</time>
      </trkpt>
      <trkpt lat="33.9681731" lon="-111.5060607"><ele>1549</ele>
        <time>2026-09-28T01:46:51Z</time>
      </trkpt>
      <trkpt lat="33.9680789" lon="-111.5059903"><ele>1552</ele>
        <time>2026-09-28T01:47:12Z</time>
      </trkpt>
      <trkpt lat="33.9680291" lon="-111.5058769"><ele>1555</ele>
        <time>2026-09-28T01:47:29Z</time>
      </trkpt>
      <trkpt lat="33.9680218" lon="-111.505715"><ele>1560</ele>
        <time>2026-09-28T01:47:56Z</time>
      </trkpt>
      <trkpt lat="33.96812" lon="-111.505636"><ele>1560</ele>
        <time>2026-09-28T01:48:11Z</time>
      </trkpt>
      <trkpt lat="33.9681743" lon="-111.5055237"><ele>1561</ele>
        <time>2026-09-28T01:48:25Z</time>
      </trkpt>
      <trkpt lat="33.9682125" lon="-111.5054073"><ele>1564</ele>
        <time>2026-09-28T01:48:37Z</time>
      </trkpt>
      <trkpt lat="33.9681194" lon="-111.5053856"><ele>1569</ele>
        <time>2026-09-28T01:49:08Z</time>
      </trkpt>
      <trkpt lat="33.9680362" lon="-111.505444"><ele>1572</ele>
        <time>2026-09-28T01:49:18Z</time>
      </trkpt>
      <trkpt lat="33.967935" lon="-111.5054938"><ele>1575</ele>
        <time>2026-09-28T01:49:31Z</time>
      </trkpt>
      <trkpt lat="33.9678271" lon="-111.5054933"><ele>1575</ele>
        <time>2026-09-28T01:49:45Z</time>
      </trkpt>
      <trkpt lat="33.9676554" lon="-111.5053768"><ele>1578</ele>
        <time>2026-09-28T01:50:11Z</time>
      </trkpt>
      <trkpt lat="33.9675648" lon="-111.5053927"><ele>1580</ele>
        <time>2026-09-28T01:50:22Z</time>
      </trkpt>
      <trkpt lat="33.9674813" lon="-111.505432"><ele>1582</ele>
        <time>2026-09-28T01:50:35Z</time>
      </trkpt>
      <trkpt lat="33.9673098" lon="-111.5057044"><ele>1585</ele>
        <time>2026-09-28T01:51:13Z</time>
      </trkpt>
      <trkpt lat="33.9672779" lon="-111.5058124"><ele>1587</ele>
        <time>2026-09-28T01:51:22Z</time>
      </trkpt>
      <trkpt lat="33.9671442" lon="-111.5059289"><ele>1587</ele>
        <time>2026-09-28T01:51:37Z</time>
      </trkpt>
      <trkpt lat="33.9670759" lon="-111.5059588"><ele>1588</ele>
        <time>2026-09-28T01:51:43Z</time>
      </trkpt>
      <trkpt lat="33.967016" lon="-111.5059564"><ele>1589</ele>
        <time>2026-09-28T01:51:49Z</time>
      </trkpt>
      <trkpt lat="33.9669653" lon="-111.50599"><ele>1590</ele>
        <time>2026-09-28T01:51:55Z</time>
      </trkpt>
      <trkpt lat="33.9668795" lon="-111.506066"><ele>1590</ele>
        <time>2026-09-28T01:52:04Z</time>
      </trkpt>
      <trkpt lat="33.9668483" lon="-111.5061088"><ele>1590</ele>
        <time>2026-09-28T01:52:08Z</time>
      </trkpt>
      <trkpt lat="33.9667324" lon="-111.5062224"><ele>1592</ele>
        <time>2026-09-28T01:52:22Z</time>
      </trkpt>
      <trkpt lat="33.9666311" lon="-111.5062295"><ele>1592</ele>
        <time>2026-09-28T01:52:30Z</time>
      </trkpt>
      <trkpt lat="33.9665883" lon="-111.5062428"><ele>1592</ele>
        <time>2026-09-28T01:52:34Z</time>
      </trkpt>
      <trkpt lat="33.9665456" lon="-111.5062616"><ele>1592</ele>
        <time>2026-09-28T01:52:38Z</time>
      </trkpt>
      <trkpt lat="33.9665069" lon="-111.5062955"><ele>1593</ele>
        <time>2026-09-28T01:52:42Z</time>
      </trkpt>
      <trkpt lat="33.9664064" lon="-111.5062938"><ele>1593</ele>
        <time>2026-09-28T01:52:52Z</time>
      </trkpt>
      <trkpt lat="33.9662602" lon="-111.5063323"><ele>1593</ele>
        <time>2026-09-28T01:53:07Z</time>
      </trkpt>
      <trkpt lat="33.9661445" lon="-111.5064358"><ele>1593</ele>
        <time>2026-09-28T01:53:20Z</time>
      </trkpt>
      <trkpt lat="33.9660643" lon="-111.506492"><ele>1593</ele>
        <time>2026-09-28T01:53:27Z</time>
      </trkpt>
      <trkpt lat="33.96588" lon="-111.506553"><ele>1594</ele>
        <time>2026-09-28T01:53:43Z</time>
      </trkpt>
      <trkpt lat="33.9658479" lon="-111.5065925"><ele>1594</ele>
        <time>2026-09-28T01:53:47Z</time>
      </trkpt>
      <trkpt lat="33.9657974" lon="-111.5066955"><ele>1594</ele>
        <time>2026-09-28T01:53:56Z</time>
      </trkpt>
      <trkpt lat="33.9657591" lon="-111.5067377"><ele>1594</ele>
        <time>2026-09-28T01:54:00Z</time>
      </trkpt>
      <trkpt lat="33.9657199" lon="-111.5067687"><ele>1594</ele>
        <time>2026-09-28T01:54:04Z</time>
      </trkpt>
      <trkpt lat="33.965628" lon="-111.5068015"><ele>1595</ele>
        <time>2026-09-28T01:54:11Z</time>
      </trkpt>
      <trkpt lat="33.9655849" lon="-111.5068355"><ele>1595</ele>
        <time>2026-09-28T01:54:15Z</time>
      </trkpt>
      <trkpt lat="33.9654946" lon="-111.5070053"><ele>1595</ele>
        <time>2026-09-28T01:54:48Z</time>
      </trkpt>
      <trkpt lat="33.9654748" lon="-111.5070803"><ele>1596</ele>
        <time>2026-09-28T01:54:54Z</time>
      </trkpt>
      <trkpt lat="33.9654098" lon="-111.5070836"><ele>1596</ele>
        <time>2026-09-28T01:55:00Z</time>
      </trkpt>
      <trkpt lat="33.9652866" lon="-111.5071824"><ele>1596</ele>
        <time>2026-09-28T01:55:15Z</time>
      </trkpt>
      <trkpt lat="33.9651656" lon="-111.5072611"><ele>1596</ele>
        <time>2026-09-28T01:55:28Z</time>
      </trkpt>
      <trkpt lat="33.9650959" lon="-111.5073835"><ele>1596</ele>
        <time>2026-09-28T01:55:44Z</time>
      </trkpt>
      <trkpt lat="33.9650865" lon="-111.5074502"><ele>1596</ele>
        <time>2026-09-28T01:55:49Z</time>
      </trkpt>
      <trkpt lat="33.9650122" lon="-111.5076188"><ele>1596</ele>
        <time>2026-09-28T01:56:03Z</time>
      </trkpt>
      <trkpt lat="33.9649479" lon="-111.5078384"><ele>1596</ele>
        <time>2026-09-28T01:56:20Z</time>
      </trkpt>
      <trkpt lat="33.9648547" lon="-111.5080266"><ele>1595</ele>
        <time>2026-09-28T01:56:36Z</time>
      </trkpt>
      <trkpt lat="33.9647638" lon="-111.5080751"><ele>1594</ele>
        <time>2026-09-28T01:56:44Z</time>
      </trkpt>
      <trkpt lat="33.9647246" lon="-111.5080786"><ele>1594</ele>
        <time>2026-09-28T01:56:48Z</time>
      </trkpt>
      <trkpt lat="33.9646869" lon="-111.5080645"><ele>1594</ele>
        <time>2026-09-28T01:56:52Z</time>
      </trkpt>
      <trkpt lat="33.9646093" lon="-111.5081157"><ele>1593</ele>
        <time>2026-09-28T01:57:00Z</time>
      </trkpt>
      <trkpt lat="33.964482" lon="-111.5082368"><ele>1592</ele>
        <time>2026-09-28T01:57:19Z</time>
      </trkpt>
      <trkpt lat="33.9644634" lon="-111.5082803"><ele>1592</ele>
        <time>2026-09-28T01:57:24Z</time>
      </trkpt>
      <trkpt lat="33.9643695" lon="-111.5082839"><ele>1591</ele>
        <time>2026-09-28T01:57:37Z</time>
      </trkpt>
      <trkpt lat="33.9643066" lon="-111.5083852"><ele>1597</ele>
        <time>2026-09-28T01:57:52Z</time>
      </trkpt>
      <trkpt lat="33.9642515" lon="-111.508407"><ele>1598</ele>
        <time>2026-09-28T01:57:57Z</time>
      </trkpt>
      <trkpt lat="33.9641964" lon="-111.5083961"><ele>1598</ele>
        <time>2026-09-28T01:58:03Z</time>
      </trkpt>
      <trkpt lat="33.9641812" lon="-111.5083355"><ele>1598</ele>
        <time>2026-09-28T01:58:13Z</time>
      </trkpt>
      <trkpt lat="33.9641321" lon="-111.5082854"><ele>1598</ele>
        <time>2026-09-28T01:58:20Z</time>
      </trkpt>
      <trkpt lat="33.9641697" lon="-111.5081999"><ele>1599</ele>
        <time>2026-09-28T01:58:31Z</time>
      </trkpt>
      <trkpt lat="33.9641611" lon="-111.5081077"><ele>1600</ele>
        <time>2026-09-28T01:58:42Z</time>
      </trkpt>
      <trkpt lat="33.9640721" lon="-111.5080898"><ele>1601</ele>
        <time>2026-09-28T01:58:53Z</time>
      </trkpt>
      <trkpt lat="33.9638966" lon="-111.5081127"><ele>1601</ele>
        <time>2026-09-28T01:59:13Z</time>
      </trkpt>
      <trkpt lat="33.9637105" lon="-111.5081074"><ele>1599</ele>
        <time>2026-09-28T01:59:36Z</time>
      </trkpt>
      <trkpt lat="33.9635308" lon="-111.5081499"><ele>1601</ele>
        <time>2026-09-28T01:59:56Z</time>
      </trkpt>
      <trkpt lat="33.9634403" lon="-111.508189"><ele>1602</ele>
        <time>2026-09-28T02:00:08Z</time>
      </trkpt>
      <trkpt lat="33.9633594" lon="-111.5082039"><ele>1604</ele>
        <time>2026-09-28T02:00:19Z</time>
      </trkpt>
      <trkpt lat="33.9633317" lon="-111.5083076"><ele>1604</ele>
        <time>2026-09-28T02:00:28Z</time>
      </trkpt>
      <trkpt lat="33.9632893" lon="-111.5083879"><ele>1605</ele>
        <time>2026-09-28T02:00:35Z</time>
      </trkpt>
      <trkpt lat="33.963226" lon="-111.5084156"><ele>1606</ele>
        <time>2026-09-28T02:00:41Z</time>
      </trkpt>
      <trkpt lat="33.9631084" lon="-111.5084325"><ele>1607</ele>
        <time>2026-09-28T02:00:51Z</time>
      </trkpt>
      <trkpt lat="33.9629602" lon="-111.5085126"><ele>1608</ele>
        <time>2026-09-28T02:01:05Z</time>
      </trkpt>
      <trkpt lat="33.9629219" lon="-111.5085506"><ele>1609</ele>
        <time>2026-09-28T02:01:10Z</time>
      </trkpt>
      <trkpt lat="33.9628621" lon="-111.5086443"><ele>1609</ele>
        <time>2026-09-28T02:01:19Z</time>
      </trkpt>
      <trkpt lat="33.962802" lon="-111.5088529"><ele>1611</ele>
        <time>2026-09-28T02:01:36Z</time>
      </trkpt>
      <trkpt lat="33.9628138" lon="-111.5089662"><ele>1611</ele>
        <time>2026-09-28T02:01:44Z</time>
      </trkpt>
      <trkpt lat="33.9628089" lon="-111.5090686"><ele>1612</ele>
        <time>2026-09-28T02:01:51Z</time>
      </trkpt>
      <trkpt lat="33.9627821" lon="-111.5091167"><ele>1612</ele>
        <time>2026-09-28T02:01:55Z</time>
      </trkpt>
      <trkpt lat="33.9626784" lon="-111.5092009"><ele>1613</ele>
        <time>2026-09-28T02:02:06Z</time>
      </trkpt>
      <trkpt lat="33.962633" lon="-111.5092047"><ele>1614</ele>
        <time>2026-09-28T02:02:10Z</time>
      </trkpt>
      <trkpt lat="33.9625441" lon="-111.5091685"><ele>1614</ele>
        <time>2026-09-28T02:02:18Z</time>
      </trkpt>
      <trkpt lat="33.9625033" lon="-111.5091646"><ele>1614</ele>
        <time>2026-09-28T02:02:21Z</time>
      </trkpt>
      <trkpt lat="33.9624554" lon="-111.5091776"><ele>1615</ele>
        <time>2026-09-28T02:02:25Z</time>
      </trkpt>
      <trkpt lat="33.9623551" lon="-111.5092935"><ele>1615</ele>
        <time>2026-09-28T02:02:37Z</time>
      </trkpt>
      <trkpt lat="33.9623418" lon="-111.5093392"><ele>1615</ele>
        <time>2026-09-28T02:02:40Z</time>
      </trkpt>
      <trkpt lat="33.9623395" lon="-111.5094465"><ele>1616</ele>
        <time>2026-09-28T02:02:48Z</time>
      </trkpt>
      <trkpt lat="33.9624492" lon="-111.509644"><ele>1616</ele>
        <time>2026-09-28T02:03:05Z</time>
      </trkpt>
      <trkpt lat="33.9624615" lon="-111.5097594"><ele>1616</ele>
        <time>2026-09-28T02:03:13Z</time>
      </trkpt>
      <trkpt lat="33.9624383" lon="-111.5098014"><ele>1616</ele>
        <time>2026-09-28T02:03:17Z</time>
      </trkpt>
      <trkpt lat="33.962395" lon="-111.5098235"><ele>1616</ele>
        <time>2026-09-28T02:03:21Z</time>
      </trkpt>
      <trkpt lat="33.9623494" lon="-111.509826"><ele>1616</ele>
        <time>2026-09-28T02:03:25Z</time>
      </trkpt>
      <trkpt lat="33.9622114" lon="-111.5097989"><ele>1617</ele>
        <time>2026-09-28T02:03:35Z</time>
      </trkpt>
      <trkpt lat="33.9621241" lon="-111.5097932"><ele>1617</ele>
        <time>2026-09-28T02:03:42Z</time>
      </trkpt>
      <trkpt lat="33.9620473" lon="-111.5098153"><ele>1617</ele>
        <time>2026-09-28T02:03:48Z</time>
      </trkpt>
      <trkpt lat="33.962018" lon="-111.5098426"><ele>1617</ele>
        <time>2026-09-28T02:03:51Z</time>
      </trkpt>
      <trkpt lat="33.9619707" lon="-111.5099812"><ele>1618</ele>
        <time>2026-09-28T02:04:01Z</time>
      </trkpt>
      <trkpt lat="33.9619425" lon="-111.5101289"><ele>1618</ele>
        <time>2026-09-28T02:04:11Z</time>
      </trkpt>
      <trkpt lat="33.9618266" lon="-111.5103664"><ele>1618</ele>
        <time>2026-09-28T02:04:30Z</time>
      </trkpt>
      <trkpt lat="33.9617997" lon="-111.5104866"><ele>1618</ele>
        <time>2026-09-28T02:04:38Z</time>
      </trkpt>
      <trkpt lat="33.9618101" lon="-111.5105411"><ele>1619</ele>
        <time>2026-09-28T02:04:42Z</time>
      </trkpt>
      <trkpt lat="33.9618674" lon="-111.510693"><ele>1619</ele>
        <time>2026-09-28T02:04:53Z</time>
      </trkpt>
      <trkpt lat="33.9619323" lon="-111.5109725"><ele>1620</ele>
        <time>2026-09-28T02:05:12Z</time>
      </trkpt>
      <trkpt lat="33.9619609" lon="-111.5111488"><ele>1620</ele>
        <time>2026-09-28T02:05:23Z</time>
      </trkpt>
      <trkpt lat="33.9619321" lon="-111.511198"><ele>1620</ele>
        <time>2026-09-28T02:05:27Z</time>
      </trkpt>
      <trkpt lat="33.9617596" lon="-111.5110933"><ele>1620</ele>
        <time>2026-09-28T02:05:43Z</time>
      </trkpt>
      <trkpt lat="33.961679" lon="-111.5110755"><ele>1620</ele>
        <time>2026-09-28T02:05:49Z</time>
      </trkpt>
      <trkpt lat="33.9616015" lon="-111.5110424"><ele>1620</ele>
        <time>2026-09-28T02:05:55Z</time>
      </trkpt>
      <trkpt lat="33.9614871" lon="-111.5109451"><ele>1620</ele>
        <time>2026-09-28T02:06:07Z</time>
      </trkpt>
      <trkpt lat="33.9614142" lon="-111.5108981"><ele>1620</ele>
        <time>2026-09-28T02:06:13Z</time>
      </trkpt>
      <trkpt lat="33.9611225" lon="-111.5107992"><ele>1620</ele>
        <time>2026-09-28T02:06:36Z</time>
      </trkpt>
      <trkpt lat="33.9610346" lon="-111.5107928"><ele>1620</ele>
        <time>2026-09-28T02:06:43Z</time>
      </trkpt>
      <trkpt lat="33.9608498" lon="-111.5108825"><ele>1618</ele>
        <time>2026-09-28T02:07:14Z</time>
      </trkpt>
      <trkpt lat="33.9607371" lon="-111.5110275"><ele>1617</ele>
        <time>2026-09-28T02:07:26Z</time>
      </trkpt>
      <trkpt lat="33.9607174" lon="-111.511079"><ele>1617</ele>
        <time>2026-09-28T02:07:30Z</time>
      </trkpt>
      <trkpt lat="33.9606849" lon="-111.5112537"><ele>1617</ele>
        <time>2026-09-28T02:07:44Z</time>
      </trkpt>
      <trkpt lat="33.9606012" lon="-111.5114757"><ele>1615</ele>
        <time>2026-09-28T02:08:00Z</time>
      </trkpt>
      <trkpt lat="33.960554" lon="-111.5118265"><ele>1613</ele>
        <time>2026-09-28T02:08:23Z</time>
      </trkpt>
      <trkpt lat="33.9604615" lon="-111.5122705"><ele>1613</ele>
        <time>2026-09-28T02:08:53Z</time>
      </trkpt>
      <trkpt lat="33.9604221" lon="-111.5123828"><ele>1613</ele>
        <time>2026-09-28T02:09:01Z</time>
      </trkpt>
      <trkpt lat="33.9603922" lon="-111.5124221"><ele>1613</ele>
        <time>2026-09-28T02:09:06Z</time>
      </trkpt>
      <trkpt lat="33.9603455" lon="-111.5124368"><ele>1613</ele>
        <time>2026-09-28T02:09:10Z</time>
      </trkpt>
      <trkpt lat="33.9602965" lon="-111.512402"><ele>1613</ele>
        <time>2026-09-28T02:09:15Z</time>
      </trkpt>
      <trkpt lat="33.9602737" lon="-111.5123493"><ele>1613</ele>
        <time>2026-09-28T02:09:19Z</time>
      </trkpt>
      <trkpt lat="33.9602769" lon="-111.5121623"><ele>1612</ele>
        <time>2026-09-28T02:09:29Z</time>
      </trkpt>
      <trkpt lat="33.9602492" lon="-111.5119825"><ele>1613</ele>
        <time>2026-09-28T02:09:40Z</time>
      </trkpt>
      <trkpt lat="33.9601955" lon="-111.5118105"><ele>1613</ele>
        <time>2026-09-28T02:09:53Z</time>
      </trkpt>
      <trkpt lat="33.9600877" lon="-111.511609"><ele>1614</ele>
        <time>2026-09-28T02:10:09Z</time>
      </trkpt>
      <trkpt lat="33.9599547" lon="-111.5113205"><ele>1615</ele>
        <time>2026-09-28T02:10:31Z</time>
      </trkpt>
      <trkpt lat="33.9598766" lon="-111.5111037"><ele>1615</ele>
        <time>2026-09-28T02:10:47Z</time>
      </trkpt>
      <trkpt lat="33.9598609" lon="-111.5109926"><ele>1615</ele>
        <time>2026-09-28T02:10:54Z</time>
      </trkpt>
      <trkpt lat="33.9598629" lon="-111.5108767"><ele>1616</ele>
        <time>2026-09-28T02:11:02Z</time>
      </trkpt>
      <trkpt lat="33.9598451" lon="-111.5107723"><ele>1617</ele>
        <time>2026-09-28T02:11:09Z</time>
      </trkpt>
      <trkpt lat="33.9597829" lon="-111.5106124"><ele>1618</ele>
        <time>2026-09-28T02:11:20Z</time>
      </trkpt>
      <trkpt lat="33.9597753" lon="-111.5104367"><ele>1618</ele>
        <time>2026-09-28T02:11:30Z</time>
      </trkpt>
      <trkpt lat="33.9597958" lon="-111.5103802"><ele>1618</ele>
        <time>2026-09-28T02:11:34Z</time>
      </trkpt>
      <trkpt lat="33.9598228" lon="-111.5101023"><ele>1620</ele>
        <time>2026-09-28T02:11:53Z</time>
      </trkpt>
      <trkpt lat="33.9597854" lon="-111.5098989"><ele>1620</ele>
        <time>2026-09-28T02:12:08Z</time>
      </trkpt>
      <trkpt lat="33.9597611" lon="-111.5098556"><ele>1620</ele>
        <time>2026-09-28T02:12:11Z</time>
      </trkpt>
      <trkpt lat="33.9596906" lon="-111.5097718"><ele>1621</ele>
        <time>2026-09-28T02:12:18Z</time>
      </trkpt>
      <trkpt lat="33.9596165" lon="-111.5097385"><ele>1622</ele>
        <time>2026-09-28T02:12:24Z</time>
      </trkpt>
      <trkpt lat="33.9595376" lon="-111.5097252"><ele>1622</ele>
        <time>2026-09-28T02:12:30Z</time>
      </trkpt>
      <trkpt lat="33.9594515" lon="-111.5097255"><ele>1623</ele>
        <time>2026-09-28T02:12:38Z</time>
      </trkpt>
      <trkpt lat="33.9593243" lon="-111.5097476"><ele>1624</ele>
        <time>2026-09-28T02:12:49Z</time>
      </trkpt>
      <trkpt lat="33.9592573" lon="-111.5098156"><ele>1625</ele>
        <time>2026-09-28T02:12:57Z</time>
      </trkpt>
      <trkpt lat="33.9592232" lon="-111.5099135"><ele>1625</ele>
        <time>2026-09-28T02:13:05Z</time>
      </trkpt>
      <trkpt lat="33.9592078" lon="-111.5100185"><ele>1626</ele>
        <time>2026-09-28T02:13:12Z</time>
      </trkpt>
      <trkpt lat="33.9592331" lon="-111.5101982"><ele>1627</ele>
        <time>2026-09-28T02:13:23Z</time>
      </trkpt>
      <trkpt lat="33.9592728" lon="-111.5102797"><ele>1627</ele>
        <time>2026-09-28T02:13:29Z</time>
      </trkpt>
      <trkpt lat="33.9593421" lon="-111.510359"><ele>1627</ele>
        <time>2026-09-28T02:13:36Z</time>
      </trkpt>
      <trkpt lat="33.959368" lon="-111.5104106"><ele>1627</ele>
        <time>2026-09-28T02:13:40Z</time>
      </trkpt>
      <trkpt lat="33.9594018" lon="-111.5105522"><ele>1627</ele>
        <time>2026-09-28T02:13:49Z</time>
      </trkpt>
      <trkpt lat="33.9593959" lon="-111.5107577"><ele>1628</ele>
        <time>2026-09-28T02:14:03Z</time>
      </trkpt>
      <trkpt lat="33.9594054" lon="-111.5108085"><ele>1628</ele>
        <time>2026-09-28T02:14:06Z</time>
      </trkpt>
      <trkpt lat="33.9594489" lon="-111.5108865"><ele>1629</ele>
        <time>2026-09-28T02:14:12Z</time>
      </trkpt>
      <trkpt lat="33.959477" lon="-111.5109767"><ele>1629</ele>
        <time>2026-09-28T02:14:18Z</time>
      </trkpt>
      <trkpt lat="33.9594947" lon="-111.5113009"><ele>1631</ele>
        <time>2026-09-28T02:14:40Z</time>
      </trkpt>
      <trkpt lat="33.9595339" lon="-111.511622"><ele>1633</ele>
        <time>2026-09-28T02:15:01Z</time>
      </trkpt>
      <trkpt lat="33.9595286" lon="-111.5117241"><ele>1633</ele>
        <time>2026-09-28T02:15:08Z</time>
      </trkpt>
      <trkpt lat="33.9595103" lon="-111.5117756"><ele>1634</ele>
        <time>2026-09-28T02:15:12Z</time>
      </trkpt>
      <trkpt lat="33.9594387" lon="-111.511838"><ele>1635</ele>
        <time>2026-09-28T02:15:20Z</time>
      </trkpt>
      <trkpt lat="33.9593879" lon="-111.5118318"><ele>1635</ele>
        <time>2026-09-28T02:15:23Z</time>
      </trkpt>
      <trkpt lat="33.959346" lon="-111.5118118"><ele>1636</ele>
        <time>2026-09-28T02:15:27Z</time>
      </trkpt>
      <trkpt lat="33.9593084" lon="-111.5117726"><ele>1637</ele>
        <time>2026-09-28T02:15:31Z</time>
      </trkpt>
      <trkpt lat="33.9592653" lon="-111.5117607"><ele>1637</ele>
        <time>2026-09-28T02:15:34Z</time>
      </trkpt>
      <trkpt lat="33.959216" lon="-111.5117658"><ele>1638</ele>
        <time>2026-09-28T02:15:38Z</time>
      </trkpt>
      <trkpt lat="33.9590222" lon="-111.5118731"><ele>1641</ele>
        <time>2026-09-28T02:15:58Z</time>
      </trkpt>
      <trkpt lat="33.9589752" lon="-111.5118648"><ele>1641</ele>
        <time>2026-09-28T02:16:02Z</time>
      </trkpt>
      <trkpt lat="33.9589449" lon="-111.5118249"><ele>1641</ele>
        <time>2026-09-28T02:16:07Z</time>
      </trkpt>
      <trkpt lat="33.9589354" lon="-111.511716"><ele>1642</ele>
        <time>2026-09-28T02:16:16Z</time>
      </trkpt>
      <trkpt lat="33.9589179" lon="-111.5116672"><ele>1642</ele>
        <time>2026-09-28T02:16:19Z</time>
      </trkpt>
      <trkpt lat="33.9588858" lon="-111.5116314"><ele>1643</ele>
        <time>2026-09-28T02:16:22Z</time>
      </trkpt>
      <trkpt lat="33.958799" lon="-111.5115658"><ele>1643</ele>
        <time>2026-09-28T02:16:30Z</time>
      </trkpt>
      <trkpt lat="33.9587329" lon="-111.5114859"><ele>1644</ele>
        <time>2026-09-28T02:16:37Z</time>
      </trkpt>
      <trkpt lat="33.9586512" lon="-111.5113069"><ele>1645</ele>
        <time>2026-09-28T02:16:51Z</time>
      </trkpt>
      <trkpt lat="33.9586226" lon="-111.5112645"><ele>1645</ele>
        <time>2026-09-28T02:16:55Z</time>
      </trkpt>
      <trkpt lat="33.9585895" lon="-111.5112432"><ele>1646</ele>
        <time>2026-09-28T02:16:58Z</time>
      </trkpt>
      <trkpt lat="33.9585512" lon="-111.5112334"><ele>1646</ele>
        <time>2026-09-28T02:17:01Z</time>
      </trkpt>
      <trkpt lat="33.9585086" lon="-111.5112388"><ele>1646</ele>
        <time>2026-09-28T02:17:05Z</time>
      </trkpt>
      <trkpt lat="33.9584598" lon="-111.5112308"><ele>1648</ele>
        <time>2026-09-28T02:17:09Z</time>
      </trkpt>
      <trkpt lat="33.9583694" lon="-111.5112451"><ele>1648</ele>
        <time>2026-09-28T02:17:17Z</time>
      </trkpt>
      <trkpt lat="33.9583266" lon="-111.5112755"><ele>1648</ele>
        <time>2026-09-28T02:17:20Z</time>
      </trkpt>
      <trkpt lat="33.9582698" lon="-111.511385"><ele>1650</ele>
        <time>2026-09-28T02:17:30Z</time>
      </trkpt>
      <trkpt lat="33.9582085" lon="-111.5116626"><ele>1652</ele>
        <time>2026-09-28T02:17:50Z</time>
      </trkpt>
      <trkpt lat="33.9581959" lon="-111.5118753"><ele>1654</ele>
        <time>2026-09-28T02:18:06Z</time>
      </trkpt>
      <trkpt lat="33.9581517" lon="-111.5120463"><ele>1656</ele>
        <time>2026-09-28T02:18:20Z</time>
      </trkpt>
      <trkpt lat="33.9581123" lon="-111.512144"><ele>1656</ele>
        <time>2026-09-28T02:18:28Z</time>
      </trkpt>
      <trkpt lat="33.9580366" lon="-111.5122218"><ele>1656</ele>
        <time>2026-09-28T02:18:36Z</time>
      </trkpt>
      <trkpt lat="33.9579842" lon="-111.5123046"><ele>1657</ele>
        <time>2026-09-28T02:18:43Z</time>
      </trkpt>
      <trkpt lat="33.9578806" lon="-111.5124241"><ele>1658</ele>
        <time>2026-09-28T02:18:54Z</time>
      </trkpt>
      <trkpt lat="33.957791" lon="-111.5124788"><ele>1659</ele>
        <time>2026-09-28T02:19:02Z</time>
      </trkpt>
      <trkpt lat="33.9577458" lon="-111.5124871"><ele>1659</ele>
        <time>2026-09-28T02:19:05Z</time>
      </trkpt>
      <trkpt lat="33.9577013" lon="-111.5124664"><ele>1659</ele>
        <time>2026-09-28T02:19:09Z</time>
      </trkpt>
      <trkpt lat="33.9576671" lon="-111.5124288"><ele>1659</ele>
        <time>2026-09-28T02:19:12Z</time>
      </trkpt>
      <trkpt lat="33.9575239" lon="-111.5123836"><ele>1660</ele>
        <time>2026-09-28T02:19:22Z</time>
      </trkpt>
      <trkpt lat="33.9573946" lon="-111.5122425"><ele>1659</ele>
        <time>2026-09-28T02:19:35Z</time>
      </trkpt>
      <trkpt lat="33.9573561" lon="-111.5122226"><ele>1659</ele>
        <time>2026-09-28T02:19:38Z</time>
      </trkpt>
      <trkpt lat="33.957318" lon="-111.5122172"><ele>1659</ele>
        <time>2026-09-28T02:19:41Z</time>
      </trkpt>
      <trkpt lat="33.9572786" lon="-111.5122242"><ele>1659</ele>
        <time>2026-09-28T02:19:44Z</time>
      </trkpt>
      <trkpt lat="33.9571904" lon="-111.5122666"><ele>1659</ele>
        <time>2026-09-28T02:19:52Z</time>
      </trkpt>
      <trkpt lat="33.9571238" lon="-111.5123289"><ele>1660</ele>
        <time>2026-09-28T02:19:58Z</time>
      </trkpt>
      <trkpt lat="33.9570831" lon="-111.5124553"><ele>1661</ele>
        <time>2026-09-28T02:20:25Z</time>
      </trkpt>
      <trkpt lat="33.9570827" lon="-111.512516"><ele>1661</ele>
        <time>2026-09-28T02:20:29Z</time>
      </trkpt>
      <trkpt lat="33.9571072" lon="-111.5126826"><ele>1662</ele>
        <time>2026-09-28T02:20:42Z</time>
      </trkpt>
      <trkpt lat="33.9571551" lon="-111.5127852"><ele>1663</ele>
        <time>2026-09-28T02:20:50Z</time>
      </trkpt>
      <trkpt lat="33.9571844" lon="-111.5130116"><ele>1664</ele>
        <time>2026-09-28T02:21:05Z</time>
      </trkpt>
      <trkpt lat="33.95718" lon="-111.5132142"><ele>1665</ele>
        <time>2026-09-28T02:21:18Z</time>
      </trkpt>
      <trkpt lat="33.9572099" lon="-111.5133885"><ele>1666</ele>
        <time>2026-09-28T02:21:28Z</time>
      </trkpt>
      <trkpt lat="33.9571977" lon="-111.5134378"><ele>1666</ele>
        <time>2026-09-28T02:21:31Z</time>
      </trkpt>
      <trkpt lat="33.9571968" lon="-111.5135355"><ele>1667</ele>
        <time>2026-09-28T02:21:37Z</time>
      </trkpt>
      <trkpt lat="33.9571526" lon="-111.5136415"><ele>1667</ele>
        <time>2026-09-28T02:21:45Z</time>
      </trkpt>
      <trkpt lat="33.9570724" lon="-111.5136951"><ele>1668</ele>
        <time>2026-09-28T02:21:52Z</time>
      </trkpt>
      <trkpt lat="33.9570229" lon="-111.5137006"><ele>1668</ele>
        <time>2026-09-28T02:21:56Z</time>
      </trkpt>
      <trkpt lat="33.9568863" lon="-111.5136659"><ele>1669</ele>
        <time>2026-09-28T02:22:06Z</time>
      </trkpt>
      <trkpt lat="33.9567128" lon="-111.5136683"><ele>1669</ele>
        <time>2026-09-28T02:22:19Z</time>
      </trkpt>
      <trkpt lat="33.9566277" lon="-111.5137138"><ele>1669</ele>
        <time>2026-09-28T02:22:26Z</time>
      </trkpt>
      <trkpt lat="33.9565946" lon="-111.5137481"><ele>1669</ele>
        <time>2026-09-28T02:22:30Z</time>
      </trkpt>
      <trkpt lat="33.9565727" lon="-111.5137894"><ele>1669</ele>
        <time>2026-09-28T02:22:33Z</time>
      </trkpt>
      <trkpt lat="33.9565737" lon="-111.5140031"><ele>1670</ele>
        <time>2026-09-28T02:22:47Z</time>
      </trkpt>
      <trkpt lat="33.9566054" lon="-111.514104"><ele>1670</ele>
        <time>2026-09-28T02:22:53Z</time>
      </trkpt>
      <trkpt lat="33.9566044" lon="-111.5142206"><ele>1670</ele>
        <time>2026-09-28T02:23:00Z</time>
      </trkpt>
      <trkpt lat="33.9565528" lon="-111.5143269"><ele>1670</ele>
        <time>2026-09-28T02:23:08Z</time>
      </trkpt>
      <trkpt lat="33.9564796" lon="-111.5145342"><ele>1670</ele>
        <time>2026-09-28T02:23:22Z</time>
      </trkpt>
      <trkpt lat="33.9563433" lon="-111.5145912"><ele>1670</ele>
        <time>2026-09-28T02:23:31Z</time>
      </trkpt>
      <trkpt lat="33.9562385" lon="-111.5146218"><ele>1670</ele>
        <time>2026-09-28T02:23:39Z</time>
      </trkpt>
      <trkpt lat="33.9561374" lon="-111.5146307"><ele>1671</ele>
        <time>2026-09-28T02:23:46Z</time>
      </trkpt>
      <trkpt lat="33.9560888" lon="-111.5146227"><ele>1671</ele>
        <time>2026-09-28T02:23:49Z</time>
      </trkpt>
      <trkpt lat="33.9560393" lon="-111.514596"><ele>1671</ele>
        <time>2026-09-28T02:23:53Z</time>
      </trkpt>
      <trkpt lat="33.9559702" lon="-111.514525"><ele>1671</ele>
        <time>2026-09-28T02:24:00Z</time>
      </trkpt>
      <trkpt lat="33.9559107" lon="-111.5144459"><ele>1670</ele>
        <time>2026-09-28T02:24:06Z</time>
      </trkpt>
      <trkpt lat="33.9558736" lon="-111.5144205"><ele>1670</ele>
        <time>2026-09-28T02:24:09Z</time>
      </trkpt>
      <trkpt lat="33.9557515" lon="-111.5143681"><ele>1670</ele>
        <time>2026-09-28T02:24:18Z</time>
      </trkpt>
      <trkpt lat="33.9557066" lon="-111.5143626"><ele>1670</ele>
        <time>2026-09-28T02:24:21Z</time>
      </trkpt>
      <trkpt lat="33.9556551" lon="-111.5143803"><ele>1670</ele>
        <time>2026-09-28T02:24:25Z</time>
      </trkpt>
      <trkpt lat="33.9556234" lon="-111.5144103"><ele>1670</ele>
        <time>2026-09-28T02:24:29Z</time>
      </trkpt>
      <trkpt lat="33.9555995" lon="-111.5144568"><ele>1670</ele>
        <time>2026-09-28T02:24:33Z</time>
      </trkpt>
      <trkpt lat="33.9555783" lon="-111.5145641"><ele>1670</ele>
        <time>2026-09-28T02:24:40Z</time>
      </trkpt>
      <trkpt lat="33.9555802" lon="-111.5146186"><ele>1670</ele>
        <time>2026-09-28T02:24:43Z</time>
      </trkpt>
      <trkpt lat="33.9555502" lon="-111.5147283"><ele>1670</ele>
        <time>2026-09-28T02:24:50Z</time>
      </trkpt>
      <trkpt lat="33.9555455" lon="-111.5147824"><ele>1670</ele>
        <time>2026-09-28T02:24:53Z</time>
      </trkpt>
      <trkpt lat="33.9555181" lon="-111.5148375"><ele>1670</ele>
        <time>2026-09-28T02:24:57Z</time>
      </trkpt>
      <trkpt lat="33.9554818" lon="-111.5148719"><ele>1670</ele>
        <time>2026-09-28T02:25:00Z</time>
      </trkpt>
      <trkpt lat="33.9554364" lon="-111.5148799"><ele>1671</ele>
        <time>2026-09-28T02:25:03Z</time>
      </trkpt>
      <trkpt lat="33.9552954" lon="-111.5149565"><ele>1671</ele>
        <time>2026-09-28T02:25:13Z</time>
      </trkpt>
      <trkpt lat="33.9551107" lon="-111.5150122"><ele>1671</ele>
        <time>2026-09-28T02:25:27Z</time>
      </trkpt>
      <trkpt lat="33.9550325" lon="-111.5150883"><ele>1672</ele>
        <time>2026-09-28T02:25:35Z</time>
      </trkpt>
      <trkpt lat="33.9549059" lon="-111.5153454"><ele>1673</ele>
        <time>2026-09-28T02:25:53Z</time>
      </trkpt>
      <trkpt lat="33.9548674" lon="-111.5154701"><ele>1673</ele>
        <time>2026-09-28T02:26:01Z</time>
      </trkpt>
      <trkpt lat="33.9548319" lon="-111.5155211"><ele>1674</ele>
        <time>2026-09-28T02:26:05Z</time>
      </trkpt>
      <trkpt lat="33.954658" lon="-111.5156288"><ele>1674</ele>
        <time>2026-09-28T02:26:19Z</time>
      </trkpt>
      <trkpt lat="33.9545855" lon="-111.5157207"><ele>1673</ele>
        <time>2026-09-28T02:26:26Z</time>
      </trkpt>
      <trkpt lat="33.9545102" lon="-111.5158912"><ele>1673</ele>
        <time>2026-09-28T02:26:39Z</time>
      </trkpt>
      <trkpt lat="33.9544961" lon="-111.5159501"><ele>1673</ele>
        <time>2026-09-28T02:26:43Z</time>
      </trkpt>
      <trkpt lat="33.9544869" lon="-111.5161335"><ele>1673</ele>
        <time>2026-09-28T02:26:54Z</time>
      </trkpt>
      <trkpt lat="33.9544362" lon="-111.5163335"><ele>1674</ele>
        <time>2026-09-28T02:27:06Z</time>
      </trkpt>
      <trkpt lat="33.9543474" lon="-111.516383"><ele>1674</ele>
        <time>2026-09-28T02:27:14Z</time>
      </trkpt>
      <trkpt lat="33.9542022" lon="-111.5163944"><ele>1674</ele>
        <time>2026-09-28T02:27:25Z</time>
      </trkpt>
      <trkpt lat="33.9541578" lon="-111.5163846"><ele>1675</ele>
        <time>2026-09-28T02:27:28Z</time>
      </trkpt>
      <trkpt lat="33.9540196" lon="-111.5162519"><ele>1675</ele>
        <time>2026-09-28T02:27:41Z</time>
      </trkpt>
      <trkpt lat="33.9538815" lon="-111.516223"><ele>1675</ele>
        <time>2026-09-28T02:27:52Z</time>
      </trkpt>
      <trkpt lat="33.9536684" lon="-111.5162083"><ele>1675</ele>
        <time>2026-09-28T02:28:07Z</time>
      </trkpt>
      <trkpt lat="33.9536241" lon="-111.516136"><ele>1673</ele>
        <time>2026-09-28T02:28:15Z</time>
      </trkpt>
      <trkpt lat="33.9535857" lon="-111.5161095"><ele>1673</ele>
        <time>2026-09-28T02:28:19Z</time>
      </trkpt>
      <trkpt lat="33.9534007" lon="-111.5160279"><ele>1671</ele>
        <time>2026-09-28T02:28:36Z</time>
      </trkpt>
      <trkpt lat="33.9533139" lon="-111.5160489"><ele>1670</ele>
        <time>2026-09-28T02:28:44Z</time>
      </trkpt>
      <trkpt lat="33.9532082" lon="-111.5161125"><ele>1668</ele>
        <time>2026-09-28T02:28:55Z</time>
      </trkpt>
      <trkpt lat="33.9530857" lon="-111.5161488"><ele>1670</ele>
        <time>2026-09-28T02:29:07Z</time>
      </trkpt>
      <trkpt lat="33.9529642" lon="-111.5162045"><ele>1666</ele>
        <time>2026-09-28T02:29:19Z</time>
      </trkpt>
      <trkpt lat="33.952836" lon="-111.5162379"><ele>1666</ele>
        <time>2026-09-28T02:29:30Z</time>
      </trkpt>
      <trkpt lat="33.9527427" lon="-111.51622"><ele>1666</ele>
        <time>2026-09-28T02:29:38Z</time>
      </trkpt>
      <trkpt lat="33.9526747" lon="-111.5161724"><ele>1666</ele>
        <time>2026-09-28T02:29:44Z</time>
      </trkpt>
      <trkpt lat="33.9526479" lon="-111.5160646"><ele>1666</ele>
        <time>2026-09-28T02:29:53Z</time>
      </trkpt>
      <trkpt lat="33.9526595" lon="-111.5158445"><ele>1666</ele>
        <time>2026-09-28T02:30:08Z</time>
      </trkpt>
      <trkpt lat="33.9526898" lon="-111.515755"><ele>1666</ele>
        <time>2026-09-28T02:30:14Z</time>
      </trkpt>
      <trkpt lat="33.9526945" lon="-111.5156533"><ele>1667</ele>
        <time>2026-09-28T02:30:21Z</time>
      </trkpt>
      <trkpt lat="33.9527205" lon="-111.5155027"><ele>1667</ele>
        <time>2026-09-28T02:30:30Z</time>
      </trkpt>
      <trkpt lat="33.9527504" lon="-111.5154199"><ele>1667</ele>
        <time>2026-09-28T02:30:36Z</time>
      </trkpt>
      <trkpt lat="33.9527575" lon="-111.515241"><ele>1668</ele>
        <time>2026-09-28T02:30:49Z</time>
      </trkpt>
      <trkpt lat="33.9528444" lon="-111.5150234"><ele>1668</ele>
        <time>2026-09-28T02:31:04Z</time>
      </trkpt>
      <trkpt lat="33.9528905" lon="-111.5149432"><ele>1669</ele>
        <time>2026-09-28T02:31:10Z</time>
      </trkpt>
      <trkpt lat="33.9529451" lon="-111.5148755"><ele>1669</ele>
        <time>2026-09-28T02:31:16Z</time>
      </trkpt>
      <trkpt lat="33.9529831" lon="-111.5147943"><ele>1669</ele>
        <time>2026-09-28T02:31:22Z</time>
      </trkpt>
      <trkpt lat="33.9530462" lon="-111.5147294"><ele>1669</ele>
        <time>2026-09-28T02:31:28Z</time>
      </trkpt>
      <trkpt lat="33.9530877" lon="-111.5145876"><ele>1669</ele>
        <time>2026-09-28T02:31:37Z</time>
      </trkpt>
      <trkpt lat="33.9531204" lon="-111.5143412"><ele>1670</ele>
        <time>2026-09-28T02:31:53Z</time>
      </trkpt>
      <trkpt lat="33.9531963" lon="-111.5141464"><ele>1670</ele>
        <time>2026-09-28T02:32:08Z</time>
      </trkpt>
      <trkpt lat="33.9532196" lon="-111.5139809"><ele>1670</ele>
        <time>2026-09-28T02:32:19Z</time>
      </trkpt>
      <trkpt lat="33.9532838" lon="-111.5138413"><ele>1671</ele>
        <time>2026-09-28T02:32:29Z</time>
      </trkpt>
      <trkpt lat="33.9533381" lon="-111.5137654"><ele>1671</ele>
        <time>2026-09-28T02:32:36Z</time>
      </trkpt>
      <trkpt lat="33.9533549" lon="-111.5136643"><ele>1672</ele>
        <time>2026-09-28T02:32:43Z</time>
      </trkpt>
      <trkpt lat="33.9533502" lon="-111.5136143"><ele>1672</ele>
        <time>2026-09-28T02:32:46Z</time>
      </trkpt>
      <trkpt lat="33.9533056" lon="-111.5135176"><ele>1672</ele>
        <time>2026-09-28T02:32:54Z</time>
      </trkpt>
      <trkpt lat="33.9532734" lon="-111.5134887"><ele>1672</ele>
        <time>2026-09-28T02:32:57Z</time>
      </trkpt>
      <trkpt lat="33.953109" lon="-111.5134281"><ele>1673</ele>
        <time>2026-09-28T02:33:09Z</time>
      </trkpt>
      <trkpt lat="33.9530108" lon="-111.5133343"><ele>1673</ele>
        <time>2026-09-28T02:33:18Z</time>
      </trkpt>
      <trkpt lat="33.9529079" lon="-111.5132587"><ele>1673</ele>
        <time>2026-09-28T02:33:27Z</time>
      </trkpt>
      <trkpt lat="33.9528681" lon="-111.5132521"><ele>1673</ele>
        <time>2026-09-28T02:33:30Z</time>
      </trkpt>
      <trkpt lat="33.9526058" lon="-111.5132594"><ele>1673</ele>
        <time>2026-09-28T02:33:47Z</time>
      </trkpt>
      <trkpt lat="33.9525332" lon="-111.5132432"><ele>1673</ele>
        <time>2026-09-28T02:33:53Z</time>
      </trkpt>
      <trkpt lat="33.9524448" lon="-111.5132405"><ele>1673</ele>
        <time>2026-09-28T02:33:59Z</time>
      </trkpt>
      <trkpt lat="33.9523566" lon="-111.5132441"><ele>1673</ele>
        <time>2026-09-28T02:34:05Z</time>
      </trkpt>
      <trkpt lat="33.9521889" lon="-111.5132693"><ele>1672</ele>
        <time>2026-09-28T02:34:17Z</time>
      </trkpt>
      <trkpt lat="33.9521076" lon="-111.5132425"><ele>1672</ele>
        <time>2026-09-28T02:34:23Z</time>
      </trkpt>
      <trkpt lat="33.9520264" lon="-111.5132491"><ele>1672</ele>
        <time>2026-09-28T02:34:29Z</time>
      </trkpt>
      <trkpt lat="33.9519056" lon="-111.5132189"><ele>1672</ele>
        <time>2026-09-28T02:34:38Z</time>
      </trkpt>
      <trkpt lat="33.9515983" lon="-111.5132197"><ele>1672</ele>
        <time>2026-09-28T02:36:15Z</time>
      </trkpt>
      <trkpt lat="33.9515395" lon="-111.5131804"><ele>1672</ele>
        <time>2026-09-28T02:36:20Z</time>
      </trkpt>
      <trkpt lat="33.9515013" lon="-111.5131279"><ele>1672</ele>
        <time>2026-09-28T02:36:25Z</time>
      </trkpt>
      <trkpt lat="33.9514767" lon="-111.5130677"><ele>1671</ele>
        <time>2026-09-28T02:36:30Z</time>
      </trkpt>
      <trkpt lat="33.9514731" lon="-111.5130015"><ele>1671</ele>
        <time>2026-09-28T02:36:34Z</time>
      </trkpt>
      <trkpt lat="33.9514907" lon="-111.5129372"><ele>1671</ele>
        <time>2026-09-28T02:36:38Z</time>
      </trkpt>
      <trkpt lat="33.9515034" lon="-111.5128141"><ele>1670</ele>
        <time>2026-09-28T02:36:45Z</time>
      </trkpt>
      <trkpt lat="33.951573" lon="-111.512648"><ele>1670</ele>
        <time>2026-09-28T02:36:56Z</time>
      </trkpt>
      <trkpt lat="33.9516664" lon="-111.5123332"><ele>1669</ele>
        <time>2026-09-28T02:37:16Z</time>
      </trkpt>
      <trkpt lat="33.9516722" lon="-111.5121144"><ele>1669</ele>
        <time>2026-09-28T02:37:30Z</time>
      </trkpt>
      <trkpt lat="33.9517013" lon="-111.5120098"><ele>1668</ele>
        <time>2026-09-28T02:37:37Z</time>
      </trkpt>
      <trkpt lat="33.9518031" lon="-111.5118098"><ele>1668</ele>
        <time>2026-09-28T02:37:53Z</time>
      </trkpt>
      <trkpt lat="33.9517619" lon="-111.5117224"><ele>1667</ele>
        <time>2026-09-28T02:38:02Z</time>
      </trkpt>
      <trkpt lat="33.9516655" lon="-111.5116366"><ele>1665</ele>
        <time>2026-09-28T02:38:12Z</time>
      </trkpt>
      <trkpt lat="33.9514851" lon="-111.5115376"><ele>1665</ele>
        <time>2026-09-28T02:38:29Z</time>
      </trkpt>
      <trkpt lat="33.9514242" lon="-111.5114806"><ele>1665</ele>
        <time>2026-09-28T02:38:36Z</time>
      </trkpt>
      <trkpt lat="33.9513871" lon="-111.5114593"><ele>1665</ele>
        <time>2026-09-28T02:38:40Z</time>
      </trkpt>
      <trkpt lat="33.9513164" lon="-111.5113552"><ele>1663</ele>
        <time>2026-09-28T02:38:51Z</time>
      </trkpt>
      <trkpt lat="33.951218" lon="-111.5112586"><ele>1663</ele>
        <time>2026-09-28T02:39:02Z</time>
      </trkpt>
      <trkpt lat="33.9511861" lon="-111.5112346"><ele>1663</ele>
        <time>2026-09-28T02:39:05Z</time>
      </trkpt>
      <trkpt lat="33.9511078" lon="-111.5112131"><ele>1662</ele>
        <time>2026-09-28T02:39:14Z</time>
      </trkpt>
      <trkpt lat="33.950878" lon="-111.5110232"><ele>1661</ele>
        <time>2026-09-28T02:39:36Z</time>
      </trkpt>
      <trkpt lat="33.9508479" lon="-111.5109809"><ele>1660</ele>
        <time>2026-09-28T02:39:39Z</time>
      </trkpt>
      <trkpt lat="33.9508297" lon="-111.5108434"><ele>1660</ele>
        <time>2026-09-28T02:39:48Z</time>
      </trkpt>
      <trkpt lat="33.9507577" lon="-111.5106587"><ele>1659</ele>
        <time>2026-09-28T02:40:01Z</time>
      </trkpt>
      <trkpt lat="33.9506147" lon="-111.5104949"><ele>1658</ele>
        <time>2026-09-28T02:40:16Z</time>
      </trkpt>
      <trkpt lat="33.9505796" lon="-111.5104746"><ele>1658</ele>
        <time>2026-09-28T02:40:19Z</time>
      </trkpt>
      <trkpt lat="33.9504955" lon="-111.5103798"><ele>1657</ele>
        <time>2026-09-28T02:40:28Z</time>
      </trkpt>
      <trkpt lat="33.9503014" lon="-111.5102325"><ele>1656</ele>
        <time>2026-09-28T02:40:46Z</time>
      </trkpt>
      <trkpt lat="33.9501189" lon="-111.5101469"><ele>1655</ele>
        <time>2026-09-28T02:41:01Z</time>
      </trkpt>
      <trkpt lat="33.95006" lon="-111.5100905"><ele>1655</ele>
        <time>2026-09-28T02:41:07Z</time>
      </trkpt>
      <trkpt lat="33.9499848" lon="-111.5100494"><ele>1653</ele>
        <time>2026-09-28T02:41:13Z</time>
      </trkpt>
      <trkpt lat="33.9498313" lon="-111.5100227"><ele>1652</ele>
        <time>2026-09-28T02:41:27Z</time>
      </trkpt>
      <trkpt lat="33.9497291" lon="-111.5100471"><ele>1652</ele>
        <time>2026-09-28T02:41:35Z</time>
      </trkpt>
      <trkpt lat="33.9496445" lon="-111.5101279"><ele>1651</ele>
        <time>2026-09-28T02:41:44Z</time>
      </trkpt>
      <trkpt lat="33.9495986" lon="-111.5101939"><ele>1650</ele>
        <time>2026-09-28T02:41:50Z</time>
      </trkpt>
      <trkpt lat="33.9494285" lon="-111.51036"><ele>1648</ele>
        <time>2026-09-28T02:42:10Z</time>
      </trkpt>
      <trkpt lat="33.9492286" lon="-111.5104955"><ele>1646</ele>
        <time>2026-09-28T02:42:29Z</time>
      </trkpt>
      <trkpt lat="33.9491465" lon="-111.5105319"><ele>1646</ele>
        <time>2026-09-28T02:42:36Z</time>
      </trkpt>
      <trkpt lat="33.9490508" lon="-111.5105984"><ele>1645</ele>
        <time>2026-09-28T02:42:45Z</time>
      </trkpt>
      <trkpt lat="33.9489515" lon="-111.5106952"><ele>1645</ele>
        <time>2026-09-28T02:42:56Z</time>
      </trkpt>
      <trkpt lat="33.9488839" lon="-111.510798"><ele>1643</ele>
        <time>2026-09-28T02:43:06Z</time>
      </trkpt>
      <trkpt lat="33.9488165" lon="-111.5108504"><ele>1644</ele>
        <time>2026-09-28T02:43:13Z</time>
      </trkpt>
      <trkpt lat="33.9487752" lon="-111.5109387"><ele>1643</ele>
        <time>2026-09-28T02:43:21Z</time>
      </trkpt>
      <trkpt lat="33.9487366" lon="-111.5110723"><ele>1642</ele>
        <time>2026-09-28T02:43:31Z</time>
      </trkpt>
      <trkpt lat="33.9487148" lon="-111.511107"><ele>1642</ele>
        <time>2026-09-28T02:43:34Z</time>
      </trkpt>
      <trkpt lat="33.9486386" lon="-111.5111324"><ele>1641</ele>
        <time>2026-09-28T02:43:42Z</time>
      </trkpt>
      <trkpt lat="33.9486017" lon="-111.5111213"><ele>1640</ele>
        <time>2026-09-28T02:43:46Z</time>
      </trkpt>
      <trkpt lat="33.948542" lon="-111.5110798"><ele>1640</ele>
        <time>2026-09-28T02:43:52Z</time>
      </trkpt>
      <trkpt lat="33.9484988" lon="-111.511069"><ele>1638</ele>
        <time>2026-09-28T02:43:55Z</time>
      </trkpt>
      <trkpt lat="33.9482592" lon="-111.5110442"><ele>1636</ele>
        <time>2026-09-28T02:44:17Z</time>
      </trkpt>
      <trkpt lat="33.9482291" lon="-111.5110111"><ele>1637</ele>
        <time>2026-09-28T02:44:20Z</time>
      </trkpt>
      <trkpt lat="33.9482161" lon="-111.5109677"><ele>1636</ele>
        <time>2026-09-28T02:44:23Z</time>
      </trkpt>
      <trkpt lat="33.9481707" lon="-111.510888"><ele>1635</ele>
        <time>2026-09-28T02:44:30Z</time>
      </trkpt>
      <trkpt lat="33.9480917" lon="-111.5107828"><ele>1633</ele>
        <time>2026-09-28T02:44:42Z</time>
      </trkpt>
      <trkpt lat="33.9480559" lon="-111.5106425"><ele>1633</ele>
        <time>2026-09-28T02:44:56Z</time>
      </trkpt>
      <trkpt lat="33.9480279" lon="-111.5106085"><ele>1632</ele>
        <time>2026-09-28T02:45:01Z</time>
      </trkpt>
      <trkpt lat="33.9479908" lon="-111.5105906"><ele>1631</ele>
        <time>2026-09-28T02:45:05Z</time>
      </trkpt>
      <trkpt lat="33.9479508" lon="-111.5105886"><ele>1631</ele>
        <time>2026-09-28T02:45:09Z</time>
      </trkpt>
      <trkpt lat="33.9478088" lon="-111.5106877"><ele>1630</ele>
        <time>2026-09-28T02:45:22Z</time>
      </trkpt>
      <trkpt lat="33.947724" lon="-111.5107047"><ele>1629</ele>
        <time>2026-09-28T02:45:30Z</time>
      </trkpt>
      <trkpt lat="33.9476847" lon="-111.5106951"><ele>1628</ele>
        <time>2026-09-28T02:45:33Z</time>
      </trkpt>
      <trkpt lat="33.9475594" lon="-111.5105632"><ele>1626</ele>
        <time>2026-09-28T02:45:48Z</time>
      </trkpt>
      <trkpt lat="33.9475133" lon="-111.5104722"><ele>1625</ele>
        <time>2026-09-28T02:45:57Z</time>
      </trkpt>
      <trkpt lat="33.9474471" lon="-111.5102975"><ele>1622</ele>
        <time>2026-09-28T02:46:15Z</time>
      </trkpt>
      <trkpt lat="33.9474485" lon="-111.5102514"><ele>1622</ele>
        <time>2026-09-28T02:46:21Z</time>
      </trkpt>
      <trkpt lat="33.947414" lon="-111.510219"><ele>1621</ele>
        <time>2026-09-28T02:46:27Z</time>
      </trkpt>
      <trkpt lat="33.9473411" lon="-111.5101952"><ele>1621</ele>
        <time>2026-09-28T02:46:36Z</time>
      </trkpt>
      <trkpt lat="33.9473022" lon="-111.5101937"><ele>1620</ele>
        <time>2026-09-28T02:46:39Z</time>
      </trkpt>
      <trkpt lat="33.9472214" lon="-111.5101566"><ele>1619</ele>
        <time>2026-09-28T02:46:47Z</time>
      </trkpt>
      <trkpt lat="33.9471854" lon="-111.5101636"><ele>1618</ele>
        <time>2026-09-28T02:46:50Z</time>
      </trkpt>
      <trkpt lat="33.9469849" lon="-111.5103226"><ele>1618</ele>
        <time>2026-09-28T02:47:09Z</time>
      </trkpt>
      <trkpt lat="33.9467929" lon="-111.510376"><ele>1617</ele>
        <time>2026-09-28T02:47:25Z</time>
      </trkpt>
      <trkpt lat="33.946759" lon="-111.5103994"><ele>1617</ele>
        <time>2026-09-28T02:47:28Z</time>
      </trkpt>
      <trkpt lat="33.9467353" lon="-111.5104357"><ele>1617</ele>
        <time>2026-09-28T02:47:31Z</time>
      </trkpt>
      <trkpt lat="33.9466952" lon="-111.5104558"><ele>1617</ele>
        <time>2026-09-28T02:47:34Z</time>
      </trkpt>
      <trkpt lat="33.9465902" lon="-111.5104716"><ele>1615</ele>
        <time>2026-09-28T02:47:45Z</time>
      </trkpt>
      <trkpt lat="33.946436" lon="-111.5104215"><ele>1616</ele>
        <time>2026-09-28T02:47:59Z</time>
      </trkpt>
      <trkpt lat="33.9463698" lon="-111.5102326"><ele>1612</ele>
        <time>2026-09-28T02:48:16Z</time>
      </trkpt>
      <trkpt lat="33.9462926" lon="-111.5101116"><ele>1610</ele>
        <time>2026-09-28T02:48:28Z</time>
      </trkpt>
      <trkpt lat="33.9462305" lon="-111.5099785"><ele>1610</ele>
        <time>2026-09-28T02:48:39Z</time>
      </trkpt>
      <trkpt lat="33.9461673" lon="-111.5099198"><ele>1610</ele>
        <time>2026-09-28T02:48:47Z</time>
      </trkpt>
      <trkpt lat="33.9461244" lon="-111.5098319"><ele>1608</ele>
        <time>2026-09-28T02:48:56Z</time>
      </trkpt>
      <trkpt lat="33.9461122" lon="-111.5097757"><ele>1607</ele>
        <time>2026-09-28T02:49:01Z</time>
      </trkpt>
      <trkpt lat="33.9460268" lon="-111.5096009"><ele>1606</ele>
        <time>2026-09-28T02:49:17Z</time>
      </trkpt>
      <trkpt lat="33.9460198" lon="-111.5095467"><ele>1604</ele>
        <time>2026-09-28T02:49:21Z</time>
      </trkpt>
      <trkpt lat="33.9460321" lon="-111.5094494"><ele>1603</ele>
        <time>2026-09-28T02:49:29Z</time>
      </trkpt>
      <trkpt lat="33.9459832" lon="-111.5093149"><ele>1601</ele>
        <time>2026-09-28T02:49:42Z</time>
      </trkpt>
      <trkpt lat="33.9459089" lon="-111.5092056"><ele>1599</ele>
        <time>2026-09-28T02:49:54Z</time>
      </trkpt>
      <trkpt lat="33.9458466" lon="-111.5091495"><ele>1598</ele>
        <time>2026-09-28T02:50:01Z</time>
      </trkpt>
      <trkpt lat="33.9458143" lon="-111.5091346"><ele>1598</ele>
        <time>2026-09-28T02:50:04Z</time>
      </trkpt>
      <trkpt lat="33.9457634" lon="-111.5090677"><ele>1597</ele>
        <time>2026-09-28T02:50:12Z</time>
      </trkpt>
      <trkpt lat="33.9456929" lon="-111.5090165"><ele>1597</ele>
        <time>2026-09-28T02:50:19Z</time>
      </trkpt>
      <trkpt lat="33.9456723" lon="-111.508982"><ele>1595</ele>
        <time>2026-09-28T02:50:22Z</time>
      </trkpt>
      <trkpt lat="33.9455291" lon="-111.5089234"><ele>1594</ele>
        <time>2026-09-28T02:50:37Z</time>
      </trkpt>
      <trkpt lat="33.9454222" lon="-111.5088494"><ele>1592</ele>
        <time>2026-09-28T02:50:50Z</time>
      </trkpt>
      <trkpt lat="33.9453379" lon="-111.5088416"><ele>1590</ele>
        <time>2026-09-28T02:50:57Z</time>
      </trkpt>
      <trkpt lat="33.9451631" lon="-111.5088548"><ele>1588</ele>
        <time>2026-09-28T02:51:13Z</time>
      </trkpt>
      <trkpt lat="33.9449376" lon="-111.5089175"><ele>1587</ele>
        <time>2026-09-28T02:51:33Z</time>
      </trkpt>
      <trkpt lat="33.9448715" lon="-111.5089492"><ele>1585</ele>
        <time>2026-09-28T02:51:38Z</time>
      </trkpt>
      <trkpt lat="33.9447978" lon="-111.5089581"><ele>1585</ele>
        <time>2026-09-28T02:51:47Z</time>
      </trkpt>
      <trkpt lat="33.9446438" lon="-111.5090169"><ele>1584</ele>
        <time>2026-09-28T02:52:01Z</time>
      </trkpt>
      <trkpt lat="33.9446119" lon="-111.509041"><ele>1584</ele>
        <time>2026-09-28T02:52:05Z</time>
      </trkpt>
      <trkpt lat="33.9445365" lon="-111.5090693"><ele>1583</ele>
        <time>2026-09-28T02:52:12Z</time>
      </trkpt>
      <trkpt lat="33.9444078" lon="-111.5091856"><ele>1582</ele>
        <time>2026-09-28T02:52:27Z</time>
      </trkpt>
      <trkpt lat="33.944354" lon="-111.5092517"><ele>1582</ele>
        <time>2026-09-28T02:52:33Z</time>
      </trkpt>
      <trkpt lat="33.9442856" lon="-111.5093033"><ele>1581</ele>
        <time>2026-09-28T02:52:39Z</time>
      </trkpt>
      <trkpt lat="33.9442384" lon="-111.5093238"><ele>1581</ele>
        <time>2026-09-28T02:52:43Z</time>
      </trkpt>
      <trkpt lat="33.9441705" lon="-111.5093929"><ele>1581</ele>
        <time>2026-09-28T02:52:51Z</time>
      </trkpt>
      <trkpt lat="33.9441542" lon="-111.5094333"><ele>1580</ele>
        <time>2026-09-28T02:52:54Z</time>
      </trkpt>
      <trkpt lat="33.9440974" lon="-111.5094999"><ele>1580</ele>
        <time>2026-09-28T02:53:02Z</time>
      </trkpt>
      <trkpt lat="33.9440603" lon="-111.5095248"><ele>1579</ele>
        <time>2026-09-28T02:53:06Z</time>
      </trkpt>
      <trkpt lat="33.9439412" lon="-111.5095601"><ele>1578</ele>
        <time>2026-09-28T02:53:22Z</time>
      </trkpt>
      <trkpt lat="33.9439028" lon="-111.5095611"><ele>1577</ele>
        <time>2026-09-28T02:53:29Z</time>
      </trkpt>
      <trkpt lat="33.9437727" lon="-111.5095314"><ele>1576</ele>
        <time>2026-09-28T02:53:42Z</time>
      </trkpt>
      <trkpt lat="33.9435502" lon="-111.5094339"><ele>1572</ele>
        <time>2026-09-28T02:54:06Z</time>
      </trkpt>
      <trkpt lat="33.9432887" lon="-111.5094835"><ele>1570</ele>
        <time>2026-09-28T02:54:31Z</time>
      </trkpt>
      <trkpt lat="33.9432475" lon="-111.5094963"><ele>1569</ele>
        <time>2026-09-28T02:54:35Z</time>
      </trkpt>
      <trkpt lat="33.9432186" lon="-111.5095336"><ele>1569</ele>
        <time>2026-09-28T02:54:39Z</time>
      </trkpt>
      <trkpt lat="33.9431769" lon="-111.5095302"><ele>1569</ele>
        <time>2026-09-28T02:54:43Z</time>
      </trkpt>
      <trkpt lat="33.9431008" lon="-111.5095017"><ele>1568</ele>
        <time>2026-09-28T02:54:53Z</time>
      </trkpt>
      <trkpt lat="33.9430217" lon="-111.5095565"><ele>1567</ele>
        <time>2026-09-28T02:55:00Z</time>
      </trkpt>
      <trkpt lat="33.9429392" lon="-111.5096725"><ele>1566</ele>
        <time>2026-09-28T02:55:10Z</time>
      </trkpt>
      <trkpt lat="33.9428264" lon="-111.5097627"><ele>1565</ele>
        <time>2026-09-28T02:55:22Z</time>
      </trkpt>
      <trkpt lat="33.9427432" lon="-111.5099181"><ele>1565</ele>
        <time>2026-09-28T02:55:34Z</time>
      </trkpt>
      <trkpt lat="33.9427093" lon="-111.5099346"><ele>1565</ele>
        <time>2026-09-28T02:55:37Z</time>
      </trkpt>
      <trkpt lat="33.9425987" lon="-111.5098924"><ele>1565</ele>
        <time>2026-09-28T02:55:47Z</time>
      </trkpt>
      <trkpt lat="33.9425586" lon="-111.5098647"><ele>1565</ele>
        <time>2026-09-28T02:55:50Z</time>
      </trkpt>
      <trkpt lat="33.9423595" lon="-111.5096467"><ele>1564</ele>
        <time>2026-09-28T02:56:12Z</time>
      </trkpt>
      <trkpt lat="33.9423345" lon="-111.5096062"><ele>1564</ele>
        <time>2026-09-28T02:56:16Z</time>
      </trkpt>
      <trkpt lat="33.9422618" lon="-111.5095507"><ele>1563</ele>
        <time>2026-09-28T02:56:25Z</time>
      </trkpt>
      <trkpt lat="33.9420632" lon="-111.5095083"><ele>1561</ele>
        <time>2026-09-28T02:57:11Z</time>
      </trkpt>
      <trkpt lat="33.9419996" lon="-111.5095327"><ele>1561</ele>
        <time>2026-09-28T02:57:16Z</time>
      </trkpt>
      <trkpt lat="33.9419364" lon="-111.5095333"><ele>1561</ele>
        <time>2026-09-28T02:57:21Z</time>
      </trkpt>
      <trkpt lat="33.9418341" lon="-111.5095131"><ele>1558</ele>
        <time>2026-09-28T02:57:30Z</time>
      </trkpt>
      <trkpt lat="33.9417161" lon="-111.5094567"><ele>1556</ele>
        <time>2026-09-28T02:57:44Z</time>
      </trkpt>
      <trkpt lat="33.9416699" lon="-111.5094547"><ele>1557</ele>
        <time>2026-09-28T02:57:49Z</time>
      </trkpt>
      <trkpt lat="33.9416367" lon="-111.5094784"><ele>1556</ele>
        <time>2026-09-28T02:57:52Z</time>
      </trkpt>
      <trkpt lat="33.9415482" lon="-111.5094793"><ele>1555</ele>
        <time>2026-09-28T02:58:00Z</time>
      </trkpt>
      <trkpt lat="33.9413864" lon="-111.5095035"><ele>1553</ele>
        <time>2026-09-28T02:58:12Z</time>
      </trkpt>
      <trkpt lat="33.941348" lon="-111.5095219"><ele>1553</ele>
        <time>2026-09-28T02:58:15Z</time>
      </trkpt>
      <trkpt lat="33.9413122" lon="-111.5095211"><ele>1552</ele>
        <time>2026-09-28T02:58:18Z</time>
      </trkpt>
      <trkpt lat="33.9412714" lon="-111.5095072"><ele>1552</ele>
        <time>2026-09-28T02:58:22Z</time>
      </trkpt>
      <trkpt lat="33.9412393" lon="-111.5094718"><ele>1552</ele>
        <time>2026-09-28T02:58:26Z</time>
      </trkpt>
      <trkpt lat="33.9412011" lon="-111.5094493"><ele>1552</ele>
        <time>2026-09-28T02:58:30Z</time>
      </trkpt>
      <trkpt lat="33.9411218" lon="-111.5093501"><ele>1552</ele>
        <time>2026-09-28T02:58:39Z</time>
      </trkpt>
      <trkpt lat="33.9410812" lon="-111.5093526"><ele>1548</ele>
        <time>2026-09-28T02:58:43Z</time>
      </trkpt>
      <trkpt lat="33.9410814" lon="-111.5093057"><ele>1546</ele>
        <time>2026-09-28T02:58:51Z</time>
      </trkpt>
      <trkpt lat="33.94104" lon="-111.509301"><ele>1547</ele>
        <time>2026-09-28T02:58:56Z</time>
      </trkpt>
      <trkpt lat="33.9409608" lon="-111.5092701"><ele>1547</ele>
        <time>2026-09-28T02:59:03Z</time>
      </trkpt>
      <trkpt lat="33.9409276" lon="-111.5092994"><ele>1547</ele>
        <time>2026-09-28T02:59:08Z</time>
      </trkpt>
      <trkpt lat="33.9408893" lon="-111.509293"><ele>1547</ele>
        <time>2026-09-28T02:59:15Z</time>
      </trkpt>
      <trkpt lat="33.9408065" lon="-111.5093159"><ele>1546</ele>
        <time>2026-09-28T02:59:23Z</time>
      </trkpt>
      <trkpt lat="33.9406885" lon="-111.5092759"><ele>1546</ele>
        <time>2026-09-28T02:59:36Z</time>
      </trkpt>
      <trkpt lat="33.9406232" lon="-111.5092335"><ele>1541</ele>
        <time>2026-09-28T02:59:45Z</time>
      </trkpt>
      <trkpt lat="33.9405679" lon="-111.5091751"><ele>1541</ele>
        <time>2026-09-28T02:59:52Z</time>
      </trkpt>
      <trkpt lat="33.9403969" lon="-111.5090564"><ele>1541</ele>
        <time>2026-09-28T03:00:10Z</time>
      </trkpt>
      <trkpt lat="33.9403687" lon="-111.509025"><ele>1541</ele>
        <time>2026-09-28T03:00:13Z</time>
      </trkpt>
      <trkpt lat="33.9402947" lon="-111.508992"><ele>1541</ele>
        <time>2026-09-28T03:00:19Z</time>
      </trkpt>
      <trkpt lat="33.940266" lon="-111.5089595"><ele>1541</ele>
        <time>2026-09-28T03:00:22Z</time>
      </trkpt>
      <trkpt lat="33.9402336" lon="-111.5088728"><ele>1541</ele>
        <time>2026-09-28T03:00:28Z</time>
      </trkpt>
      <trkpt lat="33.9401615" lon="-111.5087408"><ele>1542</ele>
        <time>2026-09-28T03:00:38Z</time>
      </trkpt>
      <trkpt lat="33.9401273" lon="-111.5087009"><ele>1542</ele>
        <time>2026-09-28T03:00:42Z</time>
      </trkpt>
      <trkpt lat="33.9400687" lon="-111.5085831"><ele>1540</ele>
        <time>2026-09-28T03:00:51Z</time>
      </trkpt>
      <trkpt lat="33.9400179" lon="-111.5085215"><ele>1540</ele>
        <time>2026-09-28T03:00:57Z</time>
      </trkpt>
      <trkpt lat="33.9399824" lon="-111.5085342"><ele>1540</ele>
        <time>2026-09-28T03:01:00Z</time>
      </trkpt>
      <trkpt lat="33.9398679" lon="-111.5084706"><ele>1541</ele>
        <time>2026-09-28T03:01:11Z</time>
      </trkpt>
      <trkpt lat="33.9398284" lon="-111.5084588"><ele>1541</ele>
        <time>2026-09-28T03:01:15Z</time>
      </trkpt>
      <trkpt lat="33.9397882" lon="-111.5084723"><ele>1541</ele>
        <time>2026-09-28T03:01:19Z</time>
      </trkpt>
      <trkpt lat="33.939703" lon="-111.5084679"><ele>1543</ele>
        <time>2026-09-28T03:01:29Z</time>
      </trkpt>
      <trkpt lat="33.9396316" lon="-111.508438"><ele>1543</ele>
        <time>2026-09-28T03:01:35Z</time>
      </trkpt>
      <trkpt lat="33.9396044" lon="-111.5084033"><ele>1544</ele>
        <time>2026-09-28T03:01:38Z</time>
      </trkpt>
      <trkpt lat="33.9395979" lon="-111.5083088"><ele>1544</ele>
        <time>2026-09-28T03:01:46Z</time>
      </trkpt>
      <trkpt lat="33.939625" lon="-111.5082129"><ele>1545</ele>
        <time>2026-09-28T03:01:53Z</time>
      </trkpt>
      <trkpt lat="33.939702" lon="-111.5080524"><ele>1546</ele>
        <time>2026-09-28T03:02:08Z</time>
      </trkpt>
      <trkpt lat="33.9397262" lon="-111.5080156"><ele>1546</ele>
        <time>2026-09-28T03:02:12Z</time>
      </trkpt>
      <trkpt lat="33.9397859" lon="-111.5079664"><ele>1547</ele>
        <time>2026-09-28T03:02:21Z</time>
      </trkpt>
      <trkpt lat="33.93981" lon="-111.5079329"><ele>1547</ele>
        <time>2026-09-28T03:02:24Z</time>
      </trkpt>
      <trkpt lat="33.9398391" lon="-111.5078603"><ele>1547</ele>
        <time>2026-09-28T03:02:30Z</time>
      </trkpt>
      <trkpt lat="33.9398477" lon="-111.5078162"><ele>1548</ele>
        <time>2026-09-28T03:02:33Z</time>
      </trkpt>
      <trkpt lat="33.9398338" lon="-111.5077348"><ele>1548</ele>
        <time>2026-09-28T03:02:39Z</time>
      </trkpt>
      <trkpt lat="33.9398157" lon="-111.5077012"><ele>1548</ele>
        <time>2026-09-28T03:02:42Z</time>
      </trkpt>
      <trkpt lat="33.9397473" lon="-111.5076878"><ele>1549</ele>
        <time>2026-09-28T03:02:48Z</time>
      </trkpt>
      <trkpt lat="33.9396242" lon="-111.5075778"><ele>1549</ele>
        <time>2026-09-28T03:02:58Z</time>
      </trkpt>
      <trkpt lat="33.9395862" lon="-111.5075505"><ele>1549</ele>
        <time>2026-09-28T03:03:01Z</time>
      </trkpt>
      <trkpt lat="33.9395472" lon="-111.5075418"><ele>1549</ele>
        <time>2026-09-28T03:03:04Z</time>
      </trkpt>
      <trkpt lat="33.9395051" lon="-111.5075517"><ele>1549</ele>
        <time>2026-09-28T03:03:07Z</time>
      </trkpt>
      <trkpt lat="33.9394755" lon="-111.5075821"><ele>1551</ele>
        <time>2026-09-28T03:03:11Z</time>
      </trkpt>
      <trkpt lat="33.9394378" lon="-111.5076883"><ele>1551</ele>
        <time>2026-09-28T03:03:19Z</time>
      </trkpt>
      <trkpt lat="33.9394064" lon="-111.507741"><ele>1551</ele>
        <time>2026-09-28T03:03:22Z</time>
      </trkpt>
      <trkpt lat="33.9393362" lon="-111.5077867"><ele>1551</ele>
        <time>2026-09-28T03:03:27Z</time>
      </trkpt>
      <trkpt lat="33.9393016" lon="-111.5078009"><ele>1551</ele>
        <time>2026-09-28T03:03:30Z</time>
      </trkpt>
      <trkpt lat="33.9392566" lon="-111.5077964"><ele>1551</ele>
        <time>2026-09-28T03:03:33Z</time>
      </trkpt>
      <trkpt lat="33.9392157" lon="-111.5077843"><ele>1550</ele>
        <time>2026-09-28T03:03:36Z</time>
      </trkpt>
      <trkpt lat="33.9391364" lon="-111.5077396"><ele>1550</ele>
        <time>2026-09-28T03:03:42Z</time>
      </trkpt>
      <trkpt lat="33.9391097" lon="-111.5076978"><ele>1550</ele>
        <time>2026-09-28T03:03:45Z</time>
      </trkpt>
      <trkpt lat="33.939063" lon="-111.5075587"><ele>1550</ele>
        <time>2026-09-28T03:03:54Z</time>
      </trkpt>
      <trkpt lat="33.9389762" lon="-111.5074565"><ele>1550</ele>
        <time>2026-09-28T03:04:02Z</time>
      </trkpt>
      <trkpt lat="33.9388209" lon="-111.5073744"><ele>1549</ele>
        <time>2026-09-28T03:04:13Z</time>
      </trkpt>
      <trkpt lat="33.9387383" lon="-111.5073519"><ele>1548</ele>
        <time>2026-09-28T03:04:19Z</time>
      </trkpt>
      <trkpt lat="33.9386777" lon="-111.5072964"><ele>1547</ele>
        <time>2026-09-28T03:04:26Z</time>
      </trkpt>
      <trkpt lat="33.938653" lon="-111.5072608"><ele>1547</ele>
        <time>2026-09-28T03:04:29Z</time>
      </trkpt>
      <trkpt lat="33.9386286" lon="-111.5071759"><ele>1547</ele>
        <time>2026-09-28T03:04:35Z</time>
      </trkpt>
      <trkpt lat="33.9385696" lon="-111.5071163"><ele>1547</ele>
        <time>2026-09-28T03:04:40Z</time>
      </trkpt>
      <trkpt lat="33.9385183" lon="-111.5070373"><ele>1546</ele>
        <time>2026-09-28T03:04:46Z</time>
      </trkpt>
      <trkpt lat="33.9384642" lon="-111.5068987"><ele>1546</ele>
        <time>2026-09-28T03:04:55Z</time>
      </trkpt>
      <trkpt lat="33.9384637" lon="-111.5067079"><ele>1546</ele>
        <time>2026-09-28T03:05:07Z</time>
      </trkpt>
      <trkpt lat="33.9384337" lon="-111.5064616"><ele>1543</ele>
        <time>2026-09-28T03:05:22Z</time>
      </trkpt>
      <trkpt lat="33.938454" lon="-111.5062719"><ele>1544</ele>
        <time>2026-09-28T03:05:33Z</time>
      </trkpt>
      <trkpt lat="33.9384977" lon="-111.5060781"><ele>1544</ele>
        <time>2026-09-28T03:05:45Z</time>
      </trkpt>
      <trkpt lat="33.9384973" lon="-111.506027"><ele>1543</ele>
        <time>2026-09-28T03:05:48Z</time>
      </trkpt>
      <trkpt lat="33.9385377" lon="-111.50589"><ele>1542</ele>
        <time>2026-09-28T03:05:57Z</time>
      </trkpt>
      <trkpt lat="33.9386407" lon="-111.5058366"><ele>1541</ele>
        <time>2026-09-28T03:06:06Z</time>
      </trkpt>
      <trkpt lat="33.9387101" lon="-111.5058358"><ele>1541</ele>
        <time>2026-09-28T03:06:12Z</time>
      </trkpt>
      <trkpt lat="33.9387488" lon="-111.505849"><ele>1541</ele>
        <time>2026-09-28T03:06:15Z</time>
      </trkpt>
      <trkpt lat="33.9388678" lon="-111.5058572"><ele>1542</ele>
        <time>2026-09-28T03:06:24Z</time>
      </trkpt>
      <trkpt lat="33.939039" lon="-111.5059156"><ele>1541</ele>
        <time>2026-09-28T03:06:36Z</time>
      </trkpt>
      <trkpt lat="33.9391218" lon="-111.5058901"><ele>1541</ele>
        <time>2026-09-28T03:06:42Z</time>
      </trkpt>
      <trkpt lat="33.9391904" lon="-111.5058462"><ele>1540</ele>
        <time>2026-09-28T03:06:48Z</time>
      </trkpt>
      <trkpt lat="33.9392148" lon="-111.5058056"><ele>1540</ele>
        <time>2026-09-28T03:06:51Z</time>
      </trkpt>
      <trkpt lat="33.939227" lon="-111.5057599"><ele>1540</ele>
        <time>2026-09-28T03:06:54Z</time>
      </trkpt>
      <trkpt lat="33.9392813" lon="-111.5056731"><ele>1539</ele>
        <time>2026-09-28T03:07:00Z</time>
      </trkpt>
      <trkpt lat="33.9393145" lon="-111.5056424"><ele>1538</ele>
        <time>2026-09-28T03:07:03Z</time>
      </trkpt>
      <trkpt lat="33.9393567" lon="-111.5055609"><ele>1537</ele>
        <time>2026-09-28T03:07:09Z</time>
      </trkpt>
      <trkpt lat="33.9393715" lon="-111.5054667"><ele>1536</ele>
        <time>2026-09-28T03:07:15Z</time>
      </trkpt>
      <trkpt lat="33.9393231" lon="-111.505256"><ele>1535</ele>
        <time>2026-09-28T03:07:30Z</time>
      </trkpt>
      <trkpt lat="33.939326" lon="-111.5052076"><ele>1535</ele>
        <time>2026-09-28T03:07:34Z</time>
      </trkpt>
      <trkpt lat="33.9393137" lon="-111.5051657"><ele>1534</ele>
        <time>2026-09-28T03:07:38Z</time>
      </trkpt>
      <trkpt lat="33.9393085" lon="-111.5050762"><ele>1533</ele>
        <time>2026-09-28T03:07:45Z</time>
      </trkpt>
      <trkpt lat="33.9392761" lon="-111.5049992"><ele>1532</ele>
        <time>2026-09-28T03:07:51Z</time>
      </trkpt>
      <trkpt lat="33.9392619" lon="-111.5049148"><ele>1531</ele>
        <time>2026-09-28T03:07:57Z</time>
      </trkpt>
      <trkpt lat="33.9392755" lon="-111.5048319"><ele>1531</ele>
        <time>2026-09-28T03:08:04Z</time>
      </trkpt>
      <trkpt lat="33.9392787" lon="-111.5047229"><ele>1530</ele>
        <time>2026-09-28T03:08:10Z</time>
      </trkpt>
      <trkpt lat="33.9393264" lon="-111.5045439"><ele>1529</ele>
        <time>2026-09-28T03:08:22Z</time>
      </trkpt>
      <trkpt lat="33.9393557" lon="-111.5045104"><ele>1527</ele>
        <time>2026-09-28T03:08:25Z</time>
      </trkpt>
      <trkpt lat="33.9393903" lon="-111.5045063"><ele>1526</ele>
        <time>2026-09-28T03:08:28Z</time>
      </trkpt>
      <trkpt lat="33.9394244" lon="-111.5044837"><ele>1526</ele>
        <time>2026-09-28T03:08:32Z</time>
      </trkpt>
      <trkpt lat="33.9394472" lon="-111.5044514"><ele>1525</ele>
        <time>2026-09-28T03:08:35Z</time>
      </trkpt>
      <trkpt lat="33.9394617" lon="-111.5043994"><ele>1525</ele>
        <time>2026-09-28T03:08:38Z</time>
      </trkpt>
      <trkpt lat="33.9394398" lon="-111.5042661"><ele>1525</ele>
        <time>2026-09-28T03:08:47Z</time>
      </trkpt>
      <trkpt lat="33.9394212" lon="-111.5042179"><ele>1525</ele>
        <time>2026-09-28T03:08:50Z</time>
      </trkpt>
      <trkpt lat="33.9393624" lon="-111.5041483"><ele>1523</ele>
        <time>2026-09-28T03:08:57Z</time>
      </trkpt>
      <trkpt lat="33.9392952" lon="-111.5041095"><ele>1524</ele>
        <time>2026-09-28T03:09:03Z</time>
      </trkpt>
      <trkpt lat="33.9392679" lon="-111.5040305"><ele>1522</ele>
        <time>2026-09-28T03:09:09Z</time>
      </trkpt>
      <trkpt lat="33.9391851" lon="-111.5039258"><ele>1521</ele>
        <time>2026-09-28T03:09:20Z</time>
      </trkpt>
      <trkpt lat="33.9391705" lon="-111.5038874"><ele>1521</ele>
        <time>2026-09-28T03:09:23Z</time>
      </trkpt>
      <trkpt lat="33.9391398" lon="-111.5038485"><ele>1520</ele>
        <time>2026-09-28T03:09:27Z</time>
      </trkpt>
      <trkpt lat="33.9391053" lon="-111.5038345"><ele>1520</ele>
        <time>2026-09-28T03:09:30Z</time>
      </trkpt>
      <trkpt lat="33.93902" lon="-111.5035476"><ele>1515</ele>
        <time>2026-09-28T03:09:53Z</time>
      </trkpt>
      <trkpt lat="33.9390049" lon="-111.5034445"><ele>1516</ele>
        <time>2026-09-28T03:10:02Z</time>
      </trkpt>
      <trkpt lat="33.9389424" lon="-111.5033111"><ele>1514</ele>
        <time>2026-09-28T03:10:14Z</time>
      </trkpt>
      <trkpt lat="33.938882" lon="-111.5031325"><ele>1514</ele>
        <time>2026-09-28T03:10:30Z</time>
      </trkpt>
      <trkpt lat="33.9388918" lon="-111.5030259"><ele>1511</ele>
        <time>2026-09-28T03:10:40Z</time>
      </trkpt>
      <trkpt lat="33.9388842" lon="-111.502978"><ele>1509</ele>
        <time>2026-09-28T03:10:44Z</time>
      </trkpt>
      <trkpt lat="33.9389139" lon="-111.5028915"><ele>1507</ele>
        <time>2026-09-28T03:10:56Z</time>
      </trkpt>
      <trkpt lat="33.9389137" lon="-111.5028417"><ele>1506</ele>
        <time>2026-09-28T03:11:01Z</time>
      </trkpt>
      <trkpt lat="33.938934" lon="-111.5027474"><ele>1505</ele>
        <time>2026-09-28T03:11:12Z</time>
      </trkpt>
      <trkpt lat="33.9389166" lon="-111.5026634"><ele>1504</ele>
        <time>2026-09-28T03:11:19Z</time>
      </trkpt>
      <trkpt lat="33.9389349" lon="-111.502575"><ele>1503</ele>
        <time>2026-09-28T03:11:25Z</time>
      </trkpt>
      <trkpt lat="33.9389362" lon="-111.5024729"><ele>1502</ele>
        <time>2026-09-28T03:11:31Z</time>
      </trkpt>
      <trkpt lat="33.9389142" lon="-111.5022225"><ele>1502</ele>
        <time>2026-09-28T03:11:50Z</time>
      </trkpt>
   </trkseg>
  </trk>
</gpx>