<?xml version="1.0" encoding="UTF-8"?>
<gpx version="1.1" creator="TrailDEX - https://traildex.com" xmlns="http://www.topografix.com/GPX/1/1" xmlns:xsi="http://www.w3.org/2001/XMLSchema-instance" xmlns:gpxx="http://www.garmin.com/xmlschemas/GpxExtensions/v3">
  <metadata>
    <name>North Fork Falls of Deadman Canyon</name>
    <desc>North Fork Falls of Deadman Canyon</desc>
    <time>2026-08-30T11:04:07Z</time>
    <bounds minlat="34.081753967" minlon="-111.497963617" maxlat="34.131149083" maxlon="-111.421569517"/>
  </metadata>
  <trk>
    <name>Track #1</name>
    <trkseg>
      <trkpt lat="34.092698258" lon="-111.421987431"><ele>1281</ele>
        <time>2020-03-21T13:40:34Z</time>
      </trkpt>
      <trkpt lat="34.092783883" lon="-111.4219756"><ele>1268</ele>
        <time>2020-03-21T13:40:43Z</time>
      </trkpt>
      <trkpt lat="34.092867167" lon="-111.421987883"><ele>1265</ele>
        <time>2020-03-21T13:40:50Z</time>
      </trkpt>
      <trkpt lat="34.09289725" lon="-111.4219816"><ele>1265</ele>
        <time>2020-03-21T13:40:52Z</time>
      </trkpt>
      <trkpt lat="34.093040683" lon="-111.421992917"><ele>1265</ele>
        <time>2020-03-21T13:41:02Z</time>
      </trkpt>
      <trkpt lat="34.093129667" lon="-111.42199015"><ele>1264</ele>
        <time>2020-03-21T13:41:07Z</time>
      </trkpt>
      <trkpt lat="34.093185767" lon="-111.421973767"><ele>1264</ele>
        <time>2020-03-21T13:41:11Z</time>
      </trkpt>
      <trkpt lat="34.093206117" lon="-111.421955067"><ele>1264</ele>
        <time>2020-03-21T13:41:24Z</time>
      </trkpt>
      <trkpt lat="34.0932287" lon="-111.421958533"><ele>1264</ele>
        <time>2020-03-21T13:41:32Z</time>
      </trkpt>
      <trkpt lat="34.093247467" lon="-111.4219822"><ele>1265</ele>
        <time>2020-03-21T13:41:35Z</time>
      </trkpt>
      <trkpt lat="34.093297417" lon="-111.421988283"><ele>1262</ele>
        <time>2020-03-21T13:41:58Z</time>
      </trkpt>
      <trkpt lat="34.0933175" lon="-111.422000617"><ele>1262</ele>
        <time>2020-03-21T13:42:00Z</time>
      </trkpt>
      <trkpt lat="34.093358783" lon="-111.422065883"><ele>1262</ele>
        <time>2020-03-21T13:42:06Z</time>
      </trkpt>
      <trkpt lat="34.093372867" lon="-111.422093717"><ele>1262</ele>
        <time>2020-03-21T13:42:08Z</time>
      </trkpt>
      <trkpt lat="34.093371233" lon="-111.422191433"><ele>1262</ele>
        <time>2020-03-21T13:42:16Z</time>
      </trkpt>
      <trkpt lat="34.093417983" lon="-111.42232245"><ele>1258</ele>
        <time>2020-03-21T13:42:27Z</time>
      </trkpt>
      <trkpt lat="34.093467217" lon="-111.422556283"><ele>1255</ele>
        <time>2020-03-21T13:42:45Z</time>
      </trkpt>
      <trkpt lat="34.09348045" lon="-111.422774733"><ele>1252</ele>
        <time>2020-03-21T13:43:02Z</time>
      </trkpt>
      <trkpt lat="34.093547667" lon="-111.4230179"><ele>1249</ele>
        <time>2020-03-21T13:43:19Z</time>
      </trkpt>
      <trkpt lat="34.093629433" lon="-111.4231861"><ele>1245</ele>
        <time>2020-03-21T13:43:31Z</time>
      </trkpt>
      <trkpt lat="34.0936684" lon="-111.423230017"><ele>1244</ele>
        <time>2020-03-21T13:43:35Z</time>
      </trkpt>
      <trkpt lat="34.093752933" lon="-111.423398217"><ele>1242</ele>
        <time>2020-03-21T13:43:47Z</time>
      </trkpt>
      <trkpt lat="34.093774483" lon="-111.423460667"><ele>1242</ele>
        <time>2020-03-21T13:43:51Z</time>
      </trkpt>
      <trkpt lat="34.093806933" lon="-111.423644483"><ele>1241</ele>
        <time>2020-03-21T13:44:03Z</time>
      </trkpt>
      <trkpt lat="34.093860767" lon="-111.423808683"><ele>1238</ele>
        <time>2020-03-21T13:44:13Z</time>
      </trkpt>
      <trkpt lat="34.09387335" lon="-111.424009983"><ele>1237</ele>
        <time>2020-03-21T13:44:25Z</time>
      </trkpt>
      <trkpt lat="34.0938588" lon="-111.424228017"><ele>1237</ele>
        <time>2020-03-21T13:44:38Z</time>
      </trkpt>
      <trkpt lat="34.093868317" lon="-111.424267233"><ele>1236</ele>
        <time>2020-03-21T13:44:41Z</time>
      </trkpt>
      <trkpt lat="34.093886967" lon="-111.424290367"><ele>1235</ele>
        <time>2020-03-21T13:44:43Z</time>
      </trkpt>
      <trkpt lat="34.093912183" lon="-111.424304817"><ele>1235</ele>
        <time>2020-03-21T13:44:45Z</time>
      </trkpt>
      <trkpt lat="34.093938633" lon="-111.424296117"><ele>1235</ele>
        <time>2020-03-21T13:44:47Z</time>
      </trkpt>
      <trkpt lat="34.093976583" lon="-111.424256417"><ele>1234</ele>
        <time>2020-03-21T13:44:51Z</time>
      </trkpt>
      <trkpt lat="34.094148583" lon="-111.424223717"><ele>1232</ele>
        <time>2020-03-21T13:45:03Z</time>
      </trkpt>
      <trkpt lat="34.094198883" lon="-111.424197467"><ele>1232</ele>
        <time>2020-03-21T13:45:07Z</time>
      </trkpt>
      <trkpt lat="34.09433525" lon="-111.42420855"><ele>1230</ele>
        <time>2020-03-21T13:45:17Z</time>
      </trkpt>
      <trkpt lat="34.094423933" lon="-111.424196383"><ele>1228</ele>
        <time>2020-03-21T13:45:26Z</time>
      </trkpt>
      <trkpt lat="34.094504883" lon="-111.424161917"><ele>1226</ele>
        <time>2020-03-21T13:45:40Z</time>
      </trkpt>
      <trkpt lat="34.094558317" lon="-111.42412675"><ele>1225</ele>
        <time>2020-03-21T13:45:44Z</time>
      </trkpt>
      <trkpt lat="34.09458475" lon="-111.4240416"><ele>1225</ele>
        <time>2020-03-21T13:45:48Z</time>
      </trkpt>
      <trkpt lat="34.094611567" lon="-111.424018933"><ele>1225</ele>
        <time>2020-03-21T13:45:53Z</time>
      </trkpt>
      <trkpt lat="34.094766133" lon="-111.424027817"><ele>1225</ele>
        <time>2020-03-21T13:46:04Z</time>
      </trkpt>
      <trkpt lat="34.094821433" lon="-111.424045967"><ele>1225</ele>
        <time>2020-03-21T13:46:09Z</time>
      </trkpt>
      <trkpt lat="34.09483865" lon="-111.424078967"><ele>1225</ele>
        <time>2020-03-21T13:46:13Z</time>
      </trkpt>
      <trkpt lat="34.09494585" lon="-111.4241644"><ele>1224</ele>
        <time>2020-03-21T13:46:27Z</time>
      </trkpt>
      <trkpt lat="34.0950002" lon="-111.424162733"><ele>1223</ele>
        <time>2020-03-21T13:46:32Z</time>
      </trkpt>
      <trkpt lat="34.095007833" lon="-111.424131683"><ele>1224</ele>
        <time>2020-03-21T13:47:04Z</time>
      </trkpt>
      <trkpt lat="34.094943217" lon="-111.424154183"><ele>1227</ele>
        <time>2020-03-21T13:47:11Z</time>
      </trkpt>
      <trkpt lat="34.09489385" lon="-111.424222283"><ele>1229</ele>
        <time>2020-03-21T13:47:26Z</time>
      </trkpt>
      <trkpt lat="34.094817983" lon="-111.424272733"><ele>1228</ele>
        <time>2020-03-21T13:47:34Z</time>
      </trkpt>
      <trkpt lat="34.0947995" lon="-111.424296767"><ele>1228</ele>
        <time>2020-03-21T13:47:36Z</time>
      </trkpt>
      <trkpt lat="34.094785683" lon="-111.424335983"><ele>1228</ele>
        <time>2020-03-21T13:47:38Z</time>
      </trkpt>
      <trkpt lat="34.094783017" lon="-111.4243808"><ele>1228</ele>
        <time>2020-03-21T13:47:40Z</time>
      </trkpt>
      <trkpt lat="34.094817667" lon="-111.424565683"><ele>1224</ele>
        <time>2020-03-21T13:48:17Z</time>
      </trkpt>
      <trkpt lat="34.094769833" lon="-111.424504117"><ele>1229</ele>
        <time>2020-03-21T13:49:15Z</time>
      </trkpt>
      <trkpt lat="34.094821433" lon="-111.424377767"><ele>1228</ele>
        <time>2020-03-21T13:49:34Z</time>
      </trkpt>
      <trkpt lat="34.09490215" lon="-111.4242932"><ele>1229</ele>
        <time>2020-03-21T13:49:59Z</time>
      </trkpt>
      <trkpt lat="34.094924217" lon="-111.424229733"><ele>1229</ele>
        <time>2020-03-21T13:50:04Z</time>
      </trkpt>
      <trkpt lat="34.0949405" lon="-111.424209"><ele>1229</ele>
        <time>2020-03-21T13:50:06Z</time>
      </trkpt>
      <trkpt lat="34.09493855" lon="-111.424159083"><ele>1229</ele>
        <time>2020-03-21T13:50:15Z</time>
      </trkpt>
      <trkpt lat="34.094919" lon="-111.424175583"><ele>1227</ele>
        <time>2020-03-21T13:50:18Z</time>
      </trkpt>
      <trkpt lat="34.0949017" lon="-111.424237217"><ele>1227</ele>
        <time>2020-03-21T13:50:24Z</time>
      </trkpt>
      <trkpt lat="34.094881367" lon="-111.424251133"><ele>1227</ele>
        <time>2020-03-21T13:50:31Z</time>
      </trkpt>
      <trkpt lat="34.094874083" lon="-111.4242768"><ele>1228</ele>
        <time>2020-03-21T13:50:33Z</time>
      </trkpt>
      <trkpt lat="34.09488135" lon="-111.424287417"><ele>1227</ele>
        <time>2020-03-21T13:50:49Z</time>
      </trkpt>
      <trkpt lat="34.094902933" lon="-111.424280617"><ele>1227</ele>
        <time>2020-03-21T13:50:52Z</time>
      </trkpt>
      <trkpt lat="34.0949526" lon="-111.424202483"><ele>1228</ele>
        <time>2020-03-21T13:51:08Z</time>
      </trkpt>
      <trkpt lat="34.095008467" lon="-111.42418335"><ele>1225</ele>
        <time>2020-03-21T13:51:20Z</time>
      </trkpt>
      <trkpt lat="34.09500655" lon="-111.424151967"><ele>1225</ele>
        <time>2020-03-21T13:51:38Z</time>
      </trkpt>
      <trkpt lat="34.095037883" lon="-111.4240916"><ele>1226</ele>
        <time>2020-03-21T13:51:44Z</time>
      </trkpt>
      <trkpt lat="34.0950963" lon="-111.4240842"><ele>1226</ele>
        <time>2020-03-21T13:52:00Z</time>
      </trkpt>
      <trkpt lat="34.095114167" lon="-111.424052"><ele>1226</ele>
        <time>2020-03-21T13:52:03Z</time>
      </trkpt>
      <trkpt lat="34.095119517" lon="-111.424017317"><ele>1226</ele>
        <time>2020-03-21T13:52:05Z</time>
      </trkpt>
      <trkpt lat="34.0951478" lon="-111.424018583"><ele>1224</ele>
        <time>2020-03-21T13:52:14Z</time>
      </trkpt>
      <trkpt lat="34.095181067" lon="-111.42397895"><ele>1223</ele>
        <time>2020-03-21T13:52:23Z</time>
      </trkpt>
      <trkpt lat="34.0952077" lon="-111.423965717"><ele>1223</ele>
        <time>2020-03-21T13:52:26Z</time>
      </trkpt>
      <trkpt lat="34.095261983" lon="-111.42397295"><ele>1221</ele>
        <time>2020-03-21T13:52:38Z</time>
      </trkpt>
      <trkpt lat="34.0952803" lon="-111.423949033"><ele>1220</ele>
        <time>2020-03-21T13:52:53Z</time>
      </trkpt>
      <trkpt lat="34.095282317" lon="-111.423916283"><ele>1220</ele>
        <time>2020-03-21T13:52:56Z</time>
      </trkpt>
      <trkpt lat="34.0953282" lon="-111.4238928"><ele>1220</ele>
        <time>2020-03-21T13:53:12Z</time>
      </trkpt>
      <trkpt lat="34.095336183" lon="-111.423862417"><ele>1222</ele>
        <time>2020-03-21T13:53:29Z</time>
      </trkpt>
      <trkpt lat="34.095339467" lon="-111.423888917"><ele>1222</ele>
        <time>2020-03-21T13:54:30Z</time>
      </trkpt>
      <trkpt lat="34.095388467" lon="-111.42392355"><ele>1222</ele>
        <time>2020-03-21T13:54:48Z</time>
      </trkpt>
      <trkpt lat="34.09539155" lon="-111.4239501"><ele>1220</ele>
        <time>2020-03-21T13:54:54Z</time>
      </trkpt>
      <trkpt lat="34.095314467" lon="-111.42405155"><ele>1220</ele>
        <time>2020-03-21T13:55:05Z</time>
      </trkpt>
      <trkpt lat="34.09528635" lon="-111.424063083"><ele>1220</ele>
        <time>2020-03-21T13:55:08Z</time>
      </trkpt>
      <trkpt lat="34.095232533" lon="-111.424129733"><ele>1220</ele>
        <time>2020-03-21T13:55:17Z</time>
      </trkpt>
      <trkpt lat="34.09512825" lon="-111.424175917"><ele>1221</ele>
        <time>2020-03-21T13:55:30Z</time>
      </trkpt>
      <trkpt lat="34.095107667" lon="-111.424209033"><ele>1221</ele>
        <time>2020-03-21T13:55:32Z</time>
      </trkpt>
      <trkpt lat="34.095106" lon="-111.4242736"><ele>1221</ele>
        <time>2020-03-21T13:55:36Z</time>
      </trkpt>
      <trkpt lat="34.095077867" lon="-111.424285483"><ele>1221</ele>
        <time>2020-03-21T13:55:40Z</time>
      </trkpt>
      <trkpt lat="34.09505925" lon="-111.424312683"><ele>1222</ele>
        <time>2020-03-21T13:55:42Z</time>
      </trkpt>
      <trkpt lat="34.0950289" lon="-111.424431117"><ele>1222</ele>
        <time>2020-03-21T13:55:48Z</time>
      </trkpt>
      <trkpt lat="34.095050367" lon="-111.424536767"><ele>1222</ele>
        <time>2020-03-21T13:55:53Z</time>
      </trkpt>
      <trkpt lat="34.09508125" lon="-111.4245936"><ele>1221</ele>
        <time>2020-03-21T13:55:57Z</time>
      </trkpt>
      <trkpt lat="34.095076633" lon="-111.424630217"><ele>1222</ele>
        <time>2020-03-21T13:56:00Z</time>
      </trkpt>
      <trkpt lat="34.0950381" lon="-111.424726683"><ele>1222</ele>
        <time>2020-03-21T13:56:06Z</time>
      </trkpt>
      <trkpt lat="34.095053833" lon="-111.424848333"><ele>1221</ele>
        <time>2020-03-21T13:56:12Z</time>
      </trkpt>
      <trkpt lat="34.095044517" lon="-111.42488685"><ele>1221</ele>
        <time>2020-03-21T13:56:14Z</time>
      </trkpt>
      <trkpt lat="34.095057717" lon="-111.424950883"><ele>1221</ele>
        <time>2020-03-21T13:56:18Z</time>
      </trkpt>
      <trkpt lat="34.095011433" lon="-111.425042567"><ele>1222</ele>
        <time>2020-03-21T13:56:24Z</time>
      </trkpt>
      <trkpt lat="34.095012267" lon="-111.42508305"><ele>1222</ele>
        <time>2020-03-21T13:56:26Z</time>
      </trkpt>
      <trkpt lat="34.095033583" lon="-111.425216683"><ele>1224</ele>
        <time>2020-03-21T13:56:35Z</time>
      </trkpt>
      <trkpt lat="34.095088033" lon="-111.42524925"><ele>1227</ele>
        <time>2020-03-21T13:56:39Z</time>
      </trkpt>
      <trkpt lat="34.0951692" lon="-111.4252443"><ele>1228</ele>
        <time>2020-03-21T13:56:45Z</time>
      </trkpt>
      <trkpt lat="34.095201817" lon="-111.425233133"><ele>1228</ele>
        <time>2020-03-21T13:56:47Z</time>
      </trkpt>
      <trkpt lat="34.095248767" lon="-111.42518765"><ele>1230</ele>
        <time>2020-03-21T13:56:52Z</time>
      </trkpt>
      <trkpt lat="34.09527365" lon="-111.425105883"><ele>1231</ele>
        <time>2020-03-21T13:56:56Z</time>
      </trkpt>
      <trkpt lat="34.095285983" lon="-111.42501235"><ele>1233</ele>
        <time>2020-03-21T13:57:00Z</time>
      </trkpt>
      <trkpt lat="34.095347683" lon="-111.424934567"><ele>1236</ele>
        <time>2020-03-21T13:57:08Z</time>
      </trkpt>
      <trkpt lat="34.095389467" lon="-111.424861983"><ele>1239</ele>
        <time>2020-03-21T13:57:14Z</time>
      </trkpt>
      <trkpt lat="34.09542585" lon="-111.4247626"><ele>1241</ele>
        <time>2020-03-21T13:57:21Z</time>
      </trkpt>
      <trkpt lat="34.095458367" lon="-111.424706233"><ele>1243</ele>
        <time>2020-03-21T13:57:25Z</time>
      </trkpt>
      <trkpt lat="34.095470183" lon="-111.424646533"><ele>1242</ele>
        <time>2020-03-21T13:57:29Z</time>
      </trkpt>
      <trkpt lat="34.095507683" lon="-111.424556367"><ele>1241</ele>
        <time>2020-03-21T13:57:54Z</time>
      </trkpt>
      <trkpt lat="34.0955575" lon="-111.424505283"><ele>1240</ele>
        <time>2020-03-21T13:57:58Z</time>
      </trkpt>
      <trkpt lat="34.095593167" lon="-111.42444515"><ele>1241</ele>
        <time>2020-03-21T13:58:02Z</time>
      </trkpt>
      <trkpt lat="34.0956284" lon="-111.424352833"><ele>1240</ele>
        <time>2020-03-21T13:58:11Z</time>
      </trkpt>
      <trkpt lat="34.095678283" lon="-111.4243149"><ele>1239</ele>
        <time>2020-03-21T13:58:21Z</time>
      </trkpt>
      <trkpt lat="34.095733167" lon="-111.424298767"><ele>1240</ele>
        <time>2020-03-21T13:58:25Z</time>
      </trkpt>
      <trkpt lat="34.095850583" lon="-111.4241996"><ele>1241</ele>
        <time>2020-03-21T13:58:35Z</time>
      </trkpt>
      <trkpt lat="34.09590315" lon="-111.424142917"><ele>1241</ele>
        <time>2020-03-21T13:58:39Z</time>
      </trkpt>
      <trkpt lat="34.09597965" lon="-111.42398885"><ele>1240</ele>
        <time>2020-03-21T13:58:48Z</time>
      </trkpt>
      <trkpt lat="34.0961968" lon="-111.423982617"><ele>1237</ele>
        <time>2020-03-21T13:59:04Z</time>
      </trkpt>
      <trkpt lat="34.096346383" lon="-111.42401915"><ele>1240</ele>
        <time>2020-03-21T13:59:14Z</time>
      </trkpt>
      <trkpt lat="34.09652455" lon="-111.4240085"><ele>1243</ele>
        <time>2020-03-21T13:59:27Z</time>
      </trkpt>
      <trkpt lat="34.096649683" lon="-111.424018833"><ele>1245</ele>
        <time>2020-03-21T13:59:37Z</time>
      </trkpt>
      <trkpt lat="34.096742183" lon="-111.424007533"><ele>1246</ele>
        <time>2020-03-21T13:59:43Z</time>
      </trkpt>
      <trkpt lat="34.096890017" lon="-111.423941467"><ele>1246</ele>
        <time>2020-03-21T13:59:53Z</time>
      </trkpt>
      <trkpt lat="34.096966033" lon="-111.4238735"><ele>1245</ele>
        <time>2020-03-21T13:59:59Z</time>
      </trkpt>
      <trkpt lat="34.096994683" lon="-111.423864967"><ele>1245</ele>
        <time>2020-03-21T14:00:01Z</time>
      </trkpt>
      <trkpt lat="34.097048067" lon="-111.423866583"><ele>1244</ele>
        <time>2020-03-21T14:00:05Z</time>
      </trkpt>
      <trkpt lat="34.0970672" lon="-111.423844283"><ele>1244</ele>
        <time>2020-03-21T14:00:07Z</time>
      </trkpt>
      <trkpt lat="34.097187167" lon="-111.423794583"><ele>1241</ele>
        <time>2020-03-21T14:00:15Z</time>
      </trkpt>
      <trkpt lat="34.097234217" lon="-111.423751383"><ele>1241</ele>
        <time>2020-03-21T14:00:19Z</time>
      </trkpt>
      <trkpt lat="34.097286467" lon="-111.423720367"><ele>1241</ele>
        <time>2020-03-21T14:00:23Z</time>
      </trkpt>
      <trkpt lat="34.097370417" lon="-111.423709933"><ele>1240</ele>
        <time>2020-03-21T14:00:29Z</time>
      </trkpt>
      <trkpt lat="34.097457183" lon="-111.42367685"><ele>1240</ele>
        <time>2020-03-21T14:00:35Z</time>
      </trkpt>
      <trkpt lat="34.097643917" lon="-111.423530717"><ele>1238</ele>
        <time>2020-03-21T14:00:49Z</time>
      </trkpt>
      <trkpt lat="34.097715583" lon="-111.423495117"><ele>1239</ele>
        <time>2020-03-21T14:00:55Z</time>
      </trkpt>
      <trkpt lat="34.097761733" lon="-111.42344865"><ele>1241</ele>
        <time>2020-03-21T14:00:59Z</time>
      </trkpt>
      <trkpt lat="34.0978175" lon="-111.423419917"><ele>1241</ele>
        <time>2020-03-21T14:01:03Z</time>
      </trkpt>
      <trkpt lat="34.097964867" lon="-111.423407667"><ele>1241</ele>
        <time>2020-03-21T14:01:13Z</time>
      </trkpt>
      <trkpt lat="34.098116817" lon="-111.423349283"><ele>1238</ele>
        <time>2020-03-21T14:01:23Z</time>
      </trkpt>
      <trkpt lat="34.098205267" lon="-111.423346167"><ele>1237</ele>
        <time>2020-03-21T14:01:29Z</time>
      </trkpt>
      <trkpt lat="34.098270183" lon="-111.42331915"><ele>1236</ele>
        <time>2020-03-21T14:01:33Z</time>
      </trkpt>
      <trkpt lat="34.0983609" lon="-111.423310217"><ele>1235</ele>
        <time>2020-03-21T14:01:39Z</time>
      </trkpt>
      <trkpt lat="34.098507183" lon="-111.423232417"><ele>1234</ele>
        <time>2020-03-21T14:01:49Z</time>
      </trkpt>
      <trkpt lat="34.098562583" lon="-111.42321655"><ele>1234</ele>
        <time>2020-03-21T14:01:54Z</time>
      </trkpt>
      <trkpt lat="34.09864395" lon="-111.423169883"><ele>1232</ele>
        <time>2020-03-21T14:02:00Z</time>
      </trkpt>
      <trkpt lat="34.098677383" lon="-111.423163833"><ele>1232</ele>
        <time>2020-03-21T14:02:02Z</time>
      </trkpt>
      <trkpt lat="34.0987316" lon="-111.42312455"><ele>1231</ele>
        <time>2020-03-21T14:02:06Z</time>
      </trkpt>
      <trkpt lat="34.098761267" lon="-111.423116383"><ele>1231</ele>
        <time>2020-03-21T14:02:08Z</time>
      </trkpt>
      <trkpt lat="34.098811433" lon="-111.423084117"><ele>1230</ele>
        <time>2020-03-21T14:02:12Z</time>
      </trkpt>
      <trkpt lat="34.098986667" lon="-111.423043317"><ele>1230</ele>
        <time>2020-03-21T14:02:24Z</time>
      </trkpt>
      <trkpt lat="34.099042967" lon="-111.423019583"><ele>1230</ele>
        <time>2020-03-21T14:02:28Z</time>
      </trkpt>
      <trkpt lat="34.099105967" lon="-111.423013483"><ele>1230</ele>
        <time>2020-03-21T14:02:32Z</time>
      </trkpt>
      <trkpt lat="34.099133283" lon="-111.422997417"><ele>1230</ele>
        <time>2020-03-21T14:02:34Z</time>
      </trkpt>
      <trkpt lat="34.099333083" lon="-111.4229348"><ele>1227</ele>
        <time>2020-03-21T14:02:46Z</time>
      </trkpt>
      <trkpt lat="34.0993883" lon="-111.42290165"><ele>1227</ele>
        <time>2020-03-21T14:02:50Z</time>
      </trkpt>
      <trkpt lat="34.0994492" lon="-111.422886817"><ele>1227</ele>
        <time>2020-03-21T14:02:54Z</time>
      </trkpt>
      <trkpt lat="34.099505067" lon="-111.4228466"><ele>1227</ele>
        <time>2020-03-21T14:02:58Z</time>
      </trkpt>
      <trkpt lat="34.0996211" lon="-111.422813667"><ele>1225</ele>
        <time>2020-03-21T14:03:06Z</time>
      </trkpt>
      <trkpt lat="34.099750267" lon="-111.422703683"><ele>1223</ele>
        <time>2020-03-21T14:03:16Z</time>
      </trkpt>
      <trkpt lat="34.099847017" lon="-111.4226677"><ele>1223</ele>
        <time>2020-03-21T14:03:22Z</time>
      </trkpt>
      <trkpt lat="34.100041517" lon="-111.4225347"><ele>1220</ele>
        <time>2020-03-21T14:03:36Z</time>
      </trkpt>
      <trkpt lat="34.100192683" lon="-111.422519417"><ele>1220</ele>
        <time>2020-03-21T14:03:46Z</time>
      </trkpt>
      <trkpt lat="34.100278733" lon="-111.422487167"><ele>1221</ele>
        <time>2020-03-21T14:03:52Z</time>
      </trkpt>
      <trkpt lat="34.100335167" lon="-111.4224887"><ele>1222</ele>
        <time>2020-03-21T14:03:56Z</time>
      </trkpt>
      <trkpt lat="34.1003623" lon="-111.422474917"><ele>1222</ele>
        <time>2020-03-21T14:03:58Z</time>
      </trkpt>
      <trkpt lat="34.100501233" lon="-111.42246435"><ele>1223</ele>
        <time>2020-03-21T14:04:08Z</time>
      </trkpt>
      <trkpt lat="34.100559683" lon="-111.42244215"><ele>1223</ele>
        <time>2020-03-21T14:04:12Z</time>
      </trkpt>
      <trkpt lat="34.100784333" lon="-111.422255133"><ele>1225</ele>
        <time>2020-03-21T14:04:30Z</time>
      </trkpt>
      <trkpt lat="34.100830933" lon="-111.422204083"><ele>1225</ele>
        <time>2020-03-21T14:04:34Z</time>
      </trkpt>
      <trkpt lat="34.100953567" lon="-111.422036667"><ele>1224</ele>
        <time>2020-03-21T14:05:00Z</time>
      </trkpt>
      <trkpt lat="34.100980667" lon="-111.421975933"><ele>1223</ele>
        <time>2020-03-21T14:05:04Z</time>
      </trkpt>
      <trkpt lat="34.10103845" lon="-111.4218927"><ele>1222</ele>
        <time>2020-03-21T14:05:10Z</time>
      </trkpt>
      <trkpt lat="34.101183433" lon="-111.421736667"><ele>1222</ele>
        <time>2020-03-21T14:05:24Z</time>
      </trkpt>
      <trkpt lat="34.101279717" lon="-111.421611433"><ele>1223</ele>
        <time>2020-03-21T14:05:32Z</time>
      </trkpt>
      <trkpt lat="34.101332433" lon="-111.42157735"><ele>1223</ele>
        <time>2020-03-21T14:05:36Z</time>
      </trkpt>
      <trkpt lat="34.101384283" lon="-111.421569517"><ele>1224</ele>
        <time>2020-03-21T14:05:40Z</time>
      </trkpt>
      <trkpt lat="34.101446" lon="-111.421624367"><ele>1223</ele>
        <time>2020-03-21T14:05:47Z</time>
      </trkpt>
      <trkpt lat="34.101464867" lon="-111.42168345"><ele>1219</ele>
        <time>2020-03-21T14:06:46Z</time>
      </trkpt>
      <trkpt lat="34.101526283" lon="-111.421781817"><ele>1216</ele>
        <time>2020-03-21T14:06:52Z</time>
      </trkpt>
      <trkpt lat="34.101562033" lon="-111.4218875"><ele>1214</ele>
        <time>2020-03-21T14:06:58Z</time>
      </trkpt>
      <trkpt lat="34.101586483" lon="-111.421915883"><ele>1213</ele>
        <time>2020-03-21T14:07:00Z</time>
      </trkpt>
      <trkpt lat="34.101642483" lon="-111.422049633"><ele>1213</ele>
        <time>2020-03-21T14:07:08Z</time>
      </trkpt>
      <trkpt lat="34.10170405" lon="-111.42213865"><ele>1213</ele>
        <time>2020-03-21T14:07:14Z</time>
      </trkpt>
      <trkpt lat="34.101740467" lon="-111.422243883"><ele>1212</ele>
        <time>2020-03-21T14:07:20Z</time>
      </trkpt>
      <trkpt lat="34.101793867" lon="-111.422344517"><ele>1211</ele>
        <time>2020-03-21T14:07:26Z</time>
      </trkpt>
      <trkpt lat="34.101829617" lon="-111.42260275"><ele>1209</ele>
        <time>2020-03-21T14:07:40Z</time>
      </trkpt>
      <trkpt lat="34.1018695" lon="-111.422726333"><ele>1206</ele>
        <time>2020-03-21T14:07:46Z</time>
      </trkpt>
      <trkpt lat="34.101874233" lon="-111.422923067"><ele>1203</ele>
        <time>2020-03-21T14:07:56Z</time>
      </trkpt>
      <trkpt lat="34.101899917" lon="-111.422960983"><ele>1203</ele>
        <time>2020-03-21T14:07:58Z</time>
      </trkpt>
      <trkpt lat="34.10198725" lon="-111.423010067"><ele>1202</ele>
        <time>2020-03-21T14:08:04Z</time>
      </trkpt>
      <trkpt lat="34.102113967" lon="-111.4230306"><ele>1201</ele>
        <time>2020-03-21T14:08:12Z</time>
      </trkpt>
      <trkpt lat="34.102243833" lon="-111.422996833"><ele>1201</ele>
        <time>2020-03-21T14:08:20Z</time>
      </trkpt>
      <trkpt lat="34.1022802" lon="-111.422997067"><ele>1200</ele>
        <time>2020-03-21T14:08:22Z</time>
      </trkpt>
      <trkpt lat="34.102342467" lon="-111.423017833"><ele>1199</ele>
        <time>2020-03-21T14:08:26Z</time>
      </trkpt>
      <trkpt lat="34.1023867" lon="-111.423057683"><ele>1198</ele>
        <time>2020-03-21T14:08:30Z</time>
      </trkpt>
      <trkpt lat="34.102416217" lon="-111.423111117"><ele>1197</ele>
        <time>2020-03-21T14:08:34Z</time>
      </trkpt>
      <trkpt lat="34.10239635" lon="-111.4231886"><ele>1196</ele>
        <time>2020-03-21T14:08:41Z</time>
      </trkpt>
      <trkpt lat="34.10244115" lon="-111.423288"><ele>1196</ele>
        <time>2020-03-21T14:08:55Z</time>
      </trkpt>
      <trkpt lat="34.1025208" lon="-111.42334925"><ele>1197</ele>
        <time>2020-03-21T14:09:01Z</time>
      </trkpt>
      <trkpt lat="34.102578817" lon="-111.423448883"><ele>1196</ele>
        <time>2020-03-21T14:09:07Z</time>
      </trkpt>
      <trkpt lat="34.1026601" lon="-111.4235046"><ele>1195</ele>
        <time>2020-03-21T14:09:14Z</time>
      </trkpt>
      <trkpt lat="34.102694317" lon="-111.423559217"><ele>1195</ele>
        <time>2020-03-21T14:09:18Z</time>
      </trkpt>
      <trkpt lat="34.102764833" lon="-111.423640517"><ele>1195</ele>
        <time>2020-03-21T14:09:25Z</time>
      </trkpt>
      <trkpt lat="34.102843883" lon="-111.423706233"><ele>1194</ele>
        <time>2020-03-21T14:09:31Z</time>
      </trkpt>
      <trkpt lat="34.1029497" lon="-111.423912017"><ele>1192</ele>
        <time>2020-03-21T14:09:43Z</time>
      </trkpt>
      <trkpt lat="34.102976317" lon="-111.423942217"><ele>1192</ele>
        <time>2020-03-21T14:09:45Z</time>
      </trkpt>
      <trkpt lat="34.10306125" lon="-111.423993483"><ele>1191</ele>
        <time>2020-03-21T14:09:51Z</time>
      </trkpt>
      <trkpt lat="34.103095067" lon="-111.424090833"><ele>1189</ele>
        <time>2020-03-21T14:09:58Z</time>
      </trkpt>
      <trkpt lat="34.103178067" lon="-111.4241241"><ele>1188</ele>
        <time>2020-03-21T14:10:04Z</time>
      </trkpt>
      <trkpt lat="34.103213683" lon="-111.424173"><ele>1187</ele>
        <time>2020-03-21T14:10:08Z</time>
      </trkpt>
      <trkpt lat="34.10325745" lon="-111.4242988"><ele>1186</ele>
        <time>2020-03-21T14:10:17Z</time>
      </trkpt>
      <trkpt lat="34.103301667" lon="-111.424391367"><ele>1183</ele>
        <time>2020-03-21T14:10:23Z</time>
      </trkpt>
      <trkpt lat="34.103318867" lon="-111.424506267"><ele>1182</ele>
        <time>2020-03-21T14:10:30Z</time>
      </trkpt>
      <trkpt lat="34.1033435" lon="-111.424571167"><ele>1181</ele>
        <time>2020-03-21T14:10:34Z</time>
      </trkpt>
      <trkpt lat="34.1033457" lon="-111.424726117"><ele>1186</ele>
        <time>2020-03-21T14:11:09Z</time>
      </trkpt>
      <trkpt lat="34.103364533" lon="-111.42477595"><ele>1186</ele>
        <time>2020-03-21T14:11:14Z</time>
      </trkpt>
      <trkpt lat="34.103405417" lon="-111.424823867"><ele>1185</ele>
        <time>2020-03-21T14:11:21Z</time>
      </trkpt>
      <trkpt lat="34.103414467" lon="-111.424849167"><ele>1186</ele>
        <time>2020-03-21T14:11:23Z</time>
      </trkpt>
      <trkpt lat="34.103430533" lon="-111.424910417"><ele>1186</ele>
        <time>2020-03-21T14:11:28Z</time>
      </trkpt>
      <trkpt lat="34.103440317" lon="-111.425019567"><ele>1185</ele>
        <time>2020-03-21T14:11:35Z</time>
      </trkpt>
      <trkpt lat="34.103470133" lon="-111.425083533"><ele>1186</ele>
        <time>2020-03-21T14:11:41Z</time>
      </trkpt>
      <trkpt lat="34.10346755" lon="-111.4251439"><ele>1188</ele>
        <time>2020-03-21T14:11:45Z</time>
      </trkpt>
      <trkpt lat="34.103511067" lon="-111.425229717"><ele>1189</ele>
        <time>2020-03-21T14:11:51Z</time>
      </trkpt>
      <trkpt lat="34.103634383" lon="-111.425354667"><ele>1190</ele>
        <time>2020-03-21T14:12:03Z</time>
      </trkpt>
      <trkpt lat="34.1036368" lon="-111.425384317"><ele>1191</ele>
        <time>2020-03-21T14:12:06Z</time>
      </trkpt>
      <trkpt lat="34.103572467" lon="-111.425434783"><ele>1191</ele>
        <time>2020-03-21T14:12:12Z</time>
      </trkpt>
      <trkpt lat="34.103530917" lon="-111.425481033"><ele>1191</ele>
        <time>2020-03-21T14:12:16Z</time>
      </trkpt>
      <trkpt lat="34.1034685" lon="-111.425647267"><ele>1188</ele>
        <time>2020-03-21T14:12:27Z</time>
      </trkpt>
      <trkpt lat="34.103492367" lon="-111.4259378"><ele>1188</ele>
        <time>2020-03-21T14:12:44Z</time>
      </trkpt>
      <trkpt lat="34.10347235" lon="-111.4259612"><ele>1188</ele>
        <time>2020-03-21T14:12:48Z</time>
      </trkpt>
      <trkpt lat="34.103396067" lon="-111.425993117"><ele>1188</ele>
        <time>2020-03-21T14:12:56Z</time>
      </trkpt>
      <trkpt lat="34.103365183" lon="-111.4260206"><ele>1189</ele>
        <time>2020-03-21T14:12:58Z</time>
      </trkpt>
      <trkpt lat="34.103317567" lon="-111.4260444"><ele>1191</ele>
        <time>2020-03-21T14:13:02Z</time>
      </trkpt>
      <trkpt lat="34.10322955" lon="-111.426130183"><ele>1195</ele>
        <time>2020-03-21T14:13:10Z</time>
      </trkpt>
      <trkpt lat="34.1032162" lon="-111.426168467"><ele>1195</ele>
        <time>2020-03-21T14:13:12Z</time>
      </trkpt>
      <trkpt lat="34.103175767" lon="-111.4262142"><ele>1196</ele>
        <time>2020-03-21T14:13:16Z</time>
      </trkpt>
      <trkpt lat="34.103110867" lon="-111.426341933"><ele>1197</ele>
        <time>2020-03-21T14:13:24Z</time>
      </trkpt>
      <trkpt lat="34.103007833" lon="-111.42648755"><ele>1197</ele>
        <time>2020-03-21T14:13:34Z</time>
      </trkpt>
      <trkpt lat="34.102977" lon="-111.426545733"><ele>1198</ele>
        <time>2020-03-21T14:13:41Z</time>
      </trkpt>
      <trkpt lat="34.102999033" lon="-111.4265519"><ele>1196</ele>
        <time>2020-03-21T14:13:57Z</time>
      </trkpt>
      <trkpt lat="34.103073783" lon="-111.42645885"><ele>1197</ele>
        <time>2020-03-21T14:14:06Z</time>
      </trkpt>
      <trkpt lat="34.103188717" lon="-111.42626175"><ele>1199</ele>
        <time>2020-03-21T14:14:20Z</time>
      </trkpt>
      <trkpt lat="34.1033765" lon="-111.426044883"><ele>1197</ele>
        <time>2020-03-21T14:14:39Z</time>
      </trkpt>
      <trkpt lat="34.10345915" lon="-111.426047133"><ele>1193</ele>
        <time>2020-03-21T14:14:47Z</time>
      </trkpt>
      <trkpt lat="34.1034976" lon="-111.425992367"><ele>1193</ele>
        <time>2020-03-21T14:14:51Z</time>
      </trkpt>
      <trkpt lat="34.103515167" lon="-111.425902933"><ele>1193</ele>
        <time>2020-03-21T14:14:55Z</time>
      </trkpt>
      <trkpt lat="34.1035136" lon="-111.4258148"><ele>1193</ele>
        <time>2020-03-21T14:14:59Z</time>
      </trkpt>
      <trkpt lat="34.103484717" lon="-111.425673283"><ele>1192</ele>
        <time>2020-03-21T14:15:07Z</time>
      </trkpt>
      <trkpt lat="34.10350325" lon="-111.425612633"><ele>1192</ele>
        <time>2020-03-21T14:15:12Z</time>
      </trkpt>
      <trkpt lat="34.103545217" lon="-111.425529217"><ele>1191</ele>
        <time>2020-03-21T14:15:20Z</time>
      </trkpt>
      <trkpt lat="34.103675967" lon="-111.42539625"><ele>1192</ele>
        <time>2020-03-21T14:15:33Z</time>
      </trkpt>
      <trkpt lat="34.1037652" lon="-111.425349683"><ele>1192</ele>
        <time>2020-03-21T14:15:39Z</time>
      </trkpt>
      <trkpt lat="34.103884883" lon="-111.425322483"><ele>1193</ele>
        <time>2020-03-21T14:15:47Z</time>
      </trkpt>
      <trkpt lat="34.103913717" lon="-111.425325583"><ele>1194</ele>
        <time>2020-03-21T14:15:49Z</time>
      </trkpt>
      <trkpt lat="34.103983633" lon="-111.425291933"><ele>1195</ele>
        <time>2020-03-21T14:15:53Z</time>
      </trkpt>
      <trkpt lat="34.104034467" lon="-111.42528385"><ele>1195</ele>
        <time>2020-03-21T14:15:57Z</time>
      </trkpt>
      <trkpt lat="34.104308033" lon="-111.4251723"><ele>1193</ele>
        <time>2020-03-21T14:16:15Z</time>
      </trkpt>
      <trkpt lat="34.104408067" lon="-111.425142567"><ele>1193</ele>
        <time>2020-03-21T14:16:21Z</time>
      </trkpt>
      <trkpt lat="34.104460633" lon="-111.425103267"><ele>1192</ele>
        <time>2020-03-21T14:16:25Z</time>
      </trkpt>
      <trkpt lat="34.10448965" lon="-111.425099383"><ele>1192</ele>
        <time>2020-03-21T14:16:27Z</time>
      </trkpt>
      <trkpt lat="34.104609133" lon="-111.425151833"><ele>1191</ele>
        <time>2020-03-21T14:16:35Z</time>
      </trkpt>
      <trkpt lat="34.104697117" lon="-111.425176133"><ele>1191</ele>
        <time>2020-03-21T14:16:41Z</time>
      </trkpt>
      <trkpt lat="34.1047868" lon="-111.425170817"><ele>1190</ele>
        <time>2020-03-21T14:16:47Z</time>
      </trkpt>
      <trkpt lat="34.104878667" lon="-111.425193017"><ele>1188</ele>
        <time>2020-03-21T14:16:53Z</time>
      </trkpt>
      <trkpt lat="34.104905117" lon="-111.42521325"><ele>1187</ele>
        <time>2020-03-21T14:16:55Z</time>
      </trkpt>
      <trkpt lat="34.10500015" lon="-111.42538805"><ele>1187</ele>
        <time>2020-03-21T14:17:07Z</time>
      </trkpt>
      <trkpt lat="34.10521965" lon="-111.4257511"><ele>1187</ele>
        <time>2020-03-21T14:17:31Z</time>
      </trkpt>
      <trkpt lat="34.105240567" lon="-111.4257785"><ele>1187</ele>
        <time>2020-03-21T14:17:33Z</time>
      </trkpt>
      <trkpt lat="34.105406217" lon="-111.425901567"><ele>1184</ele>
        <time>2020-03-21T14:17:46Z</time>
      </trkpt>
      <trkpt lat="34.1054525" lon="-111.425990117"><ele>1183</ele>
        <time>2020-03-21T14:17:52Z</time>
      </trkpt>
      <trkpt lat="34.105464833" lon="-111.426082433"><ele>1181</ele>
        <time>2020-03-21T14:17:58Z</time>
      </trkpt>
      <trkpt lat="34.105520933" lon="-111.426187533"><ele>1180</ele>
        <time>2020-03-21T14:18:04Z</time>
      </trkpt>
      <trkpt lat="34.105578617" lon="-111.426344817"><ele>1183</ele>
        <time>2020-03-21T14:18:16Z</time>
      </trkpt>
      <trkpt lat="34.1056694" lon="-111.426441467"><ele>1185</ele>
        <time>2020-03-21T14:18:24Z</time>
      </trkpt>
      <trkpt lat="34.105730167" lon="-111.426468517"><ele>1184</ele>
        <time>2020-03-21T14:18:28Z</time>
      </trkpt>
      <trkpt lat="34.105784367" lon="-111.426509217"><ele>1183</ele>
        <time>2020-03-21T14:18:32Z</time>
      </trkpt>
      <trkpt lat="34.10582675" lon="-111.426591583"><ele>1183</ele>
        <time>2020-03-21T14:18:38Z</time>
      </trkpt>
      <trkpt lat="34.105821" lon="-111.426658967"><ele>1185</ele>
        <time>2020-03-21T14:18:43Z</time>
      </trkpt>
      <trkpt lat="34.105829217" lon="-111.426692083"><ele>1186</ele>
        <time>2020-03-21T14:18:45Z</time>
      </trkpt>
      <trkpt lat="34.106002333" lon="-111.4269413"><ele>1186</ele>
        <time>2020-03-21T14:19:03Z</time>
      </trkpt>
      <trkpt lat="34.106080883" lon="-111.427085233"><ele>1184</ele>
        <time>2020-03-21T14:19:13Z</time>
      </trkpt>
      <trkpt lat="34.106174833" lon="-111.42716985"><ele>1185</ele>
        <time>2020-03-21T14:19:20Z</time>
      </trkpt>
      <trkpt lat="34.106216217" lon="-111.427239483"><ele>1187</ele>
        <time>2020-03-21T14:19:26Z</time>
      </trkpt>
      <trkpt lat="34.106228067" lon="-111.427295767"><ele>1188</ele>
        <time>2020-03-21T14:19:30Z</time>
      </trkpt>
      <trkpt lat="34.10616945" lon="-111.427424333"><ele>1189</ele>
        <time>2020-03-21T14:19:38Z</time>
      </trkpt>
      <trkpt lat="34.106182067" lon="-111.42760255"><ele>1191</ele>
        <time>2020-03-21T14:19:48Z</time>
      </trkpt>
      <trkpt lat="34.106167667" lon="-111.427674833"><ele>1191</ele>
        <time>2020-03-21T14:19:52Z</time>
      </trkpt>
      <trkpt lat="34.106182" lon="-111.427736317"><ele>1192</ele>
        <time>2020-03-21T14:19:56Z</time>
      </trkpt>
      <trkpt lat="34.106306067" lon="-111.427902983"><ele>1192</ele>
        <time>2020-03-21T14:20:09Z</time>
      </trkpt>
      <trkpt lat="34.106419" lon="-111.427979"><ele>1191</ele>
        <time>2020-03-21T14:20:18Z</time>
      </trkpt>
      <trkpt lat="34.106606533" lon="-111.427988133"><ele>1191</ele>
        <time>2020-03-21T14:20:32Z</time>
      </trkpt>
      <trkpt lat="34.106635233" lon="-111.428002917"><ele>1193</ele>
        <time>2020-03-21T14:20:35Z</time>
      </trkpt>
      <trkpt lat="34.106699333" lon="-111.428113983"><ele>1196</ele>
        <time>2020-03-21T14:20:45Z</time>
      </trkpt>
      <trkpt lat="34.10677335" lon="-111.4281825"><ele>1198</ele>
        <time>2020-03-21T14:20:52Z</time>
      </trkpt>
      <trkpt lat="34.106831433" lon="-111.42820105"><ele>1199</ele>
        <time>2020-03-21T14:20:56Z</time>
      </trkpt>
      <trkpt lat="34.106872767" lon="-111.428231917"><ele>1200</ele>
        <time>2020-03-21T14:21:00Z</time>
      </trkpt>
      <trkpt lat="34.106913367" lon="-111.428296783"><ele>1201</ele>
        <time>2020-03-21T14:21:04Z</time>
      </trkpt>
      <trkpt lat="34.1069371" lon="-111.428316883"><ele>1200</ele>
        <time>2020-03-21T14:21:06Z</time>
      </trkpt>
      <trkpt lat="34.107021567" lon="-111.4283605"><ele>1202</ele>
        <time>2020-03-21T14:21:14Z</time>
      </trkpt>
      <trkpt lat="34.107150633" lon="-111.4285395"><ele>1203</ele>
        <time>2020-03-21T14:21:29Z</time>
      </trkpt>
      <trkpt lat="34.107204567" lon="-111.42865725"><ele>1204</ele>
        <time>2020-03-21T14:21:37Z</time>
      </trkpt>
      <trkpt lat="34.107299717" lon="-111.428781033"><ele>1206</ele>
        <time>2020-03-21T14:21:47Z</time>
      </trkpt>
      <trkpt lat="34.1074313" lon="-111.429191533"><ele>1213</ele>
        <time>2020-03-21T14:22:16Z</time>
      </trkpt>
      <trkpt lat="34.107494267" lon="-111.4292923"><ele>1215</ele>
        <time>2020-03-21T14:22:24Z</time>
      </trkpt>
      <trkpt lat="34.107544167" lon="-111.429333283"><ele>1215</ele>
        <time>2020-03-21T14:22:28Z</time>
      </trkpt>
      <trkpt lat="34.107566883" lon="-111.429383683"><ele>1216</ele>
        <time>2020-03-21T14:22:32Z</time>
      </trkpt>
      <trkpt lat="34.107573667" lon="-111.429422367"><ele>1217</ele>
        <time>2020-03-21T14:22:35Z</time>
      </trkpt>
      <trkpt lat="34.107560117" lon="-111.42948815"><ele>1218</ele>
        <time>2020-03-21T14:22:39Z</time>
      </trkpt>
      <trkpt lat="34.107554533" lon="-111.4295914"><ele>1217</ele>
        <time>2020-03-21T14:22:45Z</time>
      </trkpt>
      <trkpt lat="34.10756995" lon="-111.42963105"><ele>1217</ele>
        <time>2020-03-21T14:22:47Z</time>
      </trkpt>
      <trkpt lat="34.107585683" lon="-111.429728283"><ele>1217</ele>
        <time>2020-03-21T14:22:53Z</time>
      </trkpt>
      <trkpt lat="34.107639833" lon="-111.42985925"><ele>1218</ele>
        <time>2020-03-21T14:23:01Z</time>
      </trkpt>
      <trkpt lat="34.1077187" lon="-111.430011583"><ele>1220</ele>
        <time>2020-03-21T14:23:11Z</time>
      </trkpt>
      <trkpt lat="34.1077722" lon="-111.430088167"><ele>1220</ele>
        <time>2020-03-21T14:23:17Z</time>
      </trkpt>
      <trkpt lat="34.107849233" lon="-111.430286117"><ele>1224</ele>
        <time>2020-03-21T14:23:31Z</time>
      </trkpt>
      <trkpt lat="34.10790145" lon="-111.430376283"><ele>1218</ele>
        <time>2020-03-21T14:23:36Z</time>
      </trkpt>
      <trkpt lat="34.107992133" lon="-111.430483517"><ele>1218</ele>
        <time>2020-03-21T14:23:44Z</time>
      </trkpt>
      <trkpt lat="34.10811945" lon="-111.430730733"><ele>1215</ele>
        <time>2020-03-21T14:24:00Z</time>
      </trkpt>
      <trkpt lat="34.10818635" lon="-111.43083795"><ele>1214</ele>
        <time>2020-03-21T14:24:08Z</time>
      </trkpt>
      <trkpt lat="34.108225117" lon="-111.43094175"><ele>1216</ele>
        <time>2020-03-21T14:24:14Z</time>
      </trkpt>
      <trkpt lat="34.10830345" lon="-111.431043817"><ele>1217</ele>
        <time>2020-03-21T14:24:22Z</time>
      </trkpt>
      <trkpt lat="34.108308833" lon="-111.431146"><ele>1219</ele>
        <time>2020-03-21T14:24:29Z</time>
      </trkpt>
      <trkpt lat="34.10832115" lon="-111.431172617"><ele>1220</ele>
        <time>2020-03-21T14:24:31Z</time>
      </trkpt>
      <trkpt lat="34.108389267" lon="-111.431231283"><ele>1221</ele>
        <time>2020-03-21T14:24:37Z</time>
      </trkpt>
      <trkpt lat="34.108461083" lon="-111.431253717"><ele>1222</ele>
        <time>2020-03-21T14:24:43Z</time>
      </trkpt>
      <trkpt lat="34.108511583" lon="-111.431253767"><ele>1223</ele>
        <time>2020-03-21T14:24:47Z</time>
      </trkpt>
      <trkpt lat="34.108533917" lon="-111.431278267"><ele>1223</ele>
        <time>2020-03-21T14:24:49Z</time>
      </trkpt>
      <trkpt lat="34.108557617" lon="-111.431334833"><ele>1224</ele>
        <time>2020-03-21T14:24:53Z</time>
      </trkpt>
      <trkpt lat="34.108664833" lon="-111.43137545"><ele>1223</ele>
        <time>2020-03-21T14:25:01Z</time>
      </trkpt>
      <trkpt lat="34.10869035" lon="-111.43138015"><ele>1223</ele>
        <time>2020-03-21T14:25:03Z</time>
      </trkpt>
      <trkpt lat="34.108777917" lon="-111.4313649"><ele>1223</ele>
        <time>2020-03-21T14:25:09Z</time>
      </trkpt>
      <trkpt lat="34.108862617" lon="-111.43128875"><ele>1224</ele>
        <time>2020-03-21T14:25:17Z</time>
      </trkpt>
      <trkpt lat="34.108934283" lon="-111.431305433"><ele>1226</ele>
        <time>2020-03-21T14:25:23Z</time>
      </trkpt>
      <trkpt lat="34.1089535" lon="-111.4313267"><ele>1226</ele>
        <time>2020-03-21T14:25:25Z</time>
      </trkpt>
      <trkpt lat="34.109094" lon="-111.431331433"><ele>1228</ele>
        <time>2020-03-21T14:25:35Z</time>
      </trkpt>
      <trkpt lat="34.1092176" lon="-111.431352517"><ele>1228</ele>
        <time>2020-03-21T14:25:44Z</time>
      </trkpt>
      <trkpt lat="34.109269183" lon="-111.431394517"><ele>1228</ele>
        <time>2020-03-21T14:25:48Z</time>
      </trkpt>
      <trkpt lat="34.109329317" lon="-111.43142065"><ele>1228</ele>
        <time>2020-03-21T14:25:52Z</time>
      </trkpt>
      <trkpt lat="34.109378017" lon="-111.431461833"><ele>1227</ele>
        <time>2020-03-21T14:25:56Z</time>
      </trkpt>
      <trkpt lat="34.10944" lon="-111.431477983"><ele>1226</ele>
        <time>2020-03-21T14:26:00Z</time>
      </trkpt>
      <trkpt lat="34.109562533" lon="-111.43145645"><ele>1224</ele>
        <time>2020-03-21T14:26:08Z</time>
      </trkpt>
      <trkpt lat="34.109630017" lon="-111.431466783"><ele>1223</ele>
        <time>2020-03-21T14:26:12Z</time>
      </trkpt>
      <trkpt lat="34.1097185" lon="-111.431421117"><ele>1222</ele>
        <time>2020-03-21T14:26:18Z</time>
      </trkpt>
      <trkpt lat="34.109773783" lon="-111.431414267"><ele>1221</ele>
        <time>2020-03-21T14:26:22Z</time>
      </trkpt>
      <trkpt lat="34.109829667" lon="-111.431367067"><ele>1219</ele>
        <time>2020-03-21T14:26:26Z</time>
      </trkpt>
      <trkpt lat="34.109950283" lon="-111.431344417"><ele>1219</ele>
        <time>2020-03-21T14:26:33Z</time>
      </trkpt>
      <trkpt lat="34.110000467" lon="-111.431298317"><ele>1217</ele>
        <time>2020-03-21T14:26:37Z</time>
      </trkpt>
      <trkpt lat="34.110134167" lon="-111.431226233"><ele>1215</ele>
        <time>2020-03-21T14:26:47Z</time>
      </trkpt>
      <trkpt lat="34.11023095" lon="-111.431157383"><ele>1214</ele>
        <time>2020-03-21T14:26:55Z</time>
      </trkpt>
      <trkpt lat="34.1102578" lon="-111.431155183"><ele>1214</ele>
        <time>2020-03-21T14:26:57Z</time>
      </trkpt>
      <trkpt lat="34.110281717" lon="-111.43116535"><ele>1213</ele>
        <time>2020-03-21T14:26:59Z</time>
      </trkpt>
      <trkpt lat="34.110297" lon="-111.43118755"><ele>1213</ele>
        <time>2020-03-21T14:27:01Z</time>
      </trkpt>
      <trkpt lat="34.1104013" lon="-111.431235167"><ele>1212</ele>
        <time>2020-03-21T14:27:09Z</time>
      </trkpt>
      <trkpt lat="34.110573267" lon="-111.43122465"><ele>1219</ele>
        <time>2020-03-21T14:27:24Z</time>
      </trkpt>
      <trkpt lat="34.1107153" lon="-111.431112833"><ele>1220</ele>
        <time>2020-03-21T14:27:36Z</time>
      </trkpt>
      <trkpt lat="34.1107558" lon="-111.431067567"><ele>1221</ele>
        <time>2020-03-21T14:27:39Z</time>
      </trkpt>
      <trkpt lat="34.110764967" lon="-111.430991383"><ele>1220</ele>
        <time>2020-03-21T14:27:42Z</time>
      </trkpt>
      <trkpt lat="34.11075535" lon="-111.430875233"><ele>1219</ele>
        <time>2020-03-21T14:27:48Z</time>
      </trkpt>
      <trkpt lat="34.1107895" lon="-111.430822833"><ele>1219</ele>
        <time>2020-03-21T14:27:52Z</time>
      </trkpt>
      <trkpt lat="34.110801717" lon="-111.430766617"><ele>1218</ele>
        <time>2020-03-21T14:27:56Z</time>
      </trkpt>
      <trkpt lat="34.11082175" lon="-111.430738617"><ele>1219</ele>
        <time>2020-03-21T14:27:58Z</time>
      </trkpt>
      <trkpt lat="34.110908567" lon="-111.4305018"><ele>1218</ele>
        <time>2020-03-21T14:28:12Z</time>
      </trkpt>
      <trkpt lat="34.110936933" lon="-111.4303849"><ele>1217</ele>
        <time>2020-03-21T14:28:18Z</time>
      </trkpt>
      <trkpt lat="34.110936167" lon="-111.430270017"><ele>1217</ele>
        <time>2020-03-21T14:28:24Z</time>
      </trkpt>
      <trkpt lat="34.110953133" lon="-111.43016055"><ele>1216</ele>
        <time>2020-03-21T14:28:30Z</time>
      </trkpt>
      <trkpt lat="34.111027633" lon="-111.429978667"><ele>1215</ele>
        <time>2020-03-21T14:28:40Z</time>
      </trkpt>
      <trkpt lat="34.111046033" lon="-111.429951217"><ele>1215</ele>
        <time>2020-03-21T14:28:42Z</time>
      </trkpt>
      <trkpt lat="34.111143683" lon="-111.429872467"><ele>1216</ele>
        <time>2020-03-21T14:28:51Z</time>
      </trkpt>
      <trkpt lat="34.111197083" lon="-111.429853217"><ele>1216</ele>
        <time>2020-03-21T14:28:55Z</time>
      </trkpt>
      <trkpt lat="34.111336017" lon="-111.429837967"><ele>1218</ele>
        <time>2020-03-21T14:29:06Z</time>
      </trkpt>
      <trkpt lat="34.111383517" lon="-111.429852183"><ele>1219</ele>
        <time>2020-03-21T14:29:10Z</time>
      </trkpt>
      <trkpt lat="34.11142775" lon="-111.429900767"><ele>1218</ele>
        <time>2020-03-21T14:29:15Z</time>
      </trkpt>
      <trkpt lat="34.11154335" lon="-111.4301024"><ele>1213</ele>
        <time>2020-03-21T14:29:49Z</time>
      </trkpt>
      <trkpt lat="34.111641783" lon="-111.430235767"><ele>1213</ele>
        <time>2020-03-21T14:29:59Z</time>
      </trkpt>
      <trkpt lat="34.111733183" lon="-111.430421783"><ele>1210</ele>
        <time>2020-03-21T14:30:11Z</time>
      </trkpt>
      <trkpt lat="34.11180375" lon="-111.430602783"><ele>1209</ele>
        <time>2020-03-21T14:30:21Z</time>
      </trkpt>
      <trkpt lat="34.1118188" lon="-111.43067475"><ele>1208</ele>
        <time>2020-03-21T14:30:25Z</time>
      </trkpt>
      <trkpt lat="34.1118535" lon="-111.43076925"><ele>1208</ele>
        <time>2020-03-21T14:30:31Z</time>
      </trkpt>
      <trkpt lat="34.111853217" lon="-111.430797733"><ele>1208</ele>
        <time>2020-03-21T14:30:33Z</time>
      </trkpt>
      <trkpt lat="34.1118907" lon="-111.430890017"><ele>1206</ele>
        <time>2020-03-21T14:30:39Z</time>
      </trkpt>
      <trkpt lat="34.111898817" lon="-111.43096355"><ele>1205</ele>
        <time>2020-03-21T14:30:45Z</time>
      </trkpt>
      <trkpt lat="34.111921533" lon="-111.43102585"><ele>1204</ele>
        <time>2020-03-21T14:30:49Z</time>
      </trkpt>
      <trkpt lat="34.111870067" lon="-111.4313433"><ele>1204</ele>
        <time>2020-03-21T14:31:07Z</time>
      </trkpt>
      <trkpt lat="34.111905083" lon="-111.431486017"><ele>1202</ele>
        <time>2020-03-21T14:31:15Z</time>
      </trkpt>
      <trkpt lat="34.111944333" lon="-111.43173975"><ele>1198</ele>
        <time>2020-03-21T14:31:29Z</time>
      </trkpt>
      <trkpt lat="34.111965633" lon="-111.43180955"><ele>1198</ele>
        <time>2020-03-21T14:31:33Z</time>
      </trkpt>
      <trkpt lat="34.111965633" lon="-111.4319164"><ele>1197</ele>
        <time>2020-03-21T14:31:38Z</time>
      </trkpt>
      <trkpt lat="34.112011883" lon="-111.4320659"><ele>1202</ele>
        <time>2020-03-21T14:31:51Z</time>
      </trkpt>
      <trkpt lat="34.112007467" lon="-111.432097117"><ele>1204</ele>
        <time>2020-03-21T14:31:54Z</time>
      </trkpt>
      <trkpt lat="34.112046317" lon="-111.43224925"><ele>1208</ele>
        <time>2020-03-21T14:32:05Z</time>
      </trkpt>
      <trkpt lat="34.112092317" lon="-111.432301783"><ele>1209</ele>
        <time>2020-03-21T14:32:11Z</time>
      </trkpt>
      <trkpt lat="34.11216935" lon="-111.432307"><ele>1211</ele>
        <time>2020-03-21T14:32:18Z</time>
      </trkpt>
      <trkpt lat="34.112282483" lon="-111.4322724"><ele>1215</ele>
        <time>2020-03-21T14:32:29Z</time>
      </trkpt>
      <trkpt lat="34.112433617" lon="-111.432203667"><ele>1217</ele>
        <time>2020-03-21T14:32:43Z</time>
      </trkpt>
      <trkpt lat="34.1126362" lon="-111.4320595"><ele>1219</ele>
        <time>2020-03-21T14:32:59Z</time>
      </trkpt>
      <trkpt lat="34.11266005" lon="-111.432006533"><ele>1219</ele>
        <time>2020-03-21T14:33:03Z</time>
      </trkpt>
      <trkpt lat="34.112750483" lon="-111.431893367"><ele>1218</ele>
        <time>2020-03-21T14:33:12Z</time>
      </trkpt>
      <trkpt lat="34.112777183" lon="-111.431872917"><ele>1218</ele>
        <time>2020-03-21T14:33:14Z</time>
      </trkpt>
      <trkpt lat="34.112858833" lon="-111.4317436"><ele>1218</ele>
        <time>2020-03-21T14:33:23Z</time>
      </trkpt>
      <trkpt lat="34.112937967" lon="-111.431550967"><ele>1216</ele>
        <time>2020-03-21T14:33:35Z</time>
      </trkpt>
      <trkpt lat="34.1129538" lon="-111.431491267"><ele>1216</ele>
        <time>2020-03-21T14:33:43Z</time>
      </trkpt>
      <trkpt lat="34.113015417" lon="-111.431385417"><ele>1215</ele>
        <time>2020-03-21T14:33:51Z</time>
      </trkpt>
      <trkpt lat="34.113117433" lon="-111.431271933"><ele>1215</ele>
        <time>2020-03-21T14:34:25Z</time>
      </trkpt>
      <trkpt lat="34.113293017" lon="-111.431130867"><ele>1213</ele>
        <time>2020-03-21T14:34:39Z</time>
      </trkpt>
      <trkpt lat="34.11336205" lon="-111.431084333"><ele>1214</ele>
        <time>2020-03-21T14:34:45Z</time>
      </trkpt>
      <trkpt lat="34.11347305" lon="-111.431058967"><ele>1215</ele>
        <time>2020-03-21T14:34:54Z</time>
      </trkpt>
      <trkpt lat="34.113498933" lon="-111.4310338"><ele>1215</ele>
        <time>2020-03-21T14:34:56Z</time>
      </trkpt>
      <trkpt lat="34.1135335" lon="-111.430961983"><ele>1214</ele>
        <time>2020-03-21T14:35:00Z</time>
      </trkpt>
      <trkpt lat="34.1135765" lon="-111.430917717"><ele>1213</ele>
        <time>2020-03-21T14:35:05Z</time>
      </trkpt>
      <trkpt lat="34.11385915" lon="-111.43083785"><ele>1215</ele>
        <time>2020-03-21T14:35:29Z</time>
      </trkpt>
      <trkpt lat="34.114003217" lon="-111.430821633"><ele>1216</ele>
        <time>2020-03-21T14:35:39Z</time>
      </trkpt>
      <trkpt lat="34.114146317" lon="-111.430756917"><ele>1217</ele>
        <time>2020-03-21T14:35:49Z</time>
      </trkpt>
      <trkpt lat="34.114316033" lon="-111.430660583"><ele>1216</ele>
        <time>2020-03-21T14:36:01Z</time>
      </trkpt>
      <trkpt lat="34.114379317" lon="-111.430551333"><ele>1214</ele>
        <time>2020-03-21T14:36:07Z</time>
      </trkpt>
      <trkpt lat="34.1145419" lon="-111.430413383"><ele>1211</ele>
        <time>2020-03-21T14:36:23Z</time>
      </trkpt>
      <trkpt lat="34.114654717" lon="-111.4303607"><ele>1210</ele>
        <time>2020-03-21T14:36:38Z</time>
      </trkpt>
      <trkpt lat="34.114746817" lon="-111.430340683"><ele>1209</ele>
        <time>2020-03-21T14:36:46Z</time>
      </trkpt>
      <trkpt lat="34.114830617" lon="-111.430219683"><ele>1207</ele>
        <time>2020-03-21T14:36:54Z</time>
      </trkpt>
      <trkpt lat="34.114855933" lon="-111.430197233"><ele>1206</ele>
        <time>2020-03-21T14:36:56Z</time>
      </trkpt>
      <trkpt lat="34.115035633" lon="-111.430143333"><ele>1203</ele>
        <time>2020-03-21T14:37:08Z</time>
      </trkpt>
      <trkpt lat="34.115089817" lon="-111.430158917"><ele>1202</ele>
        <time>2020-03-21T14:37:12Z</time>
      </trkpt>
      <trkpt lat="34.11512035" lon="-111.43015605"><ele>1202</ele>
        <time>2020-03-21T14:37:14Z</time>
      </trkpt>
      <trkpt lat="34.11520815" lon="-111.43011795"><ele>1200</ele>
        <time>2020-03-21T14:37:20Z</time>
      </trkpt>
      <trkpt lat="34.115359267" lon="-111.430070783"><ele>1198</ele>
        <time>2020-03-21T14:37:30Z</time>
      </trkpt>
      <trkpt lat="34.115389583" lon="-111.430045083"><ele>1198</ele>
        <time>2020-03-21T14:37:33Z</time>
      </trkpt>
      <trkpt lat="34.115435367" lon="-111.429924583"><ele>1198</ele>
        <time>2020-03-21T14:37:39Z</time>
      </trkpt>
      <trkpt lat="34.115503333" lon="-111.429873717"><ele>1197</ele>
        <time>2020-03-21T14:37:45Z</time>
      </trkpt>
      <trkpt lat="34.115592233" lon="-111.429652317"><ele>1192</ele>
        <time>2020-03-21T14:37:58Z</time>
      </trkpt>
      <trkpt lat="34.115595683" lon="-111.429617383"><ele>1191</ele>
        <time>2020-03-21T14:38:00Z</time>
      </trkpt>
      <trkpt lat="34.1156407" lon="-111.429522917"><ele>1189</ele>
        <time>2020-03-21T14:38:06Z</time>
      </trkpt>
      <trkpt lat="34.1156789" lon="-111.429466633"><ele>1189</ele>
        <time>2020-03-21T14:38:10Z</time>
      </trkpt>
      <trkpt lat="34.115687117" lon="-111.429426867"><ele>1189</ele>
        <time>2020-03-21T14:38:12Z</time>
      </trkpt>
      <trkpt lat="34.115674667" lon="-111.429344433"><ele>1188</ele>
        <time>2020-03-21T14:38:16Z</time>
      </trkpt>
      <trkpt lat="34.115714817" lon="-111.42921565"><ele>1186</ele>
        <time>2020-03-21T14:38:24Z</time>
      </trkpt>
      <trkpt lat="34.115724567" lon="-111.42914145"><ele>1185</ele>
        <time>2020-03-21T14:38:28Z</time>
      </trkpt>
      <trkpt lat="34.115712617" lon="-111.429097483"><ele>1185</ele>
        <time>2020-03-21T14:38:30Z</time>
      </trkpt>
      <trkpt lat="34.115714517" lon="-111.429020867"><ele>1184</ele>
        <time>2020-03-21T14:38:34Z</time>
      </trkpt>
      <trkpt lat="34.115690433" lon="-111.42895415"><ele>1184</ele>
        <time>2020-03-21T14:38:38Z</time>
      </trkpt>
      <trkpt lat="34.115691933" lon="-111.4289159"><ele>1183</ele>
        <time>2020-03-21T14:38:40Z</time>
      </trkpt>
      <trkpt lat="34.115713033" lon="-111.428845867"><ele>1183</ele>
        <time>2020-03-21T14:38:44Z</time>
      </trkpt>
      <trkpt lat="34.1157167" lon="-111.428735483"><ele>1181</ele>
        <time>2020-03-21T14:38:50Z</time>
      </trkpt>
      <trkpt lat="34.115743933" lon="-111.428638083"><ele>1181</ele>
        <time>2020-03-21T14:38:56Z</time>
      </trkpt>
      <trkpt lat="34.115772267" lon="-111.42861735"><ele>1181</ele>
        <time>2020-03-21T14:39:00Z</time>
      </trkpt>
      <trkpt lat="34.1157877" lon="-111.428576933"><ele>1180</ele>
        <time>2020-03-21T14:39:02Z</time>
      </trkpt>
      <trkpt lat="34.115844167" lon="-111.428293883"><ele>1176</ele>
        <time>2020-03-21T14:39:17Z</time>
      </trkpt>
      <trkpt lat="34.115912033" lon="-111.428189583"><ele>1175</ele>
        <time>2020-03-21T14:39:25Z</time>
      </trkpt>
      <trkpt lat="34.1159536" lon="-111.428090433"><ele>1174</ele>
        <time>2020-03-21T14:39:31Z</time>
      </trkpt>
      <trkpt lat="34.115973817" lon="-111.4280654"><ele>1174</ele>
        <time>2020-03-21T14:39:33Z</time>
      </trkpt>
      <trkpt lat="34.116028483" lon="-111.428030517"><ele>1174</ele>
        <time>2020-03-21T14:39:37Z</time>
      </trkpt>
      <trkpt lat="34.116055583" lon="-111.427965933"><ele>1174</ele>
        <time>2020-03-21T14:39:41Z</time>
      </trkpt>
      <trkpt lat="34.116111567" lon="-111.42788875"><ele>1174</ele>
        <time>2020-03-21T14:39:47Z</time>
      </trkpt>
      <trkpt lat="34.116167" lon="-111.427680717"><ele>1171</ele>
        <time>2020-03-21T14:39:57Z</time>
      </trkpt>
      <trkpt lat="34.116196333" lon="-111.427622083"><ele>1170</ele>
        <time>2020-03-21T14:40:01Z</time>
      </trkpt>
      <trkpt lat="34.116235967" lon="-111.427579667"><ele>1170</ele>
        <time>2020-03-21T14:40:05Z</time>
      </trkpt>
      <trkpt lat="34.116301167" lon="-111.427477683"><ele>1169</ele>
        <time>2020-03-21T14:40:14Z</time>
      </trkpt>
      <trkpt lat="34.116337467" lon="-111.4273858"><ele>1169</ele>
        <time>2020-03-21T14:40:20Z</time>
      </trkpt>
      <trkpt lat="34.116370483" lon="-111.427337117"><ele>1167</ele>
        <time>2020-03-21T14:40:24Z</time>
      </trkpt>
      <trkpt lat="34.116472383" lon="-111.4272285"><ele>1167</ele>
        <time>2020-03-21T14:40:34Z</time>
      </trkpt>
      <trkpt lat="34.116583533" lon="-111.427047467"><ele>1164</ele>
        <time>2020-03-21T14:40:47Z</time>
      </trkpt>
      <trkpt lat="34.116688217" lon="-111.426920517"><ele>1165</ele>
        <time>2020-03-21T14:40:57Z</time>
      </trkpt>
      <trkpt lat="34.1167148" lon="-111.426900767"><ele>1165</ele>
        <time>2020-03-21T14:40:59Z</time>
      </trkpt>
      <trkpt lat="34.116747933" lon="-111.42685075"><ele>1165</ele>
        <time>2020-03-21T14:41:03Z</time>
      </trkpt>
      <trkpt lat="34.116797917" lon="-111.426819017"><ele>1165</ele>
        <time>2020-03-21T14:41:07Z</time>
      </trkpt>
      <trkpt lat="34.1168188" lon="-111.426783567"><ele>1165</ele>
        <time>2020-03-21T14:41:09Z</time>
      </trkpt>
      <trkpt lat="34.116923" lon="-111.426676"><ele>1163</ele>
        <time>2020-03-21T14:41:19Z</time>
      </trkpt>
      <trkpt lat="34.1169979" lon="-111.426628767"><ele>1162</ele>
        <time>2020-03-21T14:41:25Z</time>
      </trkpt>
      <trkpt lat="34.117044633" lon="-111.426584483"><ele>1160</ele>
        <time>2020-03-21T14:41:29Z</time>
      </trkpt>
      <trkpt lat="34.117074783" lon="-111.426521333"><ele>1159</ele>
        <time>2020-03-21T14:41:33Z</time>
      </trkpt>
      <trkpt lat="34.117133983" lon="-111.426498567"><ele>1158</ele>
        <time>2020-03-21T14:41:37Z</time>
      </trkpt>
      <trkpt lat="34.117173683" lon="-111.42647145"><ele>1155</ele>
        <time>2020-03-21T14:41:54Z</time>
      </trkpt>
      <trkpt lat="34.117242367" lon="-111.42645945"><ele>1155</ele>
        <time>2020-03-21T14:41:59Z</time>
      </trkpt>
      <trkpt lat="34.117325183" lon="-111.426376417"><ele>1154</ele>
        <time>2020-03-21T14:42:05Z</time>
      </trkpt>
      <trkpt lat="34.1173814" lon="-111.426338917"><ele>1152</ele>
        <time>2020-03-21T14:42:09Z</time>
      </trkpt>
      <trkpt lat="34.11740565" lon="-111.426311717"><ele>1152</ele>
        <time>2020-03-21T14:42:11Z</time>
      </trkpt>
      <trkpt lat="34.117438533" lon="-111.426239933"><ele>1151</ele>
        <time>2020-03-21T14:42:15Z</time>
      </trkpt>
      <trkpt lat="34.11750345" lon="-111.426152533"><ele>1151</ele>
        <time>2020-03-21T14:42:21Z</time>
      </trkpt>
      <trkpt lat="34.117553183" lon="-111.426120783"><ele>1150</ele>
        <time>2020-03-21T14:42:25Z</time>
      </trkpt>
      <trkpt lat="34.117592983" lon="-111.4260535"><ele>1148</ele>
        <time>2020-03-21T14:42:29Z</time>
      </trkpt>
      <trkpt lat="34.117649167" lon="-111.426018017"><ele>1148</ele>
        <time>2020-03-21T14:42:33Z</time>
      </trkpt>
      <trkpt lat="34.117674867" lon="-111.425967667"><ele>1147</ele>
        <time>2020-03-21T14:42:35Z</time>
      </trkpt>
      <trkpt lat="34.11769735" lon="-111.4259444"><ele>1147</ele>
        <time>2020-03-21T14:42:37Z</time>
      </trkpt>
      <trkpt lat="34.117841167" lon="-111.425958933"><ele>1146</ele>
        <time>2020-03-21T14:42:47Z</time>
      </trkpt>
      <trkpt lat="34.11793705" lon="-111.425902633"><ele>1145</ele>
        <time>2020-03-21T14:42:53Z</time>
      </trkpt>
      <trkpt lat="34.11803525" lon="-111.42578505"><ele>1144</ele>
        <time>2020-03-21T14:43:01Z</time>
      </trkpt>
      <trkpt lat="34.118149867" lon="-111.425676783"><ele>1144</ele>
        <time>2020-03-21T14:43:09Z</time>
      </trkpt>
      <trkpt lat="34.118294783" lon="-111.425627117"><ele>1144</ele>
        <time>2020-03-21T14:43:19Z</time>
      </trkpt>
      <trkpt lat="34.118415767" lon="-111.425555983"><ele>1144</ele>
        <time>2020-03-21T14:43:27Z</time>
      </trkpt>
      <trkpt lat="34.118499117" lon="-111.42553935"><ele>1143</ele>
        <time>2020-03-21T14:43:33Z</time>
      </trkpt>
      <trkpt lat="34.118556567" lon="-111.425496567"><ele>1143</ele>
        <time>2020-03-21T14:43:37Z</time>
      </trkpt>
      <trkpt lat="34.1186432" lon="-111.425454933"><ele>1143</ele>
        <time>2020-03-21T14:43:43Z</time>
      </trkpt>
      <trkpt lat="34.118667967" lon="-111.42545875"><ele>1142</ele>
        <time>2020-03-21T14:43:45Z</time>
      </trkpt>
      <trkpt lat="34.11873155" lon="-111.425514767"><ele>1142</ele>
        <time>2020-03-21T14:43:51Z</time>
      </trkpt>
      <trkpt lat="34.118759867" lon="-111.425517733"><ele>1142</ele>
        <time>2020-03-21T14:43:53Z</time>
      </trkpt>
      <trkpt lat="34.118813967" lon="-111.42556635"><ele>1142</ele>
        <time>2020-03-21T14:43:58Z</time>
      </trkpt>
      <trkpt lat="34.118913917" lon="-111.4256185"><ele>1140</ele>
        <time>2020-03-21T14:44:06Z</time>
      </trkpt>
      <trkpt lat="34.11898465" lon="-111.425693483"><ele>1139</ele>
        <time>2020-03-21T14:44:12Z</time>
      </trkpt>
      <trkpt lat="34.119064683" lon="-111.4257063"><ele>1140</ele>
        <time>2020-03-21T14:44:19Z</time>
      </trkpt>
      <trkpt lat="34.119165867" lon="-111.42578145"><ele>1139</ele>
        <time>2020-03-21T14:44:27Z</time>
      </trkpt>
      <trkpt lat="34.11919795" lon="-111.42579045"><ele>1139</ele>
        <time>2020-03-21T14:44:29Z</time>
      </trkpt>
      <trkpt lat="34.1192999" lon="-111.425851367"><ele>1140</ele>
        <time>2020-03-21T14:44:37Z</time>
      </trkpt>
      <trkpt lat="34.119355133" lon="-111.425901033"><ele>1140</ele>
        <time>2020-03-21T14:44:41Z</time>
      </trkpt>
      <trkpt lat="34.119386667" lon="-111.425914317"><ele>1139</ele>
        <time>2020-03-21T14:44:43Z</time>
      </trkpt>
      <trkpt lat="34.119446517" lon="-111.425921367"><ele>1139</ele>
        <time>2020-03-21T14:44:47Z</time>
      </trkpt>
      <trkpt lat="34.11946775" lon="-111.425941683"><ele>1139</ele>
        <time>2020-03-21T14:44:49Z</time>
      </trkpt>
      <trkpt lat="34.119520167" lon="-111.425954617"><ele>1139</ele>
        <time>2020-03-21T14:44:51Z</time>
      </trkpt>
      <trkpt lat="34.1195491" lon="-111.42595"><ele>1138</ele>
        <time>2020-03-21T14:44:53Z</time>
      </trkpt>
      <trkpt lat="34.119606917" lon="-111.425974417"><ele>1139</ele>
        <time>2020-03-21T14:44:57Z</time>
      </trkpt>
      <trkpt lat="34.11966285" lon="-111.42598255"><ele>1138</ele>
        <time>2020-03-21T14:45:01Z</time>
      </trkpt>
      <trkpt lat="34.119768933" lon="-111.426049833"><ele>1138</ele>
        <time>2020-03-21T14:45:09Z</time>
      </trkpt>
      <trkpt lat="34.1198041" lon="-111.426059833"><ele>1138</ele>
        <time>2020-03-21T14:45:11Z</time>
      </trkpt>
      <trkpt lat="34.11995825" lon="-111.426043333"><ele>1139</ele>
        <time>2020-03-21T14:45:21Z</time>
      </trkpt>
      <trkpt lat="34.12008345" lon="-111.4260091"><ele>1138</ele>
        <time>2020-03-21T14:45:29Z</time>
      </trkpt>
      <trkpt lat="34.120218817" lon="-111.426095817"><ele>1138</ele>
        <time>2020-03-21T14:45:39Z</time>
      </trkpt>
      <trkpt lat="34.120315217" lon="-111.42607315"><ele>1138</ele>
        <time>2020-03-21T14:45:45Z</time>
      </trkpt>
      <trkpt lat="34.120345833" lon="-111.426075017"><ele>1137</ele>
        <time>2020-03-21T14:45:47Z</time>
      </trkpt>
      <trkpt lat="34.120496017" lon="-111.426118267"><ele>1136</ele>
        <time>2020-03-21T14:45:57Z</time>
      </trkpt>
      <trkpt lat="34.120681617" lon="-111.426147017"><ele>1137</ele>
        <time>2020-03-21T14:46:09Z</time>
      </trkpt>
      <trkpt lat="34.120710917" lon="-111.426161683"><ele>1136</ele>
        <time>2020-03-21T14:46:11Z</time>
      </trkpt>
      <trkpt lat="34.120797717" lon="-111.426249667"><ele>1136</ele>
        <time>2020-03-21T14:46:19Z</time>
      </trkpt>
      <trkpt lat="34.120832333" lon="-111.42631285"><ele>1136</ele>
        <time>2020-03-21T14:46:24Z</time>
      </trkpt>
      <trkpt lat="34.120818233" lon="-111.426352667"><ele>1135</ele>
        <time>2020-03-21T14:46:27Z</time>
      </trkpt>
      <trkpt lat="34.120818917" lon="-111.426415717"><ele>1134</ele>
        <time>2020-03-21T14:46:32Z</time>
      </trkpt>
      <trkpt lat="34.120800817" lon="-111.42651"><ele>1133</ele>
        <time>2020-03-21T14:46:39Z</time>
      </trkpt>
      <trkpt lat="34.120816433" lon="-111.42672915"><ele>1130</ele>
        <time>2020-03-21T14:46:58Z</time>
      </trkpt>
      <trkpt lat="34.120877" lon="-111.426882517"><ele>1131</ele>
        <time>2020-03-21T14:47:08Z</time>
      </trkpt>
      <trkpt lat="34.120880233" lon="-111.426917617"><ele>1131</ele>
        <time>2020-03-21T14:47:10Z</time>
      </trkpt>
      <trkpt lat="34.1208581" lon="-111.42709655"><ele>1131</ele>
        <time>2020-03-21T14:47:39Z</time>
      </trkpt>
      <trkpt lat="34.120880467" lon="-111.4271315"><ele>1130</ele>
        <time>2020-03-21T14:47:41Z</time>
      </trkpt>
      <trkpt lat="34.120881967" lon="-111.427370467"><ele>1126</ele>
        <time>2020-03-21T14:47:55Z</time>
      </trkpt>
      <trkpt lat="34.120911233" lon="-111.427486933"><ele>1125</ele>
        <time>2020-03-21T14:48:01Z</time>
      </trkpt>
      <trkpt lat="34.120907167" lon="-111.427519083"><ele>1125</ele>
        <time>2020-03-21T14:48:02Z</time>
      </trkpt>
      <trkpt lat="34.120792967" lon="-111.427647433"><ele>1124</ele>
        <time>2020-03-21T14:48:13Z</time>
      </trkpt>
      <trkpt lat="34.1207802" lon="-111.427678683"><ele>1124</ele>
        <time>2020-03-21T14:48:15Z</time>
      </trkpt>
      <trkpt lat="34.1207851" lon="-111.427715033"><ele>1124</ele>
        <time>2020-03-21T14:48:17Z</time>
      </trkpt>
      <trkpt lat="34.120823883" lon="-111.427764833"><ele>1124</ele>
        <time>2020-03-21T14:48:21Z</time>
      </trkpt>
      <trkpt lat="34.120839183" lon="-111.427848567"><ele>1124</ele>
        <time>2020-03-21T14:48:28Z</time>
      </trkpt>
      <trkpt lat="34.120887117" lon="-111.427925083"><ele>1123</ele>
        <time>2020-03-21T14:48:40Z</time>
      </trkpt>
      <trkpt lat="34.1209604" lon="-111.427978267"><ele>1124</ele>
        <time>2020-03-21T14:48:46Z</time>
      </trkpt>
      <trkpt lat="34.121022317" lon="-111.42798925"><ele>1124</ele>
        <time>2020-03-21T14:48:50Z</time>
      </trkpt>
      <trkpt lat="34.12107915" lon="-111.428016167"><ele>1124</ele>
        <time>2020-03-21T14:48:54Z</time>
      </trkpt>
      <trkpt lat="34.121128867" lon="-111.428061417"><ele>1126</ele>
        <time>2020-03-21T14:49:00Z</time>
      </trkpt>
      <trkpt lat="34.121127567" lon="-111.428130183"><ele>1126</ele>
        <time>2020-03-21T14:49:06Z</time>
      </trkpt>
      <trkpt lat="34.121153033" lon="-111.42820445"><ele>1126</ele>
        <time>2020-03-21T14:49:10Z</time>
      </trkpt>
      <trkpt lat="34.12114955" lon="-111.4282406"><ele>1126</ele>
        <time>2020-03-21T14:49:12Z</time>
      </trkpt>
      <trkpt lat="34.12107255" lon="-111.42838685"><ele>1125</ele>
        <time>2020-03-21T14:49:22Z</time>
      </trkpt>
      <trkpt lat="34.121057367" lon="-111.428489867"><ele>1124</ele>
        <time>2020-03-21T14:49:36Z</time>
      </trkpt>
      <trkpt lat="34.1210952" lon="-111.428898567"><ele>1128</ele>
        <time>2020-03-21T14:50:04Z</time>
      </trkpt>
      <trkpt lat="34.121112133" lon="-111.428963217"><ele>1129</ele>
        <time>2020-03-21T14:50:08Z</time>
      </trkpt>
      <trkpt lat="34.121106483" lon="-111.429004917"><ele>1130</ele>
        <time>2020-03-21T14:50:12Z</time>
      </trkpt>
      <trkpt lat="34.121140733" lon="-111.429131267"><ele>1130</ele>
        <time>2020-03-21T14:50:24Z</time>
      </trkpt>
      <trkpt lat="34.121105833" lon="-111.42918595"><ele>1130</ele>
        <time>2020-03-21T14:50:29Z</time>
      </trkpt>
      <trkpt lat="34.121121083" lon="-111.429282183"><ele>1130</ele>
        <time>2020-03-21T14:50:35Z</time>
      </trkpt>
      <trkpt lat="34.121094167" lon="-111.429455717"><ele>1132</ele>
        <time>2020-03-21T14:50:47Z</time>
      </trkpt>
      <trkpt lat="34.1210721" lon="-111.4295176"><ele>1134</ele>
        <time>2020-03-21T14:50:55Z</time>
      </trkpt>
      <trkpt lat="34.12103855" lon="-111.429574767"><ele>1134</ele>
        <time>2020-03-21T14:50:59Z</time>
      </trkpt>
      <trkpt lat="34.121027983" lon="-111.4296688"><ele>1134</ele>
        <time>2020-03-21T14:51:03Z</time>
      </trkpt>
      <trkpt lat="34.121151517" lon="-111.430011567"><ele>1137</ele>
        <time>2020-03-21T14:51:24Z</time>
      </trkpt>
      <trkpt lat="34.121160183" lon="-111.430073383"><ele>1138</ele>
        <time>2020-03-21T14:51:28Z</time>
      </trkpt>
      <trkpt lat="34.121189" lon="-111.4301443"><ele>1138</ele>
        <time>2020-03-21T14:51:32Z</time>
      </trkpt>
      <trkpt lat="34.1212937" lon="-111.43022455"><ele>1137</ele>
        <time>2020-03-21T14:51:40Z</time>
      </trkpt>
      <trkpt lat="34.121342167" lon="-111.430208683"><ele>1138</ele>
        <time>2020-03-21T14:51:44Z</time>
      </trkpt>
      <trkpt lat="34.121373483" lon="-111.430210033"><ele>1138</ele>
        <time>2020-03-21T14:51:46Z</time>
      </trkpt>
      <trkpt lat="34.1215406" lon="-111.430253583"><ele>1137</ele>
        <time>2020-03-21T14:51:58Z</time>
      </trkpt>
      <trkpt lat="34.121593267" lon="-111.43024525"><ele>1136</ele>
        <time>2020-03-21T14:52:02Z</time>
      </trkpt>
      <trkpt lat="34.121638517" lon="-111.430225517"><ele>1136</ele>
        <time>2020-03-21T14:52:06Z</time>
      </trkpt>
      <trkpt lat="34.12167935" lon="-111.430173133"><ele>1134</ele>
        <time>2020-03-21T14:52:27Z</time>
      </trkpt>
      <trkpt lat="34.12167955" lon="-111.430069783"><ele>1133</ele>
        <time>2020-03-21T14:52:50Z</time>
      </trkpt>
      <trkpt lat="34.12166115" lon="-111.430034467"><ele>1135</ele>
        <time>2020-03-21T14:54:19Z</time>
      </trkpt>
      <trkpt lat="34.12168655" lon="-111.4299414"><ele>1135</ele>
        <time>2020-03-21T14:55:21Z</time>
      </trkpt>
      <trkpt lat="34.121714" lon="-111.429924067"><ele>1139</ele>
        <time>2020-03-21T14:56:06Z</time>
      </trkpt>
      <trkpt lat="34.121729583" lon="-111.42990055"><ele>1140</ele>
        <time>2020-03-21T14:56:10Z</time>
      </trkpt>
      <trkpt lat="34.121756117" lon="-111.42992715"><ele>1142</ele>
        <time>2020-03-21T14:56:20Z</time>
      </trkpt>
      <trkpt lat="34.12178655" lon="-111.42994095"><ele>1142</ele>
        <time>2020-03-21T14:56:23Z</time>
      </trkpt>
      <trkpt lat="34.121846883" lon="-111.42994305"><ele>1143</ele>
        <time>2020-03-21T14:56:27Z</time>
      </trkpt>
      <trkpt lat="34.121990883" lon="-111.430101667"><ele>1150</ele>
        <time>2020-03-21T14:56:43Z</time>
      </trkpt>
      <trkpt lat="34.122032867" lon="-111.4301749"><ele>1151</ele>
        <time>2020-03-21T14:56:49Z</time>
      </trkpt>
      <trkpt lat="34.122078167" lon="-111.430213017"><ele>1152</ele>
        <time>2020-03-21T14:56:54Z</time>
      </trkpt>
      <trkpt lat="34.122189467" lon="-111.430277283"><ele>1155</ele>
        <time>2020-03-21T14:57:06Z</time>
      </trkpt>
      <trkpt lat="34.122366683" lon="-111.43046735"><ele>1159</ele>
        <time>2020-03-21T14:57:29Z</time>
      </trkpt>
      <trkpt lat="34.122458133" lon="-111.430612533"><ele>1159</ele>
        <time>2020-03-21T14:57:41Z</time>
      </trkpt>
      <trkpt lat="34.12248885" lon="-111.43063695"><ele>1159</ele>
        <time>2020-03-21T14:57:50Z</time>
      </trkpt>
      <trkpt lat="34.122533767" lon="-111.430753783"><ele>1159</ele>
        <time>2020-03-21T14:57:57Z</time>
      </trkpt>
      <trkpt lat="34.122555833" lon="-111.430845467"><ele>1157</ele>
        <time>2020-03-21T14:58:04Z</time>
      </trkpt>
      <trkpt lat="34.12259695" lon="-111.4309431"><ele>1156</ele>
        <time>2020-03-21T14:58:10Z</time>
      </trkpt>
      <trkpt lat="34.122605133" lon="-111.431006567"><ele>1156</ele>
        <time>2020-03-21T14:58:14Z</time>
      </trkpt>
      <trkpt lat="34.122567833" lon="-111.43118965"><ele>1153</ele>
        <time>2020-03-21T14:58:24Z</time>
      </trkpt>
      <trkpt lat="34.12257155" lon="-111.4312572"><ele>1154</ele>
        <time>2020-03-21T14:58:29Z</time>
      </trkpt>
      <trkpt lat="34.12262195" lon="-111.431332467"><ele>1155</ele>
        <time>2020-03-21T14:58:35Z</time>
      </trkpt>
      <trkpt lat="34.122641733" lon="-111.431470283"><ele>1157</ele>
        <time>2020-03-21T14:58:44Z</time>
      </trkpt>
      <trkpt lat="34.122637067" lon="-111.431505233"><ele>1158</ele>
        <time>2020-03-21T14:58:47Z</time>
      </trkpt>
      <trkpt lat="34.122590483" lon="-111.43158105"><ele>1158</ele>
        <time>2020-03-21T14:58:53Z</time>
      </trkpt>
      <trkpt lat="34.12257245" lon="-111.4317233"><ele>1158</ele>
        <time>2020-03-21T14:59:01Z</time>
      </trkpt>
      <trkpt lat="34.1225776" lon="-111.431808017"><ele>1159</ele>
        <time>2020-03-21T14:59:05Z</time>
      </trkpt>
      <trkpt lat="34.122542667" lon="-111.43192355"><ele>1161</ele>
        <time>2020-03-21T14:59:14Z</time>
      </trkpt>
      <trkpt lat="34.122565683" lon="-111.432096917"><ele>1166</ele>
        <time>2020-03-21T14:59:26Z</time>
      </trkpt>
      <trkpt lat="34.122580283" lon="-111.43212365"><ele>1167</ele>
        <time>2020-03-21T14:59:28Z</time>
      </trkpt>
      <trkpt lat="34.122560283" lon="-111.432231767"><ele>1166</ele>
        <time>2020-03-21T14:59:46Z</time>
      </trkpt>
      <trkpt lat="34.122547617" lon="-111.4323979"><ele>1169</ele>
        <time>2020-03-21T14:59:57Z</time>
      </trkpt>
      <trkpt lat="34.122515233" lon="-111.432534317"><ele>1172</ele>
        <time>2020-03-21T15:00:08Z</time>
      </trkpt>
      <trkpt lat="34.122499717" lon="-111.432555083"><ele>1173</ele>
        <time>2020-03-21T15:00:10Z</time>
      </trkpt>
      <trkpt lat="34.122497767" lon="-111.4326231"><ele>1175</ele>
        <time>2020-03-21T15:00:15Z</time>
      </trkpt>
      <trkpt lat="34.12251575" lon="-111.4326978"><ele>1177</ele>
        <time>2020-03-21T15:00:21Z</time>
      </trkpt>
      <trkpt lat="34.12249" lon="-111.432854317"><ele>1181</ele>
        <time>2020-03-21T15:00:33Z</time>
      </trkpt>
      <trkpt lat="34.1225105" lon="-111.4329084"><ele>1182</ele>
        <time>2020-03-21T15:00:37Z</time>
      </trkpt>
      <trkpt lat="34.122496933" lon="-111.433047"><ele>1183</ele>
        <time>2020-03-21T15:00:48Z</time>
      </trkpt>
      <trkpt lat="34.1224429" lon="-111.433155417"><ele>1183</ele>
        <time>2020-03-21T15:00:56Z</time>
      </trkpt>
      <trkpt lat="34.1224391" lon="-111.4331888"><ele>1183</ele>
        <time>2020-03-21T15:00:58Z</time>
      </trkpt>
      <trkpt lat="34.122409067" lon="-111.433243667"><ele>1182</ele>
        <time>2020-03-21T15:01:02Z</time>
      </trkpt>
      <trkpt lat="34.1223804" lon="-111.4333453"><ele>1184</ele>
        <time>2020-03-21T15:01:11Z</time>
      </trkpt>
      <trkpt lat="34.12238895" lon="-111.433421833"><ele>1187</ele>
        <time>2020-03-21T15:01:18Z</time>
      </trkpt>
      <trkpt lat="34.122431567" lon="-111.433519167"><ele>1189</ele>
        <time>2020-03-21T15:01:26Z</time>
      </trkpt>
      <trkpt lat="34.12244755" lon="-111.433579717"><ele>1190</ele>
        <time>2020-03-21T15:01:30Z</time>
      </trkpt>
      <trkpt lat="34.122436067" lon="-111.433653433"><ele>1192</ele>
        <time>2020-03-21T15:01:35Z</time>
      </trkpt>
      <trkpt lat="34.122452633" lon="-111.433687117"><ele>1192</ele>
        <time>2020-03-21T15:01:39Z</time>
      </trkpt>
      <trkpt lat="34.122454733" lon="-111.4337309"><ele>1193</ele>
        <time>2020-03-21T15:01:42Z</time>
      </trkpt>
      <trkpt lat="34.122476033" lon="-111.43379115"><ele>1192</ele>
        <time>2020-03-21T15:01:52Z</time>
      </trkpt>
      <trkpt lat="34.1224728" lon="-111.433995"><ele>1191</ele>
        <time>2020-03-21T15:02:13Z</time>
      </trkpt>
      <trkpt lat="34.122562267" lon="-111.4342528"><ele>1198</ele>
        <time>2020-03-21T15:02:55Z</time>
      </trkpt>
      <trkpt lat="34.122566733" lon="-111.434390167"><ele>1198</ele>
        <time>2020-03-21T15:03:03Z</time>
      </trkpt>
      <trkpt lat="34.12258415" lon="-111.4344505"><ele>1199</ele>
        <time>2020-03-21T15:03:07Z</time>
      </trkpt>
      <trkpt lat="34.12258335" lon="-111.434488967"><ele>1199</ele>
        <time>2020-03-21T15:03:09Z</time>
      </trkpt>
      <trkpt lat="34.1225722" lon="-111.434513467"><ele>1199</ele>
        <time>2020-03-21T15:03:11Z</time>
      </trkpt>
      <trkpt lat="34.122575633" lon="-111.434615267"><ele>1197</ele>
        <time>2020-03-21T15:03:17Z</time>
      </trkpt>
      <trkpt lat="34.12256485" lon="-111.43469095"><ele>1196</ele>
        <time>2020-03-21T15:03:21Z</time>
      </trkpt>
      <trkpt lat="34.122570867" lon="-111.43472645"><ele>1196</ele>
        <time>2020-03-21T15:03:23Z</time>
      </trkpt>
      <trkpt lat="34.122548983" lon="-111.434835533"><ele>1195</ele>
        <time>2020-03-21T15:03:29Z</time>
      </trkpt>
      <trkpt lat="34.122562333" lon="-111.43490855"><ele>1195</ele>
        <time>2020-03-21T15:03:33Z</time>
      </trkpt>
      <trkpt lat="34.122715067" lon="-111.435240433"><ele>1196</ele>
        <time>2020-03-21T15:03:55Z</time>
      </trkpt>
      <trkpt lat="34.122726033" lon="-111.435350533"><ele>1197</ele>
        <time>2020-03-21T15:04:04Z</time>
      </trkpt>
      <trkpt lat="34.1227468" lon="-111.435418483"><ele>1200</ele>
        <time>2020-03-21T15:04:10Z</time>
      </trkpt>
      <trkpt lat="34.122837283" lon="-111.435555967"><ele>1203</ele>
        <time>2020-03-21T15:04:22Z</time>
      </trkpt>
      <trkpt lat="34.122831833" lon="-111.43577835"><ele>1204</ele>
        <time>2020-03-21T15:04:36Z</time>
      </trkpt>
      <trkpt lat="34.122821233" lon="-111.435812133"><ele>1203</ele>
        <time>2020-03-21T15:04:38Z</time>
      </trkpt>
      <trkpt lat="34.122795567" lon="-111.435861683"><ele>1202</ele>
        <time>2020-03-21T15:04:42Z</time>
      </trkpt>
      <trkpt lat="34.122748417" lon="-111.435894183"><ele>1201</ele>
        <time>2020-03-21T15:04:46Z</time>
      </trkpt>
      <trkpt lat="34.12269495" lon="-111.43596645"><ele>1199</ele>
        <time>2020-03-21T15:04:52Z</time>
      </trkpt>
      <trkpt lat="34.12268965" lon="-111.436003517"><ele>1199</ele>
        <time>2020-03-21T15:04:54Z</time>
      </trkpt>
      <trkpt lat="34.122723483" lon="-111.436178817"><ele>1198</ele>
        <time>2020-03-21T15:05:05Z</time>
      </trkpt>
      <trkpt lat="34.122723383" lon="-111.436246967"><ele>1198</ele>
        <time>2020-03-21T15:05:09Z</time>
      </trkpt>
      <trkpt lat="34.122759083" lon="-111.436339933"><ele>1198</ele>
        <time>2020-03-21T15:05:15Z</time>
      </trkpt>
      <trkpt lat="34.122776717" lon="-111.43648535"><ele>1198</ele>
        <time>2020-03-21T15:05:23Z</time>
      </trkpt>
      <trkpt lat="34.122864267" lon="-111.436628283"><ele>1197</ele>
        <time>2020-03-21T15:05:32Z</time>
      </trkpt>
      <trkpt lat="34.1229588" lon="-111.436707233"><ele>1197</ele>
        <time>2020-03-21T15:05:40Z</time>
      </trkpt>
      <trkpt lat="34.123103683" lon="-111.436774583"><ele>1195</ele>
        <time>2020-03-21T15:05:50Z</time>
      </trkpt>
      <trkpt lat="34.123246083" lon="-111.43689065"><ele>1197</ele>
        <time>2020-03-21T15:06:02Z</time>
      </trkpt>
      <trkpt lat="34.123310833" lon="-111.43696415"><ele>1197</ele>
        <time>2020-03-21T15:06:08Z</time>
      </trkpt>
      <trkpt lat="34.1234316" lon="-111.4371695"><ele>1198</ele>
        <time>2020-03-21T15:06:23Z</time>
      </trkpt>
      <trkpt lat="34.123492483" lon="-111.437294267"><ele>1198</ele>
        <time>2020-03-21T15:06:31Z</time>
      </trkpt>
      <trkpt lat="34.123521967" lon="-111.4373922"><ele>1199</ele>
        <time>2020-03-21T15:06:38Z</time>
      </trkpt>
      <trkpt lat="34.1235244" lon="-111.437661017"><ele>1197</ele>
        <time>2020-03-21T15:06:54Z</time>
      </trkpt>
      <trkpt lat="34.123552617" lon="-111.437864467"><ele>1195</ele>
        <time>2020-03-21T15:07:06Z</time>
      </trkpt>
      <trkpt lat="34.1236107" lon="-111.437996567"><ele>1194</ele>
        <time>2020-03-21T15:07:14Z</time>
      </trkpt>
      <trkpt lat="34.123692317" lon="-111.4381128"><ele>1192</ele>
        <time>2020-03-21T15:07:22Z</time>
      </trkpt>
      <trkpt lat="34.123738967" lon="-111.438157133"><ele>1192</ele>
        <time>2020-03-21T15:07:26Z</time>
      </trkpt>
      <trkpt lat="34.123968217" lon="-111.438268533"><ele>1191</ele>
        <time>2020-03-21T15:07:42Z</time>
      </trkpt>
      <trkpt lat="34.124043533" lon="-111.4383297"><ele>1191</ele>
        <time>2020-03-21T15:07:50Z</time>
      </trkpt>
      <trkpt lat="34.124057283" lon="-111.43839155"><ele>1191</ele>
        <time>2020-03-21T15:07:56Z</time>
      </trkpt>
      <trkpt lat="34.124006467" lon="-111.438518283"><ele>1190</ele>
        <time>2020-03-21T15:08:06Z</time>
      </trkpt>
      <trkpt lat="34.1239898" lon="-111.438683217"><ele>1188</ele>
        <time>2020-03-21T15:08:16Z</time>
      </trkpt>
      <trkpt lat="34.1240037" lon="-111.438722017"><ele>1188</ele>
        <time>2020-03-21T15:08:18Z</time>
      </trkpt>
      <trkpt lat="34.1240574" lon="-111.438797033"><ele>1187</ele>
        <time>2020-03-21T15:08:25Z</time>
      </trkpt>
      <trkpt lat="34.124106533" lon="-111.43883055"><ele>1187</ele>
        <time>2020-03-21T15:08:30Z</time>
      </trkpt>
      <trkpt lat="34.124165667" lon="-111.438897883"><ele>1187</ele>
        <time>2020-03-21T15:08:37Z</time>
      </trkpt>
      <trkpt lat="34.124222933" lon="-111.438906517"><ele>1188</ele>
        <time>2020-03-21T15:08:41Z</time>
      </trkpt>
      <trkpt lat="34.124282483" lon="-111.43890315"><ele>1188</ele>
        <time>2020-03-21T15:08:45Z</time>
      </trkpt>
      <trkpt lat="34.124312483" lon="-111.4389154"><ele>1188</ele>
        <time>2020-03-21T15:08:47Z</time>
      </trkpt>
      <trkpt lat="34.124363383" lon="-111.438956567"><ele>1190</ele>
        <time>2020-03-21T15:08:54Z</time>
      </trkpt>
      <trkpt lat="34.124415533" lon="-111.4390763"><ele>1190</ele>
        <time>2020-03-21T15:09:04Z</time>
      </trkpt>
      <trkpt lat="34.124445867" lon="-111.4391849"><ele>1190</ele>
        <time>2020-03-21T15:09:10Z</time>
      </trkpt>
      <trkpt lat="34.124438917" lon="-111.439314317"><ele>1191</ele>
        <time>2020-03-21T15:09:19Z</time>
      </trkpt>
      <trkpt lat="34.124446517" lon="-111.439380333"><ele>1191</ele>
        <time>2020-03-21T15:09:23Z</time>
      </trkpt>
      <trkpt lat="34.124503933" lon="-111.439482233"><ele>1189</ele>
        <time>2020-03-21T15:09:29Z</time>
      </trkpt>
      <trkpt lat="34.124537117" lon="-111.439589667"><ele>1190</ele>
        <time>2020-03-21T15:09:37Z</time>
      </trkpt>
      <trkpt lat="34.124607817" lon="-111.439729667"><ele>1189</ele>
        <time>2020-03-21T15:09:49Z</time>
      </trkpt>
      <trkpt lat="34.124601917" lon="-111.4397683"><ele>1188</ele>
        <time>2020-03-21T15:09:53Z</time>
      </trkpt>
      <trkpt lat="34.124569583" lon="-111.439821683"><ele>1188</ele>
        <time>2020-03-21T15:09:59Z</time>
      </trkpt>
      <trkpt lat="34.1245655" lon="-111.439889717"><ele>1187</ele>
        <time>2020-03-21T15:10:03Z</time>
      </trkpt>
      <trkpt lat="34.124450383" lon="-111.4401941"><ele>1183</ele>
        <time>2020-03-21T15:10:25Z</time>
      </trkpt>
      <trkpt lat="34.124448817" lon="-111.440262233"><ele>1184</ele>
        <time>2020-03-21T15:10:29Z</time>
      </trkpt>
      <trkpt lat="34.124463133" lon="-111.440301167"><ele>1184</ele>
        <time>2020-03-21T15:10:31Z</time>
      </trkpt>
      <trkpt lat="34.124509433" lon="-111.4403497"><ele>1181</ele>
        <time>2020-03-21T15:10:35Z</time>
      </trkpt>
      <trkpt lat="34.124574567" lon="-111.440325117"><ele>1181</ele>
        <time>2020-03-21T15:10:40Z</time>
      </trkpt>
      <trkpt lat="34.12467445" lon="-111.440262717"><ele>1183</ele>
        <time>2020-03-21T15:10:48Z</time>
      </trkpt>
      <trkpt lat="34.124733" lon="-111.440241717"><ele>1184</ele>
        <time>2020-03-21T15:10:52Z</time>
      </trkpt>
      <trkpt lat="34.124800867" lon="-111.440257767"><ele>1185</ele>
        <time>2020-03-21T15:10:59Z</time>
      </trkpt>
      <trkpt lat="34.124823167" lon="-111.44027305"><ele>1185</ele>
        <time>2020-03-21T15:11:03Z</time>
      </trkpt>
      <trkpt lat="34.124848" lon="-111.440315767"><ele>1186</ele>
        <time>2020-03-21T15:11:08Z</time>
      </trkpt>
      <trkpt lat="34.124845617" lon="-111.440414667"><ele>1187</ele>
        <time>2020-03-21T15:11:15Z</time>
      </trkpt>
      <trkpt lat="34.12487375" lon="-111.44060455"><ele>1188</ele>
        <time>2020-03-21T15:11:28Z</time>
      </trkpt>
      <trkpt lat="34.124958117" lon="-111.440981033"><ele>1192</ele>
        <time>2020-03-21T15:11:54Z</time>
      </trkpt>
      <trkpt lat="34.124909483" lon="-111.441101467"><ele>1192</ele>
        <time>2020-03-21T15:12:07Z</time>
      </trkpt>
      <trkpt lat="34.124898183" lon="-111.441171333"><ele>1191</ele>
        <time>2020-03-21T15:12:11Z</time>
      </trkpt>
      <trkpt lat="34.124845217" lon="-111.4412976"><ele>1190</ele>
        <time>2020-03-21T15:12:22Z</time>
      </trkpt>
      <trkpt lat="34.1248686" lon="-111.441414583"><ele>1189</ele>
        <time>2020-03-21T15:12:30Z</time>
      </trkpt>
      <trkpt lat="34.124942167" lon="-111.441461067"><ele>1188</ele>
        <time>2020-03-21T15:12:36Z</time>
      </trkpt>
      <trkpt lat="34.1250325" lon="-111.441479083"><ele>1188</ele>
        <time>2020-03-21T15:12:43Z</time>
      </trkpt>
      <trkpt lat="34.125056433" lon="-111.44149435"><ele>1188</ele>
        <time>2020-03-21T15:12:45Z</time>
      </trkpt>
      <trkpt lat="34.12512015" lon="-111.4415529"><ele>1189</ele>
        <time>2020-03-21T15:12:52Z</time>
      </trkpt>
      <trkpt lat="34.12513485" lon="-111.4415887"><ele>1188</ele>
        <time>2020-03-21T15:12:54Z</time>
      </trkpt>
      <trkpt lat="34.125221167" lon="-111.44168345"><ele>1189</ele>
        <time>2020-03-21T15:13:02Z</time>
      </trkpt>
      <trkpt lat="34.125274133" lon="-111.441758183"><ele>1191</ele>
        <time>2020-03-21T15:13:08Z</time>
      </trkpt>
      <trkpt lat="34.125302317" lon="-111.4418511"><ele>1191</ele>
        <time>2020-03-21T15:13:14Z</time>
      </trkpt>
      <trkpt lat="34.125342183" lon="-111.441932417"><ele>1191</ele>
        <time>2020-03-21T15:13:20Z</time>
      </trkpt>
      <trkpt lat="34.125380767" lon="-111.442155267"><ele>1192</ele>
        <time>2020-03-21T15:13:34Z</time>
      </trkpt>
      <trkpt lat="34.125435033" lon="-111.442284433"><ele>1192</ele>
        <time>2020-03-21T15:13:42Z</time>
      </trkpt>
      <trkpt lat="34.12546165" lon="-111.442436883"><ele>1195</ele>
        <time>2020-03-21T15:13:53Z</time>
      </trkpt>
      <trkpt lat="34.125483767" lon="-111.442500067"><ele>1195</ele>
        <time>2020-03-21T15:13:57Z</time>
      </trkpt>
      <trkpt lat="34.1255237" lon="-111.442553133"><ele>1194</ele>
        <time>2020-03-21T15:14:01Z</time>
      </trkpt>
      <trkpt lat="34.125573217" lon="-111.442702067"><ele>1193</ele>
        <time>2020-03-21T15:14:11Z</time>
      </trkpt>
      <trkpt lat="34.125565917" lon="-111.442743817"><ele>1193</ele>
        <time>2020-03-21T15:14:15Z</time>
      </trkpt>
      <trkpt lat="34.125577533" lon="-111.4428178"><ele>1194</ele>
        <time>2020-03-21T15:14:21Z</time>
      </trkpt>
      <trkpt lat="34.1255693" lon="-111.442891133"><ele>1195</ele>
        <time>2020-03-21T15:14:28Z</time>
      </trkpt>
      <trkpt lat="34.1255296" lon="-111.44299905"><ele>1194</ele>
        <time>2020-03-21T15:14:36Z</time>
      </trkpt>
      <trkpt lat="34.125425967" lon="-111.443156067"><ele>1191</ele>
        <time>2020-03-21T15:14:49Z</time>
      </trkpt>
      <trkpt lat="34.12543025" lon="-111.4432093"><ele>1191</ele>
        <time>2020-03-21T15:14:51Z</time>
      </trkpt>
      <trkpt lat="34.125457033" lon="-111.443256517"><ele>1191</ele>
        <time>2020-03-21T15:14:55Z</time>
      </trkpt>
      <trkpt lat="34.12551045" lon="-111.443283733"><ele>1190</ele>
        <time>2020-03-21T15:14:59Z</time>
      </trkpt>
      <trkpt lat="34.12555535" lon="-111.443327033"><ele>1191</ele>
        <time>2020-03-21T15:15:03Z</time>
      </trkpt>
      <trkpt lat="34.125615383" lon="-111.443349967"><ele>1191</ele>
        <time>2020-03-21T15:15:07Z</time>
      </trkpt>
      <trkpt lat="34.1256574" lon="-111.443380217"><ele>1192</ele>
        <time>2020-03-21T15:15:12Z</time>
      </trkpt>
      <trkpt lat="34.125746733" lon="-111.443501383"><ele>1194</ele>
        <time>2020-03-21T15:15:24Z</time>
      </trkpt>
      <trkpt lat="34.1257738" lon="-111.443551133"><ele>1196</ele>
        <time>2020-03-21T15:15:29Z</time>
      </trkpt>
      <trkpt lat="34.12579055" lon="-111.443669017"><ele>1198</ele>
        <time>2020-03-21T15:15:38Z</time>
      </trkpt>
      <trkpt lat="34.125856217" lon="-111.443777367"><ele>1197</ele>
        <time>2020-03-21T15:15:46Z</time>
      </trkpt>
      <trkpt lat="34.125930917" lon="-111.443963633"><ele>1200</ele>
        <time>2020-03-21T15:16:00Z</time>
      </trkpt>
      <trkpt lat="34.125962633" lon="-111.444082183"><ele>1203</ele>
        <time>2020-03-21T15:16:10Z</time>
      </trkpt>
      <trkpt lat="34.125944183" lon="-111.4441461"><ele>1203</ele>
        <time>2020-03-21T15:16:16Z</time>
      </trkpt>
      <trkpt lat="34.125900583" lon="-111.444195567"><ele>1203</ele>
        <time>2020-03-21T15:16:23Z</time>
      </trkpt>
      <trkpt lat="34.1258711" lon="-111.444215133"><ele>1203</ele>
        <time>2020-03-21T15:16:27Z</time>
      </trkpt>
      <trkpt lat="34.12575855" lon="-111.444241683"><ele>1204</ele>
        <time>2020-03-21T15:16:42Z</time>
      </trkpt>
      <trkpt lat="34.125733183" lon="-111.444264333"><ele>1205</ele>
        <time>2020-03-21T15:16:45Z</time>
      </trkpt>
      <trkpt lat="34.125727317" lon="-111.4443003"><ele>1204</ele>
        <time>2020-03-21T15:16:47Z</time>
      </trkpt>
      <trkpt lat="34.12573515" lon="-111.444356117"><ele>1204</ele>
        <time>2020-03-21T15:16:51Z</time>
      </trkpt>
      <trkpt lat="34.1257226" lon="-111.444423233"><ele>1205</ele>
        <time>2020-03-21T15:16:56Z</time>
      </trkpt>
      <trkpt lat="34.125737117" lon="-111.444540217"><ele>1205</ele>
        <time>2020-03-21T15:17:04Z</time>
      </trkpt>
      <trkpt lat="34.125686167" lon="-111.44473605"><ele>1207</ele>
        <time>2020-03-21T15:17:23Z</time>
      </trkpt>
      <trkpt lat="34.125620967" lon="-111.444791767"><ele>1206</ele>
        <time>2020-03-21T15:17:30Z</time>
      </trkpt>
      <trkpt lat="34.1256147" lon="-111.444818633"><ele>1206</ele>
        <time>2020-03-21T15:17:32Z</time>
      </trkpt>
      <trkpt lat="34.125622817" lon="-111.444858267"><ele>1206</ele>
        <time>2020-03-21T15:17:37Z</time>
      </trkpt>
      <trkpt lat="34.125638617" lon="-111.444826233"><ele>1206</ele>
        <time>2020-03-21T15:18:05Z</time>
      </trkpt>
      <trkpt lat="34.125681817" lon="-111.444788583"><ele>1205</ele>
        <time>2020-03-21T15:18:10Z</time>
      </trkpt>
      <trkpt lat="34.125701067" lon="-111.444756933"><ele>1205</ele>
        <time>2020-03-21T15:18:13Z</time>
      </trkpt>
      <trkpt lat="34.125703133" lon="-111.44472485"><ele>1205</ele>
        <time>2020-03-21T15:18:15Z</time>
      </trkpt>
      <trkpt lat="34.125730417" lon="-111.444673667"><ele>1206</ele>
        <time>2020-03-21T15:18:23Z</time>
      </trkpt>
      <trkpt lat="34.125755483" lon="-111.444589783"><ele>1205</ele>
        <time>2020-03-21T15:18:29Z</time>
      </trkpt>
      <trkpt lat="34.125763333" lon="-111.444550883"><ele>1205</ele>
        <time>2020-03-21T15:18:31Z</time>
      </trkpt>
      <trkpt lat="34.125752033" lon="-111.444461917"><ele>1205</ele>
        <time>2020-03-21T15:18:37Z</time>
      </trkpt>
      <trkpt lat="34.12577225" lon="-111.444374567"><ele>1205</ele>
        <time>2020-03-21T15:18:43Z</time>
      </trkpt>
      <trkpt lat="34.12575085" lon="-111.44428155"><ele>1205</ele>
        <time>2020-03-21T15:18:50Z</time>
      </trkpt>
      <trkpt lat="34.125774433" lon="-111.444265917"><ele>1206</ele>
        <time>2020-03-21T15:18:55Z</time>
      </trkpt>
      <trkpt lat="34.125822567" lon="-111.444272633"><ele>1206</ele>
        <time>2020-03-21T15:19:01Z</time>
      </trkpt>
      <trkpt lat="34.125878817" lon="-111.444298433"><ele>1206</ele>
        <time>2020-03-21T15:19:08Z</time>
      </trkpt>
      <trkpt lat="34.12594785" lon="-111.444236233"><ele>1207</ele>
        <time>2020-03-21T15:19:15Z</time>
      </trkpt>
      <trkpt lat="34.125979517" lon="-111.44415135"><ele>1206</ele>
        <time>2020-03-21T15:19:22Z</time>
      </trkpt>
      <trkpt lat="34.125984" lon="-111.444105033"><ele>1205</ele>
        <time>2020-03-21T15:19:24Z</time>
      </trkpt>
      <trkpt lat="34.12596445" lon="-111.444130383"><ele>1204</ele>
        <time>2020-03-21T15:19:34Z</time>
      </trkpt>
      <trkpt lat="34.12595735" lon="-111.444160633"><ele>1203</ele>
        <time>2020-03-21T15:19:37Z</time>
      </trkpt>
      <trkpt lat="34.12598965" lon="-111.4441758"><ele>1202</ele>
        <time>2020-03-21T15:19:42Z</time>
      </trkpt>
      <trkpt lat="34.12598415" lon="-111.44425405"><ele>1201</ele>
        <time>2020-03-21T15:19:53Z</time>
      </trkpt>
      <trkpt lat="34.12594625" lon="-111.4443043"><ele>1200</ele>
        <time>2020-03-21T15:20:01Z</time>
      </trkpt>
      <trkpt lat="34.1259383" lon="-111.444330517"><ele>1200</ele>
        <time>2020-03-21T15:20:03Z</time>
      </trkpt>
      <trkpt lat="34.1259875" lon="-111.44430705"><ele>1200</ele>
        <time>2020-03-21T15:20:28Z</time>
      </trkpt>
      <trkpt lat="34.126032867" lon="-111.444231367"><ele>1203</ele>
        <time>2020-03-21T15:20:52Z</time>
      </trkpt>
      <trkpt lat="34.125997733" lon="-111.4442151"><ele>1198</ele>
        <time>2020-03-21T15:22:03Z</time>
      </trkpt>
      <trkpt lat="34.126008917" lon="-111.444187733"><ele>1198</ele>
        <time>2020-03-21T15:22:06Z</time>
      </trkpt>
      <trkpt lat="34.125980733" lon="-111.444178517"><ele>1196</ele>
        <time>2020-03-21T15:22:10Z</time>
      </trkpt>
      <trkpt lat="34.12595535" lon="-111.4442135"><ele>1196</ele>
        <time>2020-03-21T15:23:04Z</time>
      </trkpt>
      <trkpt lat="34.1259683" lon="-111.44424285"><ele>1202</ele>
        <time>2020-03-21T15:23:41Z</time>
      </trkpt>
      <trkpt lat="34.125982533" lon="-111.444198167"><ele>1205</ele>
        <time>2020-03-21T15:29:14Z</time>
      </trkpt>
      <trkpt lat="34.125924767" lon="-111.444205467"><ele>1201</ele>
        <time>2020-03-21T15:29:43Z</time>
      </trkpt>
      <trkpt lat="34.125882433" lon="-111.444230017"><ele>1202</ele>
        <time>2020-03-21T15:29:48Z</time>
      </trkpt>
      <trkpt lat="34.12584385" lon="-111.44423475"><ele>1202</ele>
        <time>2020-03-21T15:29:57Z</time>
      </trkpt>
      <trkpt lat="34.12582135" lon="-111.444225867"><ele>1203</ele>
        <time>2020-03-21T15:29:59Z</time>
      </trkpt>
      <trkpt lat="34.125767117" lon="-111.4442371"><ele>1204</ele>
        <time>2020-03-21T15:30:05Z</time>
      </trkpt>
      <trkpt lat="34.1257408" lon="-111.444245217"><ele>1204</ele>
        <time>2020-03-21T15:30:08Z</time>
      </trkpt>
      <trkpt lat="34.125723183" lon="-111.4442645"><ele>1205</ele>
        <time>2020-03-21T15:30:10Z</time>
      </trkpt>
      <trkpt lat="34.12572265" lon="-111.444467533"><ele>1206</ele>
        <time>2020-03-21T15:30:24Z</time>
      </trkpt>
      <trkpt lat="34.1257356" lon="-111.4445562"><ele>1206</ele>
        <time>2020-03-21T15:30:31Z</time>
      </trkpt>
      <trkpt lat="34.1256878" lon="-111.444684533"><ele>1210</ele>
        <time>2020-03-21T15:30:45Z</time>
      </trkpt>
      <trkpt lat="34.12568305" lon="-111.444722633"><ele>1210</ele>
        <time>2020-03-21T15:30:48Z</time>
      </trkpt>
      <trkpt lat="34.12560715" lon="-111.444797433"><ele>1211</ele>
        <time>2020-03-21T15:30:58Z</time>
      </trkpt>
      <trkpt lat="34.125609433" lon="-111.444842317"><ele>1210</ele>
        <time>2020-03-21T15:31:02Z</time>
      </trkpt>
      <trkpt lat="34.125623967" lon="-111.444880133"><ele>1210</ele>
        <time>2020-03-21T15:31:09Z</time>
      </trkpt>
      <trkpt lat="34.125651983" lon="-111.44489625"><ele>1209</ele>
        <time>2020-03-21T15:31:15Z</time>
      </trkpt>
      <trkpt lat="34.125677217" lon="-111.4448973"><ele>1209</ele>
        <time>2020-03-21T15:31:19Z</time>
      </trkpt>
      <trkpt lat="34.125694733" lon="-111.444920183"><ele>1209</ele>
        <time>2020-03-21T15:31:23Z</time>
      </trkpt>
      <trkpt lat="34.125720283" lon="-111.4449338"><ele>1209</ele>
        <time>2020-03-21T15:31:31Z</time>
      </trkpt>
      <trkpt lat="34.12578745" lon="-111.444926533"><ele>1209</ele>
        <time>2020-03-21T15:31:38Z</time>
      </trkpt>
      <trkpt lat="34.125807333" lon="-111.44494795"><ele>1209</ele>
        <time>2020-03-21T15:31:41Z</time>
      </trkpt>
      <trkpt lat="34.125829817" lon="-111.444951667"><ele>1209</ele>
        <time>2020-03-21T15:31:44Z</time>
      </trkpt>
      <trkpt lat="34.125956867" lon="-111.444863267"><ele>1207</ele>
        <time>2020-03-21T15:32:20Z</time>
      </trkpt>
      <trkpt lat="34.1259915" lon="-111.444746517"><ele>1203</ele>
        <time>2020-03-21T15:32:28Z</time>
      </trkpt>
      <trkpt lat="34.1260074" lon="-111.444720767"><ele>1202</ele>
        <time>2020-03-21T15:32:32Z</time>
      </trkpt>
      <trkpt lat="34.126053167" lon="-111.444668883"><ele>1203</ele>
        <time>2020-03-21T15:32:38Z</time>
      </trkpt>
      <trkpt lat="34.126111933" lon="-111.4445778"><ele>1202</ele>
        <time>2020-03-21T15:32:46Z</time>
      </trkpt>
      <trkpt lat="34.12620575" lon="-111.444471867"><ele>1201</ele>
        <time>2020-03-21T15:32:56Z</time>
      </trkpt>
      <trkpt lat="34.126255233" lon="-111.444388867"><ele>1201</ele>
        <time>2020-03-21T15:33:02Z</time>
      </trkpt>
      <trkpt lat="34.126281933" lon="-111.444374483"><ele>1200</ele>
        <time>2020-03-21T15:33:05Z</time>
      </trkpt>
      <trkpt lat="34.126298667" lon="-111.444345833"><ele>1198</ele>
        <time>2020-03-21T15:33:13Z</time>
      </trkpt>
      <trkpt lat="34.126400367" lon="-111.444472633"><ele>1197</ele>
        <time>2020-03-21T15:33:36Z</time>
      </trkpt>
      <trkpt lat="34.126455767" lon="-111.444505"><ele>1196</ele>
        <time>2020-03-21T15:33:40Z</time>
      </trkpt>
      <trkpt lat="34.126607233" lon="-111.4445518"><ele>1194</ele>
        <time>2020-03-21T15:33:56Z</time>
      </trkpt>
      <trkpt lat="34.12664525" lon="-111.44451295"><ele>1194</ele>
        <time>2020-03-21T15:34:01Z</time>
      </trkpt>
      <trkpt lat="34.126674133" lon="-111.444510767"><ele>1195</ele>
        <time>2020-03-21T15:34:05Z</time>
      </trkpt>
      <trkpt lat="34.12672255" lon="-111.44453875"><ele>1196</ele>
        <time>2020-03-21T15:34:13Z</time>
      </trkpt>
      <trkpt lat="34.12674055" lon="-111.444508883"><ele>1197</ele>
        <time>2020-03-21T15:34:19Z</time>
      </trkpt>
      <trkpt lat="34.12677325" lon="-111.44451105"><ele>1198</ele>
        <time>2020-03-21T15:34:23Z</time>
      </trkpt>
      <trkpt lat="34.126823533" lon="-111.444496183"><ele>1199</ele>
        <time>2020-03-21T15:34:27Z</time>
      </trkpt>
      <trkpt lat="34.126957117" lon="-111.444416667"><ele>1202</ele>
        <time>2020-03-21T15:34:40Z</time>
      </trkpt>
      <trkpt lat="34.127007083" lon="-111.444372983"><ele>1204</ele>
        <time>2020-03-21T15:34:48Z</time>
      </trkpt>
      <trkpt lat="34.1270659" lon="-111.444294483"><ele>1205</ele>
        <time>2020-03-21T15:34:56Z</time>
      </trkpt>
      <trkpt lat="34.127113617" lon="-111.444304367"><ele>1207</ele>
        <time>2020-03-21T15:35:03Z</time>
      </trkpt>
      <trkpt lat="34.127148483" lon="-111.44428465"><ele>1208</ele>
        <time>2020-03-21T15:35:07Z</time>
      </trkpt>
      <trkpt lat="34.12718535" lon="-111.4442435"><ele>1209</ele>
        <time>2020-03-21T15:35:12Z</time>
      </trkpt>
      <trkpt lat="34.1272357" lon="-111.444253633"><ele>1210</ele>
        <time>2020-03-21T15:35:16Z</time>
      </trkpt>
      <trkpt lat="34.127289583" lon="-111.4442197"><ele>1209</ele>
        <time>2020-03-21T15:35:20Z</time>
      </trkpt>
      <trkpt lat="34.127344667" lon="-111.444213083"><ele>1209</ele>
        <time>2020-03-21T15:35:24Z</time>
      </trkpt>
      <trkpt lat="34.127387317" lon="-111.444242367"><ele>1210</ele>
        <time>2020-03-21T15:35:30Z</time>
      </trkpt>
      <trkpt lat="34.127510967" lon="-111.444368933"><ele>1213</ele>
        <time>2020-03-21T15:35:44Z</time>
      </trkpt>
      <trkpt lat="34.127574967" lon="-111.444406767"><ele>1213</ele>
        <time>2020-03-21T15:35:49Z</time>
      </trkpt>
      <trkpt lat="34.127607233" lon="-111.444411817"><ele>1214</ele>
        <time>2020-03-21T15:35:51Z</time>
      </trkpt>
      <trkpt lat="34.127617417" lon="-111.44443805"><ele>1213</ele>
        <time>2020-03-21T15:35:55Z</time>
      </trkpt>
      <trkpt lat="34.1276703" lon="-111.444476717"><ele>1209</ele>
        <time>2020-03-21T15:36:00Z</time>
      </trkpt>
      <trkpt lat="34.127717683" lon="-111.4445467"><ele>1210</ele>
        <time>2020-03-21T15:36:07Z</time>
      </trkpt>
      <trkpt lat="34.127746783" lon="-111.444569667"><ele>1210</ele>
        <time>2020-03-21T15:36:09Z</time>
      </trkpt>
      <trkpt lat="34.12783435" lon="-111.444682117"><ele>1214</ele>
        <time>2020-03-21T15:36:18Z</time>
      </trkpt>
      <trkpt lat="34.127858183" lon="-111.444695617"><ele>1215</ele>
        <time>2020-03-21T15:36:20Z</time>
      </trkpt>
      <trkpt lat="34.127914967" lon="-111.444697517"><ele>1215</ele>
        <time>2020-03-21T15:36:24Z</time>
      </trkpt>
      <trkpt lat="34.128018967" lon="-111.444761233"><ele>1216</ele>
        <time>2020-03-21T15:36:33Z</time>
      </trkpt>
      <trkpt lat="34.128043267" lon="-111.4447861"><ele>1217</ele>
        <time>2020-03-21T15:36:36Z</time>
      </trkpt>
      <trkpt lat="34.1280664" lon="-111.444839267"><ele>1217</ele>
        <time>2020-03-21T15:36:40Z</time>
      </trkpt>
      <trkpt lat="34.128121017" lon="-111.444912767"><ele>1216</ele>
        <time>2020-03-21T15:36:46Z</time>
      </trkpt>
      <trkpt lat="34.128179617" lon="-111.444932083"><ele>1215</ele>
        <time>2020-03-21T15:36:51Z</time>
      </trkpt>
      <trkpt lat="34.128235933" lon="-111.444990133"><ele>1215</ele>
        <time>2020-03-21T15:36:57Z</time>
      </trkpt>
      <trkpt lat="34.12829485" lon="-111.445071433"><ele>1216</ele>
        <time>2020-03-21T15:37:03Z</time>
      </trkpt>
      <trkpt lat="34.128380733" lon="-111.445123267"><ele>1217</ele>
        <time>2020-03-21T15:37:09Z</time>
      </trkpt>
      <trkpt lat="34.128487417" lon="-111.445294667"><ele>1221</ele>
        <time>2020-03-21T15:37:25Z</time>
      </trkpt>
      <trkpt lat="34.12858365" lon="-111.44540145"><ele>1225</ele>
        <time>2020-03-21T15:37:34Z</time>
      </trkpt>
      <trkpt lat="34.128639217" lon="-111.4454819"><ele>1226</ele>
        <time>2020-03-21T15:37:40Z</time>
      </trkpt>
      <trkpt lat="34.128668583" lon="-111.445510467"><ele>1226</ele>
        <time>2020-03-21T15:37:42Z</time>
      </trkpt>
      <trkpt lat="34.128703467" lon="-111.44552485"><ele>1226</ele>
        <time>2020-03-21T15:37:44Z</time>
      </trkpt>
      <trkpt lat="34.128741267" lon="-111.445524867"><ele>1226</ele>
        <time>2020-03-21T15:37:46Z</time>
      </trkpt>
      <trkpt lat="34.1288047" lon="-111.4456358"><ele>1228</ele>
        <time>2020-03-21T15:37:58Z</time>
      </trkpt>
      <trkpt lat="34.1288801" lon="-111.445701667"><ele>1230</ele>
        <time>2020-03-21T15:38:04Z</time>
      </trkpt>
      <trkpt lat="34.128887933" lon="-111.44573985"><ele>1231</ele>
        <time>2020-03-21T15:38:07Z</time>
      </trkpt>
      <trkpt lat="34.128953517" lon="-111.445832183"><ele>1231</ele>
        <time>2020-03-21T15:38:15Z</time>
      </trkpt>
      <trkpt lat="34.129044183" lon="-111.445989467"><ele>1232</ele>
        <time>2020-03-21T15:38:27Z</time>
      </trkpt>
      <trkpt lat="34.12906655" lon="-111.446019017"><ele>1232</ele>
        <time>2020-03-21T15:38:29Z</time>
      </trkpt>
      <trkpt lat="34.129155283" lon="-111.44608505"><ele>1233</ele>
        <time>2020-03-21T15:38:35Z</time>
      </trkpt>
      <trkpt lat="34.129266417" lon="-111.4463206"><ele>1233</ele>
        <time>2020-03-21T15:38:53Z</time>
      </trkpt>
      <trkpt lat="34.129322383" lon="-111.446406383"><ele>1231</ele>
        <time>2020-03-21T15:39:00Z</time>
      </trkpt>
      <trkpt lat="34.12932535" lon="-111.446461333"><ele>1230</ele>
        <time>2020-03-21T15:39:04Z</time>
      </trkpt>
      <trkpt lat="34.129376283" lon="-111.446585167"><ele>1232</ele>
        <time>2020-03-21T15:39:13Z</time>
      </trkpt>
      <trkpt lat="34.129498367" lon="-111.446768967"><ele>1234</ele>
        <time>2020-03-21T15:39:27Z</time>
      </trkpt>
      <trkpt lat="34.129577767" lon="-111.446942833"><ele>1236</ele>
        <time>2020-03-21T15:39:39Z</time>
      </trkpt>
      <trkpt lat="34.129612" lon="-111.447086783"><ele>1234</ele>
        <time>2020-03-21T15:39:49Z</time>
      </trkpt>
      <trkpt lat="34.129592617" lon="-111.447246217"><ele>1233</ele>
        <time>2020-03-21T15:39:59Z</time>
      </trkpt>
      <trkpt lat="34.129595917" lon="-111.4473089"><ele>1234</ele>
        <time>2020-03-21T15:40:03Z</time>
      </trkpt>
      <trkpt lat="34.129610583" lon="-111.447375"><ele>1234</ele>
        <time>2020-03-21T15:40:07Z</time>
      </trkpt>
      <trkpt lat="34.12964255" lon="-111.44742905"><ele>1235</ele>
        <time>2020-03-21T15:40:11Z</time>
      </trkpt>
      <trkpt lat="34.129640433" lon="-111.447484617"><ele>1235</ele>
        <time>2020-03-21T15:40:16Z</time>
      </trkpt>
      <trkpt lat="34.129672133" lon="-111.447708933"><ele>1236</ele>
        <time>2020-03-21T15:40:32Z</time>
      </trkpt>
      <trkpt lat="34.129681383" lon="-111.447735917"><ele>1236</ele>
        <time>2020-03-21T15:40:56Z</time>
      </trkpt>
      <trkpt lat="34.129722367" lon="-111.447779017"><ele>1237</ele>
        <time>2020-03-21T15:41:01Z</time>
      </trkpt>
      <trkpt lat="34.129747417" lon="-111.447830667"><ele>1237</ele>
        <time>2020-03-21T15:41:06Z</time>
      </trkpt>
      <trkpt lat="34.129745133" lon="-111.4478914"><ele>1235</ele>
        <time>2020-03-21T15:41:12Z</time>
      </trkpt>
      <trkpt lat="34.129763283" lon="-111.447913033"><ele>1235</ele>
        <time>2020-03-21T15:41:14Z</time>
      </trkpt>
      <trkpt lat="34.1297379" lon="-111.447933417"><ele>1236</ele>
        <time>2020-03-21T15:41:21Z</time>
      </trkpt>
      <trkpt lat="34.129733683" lon="-111.44796715"><ele>1236</ele>
        <time>2020-03-21T15:41:24Z</time>
      </trkpt>
      <trkpt lat="34.129741683" lon="-111.447993517"><ele>1237</ele>
        <time>2020-03-21T15:41:29Z</time>
      </trkpt>
      <trkpt lat="34.129820583" lon="-111.448116933"><ele>1239</ele>
        <time>2020-03-21T15:41:37Z</time>
      </trkpt>
      <trkpt lat="34.129870417" lon="-111.44824055"><ele>1243</ele>
        <time>2020-03-21T15:41:47Z</time>
      </trkpt>
      <trkpt lat="34.129890683" lon="-111.44842015"><ele>1248</ele>
        <time>2020-03-21T15:42:04Z</time>
      </trkpt>
      <trkpt lat="34.1298761" lon="-111.448489583"><ele>1249</ele>
        <time>2020-03-21T15:42:10Z</time>
      </trkpt>
      <trkpt lat="34.12986985" lon="-111.448644867"><ele>1253</ele>
        <time>2020-03-21T15:42:21Z</time>
      </trkpt>
      <trkpt lat="34.129928583" lon="-111.448725633"><ele>1255</ele>
        <time>2020-03-21T15:42:28Z</time>
      </trkpt>
      <trkpt lat="34.129940017" lon="-111.4487584"><ele>1255</ele>
        <time>2020-03-21T15:42:30Z</time>
      </trkpt>
      <trkpt lat="34.13001605" lon="-111.448853417"><ele>1255</ele>
        <time>2020-03-21T15:42:40Z</time>
      </trkpt>
      <trkpt lat="34.130033917" lon="-111.448914067"><ele>1256</ele>
        <time>2020-03-21T15:42:45Z</time>
      </trkpt>
      <trkpt lat="34.130065267" lon="-111.448972333"><ele>1257</ele>
        <time>2020-03-21T15:42:50Z</time>
      </trkpt>
      <trkpt lat="34.130218967" lon="-111.449177517"><ele>1259</ele>
        <time>2020-03-21T15:43:07Z</time>
      </trkpt>
      <trkpt lat="34.130230533" lon="-111.44920925"><ele>1259</ele>
        <time>2020-03-21T15:43:10Z</time>
      </trkpt>
      <trkpt lat="34.130271783" lon="-111.449265567"><ele>1260</ele>
        <time>2020-03-21T15:43:14Z</time>
      </trkpt>
      <trkpt lat="34.130314467" lon="-111.449417833"><ele>1261</ele>
        <time>2020-03-21T15:43:26Z</time>
      </trkpt>
      <trkpt lat="34.13039225" lon="-111.449598883"><ele>1263</ele>
        <time>2020-03-21T15:43:42Z</time>
      </trkpt>
      <trkpt lat="34.130423767" lon="-111.449647117"><ele>1265</ele>
        <time>2020-03-21T15:43:47Z</time>
      </trkpt>
      <trkpt lat="34.130441183" lon="-111.44977485"><ele>1269</ele>
        <time>2020-03-21T15:44:02Z</time>
      </trkpt>
      <trkpt lat="34.130483533" lon="-111.449869"><ele>1273</ele>
        <time>2020-03-21T15:44:11Z</time>
      </trkpt>
      <trkpt lat="34.130486017" lon="-111.44990685"><ele>1274</ele>
        <time>2020-03-21T15:44:14Z</time>
      </trkpt>
      <trkpt lat="34.1305156" lon="-111.449962967"><ele>1275</ele>
        <time>2020-03-21T15:44:19Z</time>
      </trkpt>
      <trkpt lat="34.130561417" lon="-111.450010683"><ele>1277</ele>
        <time>2020-03-21T15:44:25Z</time>
      </trkpt>
      <trkpt lat="34.130595" lon="-111.450078333"><ele>1278</ele>
        <time>2020-03-21T15:44:31Z</time>
      </trkpt>
      <trkpt lat="34.13070745" lon="-111.45024045"><ele>1277</ele>
        <time>2020-03-21T15:44:44Z</time>
      </trkpt>
      <trkpt lat="34.13074935" lon="-111.4502859"><ele>1276</ele>
        <time>2020-03-21T15:44:47Z</time>
      </trkpt>
      <trkpt lat="34.130798983" lon="-111.450304883"><ele>1275</ele>
        <time>2020-03-21T15:44:51Z</time>
      </trkpt>
      <trkpt lat="34.13089975" lon="-111.450369217"><ele>1274</ele>
        <time>2020-03-21T15:44:59Z</time>
      </trkpt>
      <trkpt lat="34.13102305" lon="-111.450397567"><ele>1275</ele>
        <time>2020-03-21T15:45:08Z</time>
      </trkpt>
      <trkpt lat="34.13109205" lon="-111.4504436"><ele>1277</ele>
        <time>2020-03-21T15:45:15Z</time>
      </trkpt>
      <trkpt lat="34.131113783" lon="-111.450471517"><ele>1277</ele>
        <time>2020-03-21T15:45:19Z</time>
      </trkpt>
      <trkpt lat="34.131107733" lon="-111.450561683"><ele>1279</ele>
        <time>2020-03-21T15:45:28Z</time>
      </trkpt>
      <trkpt lat="34.131089617" lon="-111.450639617"><ele>1280</ele>
        <time>2020-03-21T15:45:33Z</time>
      </trkpt>
      <trkpt lat="34.13109935" lon="-111.45067235"><ele>1280</ele>
        <time>2020-03-21T15:45:35Z</time>
      </trkpt>
      <trkpt lat="34.131093267" lon="-111.450731867"><ele>1281</ele>
        <time>2020-03-21T15:45:39Z</time>
      </trkpt>
      <trkpt lat="34.13111835" lon="-111.45076535"><ele>1281</ele>
        <time>2020-03-21T15:45:46Z</time>
      </trkpt>
      <trkpt lat="34.131149083" lon="-111.450754083"><ele>1281</ele>
        <time>2020-03-21T15:45:48Z</time>
      </trkpt>
      <trkpt lat="34.131081733" lon="-111.450873933"><ele>1288</ele>
        <time>2020-03-21T15:46:46Z</time>
      </trkpt>
      <trkpt lat="34.131076417" lon="-111.450916617"><ele>1289</ele>
        <time>2020-03-21T15:46:50Z</time>
      </trkpt>
      <trkpt lat="34.1310832" lon="-111.450944867"><ele>1289</ele>
        <time>2020-03-21T15:46:52Z</time>
      </trkpt>
      <trkpt lat="34.131064533" lon="-111.450982933"><ele>1290</ele>
        <time>2020-03-21T15:46:56Z</time>
      </trkpt>
      <trkpt lat="34.131015067" lon="-111.451027967"><ele>1291</ele>
        <time>2020-03-21T15:47:06Z</time>
      </trkpt>
      <trkpt lat="34.131004367" lon="-111.45105815"><ele>1291</ele>
        <time>2020-03-21T15:47:08Z</time>
      </trkpt>
      <trkpt lat="34.130968117" lon="-111.4510947"><ele>1292</ele>
        <time>2020-03-21T15:47:12Z</time>
      </trkpt>
      <trkpt lat="34.130958517" lon="-111.45113235"><ele>1292</ele>
        <time>2020-03-21T15:47:14Z</time>
      </trkpt>
      <trkpt lat="34.130911467" lon="-111.45120775"><ele>1292</ele>
        <time>2020-03-21T15:47:20Z</time>
      </trkpt>
      <trkpt lat="34.130919333" lon="-111.4513317"><ele>1290</ele>
        <time>2020-03-21T15:47:26Z</time>
      </trkpt>
      <trkpt lat="34.130906167" lon="-111.451428083"><ele>1291</ele>
        <time>2020-03-21T15:47:32Z</time>
      </trkpt>
      <trkpt lat="34.130913117" lon="-111.451464367"><ele>1291</ele>
        <time>2020-03-21T15:47:34Z</time>
      </trkpt>
      <trkpt lat="34.13093265" lon="-111.451494933"><ele>1289</ele>
        <time>2020-03-21T15:47:39Z</time>
      </trkpt>
      <trkpt lat="34.130927317" lon="-111.45153175"><ele>1290</ele>
        <time>2020-03-21T15:47:58Z</time>
      </trkpt>
      <trkpt lat="34.130975733" lon="-111.45161905"><ele>1291</ele>
        <time>2020-03-21T15:48:04Z</time>
      </trkpt>
      <trkpt lat="34.130977017" lon="-111.451657517"><ele>1291</ele>
        <time>2020-03-21T15:48:10Z</time>
      </trkpt>
      <trkpt lat="34.1309445" lon="-111.45175285"><ele>1295</ele>
        <time>2020-03-21T15:48:22Z</time>
      </trkpt>
      <trkpt lat="34.13093905" lon="-111.451852167"><ele>1295</ele>
        <time>2020-03-21T15:48:31Z</time>
      </trkpt>
      <trkpt lat="34.13092675" lon="-111.451887583"><ele>1294</ele>
        <time>2020-03-21T15:48:35Z</time>
      </trkpt>
      <trkpt lat="34.130931717" lon="-111.451927567"><ele>1294</ele>
        <time>2020-03-21T15:48:38Z</time>
      </trkpt>
      <trkpt lat="34.130979117" lon="-111.45202545"><ele>1293</ele>
        <time>2020-03-21T15:48:54Z</time>
      </trkpt>
      <trkpt lat="34.130987967" lon="-111.452129617"><ele>1293</ele>
        <time>2020-03-21T15:49:02Z</time>
      </trkpt>
      <trkpt lat="34.13106095" lon="-111.452341017"><ele>1296</ele>
        <time>2020-03-21T15:49:15Z</time>
      </trkpt>
      <trkpt lat="34.131073533" lon="-111.452490517"><ele>1298</ele>
        <time>2020-03-21T15:49:26Z</time>
      </trkpt>
      <trkpt lat="34.13102795" lon="-111.452516883"><ele>1300</ele>
        <time>2020-03-21T15:49:35Z</time>
      </trkpt>
      <trkpt lat="34.131001133" lon="-111.4525171"><ele>1302</ele>
        <time>2020-03-21T15:49:39Z</time>
      </trkpt>
      <trkpt lat="34.130991183" lon="-111.4524864"><ele>1301</ele>
        <time>2020-03-21T15:49:42Z</time>
      </trkpt>
      <trkpt lat="34.130999217" lon="-111.452456533"><ele>1301</ele>
        <time>2020-03-21T15:49:45Z</time>
      </trkpt>
      <trkpt lat="34.130988567" lon="-111.45243"><ele>1301</ele>
        <time>2020-03-21T15:49:47Z</time>
      </trkpt>
      <trkpt lat="34.130944333" lon="-111.4523795"><ele>1301</ele>
        <time>2020-03-21T15:49:52Z</time>
      </trkpt>
      <trkpt lat="34.130956117" lon="-111.452293417"><ele>1300</ele>
        <time>2020-03-21T15:49:58Z</time>
      </trkpt>
      <trkpt lat="34.13094195" lon="-111.4522582"><ele>1301</ele>
        <time>2020-03-21T15:50:01Z</time>
      </trkpt>
      <trkpt lat="34.130887333" lon="-111.4521897"><ele>1301</ele>
        <time>2020-03-21T15:50:07Z</time>
      </trkpt>
      <trkpt lat="34.130878567" lon="-111.452154417"><ele>1301</ele>
        <time>2020-03-21T15:50:09Z</time>
      </trkpt>
      <trkpt lat="34.130817767" lon="-111.452033567"><ele>1301</ele>
        <time>2020-03-21T15:50:17Z</time>
      </trkpt>
      <trkpt lat="34.1307862" lon="-111.451996433"><ele>1301</ele>
        <time>2020-03-21T15:50:21Z</time>
      </trkpt>
      <trkpt lat="34.13076955" lon="-111.451931983"><ele>1301</ele>
        <time>2020-03-21T15:50:25Z</time>
      </trkpt>
      <trkpt lat="34.130729217" lon="-111.451873183"><ele>1301</ele>
        <time>2020-03-21T15:50:30Z</time>
      </trkpt>
      <trkpt lat="34.1307102" lon="-111.4517121"><ele>1303</ele>
        <time>2020-03-21T15:50:41Z</time>
      </trkpt>
      <trkpt lat="34.1306901" lon="-111.451683817"><ele>1304</ele>
        <time>2020-03-21T15:50:43Z</time>
      </trkpt>
      <trkpt lat="34.130644733" lon="-111.451648867"><ele>1304</ele>
        <time>2020-03-21T15:50:47Z</time>
      </trkpt>
      <trkpt lat="34.1305945" lon="-111.451541033"><ele>1307</ele>
        <time>2020-03-21T15:50:58Z</time>
      </trkpt>
      <trkpt lat="34.13053755" lon="-111.451568583"><ele>1309</ele>
        <time>2020-03-21T15:51:01Z</time>
      </trkpt>
      <trkpt lat="34.13049935" lon="-111.451625183"><ele>1310</ele>
        <time>2020-03-21T15:51:05Z</time>
      </trkpt>
      <trkpt lat="34.130500733" lon="-111.451654683"><ele>1310</ele>
        <time>2020-03-21T15:51:07Z</time>
      </trkpt>
      <trkpt lat="34.130530317" lon="-111.45175235"><ele>1310</ele>
        <time>2020-03-21T15:51:13Z</time>
      </trkpt>
      <trkpt lat="34.130577067" lon="-111.451846067"><ele>1311</ele>
        <time>2020-03-21T15:51:20Z</time>
      </trkpt>
      <trkpt lat="34.130583717" lon="-111.451879633"><ele>1311</ele>
        <time>2020-03-21T15:51:22Z</time>
      </trkpt>
      <trkpt lat="34.13055805" lon="-111.452013183"><ele>1311</ele>
        <time>2020-03-21T15:51:34Z</time>
      </trkpt>
      <trkpt lat="34.130592117" lon="-111.452100433"><ele>1312</ele>
        <time>2020-03-21T15:51:41Z</time>
      </trkpt>
      <trkpt lat="34.130601783" lon="-111.452165767"><ele>1313</ele>
        <time>2020-03-21T15:51:48Z</time>
      </trkpt>
      <trkpt lat="34.130631317" lon="-111.452257333"><ele>1314</ele>
        <time>2020-03-21T15:51:57Z</time>
      </trkpt>
      <trkpt lat="34.130637967" lon="-111.45233885"><ele>1315</ele>
        <time>2020-03-21T15:52:04Z</time>
      </trkpt>
      <trkpt lat="34.1306216" lon="-111.452365683"><ele>1316</ele>
        <time>2020-03-21T15:52:07Z</time>
      </trkpt>
      <trkpt lat="34.1305712" lon="-111.452222467"><ele>1319</ele>
        <time>2020-03-21T15:52:22Z</time>
      </trkpt>
      <trkpt lat="34.13051995" lon="-111.452144067"><ele>1319</ele>
        <time>2020-03-21T15:52:28Z</time>
      </trkpt>
      <trkpt lat="34.130411583" lon="-111.45201415"><ele>1321</ele>
        <time>2020-03-21T15:52:42Z</time>
      </trkpt>
      <trkpt lat="34.130337967" lon="-111.451935683"><ele>1321</ele>
        <time>2020-03-21T15:52:51Z</time>
      </trkpt>
      <trkpt lat="34.13027545" lon="-111.451904783"><ele>1321</ele>
        <time>2020-03-21T15:52:56Z</time>
      </trkpt>
      <trkpt lat="34.13027185" lon="-111.451941533"><ele>1322</ele>
        <time>2020-03-21T15:52:59Z</time>
      </trkpt>
      <trkpt lat="34.13031485" lon="-111.4520384"><ele>1323</ele>
        <time>2020-03-21T15:53:05Z</time>
      </trkpt>
      <trkpt lat="34.1303171" lon="-111.452144167"><ele>1324</ele>
        <time>2020-03-21T15:53:12Z</time>
      </trkpt>
      <trkpt lat="34.130289217" lon="-111.452209117"><ele>1326</ele>
        <time>2020-03-21T15:53:19Z</time>
      </trkpt>
      <trkpt lat="34.1301822" lon="-111.452251467"><ele>1329</ele>
        <time>2020-03-21T15:53:32Z</time>
      </trkpt>
      <trkpt lat="34.130202817" lon="-111.452265633"><ele>1328</ele>
        <time>2020-03-21T15:54:09Z</time>
      </trkpt>
      <trkpt lat="34.1302256" lon="-111.452267533"><ele>1328</ele>
        <time>2020-03-21T15:54:11Z</time>
      </trkpt>
      <trkpt lat="34.130204833" lon="-111.452293217"><ele>1327</ele>
        <time>2020-03-21T15:54:28Z</time>
      </trkpt>
      <trkpt lat="34.13020395" lon="-111.452329717"><ele>1326</ele>
        <time>2020-03-21T15:54:30Z</time>
      </trkpt>
      <trkpt lat="34.130212283" lon="-111.452365167"><ele>1326</ele>
        <time>2020-03-21T15:54:33Z</time>
      </trkpt>
      <trkpt lat="34.130249083" lon="-111.45241885"><ele>1325</ele>
        <time>2020-03-21T15:54:37Z</time>
      </trkpt>
      <trkpt lat="34.13027265" lon="-111.452512483"><ele>1326</ele>
        <time>2020-03-21T15:54:50Z</time>
      </trkpt>
      <trkpt lat="34.130271633" lon="-111.452549817"><ele>1327</ele>
        <time>2020-03-21T15:54:52Z</time>
      </trkpt>
      <trkpt lat="34.13030485" lon="-111.452705517"><ele>1328</ele>
        <time>2020-03-21T15:55:02Z</time>
      </trkpt>
      <trkpt lat="34.13029405" lon="-111.4527953"><ele>1327</ele>
        <time>2020-03-21T15:55:08Z</time>
      </trkpt>
      <trkpt lat="34.13030185" lon="-111.452861267"><ele>1329</ele>
        <time>2020-03-21T15:55:13Z</time>
      </trkpt>
      <trkpt lat="34.130290967" lon="-111.4528925"><ele>1330</ele>
        <time>2020-03-21T15:55:16Z</time>
      </trkpt>
      <trkpt lat="34.130239233" lon="-111.452961"><ele>1333</ele>
        <time>2020-03-21T15:55:24Z</time>
      </trkpt>
      <trkpt lat="34.130211417" lon="-111.453053433"><ele>1333</ele>
        <time>2020-03-21T15:55:31Z</time>
      </trkpt>
      <trkpt lat="34.130182017" lon="-111.453103517"><ele>1334</ele>
        <time>2020-03-21T15:55:36Z</time>
      </trkpt>
      <trkpt lat="34.130170683" lon="-111.453206683"><ele>1337</ele>
        <time>2020-03-21T15:55:47Z</time>
      </trkpt>
      <trkpt lat="34.1301118" lon="-111.453295283"><ele>1341</ele>
        <time>2020-03-21T15:56:01Z</time>
      </trkpt>
      <trkpt lat="34.130131083" lon="-111.453445317"><ele>1345</ele>
        <time>2020-03-21T15:56:17Z</time>
      </trkpt>
      <trkpt lat="34.1301175" lon="-111.453513917"><ele>1345</ele>
        <time>2020-03-21T15:56:24Z</time>
      </trkpt>
      <trkpt lat="34.130088667" lon="-111.453533767"><ele>1351</ele>
        <time>2020-03-21T15:56:35Z</time>
      </trkpt>
      <trkpt lat="34.130033883" lon="-111.45352705"><ele>1354</ele>
        <time>2020-03-21T15:56:45Z</time>
      </trkpt>
      <trkpt lat="34.129943617" lon="-111.453556267"><ele>1357</ele>
        <time>2020-03-21T15:56:57Z</time>
      </trkpt>
      <trkpt lat="34.129912883" lon="-111.45360925"><ele>1357</ele>
        <time>2020-03-21T15:57:05Z</time>
      </trkpt>
      <trkpt lat="34.129919833" lon="-111.45365025"><ele>1357</ele>
        <time>2020-03-21T15:57:09Z</time>
      </trkpt>
      <trkpt lat="34.13000905" lon="-111.45376795"><ele>1360</ele>
        <time>2020-03-21T15:57:23Z</time>
      </trkpt>
      <trkpt lat="34.1299491" lon="-111.453798667"><ele>1363</ele>
        <time>2020-03-21T15:57:37Z</time>
      </trkpt>
      <trkpt lat="34.129911667" lon="-111.453834917"><ele>1365</ele>
        <time>2020-03-21T15:57:43Z</time>
      </trkpt>
      <trkpt lat="34.129900933" lon="-111.45386495"><ele>1365</ele>
        <time>2020-03-21T15:57:46Z</time>
      </trkpt>
      <trkpt lat="34.129911033" lon="-111.4539395"><ele>1367</ele>
        <time>2020-03-21T15:57:52Z</time>
      </trkpt>
      <trkpt lat="34.129960617" lon="-111.454019667"><ele>1370</ele>
        <time>2020-03-21T15:57:59Z</time>
      </trkpt>
      <trkpt lat="34.129949433" lon="-111.454048283"><ele>1370</ele>
        <time>2020-03-21T15:58:02Z</time>
      </trkpt>
      <trkpt lat="34.129940717" lon="-111.4541697"><ele>1372</ele>
        <time>2020-03-21T15:58:14Z</time>
      </trkpt>
      <trkpt lat="34.1298959" lon="-111.45418965"><ele>1373</ele>
        <time>2020-03-21T15:58:22Z</time>
      </trkpt>
      <trkpt lat="34.129888517" lon="-111.454222983"><ele>1374</ele>
        <time>2020-03-21T15:58:25Z</time>
      </trkpt>
      <trkpt lat="34.129862417" lon="-111.454236967"><ele>1375</ele>
        <time>2020-03-21T15:58:29Z</time>
      </trkpt>
      <trkpt lat="34.12981665" lon="-111.454288533"><ele>1376</ele>
        <time>2020-03-21T15:58:35Z</time>
      </trkpt>
      <trkpt lat="34.129655467" lon="-111.4543592"><ele>1380</ele>
        <time>2020-03-21T15:59:04Z</time>
      </trkpt>
      <trkpt lat="34.12963535" lon="-111.454386367"><ele>1380</ele>
        <time>2020-03-21T15:59:08Z</time>
      </trkpt>
      <trkpt lat="34.1296261" lon="-111.454420817"><ele>1381</ele>
        <time>2020-03-21T15:59:11Z</time>
      </trkpt>
      <trkpt lat="34.129532033" lon="-111.4545028"><ele>1384</ele>
        <time>2020-03-21T15:59:24Z</time>
      </trkpt>
      <trkpt lat="34.129512217" lon="-111.45456535"><ele>1386</ele>
        <time>2020-03-21T15:59:29Z</time>
      </trkpt>
      <trkpt lat="34.12951565" lon="-111.454599767"><ele>1386</ele>
        <time>2020-03-21T15:59:31Z</time>
      </trkpt>
      <trkpt lat="34.129501383" lon="-111.45462115"><ele>1386</ele>
        <time>2020-03-21T15:59:35Z</time>
      </trkpt>
      <trkpt lat="34.129386383" lon="-111.45471245"><ele>1392</ele>
        <time>2020-03-21T15:59:57Z</time>
      </trkpt>
      <trkpt lat="34.12937555" lon="-111.454743583"><ele>1393</ele>
        <time>2020-03-21T16:00:00Z</time>
      </trkpt>
      <trkpt lat="34.1293257" lon="-111.454799817"><ele>1397</ele>
        <time>2020-03-21T16:00:09Z</time>
      </trkpt>
      <trkpt lat="34.12927785" lon="-111.454824867"><ele>1398</ele>
        <time>2020-03-21T16:00:15Z</time>
      </trkpt>
      <trkpt lat="34.12922715" lon="-111.454873167"><ele>1401</ele>
        <time>2020-03-21T16:00:23Z</time>
      </trkpt>
      <trkpt lat="34.129206767" lon="-111.454908183"><ele>1401</ele>
        <time>2020-03-21T16:00:28Z</time>
      </trkpt>
      <trkpt lat="34.12921085" lon="-111.454977417"><ele>1402</ele>
        <time>2020-03-21T16:00:33Z</time>
      </trkpt>
      <trkpt lat="34.129281183" lon="-111.455059817"><ele>1403</ele>
        <time>2020-03-21T16:00:54Z</time>
      </trkpt>
      <trkpt lat="34.1292885" lon="-111.455152783"><ele>1407</ele>
        <time>2020-03-21T16:01:07Z</time>
      </trkpt>
      <trkpt lat="34.12932615" lon="-111.455203283"><ele>1409</ele>
        <time>2020-03-21T16:01:14Z</time>
      </trkpt>
      <trkpt lat="34.129369417" lon="-111.455288517"><ele>1413</ele>
        <time>2020-03-21T16:01:24Z</time>
      </trkpt>
      <trkpt lat="34.1292986" lon="-111.455319383"><ele>1415</ele>
        <time>2020-03-21T16:01:53Z</time>
      </trkpt>
      <trkpt lat="34.129238783" lon="-111.4554483"><ele>1417</ele>
        <time>2020-03-21T16:02:10Z</time>
      </trkpt>
      <trkpt lat="34.12913785" lon="-111.455506283"><ele>1420</ele>
        <time>2020-03-21T16:02:23Z</time>
      </trkpt>
      <trkpt lat="34.129087967" lon="-111.455650017"><ele>1422</ele>
        <time>2020-03-21T16:02:50Z</time>
      </trkpt>
      <trkpt lat="34.129095333" lon="-111.455747633"><ele>1425</ele>
        <time>2020-03-21T16:03:13Z</time>
      </trkpt>
      <trkpt lat="34.129185567" lon="-111.455858183"><ele>1428</ele>
        <time>2020-03-21T16:03:24Z</time>
      </trkpt>
      <trkpt lat="34.129192217" lon="-111.45592495"><ele>1430</ele>
        <time>2020-03-21T16:03:30Z</time>
      </trkpt>
      <trkpt lat="34.1291775" lon="-111.45598865"><ele>1430</ele>
        <time>2020-03-21T16:03:36Z</time>
      </trkpt>
      <trkpt lat="34.129160983" lon="-111.45601135"><ele>1430</ele>
        <time>2020-03-21T16:03:39Z</time>
      </trkpt>
      <trkpt lat="34.129105883" lon="-111.456044817"><ele>1432</ele>
        <time>2020-03-21T16:03:48Z</time>
      </trkpt>
      <trkpt lat="34.129083717" lon="-111.456077967"><ele>1432</ele>
        <time>2020-03-21T16:03:51Z</time>
      </trkpt>
      <trkpt lat="34.129081033" lon="-111.456108167"><ele>1434</ele>
        <time>2020-03-21T16:03:53Z</time>
      </trkpt>
      <trkpt lat="34.129132367" lon="-111.456188867"><ele>1435</ele>
        <time>2020-03-21T16:03:59Z</time>
      </trkpt>
      <trkpt lat="34.129132833" lon="-111.45625465"><ele>1436</ele>
        <time>2020-03-21T16:04:05Z</time>
      </trkpt>
      <trkpt lat="34.129084333" lon="-111.456328417"><ele>1438</ele>
        <time>2020-03-21T16:04:16Z</time>
      </trkpt>
      <trkpt lat="34.129082067" lon="-111.456417317"><ele>1440</ele>
        <time>2020-03-21T16:04:23Z</time>
      </trkpt>
      <trkpt lat="34.129042983" lon="-111.4565858"><ele>1442</ele>
        <time>2020-03-21T16:04:38Z</time>
      </trkpt>
      <trkpt lat="34.129056683" lon="-111.456656883"><ele>1443</ele>
        <time>2020-03-21T16:04:44Z</time>
      </trkpt>
      <trkpt lat="34.12905045" lon="-111.456692567"><ele>1443</ele>
        <time>2020-03-21T16:04:47Z</time>
      </trkpt>
      <trkpt lat="34.129003117" lon="-111.45677115"><ele>1445</ele>
        <time>2020-03-21T16:04:56Z</time>
      </trkpt>
      <trkpt lat="34.128998117" lon="-111.45679755"><ele>1444</ele>
        <time>2020-03-21T16:05:38Z</time>
      </trkpt>
      <trkpt lat="34.129009183" lon="-111.456822117"><ele>1444</ele>
        <time>2020-03-21T16:06:22Z</time>
      </trkpt>
      <trkpt lat="34.128984933" lon="-111.456845817"><ele>1441</ele>
        <time>2020-03-21T16:17:07Z</time>
      </trkpt>
      <trkpt lat="34.128957617" lon="-111.456922833"><ele>1444</ele>
        <time>2020-03-21T16:17:16Z</time>
      </trkpt>
      <trkpt lat="34.1289491" lon="-111.457064917"><ele>1447</ele>
        <time>2020-03-21T16:17:28Z</time>
      </trkpt>
      <trkpt lat="34.128909017" lon="-111.457137417"><ele>1452</ele>
        <time>2020-03-21T16:17:42Z</time>
      </trkpt>
      <trkpt lat="34.128906733" lon="-111.457193717"><ele>1452</ele>
        <time>2020-03-21T16:17:46Z</time>
      </trkpt>
      <trkpt lat="34.12889135" lon="-111.457247583"><ele>1453</ele>
        <time>2020-03-21T16:17:50Z</time>
      </trkpt>
      <trkpt lat="34.128899583" lon="-111.457279683"><ele>1453</ele>
        <time>2020-03-21T16:17:52Z</time>
      </trkpt>
      <trkpt lat="34.128952717" lon="-111.457339533"><ele>1453</ele>
        <time>2020-03-21T16:17:56Z</time>
      </trkpt>
      <trkpt lat="34.128913967" lon="-111.45739165"><ele>1455</ele>
        <time>2020-03-21T16:18:07Z</time>
      </trkpt>
      <trkpt lat="34.128943683" lon="-111.457512"><ele>1457</ele>
        <time>2020-03-21T16:18:15Z</time>
      </trkpt>
      <trkpt lat="34.128936833" lon="-111.457543517"><ele>1458</ele>
        <time>2020-03-21T16:18:20Z</time>
      </trkpt>
      <trkpt lat="34.128952983" lon="-111.457631883"><ele>1460</ele>
        <time>2020-03-21T16:18:28Z</time>
      </trkpt>
      <trkpt lat="34.128936517" lon="-111.457661217"><ele>1461</ele>
        <time>2020-03-21T16:18:33Z</time>
      </trkpt>
      <trkpt lat="34.128915133" lon="-111.4576684"><ele>1461</ele>
        <time>2020-03-21T16:18:36Z</time>
      </trkpt>
      <trkpt lat="34.12889225" lon="-111.457699283"><ele>1461</ele>
        <time>2020-03-21T16:18:39Z</time>
      </trkpt>
      <trkpt lat="34.128886933" lon="-111.457731933"><ele>1461</ele>
        <time>2020-03-21T16:18:41Z</time>
      </trkpt>
      <trkpt lat="34.128868583" lon="-111.457749783"><ele>1463</ele>
        <time>2020-03-21T16:18:44Z</time>
      </trkpt>
      <trkpt lat="34.128840667" lon="-111.457774733"><ele>1463</ele>
        <time>2020-03-21T16:18:54Z</time>
      </trkpt>
      <trkpt lat="34.128780317" lon="-111.45779815"><ele>1464</ele>
        <time>2020-03-21T16:19:01Z</time>
      </trkpt>
      <trkpt lat="34.128760567" lon="-111.457856817"><ele>1467</ele>
        <time>2020-03-21T16:19:07Z</time>
      </trkpt>
      <trkpt lat="34.128709117" lon="-111.45787645"><ele>1469</ele>
        <time>2020-03-21T16:19:17Z</time>
      </trkpt>
      <trkpt lat="34.128667333" lon="-111.457824733"><ele>1469</ele>
        <time>2020-03-21T16:19:23Z</time>
      </trkpt>
      <trkpt lat="34.12862375" lon="-111.457807217"><ele>1469</ele>
        <time>2020-03-21T16:19:27Z</time>
      </trkpt>
      <trkpt lat="34.12845375" lon="-111.45783735"><ele>1471</ele>
        <time>2020-03-21T16:19:43Z</time>
      </trkpt>
      <trkpt lat="34.128430017" lon="-111.457845"><ele>1471</ele>
        <time>2020-03-21T16:19:45Z</time>
      </trkpt>
      <trkpt lat="34.128401983" lon="-111.45787065"><ele>1472</ele>
        <time>2020-03-21T16:19:48Z</time>
      </trkpt>
      <trkpt lat="34.128368367" lon="-111.45807505"><ele>1477</ele>
        <time>2020-03-21T16:20:08Z</time>
      </trkpt>
      <trkpt lat="34.128289817" lon="-111.458164117"><ele>1480</ele>
        <time>2020-03-21T16:20:21Z</time>
      </trkpt>
      <trkpt lat="34.12831865" lon="-111.458224333"><ele>1482</ele>
        <time>2020-03-21T16:20:25Z</time>
      </trkpt>
      <trkpt lat="34.1283382" lon="-111.4582441"><ele>1482</ele>
        <time>2020-03-21T16:20:27Z</time>
      </trkpt>
      <trkpt lat="34.128386383" lon="-111.458272267"><ele>1483</ele>
        <time>2020-03-21T16:20:41Z</time>
      </trkpt>
      <trkpt lat="34.128448017" lon="-111.45828495"><ele>1485</ele>
        <time>2020-03-21T16:20:49Z</time>
      </trkpt>
      <trkpt lat="34.128477433" lon="-111.458307717"><ele>1485</ele>
        <time>2020-03-21T16:20:53Z</time>
      </trkpt>
      <trkpt lat="34.12842545" lon="-111.45830725"><ele>1487</ele>
        <time>2020-03-21T16:21:05Z</time>
      </trkpt>
      <trkpt lat="34.12839585" lon="-111.45832365"><ele>1487</ele>
        <time>2020-03-21T16:21:08Z</time>
      </trkpt>
      <trkpt lat="34.128338783" lon="-111.458477533"><ele>1490</ele>
        <time>2020-03-21T16:21:20Z</time>
      </trkpt>
      <trkpt lat="34.128339117" lon="-111.45851275"><ele>1491</ele>
        <time>2020-03-21T16:21:23Z</time>
      </trkpt>
      <trkpt lat="34.128362533" lon="-111.458532817"><ele>1491</ele>
        <time>2020-03-21T16:21:25Z</time>
      </trkpt>
      <trkpt lat="34.128433583" lon="-111.45855675"><ele>1493</ele>
        <time>2020-03-21T16:21:32Z</time>
      </trkpt>
      <trkpt lat="34.1284483" lon="-111.458579883"><ele>1496</ele>
        <time>2020-03-21T16:21:38Z</time>
      </trkpt>
      <trkpt lat="34.1284148" lon="-111.458631533"><ele>1494</ele>
        <time>2020-03-21T16:21:45Z</time>
      </trkpt>
      <trkpt lat="34.128386983" lon="-111.458646683"><ele>1495</ele>
        <time>2020-03-21T16:21:48Z</time>
      </trkpt>
      <trkpt lat="34.128196267" lon="-111.458676233"><ele>1496</ele>
        <time>2020-03-21T16:22:04Z</time>
      </trkpt>
      <trkpt lat="34.1281757" lon="-111.458689067"><ele>1495</ele>
        <time>2020-03-21T16:22:06Z</time>
      </trkpt>
      <trkpt lat="34.128117583" lon="-111.458695067"><ele>1496</ele>
        <time>2020-03-21T16:22:11Z</time>
      </trkpt>
      <trkpt lat="34.128061717" lon="-111.458716233"><ele>1497</ele>
        <time>2020-03-21T16:22:16Z</time>
      </trkpt>
      <trkpt lat="34.128043367" lon="-111.458742133"><ele>1497</ele>
        <time>2020-03-21T16:22:18Z</time>
      </trkpt>
      <trkpt lat="34.127995917" lon="-111.45875975"><ele>1498</ele>
        <time>2020-03-21T16:22:22Z</time>
      </trkpt>
      <trkpt lat="34.127929233" lon="-111.458830783"><ele>1500</ele>
        <time>2020-03-21T16:22:30Z</time>
      </trkpt>
      <trkpt lat="34.127902167" lon="-111.45884085"><ele>1500</ele>
        <time>2020-03-21T16:22:33Z</time>
      </trkpt>
      <trkpt lat="34.127885183" lon="-111.45885905"><ele>1501</ele>
        <time>2020-03-21T16:22:35Z</time>
      </trkpt>
      <trkpt lat="34.127892517" lon="-111.4588905"><ele>1501</ele>
        <time>2020-03-21T16:22:37Z</time>
      </trkpt>
      <trkpt lat="34.127910383" lon="-111.458915517"><ele>1502</ele>
        <time>2020-03-21T16:22:39Z</time>
      </trkpt>
      <trkpt lat="34.12801075" lon="-111.458954767"><ele>1505</ele>
        <time>2020-03-21T16:22:48Z</time>
      </trkpt>
      <trkpt lat="34.127931017" lon="-111.458974767"><ele>1506</ele>
        <time>2020-03-21T16:23:02Z</time>
      </trkpt>
      <trkpt lat="34.1279027" lon="-111.458970817"><ele>1506</ele>
        <time>2020-03-21T16:23:05Z</time>
      </trkpt>
      <trkpt lat="34.127806367" lon="-111.458999033"><ele>1507</ele>
        <time>2020-03-21T16:23:13Z</time>
      </trkpt>
      <trkpt lat="34.12760175" lon="-111.45908965"><ele>1510</ele>
        <time>2020-03-21T16:23:33Z</time>
      </trkpt>
      <trkpt lat="34.127587183" lon="-111.459121833"><ele>1511</ele>
        <time>2020-03-21T16:23:37Z</time>
      </trkpt>
      <trkpt lat="34.127629083" lon="-111.4591566"><ele>1512</ele>
        <time>2020-03-21T16:23:42Z</time>
      </trkpt>
      <trkpt lat="34.1276785" lon="-111.459181483"><ele>1513</ele>
        <time>2020-03-21T16:23:45Z</time>
      </trkpt>
      <trkpt lat="34.1278623" lon="-111.459197767"><ele>1514</ele>
        <time>2020-03-21T16:24:16Z</time>
      </trkpt>
      <trkpt lat="34.1279129" lon="-111.4592276"><ele>1514</ele>
        <time>2020-03-21T16:24:21Z</time>
      </trkpt>
      <trkpt lat="34.128016233" lon="-111.459235983"><ele>1515</ele>
        <time>2020-03-21T16:24:29Z</time>
      </trkpt>
      <trkpt lat="34.128097683" lon="-111.459262267"><ele>1516</ele>
        <time>2020-03-21T16:24:36Z</time>
      </trkpt>
      <trkpt lat="34.128115683" lon="-111.4592804"><ele>1516</ele>
        <time>2020-03-21T16:24:38Z</time>
      </trkpt>
      <trkpt lat="34.128106867" lon="-111.4593077"><ele>1517</ele>
        <time>2020-03-21T16:24:43Z</time>
      </trkpt>
      <trkpt lat="34.12808215" lon="-111.45932595"><ele>1517</ele>
        <time>2020-03-21T16:24:47Z</time>
      </trkpt>
      <trkpt lat="34.127880783" lon="-111.459395283"><ele>1521</ele>
        <time>2020-03-21T16:25:09Z</time>
      </trkpt>
      <trkpt lat="34.127851383" lon="-111.459422"><ele>1522</ele>
        <time>2020-03-21T16:25:12Z</time>
      </trkpt>
      <trkpt lat="34.12770465" lon="-111.459494617"><ele>1527</ele>
        <time>2020-03-21T16:25:32Z</time>
      </trkpt>
      <trkpt lat="34.1276876" lon="-111.45951975"><ele>1527</ele>
        <time>2020-03-21T16:25:34Z</time>
      </trkpt>
      <trkpt lat="34.127680283" lon="-111.459635983"><ele>1529</ele>
        <time>2020-03-21T16:25:42Z</time>
      </trkpt>
      <trkpt lat="34.1276534" lon="-111.459655267"><ele>1529</ele>
        <time>2020-03-21T16:25:45Z</time>
      </trkpt>
      <trkpt lat="34.1276451" lon="-111.459697583"><ele>1530</ele>
        <time>2020-03-21T16:25:49Z</time>
      </trkpt>
      <trkpt lat="34.127669633" lon="-111.459756717"><ele>1531</ele>
        <time>2020-03-21T16:25:54Z</time>
      </trkpt>
      <trkpt lat="34.1276484" lon="-111.459808733"><ele>1534</ele>
        <time>2020-03-21T16:26:01Z</time>
      </trkpt>
      <trkpt lat="34.127657417" lon="-111.459849067"><ele>1535</ele>
        <time>2020-03-21T16:26:04Z</time>
      </trkpt>
      <trkpt lat="34.12770025" lon="-111.459941783"><ele>1536</ele>
        <time>2020-03-21T16:26:14Z</time>
      </trkpt>
      <trkpt lat="34.127702917" lon="-111.460036167"><ele>1539</ele>
        <time>2020-03-21T16:26:24Z</time>
      </trkpt>
      <trkpt lat="34.127728883" lon="-111.460093733"><ele>1541</ele>
        <time>2020-03-21T16:26:29Z</time>
      </trkpt>
      <trkpt lat="34.127732417" lon="-111.460160767"><ele>1544</ele>
        <time>2020-03-21T16:26:39Z</time>
      </trkpt>
      <trkpt lat="34.127806867" lon="-111.460219217"><ele>1542</ele>
        <time>2020-03-21T16:26:51Z</time>
      </trkpt>
      <trkpt lat="34.127911017" lon="-111.460257367"><ele>1545</ele>
        <time>2020-03-21T16:27:02Z</time>
      </trkpt>
      <trkpt lat="34.127934633" lon="-111.460256017"><ele>1546</ele>
        <time>2020-03-21T16:27:05Z</time>
      </trkpt>
      <trkpt lat="34.127957317" lon="-111.460276933"><ele>1547</ele>
        <time>2020-03-21T16:27:09Z</time>
      </trkpt>
      <trkpt lat="34.12795385" lon="-111.460383717"><ele>1548</ele>
        <time>2020-03-21T16:27:27Z</time>
      </trkpt>
      <trkpt lat="34.127969933" lon="-111.460450583"><ele>1549</ele>
        <time>2020-03-21T16:27:32Z</time>
      </trkpt>
      <trkpt lat="34.127956367" lon="-111.460580033"><ele>1553</ele>
        <time>2020-03-21T16:27:42Z</time>
      </trkpt>
      <trkpt lat="34.127911333" lon="-111.460708667"><ele>1556</ele>
        <time>2020-03-21T16:27:54Z</time>
      </trkpt>
      <trkpt lat="34.127850067" lon="-111.460814333"><ele>1556</ele>
        <time>2020-03-21T16:28:05Z</time>
      </trkpt>
      <trkpt lat="34.1278126" lon="-111.460976083"><ele>1557</ele>
        <time>2020-03-21T16:28:23Z</time>
      </trkpt>
      <trkpt lat="34.1278009" lon="-111.4610706"><ele>1558</ele>
        <time>2020-03-21T16:28:30Z</time>
      </trkpt>
      <trkpt lat="34.127863333" lon="-111.461258033"><ele>1561</ele>
        <time>2020-03-21T16:28:42Z</time>
      </trkpt>
      <trkpt lat="34.127848983" lon="-111.461313767"><ele>1561</ele>
        <time>2020-03-21T16:28:46Z</time>
      </trkpt>
      <trkpt lat="34.127754917" lon="-111.46146065"><ele>1563</ele>
        <time>2020-03-21T16:29:03Z</time>
      </trkpt>
      <trkpt lat="34.127727467" lon="-111.461479633"><ele>1563</ele>
        <time>2020-03-21T16:29:06Z</time>
      </trkpt>
      <trkpt lat="34.127709867" lon="-111.461539417"><ele>1564</ele>
        <time>2020-03-21T16:29:11Z</time>
      </trkpt>
      <trkpt lat="34.127646117" lon="-111.461642883"><ele>1568</ele>
        <time>2020-03-21T16:29:28Z</time>
      </trkpt>
      <trkpt lat="34.1276624" lon="-111.461705083"><ele>1570</ele>
        <time>2020-03-21T16:29:32Z</time>
      </trkpt>
      <trkpt lat="34.127630683" lon="-111.461723083"><ele>1572</ele>
        <time>2020-03-21T16:29:39Z</time>
      </trkpt>
      <trkpt lat="34.127624983" lon="-111.461788367"><ele>1573</ele>
        <time>2020-03-21T16:29:45Z</time>
      </trkpt>
      <trkpt lat="34.127599933" lon="-111.461800217"><ele>1575</ele>
        <time>2020-03-21T16:29:55Z</time>
      </trkpt>
      <trkpt lat="34.127583183" lon="-111.461835683"><ele>1576</ele>
        <time>2020-03-21T16:29:59Z</time>
      </trkpt>
      <trkpt lat="34.127598633" lon="-111.4619015"><ele>1578</ele>
        <time>2020-03-21T16:30:06Z</time>
      </trkpt>
      <trkpt lat="34.12763385" lon="-111.461960683"><ele>1578</ele>
        <time>2020-03-21T16:30:13Z</time>
      </trkpt>
      <trkpt lat="34.1276521" lon="-111.4620261"><ele>1579</ele>
        <time>2020-03-21T16:30:21Z</time>
      </trkpt>
      <trkpt lat="34.127669767" lon="-111.462051533"><ele>1579</ele>
        <time>2020-03-21T16:30:25Z</time>
      </trkpt>
      <trkpt lat="34.127678483" lon="-111.4621081"><ele>1581</ele>
        <time>2020-03-21T16:30:31Z</time>
      </trkpt>
      <trkpt lat="34.127562217" lon="-111.462105533"><ele>1585</ele>
        <time>2020-03-21T16:31:07Z</time>
      </trkpt>
      <trkpt lat="34.127525383" lon="-111.46214315"><ele>1585</ele>
        <time>2020-03-21T16:31:13Z</time>
      </trkpt>
      <trkpt lat="34.127509883" lon="-111.462173817"><ele>1586</ele>
        <time>2020-03-21T16:31:17Z</time>
      </trkpt>
      <trkpt lat="34.127456133" lon="-111.462196783"><ele>1586</ele>
        <time>2020-03-21T16:31:25Z</time>
      </trkpt>
      <trkpt lat="34.127371833" lon="-111.462291883"><ele>1589</ele>
        <time>2020-03-21T16:31:37Z</time>
      </trkpt>
      <trkpt lat="34.127324817" lon="-111.462318833"><ele>1590</ele>
        <time>2020-03-21T16:31:44Z</time>
      </trkpt>
      <trkpt lat="34.127266267" lon="-111.4624304"><ele>1591</ele>
        <time>2020-03-21T16:31:54Z</time>
      </trkpt>
      <trkpt lat="34.127262483" lon="-111.462458983"><ele>1591</ele>
        <time>2020-03-21T16:31:56Z</time>
      </trkpt>
      <trkpt lat="34.127277933" lon="-111.462634533"><ele>1595</ele>
        <time>2020-03-21T16:32:09Z</time>
      </trkpt>
      <trkpt lat="34.127289933" lon="-111.462676267"><ele>1595</ele>
        <time>2020-03-21T16:32:12Z</time>
      </trkpt>
      <trkpt lat="34.127287667" lon="-111.462754217"><ele>1598</ele>
        <time>2020-03-21T16:32:20Z</time>
      </trkpt>
      <trkpt lat="34.12733005" lon="-111.462838267"><ele>1598</ele>
        <time>2020-03-21T16:32:27Z</time>
      </trkpt>
      <trkpt lat="34.127335733" lon="-111.4628731"><ele>1599</ele>
        <time>2020-03-21T16:32:32Z</time>
      </trkpt>
      <trkpt lat="34.127321417" lon="-111.462941567"><ele>1602</ele>
        <time>2020-03-21T16:32:40Z</time>
      </trkpt>
      <trkpt lat="34.127347683" lon="-111.463058583"><ele>1603</ele>
        <time>2020-03-21T16:32:52Z</time>
      </trkpt>
      <trkpt lat="34.127458583" lon="-111.463197567"><ele>1606</ele>
        <time>2020-03-21T16:33:09Z</time>
      </trkpt>
      <trkpt lat="34.127553367" lon="-111.4633584"><ele>1606</ele>
        <time>2020-03-21T16:33:23Z</time>
      </trkpt>
      <trkpt lat="34.127574233" lon="-111.4633705"><ele>1608</ele>
        <time>2020-03-21T16:33:29Z</time>
      </trkpt>
      <trkpt lat="34.127622" lon="-111.463452267"><ele>1609</ele>
        <time>2020-03-21T16:33:39Z</time>
      </trkpt>
      <trkpt lat="34.12771515" lon="-111.463577767"><ele>1613</ele>
        <time>2020-03-21T16:33:56Z</time>
      </trkpt>
      <trkpt lat="34.1277169" lon="-111.4636117"><ele>1617</ele>
        <time>2020-03-21T16:34:21Z</time>
      </trkpt>
      <trkpt lat="34.127691167" lon="-111.463622283"><ele>1622</ele>
        <time>2020-03-21T16:34:31Z</time>
      </trkpt>
      <trkpt lat="34.127712667" lon="-111.463654317"><ele>1625</ele>
        <time>2020-03-21T16:34:35Z</time>
      </trkpt>
      <trkpt lat="34.1277137" lon="-111.4636927"><ele>1625</ele>
        <time>2020-03-21T16:34:53Z</time>
      </trkpt>
      <trkpt lat="34.127727667" lon="-111.463721083"><ele>1624</ele>
        <time>2020-03-21T16:35:01Z</time>
      </trkpt>
      <trkpt lat="34.12776195" lon="-111.463736867"><ele>1625</ele>
        <time>2020-03-21T16:35:05Z</time>
      </trkpt>
      <trkpt lat="34.12781085" lon="-111.4637369"><ele>1627</ele>
        <time>2020-03-21T16:35:12Z</time>
      </trkpt>
      <trkpt lat="34.127786483" lon="-111.463827117"><ele>1627</ele>
        <time>2020-03-21T16:35:28Z</time>
      </trkpt>
      <trkpt lat="34.127754683" lon="-111.4638399"><ele>1625</ele>
        <time>2020-03-21T16:35:39Z</time>
      </trkpt>
      <trkpt lat="34.127702783" lon="-111.4638922"><ele>1623</ele>
        <time>2020-03-21T16:35:46Z</time>
      </trkpt>
      <trkpt lat="34.127660733" lon="-111.46401005"><ele>1623</ele>
        <time>2020-03-21T16:35:56Z</time>
      </trkpt>
      <trkpt lat="34.127638317" lon="-111.464035467"><ele>1625</ele>
        <time>2020-03-21T16:36:04Z</time>
      </trkpt>
      <trkpt lat="34.1275077" lon="-111.464057983"><ele>1629</ele>
        <time>2020-03-21T16:36:22Z</time>
      </trkpt>
      <trkpt lat="34.127434267" lon="-111.464084233"><ele>1632</ele>
        <time>2020-03-21T16:36:33Z</time>
      </trkpt>
      <trkpt lat="34.127384683" lon="-111.464130417"><ele>1633</ele>
        <time>2020-03-21T16:36:40Z</time>
      </trkpt>
      <trkpt lat="34.127367517" lon="-111.464182667"><ele>1636</ele>
        <time>2020-03-21T16:36:46Z</time>
      </trkpt>
      <trkpt lat="34.127350617" lon="-111.464157967"><ele>1637</ele>
        <time>2020-03-21T16:36:52Z</time>
      </trkpt>
      <trkpt lat="34.127319067" lon="-111.464150867"><ele>1637</ele>
        <time>2020-03-21T16:36:55Z</time>
      </trkpt>
      <trkpt lat="34.12729025" lon="-111.464172717"><ele>1639</ele>
        <time>2020-03-21T16:36:58Z</time>
      </trkpt>
      <trkpt lat="34.127245483" lon="-111.46424865"><ele>1643</ele>
        <time>2020-03-21T16:37:06Z</time>
      </trkpt>
      <trkpt lat="34.12721125" lon="-111.4642364"><ele>1643</ele>
        <time>2020-03-21T16:37:13Z</time>
      </trkpt>
      <trkpt lat="34.12718625" lon="-111.46424355"><ele>1643</ele>
        <time>2020-03-21T16:37:17Z</time>
      </trkpt>
      <trkpt lat="34.127170833" lon="-111.46426975"><ele>1643</ele>
        <time>2020-03-21T16:37:19Z</time>
      </trkpt>
      <trkpt lat="34.127128733" lon="-111.464296383"><ele>1644</ele>
        <time>2020-03-21T16:37:30Z</time>
      </trkpt>
      <trkpt lat="34.1270429" lon="-111.464312533"><ele>1647</ele>
        <time>2020-03-21T16:37:45Z</time>
      </trkpt>
      <trkpt lat="34.127022317" lon="-111.46430025"><ele>1648</ele>
        <time>2020-03-21T16:37:51Z</time>
      </trkpt>
      <trkpt lat="34.12701405" lon="-111.464262233"><ele>1647</ele>
        <time>2020-03-21T16:37:57Z</time>
      </trkpt>
      <trkpt lat="34.12695895" lon="-111.46417675"><ele>1645</ele>
        <time>2020-03-21T16:38:04Z</time>
      </trkpt>
      <trkpt lat="34.126931733" lon="-111.464159717"><ele>1644</ele>
        <time>2020-03-21T16:38:06Z</time>
      </trkpt>
      <trkpt lat="34.126903983" lon="-111.464156317"><ele>1644</ele>
        <time>2020-03-21T16:38:08Z</time>
      </trkpt>
      <trkpt lat="34.126781417" lon="-111.464052983"><ele>1650</ele>
        <time>2020-03-21T16:38:26Z</time>
      </trkpt>
      <trkpt lat="34.12674555" lon="-111.464040483"><ele>1651</ele>
        <time>2020-03-21T16:38:31Z</time>
      </trkpt>
      <trkpt lat="34.126715983" lon="-111.46404505"><ele>1651</ele>
        <time>2020-03-21T16:38:33Z</time>
      </trkpt>
      <trkpt lat="34.126652983" lon="-111.464035883"><ele>1653</ele>
        <time>2020-03-21T16:38:38Z</time>
      </trkpt>
      <trkpt lat="34.126542883" lon="-111.4640728"><ele>1658</ele>
        <time>2020-03-21T16:39:02Z</time>
      </trkpt>
      <trkpt lat="34.1265327" lon="-111.464049183"><ele>1659</ele>
        <time>2020-03-21T16:39:08Z</time>
      </trkpt>
      <trkpt lat="34.126539117" lon="-111.464043533"><ele>1658</ele>
        <time>2020-03-21T16:39:24Z</time>
      </trkpt>
      <trkpt lat="34.1265048" lon="-111.463965483"><ele>1656</ele>
        <time>2020-03-21T16:39:37Z</time>
      </trkpt>
      <trkpt lat="34.126476567" lon="-111.463959233"><ele>1656</ele>
        <time>2020-03-21T16:40:06Z</time>
      </trkpt>
      <trkpt lat="34.126418633" lon="-111.464029417"><ele>1658</ele>
        <time>2020-03-21T16:40:26Z</time>
      </trkpt>
      <trkpt lat="34.126388017" lon="-111.464082267"><ele>1658</ele>
        <time>2020-03-21T16:40:31Z</time>
      </trkpt>
      <trkpt lat="34.1263692" lon="-111.464066317"><ele>1659</ele>
        <time>2020-03-21T16:40:36Z</time>
      </trkpt>
      <trkpt lat="34.126250067" lon="-111.464058583"><ele>1665</ele>
        <time>2020-03-21T16:40:50Z</time>
      </trkpt>
      <trkpt lat="34.126199583" lon="-111.464024983"><ele>1666</ele>
        <time>2020-03-21T16:40:58Z</time>
      </trkpt>
      <trkpt lat="34.126164317" lon="-111.464020867"><ele>1666</ele>
        <time>2020-03-21T16:41:01Z</time>
      </trkpt>
      <trkpt lat="34.12613215" lon="-111.464040983"><ele>1667</ele>
        <time>2020-03-21T16:41:04Z</time>
      </trkpt>
      <trkpt lat="34.1261036" lon="-111.464035633"><ele>1668</ele>
        <time>2020-03-21T16:41:09Z</time>
      </trkpt>
      <trkpt lat="34.12606385" lon="-111.463993667"><ele>1670</ele>
        <time>2020-03-21T16:41:17Z</time>
      </trkpt>
      <trkpt lat="34.1259531" lon="-111.464010883"><ele>1672</ele>
        <time>2020-03-21T16:41:30Z</time>
      </trkpt>
      <trkpt lat="34.125886017" lon="-111.4639389"><ele>1673</ele>
        <time>2020-03-21T16:42:00Z</time>
      </trkpt>
      <trkpt lat="34.125834317" lon="-111.4639019"><ele>1673</ele>
        <time>2020-03-21T16:42:05Z</time>
      </trkpt>
      <trkpt lat="34.125775617" lon="-111.463892517"><ele>1673</ele>
        <time>2020-03-21T16:42:10Z</time>
      </trkpt>
      <trkpt lat="34.12572505" lon="-111.463897867"><ele>1673</ele>
        <time>2020-03-21T16:42:14Z</time>
      </trkpt>
      <trkpt lat="34.125707667" lon="-111.4638748"><ele>1673</ele>
        <time>2020-03-21T16:42:17Z</time>
      </trkpt>
      <trkpt lat="34.125517567" lon="-111.463798833"><ele>1675</ele>
        <time>2020-03-21T16:42:35Z</time>
      </trkpt>
      <trkpt lat="34.125471317" lon="-111.46382135"><ele>1675</ele>
        <time>2020-03-21T16:42:39Z</time>
      </trkpt>
      <trkpt lat="34.125418717" lon="-111.463818367"><ele>1677</ele>
        <time>2020-03-21T16:42:44Z</time>
      </trkpt>
      <trkpt lat="34.1251508" lon="-111.463931633"><ele>1679</ele>
        <time>2020-03-21T16:43:09Z</time>
      </trkpt>
      <trkpt lat="34.125060817" lon="-111.46400825"><ele>1681</ele>
        <time>2020-03-21T16:43:21Z</time>
      </trkpt>
      <trkpt lat="34.124943283" lon="-111.464067967"><ele>1685</ele>
        <time>2020-03-21T16:43:34Z</time>
      </trkpt>
      <trkpt lat="34.124910017" lon="-111.4641187"><ele>1684</ele>
        <time>2020-03-21T16:43:38Z</time>
      </trkpt>
      <trkpt lat="34.124888217" lon="-111.464135317"><ele>1685</ele>
        <time>2020-03-21T16:43:40Z</time>
      </trkpt>
      <trkpt lat="34.124811117" lon="-111.464166633"><ele>1688</ele>
        <time>2020-03-21T16:43:49Z</time>
      </trkpt>
      <trkpt lat="34.124774067" lon="-111.464210367"><ele>1689</ele>
        <time>2020-03-21T16:43:54Z</time>
      </trkpt>
      <trkpt lat="34.124678783" lon="-111.464247867"><ele>1692</ele>
        <time>2020-03-21T16:44:04Z</time>
      </trkpt>
      <trkpt lat="34.12462755" lon="-111.46431185"><ele>1692</ele>
        <time>2020-03-21T16:44:10Z</time>
      </trkpt>
      <trkpt lat="34.12457805" lon="-111.4644496"><ele>1695</ele>
        <time>2020-03-21T16:44:29Z</time>
      </trkpt>
      <trkpt lat="34.124555517" lon="-111.4644642"><ele>1695</ele>
        <time>2020-03-21T16:44:31Z</time>
      </trkpt>
      <trkpt lat="34.1245418" lon="-111.464496383"><ele>1695</ele>
        <time>2020-03-21T16:44:36Z</time>
      </trkpt>
      <trkpt lat="34.12451535" lon="-111.464496833"><ele>1697</ele>
        <time>2020-03-21T16:44:40Z</time>
      </trkpt>
      <trkpt lat="34.1244972" lon="-111.464422367"><ele>1698</ele>
        <time>2020-03-21T16:44:56Z</time>
      </trkpt>
      <trkpt lat="34.124475117" lon="-111.464427783"><ele>1699</ele>
        <time>2020-03-21T16:44:58Z</time>
      </trkpt>
      <trkpt lat="34.124472367" lon="-111.464458483"><ele>1697</ele>
        <time>2020-03-21T16:46:25Z</time>
      </trkpt>
      <trkpt lat="34.124496933" lon="-111.464486967"><ele>1699</ele>
        <time>2020-03-21T16:46:28Z</time>
      </trkpt>
      <trkpt lat="34.1245049" lon="-111.46451445"><ele>1699</ele>
        <time>2020-03-21T16:46:33Z</time>
      </trkpt>
      <trkpt lat="34.124545933" lon="-111.46442525"><ele>1699</ele>
        <time>2020-03-21T16:46:40Z</time>
      </trkpt>
      <trkpt lat="34.1245182" lon="-111.464423033"><ele>1699</ele>
        <time>2020-03-21T16:49:09Z</time>
      </trkpt>
      <trkpt lat="34.124508633" lon="-111.464458533"><ele>1698</ele>
        <time>2020-03-21T16:49:12Z</time>
      </trkpt>
      <trkpt lat="34.124523833" lon="-111.46455555"><ele>1698</ele>
        <time>2020-03-21T16:49:20Z</time>
      </trkpt>
      <trkpt lat="34.124515" lon="-111.4646112"><ele>1698</ele>
        <time>2020-03-21T16:49:25Z</time>
      </trkpt>
      <trkpt lat="34.124549667" lon="-111.464685117"><ele>1700</ele>
        <time>2020-03-21T16:49:31Z</time>
      </trkpt>
      <trkpt lat="34.1245731" lon="-111.464710217"><ele>1700</ele>
        <time>2020-03-21T16:49:33Z</time>
      </trkpt>
      <trkpt lat="34.12460175" lon="-111.464722983"><ele>1701</ele>
        <time>2020-03-21T16:49:36Z</time>
      </trkpt>
      <trkpt lat="34.12461675" lon="-111.464749067"><ele>1702</ele>
        <time>2020-03-21T16:49:40Z</time>
      </trkpt>
      <trkpt lat="34.124772867" lon="-111.46485715"><ele>1708</ele>
        <time>2020-03-21T16:49:58Z</time>
      </trkpt>
      <trkpt lat="34.12478535" lon="-111.464881317"><ele>1708</ele>
        <time>2020-03-21T16:50:01Z</time>
      </trkpt>
      <trkpt lat="34.1248118" lon="-111.464902733"><ele>1709</ele>
        <time>2020-03-21T16:50:05Z</time>
      </trkpt>
      <trkpt lat="34.12482235" lon="-111.4649336"><ele>1710</ele>
        <time>2020-03-21T16:50:10Z</time>
      </trkpt>
      <trkpt lat="34.124799567" lon="-111.464955833"><ele>1708</ele>
        <time>2020-03-21T16:50:19Z</time>
      </trkpt>
      <trkpt lat="34.124775833" lon="-111.464957267"><ele>1708</ele>
        <time>2020-03-21T16:50:22Z</time>
      </trkpt>
      <trkpt lat="34.124701367" lon="-111.465003467"><ele>1708</ele>
        <time>2020-03-21T16:50:31Z</time>
      </trkpt>
      <trkpt lat="34.124648117" lon="-111.465101367"><ele>1709</ele>
        <time>2020-03-21T16:50:40Z</time>
      </trkpt>
      <trkpt lat="34.124623133" lon="-111.465121233"><ele>1709</ele>
        <time>2020-03-21T16:50:43Z</time>
      </trkpt>
      <trkpt lat="34.124593917" lon="-111.465187533"><ele>1711</ele>
        <time>2020-03-21T16:50:50Z</time>
      </trkpt>
      <trkpt lat="34.1244935" lon="-111.465282783"><ele>1713</ele>
        <time>2020-03-21T16:51:03Z</time>
      </trkpt>
      <trkpt lat="34.124469917" lon="-111.4653508"><ele>1716</ele>
        <time>2020-03-21T16:51:11Z</time>
      </trkpt>
      <trkpt lat="34.12447285" lon="-111.465385333"><ele>1717</ele>
        <time>2020-03-21T16:51:14Z</time>
      </trkpt>
      <trkpt lat="34.124489417" lon="-111.465413183"><ele>1718</ele>
        <time>2020-03-21T16:51:18Z</time>
      </trkpt>
      <trkpt lat="34.124588217" lon="-111.4654664"><ele>1724</ele>
        <time>2020-03-21T16:51:30Z</time>
      </trkpt>
      <trkpt lat="34.12468265" lon="-111.465482233"><ele>1729</ele>
        <time>2020-03-21T16:51:39Z</time>
      </trkpt>
      <trkpt lat="34.1247342" lon="-111.465481217"><ele>1731</ele>
        <time>2020-03-21T16:51:44Z</time>
      </trkpt>
      <trkpt lat="34.1249499" lon="-111.465540383"><ele>1735</ele>
        <time>2020-03-21T16:52:04Z</time>
      </trkpt>
      <trkpt lat="34.1250041" lon="-111.465573767"><ele>1735</ele>
        <time>2020-03-21T16:52:09Z</time>
      </trkpt>
      <trkpt lat="34.12512645" lon="-111.465676967"><ele>1739</ele>
        <time>2020-03-21T16:52:27Z</time>
      </trkpt>
      <trkpt lat="34.125376233" lon="-111.4657902"><ele>1740</ele>
        <time>2020-03-21T16:52:51Z</time>
      </trkpt>
      <trkpt lat="34.125479433" lon="-111.465899467"><ele>1741</ele>
        <time>2020-03-21T16:53:06Z</time>
      </trkpt>
      <trkpt lat="34.125631533" lon="-111.466021517"><ele>1746</ele>
        <time>2020-03-21T16:53:31Z</time>
      </trkpt>
      <trkpt lat="34.125686" lon="-111.4660949"><ele>1748</ele>
        <time>2020-03-21T16:53:41Z</time>
      </trkpt>
      <trkpt lat="34.1257511" lon="-111.466145383"><ele>1750</ele>
        <time>2020-03-21T16:53:51Z</time>
      </trkpt>
      <trkpt lat="34.12584145" lon="-111.46625775"><ele>1751</ele>
        <time>2020-03-21T16:54:04Z</time>
      </trkpt>
      <trkpt lat="34.125914283" lon="-111.466317117"><ele>1752</ele>
        <time>2020-03-21T16:54:20Z</time>
      </trkpt>
      <trkpt lat="34.125939167" lon="-111.466367233"><ele>1753</ele>
        <time>2020-03-21T16:54:25Z</time>
      </trkpt>
      <trkpt lat="34.126056783" lon="-111.466496883"><ele>1756</ele>
        <time>2020-03-21T16:54:46Z</time>
      </trkpt>
      <trkpt lat="34.126164283" lon="-111.466592"><ele>1758</ele>
        <time>2020-03-21T16:55:08Z</time>
      </trkpt>
      <trkpt lat="34.126222317" lon="-111.466628767"><ele>1756</ele>
        <time>2020-03-21T16:55:36Z</time>
      </trkpt>
      <trkpt lat="34.12617225" lon="-111.466643883"><ele>1758</ele>
        <time>2020-03-21T16:55:42Z</time>
      </trkpt>
      <trkpt lat="34.1260981" lon="-111.466617367"><ele>1759</ele>
        <time>2020-03-21T16:56:01Z</time>
      </trkpt>
      <trkpt lat="34.1259298" lon="-111.466607633"><ele>1762</ele>
        <time>2020-03-21T16:56:21Z</time>
      </trkpt>
      <trkpt lat="34.125876067" lon="-111.466594517"><ele>1763</ele>
        <time>2020-03-21T16:56:28Z</time>
      </trkpt>
      <trkpt lat="34.125851617" lon="-111.466603017"><ele>1763</ele>
        <time>2020-03-21T16:56:31Z</time>
      </trkpt>
      <trkpt lat="34.12579275" lon="-111.466580367"><ele>1764</ele>
        <time>2020-03-21T16:56:38Z</time>
      </trkpt>
      <trkpt lat="34.125746283" lon="-111.466605983"><ele>1764</ele>
        <time>2020-03-21T16:56:43Z</time>
      </trkpt>
      <trkpt lat="34.125637633" lon="-111.466605583"><ele>1767</ele>
        <time>2020-03-21T16:56:59Z</time>
      </trkpt>
      <trkpt lat="34.125615217" lon="-111.4665948"><ele>1768</ele>
        <time>2020-03-21T16:57:09Z</time>
      </trkpt>
      <trkpt lat="34.125529067" lon="-111.466587317"><ele>1768</ele>
        <time>2020-03-21T16:57:23Z</time>
      </trkpt>
      <trkpt lat="34.125408417" lon="-111.4666109"><ele>1773</ele>
        <time>2020-03-21T16:57:41Z</time>
      </trkpt>
      <trkpt lat="34.125333767" lon="-111.4666444"><ele>1775</ele>
        <time>2020-03-21T16:57:55Z</time>
      </trkpt>
      <trkpt lat="34.12527815" lon="-111.466654533"><ele>1777</ele>
        <time>2020-03-21T16:58:02Z</time>
      </trkpt>
      <trkpt lat="34.125212717" lon="-111.466696067"><ele>1779</ele>
        <time>2020-03-21T16:58:14Z</time>
      </trkpt>
      <trkpt lat="34.125183883" lon="-111.4666966"><ele>1780</ele>
        <time>2020-03-21T16:58:22Z</time>
      </trkpt>
      <trkpt lat="34.125124767" lon="-111.466723733"><ele>1781</ele>
        <time>2020-03-21T16:58:31Z</time>
      </trkpt>
      <trkpt lat="34.125026483" lon="-111.466812717"><ele>1782</ele>
        <time>2020-03-21T16:58:50Z</time>
      </trkpt>
      <trkpt lat="34.1249273" lon="-111.4668774"><ele>1785</ele>
        <time>2020-03-21T16:59:05Z</time>
      </trkpt>
      <trkpt lat="34.124929883" lon="-111.466910183"><ele>1786</ele>
        <time>2020-03-21T16:59:08Z</time>
      </trkpt>
      <trkpt lat="34.124965433" lon="-111.466971267"><ele>1791</ele>
        <time>2020-03-21T16:59:18Z</time>
      </trkpt>
      <trkpt lat="34.125093033" lon="-111.467024567"><ele>1798</ele>
        <time>2020-03-21T16:59:49Z</time>
      </trkpt>
      <trkpt lat="34.12514305" lon="-111.467058483"><ele>1799</ele>
        <time>2020-03-21T16:59:56Z</time>
      </trkpt>
      <trkpt lat="34.125173483" lon="-111.46706865"><ele>1800</ele>
        <time>2020-03-21T17:00:00Z</time>
      </trkpt>
      <trkpt lat="34.125206133" lon="-111.467063033"><ele>1801</ele>
        <time>2020-03-21T17:00:07Z</time>
      </trkpt>
      <trkpt lat="34.125181333" lon="-111.467078133"><ele>1799</ele>
        <time>2020-03-21T17:00:13Z</time>
      </trkpt>
      <trkpt lat="34.1251288" lon="-111.4670782"><ele>1798</ele>
        <time>2020-03-21T17:00:21Z</time>
      </trkpt>
      <trkpt lat="34.125131583" lon="-111.467140917"><ele>1799</ele>
        <time>2020-03-21T17:00:26Z</time>
      </trkpt>
      <trkpt lat="34.12517305" lon="-111.4671935"><ele>1801</ele>
        <time>2020-03-21T17:00:32Z</time>
      </trkpt>
      <trkpt lat="34.125224133" lon="-111.467237783"><ele>1804</ele>
        <time>2020-03-21T17:00:38Z</time>
      </trkpt>
      <trkpt lat="34.1252774" lon="-111.46726415"><ele>1809</ele>
        <time>2020-03-21T17:00:54Z</time>
      </trkpt>
      <trkpt lat="34.125320633" lon="-111.467308817"><ele>1811</ele>
        <time>2020-03-21T17:01:01Z</time>
      </trkpt>
      <trkpt lat="34.125385067" lon="-111.467353617"><ele>1814</ele>
        <time>2020-03-21T17:01:12Z</time>
      </trkpt>
      <trkpt lat="34.1253552" lon="-111.467348817"><ele>1811</ele>
        <time>2020-03-21T17:01:25Z</time>
      </trkpt>
      <trkpt lat="34.125343283" lon="-111.467408933"><ele>1812</ele>
        <time>2020-03-21T17:01:36Z</time>
      </trkpt>
      <trkpt lat="34.125355283" lon="-111.467445467"><ele>1814</ele>
        <time>2020-03-21T17:01:52Z</time>
      </trkpt>
      <trkpt lat="34.12541225" lon="-111.46752835"><ele>1820</ele>
        <time>2020-03-21T17:02:05Z</time>
      </trkpt>
      <trkpt lat="34.125485383" lon="-111.467579733"><ele>1821</ele>
        <time>2020-03-21T17:02:15Z</time>
      </trkpt>
      <trkpt lat="34.125509433" lon="-111.46756805"><ele>1820</ele>
        <time>2020-03-21T17:02:17Z</time>
      </trkpt>
      <trkpt lat="34.125552683" lon="-111.467599983"><ele>1824</ele>
        <time>2020-03-21T17:02:34Z</time>
      </trkpt>
      <trkpt lat="34.125570233" lon="-111.467626383"><ele>1826</ele>
        <time>2020-03-21T17:02:38Z</time>
      </trkpt>
      <trkpt lat="34.125617683" lon="-111.4676093"><ele>1828</ele>
        <time>2020-03-21T17:03:14Z</time>
      </trkpt>
      <trkpt lat="34.125593617" lon="-111.467663333"><ele>1828</ele>
        <time>2020-03-21T17:03:25Z</time>
      </trkpt>
      <trkpt lat="34.125604483" lon="-111.4677008"><ele>1828</ele>
        <time>2020-03-21T17:03:29Z</time>
      </trkpt>
      <trkpt lat="34.12564265" lon="-111.46775615"><ele>1830</ele>
        <time>2020-03-21T17:03:36Z</time>
      </trkpt>
      <trkpt lat="34.125652617" lon="-111.467812083"><ele>1833</ele>
        <time>2020-03-21T17:03:44Z</time>
      </trkpt>
      <trkpt lat="34.12572675" lon="-111.467836017"><ele>1836</ele>
        <time>2020-03-21T17:03:54Z</time>
      </trkpt>
      <trkpt lat="34.1257989" lon="-111.467833483"><ele>1841</ele>
        <time>2020-03-21T17:04:16Z</time>
      </trkpt>
      <trkpt lat="34.1258435" lon="-111.467869633"><ele>1844</ele>
        <time>2020-03-21T17:04:24Z</time>
      </trkpt>
      <trkpt lat="34.1258674" lon="-111.467857333"><ele>1844</ele>
        <time>2020-03-21T17:04:27Z</time>
      </trkpt>
      <trkpt lat="34.125905833" lon="-111.467864117"><ele>1845</ele>
        <time>2020-03-21T17:04:30Z</time>
      </trkpt>
      <trkpt lat="34.1259621" lon="-111.467888833"><ele>1846</ele>
        <time>2020-03-21T17:04:42Z</time>
      </trkpt>
      <trkpt lat="34.126040567" lon="-111.4679827"><ele>1850</ele>
        <time>2020-03-21T17:05:03Z</time>
      </trkpt>
      <trkpt lat="34.12606485" lon="-111.467974867"><ele>1850</ele>
        <time>2020-03-21T17:05:06Z</time>
      </trkpt>
      <trkpt lat="34.126011183" lon="-111.467958467"><ele>1851</ele>
        <time>2020-03-21T17:05:30Z</time>
      </trkpt>
      <trkpt lat="34.12596245" lon="-111.467966817"><ele>1853</ele>
        <time>2020-03-21T17:05:37Z</time>
      </trkpt>
      <trkpt lat="34.125952067" lon="-111.467991933"><ele>1854</ele>
        <time>2020-03-21T17:05:53Z</time>
      </trkpt>
      <trkpt lat="34.12600045" lon="-111.46813895"><ele>1859</ele>
        <time>2020-03-21T17:06:07Z</time>
      </trkpt>
      <trkpt lat="34.126083133" lon="-111.468249117"><ele>1864</ele>
        <time>2020-03-21T17:06:32Z</time>
      </trkpt>
      <trkpt lat="34.126101183" lon="-111.468228233"><ele>1864</ele>
        <time>2020-03-21T17:06:40Z</time>
      </trkpt>
      <trkpt lat="34.126074717" lon="-111.468218333"><ele>1865</ele>
        <time>2020-03-21T17:06:45Z</time>
      </trkpt>
      <trkpt lat="34.1260581" lon="-111.468240333"><ele>1866</ele>
        <time>2020-03-21T17:06:49Z</time>
      </trkpt>
      <trkpt lat="34.126078733" lon="-111.468294017"><ele>1869</ele>
        <time>2020-03-21T17:06:58Z</time>
      </trkpt>
      <trkpt lat="34.1260897" lon="-111.468362133"><ele>1871</ele>
        <time>2020-03-21T17:07:05Z</time>
      </trkpt>
      <trkpt lat="34.12610635" lon="-111.468383467"><ele>1872</ele>
        <time>2020-03-21T17:07:12Z</time>
      </trkpt>
      <trkpt lat="34.126138033" lon="-111.468376133"><ele>1873</ele>
        <time>2020-03-21T17:07:16Z</time>
      </trkpt>
      <trkpt lat="34.12616235" lon="-111.468384333"><ele>1874</ele>
        <time>2020-03-21T17:07:22Z</time>
      </trkpt>
      <trkpt lat="34.12619215" lon="-111.468436083"><ele>1874</ele>
        <time>2020-03-21T17:07:31Z</time>
      </trkpt>
      <trkpt lat="34.126249483" lon="-111.46846175"><ele>1871</ele>
        <time>2020-03-21T17:07:38Z</time>
      </trkpt>
      <trkpt lat="34.126272933" lon="-111.46848945"><ele>1870</ele>
        <time>2020-03-21T17:07:44Z</time>
      </trkpt>
      <trkpt lat="34.1263027" lon="-111.468504583"><ele>1870</ele>
        <time>2020-03-21T17:07:48Z</time>
      </trkpt>
      <trkpt lat="34.126334633" lon="-111.468511783"><ele>1871</ele>
        <time>2020-03-21T17:07:52Z</time>
      </trkpt>
      <trkpt lat="34.12635035" lon="-111.468488967"><ele>1873</ele>
        <time>2020-03-21T17:08:01Z</time>
      </trkpt>
      <trkpt lat="34.126218917" lon="-111.468463267"><ele>1876</ele>
        <time>2020-03-21T17:08:40Z</time>
      </trkpt>
      <trkpt lat="34.126119167" lon="-111.468475"><ele>1877</ele>
        <time>2020-03-21T17:08:51Z</time>
      </trkpt>
      <trkpt lat="34.12610925" lon="-111.468520217"><ele>1875</ele>
        <time>2020-03-21T17:09:14Z</time>
      </trkpt>
      <trkpt lat="34.126117183" lon="-111.468595933"><ele>1871</ele>
        <time>2020-03-21T17:09:17Z</time>
      </trkpt>
      <trkpt lat="34.126113167" lon="-111.46869085"><ele>1870</ele>
        <time>2020-03-21T17:09:24Z</time>
      </trkpt>
      <trkpt lat="34.126089217" lon="-111.468853817"><ele>1867</ele>
        <time>2020-03-21T17:09:46Z</time>
      </trkpt>
      <trkpt lat="34.126056267" lon="-111.468899217"><ele>1864</ele>
        <time>2020-03-21T17:10:01Z</time>
      </trkpt>
      <trkpt lat="34.12605845" lon="-111.468928033"><ele>1864</ele>
        <time>2020-03-21T17:10:03Z</time>
      </trkpt>
      <trkpt lat="34.125998017" lon="-111.468993283"><ele>1863</ele>
        <time>2020-03-21T17:10:25Z</time>
      </trkpt>
      <trkpt lat="34.126012533" lon="-111.469013917"><ele>1863</ele>
        <time>2020-03-21T17:11:20Z</time>
      </trkpt>
      <trkpt lat="34.126014333" lon="-111.468934583"><ele>1862</ele>
        <time>2020-03-21T17:12:17Z</time>
      </trkpt>
      <trkpt lat="34.125996383" lon="-111.4688849"><ele>1861</ele>
        <time>2020-03-21T17:12:39Z</time>
      </trkpt>
      <trkpt lat="34.125968033" lon="-111.468953833"><ele>1863</ele>
        <time>2020-03-21T17:18:01Z</time>
      </trkpt>
      <trkpt lat="34.12598825" lon="-111.468983983"><ele>1862</ele>
        <time>2020-03-21T17:18:23Z</time>
      </trkpt>
      <trkpt lat="34.126018083" lon="-111.4691053"><ele>1863</ele>
        <time>2020-03-21T17:18:28Z</time>
      </trkpt>
      <trkpt lat="34.125978883" lon="-111.469199367"><ele>1867</ele>
        <time>2020-03-21T17:18:36Z</time>
      </trkpt>
      <trkpt lat="34.125999183" lon="-111.469217767"><ele>1867</ele>
        <time>2020-03-21T17:18:57Z</time>
      </trkpt>
      <trkpt lat="34.125995267" lon="-111.469254067"><ele>1869</ele>
        <time>2020-03-21T17:19:09Z</time>
      </trkpt>
      <trkpt lat="34.125971417" lon="-111.469266933"><ele>1871</ele>
        <time>2020-03-21T17:19:11Z</time>
      </trkpt>
      <trkpt lat="34.1259756" lon="-111.469292983"><ele>1873</ele>
        <time>2020-03-21T17:19:47Z</time>
      </trkpt>
      <trkpt lat="34.1259555" lon="-111.469310367"><ele>1874</ele>
        <time>2020-03-21T17:19:59Z</time>
      </trkpt>
      <trkpt lat="34.12594105" lon="-111.469288983"><ele>1873</ele>
        <time>2020-03-21T17:20:02Z</time>
      </trkpt>
      <trkpt lat="34.1259206" lon="-111.469307683"><ele>1874</ele>
        <time>2020-03-21T17:20:07Z</time>
      </trkpt>
      <trkpt lat="34.125900967" lon="-111.469348933"><ele>1875</ele>
        <time>2020-03-21T17:20:15Z</time>
      </trkpt>
      <trkpt lat="34.126215467" lon="-111.469180967"><ele>1853</ele>
        <time>2020-03-21T17:20:42Z</time>
      </trkpt>
      <trkpt lat="34.12618475" lon="-111.469182067"><ele>1858</ele>
        <time>2020-03-21T17:20:43Z</time>
      </trkpt>
      <trkpt lat="34.1261507" lon="-111.469165167"><ele>1867</ele>
        <time>2020-03-21T17:20:45Z</time>
      </trkpt>
      <trkpt lat="34.126100617" lon="-111.469229517"><ele>1878</ele>
        <time>2020-03-21T17:20:57Z</time>
      </trkpt>
      <trkpt lat="34.12607705" lon="-111.469231717"><ele>1877</ele>
        <time>2020-03-21T17:20:59Z</time>
      </trkpt>
      <trkpt lat="34.1260509" lon="-111.469249533"><ele>1878</ele>
        <time>2020-03-21T17:21:01Z</time>
      </trkpt>
      <trkpt lat="34.126020083" lon="-111.46924715"><ele>1878</ele>
        <time>2020-03-21T17:21:03Z</time>
      </trkpt>
      <trkpt lat="34.126000133" lon="-111.469265"><ele>1877</ele>
        <time>2020-03-21T17:21:06Z</time>
      </trkpt>
      <trkpt lat="34.125990317" lon="-111.46929095"><ele>1877</ele>
        <time>2020-03-21T17:21:09Z</time>
      </trkpt>
      <trkpt lat="34.12601815" lon="-111.469346483"><ele>1877</ele>
        <time>2020-03-21T17:21:27Z</time>
      </trkpt>
      <trkpt lat="34.126052083" lon="-111.469358617"><ele>1871</ele>
        <time>2020-03-21T17:21:42Z</time>
      </trkpt>
      <trkpt lat="34.12597675" lon="-111.469383133"><ele>1873</ele>
        <time>2020-03-21T17:21:51Z</time>
      </trkpt>
      <trkpt lat="34.12595185" lon="-111.469398233"><ele>1874</ele>
        <time>2020-03-21T17:21:54Z</time>
      </trkpt>
      <trkpt lat="34.125934717" lon="-111.469425333"><ele>1876</ele>
        <time>2020-03-21T17:21:58Z</time>
      </trkpt>
      <trkpt lat="34.1259338" lon="-111.469395683"><ele>1879</ele>
        <time>2020-03-21T17:22:12Z</time>
      </trkpt>
      <trkpt lat="34.125954317" lon="-111.469374267"><ele>1878</ele>
        <time>2020-03-21T17:22:16Z</time>
      </trkpt>
      <trkpt lat="34.125979533" lon="-111.4693936"><ele>1876</ele>
        <time>2020-03-21T17:22:54Z</time>
      </trkpt>
      <trkpt lat="34.126028033" lon="-111.469359083"><ele>1875</ele>
        <time>2020-03-21T17:23:08Z</time>
      </trkpt>
      <trkpt lat="34.126092183" lon="-111.4693431"><ele>1899</ele>
        <time>2020-03-21T17:24:31Z</time>
      </trkpt>
      <trkpt lat="34.12613635" lon="-111.469304167"><ele>1902</ele>
        <time>2020-03-21T17:24:33Z</time>
      </trkpt>
      <trkpt lat="34.1261505" lon="-111.469269217"><ele>1902</ele>
        <time>2020-03-21T17:24:56Z</time>
      </trkpt>
      <trkpt lat="34.126046633" lon="-111.469349"><ele>1899</ele>
        <time>2020-03-21T17:25:06Z</time>
      </trkpt>
      <trkpt lat="34.125986483" lon="-111.46944005"><ele>1888</ele>
        <time>2020-03-21T17:25:28Z</time>
      </trkpt>
      <trkpt lat="34.12603675" lon="-111.469416833"><ele>1888</ele>
        <time>2020-03-21T17:25:33Z</time>
      </trkpt>
      <trkpt lat="34.1260274" lon="-111.469389983"><ele>1889</ele>
        <time>2020-03-21T17:25:46Z</time>
      </trkpt>
      <trkpt lat="34.125958767" lon="-111.469408533"><ele>1895</ele>
        <time>2020-03-21T17:27:47Z</time>
      </trkpt>
      <trkpt lat="34.125830567" lon="-111.469520083"><ele>1891</ele>
        <time>2020-03-21T17:27:58Z</time>
      </trkpt>
      <trkpt lat="34.125783433" lon="-111.469604133"><ele>1894</ele>
        <time>2020-03-21T17:29:08Z</time>
      </trkpt>
      <trkpt lat="34.125759" lon="-111.469761667"><ele>1903</ele>
        <time>2020-03-21T17:29:23Z</time>
      </trkpt>
      <trkpt lat="34.125764483" lon="-111.4698335"><ele>1902</ele>
        <time>2020-03-21T17:30:06Z</time>
      </trkpt>
      <trkpt lat="34.12579555" lon="-111.469882883"><ele>1899</ele>
        <time>2020-03-21T17:30:28Z</time>
      </trkpt>
      <trkpt lat="34.125817367" lon="-111.46989825"><ele>1898</ele>
        <time>2020-03-21T17:30:30Z</time>
      </trkpt>
      <trkpt lat="34.125922817" lon="-111.46992245"><ele>1900</ele>
        <time>2020-03-21T17:30:51Z</time>
      </trkpt>
      <trkpt lat="34.125891667" lon="-111.469936517"><ele>1892</ele>
        <time>2020-03-21T17:31:01Z</time>
      </trkpt>
      <trkpt lat="34.125874483" lon="-111.46995915"><ele>1889</ele>
        <time>2020-03-21T17:31:03Z</time>
      </trkpt>
      <trkpt lat="34.12588275" lon="-111.4699876"><ele>1887</ele>
        <time>2020-03-21T17:31:11Z</time>
      </trkpt>
      <trkpt lat="34.12591005" lon="-111.469964583"><ele>1889</ele>
        <time>2020-03-21T17:31:15Z</time>
      </trkpt>
      <trkpt lat="34.125962617" lon="-111.469997917"><ele>1890</ele>
        <time>2020-03-21T17:31:30Z</time>
      </trkpt>
      <trkpt lat="34.126089133" lon="-111.469926583"><ele>1890</ele>
        <time>2020-03-21T17:31:44Z</time>
      </trkpt>
      <trkpt lat="34.12615035" lon="-111.469903233"><ele>1891</ele>
        <time>2020-03-21T17:31:53Z</time>
      </trkpt>
      <trkpt lat="34.126227367" lon="-111.469841483"><ele>1892</ele>
        <time>2020-03-21T17:32:00Z</time>
      </trkpt>
      <trkpt lat="34.126251817" lon="-111.469836617"><ele>1893</ele>
        <time>2020-03-21T17:32:06Z</time>
      </trkpt>
      <trkpt lat="34.126308017" lon="-111.469775217"><ele>1895</ele>
        <time>2020-03-21T17:32:19Z</time>
      </trkpt>
      <trkpt lat="34.126309233" lon="-111.4698321"><ele>1896</ele>
        <time>2020-03-21T17:32:31Z</time>
      </trkpt>
      <trkpt lat="34.126285717" lon="-111.4699098"><ele>1896</ele>
        <time>2020-03-21T17:32:43Z</time>
      </trkpt>
      <trkpt lat="34.12620145" lon="-111.47004975"><ele>1900</ele>
        <time>2020-03-21T17:33:04Z</time>
      </trkpt>
      <trkpt lat="34.126178317" lon="-111.470066483"><ele>1900</ele>
        <time>2020-03-21T17:33:08Z</time>
      </trkpt>
      <trkpt lat="34.126162033" lon="-111.47011905"><ele>1901</ele>
        <time>2020-03-21T17:33:15Z</time>
      </trkpt>
      <trkpt lat="34.1261647" lon="-111.470215233"><ele>1905</ele>
        <time>2020-03-21T17:33:33Z</time>
      </trkpt>
      <trkpt lat="34.126191967" lon="-111.470352233"><ele>1905</ele>
        <time>2020-03-21T17:33:44Z</time>
      </trkpt>
      <trkpt lat="34.126276267" lon="-111.470313017"><ele>1909</ele>
        <time>2020-03-21T17:34:07Z</time>
      </trkpt>
      <trkpt lat="34.126409933" lon="-111.470217867"><ele>1914</ele>
        <time>2020-03-21T17:34:22Z</time>
      </trkpt>
      <trkpt lat="34.1264404" lon="-111.4702146"><ele>1916</ele>
        <time>2020-03-21T17:34:28Z</time>
      </trkpt>
      <trkpt lat="34.12654505" lon="-111.47015655"><ele>1920</ele>
        <time>2020-03-21T17:34:42Z</time>
      </trkpt>
      <trkpt lat="34.126573033" lon="-111.4701516"><ele>1921</ele>
        <time>2020-03-21T17:34:44Z</time>
      </trkpt>
      <trkpt lat="34.126596767" lon="-111.470119383"><ele>1922</ele>
        <time>2020-03-21T17:34:50Z</time>
      </trkpt>
      <trkpt lat="34.126624033" lon="-111.470104717"><ele>1922</ele>
        <time>2020-03-21T17:34:51Z</time>
      </trkpt>
      <trkpt lat="34.126642067" lon="-111.470123583"><ele>1923</ele>
        <time>2020-03-21T17:35:13Z</time>
      </trkpt>
      <trkpt lat="34.126665167" lon="-111.470120233"><ele>1923</ele>
        <time>2020-03-21T17:35:15Z</time>
      </trkpt>
      <trkpt lat="34.126744417" lon="-111.470018283"><ele>1925</ele>
        <time>2020-03-21T17:35:28Z</time>
      </trkpt>
      <trkpt lat="34.126784517" lon="-111.46998105"><ele>1927</ele>
        <time>2020-03-21T17:35:35Z</time>
      </trkpt>
      <trkpt lat="34.126757317" lon="-111.469976283"><ele>1927</ele>
        <time>2020-03-21T17:35:39Z</time>
      </trkpt>
      <trkpt lat="34.126734033" lon="-111.470000967"><ele>1927</ele>
        <time>2020-03-21T17:35:46Z</time>
      </trkpt>
      <trkpt lat="34.126764233" lon="-111.47011475"><ele>1930</ele>
        <time>2020-03-21T17:35:57Z</time>
      </trkpt>
      <trkpt lat="34.1267832" lon="-111.470137667"><ele>1931</ele>
        <time>2020-03-21T17:36:01Z</time>
      </trkpt>
      <trkpt lat="34.126835367" lon="-111.470160183"><ele>1932</ele>
        <time>2020-03-21T17:36:20Z</time>
      </trkpt>
      <trkpt lat="34.12687215" lon="-111.4701598"><ele>1934</ele>
        <time>2020-03-21T17:36:22Z</time>
      </trkpt>
      <trkpt lat="34.1269021" lon="-111.470146567"><ele>1935</ele>
        <time>2020-03-21T17:36:24Z</time>
      </trkpt>
      <trkpt lat="34.126942817" lon="-111.470119433"><ele>1939</ele>
        <time>2020-03-21T17:36:31Z</time>
      </trkpt>
      <trkpt lat="34.1269568" lon="-111.4700917"><ele>1942</ele>
        <time>2020-03-21T17:36:37Z</time>
      </trkpt>
      <trkpt lat="34.1270586" lon="-111.470179233"><ele>1946</ele>
        <time>2020-03-21T17:37:03Z</time>
      </trkpt>
      <trkpt lat="34.12709885" lon="-111.470169817"><ele>1948</ele>
        <time>2020-03-21T17:37:12Z</time>
      </trkpt>
      <trkpt lat="34.12713135" lon="-111.4701064"><ele>1948</ele>
        <time>2020-03-21T17:37:16Z</time>
      </trkpt>
      <trkpt lat="34.12716105" lon="-111.4700941"><ele>1950</ele>
        <time>2020-03-21T17:37:22Z</time>
      </trkpt>
      <trkpt lat="34.127213267" lon="-111.470120333"><ele>1952</ele>
        <time>2020-03-21T17:37:31Z</time>
      </trkpt>
      <trkpt lat="34.127281917" lon="-111.470182633"><ele>1954</ele>
        <time>2020-03-21T17:37:40Z</time>
      </trkpt>
      <trkpt lat="34.127312617" lon="-111.47019165"><ele>1956</ele>
        <time>2020-03-21T17:37:43Z</time>
      </trkpt>
      <trkpt lat="34.1273686" lon="-111.470183517"><ele>1958</ele>
        <time>2020-03-21T17:37:51Z</time>
      </trkpt>
      <trkpt lat="34.12744415" lon="-111.470206933"><ele>1961</ele>
        <time>2020-03-21T17:38:13Z</time>
      </trkpt>
      <trkpt lat="34.12747705" lon="-111.470208067"><ele>1962</ele>
        <time>2020-03-21T17:38:18Z</time>
      </trkpt>
      <trkpt lat="34.12754135" lon="-111.4701846"><ele>1961</ele>
        <time>2020-03-21T17:38:27Z</time>
      </trkpt>
      <trkpt lat="34.1275962" lon="-111.470118167"><ele>1960</ele>
        <time>2020-03-21T17:38:36Z</time>
      </trkpt>
      <trkpt lat="34.12759545" lon="-111.470085283"><ele>1959</ele>
        <time>2020-03-21T17:38:44Z</time>
      </trkpt>
      <trkpt lat="34.12756735" lon="-111.47006855"><ele>1957</ele>
        <time>2020-03-21T17:39:29Z</time>
      </trkpt>
      <trkpt lat="34.127550617" lon="-111.470087483"><ele>1956</ele>
        <time>2020-03-21T17:41:05Z</time>
      </trkpt>
      <trkpt lat="34.127580017" lon="-111.470137967"><ele>1956</ele>
        <time>2020-03-21T17:43:34Z</time>
      </trkpt>
      <trkpt lat="34.12756425" lon="-111.470158567"><ele>1955</ele>
        <time>2020-03-21T17:48:55Z</time>
      </trkpt>
      <trkpt lat="34.127590983" lon="-111.470174267"><ele>1955</ele>
        <time>2020-03-21T18:00:13Z</time>
      </trkpt>
      <trkpt lat="34.127619983" lon="-111.4701732"><ele>1957</ele>
        <time>2020-03-21T18:00:22Z</time>
      </trkpt>
      <trkpt lat="34.127623883" lon="-111.4701453"><ele>1956</ele>
        <time>2020-03-21T18:00:24Z</time>
      </trkpt>
      <trkpt lat="34.12763855" lon="-111.4701243"><ele>1956</ele>
        <time>2020-03-21T18:00:29Z</time>
      </trkpt>
      <trkpt lat="34.127662567" lon="-111.470132517"><ele>1956</ele>
        <time>2020-03-21T18:00:38Z</time>
      </trkpt>
      <trkpt lat="34.127664433" lon="-111.470163017"><ele>1956</ele>
        <time>2020-03-21T18:00:43Z</time>
      </trkpt>
      <trkpt lat="34.12767215" lon="-111.4701634"><ele>1956</ele>
        <time>2020-03-21T18:01:12Z</time>
      </trkpt>
      <trkpt lat="34.127741" lon="-111.47027125"><ele>1960</ele>
        <time>2020-03-21T18:01:23Z</time>
      </trkpt>
      <trkpt lat="34.127758917" lon="-111.470287317"><ele>1960</ele>
        <time>2020-03-21T18:01:25Z</time>
      </trkpt>
      <trkpt lat="34.127841167" lon="-111.470315683"><ele>1962</ele>
        <time>2020-03-21T18:01:35Z</time>
      </trkpt>
      <trkpt lat="34.127891483" lon="-111.470367433"><ele>1965</ele>
        <time>2020-03-21T18:01:44Z</time>
      </trkpt>
      <trkpt lat="34.127895867" lon="-111.470406333"><ele>1966</ele>
        <time>2020-03-21T18:01:49Z</time>
      </trkpt>
      <trkpt lat="34.127885833" lon="-111.470477433"><ele>1966</ele>
        <time>2020-03-21T18:01:54Z</time>
      </trkpt>
      <trkpt lat="34.127894317" lon="-111.470512017"><ele>1965</ele>
        <time>2020-03-21T18:01:56Z</time>
      </trkpt>
      <trkpt lat="34.127948167" lon="-111.47059635"><ele>1967</ele>
        <time>2020-03-21T18:02:04Z</time>
      </trkpt>
      <trkpt lat="34.1279924" lon="-111.470615567"><ele>1967</ele>
        <time>2020-03-21T18:02:08Z</time>
      </trkpt>
      <trkpt lat="34.128012883" lon="-111.47064095"><ele>1968</ele>
        <time>2020-03-21T18:02:11Z</time>
      </trkpt>
      <trkpt lat="34.128063317" lon="-111.470738617"><ele>1967</ele>
        <time>2020-03-21T18:02:19Z</time>
      </trkpt>
      <trkpt lat="34.128092283" lon="-111.47076495"><ele>1968</ele>
        <time>2020-03-21T18:02:22Z</time>
      </trkpt>
      <trkpt lat="34.12814735" lon="-111.47078285"><ele>1969</ele>
        <time>2020-03-21T18:02:27Z</time>
      </trkpt>
      <trkpt lat="34.12816175" lon="-111.470804067"><ele>1969</ele>
        <time>2020-03-21T18:02:30Z</time>
      </trkpt>
      <trkpt lat="34.128213983" lon="-111.4708186"><ele>1971</ele>
        <time>2020-03-21T18:02:37Z</time>
      </trkpt>
      <trkpt lat="34.128226183" lon="-111.47084805"><ele>1971</ele>
        <time>2020-03-21T18:02:40Z</time>
      </trkpt>
      <trkpt lat="34.1282747" lon="-111.470890083"><ele>1974</ele>
        <time>2020-03-21T18:02:49Z</time>
      </trkpt>
      <trkpt lat="34.1283121" lon="-111.470898233"><ele>1975</ele>
        <time>2020-03-21T18:02:53Z</time>
      </trkpt>
      <trkpt lat="34.12837985" lon="-111.470960517"><ele>1978</ele>
        <time>2020-03-21T18:03:04Z</time>
      </trkpt>
      <trkpt lat="34.128411933" lon="-111.470960567"><ele>1979</ele>
        <time>2020-03-21T18:03:07Z</time>
      </trkpt>
      <trkpt lat="34.128533817" lon="-111.471022767"><ele>1982</ele>
        <time>2020-03-21T18:03:23Z</time>
      </trkpt>
      <trkpt lat="34.128598817" lon="-111.471030067"><ele>1983</ele>
        <time>2020-03-21T18:03:30Z</time>
      </trkpt>
      <trkpt lat="34.128645283" lon="-111.4710631"><ele>1985</ele>
        <time>2020-03-21T18:03:37Z</time>
      </trkpt>
      <trkpt lat="34.12866445" lon="-111.471103917"><ele>1985</ele>
        <time>2020-03-21T18:03:43Z</time>
      </trkpt>
      <trkpt lat="34.128646633" lon="-111.4711995"><ele>1985</ele>
        <time>2020-03-21T18:03:53Z</time>
      </trkpt>
      <trkpt lat="34.1286482" lon="-111.471389517"><ele>1989</ele>
        <time>2020-03-21T18:04:09Z</time>
      </trkpt>
      <trkpt lat="34.128644783" lon="-111.47142185"><ele>1989</ele>
        <time>2020-03-21T18:04:12Z</time>
      </trkpt>
      <trkpt lat="34.128619617" lon="-111.471445"><ele>1989</ele>
        <time>2020-03-21T18:04:17Z</time>
      </trkpt>
      <trkpt lat="34.128611117" lon="-111.471531217"><ele>1990</ele>
        <time>2020-03-21T18:04:24Z</time>
      </trkpt>
      <trkpt lat="34.128649567" lon="-111.471696983"><ele>1994</ele>
        <time>2020-03-21T18:04:42Z</time>
      </trkpt>
      <trkpt lat="34.128669783" lon="-111.4717284"><ele>1996</ele>
        <time>2020-03-21T18:04:49Z</time>
      </trkpt>
      <trkpt lat="34.128672167" lon="-111.471761683"><ele>1996</ele>
        <time>2020-03-21T18:04:53Z</time>
      </trkpt>
      <trkpt lat="34.12869585" lon="-111.471784617"><ele>1998</ele>
        <time>2020-03-21T18:04:57Z</time>
      </trkpt>
      <trkpt lat="34.128776667" lon="-111.471790617"><ele>2001</ele>
        <time>2020-03-21T18:05:06Z</time>
      </trkpt>
      <trkpt lat="34.128853633" lon="-111.471815267"><ele>2005</ele>
        <time>2020-03-21T18:05:17Z</time>
      </trkpt>
      <trkpt lat="34.128911783" lon="-111.47180465"><ele>2006</ele>
        <time>2020-03-21T18:05:23Z</time>
      </trkpt>
      <trkpt lat="34.128956333" lon="-111.471837533"><ele>2006</ele>
        <time>2020-03-21T18:05:35Z</time>
      </trkpt>
      <trkpt lat="34.128989433" lon="-111.471883733"><ele>2008</ele>
        <time>2020-03-21T18:05:43Z</time>
      </trkpt>
      <trkpt lat="34.129038233" lon="-111.4720379"><ele>2011</ele>
        <time>2020-03-21T18:06:06Z</time>
      </trkpt>
      <trkpt lat="34.129035583" lon="-111.472074583"><ele>2013</ele>
        <time>2020-03-21T18:06:11Z</time>
      </trkpt>
      <trkpt lat="34.12902235" lon="-111.47209595"><ele>2014</ele>
        <time>2020-03-21T18:06:16Z</time>
      </trkpt>
      <trkpt lat="34.1290523" lon="-111.472157333"><ele>2016</ele>
        <time>2020-03-21T18:06:26Z</time>
      </trkpt>
      <trkpt lat="34.129074017" lon="-111.4723004"><ele>2019</ele>
        <time>2020-03-21T18:06:49Z</time>
      </trkpt>
      <trkpt lat="34.1290868" lon="-111.472328167"><ele>2020</ele>
        <time>2020-03-21T18:06:52Z</time>
      </trkpt>
      <trkpt lat="34.1291361" lon="-111.47237065"><ele>2022</ele>
        <time>2020-03-21T18:07:01Z</time>
      </trkpt>
      <trkpt lat="34.129153617" lon="-111.472400433"><ele>2022</ele>
        <time>2020-03-21T18:07:08Z</time>
      </trkpt>
      <trkpt lat="34.129148333" lon="-111.472579233"><ele>2026</ele>
        <time>2020-03-21T18:07:34Z</time>
      </trkpt>
      <trkpt lat="34.129167483" lon="-111.47265545"><ele>2027</ele>
        <time>2020-03-21T18:07:40Z</time>
      </trkpt>
      <trkpt lat="34.129186283" lon="-111.4726696"><ele>2028</ele>
        <time>2020-03-21T18:07:42Z</time>
      </trkpt>
      <trkpt lat="34.129237967" lon="-111.472676733"><ele>2031</ele>
        <time>2020-03-21T18:07:48Z</time>
      </trkpt>
      <trkpt lat="34.129260817" lon="-111.472692383"><ele>2031</ele>
        <time>2020-03-21T18:07:51Z</time>
      </trkpt>
      <trkpt lat="34.129273217" lon="-111.472723783"><ele>2031</ele>
        <time>2020-03-21T18:07:55Z</time>
      </trkpt>
      <trkpt lat="34.129313267" lon="-111.472776483"><ele>2032</ele>
        <time>2020-03-21T18:08:05Z</time>
      </trkpt>
      <trkpt lat="34.129339033" lon="-111.472794183"><ele>2032</ele>
        <time>2020-03-21T18:08:08Z</time>
      </trkpt>
      <trkpt lat="34.12935565" lon="-111.472829533"><ele>2034</ele>
        <time>2020-03-21T18:08:13Z</time>
      </trkpt>
      <trkpt lat="34.1294105" lon="-111.472858667"><ele>2038</ele>
        <time>2020-03-21T18:08:23Z</time>
      </trkpt>
      <trkpt lat="34.129469433" lon="-111.472858017"><ele>2040</ele>
        <time>2020-03-21T18:08:42Z</time>
      </trkpt>
      <trkpt lat="34.129511967" lon="-111.47288435"><ele>2043</ele>
        <time>2020-03-21T18:08:53Z</time>
      </trkpt>
      <trkpt lat="34.129507183" lon="-111.47299825"><ele>2041</ele>
        <time>2020-03-21T18:09:04Z</time>
      </trkpt>
      <trkpt lat="34.129478433" lon="-111.47316135"><ele>2041</ele>
        <time>2020-03-21T18:09:22Z</time>
      </trkpt>
      <trkpt lat="34.1294496" lon="-111.47320865"><ele>2042</ele>
        <time>2020-03-21T18:09:26Z</time>
      </trkpt>
      <trkpt lat="34.129425283" lon="-111.473300017"><ele>2042</ele>
        <time>2020-03-21T18:09:31Z</time>
      </trkpt>
      <trkpt lat="34.129376567" lon="-111.473643483"><ele>2045</ele>
        <time>2020-03-21T18:10:06Z</time>
      </trkpt>
      <trkpt lat="34.1293362" lon="-111.4737205"><ele>2046</ele>
        <time>2020-03-21T18:10:18Z</time>
      </trkpt>
      <trkpt lat="34.129317283" lon="-111.473787533"><ele>2046</ele>
        <time>2020-03-21T18:10:24Z</time>
      </trkpt>
      <trkpt lat="34.12922805" lon="-111.473878383"><ele>2049</ele>
        <time>2020-03-21T18:10:38Z</time>
      </trkpt>
      <trkpt lat="34.1291617" lon="-111.473891683"><ele>2051</ele>
        <time>2020-03-21T18:10:45Z</time>
      </trkpt>
      <trkpt lat="34.12915295" lon="-111.4739266"><ele>2049</ele>
        <time>2020-03-21T18:10:47Z</time>
      </trkpt>
      <trkpt lat="34.1291574" lon="-111.47398545"><ele>2047</ele>
        <time>2020-03-21T18:10:50Z</time>
      </trkpt>
      <trkpt lat="34.129036333" lon="-111.474148633"><ele>2045</ele>
        <time>2020-03-21T18:11:08Z</time>
      </trkpt>
      <trkpt lat="34.1289658" lon="-111.474205033"><ele>2042</ele>
        <time>2020-03-21T18:11:21Z</time>
      </trkpt>
      <trkpt lat="34.128939517" lon="-111.474255117"><ele>2042</ele>
        <time>2020-03-21T18:11:25Z</time>
      </trkpt>
      <trkpt lat="34.128943783" lon="-111.474282817"><ele>2042</ele>
        <time>2020-03-21T18:11:27Z</time>
      </trkpt>
      <trkpt lat="34.1289234" lon="-111.4743428"><ele>2045</ele>
        <time>2020-03-21T18:11:36Z</time>
      </trkpt>
      <trkpt lat="34.1289285" lon="-111.474422517"><ele>2047</ele>
        <time>2020-03-21T18:11:45Z</time>
      </trkpt>
      <trkpt lat="34.128908483" lon="-111.474442983"><ele>2049</ele>
        <time>2020-03-21T18:11:51Z</time>
      </trkpt>
      <trkpt lat="34.128902667" lon="-111.474527533"><ele>2049</ele>
        <time>2020-03-21T18:12:02Z</time>
      </trkpt>
      <trkpt lat="34.12891265" lon="-111.47459375"><ele>2050</ele>
        <time>2020-03-21T18:12:15Z</time>
      </trkpt>
      <trkpt lat="34.128870933" lon="-111.47468755"><ele>2051</ele>
        <time>2020-03-21T18:12:26Z</time>
      </trkpt>
      <trkpt lat="34.128855683" lon="-111.474756917"><ele>2052</ele>
        <time>2020-03-21T18:12:31Z</time>
      </trkpt>
      <trkpt lat="34.12876045" lon="-111.4748245"><ele>2052</ele>
        <time>2020-03-21T18:12:57Z</time>
      </trkpt>
      <trkpt lat="34.128758817" lon="-111.474858467"><ele>2053</ele>
        <time>2020-03-21T18:13:00Z</time>
      </trkpt>
      <trkpt lat="34.12869425" lon="-111.47489365"><ele>2053</ele>
        <time>2020-03-21T18:13:13Z</time>
      </trkpt>
      <trkpt lat="34.128671433" lon="-111.474918383"><ele>2054</ele>
        <time>2020-03-21T18:13:16Z</time>
      </trkpt>
      <trkpt lat="34.128640017" lon="-111.4749258"><ele>2054</ele>
        <time>2020-03-21T18:13:19Z</time>
      </trkpt>
      <trkpt lat="34.128542983" lon="-111.47502025"><ele>2057</ele>
        <time>2020-03-21T18:13:33Z</time>
      </trkpt>
      <trkpt lat="34.128515483" lon="-111.475066467"><ele>2058</ele>
        <time>2020-03-21T18:13:38Z</time>
      </trkpt>
      <trkpt lat="34.128479733" lon="-111.4750991"><ele>2059</ele>
        <time>2020-03-21T18:13:42Z</time>
      </trkpt>
      <trkpt lat="34.128375133" lon="-111.475117783"><ele>2059</ele>
        <time>2020-03-21T18:13:54Z</time>
      </trkpt>
      <trkpt lat="34.1283322" lon="-111.475156467"><ele>2060</ele>
        <time>2020-03-21T18:14:02Z</time>
      </trkpt>
      <trkpt lat="34.128323817" lon="-111.4751857"><ele>2062</ele>
        <time>2020-03-21T18:14:06Z</time>
      </trkpt>
      <trkpt lat="34.128242417" lon="-111.475287183"><ele>2061</ele>
        <time>2020-03-21T18:14:27Z</time>
      </trkpt>
      <trkpt lat="34.128192133" lon="-111.475379417"><ele>2060</ele>
        <time>2020-03-21T18:14:36Z</time>
      </trkpt>
      <trkpt lat="34.128169817" lon="-111.4753924"><ele>2060</ele>
        <time>2020-03-21T18:14:38Z</time>
      </trkpt>
      <trkpt lat="34.12817375" lon="-111.475430117"><ele>2060</ele>
        <time>2020-03-21T18:14:40Z</time>
      </trkpt>
      <trkpt lat="34.128161283" lon="-111.475533333"><ele>2061</ele>
        <time>2020-03-21T18:14:48Z</time>
      </trkpt>
      <trkpt lat="34.1281352" lon="-111.475650517"><ele>2063</ele>
        <time>2020-03-21T18:14:59Z</time>
      </trkpt>
      <trkpt lat="34.128149483" lon="-111.475685283"><ele>2063</ele>
        <time>2020-03-21T18:15:01Z</time>
      </trkpt>
      <trkpt lat="34.128145017" lon="-111.475745533"><ele>2064</ele>
        <time>2020-03-21T18:15:10Z</time>
      </trkpt>
      <trkpt lat="34.128116333" lon="-111.475788667"><ele>2063</ele>
        <time>2020-03-21T18:15:22Z</time>
      </trkpt>
      <trkpt lat="34.128113217" lon="-111.4758238"><ele>2064</ele>
        <time>2020-03-21T18:15:25Z</time>
      </trkpt>
      <trkpt lat="34.128123733" lon="-111.47585585"><ele>2064</ele>
        <time>2020-03-21T18:15:27Z</time>
      </trkpt>
      <trkpt lat="34.128077683" lon="-111.475911483"><ele>2062</ele>
        <time>2020-03-21T18:15:39Z</time>
      </trkpt>
      <trkpt lat="34.12806815" lon="-111.475939617"><ele>2061</ele>
        <time>2020-03-21T18:15:41Z</time>
      </trkpt>
      <trkpt lat="34.12810445" lon="-111.476093"><ele>2064</ele>
        <time>2020-03-21T18:15:55Z</time>
      </trkpt>
      <trkpt lat="34.12807785" lon="-111.476254283"><ele>2066</ele>
        <time>2020-03-21T18:16:10Z</time>
      </trkpt>
      <trkpt lat="34.128081717" lon="-111.476291583"><ele>2066</ele>
        <time>2020-03-21T18:16:14Z</time>
      </trkpt>
      <trkpt lat="34.1280668" lon="-111.476313883"><ele>2065</ele>
        <time>2020-03-21T18:16:18Z</time>
      </trkpt>
      <trkpt lat="34.128038567" lon="-111.476474933"><ele>2064</ele>
        <time>2020-03-21T18:16:55Z</time>
      </trkpt>
      <trkpt lat="34.12800495" lon="-111.476511517"><ele>2064</ele>
        <time>2020-03-21T18:17:07Z</time>
      </trkpt>
      <trkpt lat="34.127985567" lon="-111.4766046"><ele>2063</ele>
        <time>2020-03-21T18:17:29Z</time>
      </trkpt>
      <trkpt lat="34.127967367" lon="-111.47663265"><ele>2063</ele>
        <time>2020-03-21T18:17:44Z</time>
      </trkpt>
      <trkpt lat="34.12796245" lon="-111.476660817"><ele>2063</ele>
        <time>2020-03-21T18:17:46Z</time>
      </trkpt>
      <trkpt lat="34.1279801" lon="-111.4766877"><ele>2063</ele>
        <time>2020-03-21T18:17:49Z</time>
      </trkpt>
      <trkpt lat="34.127926317" lon="-111.476718517"><ele>2060</ele>
        <time>2020-03-21T18:18:18Z</time>
      </trkpt>
      <trkpt lat="34.127854167" lon="-111.476741683"><ele>2060</ele>
        <time>2020-03-21T18:19:08Z</time>
      </trkpt>
      <trkpt lat="34.1278102" lon="-111.476735483"><ele>2060</ele>
        <time>2020-03-21T18:19:14Z</time>
      </trkpt>
      <trkpt lat="34.127793817" lon="-111.476754233"><ele>2059</ele>
        <time>2020-03-21T18:19:20Z</time>
      </trkpt>
      <trkpt lat="34.1276804" lon="-111.476790917"><ele>2054</ele>
        <time>2020-03-21T18:19:38Z</time>
      </trkpt>
      <trkpt lat="34.127660617" lon="-111.4769002"><ele>2044</ele>
        <time>2020-03-21T18:19:44Z</time>
      </trkpt>
      <trkpt lat="34.1276446" lon="-111.476868267"><ele>2045</ele>
        <time>2020-03-21T18:19:46Z</time>
      </trkpt>
      <trkpt lat="34.127588533" lon="-111.476860017"><ele>2045</ele>
        <time>2020-03-21T18:20:00Z</time>
      </trkpt>
      <trkpt lat="34.127568383" lon="-111.4768427"><ele>2045</ele>
        <time>2020-03-21T18:20:05Z</time>
      </trkpt>
      <trkpt lat="34.1275045" lon="-111.476841467"><ele>2043</ele>
        <time>2020-03-21T18:20:17Z</time>
      </trkpt>
      <trkpt lat="34.12740385" lon="-111.476867683"><ele>2042</ele>
        <time>2020-03-21T18:20:42Z</time>
      </trkpt>
      <trkpt lat="34.1273891" lon="-111.476838667"><ele>2040</ele>
        <time>2020-03-21T18:21:03Z</time>
      </trkpt>
      <trkpt lat="34.127341767" lon="-111.476841933"><ele>2039</ele>
        <time>2020-03-21T18:21:11Z</time>
      </trkpt>
      <trkpt lat="34.127274083" lon="-111.476874833"><ele>2037</ele>
        <time>2020-03-21T18:21:24Z</time>
      </trkpt>
      <trkpt lat="34.12725615" lon="-111.476907267"><ele>2037</ele>
        <time>2020-03-21T18:21:28Z</time>
      </trkpt>
      <trkpt lat="34.1270385" lon="-111.477048717"><ele>2040</ele>
        <time>2020-03-21T18:22:39Z</time>
      </trkpt>
      <trkpt lat="34.127009683" lon="-111.477056917"><ele>2040</ele>
        <time>2020-03-21T18:22:43Z</time>
      </trkpt>
      <trkpt lat="34.126959733" lon="-111.4770514"><ele>2043</ele>
        <time>2020-03-21T18:22:52Z</time>
      </trkpt>
      <trkpt lat="34.126772017" lon="-111.477144867"><ele>2049</ele>
        <time>2020-03-21T18:23:13Z</time>
      </trkpt>
      <trkpt lat="34.126771067" lon="-111.47717605"><ele>2050</ele>
        <time>2020-03-21T18:23:17Z</time>
      </trkpt>
      <trkpt lat="34.1267259" lon="-111.47722145"><ele>2054</ele>
        <time>2020-03-21T18:23:31Z</time>
      </trkpt>
      <trkpt lat="34.1267146" lon="-111.477252283"><ele>2056</ele>
        <time>2020-03-21T18:23:39Z</time>
      </trkpt>
      <trkpt lat="34.126670683" lon="-111.4773082"><ele>2057</ele>
        <time>2020-03-21T18:23:44Z</time>
      </trkpt>
      <trkpt lat="34.126482333" lon="-111.477715483"><ele>2061</ele>
        <time>2020-03-21T18:24:38Z</time>
      </trkpt>
      <trkpt lat="34.126478333" lon="-111.47774455"><ele>2061</ele>
        <time>2020-03-21T18:24:40Z</time>
      </trkpt>
      <trkpt lat="34.12643945" lon="-111.47779255"><ele>2062</ele>
        <time>2020-03-21T18:24:46Z</time>
      </trkpt>
      <trkpt lat="34.1264286" lon="-111.4778483"><ele>2064</ele>
        <time>2020-03-21T18:24:51Z</time>
      </trkpt>
      <trkpt lat="34.1263091" lon="-111.478001383"><ele>2064</ele>
        <time>2020-03-21T18:25:30Z</time>
      </trkpt>
      <trkpt lat="34.12625695" lon="-111.478127267"><ele>2068</ele>
        <time>2020-03-21T18:25:47Z</time>
      </trkpt>
      <trkpt lat="34.126193033" lon="-111.478210767"><ele>2069</ele>
        <time>2020-03-21T18:26:00Z</time>
      </trkpt>
      <trkpt lat="34.126132033" lon="-111.4783895"><ele>2071</ele>
        <time>2020-03-21T18:26:21Z</time>
      </trkpt>
      <trkpt lat="34.1260903" lon="-111.478444817"><ele>2073</ele>
        <time>2020-03-21T18:26:29Z</time>
      </trkpt>
      <trkpt lat="34.126034133" lon="-111.478573"><ele>2074</ele>
        <time>2020-03-21T18:26:43Z</time>
      </trkpt>
      <trkpt lat="34.12599425" lon="-111.478625683"><ele>2074</ele>
        <time>2020-03-21T18:26:50Z</time>
      </trkpt>
      <trkpt lat="34.125965767" lon="-111.4786928"><ele>2075</ele>
        <time>2020-03-21T18:26:57Z</time>
      </trkpt>
      <trkpt lat="34.12596935" lon="-111.478722583"><ele>2077</ele>
        <time>2020-03-21T18:27:03Z</time>
      </trkpt>
      <trkpt lat="34.1258928" lon="-111.478931583"><ele>2081</ele>
        <time>2020-03-21T18:27:32Z</time>
      </trkpt>
      <trkpt lat="34.125822933" lon="-111.479011717"><ele>2083</ele>
        <time>2020-03-21T18:27:43Z</time>
      </trkpt>
      <trkpt lat="34.125738317" lon="-111.479168633"><ele>2081</ele>
        <time>2020-03-21T18:27:58Z</time>
      </trkpt>
      <trkpt lat="34.125656783" lon="-111.479250817"><ele>2083</ele>
        <time>2020-03-21T18:28:08Z</time>
      </trkpt>
      <trkpt lat="34.125606817" lon="-111.4793207"><ele>2085</ele>
        <time>2020-03-21T18:28:19Z</time>
      </trkpt>
      <trkpt lat="34.12556225" lon="-111.479358233"><ele>2085</ele>
        <time>2020-03-21T18:28:24Z</time>
      </trkpt>
      <trkpt lat="34.125527517" lon="-111.47940455"><ele>2087</ele>
        <time>2020-03-21T18:28:29Z</time>
      </trkpt>
      <trkpt lat="34.1254963" lon="-111.4794242"><ele>2087</ele>
        <time>2020-03-21T18:28:32Z</time>
      </trkpt>
      <trkpt lat="34.125406233" lon="-111.479591933"><ele>2091</ele>
        <time>2020-03-21T18:28:52Z</time>
      </trkpt>
      <trkpt lat="34.125296" lon="-111.479677733"><ele>2093</ele>
        <time>2020-03-21T18:29:03Z</time>
      </trkpt>
      <trkpt lat="34.1251856" lon="-111.479821567"><ele>2093</ele>
        <time>2020-03-21T18:29:21Z</time>
      </trkpt>
      <trkpt lat="34.125121417" lon="-111.47988595"><ele>2095</ele>
        <time>2020-03-21T18:29:31Z</time>
      </trkpt>
      <trkpt lat="34.125107683" lon="-111.47991355"><ele>2094</ele>
        <time>2020-03-21T18:29:34Z</time>
      </trkpt>
      <trkpt lat="34.125065183" lon="-111.47994975"><ele>2095</ele>
        <time>2020-03-21T18:29:39Z</time>
      </trkpt>
      <trkpt lat="34.124989833" lon="-111.480077267"><ele>2098</ele>
        <time>2020-03-21T18:29:58Z</time>
      </trkpt>
      <trkpt lat="34.124984017" lon="-111.480103067"><ele>2098</ele>
        <time>2020-03-21T18:30:00Z</time>
      </trkpt>
      <trkpt lat="34.12490985" lon="-111.48018745"><ele>2101</ele>
        <time>2020-03-21T18:30:12Z</time>
      </trkpt>
      <trkpt lat="34.124857183" lon="-111.480268417"><ele>2100</ele>
        <time>2020-03-21T18:30:24Z</time>
      </trkpt>
      <trkpt lat="34.124826" lon="-111.480289133"><ele>2099</ele>
        <time>2020-03-21T18:30:29Z</time>
      </trkpt>
      <trkpt lat="34.124746533" lon="-111.480412567"><ele>2102</ele>
        <time>2020-03-21T18:30:46Z</time>
      </trkpt>
      <trkpt lat="34.124695583" lon="-111.480434117"><ele>2103</ele>
        <time>2020-03-21T18:30:51Z</time>
      </trkpt>
      <trkpt lat="34.124671767" lon="-111.480485067"><ele>2104</ele>
        <time>2020-03-21T18:30:57Z</time>
      </trkpt>
      <trkpt lat="34.124648367" lon="-111.480491167"><ele>2105</ele>
        <time>2020-03-21T18:31:00Z</time>
      </trkpt>
      <trkpt lat="34.124607467" lon="-111.48052725"><ele>2106</ele>
        <time>2020-03-21T18:31:08Z</time>
      </trkpt>
      <trkpt lat="34.124512833" lon="-111.480654817"><ele>2110</ele>
        <time>2020-03-21T18:31:30Z</time>
      </trkpt>
      <trkpt lat="34.124406717" lon="-111.48074695"><ele>2112</ele>
        <time>2020-03-21T18:31:45Z</time>
      </trkpt>
      <trkpt lat="34.124384167" lon="-111.480781333"><ele>2113</ele>
        <time>2020-03-21T18:31:48Z</time>
      </trkpt>
      <trkpt lat="34.12420165" lon="-111.4808937"><ele>2112</ele>
        <time>2020-03-21T18:32:10Z</time>
      </trkpt>
      <trkpt lat="34.124135483" lon="-111.480910467"><ele>2113</ele>
        <time>2020-03-21T18:32:16Z</time>
      </trkpt>
      <trkpt lat="34.124052417" lon="-111.4809616"><ele>2112</ele>
        <time>2020-03-21T18:32:24Z</time>
      </trkpt>
      <trkpt lat="34.124005383" lon="-111.480976267"><ele>2111</ele>
        <time>2020-03-21T18:32:30Z</time>
      </trkpt>
      <trkpt lat="34.12399225" lon="-111.48100085"><ele>2111</ele>
        <time>2020-03-21T18:32:35Z</time>
      </trkpt>
      <trkpt lat="34.123936583" lon="-111.481037633"><ele>2113</ele>
        <time>2020-03-21T18:32:43Z</time>
      </trkpt>
      <trkpt lat="34.123831733" lon="-111.481089117"><ele>2116</ele>
        <time>2020-03-21T18:32:58Z</time>
      </trkpt>
      <trkpt lat="34.123814917" lon="-111.481121467"><ele>2118</ele>
        <time>2020-03-21T18:33:02Z</time>
      </trkpt>
      <trkpt lat="34.123741767" lon="-111.481141133"><ele>2119</ele>
        <time>2020-03-21T18:33:12Z</time>
      </trkpt>
      <trkpt lat="34.123661917" lon="-111.48119565"><ele>2121</ele>
        <time>2020-03-21T18:33:26Z</time>
      </trkpt>
      <trkpt lat="34.123634167" lon="-111.481204717"><ele>2121</ele>
        <time>2020-03-21T18:33:29Z</time>
      </trkpt>
      <trkpt lat="34.123617367" lon="-111.481240333"><ele>2120</ele>
        <time>2020-03-21T18:33:33Z</time>
      </trkpt>
      <trkpt lat="34.123545317" lon="-111.481282133"><ele>2120</ele>
        <time>2020-03-21T18:33:43Z</time>
      </trkpt>
      <trkpt lat="34.123464367" lon="-111.481359233"><ele>2122</ele>
        <time>2020-03-21T18:33:56Z</time>
      </trkpt>
      <trkpt lat="34.1234321" lon="-111.481376967"><ele>2124</ele>
        <time>2020-03-21T18:34:01Z</time>
      </trkpt>
      <trkpt lat="34.1233795" lon="-111.481378233"><ele>2125</ele>
        <time>2020-03-21T18:34:07Z</time>
      </trkpt>
      <trkpt lat="34.12335935" lon="-111.4813919"><ele>2125</ele>
        <time>2020-03-21T18:34:09Z</time>
      </trkpt>
      <trkpt lat="34.123330683" lon="-111.481394883"><ele>2126</ele>
        <time>2020-03-21T18:34:12Z</time>
      </trkpt>
      <trkpt lat="34.123258167" lon="-111.481421633"><ele>2124</ele>
        <time>2020-03-21T18:34:20Z</time>
      </trkpt>
      <trkpt lat="34.123201933" lon="-111.481457633"><ele>2125</ele>
        <time>2020-03-21T18:34:29Z</time>
      </trkpt>
      <trkpt lat="34.123167683" lon="-111.481463617"><ele>2127</ele>
        <time>2020-03-21T18:34:34Z</time>
      </trkpt>
      <trkpt lat="34.123095833" lon="-111.4815222"><ele>2129</ele>
        <time>2020-03-21T18:34:45Z</time>
      </trkpt>
      <trkpt lat="34.123067033" lon="-111.481526833"><ele>2132</ele>
        <time>2020-03-21T18:34:49Z</time>
      </trkpt>
      <trkpt lat="34.123058117" lon="-111.481551067"><ele>2133</ele>
        <time>2020-03-21T18:34:53Z</time>
      </trkpt>
      <trkpt lat="34.122830783" lon="-111.481680067"><ele>2136</ele>
        <time>2020-03-21T18:35:26Z</time>
      </trkpt>
      <trkpt lat="34.1228111" lon="-111.4817016"><ele>2138</ele>
        <time>2020-03-21T18:35:30Z</time>
      </trkpt>
      <trkpt lat="34.12278885" lon="-111.481707183"><ele>2139</ele>
        <time>2020-03-21T18:35:34Z</time>
      </trkpt>
      <trkpt lat="34.122768517" lon="-111.481690867"><ele>2141</ele>
        <time>2020-03-21T18:35:38Z</time>
      </trkpt>
      <trkpt lat="34.1227405" lon="-111.4817415"><ele>2141</ele>
        <time>2020-03-21T18:35:42Z</time>
      </trkpt>
      <trkpt lat="34.122702133" lon="-111.481762233"><ele>2141</ele>
        <time>2020-03-21T18:35:48Z</time>
      </trkpt>
      <trkpt lat="34.122668617" lon="-111.481808783"><ele>2141</ele>
        <time>2020-03-21T18:35:56Z</time>
      </trkpt>
      <trkpt lat="34.122615417" lon="-111.481827367"><ele>2141</ele>
        <time>2020-03-21T18:36:02Z</time>
      </trkpt>
      <trkpt lat="34.122575183" lon="-111.48186445"><ele>2141</ele>
        <time>2020-03-21T18:36:06Z</time>
      </trkpt>
      <trkpt lat="34.122540333" lon="-111.4819277"><ele>2142</ele>
        <time>2020-03-21T18:36:16Z</time>
      </trkpt>
      <trkpt lat="34.12243755" lon="-111.482007883"><ele>2145</ele>
        <time>2020-03-21T18:36:32Z</time>
      </trkpt>
      <trkpt lat="34.122408917" lon="-111.482026117"><ele>2146</ele>
        <time>2020-03-21T18:36:37Z</time>
      </trkpt>
      <trkpt lat="34.122352733" lon="-111.48203265"><ele>2146</ele>
        <time>2020-03-21T18:36:43Z</time>
      </trkpt>
      <trkpt lat="34.122301" lon="-111.482054417"><ele>2145</ele>
        <time>2020-03-21T18:36:48Z</time>
      </trkpt>
      <trkpt lat="34.122265617" lon="-111.48209925"><ele>2145</ele>
        <time>2020-03-21T18:36:55Z</time>
      </trkpt>
      <trkpt lat="34.122237317" lon="-111.482113483"><ele>2145</ele>
        <time>2020-03-21T18:36:59Z</time>
      </trkpt>
      <trkpt lat="34.122226083" lon="-111.482140533"><ele>2145</ele>
        <time>2020-03-21T18:37:01Z</time>
      </trkpt>
      <trkpt lat="34.1222044" lon="-111.482157367"><ele>2146</ele>
        <time>2020-03-21T18:37:11Z</time>
      </trkpt>
      <trkpt lat="34.122120933" lon="-111.482177317"><ele>2147</ele>
        <time>2020-03-21T18:37:28Z</time>
      </trkpt>
      <trkpt lat="34.122067417" lon="-111.482176183"><ele>2145</ele>
        <time>2020-03-21T18:37:37Z</time>
      </trkpt>
      <trkpt lat="34.1219855" lon="-111.4822306"><ele>2144</ele>
        <time>2020-03-21T18:37:45Z</time>
      </trkpt>
      <trkpt lat="34.122018917" lon="-111.4823485"><ele>2140</ele>
        <time>2020-03-21T18:38:07Z</time>
      </trkpt>
      <trkpt lat="34.122007833" lon="-111.482379783"><ele>2140</ele>
        <time>2020-03-21T18:38:52Z</time>
      </trkpt>
      <trkpt lat="34.1219666" lon="-111.48241725"><ele>2141</ele>
        <time>2020-03-21T18:39:01Z</time>
      </trkpt>
      <trkpt lat="34.12195935" lon="-111.482443717"><ele>2139</ele>
        <time>2020-03-21T18:39:05Z</time>
      </trkpt>
      <trkpt lat="34.121908767" lon="-111.482481333"><ele>2138</ele>
        <time>2020-03-21T18:39:11Z</time>
      </trkpt>
      <trkpt lat="34.121897317" lon="-111.482513067"><ele>2138</ele>
        <time>2020-03-21T18:39:16Z</time>
      </trkpt>
      <trkpt lat="34.121875683" lon="-111.482528017"><ele>2137</ele>
        <time>2020-03-21T18:39:20Z</time>
      </trkpt>
      <trkpt lat="34.121858" lon="-111.48256025"><ele>2135</ele>
        <time>2020-03-21T18:39:25Z</time>
      </trkpt>
      <trkpt lat="34.1218635" lon="-111.482595467"><ele>2135</ele>
        <time>2020-03-21T18:39:28Z</time>
      </trkpt>
      <trkpt lat="34.1219005" lon="-111.48265075"><ele>2133</ele>
        <time>2020-03-21T18:39:34Z</time>
      </trkpt>
      <trkpt lat="34.122030067" lon="-111.48276355"><ele>2129</ele>
        <time>2020-03-21T18:40:03Z</time>
      </trkpt>
      <trkpt lat="34.122006833" lon="-111.482763867"><ele>2128</ele>
        <time>2020-03-21T18:40:13Z</time>
      </trkpt>
      <trkpt lat="34.121995467" lon="-111.482792783"><ele>2127</ele>
        <time>2020-03-21T18:40:16Z</time>
      </trkpt>
      <trkpt lat="34.122009967" lon="-111.482819767"><ele>2127</ele>
        <time>2020-03-21T18:40:18Z</time>
      </trkpt>
      <trkpt lat="34.122061867" lon="-111.482864967"><ele>2124</ele>
        <time>2020-03-21T18:40:24Z</time>
      </trkpt>
      <trkpt lat="34.122059417" lon="-111.482900233"><ele>2122</ele>
        <time>2020-03-21T18:40:31Z</time>
      </trkpt>
      <trkpt lat="34.122075517" lon="-111.482937267"><ele>2122</ele>
        <time>2020-03-21T18:40:35Z</time>
      </trkpt>
      <trkpt lat="34.122137333" lon="-111.48301525"><ele>2119</ele>
        <time>2020-03-21T18:40:49Z</time>
      </trkpt>
      <trkpt lat="34.122149067" lon="-111.483050383"><ele>2117</ele>
        <time>2020-03-21T18:40:55Z</time>
      </trkpt>
      <trkpt lat="34.12200715" lon="-111.48307725"><ele>2118</ele>
        <time>2020-03-21T18:41:30Z</time>
      </trkpt>
      <trkpt lat="34.1219399" lon="-111.483066933"><ele>2118</ele>
        <time>2020-03-21T18:41:41Z</time>
      </trkpt>
      <trkpt lat="34.122011533" lon="-111.483113833"><ele>2116</ele>
        <time>2020-03-21T18:42:06Z</time>
      </trkpt>
      <trkpt lat="34.1220894" lon="-111.48310495"><ele>2113</ele>
        <time>2020-03-21T18:42:19Z</time>
      </trkpt>
      <trkpt lat="34.1221193" lon="-111.4830889"><ele>2113</ele>
        <time>2020-03-21T18:42:23Z</time>
      </trkpt>
      <trkpt lat="34.122135767" lon="-111.4831224"><ele>2113</ele>
        <time>2020-03-21T18:42:40Z</time>
      </trkpt>
      <trkpt lat="34.122229883" lon="-111.4832243"><ele>2111</ele>
        <time>2020-03-21T18:42:59Z</time>
      </trkpt>
      <trkpt lat="34.1222837" lon="-111.483241933"><ele>2110</ele>
        <time>2020-03-21T18:43:09Z</time>
      </trkpt>
      <trkpt lat="34.122329417" lon="-111.483297617"><ele>2108</ele>
        <time>2020-03-21T18:43:22Z</time>
      </trkpt>
      <trkpt lat="34.122324833" lon="-111.483356417"><ele>2103</ele>
        <time>2020-03-21T18:43:44Z</time>
      </trkpt>
      <trkpt lat="34.12233345" lon="-111.483385017"><ele>2102</ele>
        <time>2020-03-21T18:43:51Z</time>
      </trkpt>
      <trkpt lat="34.122309767" lon="-111.483400267"><ele>2102</ele>
        <time>2020-03-21T18:43:57Z</time>
      </trkpt>
      <trkpt lat="34.122261" lon="-111.483404867"><ele>2103</ele>
        <time>2020-03-21T18:44:05Z</time>
      </trkpt>
      <trkpt lat="34.1222389" lon="-111.483416617"><ele>2103</ele>
        <time>2020-03-21T18:44:15Z</time>
      </trkpt>
      <trkpt lat="34.122245817" lon="-111.483475233"><ele>2101</ele>
        <time>2020-03-21T18:44:50Z</time>
      </trkpt>
      <trkpt lat="34.12245285" lon="-111.483708017"><ele>2088</ele>
        <time>2020-03-21T18:45:46Z</time>
      </trkpt>
      <trkpt lat="34.122539517" lon="-111.483836667"><ele>2085</ele>
        <time>2020-03-21T18:46:21Z</time>
      </trkpt>
      <trkpt lat="34.122674733" lon="-111.48400275"><ele>2078</ele>
        <time>2020-03-21T18:46:43Z</time>
      </trkpt>
      <trkpt lat="34.122796633" lon="-111.484090717"><ele>2074</ele>
        <time>2020-03-21T18:47:04Z</time>
      </trkpt>
      <trkpt lat="34.12285405" lon="-111.484200967"><ele>2070</ele>
        <time>2020-03-21T18:48:10Z</time>
      </trkpt>
      <trkpt lat="34.122859467" lon="-111.4842702"><ele>2068</ele>
        <time>2020-03-21T18:48:21Z</time>
      </trkpt>
      <trkpt lat="34.122845567" lon="-111.484304867"><ele>2067</ele>
        <time>2020-03-21T18:48:40Z</time>
      </trkpt>
      <trkpt lat="34.122801667" lon="-111.484334767"><ele>2066</ele>
        <time>2020-03-21T18:48:49Z</time>
      </trkpt>
      <trkpt lat="34.122781017" lon="-111.484433917"><ele>2062</ele>
        <time>2020-03-21T18:49:23Z</time>
      </trkpt>
      <trkpt lat="34.122764333" lon="-111.484463233"><ele>2061</ele>
        <time>2020-03-21T18:49:26Z</time>
      </trkpt>
      <trkpt lat="34.122624333" lon="-111.4845882"><ele>2056</ele>
        <time>2020-03-21T18:49:52Z</time>
      </trkpt>
      <trkpt lat="34.1226135" lon="-111.4846137"><ele>2055</ele>
        <time>2020-03-21T18:49:57Z</time>
      </trkpt>
      <trkpt lat="34.122590983" lon="-111.484629017"><ele>2055</ele>
        <time>2020-03-21T18:50:04Z</time>
      </trkpt>
      <trkpt lat="34.122485" lon="-111.484576183"><ele>2054</ele>
        <time>2020-03-21T18:50:41Z</time>
      </trkpt>
      <trkpt lat="34.122354567" lon="-111.484539183"><ele>2055</ele>
        <time>2020-03-21T18:51:00Z</time>
      </trkpt>
      <trkpt lat="34.122326" lon="-111.48452075"><ele>2056</ele>
        <time>2020-03-21T18:51:04Z</time>
      </trkpt>
      <trkpt lat="34.1221734" lon="-111.484487067"><ele>2056</ele>
        <time>2020-03-21T18:51:27Z</time>
      </trkpt>
      <trkpt lat="34.122070183" lon="-111.484437033"><ele>2056</ele>
        <time>2020-03-21T18:51:41Z</time>
      </trkpt>
      <trkpt lat="34.1220145" lon="-111.484397883"><ele>2056</ele>
        <time>2020-03-21T18:51:49Z</time>
      </trkpt>
      <trkpt lat="34.121961567" lon="-111.484394767"><ele>2057</ele>
        <time>2020-03-21T18:52:02Z</time>
      </trkpt>
      <trkpt lat="34.121888667" lon="-111.484375483"><ele>2057</ele>
        <time>2020-03-21T18:52:17Z</time>
      </trkpt>
      <trkpt lat="34.12186895" lon="-111.484356133"><ele>2057</ele>
        <time>2020-03-21T18:52:21Z</time>
      </trkpt>
      <trkpt lat="34.121726717" lon="-111.4843509"><ele>2055</ele>
        <time>2020-03-21T18:52:39Z</time>
      </trkpt>
      <trkpt lat="34.1217062" lon="-111.484328117"><ele>2055</ele>
        <time>2020-03-21T18:52:43Z</time>
      </trkpt>
      <trkpt lat="34.121588867" lon="-111.484322367"><ele>2055</ele>
        <time>2020-03-21T18:53:27Z</time>
      </trkpt>
      <trkpt lat="34.121508683" lon="-111.484284533"><ele>2056</ele>
        <time>2020-03-21T18:53:40Z</time>
      </trkpt>
      <trkpt lat="34.121449983" lon="-111.48427085"><ele>2056</ele>
        <time>2020-03-21T18:53:51Z</time>
      </trkpt>
      <trkpt lat="34.121256883" lon="-111.484258733"><ele>2053</ele>
        <time>2020-03-21T18:54:23Z</time>
      </trkpt>
      <trkpt lat="34.12121345" lon="-111.484275017"><ele>2052</ele>
        <time>2020-03-21T18:54:31Z</time>
      </trkpt>
      <trkpt lat="34.1211625" lon="-111.484315133"><ele>2051</ele>
        <time>2020-03-21T18:54:43Z</time>
      </trkpt>
      <trkpt lat="34.121085983" lon="-111.48434215"><ele>2050</ele>
        <time>2020-03-21T18:54:55Z</time>
      </trkpt>
      <trkpt lat="34.12103785" lon="-111.484380583"><ele>2047</ele>
        <time>2020-03-21T18:55:08Z</time>
      </trkpt>
      <trkpt lat="34.120999583" lon="-111.4843501"><ele>2046</ele>
        <time>2020-03-21T18:55:15Z</time>
      </trkpt>
      <trkpt lat="34.12092935" lon="-111.4843328"><ele>2046</ele>
        <time>2020-03-21T18:55:24Z</time>
      </trkpt>
      <trkpt lat="34.12084375" lon="-111.484360583"><ele>2044</ele>
        <time>2020-03-21T18:55:43Z</time>
      </trkpt>
      <trkpt lat="34.120808033" lon="-111.484357167"><ele>2043</ele>
        <time>2020-03-21T18:55:53Z</time>
      </trkpt>
      <trkpt lat="34.1207881" lon="-111.48437075"><ele>2042</ele>
        <time>2020-03-21T18:55:56Z</time>
      </trkpt>
      <trkpt lat="34.120809833" lon="-111.4844202"><ele>2040</ele>
        <time>2020-03-21T18:56:01Z</time>
      </trkpt>
      <trkpt lat="34.120834133" lon="-111.484446267"><ele>2039</ele>
        <time>2020-03-21T18:56:06Z</time>
      </trkpt>
      <trkpt lat="34.1209684" lon="-111.4845117"><ele>2033</ele>
        <time>2020-03-21T18:56:25Z</time>
      </trkpt>
      <trkpt lat="34.121018083" lon="-111.484511633"><ele>2034</ele>
        <time>2020-03-21T18:56:30Z</time>
      </trkpt>
      <trkpt lat="34.1210949" lon="-111.484533917"><ele>2034</ele>
        <time>2020-03-21T18:56:43Z</time>
      </trkpt>
      <trkpt lat="34.121141683" lon="-111.484567667"><ele>2034</ele>
        <time>2020-03-21T18:56:51Z</time>
      </trkpt>
      <trkpt lat="34.121162367" lon="-111.4846029"><ele>2034</ele>
        <time>2020-03-21T18:56:56Z</time>
      </trkpt>
      <trkpt lat="34.121249867" lon="-111.48464435"><ele>2032</ele>
        <time>2020-03-21T18:57:06Z</time>
      </trkpt>
      <trkpt lat="34.121300217" lon="-111.484657983"><ele>2033</ele>
        <time>2020-03-21T18:57:11Z</time>
      </trkpt>
      <trkpt lat="34.12138195" lon="-111.4847068"><ele>2032</ele>
        <time>2020-03-21T18:57:22Z</time>
      </trkpt>
      <trkpt lat="34.121509283" lon="-111.48476035"><ele>2030</ele>
        <time>2020-03-21T18:57:39Z</time>
      </trkpt>
      <trkpt lat="34.121574" lon="-111.484862067"><ele>2027</ele>
        <time>2020-03-21T18:58:13Z</time>
      </trkpt>
      <trkpt lat="34.121652583" lon="-111.48490555"><ele>2027</ele>
        <time>2020-03-21T18:58:22Z</time>
      </trkpt>
      <trkpt lat="34.121701233" lon="-111.4849136"><ele>2026</ele>
        <time>2020-03-21T18:58:27Z</time>
      </trkpt>
      <trkpt lat="34.121751917" lon="-111.484946483"><ele>2025</ele>
        <time>2020-03-21T18:58:34Z</time>
      </trkpt>
      <trkpt lat="34.121821783" lon="-111.485042367"><ele>2024</ele>
        <time>2020-03-21T18:58:48Z</time>
      </trkpt>
      <trkpt lat="34.1218929" lon="-111.48511185"><ele>2022</ele>
        <time>2020-03-21T18:58:58Z</time>
      </trkpt>
      <trkpt lat="34.121977417" lon="-111.485303767"><ele>2017</ele>
        <time>2020-03-21T18:59:19Z</time>
      </trkpt>
      <trkpt lat="34.12199125" lon="-111.485423283"><ele>2014</ele>
        <time>2020-03-21T18:59:39Z</time>
      </trkpt>
      <trkpt lat="34.121966533" lon="-111.4854769"><ele>2014</ele>
        <time>2020-03-21T19:00:03Z</time>
      </trkpt>
      <trkpt lat="34.1219415" lon="-111.485484133"><ele>2014</ele>
        <time>2020-03-21T19:00:07Z</time>
      </trkpt>
      <trkpt lat="34.12184095" lon="-111.48555205"><ele>2014</ele>
        <time>2020-03-21T19:00:21Z</time>
      </trkpt>
      <trkpt lat="34.12175455" lon="-111.485545467"><ele>2013</ele>
        <time>2020-03-21T19:00:35Z</time>
      </trkpt>
      <trkpt lat="34.121637783" lon="-111.4856275"><ele>2008</ele>
        <time>2020-03-21T19:00:58Z</time>
      </trkpt>
      <trkpt lat="34.121632033" lon="-111.48566135"><ele>2006</ele>
        <time>2020-03-21T19:01:12Z</time>
      </trkpt>
      <trkpt lat="34.121614467" lon="-111.48568925"><ele>2005</ele>
        <time>2020-03-21T19:01:18Z</time>
      </trkpt>
      <trkpt lat="34.121592383" lon="-111.485704083"><ele>2004</ele>
        <time>2020-03-21T19:01:22Z</time>
      </trkpt>
      <trkpt lat="34.1215682" lon="-111.485705617"><ele>2004</ele>
        <time>2020-03-21T19:01:26Z</time>
      </trkpt>
      <trkpt lat="34.121525017" lon="-111.485748767"><ele>2002</ele>
        <time>2020-03-21T19:01:35Z</time>
      </trkpt>
      <trkpt lat="34.1215217" lon="-111.48577655"><ele>2001</ele>
        <time>2020-03-21T19:01:37Z</time>
      </trkpt>
      <trkpt lat="34.12153035" lon="-111.48580135"><ele>1999</ele>
        <time>2020-03-21T19:01:40Z</time>
      </trkpt>
      <trkpt lat="34.121509967" lon="-111.485849983"><ele>1997</ele>
        <time>2020-03-21T19:01:58Z</time>
      </trkpt>
      <trkpt lat="34.121414283" lon="-111.485907217"><ele>1995</ele>
        <time>2020-03-21T19:02:15Z</time>
      </trkpt>
      <trkpt lat="34.121371283" lon="-111.486004333"><ele>1988</ele>
        <time>2020-03-21T19:02:57Z</time>
      </trkpt>
      <trkpt lat="34.121350733" lon="-111.486025983"><ele>1989</ele>
        <time>2020-03-21T19:03:08Z</time>
      </trkpt>
      <trkpt lat="34.121357567" lon="-111.486058"><ele>1986</ele>
        <time>2020-03-21T19:03:12Z</time>
      </trkpt>
      <trkpt lat="34.121307617" lon="-111.486141117"><ele>1982</ele>
        <time>2020-03-21T19:03:40Z</time>
      </trkpt>
      <trkpt lat="34.12127945" lon="-111.486156567"><ele>1983</ele>
        <time>2020-03-21T19:03:48Z</time>
      </trkpt>
      <trkpt lat="34.121258533" lon="-111.48614395"><ele>1983</ele>
        <time>2020-03-21T19:03:52Z</time>
      </trkpt>
      <trkpt lat="34.121232117" lon="-111.486151417"><ele>1984</ele>
        <time>2020-03-21T19:04:01Z</time>
      </trkpt>
      <trkpt lat="34.121234967" lon="-111.486186917"><ele>1984</ele>
        <time>2020-03-21T19:04:05Z</time>
      </trkpt>
      <trkpt lat="34.121248867" lon="-111.486223367"><ele>1981</ele>
        <time>2020-03-21T19:04:08Z</time>
      </trkpt>
      <trkpt lat="34.1212746" lon="-111.486242533"><ele>1980</ele>
        <time>2020-03-21T19:04:11Z</time>
      </trkpt>
      <trkpt lat="34.1212757" lon="-111.486269283"><ele>1979</ele>
        <time>2020-03-21T19:04:14Z</time>
      </trkpt>
      <trkpt lat="34.12120675" lon="-111.486342983"><ele>1976</ele>
        <time>2020-03-21T19:04:43Z</time>
      </trkpt>
      <trkpt lat="34.121095267" lon="-111.486365483"><ele>1975</ele>
        <time>2020-03-21T19:05:15Z</time>
      </trkpt>
      <trkpt lat="34.12100865" lon="-111.48640655"><ele>1975</ele>
        <time>2020-03-21T19:05:40Z</time>
      </trkpt>
      <trkpt lat="34.120971267" lon="-111.486484317"><ele>1972</ele>
        <time>2020-03-21T19:05:49Z</time>
      </trkpt>
      <trkpt lat="34.1209508" lon="-111.486495633"><ele>1972</ele>
        <time>2020-03-21T19:05:53Z</time>
      </trkpt>
      <trkpt lat="34.1209613" lon="-111.486545417"><ele>1970</ele>
        <time>2020-03-21T19:06:16Z</time>
      </trkpt>
      <trkpt lat="34.12101855" lon="-111.486522583"><ele>1971</ele>
        <time>2020-03-21T19:06:39Z</time>
      </trkpt>
      <trkpt lat="34.121035067" lon="-111.486489483"><ele>1971</ele>
        <time>2020-03-21T19:06:42Z</time>
      </trkpt>
      <trkpt lat="34.12103185" lon="-111.486448017"><ele>1974</ele>
        <time>2020-03-21T19:06:47Z</time>
      </trkpt>
      <trkpt lat="34.121005417" lon="-111.486397667"><ele>1974</ele>
        <time>2020-03-21T19:06:53Z</time>
      </trkpt>
      <trkpt lat="34.12100475" lon="-111.486341583"><ele>1975</ele>
        <time>2020-03-21T19:06:58Z</time>
      </trkpt>
      <trkpt lat="34.12095035" lon="-111.486262517"><ele>1976</ele>
        <time>2020-03-21T19:07:09Z</time>
      </trkpt>
      <trkpt lat="34.120977567" lon="-111.486211"><ele>1978</ele>
        <time>2020-03-21T19:07:20Z</time>
      </trkpt>
      <trkpt lat="34.120985933" lon="-111.4861442"><ele>1978</ele>
        <time>2020-03-21T19:07:41Z</time>
      </trkpt>
      <trkpt lat="34.121014017" lon="-111.4860561"><ele>1981</ele>
        <time>2020-03-21T19:07:52Z</time>
      </trkpt>
      <trkpt lat="34.1209935" lon="-111.486029833"><ele>1981</ele>
        <time>2020-03-21T19:08:15Z</time>
      </trkpt>
      <trkpt lat="34.120985717" lon="-111.485995817"><ele>1981</ele>
        <time>2020-03-21T19:08:39Z</time>
      </trkpt>
      <trkpt lat="34.1210041" lon="-111.48596055"><ele>1981</ele>
        <time>2020-03-21T19:08:47Z</time>
      </trkpt>
      <trkpt lat="34.121022367" lon="-111.4858484"><ele>1987</ele>
        <time>2020-03-21T19:09:57Z</time>
      </trkpt>
      <trkpt lat="34.121003117" lon="-111.485827433"><ele>1987</ele>
        <time>2020-03-21T19:10:39Z</time>
      </trkpt>
      <trkpt lat="34.120971933" lon="-111.48583205"><ele>1986</ele>
        <time>2020-03-21T19:10:43Z</time>
      </trkpt>
      <trkpt lat="34.1209556" lon="-111.485856083"><ele>1985</ele>
        <time>2020-03-21T19:10:47Z</time>
      </trkpt>
      <trkpt lat="34.12094865" lon="-111.485889983"><ele>1984</ele>
        <time>2020-03-21T19:10:52Z</time>
      </trkpt>
      <trkpt lat="34.120956117" lon="-111.485956167"><ele>1982</ele>
        <time>2020-03-21T19:11:05Z</time>
      </trkpt>
      <trkpt lat="34.12093565" lon="-111.486016067"><ele>1980</ele>
        <time>2020-03-21T19:11:23Z</time>
      </trkpt>
      <trkpt lat="34.120951217" lon="-111.486043967"><ele>1979</ele>
        <time>2020-03-21T19:11:25Z</time>
      </trkpt>
      <trkpt lat="34.120918267" lon="-111.486172967"><ele>1975</ele>
        <time>2020-03-21T19:11:47Z</time>
      </trkpt>
      <trkpt lat="34.12089705" lon="-111.486193767"><ele>1976</ele>
        <time>2020-03-21T19:11:51Z</time>
      </trkpt>
      <trkpt lat="34.120889133" lon="-111.486231683"><ele>1974</ele>
        <time>2020-03-21T19:11:54Z</time>
      </trkpt>
      <trkpt lat="34.120904833" lon="-111.48629705"><ele>1974</ele>
        <time>2020-03-21T19:11:59Z</time>
      </trkpt>
      <trkpt lat="34.120946817" lon="-111.486337767"><ele>1973</ele>
        <time>2020-03-21T19:12:03Z</time>
      </trkpt>
      <trkpt lat="34.120953833" lon="-111.486398883"><ele>1972</ele>
        <time>2020-03-21T19:12:09Z</time>
      </trkpt>
      <trkpt lat="34.120989467" lon="-111.486481667"><ele>1970</ele>
        <time>2020-03-21T19:12:19Z</time>
      </trkpt>
      <trkpt lat="34.120967967" lon="-111.4864956"><ele>1971</ele>
        <time>2020-03-21T19:12:23Z</time>
      </trkpt>
      <trkpt lat="34.1209361" lon="-111.486541933"><ele>1971</ele>
        <time>2020-03-21T19:12:29Z</time>
      </trkpt>
      <trkpt lat="34.120839967" lon="-111.486601583"><ele>1968</ele>
        <time>2020-03-21T19:12:39Z</time>
      </trkpt>
      <trkpt lat="34.120795" lon="-111.486716567"><ele>1967</ele>
        <time>2020-03-21T19:12:49Z</time>
      </trkpt>
      <trkpt lat="34.12071955" lon="-111.486788067"><ele>1967</ele>
        <time>2020-03-21T19:13:02Z</time>
      </trkpt>
      <trkpt lat="34.12068125" lon="-111.486842517"><ele>1966</ele>
        <time>2020-03-21T19:13:10Z</time>
      </trkpt>
      <trkpt lat="34.120633617" lon="-111.486877017"><ele>1964</ele>
        <time>2020-03-21T19:13:18Z</time>
      </trkpt>
      <trkpt lat="34.120618783" lon="-111.486898833"><ele>1963</ele>
        <time>2020-03-21T19:13:20Z</time>
      </trkpt>
      <trkpt lat="34.1205835" lon="-111.486918683"><ele>1963</ele>
        <time>2020-03-21T19:13:26Z</time>
      </trkpt>
      <trkpt lat="34.120534267" lon="-111.48698235"><ele>1962</ele>
        <time>2020-03-21T19:13:40Z</time>
      </trkpt>
      <trkpt lat="34.120474583" lon="-111.486967133"><ele>1961</ele>
        <time>2020-03-21T19:13:58Z</time>
      </trkpt>
      <trkpt lat="34.120365" lon="-111.48697545"><ele>1961</ele>
        <time>2020-03-21T19:14:04Z</time>
      </trkpt>
      <trkpt lat="34.1201848" lon="-111.487020967"><ele>1958</ele>
        <time>2020-03-21T19:14:18Z</time>
      </trkpt>
      <trkpt lat="34.120077267" lon="-111.487062817"><ele>1957</ele>
        <time>2020-03-21T19:14:28Z</time>
      </trkpt>
      <trkpt lat="34.11994455" lon="-111.487037383"><ele>1954</ele>
        <time>2020-03-21T19:14:40Z</time>
      </trkpt>
      <trkpt lat="34.119876667" lon="-111.48704115"><ele>1954</ele>
        <time>2020-03-21T19:14:45Z</time>
      </trkpt>
      <trkpt lat="34.1197705" lon="-111.487016733"><ele>1952</ele>
        <time>2020-03-21T19:14:55Z</time>
      </trkpt>
      <trkpt lat="34.1196963" lon="-111.486977583"><ele>1952</ele>
        <time>2020-03-21T19:15:02Z</time>
      </trkpt>
      <trkpt lat="34.119586133" lon="-111.486957867"><ele>1951</ele>
        <time>2020-03-21T19:15:10Z</time>
      </trkpt>
      <trkpt lat="34.119488783" lon="-111.486898433"><ele>1949</ele>
        <time>2020-03-21T19:15:19Z</time>
      </trkpt>
      <trkpt lat="34.119456533" lon="-111.486842417"><ele>1950</ele>
        <time>2020-03-21T19:15:24Z</time>
      </trkpt>
      <trkpt lat="34.1194344" lon="-111.486723783"><ele>1950</ele>
        <time>2020-03-21T19:15:33Z</time>
      </trkpt>
      <trkpt lat="34.11939275" lon="-111.48668425"><ele>1950</ele>
        <time>2020-03-21T19:15:37Z</time>
      </trkpt>
      <trkpt lat="34.119228317" lon="-111.4865979"><ele>1947</ele>
        <time>2020-03-21T19:15:49Z</time>
      </trkpt>
      <trkpt lat="34.1191695" lon="-111.486589267"><ele>1947</ele>
        <time>2020-03-21T19:15:53Z</time>
      </trkpt>
      <trkpt lat="34.119136783" lon="-111.486602433"><ele>1947</ele>
        <time>2020-03-21T19:15:55Z</time>
      </trkpt>
      <trkpt lat="34.1190356" lon="-111.48659955"><ele>1946</ele>
        <time>2020-03-21T19:16:03Z</time>
      </trkpt>
      <trkpt lat="34.118900767" lon="-111.486617333"><ele>1945</ele>
        <time>2020-03-21T19:16:14Z</time>
      </trkpt>
      <trkpt lat="34.118782233" lon="-111.486612717"><ele>1945</ele>
        <time>2020-03-21T19:16:23Z</time>
      </trkpt>
      <trkpt lat="34.1187283" lon="-111.486621833"><ele>1946</ele>
        <time>2020-03-21T19:16:27Z</time>
      </trkpt>
      <trkpt lat="34.118646033" lon="-111.486654733"><ele>1946</ele>
        <time>2020-03-21T19:16:34Z</time>
      </trkpt>
      <trkpt lat="34.118596033" lon="-111.486688583"><ele>1945</ele>
        <time>2020-03-21T19:16:37Z</time>
      </trkpt>
      <trkpt lat="34.118389933" lon="-111.486902367"><ele>1943</ele>
        <time>2020-03-21T19:17:00Z</time>
      </trkpt>
      <trkpt lat="34.118305683" lon="-111.4870261"><ele>1941</ele>
        <time>2020-03-21T19:17:12Z</time>
      </trkpt>
      <trkpt lat="34.118232683" lon="-111.487090033"><ele>1939</ele>
        <time>2020-03-21T19:17:22Z</time>
      </trkpt>
      <trkpt lat="34.1181075" lon="-111.487152717"><ele>1937</ele>
        <time>2020-03-21T19:17:33Z</time>
      </trkpt>
      <trkpt lat="34.117917533" lon="-111.487289983"><ele>1934</ele>
        <time>2020-03-21T19:17:52Z</time>
      </trkpt>
      <trkpt lat="34.1178657" lon="-111.487317033"><ele>1932</ele>
        <time>2020-03-21T19:17:57Z</time>
      </trkpt>
      <trkpt lat="34.117787383" lon="-111.48732435"><ele>1931</ele>
        <time>2020-03-21T19:18:04Z</time>
      </trkpt>
      <trkpt lat="34.117739567" lon="-111.48733935"><ele>1930</ele>
        <time>2020-03-21T19:18:08Z</time>
      </trkpt>
      <trkpt lat="34.117677083" lon="-111.487331433"><ele>1928</ele>
        <time>2020-03-21T19:18:14Z</time>
      </trkpt>
      <trkpt lat="34.117602833" lon="-111.4873365"><ele>1927</ele>
        <time>2020-03-21T19:18:19Z</time>
      </trkpt>
      <trkpt lat="34.117532233" lon="-111.487309817"><ele>1925</ele>
        <time>2020-03-21T19:18:26Z</time>
      </trkpt>
      <trkpt lat="34.117379267" lon="-111.487170333"><ele>1923</ele>
        <time>2020-03-21T19:18:42Z</time>
      </trkpt>
      <trkpt lat="34.117290533" lon="-111.4871387"><ele>1922</ele>
        <time>2020-03-21T19:18:48Z</time>
      </trkpt>
      <trkpt lat="34.117040867" lon="-111.4869336"><ele>1918</ele>
        <time>2020-03-21T19:19:11Z</time>
      </trkpt>
      <trkpt lat="34.11693745" lon="-111.486888783"><ele>1916</ele>
        <time>2020-03-21T19:19:19Z</time>
      </trkpt>
      <trkpt lat="34.116850567" lon="-111.48688005"><ele>1915</ele>
        <time>2020-03-21T19:19:26Z</time>
      </trkpt>
      <trkpt lat="34.116794483" lon="-111.486886117"><ele>1915</ele>
        <time>2020-03-21T19:19:30Z</time>
      </trkpt>
      <trkpt lat="34.116560267" lon="-111.4868458"><ele>1914</ele>
        <time>2020-03-21T19:20:01Z</time>
      </trkpt>
      <trkpt lat="34.116448133" lon="-111.486881117"><ele>1912</ele>
        <time>2020-03-21T19:20:11Z</time>
      </trkpt>
      <trkpt lat="34.116324533" lon="-111.486939683"><ele>1910</ele>
        <time>2020-03-21T19:20:25Z</time>
      </trkpt>
      <trkpt lat="34.1162494" lon="-111.486921417"><ele>1909</ele>
        <time>2020-03-21T19:20:35Z</time>
      </trkpt>
      <trkpt lat="34.11615405" lon="-111.486852283"><ele>1906</ele>
        <time>2020-03-21T19:21:11Z</time>
      </trkpt>
      <trkpt lat="34.116062" lon="-111.486872967"><ele>1908</ele>
        <time>2020-03-21T19:21:18Z</time>
      </trkpt>
      <trkpt lat="34.116034133" lon="-111.486898033"><ele>1910</ele>
        <time>2020-03-21T19:21:20Z</time>
      </trkpt>
      <trkpt lat="34.11598665" lon="-111.487019817"><ele>1910</ele>
        <time>2020-03-21T19:21:28Z</time>
      </trkpt>
      <trkpt lat="34.115968967" lon="-111.487167483"><ele>1913</ele>
        <time>2020-03-21T19:21:37Z</time>
      </trkpt>
      <trkpt lat="34.115982383" lon="-111.487290283"><ele>1913</ele>
        <time>2020-03-21T19:21:45Z</time>
      </trkpt>
      <trkpt lat="34.115955317" lon="-111.4878416"><ele>1914</ele>
        <time>2020-03-21T19:22:22Z</time>
      </trkpt>
      <trkpt lat="34.115957933" lon="-111.4879422"><ele>1914</ele>
        <time>2020-03-21T19:22:28Z</time>
      </trkpt>
      <trkpt lat="34.11592995" lon="-111.4881134"><ele>1915</ele>
        <time>2020-03-21T19:22:40Z</time>
      </trkpt>
      <trkpt lat="34.1159348" lon="-111.488265183"><ele>1914</ele>
        <time>2020-03-21T19:22:50Z</time>
      </trkpt>
      <trkpt lat="34.115911133" lon="-111.488480617"><ele>1914</ele>
        <time>2020-03-21T19:23:04Z</time>
      </trkpt>
      <trkpt lat="34.11592855" lon="-111.4886463"><ele>1910</ele>
        <time>2020-03-21T19:23:14Z</time>
      </trkpt>
      <trkpt lat="34.11592355" lon="-111.488858767"><ele>1904</ele>
        <time>2020-03-21T19:23:26Z</time>
      </trkpt>
      <trkpt lat="34.115933783" lon="-111.488919117"><ele>1903</ele>
        <time>2020-03-21T19:23:30Z</time>
      </trkpt>
      <trkpt lat="34.115935067" lon="-111.4891307"><ele>1900</ele>
        <time>2020-03-21T19:23:45Z</time>
      </trkpt>
      <trkpt lat="34.115925617" lon="-111.489258617"><ele>1900</ele>
        <time>2020-03-21T19:23:56Z</time>
      </trkpt>
      <trkpt lat="34.115889433" lon="-111.489441383"><ele>1900</ele>
        <time>2020-03-21T19:24:10Z</time>
      </trkpt>
      <trkpt lat="34.11583125" lon="-111.48955675"><ele>1898</ele>
        <time>2020-03-21T19:24:18Z</time>
      </trkpt>
      <trkpt lat="34.115795" lon="-111.4896077"><ele>1896</ele>
        <time>2020-03-21T19:24:22Z</time>
      </trkpt>
      <trkpt lat="34.115740367" lon="-111.4896446"><ele>1896</ele>
        <time>2020-03-21T19:24:28Z</time>
      </trkpt>
      <trkpt lat="34.11571595" lon="-111.489718"><ele>1893</ele>
        <time>2020-03-21T19:24:34Z</time>
      </trkpt>
      <trkpt lat="34.115652517" lon="-111.4898284"><ele>1889</ele>
        <time>2020-03-21T19:24:42Z</time>
      </trkpt>
      <trkpt lat="34.115523867" lon="-111.489985467"><ele>1885</ele>
        <time>2020-03-21T19:24:59Z</time>
      </trkpt>
      <trkpt lat="34.11552915" lon="-111.490058667"><ele>1884</ele>
        <time>2020-03-21T19:25:02Z</time>
      </trkpt>
      <trkpt lat="34.115492717" lon="-111.490143583"><ele>1882</ele>
        <time>2020-03-21T19:25:11Z</time>
      </trkpt>
      <trkpt lat="34.115468433" lon="-111.490268317"><ele>1880</ele>
        <time>2020-03-21T19:25:19Z</time>
      </trkpt>
      <trkpt lat="34.1153691" lon="-111.4904339"><ele>1877</ele>
        <time>2020-03-21T19:25:34Z</time>
      </trkpt>
      <trkpt lat="34.115318683" lon="-111.49049645"><ele>1876</ele>
        <time>2020-03-21T19:25:41Z</time>
      </trkpt>
      <trkpt lat="34.115214783" lon="-111.490577067"><ele>1875</ele>
        <time>2020-03-21T19:25:50Z</time>
      </trkpt>
      <trkpt lat="34.1150301" lon="-111.49066165"><ele>1873</ele>
        <time>2020-03-21T19:26:04Z</time>
      </trkpt>
      <trkpt lat="34.11496365" lon="-111.490716067"><ele>1871</ele>
        <time>2020-03-21T19:26:10Z</time>
      </trkpt>
      <trkpt lat="34.114795483" lon="-111.49076225"><ele>1869</ele>
        <time>2020-03-21T19:26:22Z</time>
      </trkpt>
      <trkpt lat="34.11476675" lon="-111.49076275"><ele>1868</ele>
        <time>2020-03-21T19:26:24Z</time>
      </trkpt>
      <trkpt lat="34.1147394" lon="-111.49074955"><ele>1868</ele>
        <time>2020-03-21T19:26:27Z</time>
      </trkpt>
      <trkpt lat="34.114615867" lon="-111.490765167"><ele>1868</ele>
        <time>2020-03-21T19:26:36Z</time>
      </trkpt>
      <trkpt lat="34.114556367" lon="-111.490788167"><ele>1867</ele>
        <time>2020-03-21T19:26:40Z</time>
      </trkpt>
      <trkpt lat="34.114375383" lon="-111.4908205"><ele>1865</ele>
        <time>2020-03-21T19:26:56Z</time>
      </trkpt>
      <trkpt lat="34.1142442" lon="-111.490805683"><ele>1863</ele>
        <time>2020-03-21T19:27:06Z</time>
      </trkpt>
      <trkpt lat="34.114108783" lon="-111.490859217"><ele>1861</ele>
        <time>2020-03-21T19:27:14Z</time>
      </trkpt>
      <trkpt lat="34.113942" lon="-111.490913283"><ele>1858</ele>
        <time>2020-03-21T19:27:26Z</time>
      </trkpt>
      <trkpt lat="34.113863917" lon="-111.490921467"><ele>1857</ele>
        <time>2020-03-21T19:27:32Z</time>
      </trkpt>
      <trkpt lat="34.113783333" lon="-111.490960867"><ele>1856</ele>
        <time>2020-03-21T19:27:38Z</time>
      </trkpt>
      <trkpt lat="34.11375105" lon="-111.490966317"><ele>1855</ele>
        <time>2020-03-21T19:27:40Z</time>
      </trkpt>
      <trkpt lat="34.1135999" lon="-111.4909666"><ele>1853</ele>
        <time>2020-03-21T19:27:51Z</time>
      </trkpt>
      <trkpt lat="34.113467533" lon="-111.490952733"><ele>1854</ele>
        <time>2020-03-21T19:28:01Z</time>
      </trkpt>
      <trkpt lat="34.11334615" lon="-111.490958017"><ele>1856</ele>
        <time>2020-03-21T19:28:09Z</time>
      </trkpt>
      <trkpt lat="34.1132897" lon="-111.4909441"><ele>1857</ele>
        <time>2020-03-21T19:28:13Z</time>
      </trkpt>
      <trkpt lat="34.113223683" lon="-111.4909438"><ele>1858</ele>
        <time>2020-03-21T19:28:17Z</time>
      </trkpt>
      <trkpt lat="34.1130413" lon="-111.490964267"><ele>1860</ele>
        <time>2020-03-21T19:28:29Z</time>
      </trkpt>
      <trkpt lat="34.112974317" lon="-111.490990333"><ele>1859</ele>
        <time>2020-03-21T19:28:33Z</time>
      </trkpt>
      <trkpt lat="34.112860667" lon="-111.491067033"><ele>1857</ele>
        <time>2020-03-21T19:28:41Z</time>
      </trkpt>
      <trkpt lat="34.112795917" lon="-111.491124733"><ele>1858</ele>
        <time>2020-03-21T19:28:47Z</time>
      </trkpt>
      <trkpt lat="34.1125754" lon="-111.491250683"><ele>1854</ele>
        <time>2020-03-21T19:29:03Z</time>
      </trkpt>
      <trkpt lat="34.112510483" lon="-111.49131635"><ele>1853</ele>
        <time>2020-03-21T19:29:09Z</time>
      </trkpt>
      <trkpt lat="34.112580217" lon="-111.4914232"><ele>1851</ele>
        <time>2020-03-21T19:29:15Z</time>
      </trkpt>
      <trkpt lat="34.112632167" lon="-111.491464517"><ele>1850</ele>
        <time>2020-03-21T19:29:19Z</time>
      </trkpt>
      <trkpt lat="34.112711033" lon="-111.491491133"><ele>1847</ele>
        <time>2020-03-21T19:29:25Z</time>
      </trkpt>
      <trkpt lat="34.112738283" lon="-111.491490317"><ele>1847</ele>
        <time>2020-03-21T19:29:27Z</time>
      </trkpt>
      <trkpt lat="34.112821917" lon="-111.491455067"><ele>1846</ele>
        <time>2020-03-21T19:29:33Z</time>
      </trkpt>
      <trkpt lat="34.11288185" lon="-111.4914161"><ele>1846</ele>
        <time>2020-03-21T19:29:37Z</time>
      </trkpt>
      <trkpt lat="34.11290485" lon="-111.4913874"><ele>1846</ele>
        <time>2020-03-21T19:29:39Z</time>
      </trkpt>
      <trkpt lat="34.113122867" lon="-111.491344883"><ele>1841</ele>
        <time>2020-03-21T19:29:56Z</time>
      </trkpt>
      <trkpt lat="34.113215383" lon="-111.49136865"><ele>1839</ele>
        <time>2020-03-21T19:30:04Z</time>
      </trkpt>
      <trkpt lat="34.113086233" lon="-111.491415533"><ele>1846</ele>
        <time>2020-03-21T19:30:21Z</time>
      </trkpt>
      <trkpt lat="34.113061467" lon="-111.4914438"><ele>1846</ele>
        <time>2020-03-21T19:30:23Z</time>
      </trkpt>
      <trkpt lat="34.113012683" lon="-111.491553083"><ele>1847</ele>
        <time>2020-03-21T19:30:29Z</time>
      </trkpt>
      <trkpt lat="34.1130501" lon="-111.49166445"><ele>1844</ele>
        <time>2020-03-21T19:30:34Z</time>
      </trkpt>
      <trkpt lat="34.113046983" lon="-111.49169795"><ele>1843</ele>
        <time>2020-03-21T19:30:38Z</time>
      </trkpt>
      <trkpt lat="34.11307665" lon="-111.491755317"><ele>1844</ele>
        <time>2020-03-21T19:30:42Z</time>
      </trkpt>
      <trkpt lat="34.113050183" lon="-111.491788567"><ele>1846</ele>
        <time>2020-03-21T19:30:46Z</time>
      </trkpt>
      <trkpt lat="34.113049167" lon="-111.49182535"><ele>1845</ele>
        <time>2020-03-21T19:30:48Z</time>
      </trkpt>
      <trkpt lat="34.113066267" lon="-111.4918822"><ele>1844</ele>
        <time>2020-03-21T19:30:52Z</time>
      </trkpt>
      <trkpt lat="34.113102483" lon="-111.4919447"><ele>1843</ele>
        <time>2020-03-21T19:30:56Z</time>
      </trkpt>
      <trkpt lat="34.113099533" lon="-111.491971867"><ele>1842</ele>
        <time>2020-03-21T19:31:00Z</time>
      </trkpt>
      <trkpt lat="34.113073233" lon="-111.4919762"><ele>1841</ele>
        <time>2020-03-21T19:31:04Z</time>
      </trkpt>
      <trkpt lat="34.113057033" lon="-111.491995817"><ele>1841</ele>
        <time>2020-03-21T19:31:07Z</time>
      </trkpt>
      <trkpt lat="34.113065617" lon="-111.49205935"><ele>1841</ele>
        <time>2020-03-21T19:31:11Z</time>
      </trkpt>
      <trkpt lat="34.11311915" lon="-111.4921526"><ele>1839</ele>
        <time>2020-03-21T19:31:16Z</time>
      </trkpt>
      <trkpt lat="34.113167" lon="-111.4921995"><ele>1839</ele>
        <time>2020-03-21T19:31:21Z</time>
      </trkpt>
      <trkpt lat="34.11313265" lon="-111.492203333"><ele>1838</ele>
        <time>2020-03-21T19:33:57Z</time>
      </trkpt>
      <trkpt lat="34.113109383" lon="-111.492265433"><ele>1840</ele>
        <time>2020-03-21T19:34:02Z</time>
      </trkpt>
      <trkpt lat="34.113099383" lon="-111.492332117"><ele>1841</ele>
        <time>2020-03-21T19:34:07Z</time>
      </trkpt>
      <trkpt lat="34.113071167" lon="-111.4923946"><ele>1841</ele>
        <time>2020-03-21T19:34:12Z</time>
      </trkpt>
      <trkpt lat="34.11305825" lon="-111.4924741"><ele>1841</ele>
        <time>2020-03-21T19:34:17Z</time>
      </trkpt>
      <trkpt lat="34.11292835" lon="-111.492713417"><ele>1842</ele>
        <time>2020-03-21T19:34:37Z</time>
      </trkpt>
      <trkpt lat="34.112898967" lon="-111.492798083"><ele>1842</ele>
        <time>2020-03-21T19:34:43Z</time>
      </trkpt>
      <trkpt lat="34.112873533" lon="-111.4929092"><ele>1844</ele>
        <time>2020-03-21T19:34:49Z</time>
      </trkpt>
      <trkpt lat="34.112874267" lon="-111.49294115"><ele>1844</ele>
        <time>2020-03-21T19:34:52Z</time>
      </trkpt>
      <trkpt lat="34.11285835" lon="-111.492971867"><ele>1844</ele>
        <time>2020-03-21T19:34:55Z</time>
      </trkpt>
      <trkpt lat="34.11280695" lon="-111.49299935"><ele>1844</ele>
        <time>2020-03-21T19:35:01Z</time>
      </trkpt>
      <trkpt lat="34.112764333" lon="-111.49311985"><ele>1844</ele>
        <time>2020-03-21T19:35:14Z</time>
      </trkpt>
      <trkpt lat="34.11274405" lon="-111.493152483"><ele>1843</ele>
        <time>2020-03-21T19:35:17Z</time>
      </trkpt>
      <trkpt lat="34.1126293" lon="-111.493250217"><ele>1842</ele>
        <time>2020-03-21T19:35:27Z</time>
      </trkpt>
      <trkpt lat="34.1125529" lon="-111.493387"><ele>1841</ele>
        <time>2020-03-21T19:35:38Z</time>
      </trkpt>
      <trkpt lat="34.112449567" lon="-111.49349135"><ele>1839</ele>
        <time>2020-03-21T19:35:49Z</time>
      </trkpt>
      <trkpt lat="34.11233515" lon="-111.49357345"><ele>1838</ele>
        <time>2020-03-21T19:36:01Z</time>
      </trkpt>
      <trkpt lat="34.11217825" lon="-111.49366045"><ele>1834</ele>
        <time>2020-03-21T19:36:15Z</time>
      </trkpt>
      <trkpt lat="34.112152667" lon="-111.49366505"><ele>1835</ele>
        <time>2020-03-21T19:36:17Z</time>
      </trkpt>
      <trkpt lat="34.112130033" lon="-111.49368875"><ele>1833</ele>
        <time>2020-03-21T19:36:21Z</time>
      </trkpt>
      <trkpt lat="34.11209885" lon="-111.493684833"><ele>1833</ele>
        <time>2020-03-21T19:36:37Z</time>
      </trkpt>
      <trkpt lat="34.112074017" lon="-111.493669383"><ele>1833</ele>
        <time>2020-03-21T19:36:40Z</time>
      </trkpt>
      <trkpt lat="34.112019733" lon="-111.493667617"><ele>1832</ele>
        <time>2020-03-21T19:36:45Z</time>
      </trkpt>
      <trkpt lat="34.111996383" lon="-111.493656283"><ele>1831</ele>
        <time>2020-03-21T19:36:47Z</time>
      </trkpt>
      <trkpt lat="34.111932717" lon="-111.4936485"><ele>1830</ele>
        <time>2020-03-21T19:36:52Z</time>
      </trkpt>
      <trkpt lat="34.111880017" lon="-111.493617167"><ele>1828</ele>
        <time>2020-03-21T19:37:00Z</time>
      </trkpt>
      <trkpt lat="34.1118422" lon="-111.493616867"><ele>1828</ele>
        <time>2020-03-21T19:37:13Z</time>
      </trkpt>
      <trkpt lat="34.111853333" lon="-111.493578333"><ele>1829</ele>
        <time>2020-03-21T19:37:17Z</time>
      </trkpt>
      <trkpt lat="34.111901583" lon="-111.4935006"><ele>1827</ele>
        <time>2020-03-21T19:37:25Z</time>
      </trkpt>
      <trkpt lat="34.1118886" lon="-111.4934735"><ele>1826</ele>
        <time>2020-03-21T19:37:27Z</time>
      </trkpt>
      <trkpt lat="34.1118636" lon="-111.4934654"><ele>1825</ele>
        <time>2020-03-21T19:37:29Z</time>
      </trkpt>
      <trkpt lat="34.1118377" lon="-111.493473233"><ele>1825</ele>
        <time>2020-03-21T19:37:31Z</time>
      </trkpt>
      <trkpt lat="34.11176395" lon="-111.493455567"><ele>1824</ele>
        <time>2020-03-21T19:37:42Z</time>
      </trkpt>
      <trkpt lat="34.111715383" lon="-111.493472967"><ele>1823</ele>
        <time>2020-03-21T19:37:45Z</time>
      </trkpt>
      <trkpt lat="34.11176405" lon="-111.49338995"><ele>1824</ele>
        <time>2020-03-21T19:38:03Z</time>
      </trkpt>
      <trkpt lat="34.111788017" lon="-111.4933672"><ele>1825</ele>
        <time>2020-03-21T19:38:06Z</time>
      </trkpt>
      <trkpt lat="34.111863333" lon="-111.493222733"><ele>1826</ele>
        <time>2020-03-21T19:38:21Z</time>
      </trkpt>
      <trkpt lat="34.11186315" lon="-111.49319395"><ele>1826</ele>
        <time>2020-03-21T19:38:23Z</time>
      </trkpt>
      <trkpt lat="34.111813833" lon="-111.493139217"><ele>1824</ele>
        <time>2020-03-21T19:38:32Z</time>
      </trkpt>
      <trkpt lat="34.1117839" lon="-111.493139333"><ele>1822</ele>
        <time>2020-03-21T19:38:35Z</time>
      </trkpt>
      <trkpt lat="34.111763217" lon="-111.493128267"><ele>1820</ele>
        <time>2020-03-21T19:38:38Z</time>
      </trkpt>
      <trkpt lat="34.111678317" lon="-111.493160317"><ele>1818</ele>
        <time>2020-03-21T19:39:10Z</time>
      </trkpt>
      <trkpt lat="34.11160715" lon="-111.493226483"><ele>1816</ele>
        <time>2020-03-21T19:39:39Z</time>
      </trkpt>
      <trkpt lat="34.111604733" lon="-111.493255817"><ele>1814</ele>
        <time>2020-03-21T19:39:40Z</time>
      </trkpt>
      <trkpt lat="34.111581167" lon="-111.49327425"><ele>1814</ele>
        <time>2020-03-21T19:39:46Z</time>
      </trkpt>
      <trkpt lat="34.111557817" lon="-111.493269983"><ele>1814</ele>
        <time>2020-03-21T19:39:48Z</time>
      </trkpt>
      <trkpt lat="34.111474083" lon="-111.493322283"><ele>1813</ele>
        <time>2020-03-21T19:39:58Z</time>
      </trkpt>
      <trkpt lat="34.111456083" lon="-111.493350867"><ele>1813</ele>
        <time>2020-03-21T19:40:01Z</time>
      </trkpt>
      <trkpt lat="34.111345467" lon="-111.493364033"><ele>1815</ele>
        <time>2020-03-21T19:40:26Z</time>
      </trkpt>
      <trkpt lat="34.11131745" lon="-111.4933558"><ele>1815</ele>
        <time>2020-03-21T19:40:32Z</time>
      </trkpt>
      <trkpt lat="34.11127945" lon="-111.49340405"><ele>1817</ele>
        <time>2020-03-21T19:40:43Z</time>
      </trkpt>
      <trkpt lat="34.111246133" lon="-111.493405183"><ele>1818</ele>
        <time>2020-03-21T19:40:55Z</time>
      </trkpt>
      <trkpt lat="34.111222467" lon="-111.493419833"><ele>1819</ele>
        <time>2020-03-21T19:40:58Z</time>
      </trkpt>
      <trkpt lat="34.111193617" lon="-111.493407217"><ele>1818</ele>
        <time>2020-03-21T19:41:04Z</time>
      </trkpt>
      <trkpt lat="34.11117835" lon="-111.493430167"><ele>1815</ele>
        <time>2020-03-21T19:41:12Z</time>
      </trkpt>
      <trkpt lat="34.111150333" lon="-111.4934354"><ele>1816</ele>
        <time>2020-03-21T19:41:14Z</time>
      </trkpt>
      <trkpt lat="34.1111378" lon="-111.493457783"><ele>1816</ele>
        <time>2020-03-21T19:41:17Z</time>
      </trkpt>
      <trkpt lat="34.111073883" lon="-111.493413417"><ele>1816</ele>
        <time>2020-03-21T19:41:45Z</time>
      </trkpt>
      <trkpt lat="34.110959033" lon="-111.49340495"><ele>1812</ele>
        <time>2020-03-21T19:42:07Z</time>
      </trkpt>
      <trkpt lat="34.11079" lon="-111.4934729"><ele>1814</ele>
        <time>2020-03-21T19:42:37Z</time>
      </trkpt>
      <trkpt lat="34.110724333" lon="-111.4935322"><ele>1814</ele>
        <time>2020-03-21T19:42:57Z</time>
      </trkpt>
      <trkpt lat="34.11075135" lon="-111.4935309"><ele>1811</ele>
        <time>2020-03-21T19:43:42Z</time>
      </trkpt>
      <trkpt lat="34.1107665" lon="-111.493506067"><ele>1809</ele>
        <time>2020-03-21T19:43:46Z</time>
      </trkpt>
      <trkpt lat="34.110694" lon="-111.4934377"><ele>1807</ele>
        <time>2020-03-21T19:43:56Z</time>
      </trkpt>
      <trkpt lat="34.110615367" lon="-111.493442983"><ele>1805</ele>
        <time>2020-03-21T19:44:03Z</time>
      </trkpt>
      <trkpt lat="34.110539833" lon="-111.493468717"><ele>1805</ele>
        <time>2020-03-21T19:44:10Z</time>
      </trkpt>
      <trkpt lat="34.1105136" lon="-111.493448117"><ele>1804</ele>
        <time>2020-03-21T19:44:36Z</time>
      </trkpt>
      <trkpt lat="34.1104985" lon="-111.493420767"><ele>1804</ele>
        <time>2020-03-21T19:44:39Z</time>
      </trkpt>
      <trkpt lat="34.110466433" lon="-111.4934068"><ele>1804</ele>
        <time>2020-03-21T19:44:44Z</time>
      </trkpt>
      <trkpt lat="34.110418983" lon="-111.49339915"><ele>1802</ele>
        <time>2020-03-21T19:44:52Z</time>
      </trkpt>
      <trkpt lat="34.1104012" lon="-111.493424583"><ele>1800</ele>
        <time>2020-03-21T19:44:58Z</time>
      </trkpt>
      <trkpt lat="34.110336567" lon="-111.493354283"><ele>1802</ele>
        <time>2020-03-21T19:47:05Z</time>
      </trkpt>
      <trkpt lat="34.110291633" lon="-111.493274417"><ele>1802</ele>
        <time>2020-03-21T19:47:13Z</time>
      </trkpt>
      <trkpt lat="34.110222967" lon="-111.493224817"><ele>1802</ele>
        <time>2020-03-21T19:47:21Z</time>
      </trkpt>
      <trkpt lat="34.110166717" lon="-111.493212767"><ele>1801</ele>
        <time>2020-03-21T19:47:26Z</time>
      </trkpt>
      <trkpt lat="34.1101326" lon="-111.4931094"><ele>1802</ele>
        <time>2020-03-21T19:47:45Z</time>
      </trkpt>
      <trkpt lat="34.10998815" lon="-111.493037917"><ele>1799</ele>
        <time>2020-03-21T19:48:00Z</time>
      </trkpt>
      <trkpt lat="34.1099711" lon="-111.492975667"><ele>1800</ele>
        <time>2020-03-21T19:48:15Z</time>
      </trkpt>
      <trkpt lat="34.1099142" lon="-111.492946283"><ele>1800</ele>
        <time>2020-03-21T19:48:21Z</time>
      </trkpt>
      <trkpt lat="34.109834917" lon="-111.492942717"><ele>1798</ele>
        <time>2020-03-21T19:48:37Z</time>
      </trkpt>
      <trkpt lat="34.10975755" lon="-111.492901133"><ele>1798</ele>
        <time>2020-03-21T19:48:50Z</time>
      </trkpt>
      <trkpt lat="34.109701517" lon="-111.4928865"><ele>1797</ele>
        <time>2020-03-21T19:48:55Z</time>
      </trkpt>
      <trkpt lat="34.10967955" lon="-111.492874017"><ele>1798</ele>
        <time>2020-03-21T19:48:59Z</time>
      </trkpt>
      <trkpt lat="34.109659617" lon="-111.492845317"><ele>1798</ele>
        <time>2020-03-21T19:49:03Z</time>
      </trkpt>
      <trkpt lat="34.10962595" lon="-111.492842367"><ele>1798</ele>
        <time>2020-03-21T19:49:06Z</time>
      </trkpt>
      <trkpt lat="34.10959025" lon="-111.492825817"><ele>1798</ele>
        <time>2020-03-21T19:49:09Z</time>
      </trkpt>
      <trkpt lat="34.1095324" lon="-111.492833933"><ele>1798</ele>
        <time>2020-03-21T19:49:13Z</time>
      </trkpt>
      <trkpt lat="34.109470267" lon="-111.492855567"><ele>1797</ele>
        <time>2020-03-21T19:49:17Z</time>
      </trkpt>
      <trkpt lat="34.1094409" lon="-111.4928518"><ele>1796</ele>
        <time>2020-03-21T19:49:19Z</time>
      </trkpt>
      <trkpt lat="34.1094183" lon="-111.492832333"><ele>1796</ele>
        <time>2020-03-21T19:49:31Z</time>
      </trkpt>
      <trkpt lat="34.109333967" lon="-111.492852483"><ele>1794</ele>
        <time>2020-03-21T19:49:38Z</time>
      </trkpt>
      <trkpt lat="34.10926055" lon="-111.4929005"><ele>1794</ele>
        <time>2020-03-21T19:49:45Z</time>
      </trkpt>
      <trkpt lat="34.1091371" lon="-111.49291285"><ele>1795</ele>
        <time>2020-03-21T19:50:00Z</time>
      </trkpt>
      <trkpt lat="34.10911995" lon="-111.492930117"><ele>1795</ele>
        <time>2020-03-21T19:50:03Z</time>
      </trkpt>
      <trkpt lat="34.1090961" lon="-111.4929259"><ele>1795</ele>
        <time>2020-03-21T19:50:09Z</time>
      </trkpt>
      <trkpt lat="34.108997133" lon="-111.492970333"><ele>1793</ele>
        <time>2020-03-21T19:50:21Z</time>
      </trkpt>
      <trkpt lat="34.108965067" lon="-111.492973483"><ele>1793</ele>
        <time>2020-03-21T19:50:25Z</time>
      </trkpt>
      <trkpt lat="34.108939367" lon="-111.492988033"><ele>1793</ele>
        <time>2020-03-21T19:50:28Z</time>
      </trkpt>
      <trkpt lat="34.108928117" lon="-111.493015933"><ele>1793</ele>
        <time>2020-03-21T19:50:31Z</time>
      </trkpt>
      <trkpt lat="34.1088966" lon="-111.493016883"><ele>1792</ele>
        <time>2020-03-21T19:50:36Z</time>
      </trkpt>
      <trkpt lat="34.108825417" lon="-111.493077167"><ele>1791</ele>
        <time>2020-03-21T19:50:51Z</time>
      </trkpt>
      <trkpt lat="34.108861517" lon="-111.493119783"><ele>1788</ele>
        <time>2020-03-21T19:52:04Z</time>
      </trkpt>
      <trkpt lat="34.108880217" lon="-111.493113467"><ele>1789</ele>
        <time>2020-03-21T19:53:13Z</time>
      </trkpt>
      <trkpt lat="34.108881683" lon="-111.493146817"><ele>1787</ele>
        <time>2020-03-21T19:53:18Z</time>
      </trkpt>
      <trkpt lat="34.108906617" lon="-111.4931481"><ele>1787</ele>
        <time>2020-03-21T19:53:32Z</time>
      </trkpt>
      <trkpt lat="34.108955333" lon="-111.4931227"><ele>1788</ele>
        <time>2020-03-21T19:53:38Z</time>
      </trkpt>
      <trkpt lat="34.10897695" lon="-111.493130567"><ele>1785</ele>
        <time>2020-03-21T19:54:12Z</time>
      </trkpt>
      <trkpt lat="34.108951917" lon="-111.493150283"><ele>1784</ele>
        <time>2020-03-21T19:55:00Z</time>
      </trkpt>
      <trkpt lat="34.109005333" lon="-111.493162067"><ele>1786</ele>
        <time>2020-03-21T19:56:01Z</time>
      </trkpt>
      <trkpt lat="34.109002417" lon="-111.493189017"><ele>1787</ele>
        <time>2020-03-21T19:56:09Z</time>
      </trkpt>
      <trkpt lat="34.109064183" lon="-111.493225517"><ele>1789</ele>
        <time>2020-03-21T19:56:17Z</time>
      </trkpt>
      <trkpt lat="34.109041033" lon="-111.493230867"><ele>1789</ele>
        <time>2020-03-21T19:56:22Z</time>
      </trkpt>
      <trkpt lat="34.109037683" lon="-111.493259817"><ele>1791</ele>
        <time>2020-03-21T19:56:26Z</time>
      </trkpt>
      <trkpt lat="34.109055483" lon="-111.493287783"><ele>1793</ele>
        <time>2020-03-21T19:56:30Z</time>
      </trkpt>
      <trkpt lat="34.10911065" lon="-111.493291533"><ele>1793</ele>
        <time>2020-03-21T19:56:35Z</time>
      </trkpt>
      <trkpt lat="34.109114883" lon="-111.49332185"><ele>1794</ele>
        <time>2020-03-21T19:56:40Z</time>
      </trkpt>
      <trkpt lat="34.1090722" lon="-111.493365867"><ele>1795</ele>
        <time>2020-03-21T19:56:50Z</time>
      </trkpt>
      <trkpt lat="34.109085617" lon="-111.493403567"><ele>1795</ele>
        <time>2020-03-21T19:57:00Z</time>
      </trkpt>
      <trkpt lat="34.1091146" lon="-111.4934226"><ele>1795</ele>
        <time>2020-03-21T19:57:02Z</time>
      </trkpt>
      <trkpt lat="34.109191883" lon="-111.49344555"><ele>1795</ele>
        <time>2020-03-21T19:57:09Z</time>
      </trkpt>
      <trkpt lat="34.109204317" lon="-111.493548417"><ele>1796</ele>
        <time>2020-03-21T19:57:23Z</time>
      </trkpt>
      <trkpt lat="34.1092424" lon="-111.493562583"><ele>1796</ele>
        <time>2020-03-21T19:57:35Z</time>
      </trkpt>
      <trkpt lat="34.109273" lon="-111.493621383"><ele>1796</ele>
        <time>2020-03-21T19:57:39Z</time>
      </trkpt>
      <trkpt lat="34.109281483" lon="-111.49368315"><ele>1796</ele>
        <time>2020-03-21T19:57:44Z</time>
      </trkpt>
      <trkpt lat="34.109321067" lon="-111.4937392"><ele>1796</ele>
        <time>2020-03-21T19:57:49Z</time>
      </trkpt>
      <trkpt lat="34.109350817" lon="-111.493743567"><ele>1797</ele>
        <time>2020-03-21T19:57:52Z</time>
      </trkpt>
      <trkpt lat="34.109367417" lon="-111.493764467"><ele>1797</ele>
        <time>2020-03-21T19:58:02Z</time>
      </trkpt>
      <trkpt lat="34.1093621" lon="-111.4937985"><ele>1798</ele>
        <time>2020-03-21T19:58:14Z</time>
      </trkpt>
      <trkpt lat="34.109298167" lon="-111.493853933"><ele>1797</ele>
        <time>2020-03-21T19:58:29Z</time>
      </trkpt>
      <trkpt lat="34.109376433" lon="-111.493883"><ele>1796</ele>
        <time>2020-03-21T19:58:56Z</time>
      </trkpt>
      <trkpt lat="34.10936165" lon="-111.493980933"><ele>1794</ele>
        <time>2020-03-21T19:59:06Z</time>
      </trkpt>
      <trkpt lat="34.1093758" lon="-111.49403985"><ele>1796</ele>
        <time>2020-03-21T19:59:16Z</time>
      </trkpt>
      <trkpt lat="34.109397967" lon="-111.494067617"><ele>1796</ele>
        <time>2020-03-21T19:59:23Z</time>
      </trkpt>
      <trkpt lat="34.109391717" lon="-111.49409435"><ele>1797</ele>
        <time>2020-03-21T19:59:34Z</time>
      </trkpt>
      <trkpt lat="34.109339933" lon="-111.494094817"><ele>1807</ele>
        <time>2020-03-21T19:59:39Z</time>
      </trkpt>
      <trkpt lat="34.1093382" lon="-111.494140117"><ele>1805</ele>
        <time>2020-03-21T19:59:40Z</time>
      </trkpt>
      <trkpt lat="34.1093963" lon="-111.494192233"><ele>1794</ele>
        <time>2020-03-21T19:59:44Z</time>
      </trkpt>
      <trkpt lat="34.1093944" lon="-111.494227467"><ele>1795</ele>
        <time>2020-03-21T19:59:47Z</time>
      </trkpt>
      <trkpt lat="34.109356333" lon="-111.494267467"><ele>1795</ele>
        <time>2020-03-21T20:00:02Z</time>
      </trkpt>
      <trkpt lat="34.1093514" lon="-111.4943235"><ele>1796</ele>
        <time>2020-03-21T20:00:08Z</time>
      </trkpt>
      <trkpt lat="34.1093606" lon="-111.494349567"><ele>1796</ele>
        <time>2020-03-21T20:00:12Z</time>
      </trkpt>
      <trkpt lat="34.109382867" lon="-111.494365367"><ele>1797</ele>
        <time>2020-03-21T20:00:21Z</time>
      </trkpt>
      <trkpt lat="34.109380717" lon="-111.4944479"><ele>1796</ele>
        <time>2020-03-21T20:00:31Z</time>
      </trkpt>
      <trkpt lat="34.109352233" lon="-111.494506667"><ele>1796</ele>
        <time>2020-03-21T20:00:39Z</time>
      </trkpt>
      <trkpt lat="34.109353983" lon="-111.494534817"><ele>1797</ele>
        <time>2020-03-21T20:00:42Z</time>
      </trkpt>
      <trkpt lat="34.1093429" lon="-111.49456115"><ele>1797</ele>
        <time>2020-03-21T20:00:47Z</time>
      </trkpt>
      <trkpt lat="34.109325133" lon="-111.494590333"><ele>1797</ele>
        <time>2020-03-21T20:00:52Z</time>
      </trkpt>
      <trkpt lat="34.109301933" lon="-111.494603933"><ele>1798</ele>
        <time>2020-03-21T20:01:02Z</time>
      </trkpt>
      <trkpt lat="34.109288783" lon="-111.494708817"><ele>1798</ele>
        <time>2020-03-21T20:01:14Z</time>
      </trkpt>
      <trkpt lat="34.10924285" lon="-111.494735767"><ele>1797</ele>
        <time>2020-03-21T20:01:22Z</time>
      </trkpt>
      <trkpt lat="34.109227017" lon="-111.494761667"><ele>1797</ele>
        <time>2020-03-21T20:01:25Z</time>
      </trkpt>
      <trkpt lat="34.109203567" lon="-111.494901033"><ele>1800</ele>
        <time>2020-03-21T20:01:43Z</time>
      </trkpt>
      <trkpt lat="34.109148433" lon="-111.4950227"><ele>1800</ele>
        <time>2020-03-21T20:01:59Z</time>
      </trkpt>
      <trkpt lat="34.109149933" lon="-111.495057217"><ele>1800</ele>
        <time>2020-03-21T20:02:08Z</time>
      </trkpt>
      <trkpt lat="34.1091647" lon="-111.4950818"><ele>1799</ele>
        <time>2020-03-21T20:02:27Z</time>
      </trkpt>
      <trkpt lat="34.1091638" lon="-111.4951555"><ele>1799</ele>
        <time>2020-03-21T20:02:33Z</time>
      </trkpt>
      <trkpt lat="34.10914345" lon="-111.49518005"><ele>1798</ele>
        <time>2020-03-21T20:02:37Z</time>
      </trkpt>
      <trkpt lat="34.109117233" lon="-111.49518865"><ele>1797</ele>
        <time>2020-03-21T20:02:42Z</time>
      </trkpt>
      <trkpt lat="34.10930235" lon="-111.495283033"><ele>1801</ele>
        <time>2020-03-21T20:03:47Z</time>
      </trkpt>
      <trkpt lat="34.1093052" lon="-111.495315383"><ele>1801</ele>
        <time>2020-03-21T20:04:02Z</time>
      </trkpt>
      <trkpt lat="34.109281867" lon="-111.49537325"><ele>1801</ele>
        <time>2020-03-21T20:04:11Z</time>
      </trkpt>
      <trkpt lat="34.109260917" lon="-111.495397267"><ele>1802</ele>
        <time>2020-03-21T20:04:22Z</time>
      </trkpt>
      <trkpt lat="34.1091989" lon="-111.495423283"><ele>1801</ele>
        <time>2020-03-21T20:04:30Z</time>
      </trkpt>
      <trkpt lat="34.10915775" lon="-111.4954624"><ele>1801</ele>
        <time>2020-03-21T20:04:34Z</time>
      </trkpt>
      <trkpt lat="34.109132433" lon="-111.495469517"><ele>1801</ele>
        <time>2020-03-21T20:04:36Z</time>
      </trkpt>
      <trkpt lat="34.109090417" lon="-111.495512667"><ele>1801</ele>
        <time>2020-03-21T20:04:43Z</time>
      </trkpt>
      <trkpt lat="34.109056733" lon="-111.495571867"><ele>1800</ele>
        <time>2020-03-21T20:04:49Z</time>
      </trkpt>
      <trkpt lat="34.109006533" lon="-111.495619733"><ele>1799</ele>
        <time>2020-03-21T20:05:00Z</time>
      </trkpt>
      <trkpt lat="34.108992817" lon="-111.495645317"><ele>1798</ele>
        <time>2020-03-21T20:05:02Z</time>
      </trkpt>
      <trkpt lat="34.108873867" lon="-111.495756583"><ele>1796</ele>
        <time>2020-03-21T20:05:17Z</time>
      </trkpt>
      <trkpt lat="34.108874217" lon="-111.495814583"><ele>1796</ele>
        <time>2020-03-21T20:05:34Z</time>
      </trkpt>
      <trkpt lat="34.108847217" lon="-111.495848317"><ele>1797</ele>
        <time>2020-03-21T20:05:38Z</time>
      </trkpt>
      <trkpt lat="34.108838083" lon="-111.495880883"><ele>1797</ele>
        <time>2020-03-21T20:05:41Z</time>
      </trkpt>
      <trkpt lat="34.108810617" lon="-111.49589605"><ele>1797</ele>
        <time>2020-03-21T20:05:45Z</time>
      </trkpt>
      <trkpt lat="34.108776633" lon="-111.4960028"><ele>1798</ele>
        <time>2020-03-21T20:05:52Z</time>
      </trkpt>
      <trkpt lat="34.108784533" lon="-111.49603385"><ele>1799</ele>
        <time>2020-03-21T20:05:55Z</time>
      </trkpt>
      <trkpt lat="34.108780383" lon="-111.496071533"><ele>1798</ele>
        <time>2020-03-21T20:05:59Z</time>
      </trkpt>
      <trkpt lat="34.108739" lon="-111.496149033"><ele>1798</ele>
        <time>2020-03-21T20:06:07Z</time>
      </trkpt>
      <trkpt lat="34.108730317" lon="-111.496186767"><ele>1798</ele>
        <time>2020-03-21T20:06:10Z</time>
      </trkpt>
      <trkpt lat="34.1087658" lon="-111.496281167"><ele>1801</ele>
        <time>2020-03-21T20:06:19Z</time>
      </trkpt>
      <trkpt lat="34.1087935" lon="-111.4962704"><ele>1801</ele>
        <time>2020-03-21T20:06:32Z</time>
      </trkpt>
      <trkpt lat="34.108804183" lon="-111.49624205"><ele>1801</ele>
        <time>2020-03-21T20:06:34Z</time>
      </trkpt>
      <trkpt lat="34.108789967" lon="-111.496156133"><ele>1800</ele>
        <time>2020-03-21T20:06:46Z</time>
      </trkpt>
      <trkpt lat="34.10875505" lon="-111.496150267"><ele>1799</ele>
        <time>2020-03-21T20:07:00Z</time>
      </trkpt>
      <trkpt lat="34.10873725" lon="-111.4961704"><ele>1798</ele>
        <time>2020-03-21T20:07:02Z</time>
      </trkpt>
      <trkpt lat="34.108740683" lon="-111.496178917"><ele>1797</ele>
        <time>2020-03-21T20:13:37Z</time>
      </trkpt>
      <trkpt lat="34.108788133" lon="-111.496149567"><ele>1798</ele>
        <time>2020-03-21T20:13:44Z</time>
      </trkpt>
      <trkpt lat="34.108809333" lon="-111.496120033"><ele>1797</ele>
        <time>2020-03-21T20:13:48Z</time>
      </trkpt>
      <trkpt lat="34.108829433" lon="-111.496067767"><ele>1797</ele>
        <time>2020-03-21T20:13:52Z</time>
      </trkpt>
      <trkpt lat="34.108830717" lon="-111.49600275"><ele>1796</ele>
        <time>2020-03-21T20:13:57Z</time>
      </trkpt>
      <trkpt lat="34.108864483" lon="-111.4958933"><ele>1798</ele>
        <time>2020-03-21T20:14:41Z</time>
      </trkpt>
      <trkpt lat="34.108903133" lon="-111.4958353"><ele>1797</ele>
        <time>2020-03-21T20:15:12Z</time>
      </trkpt>
      <trkpt lat="34.10890295" lon="-111.495788767"><ele>1796</ele>
        <time>2020-03-21T20:15:16Z</time>
      </trkpt>
      <trkpt lat="34.10902685" lon="-111.49567495"><ele>1797</ele>
        <time>2020-03-21T20:15:35Z</time>
      </trkpt>
      <trkpt lat="34.109037017" lon="-111.495648983"><ele>1798</ele>
        <time>2020-03-21T20:15:40Z</time>
      </trkpt>
      <trkpt lat="34.109033833" lon="-111.495621483"><ele>1798</ele>
        <time>2020-03-21T20:15:51Z</time>
      </trkpt>
      <trkpt lat="34.109064783" lon="-111.495630517"><ele>1799</ele>
        <time>2020-03-21T20:16:04Z</time>
      </trkpt>
      <trkpt lat="34.1090914" lon="-111.495621283"><ele>1800</ele>
        <time>2020-03-21T20:16:08Z</time>
      </trkpt>
      <trkpt lat="34.109109017" lon="-111.49559875"><ele>1799</ele>
        <time>2020-03-21T20:16:10Z</time>
      </trkpt>
      <trkpt lat="34.109165783" lon="-111.495562433"><ele>1799</ele>
        <time>2020-03-21T20:16:18Z</time>
      </trkpt>
      <trkpt lat="34.109221933" lon="-111.49547425"><ele>1799</ele>
        <time>2020-03-21T20:16:27Z</time>
      </trkpt>
      <trkpt lat="34.1092452" lon="-111.49545325"><ele>1799</ele>
        <time>2020-03-21T20:16:43Z</time>
      </trkpt>
      <trkpt lat="34.109267183" lon="-111.49545085"><ele>1801</ele>
        <time>2020-03-21T20:16:46Z</time>
      </trkpt>
      <trkpt lat="34.109335667" lon="-111.495371917"><ele>1800</ele>
        <time>2020-03-21T20:17:05Z</time>
      </trkpt>
      <trkpt lat="34.109353233" lon="-111.4952809"><ele>1801</ele>
        <time>2020-03-21T20:17:17Z</time>
      </trkpt>
      <trkpt lat="34.109309017" lon="-111.495219333"><ele>1800</ele>
        <time>2020-03-21T20:17:25Z</time>
      </trkpt>
      <trkpt lat="34.109254967" lon="-111.495185133"><ele>1800</ele>
        <time>2020-03-21T20:17:31Z</time>
      </trkpt>
      <trkpt lat="34.109255533" lon="-111.4951572"><ele>1799</ele>
        <time>2020-03-21T20:17:35Z</time>
      </trkpt>
      <trkpt lat="34.1092252" lon="-111.4950624"><ele>1801</ele>
        <time>2020-03-21T20:17:51Z</time>
      </trkpt>
      <trkpt lat="34.109236083" lon="-111.495035017"><ele>1800</ele>
        <time>2020-03-21T20:17:58Z</time>
      </trkpt>
      <trkpt lat="34.109211383" lon="-111.495027333"><ele>1799</ele>
        <time>2020-03-21T20:18:00Z</time>
      </trkpt>
      <trkpt lat="34.109186167" lon="-111.495033683"><ele>1800</ele>
        <time>2020-03-21T20:18:04Z</time>
      </trkpt>
      <trkpt lat="34.109239967" lon="-111.494937483"><ele>1799</ele>
        <time>2020-03-21T20:18:30Z</time>
      </trkpt>
      <trkpt lat="34.1092387" lon="-111.494896967"><ele>1801</ele>
        <time>2020-03-21T20:18:34Z</time>
      </trkpt>
      <trkpt lat="34.109265833" lon="-111.494834367"><ele>1799</ele>
        <time>2020-03-21T20:18:45Z</time>
      </trkpt>
      <trkpt lat="34.10926485" lon="-111.49480205"><ele>1799</ele>
        <time>2020-03-21T20:18:47Z</time>
      </trkpt>
      <trkpt lat="34.10928525" lon="-111.494777117"><ele>1799</ele>
        <time>2020-03-21T20:18:50Z</time>
      </trkpt>
      <trkpt lat="34.109307433" lon="-111.494767117"><ele>1799</ele>
        <time>2020-03-21T20:18:55Z</time>
      </trkpt>
      <trkpt lat="34.109388" lon="-111.4945929"><ele>1798</ele>
        <time>2020-03-21T20:19:16Z</time>
      </trkpt>
      <trkpt lat="34.109393867" lon="-111.494526467"><ele>1797</ele>
        <time>2020-03-21T20:19:29Z</time>
      </trkpt>
      <trkpt lat="34.109429667" lon="-111.494393317"><ele>1797</ele>
        <time>2020-03-21T20:19:44Z</time>
      </trkpt>
      <trkpt lat="34.10939865" lon="-111.494327517"><ele>1796</ele>
        <time>2020-03-21T20:20:04Z</time>
      </trkpt>
      <trkpt lat="34.109398617" lon="-111.494299983"><ele>1796</ele>
        <time>2020-03-21T20:20:10Z</time>
      </trkpt>
      <trkpt lat="34.1094203" lon="-111.494245567"><ele>1797</ele>
        <time>2020-03-21T20:20:17Z</time>
      </trkpt>
      <trkpt lat="34.109413133" lon="-111.494212867"><ele>1797</ele>
        <time>2020-03-21T20:20:21Z</time>
      </trkpt>
      <trkpt lat="34.109422717" lon="-111.494180217"><ele>1796</ele>
        <time>2020-03-21T20:20:32Z</time>
      </trkpt>
      <trkpt lat="34.109410167" lon="-111.49409875"><ele>1792</ele>
        <time>2020-03-21T20:20:48Z</time>
      </trkpt>
      <trkpt lat="34.10942055" lon="-111.494070767"><ele>1798</ele>
        <time>2020-03-21T20:21:34Z</time>
      </trkpt>
      <trkpt lat="34.109392283" lon="-111.493952017"><ele>1798</ele>
        <time>2020-03-21T20:21:49Z</time>
      </trkpt>
      <trkpt lat="34.109402833" lon="-111.49388805"><ele>1798</ele>
        <time>2020-03-21T20:21:59Z</time>
      </trkpt>
      <trkpt lat="34.10938335" lon="-111.49386745"><ele>1797</ele>
        <time>2020-03-21T20:22:02Z</time>
      </trkpt>
      <trkpt lat="34.109361017" lon="-111.493871217"><ele>1796</ele>
        <time>2020-03-21T20:22:04Z</time>
      </trkpt>
      <trkpt lat="34.1093341" lon="-111.493857633"><ele>1797</ele>
        <time>2020-03-21T20:22:07Z</time>
      </trkpt>
      <trkpt lat="34.1093324" lon="-111.4938852"><ele>1796</ele>
        <time>2020-03-21T20:22:48Z</time>
      </trkpt>
      <trkpt lat="34.109358117" lon="-111.493884117"><ele>1796</ele>
        <time>2020-03-21T20:22:52Z</time>
      </trkpt>
      <trkpt lat="34.109378283" lon="-111.493835717"><ele>1796</ele>
        <time>2020-03-21T20:23:02Z</time>
      </trkpt>
      <trkpt lat="34.109344667" lon="-111.493662017"><ele>1796</ele>
        <time>2020-03-21T20:23:44Z</time>
      </trkpt>
      <trkpt lat="34.10935045" lon="-111.493629867"><ele>1796</ele>
        <time>2020-03-21T20:23:47Z</time>
      </trkpt>
      <trkpt lat="34.10929005" lon="-111.493528617"><ele>1797</ele>
        <time>2020-03-21T20:23:55Z</time>
      </trkpt>
      <trkpt lat="34.109273733" lon="-111.493445483"><ele>1797</ele>
        <time>2020-03-21T20:24:02Z</time>
      </trkpt>
      <trkpt lat="34.109252817" lon="-111.493436833"><ele>1796</ele>
        <time>2020-03-21T20:24:07Z</time>
      </trkpt>
      <trkpt lat="34.109285417" lon="-111.4933929"><ele>1796</ele>
        <time>2020-03-21T20:24:17Z</time>
      </trkpt>
      <trkpt lat="34.1092929" lon="-111.493354117"><ele>1796</ele>
        <time>2020-03-21T20:24:20Z</time>
      </trkpt>
      <trkpt lat="34.109269433" lon="-111.493343867"><ele>1794</ele>
        <time>2020-03-21T20:24:31Z</time>
      </trkpt>
      <trkpt lat="34.109294717" lon="-111.4933378"><ele>1794</ele>
        <time>2020-03-21T20:25:16Z</time>
      </trkpt>
      <trkpt lat="34.109354833" lon="-111.493266767"><ele>1793</ele>
        <time>2020-03-21T20:25:23Z</time>
      </trkpt>
      <trkpt lat="34.109348733" lon="-111.493199917"><ele>1793</ele>
        <time>2020-03-21T20:25:28Z</time>
      </trkpt>
      <trkpt lat="34.109377417" lon="-111.493088867"><ele>1793</ele>
        <time>2020-03-21T20:25:48Z</time>
      </trkpt>
      <trkpt lat="34.109468183" lon="-111.493082133"><ele>1795</ele>
        <time>2020-03-21T20:26:03Z</time>
      </trkpt>
      <trkpt lat="34.109505183" lon="-111.493069817"><ele>1795</ele>
        <time>2020-03-21T20:26:07Z</time>
      </trkpt>
      <trkpt lat="34.109528383" lon="-111.493078583"><ele>1795</ele>
        <time>2020-03-21T20:26:11Z</time>
      </trkpt>
      <trkpt lat="34.109553367" lon="-111.49305405"><ele>1794</ele>
        <time>2020-03-21T20:26:18Z</time>
      </trkpt>
      <trkpt lat="34.109579417" lon="-111.49299215"><ele>1793</ele>
        <time>2020-03-21T20:26:26Z</time>
      </trkpt>
      <trkpt lat="34.109610733" lon="-111.493000033"><ele>1793</ele>
        <time>2020-03-21T20:27:02Z</time>
      </trkpt>
      <trkpt lat="34.10968" lon="-111.493053433"><ele>1791</ele>
        <time>2020-03-21T20:27:11Z</time>
      </trkpt>
      <trkpt lat="34.109704017" lon="-111.4930456"><ele>1791</ele>
        <time>2020-03-21T20:27:14Z</time>
      </trkpt>
      <trkpt lat="34.10975375" lon="-111.493055567"><ele>1791</ele>
        <time>2020-03-21T20:27:59Z</time>
      </trkpt>
      <trkpt lat="34.109775417" lon="-111.493037333"><ele>1792</ele>
        <time>2020-03-21T20:28:02Z</time>
      </trkpt>
      <trkpt lat="34.109777667" lon="-111.492989717"><ele>1792</ele>
        <time>2020-03-21T20:28:15Z</time>
      </trkpt>
      <trkpt lat="34.10975475" lon="-111.49292635"><ele>1793</ele>
        <time>2020-03-21T20:28:21Z</time>
      </trkpt>
      <trkpt lat="34.1097376" lon="-111.4929088"><ele>1794</ele>
        <time>2020-03-21T20:28:25Z</time>
      </trkpt>
      <trkpt lat="34.109711883" lon="-111.492900467"><ele>1796</ele>
        <time>2020-03-21T20:28:30Z</time>
      </trkpt>
      <trkpt lat="34.1096772" lon="-111.4928486"><ele>1798</ele>
        <time>2020-03-21T20:28:37Z</time>
      </trkpt>
      <trkpt lat="34.109594833" lon="-111.4928053"><ele>1798</ele>
        <time>2020-03-21T20:28:44Z</time>
      </trkpt>
      <trkpt lat="34.109511233" lon="-111.492803483"><ele>1798</ele>
        <time>2020-03-21T20:28:50Z</time>
      </trkpt>
      <trkpt lat="34.10948565" lon="-111.4928162"><ele>1798</ele>
        <time>2020-03-21T20:28:52Z</time>
      </trkpt>
      <trkpt lat="34.1094064" lon="-111.492797617"><ele>1798</ele>
        <time>2020-03-21T20:29:01Z</time>
      </trkpt>
      <trkpt lat="34.10933795" lon="-111.492829083"><ele>1797</ele>
        <time>2020-03-21T20:29:07Z</time>
      </trkpt>
      <trkpt lat="34.109317033" lon="-111.4928559"><ele>1797</ele>
        <time>2020-03-21T20:29:09Z</time>
      </trkpt>
      <trkpt lat="34.10927" lon="-111.492885967"><ele>1796</ele>
        <time>2020-03-21T20:29:14Z</time>
      </trkpt>
      <trkpt lat="34.109156167" lon="-111.492903383"><ele>1796</ele>
        <time>2020-03-21T20:29:29Z</time>
      </trkpt>
      <trkpt lat="34.109135233" lon="-111.492922"><ele>1795</ele>
        <time>2020-03-21T20:29:33Z</time>
      </trkpt>
      <trkpt lat="34.109113467" lon="-111.492899517"><ele>1796</ele>
        <time>2020-03-21T20:29:39Z</time>
      </trkpt>
      <trkpt lat="34.109062983" lon="-111.492938017"><ele>1795</ele>
        <time>2020-03-21T20:29:44Z</time>
      </trkpt>
      <trkpt lat="34.1090235" lon="-111.492932083"><ele>1796</ele>
        <time>2020-03-21T20:29:49Z</time>
      </trkpt>
      <trkpt lat="34.108934767" lon="-111.492941283"><ele>1796</ele>
        <time>2020-03-21T20:30:00Z</time>
      </trkpt>
      <trkpt lat="34.1088839" lon="-111.49295615"><ele>1796</ele>
        <time>2020-03-21T20:30:04Z</time>
      </trkpt>
      <trkpt lat="34.108813783" lon="-111.492956283"><ele>1794</ele>
        <time>2020-03-21T20:30:11Z</time>
      </trkpt>
      <trkpt lat="34.1087478" lon="-111.492995433"><ele>1793</ele>
        <time>2020-03-21T20:30:17Z</time>
      </trkpt>
      <trkpt lat="34.108684533" lon="-111.493069817"><ele>1791</ele>
        <time>2020-03-21T20:30:31Z</time>
      </trkpt>
      <trkpt lat="34.10869385" lon="-111.4929979"><ele>1791</ele>
        <time>2020-03-21T20:30:53Z</time>
      </trkpt>
      <trkpt lat="34.10869025" lon="-111.492926"><ele>1790</ele>
        <time>2020-03-21T20:31:00Z</time>
      </trkpt>
      <trkpt lat="34.108668733" lon="-111.4929059"><ele>1789</ele>
        <time>2020-03-21T20:31:04Z</time>
      </trkpt>
      <trkpt lat="34.108615283" lon="-111.49291395"><ele>1789</ele>
        <time>2020-03-21T20:31:08Z</time>
      </trkpt>
      <trkpt lat="34.108585383" lon="-111.49290425"><ele>1789</ele>
        <time>2020-03-21T20:31:14Z</time>
      </trkpt>
      <trkpt lat="34.108494717" lon="-111.492818533"><ele>1786</ele>
        <time>2020-03-21T20:31:28Z</time>
      </trkpt>
      <trkpt lat="34.108446233" lon="-111.492805433"><ele>1786</ele>
        <time>2020-03-21T20:31:32Z</time>
      </trkpt>
      <trkpt lat="34.1083211" lon="-111.492895183"><ele>1779</ele>
        <time>2020-03-21T20:45:40Z</time>
      </trkpt>
      <trkpt lat="34.108328167" lon="-111.492869833"><ele>1778</ele>
        <time>2020-03-21T20:45:53Z</time>
      </trkpt>
      <trkpt lat="34.108322033" lon="-111.492838583"><ele>1778</ele>
        <time>2020-03-21T20:45:55Z</time>
      </trkpt>
      <trkpt lat="34.1083045" lon="-111.492813667"><ele>1778</ele>
        <time>2020-03-21T20:45:58Z</time>
      </trkpt>
      <trkpt lat="34.1083002" lon="-111.49285305"><ele>1778</ele>
        <time>2020-03-21T20:46:09Z</time>
      </trkpt>
      <trkpt lat="34.108277633" lon="-111.492836983"><ele>1778</ele>
        <time>2020-03-21T20:46:17Z</time>
      </trkpt>
      <trkpt lat="34.10826885" lon="-111.49286895"><ele>1779</ele>
        <time>2020-03-21T20:46:49Z</time>
      </trkpt>
      <trkpt lat="34.108288" lon="-111.493036617"><ele>1783</ele>
        <time>2020-03-21T20:47:20Z</time>
      </trkpt>
      <trkpt lat="34.108311967" lon="-111.493068"><ele>1783</ele>
        <time>2020-03-21T20:47:23Z</time>
      </trkpt>
      <trkpt lat="34.10828675" lon="-111.4930818"><ele>1781</ele>
        <time>2020-03-21T20:48:31Z</time>
      </trkpt>
      <trkpt lat="34.108281567" lon="-111.493113783"><ele>1780</ele>
        <time>2020-03-21T20:48:34Z</time>
      </trkpt>
      <trkpt lat="34.108293733" lon="-111.493137917"><ele>1781</ele>
        <time>2020-03-21T20:48:36Z</time>
      </trkpt>
      <trkpt lat="34.108334" lon="-111.49302645"><ele>1778</ele>
        <time>2020-03-21T21:16:27Z</time>
      </trkpt>
      <trkpt lat="34.10832135" lon="-111.492955717"><ele>1779</ele>
        <time>2020-03-21T21:16:34Z</time>
      </trkpt>
      <trkpt lat="34.108263333" lon="-111.492822717"><ele>1776</ele>
        <time>2020-03-21T21:16:57Z</time>
      </trkpt>
      <trkpt lat="34.108241017" lon="-111.492821867"><ele>1776</ele>
        <time>2020-03-21T21:16:58Z</time>
      </trkpt>
      <trkpt lat="34.108214933" lon="-111.492806"><ele>1779</ele>
        <time>2020-03-21T21:17:01Z</time>
      </trkpt>
      <trkpt lat="34.1081962" lon="-111.49277935"><ele>1778</ele>
        <time>2020-03-21T21:17:13Z</time>
      </trkpt>
      <trkpt lat="34.1082085" lon="-111.49275615"><ele>1777</ele>
        <time>2020-03-21T21:17:17Z</time>
      </trkpt>
      <trkpt lat="34.108171333" lon="-111.492677833"><ele>1777</ele>
        <time>2020-03-21T21:17:25Z</time>
      </trkpt>
      <trkpt lat="34.108163867" lon="-111.492680017"><ele>1781</ele>
        <time>2020-03-21T21:17:46Z</time>
      </trkpt>
      <trkpt lat="34.10819015" lon="-111.492689667"><ele>1784</ele>
        <time>2020-03-21T21:18:02Z</time>
      </trkpt>
      <trkpt lat="34.10818055" lon="-111.492661967"><ele>1784</ele>
        <time>2020-03-21T21:18:14Z</time>
      </trkpt>
      <trkpt lat="34.108202583" lon="-111.492641167"><ele>1783</ele>
        <time>2020-03-21T21:18:29Z</time>
      </trkpt>
      <trkpt lat="34.10820465" lon="-111.492603067"><ele>1784</ele>
        <time>2020-03-21T21:18:34Z</time>
      </trkpt>
      <trkpt lat="34.108189633" lon="-111.492569167"><ele>1784</ele>
        <time>2020-03-21T21:18:36Z</time>
      </trkpt>
      <trkpt lat="34.1081466" lon="-111.492533283"><ele>1784</ele>
        <time>2020-03-21T21:18:40Z</time>
      </trkpt>
      <trkpt lat="34.108006433" lon="-111.492469233"><ele>1786</ele>
        <time>2020-03-21T21:19:04Z</time>
      </trkpt>
      <trkpt lat="34.10795155" lon="-111.49246795"><ele>1785</ele>
        <time>2020-03-21T21:19:08Z</time>
      </trkpt>
      <trkpt lat="34.1079222" lon="-111.492437267"><ele>1785</ele>
        <time>2020-03-21T21:19:12Z</time>
      </trkpt>
      <trkpt lat="34.1079177" lon="-111.49240865"><ele>1785</ele>
        <time>2020-03-21T21:19:16Z</time>
      </trkpt>
      <trkpt lat="34.1079004" lon="-111.492382583"><ele>1785</ele>
        <time>2020-03-21T21:19:19Z</time>
      </trkpt>
      <trkpt lat="34.1077981" lon="-111.492294417"><ele>1786</ele>
        <time>2020-03-21T21:19:31Z</time>
      </trkpt>
      <trkpt lat="34.107785817" lon="-111.492269283"><ele>1786</ele>
        <time>2020-03-21T21:19:35Z</time>
      </trkpt>
      <trkpt lat="34.10776235" lon="-111.492266933"><ele>1785</ele>
        <time>2020-03-21T21:19:39Z</time>
      </trkpt>
      <trkpt lat="34.107751467" lon="-111.4922109"><ele>1788</ele>
        <time>2020-03-21T21:20:07Z</time>
      </trkpt>
      <trkpt lat="34.107650167" lon="-111.49213765"><ele>1789</ele>
        <time>2020-03-21T21:20:46Z</time>
      </trkpt>
      <trkpt lat="34.1076146" lon="-111.49207035"><ele>1788</ele>
        <time>2020-03-21T21:21:00Z</time>
      </trkpt>
      <trkpt lat="34.10760615" lon="-111.4919668"><ele>1788</ele>
        <time>2020-03-21T21:21:18Z</time>
      </trkpt>
      <trkpt lat="34.10753835" lon="-111.491831633"><ele>1793</ele>
        <time>2020-03-21T21:21:41Z</time>
      </trkpt>
      <trkpt lat="34.10751235" lon="-111.49181015"><ele>1793</ele>
        <time>2020-03-21T21:21:43Z</time>
      </trkpt>
      <trkpt lat="34.1073905" lon="-111.49179715"><ele>1791</ele>
        <time>2020-03-21T21:21:53Z</time>
      </trkpt>
      <trkpt lat="34.107328667" lon="-111.4917686"><ele>1792</ele>
        <time>2020-03-21T21:22:02Z</time>
      </trkpt>
      <trkpt lat="34.107281433" lon="-111.491762083"><ele>1793</ele>
        <time>2020-03-21T21:22:06Z</time>
      </trkpt>
      <trkpt lat="34.1072286" lon="-111.49169475"><ele>1793</ele>
        <time>2020-03-21T21:22:18Z</time>
      </trkpt>
      <trkpt lat="34.107250067" lon="-111.491589067"><ele>1793</ele>
        <time>2020-03-21T21:22:39Z</time>
      </trkpt>
      <trkpt lat="34.1072469" lon="-111.4915596"><ele>1793</ele>
        <time>2020-03-21T21:22:41Z</time>
      </trkpt>
      <trkpt lat="34.107201467" lon="-111.4915013"><ele>1793</ele>
        <time>2020-03-21T21:22:44Z</time>
      </trkpt>
      <trkpt lat="34.107154167" lon="-111.491495417"><ele>1794</ele>
        <time>2020-03-21T21:22:48Z</time>
      </trkpt>
      <trkpt lat="34.107132433" lon="-111.49147565"><ele>1794</ele>
        <time>2020-03-21T21:22:51Z</time>
      </trkpt>
      <trkpt lat="34.10710665" lon="-111.49149465"><ele>1795</ele>
        <time>2020-03-21T21:22:54Z</time>
      </trkpt>
      <trkpt lat="34.107104133" lon="-111.49152325"><ele>1795</ele>
        <time>2020-03-21T21:22:56Z</time>
      </trkpt>
      <trkpt lat="34.107079317" lon="-111.49154485"><ele>1796</ele>
        <time>2020-03-21T21:23:20Z</time>
      </trkpt>
      <trkpt lat="34.1070821" lon="-111.491577417"><ele>1796</ele>
        <time>2020-03-21T21:23:47Z</time>
      </trkpt>
      <trkpt lat="34.107049033" lon="-111.491579133"><ele>1796</ele>
        <time>2020-03-21T21:23:57Z</time>
      </trkpt>
      <trkpt lat="34.10702365" lon="-111.491591867"><ele>1796</ele>
        <time>2020-03-21T21:24:09Z</time>
      </trkpt>
      <trkpt lat="34.1070297" lon="-111.49162135"><ele>1796</ele>
        <time>2020-03-21T21:24:15Z</time>
      </trkpt>
      <trkpt lat="34.1069968" lon="-111.491715317"><ele>1797</ele>
        <time>2020-03-21T21:24:28Z</time>
      </trkpt>
      <trkpt lat="34.10697215" lon="-111.491706717"><ele>1797</ele>
        <time>2020-03-21T21:24:32Z</time>
      </trkpt>
      <trkpt lat="34.106928267" lon="-111.49176225"><ele>1800</ele>
        <time>2020-03-21T21:24:38Z</time>
      </trkpt>
      <trkpt lat="34.106916683" lon="-111.491797617"><ele>1800</ele>
        <time>2020-03-21T21:24:40Z</time>
      </trkpt>
      <trkpt lat="34.106921533" lon="-111.49183925"><ele>1800</ele>
        <time>2020-03-21T21:24:42Z</time>
      </trkpt>
      <trkpt lat="34.106911883" lon="-111.4919517"><ele>1801</ele>
        <time>2020-03-21T21:24:48Z</time>
      </trkpt>
      <trkpt lat="34.106852583" lon="-111.492083833"><ele>1801</ele>
        <time>2020-03-21T21:24:56Z</time>
      </trkpt>
      <trkpt lat="34.1068367" lon="-111.492112017"><ele>1801</ele>
        <time>2020-03-21T21:24:58Z</time>
      </trkpt>
      <trkpt lat="34.106814733" lon="-111.4921257"><ele>1801</ele>
        <time>2020-03-21T21:25:00Z</time>
      </trkpt>
      <trkpt lat="34.10676885" lon="-111.49214325"><ele>1800</ele>
        <time>2020-03-21T21:25:04Z</time>
      </trkpt>
      <trkpt lat="34.10671105" lon="-111.49214195"><ele>1801</ele>
        <time>2020-03-21T21:25:08Z</time>
      </trkpt>
      <trkpt lat="34.106567167" lon="-111.492166033"><ele>1802</ele>
        <time>2020-03-21T21:25:18Z</time>
      </trkpt>
      <trkpt lat="34.106458583" lon="-111.492224933"><ele>1802</ele>
        <time>2020-03-21T21:25:26Z</time>
      </trkpt>
      <trkpt lat="34.10636685" lon="-111.492224267"><ele>1801</ele>
        <time>2020-03-21T21:25:33Z</time>
      </trkpt>
      <trkpt lat="34.106229417" lon="-111.492285233"><ele>1800</ele>
        <time>2020-03-21T21:25:43Z</time>
      </trkpt>
      <trkpt lat="34.106086217" lon="-111.492310217"><ele>1798</ele>
        <time>2020-03-21T21:25:53Z</time>
      </trkpt>
      <trkpt lat="34.105993933" lon="-111.492304883"><ele>1796</ele>
        <time>2020-03-21T21:25:59Z</time>
      </trkpt>
      <trkpt lat="34.1059111" lon="-111.492324583"><ele>1796</ele>
        <time>2020-03-21T21:26:05Z</time>
      </trkpt>
      <trkpt lat="34.10584925" lon="-111.4923172"><ele>1795</ele>
        <time>2020-03-21T21:26:09Z</time>
      </trkpt>
      <trkpt lat="34.10578135" lon="-111.492328017"><ele>1795</ele>
        <time>2020-03-21T21:26:13Z</time>
      </trkpt>
      <trkpt lat="34.105694183" lon="-111.49230625"><ele>1795</ele>
        <time>2020-03-21T21:26:19Z</time>
      </trkpt>
      <trkpt lat="34.105576117" lon="-111.492293"><ele>1795</ele>
        <time>2020-03-21T21:26:27Z</time>
      </trkpt>
      <trkpt lat="34.105509083" lon="-111.492395267"><ele>1796</ele>
        <time>2020-03-21T21:26:33Z</time>
      </trkpt>
      <trkpt lat="34.105491967" lon="-111.492511967"><ele>1796</ele>
        <time>2020-03-21T21:26:39Z</time>
      </trkpt>
      <trkpt lat="34.105465717" lon="-111.492587517"><ele>1796</ele>
        <time>2020-03-21T21:26:43Z</time>
      </trkpt>
      <trkpt lat="34.105422617" lon="-111.492632233"><ele>1796</ele>
        <time>2020-03-21T21:26:47Z</time>
      </trkpt>
      <trkpt lat="34.1053713" lon="-111.492650083"><ele>1797</ele>
        <time>2020-03-21T21:26:51Z</time>
      </trkpt>
      <trkpt lat="34.1053812" lon="-111.492684083"><ele>1796</ele>
        <time>2020-03-21T21:26:57Z</time>
      </trkpt>
      <trkpt lat="34.105305333" lon="-111.492615883"><ele>1796</ele>
        <time>2020-03-21T21:27:14Z</time>
      </trkpt>
      <trkpt lat="34.105251317" lon="-111.4925256"><ele>1796</ele>
        <time>2020-03-21T21:27:20Z</time>
      </trkpt>
      <trkpt lat="34.105221533" lon="-111.492513667"><ele>1795</ele>
        <time>2020-03-21T21:27:22Z</time>
      </trkpt>
      <trkpt lat="34.105133033" lon="-111.4925339"><ele>1794</ele>
        <time>2020-03-21T21:27:28Z</time>
      </trkpt>
      <trkpt lat="34.10508185" lon="-111.492576033"><ele>1794</ele>
        <time>2020-03-21T21:27:32Z</time>
      </trkpt>
      <trkpt lat="34.104958233" lon="-111.492651833"><ele>1795</ele>
        <time>2020-03-21T21:27:43Z</time>
      </trkpt>
      <trkpt lat="34.104870817" lon="-111.492691817"><ele>1795</ele>
        <time>2020-03-21T21:27:49Z</time>
      </trkpt>
      <trkpt lat="34.104799167" lon="-111.4927502"><ele>1794</ele>
        <time>2020-03-21T21:27:55Z</time>
      </trkpt>
      <trkpt lat="34.104636717" lon="-111.492855733"><ele>1795</ele>
        <time>2020-03-21T21:28:09Z</time>
      </trkpt>
      <trkpt lat="34.104555367" lon="-111.49293895"><ele>1793</ele>
        <time>2020-03-21T21:28:35Z</time>
      </trkpt>
      <trkpt lat="34.104438333" lon="-111.493021717"><ele>1792</ele>
        <time>2020-03-21T21:28:46Z</time>
      </trkpt>
      <trkpt lat="34.1043285" lon="-111.4930604"><ele>1792</ele>
        <time>2020-03-21T21:28:55Z</time>
      </trkpt>
      <trkpt lat="34.104266567" lon="-111.493100567"><ele>1791</ele>
        <time>2020-03-21T21:28:59Z</time>
      </trkpt>
      <trkpt lat="34.104127133" lon="-111.49325265"><ele>1790</ele>
        <time>2020-03-21T21:29:12Z</time>
      </trkpt>
      <trkpt lat="34.104058483" lon="-111.493306967"><ele>1790</ele>
        <time>2020-03-21T21:29:18Z</time>
      </trkpt>
      <trkpt lat="34.10400785" lon="-111.4933245"><ele>1789</ele>
        <time>2020-03-21T21:29:22Z</time>
      </trkpt>
      <trkpt lat="34.103963467" lon="-111.493359867"><ele>1789</ele>
        <time>2020-03-21T21:29:26Z</time>
      </trkpt>
      <trkpt lat="34.1038768" lon="-111.493396283"><ele>1789</ele>
        <time>2020-03-21T21:29:34Z</time>
      </trkpt>
      <trkpt lat="34.103784283" lon="-111.493469617"><ele>1789</ele>
        <time>2020-03-21T21:29:43Z</time>
      </trkpt>
      <trkpt lat="34.10367035" lon="-111.493486767"><ele>1787</ele>
        <time>2020-03-21T21:29:51Z</time>
      </trkpt>
      <trkpt lat="34.1035025" lon="-111.4935518"><ele>1785</ele>
        <time>2020-03-21T21:30:04Z</time>
      </trkpt>
      <trkpt lat="34.1033876" lon="-111.493549617"><ele>1782</ele>
        <time>2020-03-21T21:30:12Z</time>
      </trkpt>
      <trkpt lat="34.103324833" lon="-111.493567283"><ele>1782</ele>
        <time>2020-03-21T21:30:16Z</time>
      </trkpt>
      <trkpt lat="34.103274383" lon="-111.493602883"><ele>1782</ele>
        <time>2020-03-21T21:30:20Z</time>
      </trkpt>
      <trkpt lat="34.103253417" lon="-111.493630833"><ele>1782</ele>
        <time>2020-03-21T21:30:22Z</time>
      </trkpt>
      <trkpt lat="34.103150067" lon="-111.493842533"><ele>1779</ele>
        <time>2020-03-21T21:30:36Z</time>
      </trkpt>
      <trkpt lat="34.103053367" lon="-111.493886883"><ele>1778</ele>
        <time>2020-03-21T21:30:44Z</time>
      </trkpt>
      <trkpt lat="34.10300655" lon="-111.493924967"><ele>1777</ele>
        <time>2020-03-21T21:30:48Z</time>
      </trkpt>
      <trkpt lat="34.102922017" lon="-111.493948667"><ele>1776</ele>
        <time>2020-03-21T21:30:55Z</time>
      </trkpt>
      <trkpt lat="34.102845333" lon="-111.493992383"><ele>1774</ele>
        <time>2020-03-21T21:31:01Z</time>
      </trkpt>
      <trkpt lat="34.102784583" lon="-111.493998767"><ele>1773</ele>
        <time>2020-03-21T21:31:06Z</time>
      </trkpt>
      <trkpt lat="34.102624617" lon="-111.493946317"><ele>1770</ele>
        <time>2020-03-21T21:31:18Z</time>
      </trkpt>
      <trkpt lat="34.102596617" lon="-111.49394495"><ele>1769</ele>
        <time>2020-03-21T21:31:20Z</time>
      </trkpt>
      <trkpt lat="34.102548533" lon="-111.493916183"><ele>1768</ele>
        <time>2020-03-21T21:31:24Z</time>
      </trkpt>
      <trkpt lat="34.102350467" lon="-111.4939402"><ele>1768</ele>
        <time>2020-03-21T21:31:37Z</time>
      </trkpt>
      <trkpt lat="34.102255933" lon="-111.493917783"><ele>1768</ele>
        <time>2020-03-21T21:31:43Z</time>
      </trkpt>
      <trkpt lat="34.1022273" lon="-111.4939241"><ele>1768</ele>
        <time>2020-03-21T21:31:45Z</time>
      </trkpt>
      <trkpt lat="34.10216025" lon="-111.49398535"><ele>1767</ele>
        <time>2020-03-21T21:31:51Z</time>
      </trkpt>
      <trkpt lat="34.102080883" lon="-111.494038633"><ele>1767</ele>
        <time>2020-03-21T21:31:58Z</time>
      </trkpt>
      <trkpt lat="34.1020574" lon="-111.49404915"><ele>1766</ele>
        <time>2020-03-21T21:32:00Z</time>
      </trkpt>
      <trkpt lat="34.10203515" lon="-111.494044933"><ele>1766</ele>
        <time>2020-03-21T21:32:02Z</time>
      </trkpt>
      <trkpt lat="34.10201105" lon="-111.494036933"><ele>1765</ele>
        <time>2020-03-21T21:32:04Z</time>
      </trkpt>
      <trkpt lat="34.101854217" lon="-111.49386595"><ele>1763</ele>
        <time>2020-03-21T21:32:23Z</time>
      </trkpt>
      <trkpt lat="34.1016009" lon="-111.493777333"><ele>1760</ele>
        <time>2020-03-21T21:32:45Z</time>
      </trkpt>
      <trkpt lat="34.10150395" lon="-111.4937239"><ele>1759</ele>
        <time>2020-03-21T21:32:54Z</time>
      </trkpt>
      <trkpt lat="34.101471633" lon="-111.493716683"><ele>1758</ele>
        <time>2020-03-21T21:32:57Z</time>
      </trkpt>
      <trkpt lat="34.101377667" lon="-111.493732217"><ele>1758</ele>
        <time>2020-03-21T21:33:26Z</time>
      </trkpt>
      <trkpt lat="34.101324767" lon="-111.493723567"><ele>1758</ele>
        <time>2020-03-21T21:33:30Z</time>
      </trkpt>
      <trkpt lat="34.101268683" lon="-111.493728483"><ele>1757</ele>
        <time>2020-03-21T21:33:34Z</time>
      </trkpt>
      <trkpt lat="34.101241483" lon="-111.493712367"><ele>1757</ele>
        <time>2020-03-21T21:33:36Z</time>
      </trkpt>
      <trkpt lat="34.101117767" lon="-111.493688383"><ele>1756</ele>
        <time>2020-03-21T21:33:44Z</time>
      </trkpt>
      <trkpt lat="34.100990967" lon="-111.493687417"><ele>1755</ele>
        <time>2020-03-21T21:33:52Z</time>
      </trkpt>
      <trkpt lat="34.1009347" lon="-111.4936777"><ele>1754</ele>
        <time>2020-03-21T21:33:56Z</time>
      </trkpt>
      <trkpt lat="34.10088385" lon="-111.493651717"><ele>1754</ele>
        <time>2020-03-21T21:34:00Z</time>
      </trkpt>
      <trkpt lat="34.10084515" lon="-111.493607733"><ele>1752</ele>
        <time>2020-03-21T21:34:04Z</time>
      </trkpt>
      <trkpt lat="34.100789233" lon="-111.493605117"><ele>1751</ele>
        <time>2020-03-21T21:34:08Z</time>
      </trkpt>
      <trkpt lat="34.100673467" lon="-111.493554833"><ele>1749</ele>
        <time>2020-03-21T21:34:16Z</time>
      </trkpt>
      <trkpt lat="34.1005405" lon="-111.493462617"><ele>1747</ele>
        <time>2020-03-21T21:34:28Z</time>
      </trkpt>
      <trkpt lat="34.100509767" lon="-111.493459033"><ele>1747</ele>
        <time>2020-03-21T21:34:30Z</time>
      </trkpt>
      <trkpt lat="34.100498083" lon="-111.493498683"><ele>1747</ele>
        <time>2020-03-21T21:34:32Z</time>
      </trkpt>
      <trkpt lat="34.1005115" lon="-111.493538667"><ele>1747</ele>
        <time>2020-03-21T21:34:34Z</time>
      </trkpt>
      <trkpt lat="34.100558683" lon="-111.49357865"><ele>1747</ele>
        <time>2020-03-21T21:34:37Z</time>
      </trkpt>
      <trkpt lat="34.100640767" lon="-111.49378835"><ele>1746</ele>
        <time>2020-03-21T21:34:51Z</time>
      </trkpt>
      <trkpt lat="34.10065415" lon="-111.4938468"><ele>1747</ele>
        <time>2020-03-21T21:34:55Z</time>
      </trkpt>
      <trkpt lat="34.10069715" lon="-111.493921417"><ele>1745</ele>
        <time>2020-03-21T21:35:01Z</time>
      </trkpt>
      <trkpt lat="34.100701417" lon="-111.493955"><ele>1746</ele>
        <time>2020-03-21T21:35:04Z</time>
      </trkpt>
      <trkpt lat="34.1007398" lon="-111.49399925"><ele>1745</ele>
        <time>2020-03-21T21:35:09Z</time>
      </trkpt>
      <trkpt lat="34.100744733" lon="-111.494042517"><ele>1745</ele>
        <time>2020-03-21T21:35:13Z</time>
      </trkpt>
      <trkpt lat="34.100792783" lon="-111.4941271"><ele>1744</ele>
        <time>2020-03-21T21:35:19Z</time>
      </trkpt>
      <trkpt lat="34.100779267" lon="-111.494152567"><ele>1744</ele>
        <time>2020-03-21T21:35:23Z</time>
      </trkpt>
      <trkpt lat="34.1007044" lon="-111.49407265"><ele>1743</ele>
        <time>2020-03-21T21:35:32Z</time>
      </trkpt>
      <trkpt lat="34.100672883" lon="-111.494058667"><ele>1742</ele>
        <time>2020-03-21T21:35:35Z</time>
      </trkpt>
      <trkpt lat="34.10062785" lon="-111.494020617"><ele>1740</ele>
        <time>2020-03-21T21:35:39Z</time>
      </trkpt>
      <trkpt lat="34.1005471" lon="-111.493982417"><ele>1739</ele>
        <time>2020-03-21T21:35:45Z</time>
      </trkpt>
      <trkpt lat="34.100488933" lon="-111.493970167"><ele>1738</ele>
        <time>2020-03-21T21:35:49Z</time>
      </trkpt>
      <trkpt lat="34.1003738" lon="-111.4938609"><ele>1733</ele>
        <time>2020-03-21T21:36:02Z</time>
      </trkpt>
      <trkpt lat="34.100361" lon="-111.4938318"><ele>1733</ele>
        <time>2020-03-21T21:36:04Z</time>
      </trkpt>
      <trkpt lat="34.100310717" lon="-111.493796917"><ele>1732</ele>
        <time>2020-03-21T21:36:09Z</time>
      </trkpt>
      <trkpt lat="34.100241167" lon="-111.493729583"><ele>1729</ele>
        <time>2020-03-21T21:36:21Z</time>
      </trkpt>
      <trkpt lat="34.100231067" lon="-111.493697517"><ele>1728</ele>
        <time>2020-03-21T21:36:25Z</time>
      </trkpt>
      <trkpt lat="34.10014265" lon="-111.493577833"><ele>1728</ele>
        <time>2020-03-21T21:36:45Z</time>
      </trkpt>
      <trkpt lat="34.100066633" lon="-111.493558217"><ele>1728</ele>
        <time>2020-03-21T21:36:56Z</time>
      </trkpt>
      <trkpt lat="34.10003675" lon="-111.493540367"><ele>1727</ele>
        <time>2020-03-21T21:36:59Z</time>
      </trkpt>
      <trkpt lat="34.099992317" lon="-111.493558533"><ele>1728</ele>
        <time>2020-03-21T21:37:03Z</time>
      </trkpt>
      <trkpt lat="34.099827767" lon="-111.493851183"><ele>1737</ele>
        <time>2020-03-21T21:37:23Z</time>
      </trkpt>
      <trkpt lat="34.099790667" lon="-111.49403325"><ele>1737</ele>
        <time>2020-03-21T21:37:36Z</time>
      </trkpt>
      <trkpt lat="34.0998014" lon="-111.494137467"><ele>1736</ele>
        <time>2020-03-21T21:37:42Z</time>
      </trkpt>
      <trkpt lat="34.099775783" lon="-111.494197967"><ele>1735</ele>
        <time>2020-03-21T21:37:46Z</time>
      </trkpt>
      <trkpt lat="34.0997627" lon="-111.494223583"><ele>1736</ele>
        <time>2020-03-21T21:37:48Z</time>
      </trkpt>
      <trkpt lat="34.099677883" lon="-111.494274533"><ele>1737</ele>
        <time>2020-03-21T21:37:56Z</time>
      </trkpt>
      <trkpt lat="34.0996157" lon="-111.494395267"><ele>1738</ele>
        <time>2020-03-21T21:38:04Z</time>
      </trkpt>
      <trkpt lat="34.099589217" lon="-111.494422617"><ele>1738</ele>
        <time>2020-03-21T21:38:06Z</time>
      </trkpt>
      <trkpt lat="34.09955" lon="-111.4944939"><ele>1739</ele>
        <time>2020-03-21T21:38:10Z</time>
      </trkpt>
      <trkpt lat="34.09952285" lon="-111.494511"><ele>1739</ele>
        <time>2020-03-21T21:38:12Z</time>
      </trkpt>
      <trkpt lat="34.099500133" lon="-111.494571783"><ele>1739</ele>
        <time>2020-03-21T21:38:16Z</time>
      </trkpt>
      <trkpt lat="34.099424483" lon="-111.494641017"><ele>1739</ele>
        <time>2020-03-21T21:38:24Z</time>
      </trkpt>
      <trkpt lat="34.099319767" lon="-111.494778983"><ele>1738</ele>
        <time>2020-03-21T21:38:34Z</time>
      </trkpt>
      <trkpt lat="34.099231117" lon="-111.49486155"><ele>1738</ele>
        <time>2020-03-21T21:38:42Z</time>
      </trkpt>
      <trkpt lat="34.099142533" lon="-111.49490215"><ele>1736</ele>
        <time>2020-03-21T21:38:47Z</time>
      </trkpt>
      <trkpt lat="34.099091717" lon="-111.494908867"><ele>1736</ele>
        <time>2020-03-21T21:38:51Z</time>
      </trkpt>
      <trkpt lat="34.099015267" lon="-111.4949017"><ele>1734</ele>
        <time>2020-03-21T21:38:57Z</time>
      </trkpt>
      <trkpt lat="34.09886285" lon="-111.494957467"><ele>1735</ele>
        <time>2020-03-21T21:39:08Z</time>
      </trkpt>
      <trkpt lat="34.098829" lon="-111.494991333"><ele>1735</ele>
        <time>2020-03-21T21:39:11Z</time>
      </trkpt>
      <trkpt lat="34.098791233" lon="-111.495064183"><ele>1735</ele>
        <time>2020-03-21T21:39:15Z</time>
      </trkpt>
      <trkpt lat="34.0987615" lon="-111.49515945"><ele>1735</ele>
        <time>2020-03-21T21:39:21Z</time>
      </trkpt>
      <trkpt lat="34.098777117" lon="-111.495235833"><ele>1735</ele>
        <time>2020-03-21T21:39:25Z</time>
      </trkpt>
      <trkpt lat="34.098760517" lon="-111.49534525"><ele>1735</ele>
        <time>2020-03-21T21:39:31Z</time>
      </trkpt>
      <trkpt lat="34.098763083" lon="-111.495426983"><ele>1735</ele>
        <time>2020-03-21T21:39:35Z</time>
      </trkpt>
      <trkpt lat="34.098753933" lon="-111.49549415"><ele>1735</ele>
        <time>2020-03-21T21:39:39Z</time>
      </trkpt>
      <trkpt lat="34.09872735" lon="-111.4955755"><ele>1736</ele>
        <time>2020-03-21T21:39:45Z</time>
      </trkpt>
      <trkpt lat="34.098738" lon="-111.495769033"><ele>1736</ele>
        <time>2020-03-21T21:39:55Z</time>
      </trkpt>
      <trkpt lat="34.0987225" lon="-111.495885283"><ele>1736</ele>
        <time>2020-03-21T21:40:02Z</time>
      </trkpt>
      <trkpt lat="34.098739667" lon="-111.496012817"><ele>1736</ele>
        <time>2020-03-21T21:40:08Z</time>
      </trkpt>
      <trkpt lat="34.098713617" lon="-111.496154333"><ele>1737</ele>
        <time>2020-03-21T21:40:16Z</time>
      </trkpt>
      <trkpt lat="34.09866165" lon="-111.49628555"><ele>1741</ele>
        <time>2020-03-21T21:40:25Z</time>
      </trkpt>
      <trkpt lat="34.0985721" lon="-111.496420467"><ele>1743</ele>
        <time>2020-03-21T21:40:35Z</time>
      </trkpt>
      <trkpt lat="34.098476933" lon="-111.496513617"><ele>1743</ele>
        <time>2020-03-21T21:40:43Z</time>
      </trkpt>
      <trkpt lat="34.0983297" lon="-111.496595283"><ele>1742</ele>
        <time>2020-03-21T21:40:53Z</time>
      </trkpt>
      <trkpt lat="34.098115817" lon="-111.49679085"><ele>1739</ele>
        <time>2020-03-21T21:41:09Z</time>
      </trkpt>
      <trkpt lat="34.098048683" lon="-111.496818933"><ele>1739</ele>
        <time>2020-03-21T21:41:13Z</time>
      </trkpt>
      <trkpt lat="34.097992217" lon="-111.4968276"><ele>1739</ele>
        <time>2020-03-21T21:41:17Z</time>
      </trkpt>
      <trkpt lat="34.097878433" lon="-111.4968894"><ele>1739</ele>
        <time>2020-03-21T21:41:25Z</time>
      </trkpt>
      <trkpt lat="34.097817233" lon="-111.496898017"><ele>1738</ele>
        <time>2020-03-21T21:41:29Z</time>
      </trkpt>
      <trkpt lat="34.0977635" lon="-111.496936817"><ele>1737</ele>
        <time>2020-03-21T21:41:33Z</time>
      </trkpt>
      <trkpt lat="34.097687017" lon="-111.496962883"><ele>1736</ele>
        <time>2020-03-21T21:41:37Z</time>
      </trkpt>
      <trkpt lat="34.0976013" lon="-111.4970137"><ele>1736</ele>
        <time>2020-03-21T21:41:43Z</time>
      </trkpt>
      <trkpt lat="34.097542233" lon="-111.497017183"><ele>1736</ele>
        <time>2020-03-21T21:41:48Z</time>
      </trkpt>
      <trkpt lat="34.097389817" lon="-111.49709665"><ele>1737</ele>
        <time>2020-03-21T21:41:58Z</time>
      </trkpt>
      <trkpt lat="34.097276717" lon="-111.497138233"><ele>1737</ele>
        <time>2020-03-21T21:42:06Z</time>
      </trkpt>
      <trkpt lat="34.097195117" lon="-111.497157117"><ele>1736</ele>
        <time>2020-03-21T21:42:12Z</time>
      </trkpt>
      <trkpt lat="34.0969812" lon="-111.497264367"><ele>1735</ele>
        <time>2020-03-21T21:42:46Z</time>
      </trkpt>
      <trkpt lat="34.096890917" lon="-111.49727275"><ele>1733</ele>
        <time>2020-03-21T21:42:52Z</time>
      </trkpt>
      <trkpt lat="34.0968557" lon="-111.497287733"><ele>1732</ele>
        <time>2020-03-21T21:42:54Z</time>
      </trkpt>
      <trkpt lat="34.096732167" lon="-111.49727525"><ele>1731</ele>
        <time>2020-03-21T21:43:02Z</time>
      </trkpt>
      <trkpt lat="34.0966275" lon="-111.497215283"><ele>1729</ele>
        <time>2020-03-21T21:43:10Z</time>
      </trkpt>
      <trkpt lat="34.096598383" lon="-111.49721045"><ele>1729</ele>
        <time>2020-03-21T21:43:12Z</time>
      </trkpt>
      <trkpt lat="34.096510383" lon="-111.497255633"><ele>1729</ele>
        <time>2020-03-21T21:43:16Z</time>
      </trkpt>
      <trkpt lat="34.096473483" lon="-111.497356383"><ele>1730</ele>
        <time>2020-03-21T21:43:22Z</time>
      </trkpt>
      <trkpt lat="34.096408333" lon="-111.497403333"><ele>1731</ele>
        <time>2020-03-21T21:43:28Z</time>
      </trkpt>
      <trkpt lat="34.096349483" lon="-111.497396633"><ele>1731</ele>
        <time>2020-03-21T21:43:33Z</time>
      </trkpt>
      <trkpt lat="34.0962681" lon="-111.497409083"><ele>1730</ele>
        <time>2020-03-21T21:43:39Z</time>
      </trkpt>
      <trkpt lat="34.095900783" lon="-111.497620167"><ele>1730</ele>
        <time>2020-03-21T21:44:07Z</time>
      </trkpt>
      <trkpt lat="34.09584795" lon="-111.497630833"><ele>1730</ele>
        <time>2020-03-21T21:44:11Z</time>
      </trkpt>
      <trkpt lat="34.095735367" lon="-111.497690733"><ele>1729</ele>
        <time>2020-03-21T21:44:19Z</time>
      </trkpt>
      <trkpt lat="34.095595217" lon="-111.49773115"><ele>1727</ele>
        <time>2020-03-21T21:44:29Z</time>
      </trkpt>
      <trkpt lat="34.095329167" lon="-111.497831767"><ele>1725</ele>
        <time>2020-03-21T21:44:49Z</time>
      </trkpt>
      <trkpt lat="34.095256367" lon="-111.497877283"><ele>1725</ele>
        <time>2020-03-21T21:44:55Z</time>
      </trkpt>
      <trkpt lat="34.0951791" lon="-111.497908533"><ele>1724</ele>
        <time>2020-03-21T21:45:16Z</time>
      </trkpt>
      <trkpt lat="34.0950772" lon="-111.49792505"><ele>1723</ele>
        <time>2020-03-21T21:45:22Z</time>
      </trkpt>
      <trkpt lat="34.094885317" lon="-111.497916217"><ele>1723</ele>
        <time>2020-03-21T21:45:37Z</time>
      </trkpt>
      <trkpt lat="34.0947491" lon="-111.497945233"><ele>1722</ele>
        <time>2020-03-21T21:45:45Z</time>
      </trkpt>
      <trkpt lat="34.094666633" lon="-111.497945333"><ele>1722</ele>
        <time>2020-03-21T21:45:51Z</time>
      </trkpt>
      <trkpt lat="34.09456765" lon="-111.4979633"><ele>1721</ele>
        <time>2020-03-21T21:45:57Z</time>
      </trkpt>
      <trkpt lat="34.094513317" lon="-111.49795215"><ele>1721</ele>
        <time>2020-03-21T21:46:01Z</time>
      </trkpt>
      <trkpt lat="34.094450583" lon="-111.497963617"><ele>1720</ele>
        <time>2020-03-21T21:46:05Z</time>
      </trkpt>
      <trkpt lat="34.094383817" lon="-111.4979261"><ele>1719</ele>
        <time>2020-03-21T21:46:11Z</time>
      </trkpt>
      <trkpt lat="34.094367967" lon="-111.4979069"><ele>1718</ele>
        <time>2020-03-21T21:46:13Z</time>
      </trkpt>
      <trkpt lat="34.094325467" lon="-111.497774067"><ele>1718</ele>
        <time>2020-03-21T21:46:21Z</time>
      </trkpt>
      <trkpt lat="34.094245667" lon="-111.497649133"><ele>1718</ele>
        <time>2020-03-21T21:46:29Z</time>
      </trkpt>
      <trkpt lat="34.0941724" lon="-111.49748"><ele>1719</ele>
        <time>2020-03-21T21:46:39Z</time>
      </trkpt>
      <trkpt lat="34.094044967" lon="-111.497335167"><ele>1717</ele>
        <time>2020-03-21T21:46:51Z</time>
      </trkpt>
      <trkpt lat="34.094010683" lon="-111.497320367"><ele>1717</ele>
        <time>2020-03-21T21:46:53Z</time>
      </trkpt>
      <trkpt lat="34.0939595" lon="-111.497272483"><ele>1717</ele>
        <time>2020-03-21T21:46:57Z</time>
      </trkpt>
      <trkpt lat="34.09378755" lon="-111.497165267"><ele>1715</ele>
        <time>2020-03-21T21:47:09Z</time>
      </trkpt>
      <trkpt lat="34.0936642" lon="-111.497109517"><ele>1714</ele>
        <time>2020-03-21T21:47:17Z</time>
      </trkpt>
      <trkpt lat="34.093578917" lon="-111.497099083"><ele>1714</ele>
        <time>2020-03-21T21:47:21Z</time>
      </trkpt>
      <trkpt lat="34.09351965" lon="-111.497070967"><ele>1713</ele>
        <time>2020-03-21T21:47:26Z</time>
      </trkpt>
      <trkpt lat="34.093334067" lon="-111.49692335"><ele>1711</ele>
        <time>2020-03-21T21:47:42Z</time>
      </trkpt>
      <trkpt lat="34.09324675" lon="-111.496880167"><ele>1711</ele>
        <time>2020-03-21T21:47:48Z</time>
      </trkpt>
      <trkpt lat="34.093150017" lon="-111.496798617"><ele>1711</ele>
        <time>2020-03-21T21:47:56Z</time>
      </trkpt>
      <trkpt lat="34.093113667" lon="-111.496750117"><ele>1712</ele>
        <time>2020-03-21T21:48:00Z</time>
      </trkpt>
      <trkpt lat="34.093081617" lon="-111.496733983"><ele>1712</ele>
        <time>2020-03-21T21:49:55Z</time>
      </trkpt>
      <trkpt lat="34.093027083" lon="-111.496667733"><ele>1711</ele>
        <time>2020-03-21T21:50:01Z</time>
      </trkpt>
      <trkpt lat="34.092998717" lon="-111.4965685"><ele>1712</ele>
        <time>2020-03-21T21:50:07Z</time>
      </trkpt>
      <trkpt lat="34.092938183" lon="-111.49648015"><ele>1712</ele>
        <time>2020-03-21T21:50:13Z</time>
      </trkpt>
      <trkpt lat="34.092894983" lon="-111.496302433"><ele>1714</ele>
        <time>2020-03-21T21:50:23Z</time>
      </trkpt>
      <trkpt lat="34.092856583" lon="-111.496041883"><ele>1716</ele>
        <time>2020-03-21T21:50:37Z</time>
      </trkpt>
      <trkpt lat="34.0928362" lon="-111.495974467"><ele>1715</ele>
        <time>2020-03-21T21:50:41Z</time>
      </trkpt>
      <trkpt lat="34.0928347" lon="-111.495859417"><ele>1715</ele>
        <time>2020-03-21T21:50:47Z</time>
      </trkpt>
      <trkpt lat="34.092802217" lon="-111.495660717"><ele>1713</ele>
        <time>2020-03-21T21:50:57Z</time>
      </trkpt>
      <trkpt lat="34.092815417" lon="-111.49558775"><ele>1713</ele>
        <time>2020-03-21T21:51:01Z</time>
      </trkpt>
      <trkpt lat="34.092809767" lon="-111.49548035"><ele>1714</ele>
        <time>2020-03-21T21:51:07Z</time>
      </trkpt>
      <trkpt lat="34.092792783" lon="-111.495419817"><ele>1714</ele>
        <time>2020-03-21T21:51:11Z</time>
      </trkpt>
      <trkpt lat="34.092755483" lon="-111.49537325"><ele>1714</ele>
        <time>2020-03-21T21:51:15Z</time>
      </trkpt>
      <trkpt lat="34.092736683" lon="-111.495324267"><ele>1714</ele>
        <time>2020-03-21T21:51:21Z</time>
      </trkpt>
      <trkpt lat="34.0926931" lon="-111.495284867"><ele>1714</ele>
        <time>2020-03-21T21:51:26Z</time>
      </trkpt>
      <trkpt lat="34.0926621" lon="-111.495235467"><ele>1713</ele>
        <time>2020-03-21T21:51:31Z</time>
      </trkpt>
      <trkpt lat="34.092556733" lon="-111.495162617"><ele>1712</ele>
        <time>2020-03-21T21:51:39Z</time>
      </trkpt>
      <trkpt lat="34.0924732" lon="-111.4951916"><ele>1715</ele>
        <time>2020-03-21T21:51:50Z</time>
      </trkpt>
      <trkpt lat="34.092423917" lon="-111.495288033"><ele>1716</ele>
        <time>2020-03-21T21:51:56Z</time>
      </trkpt>
      <trkpt lat="34.09239005" lon="-111.495333867"><ele>1718</ele>
        <time>2020-03-21T21:52:00Z</time>
      </trkpt>
      <trkpt lat="34.092313467" lon="-111.49538925"><ele>1719</ele>
        <time>2020-03-21T21:52:07Z</time>
      </trkpt>
      <trkpt lat="34.092270933" lon="-111.495435417"><ele>1719</ele>
        <time>2020-03-21T21:52:11Z</time>
      </trkpt>
      <trkpt lat="34.092190267" lon="-111.495474567"><ele>1720</ele>
        <time>2020-03-21T21:52:17Z</time>
      </trkpt>
      <trkpt lat="34.092149017" lon="-111.4955292"><ele>1721</ele>
        <time>2020-03-21T21:52:21Z</time>
      </trkpt>
      <trkpt lat="34.0920697" lon="-111.495588017"><ele>1722</ele>
        <time>2020-03-21T21:52:27Z</time>
      </trkpt>
      <trkpt lat="34.091965767" lon="-111.49571355"><ele>1725</ele>
        <time>2020-03-21T21:52:37Z</time>
      </trkpt>
      <trkpt lat="34.09180815" lon="-111.49580265"><ele>1724</ele>
        <time>2020-03-21T21:52:51Z</time>
      </trkpt>
      <trkpt lat="34.09175055" lon="-111.495846033"><ele>1724</ele>
        <time>2020-03-21T21:52:55Z</time>
      </trkpt>
      <trkpt lat="34.091708117" lon="-111.4959056"><ele>1725</ele>
        <time>2020-03-21T21:52:59Z</time>
      </trkpt>
      <trkpt lat="34.091534983" lon="-111.4960941"><ele>1728</ele>
        <time>2020-03-21T21:53:15Z</time>
      </trkpt>
      <trkpt lat="34.091481617" lon="-111.496126167"><ele>1728</ele>
        <time>2020-03-21T21:53:19Z</time>
      </trkpt>
      <trkpt lat="34.09135055" lon="-111.4962388"><ele>1729</ele>
        <time>2020-03-21T21:53:31Z</time>
      </trkpt>
      <trkpt lat="34.091261283" lon="-111.496371467"><ele>1731</ele>
        <time>2020-03-21T21:53:41Z</time>
      </trkpt>
      <trkpt lat="34.091183667" lon="-111.496530367"><ele>1730</ele>
        <time>2020-03-21T21:53:51Z</time>
      </trkpt>
      <trkpt lat="34.091045767" lon="-111.496725733"><ele>1730</ele>
        <time>2020-03-21T21:54:05Z</time>
      </trkpt>
      <trkpt lat="34.09096955" lon="-111.496810567"><ele>1731</ele>
        <time>2020-03-21T21:54:13Z</time>
      </trkpt>
      <trkpt lat="34.0908661" lon="-111.496870133"><ele>1732</ele>
        <time>2020-03-21T21:54:21Z</time>
      </trkpt>
      <trkpt lat="34.090842017" lon="-111.496873333"><ele>1732</ele>
        <time>2020-03-21T21:54:23Z</time>
      </trkpt>
      <trkpt lat="34.090805183" lon="-111.496854917"><ele>1732</ele>
        <time>2020-03-21T21:54:26Z</time>
      </trkpt>
      <trkpt lat="34.090761983" lon="-111.496774967"><ele>1731</ele>
        <time>2020-03-21T21:54:34Z</time>
      </trkpt>
      <trkpt lat="34.0906958" lon="-111.4967123"><ele>1729</ele>
        <time>2020-03-21T21:54:40Z</time>
      </trkpt>
      <trkpt lat="34.0906808" lon="-111.496682217"><ele>1729</ele>
        <time>2020-03-21T21:54:52Z</time>
      </trkpt>
      <trkpt lat="34.090602117" lon="-111.4965993"><ele>1727</ele>
        <time>2020-03-21T21:55:00Z</time>
      </trkpt>
      <trkpt lat="34.090537867" lon="-111.496547867"><ele>1727</ele>
        <time>2020-03-21T21:55:07Z</time>
      </trkpt>
      <trkpt lat="34.090527517" lon="-111.496513167"><ele>1727</ele>
        <time>2020-03-21T21:55:10Z</time>
      </trkpt>
      <trkpt lat="34.0904637" lon="-111.49643245"><ele>1727</ele>
        <time>2020-03-21T21:55:18Z</time>
      </trkpt>
      <trkpt lat="34.09043285" lon="-111.496377617"><ele>1727</ele>
        <time>2020-03-21T21:55:22Z</time>
      </trkpt>
      <trkpt lat="34.090381167" lon="-111.496333083"><ele>1727</ele>
        <time>2020-03-21T21:55:26Z</time>
      </trkpt>
      <trkpt lat="34.090260217" lon="-111.49619915"><ele>1729</ele>
        <time>2020-03-21T21:55:38Z</time>
      </trkpt>
      <trkpt lat="34.090148367" lon="-111.49611695"><ele>1728</ele>
        <time>2020-03-21T21:55:46Z</time>
      </trkpt>
      <trkpt lat="34.090027133" lon="-111.496067883"><ele>1729</ele>
        <time>2020-03-21T21:55:54Z</time>
      </trkpt>
      <trkpt lat="34.089938767" lon="-111.496045133"><ele>1729</ele>
        <time>2020-03-21T21:56:00Z</time>
      </trkpt>
      <trkpt lat="34.089825083" lon="-111.495964683"><ele>1728</ele>
        <time>2020-03-21T21:56:10Z</time>
      </trkpt>
      <trkpt lat="34.089807833" lon="-111.4959428"><ele>1729</ele>
        <time>2020-03-21T21:56:12Z</time>
      </trkpt>
      <trkpt lat="34.08970255" lon="-111.495882033"><ele>1730</ele>
        <time>2020-03-21T21:56:20Z</time>
      </trkpt>
      <trkpt lat="34.089568817" lon="-111.4958549"><ele>1729</ele>
        <time>2020-03-21T21:56:28Z</time>
      </trkpt>
      <trkpt lat="34.089489517" lon="-111.495809"><ele>1729</ele>
        <time>2020-03-21T21:56:34Z</time>
      </trkpt>
      <trkpt lat="34.089368017" lon="-111.495771217"><ele>1730</ele>
        <time>2020-03-21T21:56:41Z</time>
      </trkpt>
      <trkpt lat="34.089170667" lon="-111.495679417"><ele>1729</ele>
        <time>2020-03-21T21:56:56Z</time>
      </trkpt>
      <trkpt lat="34.089083367" lon="-111.495558417"><ele>1730</ele>
        <time>2020-03-21T21:57:09Z</time>
      </trkpt>
      <trkpt lat="34.089036933" lon="-111.49547365"><ele>1730</ele>
        <time>2020-03-21T21:57:16Z</time>
      </trkpt>
      <trkpt lat="34.088984867" lon="-111.495430983"><ele>1730</ele>
        <time>2020-03-21T21:57:20Z</time>
      </trkpt>
      <trkpt lat="34.088919" lon="-111.4953417"><ele>1731</ele>
        <time>2020-03-21T21:57:28Z</time>
      </trkpt>
      <trkpt lat="34.088869867" lon="-111.495297683"><ele>1731</ele>
        <time>2020-03-21T21:57:32Z</time>
      </trkpt>
      <trkpt lat="34.08882825" lon="-111.495217933"><ele>1731</ele>
        <time>2020-03-21T21:57:38Z</time>
      </trkpt>
      <trkpt lat="34.088811367" lon="-111.495150283"><ele>1732</ele>
        <time>2020-03-21T21:57:43Z</time>
      </trkpt>
      <trkpt lat="34.0887948" lon="-111.495123833"><ele>1732</ele>
        <time>2020-03-21T21:57:45Z</time>
      </trkpt>
      <trkpt lat="34.08862125" lon="-111.494932917"><ele>1733</ele>
        <time>2020-03-21T21:58:02Z</time>
      </trkpt>
      <trkpt lat="34.088588217" lon="-111.494882217"><ele>1734</ele>
        <time>2020-03-21T21:58:06Z</time>
      </trkpt>
      <trkpt lat="34.088523483" lon="-111.494827183"><ele>1734</ele>
        <time>2020-03-21T21:58:12Z</time>
      </trkpt>
      <trkpt lat="34.08841485" lon="-111.494756433"><ele>1733</ele>
        <time>2020-03-21T21:58:20Z</time>
      </trkpt>
      <trkpt lat="34.088361233" lon="-111.494734867"><ele>1733</ele>
        <time>2020-03-21T21:58:24Z</time>
      </trkpt>
      <trkpt lat="34.088300117" lon="-111.494639717"><ele>1733</ele>
        <time>2020-03-21T21:58:32Z</time>
      </trkpt>
      <trkpt lat="34.088219517" lon="-111.494568867"><ele>1732</ele>
        <time>2020-03-21T21:58:39Z</time>
      </trkpt>
      <trkpt lat="34.0881556" lon="-111.4945345"><ele>1732</ele>
        <time>2020-03-21T21:58:43Z</time>
      </trkpt>
      <trkpt lat="34.08812685" lon="-111.494482083"><ele>1732</ele>
        <time>2020-03-21T21:58:47Z</time>
      </trkpt>
      <trkpt lat="34.0880709" lon="-111.49442275"><ele>1732</ele>
        <time>2020-03-21T21:59:36Z</time>
      </trkpt>
      <trkpt lat="34.0880003" lon="-111.49430265"><ele>1733</ele>
        <time>2020-03-21T21:59:54Z</time>
      </trkpt>
      <trkpt lat="34.087926867" lon="-111.494237933"><ele>1734</ele>
        <time>2020-03-21T22:00:00Z</time>
      </trkpt>
      <trkpt lat="34.0878957" lon="-111.494184217"><ele>1733</ele>
        <time>2020-03-21T22:00:04Z</time>
      </trkpt>
      <trkpt lat="34.087719683" lon="-111.494007583"><ele>1732</ele>
        <time>2020-03-21T22:00:21Z</time>
      </trkpt>
      <trkpt lat="34.087600917" lon="-111.493923717"><ele>1731</ele>
        <time>2020-03-21T22:00:31Z</time>
      </trkpt>
      <trkpt lat="34.08755455" lon="-111.493877983"><ele>1731</ele>
        <time>2020-03-21T22:00:43Z</time>
      </trkpt>
      <trkpt lat="34.087525817" lon="-111.49386525"><ele>1730</ele>
        <time>2020-03-21T22:00:45Z</time>
      </trkpt>
      <trkpt lat="34.0873957" lon="-111.493730467"><ele>1729</ele>
        <time>2020-03-21T22:00:58Z</time>
      </trkpt>
      <trkpt lat="34.0872886" lon="-111.49366665"><ele>1729</ele>
        <time>2020-03-21T22:01:06Z</time>
      </trkpt>
      <trkpt lat="34.087187233" lon="-111.493625033"><ele>1728</ele>
        <time>2020-03-21T22:01:14Z</time>
      </trkpt>
      <trkpt lat="34.087004" lon="-111.49344575"><ele>1728</ele>
        <time>2020-03-21T22:01:33Z</time>
      </trkpt>
      <trkpt lat="34.086999533" lon="-111.493416467"><ele>1727</ele>
        <time>2020-03-21T22:01:35Z</time>
      </trkpt>
      <trkpt lat="34.086959617" lon="-111.493378"><ele>1728</ele>
        <time>2020-03-21T22:01:39Z</time>
      </trkpt>
      <trkpt lat="34.086814517" lon="-111.493303717"><ele>1727</ele>
        <time>2020-03-21T22:01:49Z</time>
      </trkpt>
      <trkpt lat="34.086798383" lon="-111.493283617"><ele>1727</ele>
        <time>2020-03-21T22:01:52Z</time>
      </trkpt>
      <trkpt lat="34.086783367" lon="-111.493187917"><ele>1728</ele>
        <time>2020-03-21T22:02:00Z</time>
      </trkpt>
      <trkpt lat="34.086754367" lon="-111.49312305"><ele>1730</ele>
        <time>2020-03-21T22:02:06Z</time>
      </trkpt>
      <trkpt lat="34.08661245" lon="-111.492909833"><ele>1733</ele>
        <time>2020-03-21T22:02:25Z</time>
      </trkpt>
      <trkpt lat="34.086576583" lon="-111.492833817"><ele>1733</ele>
        <time>2020-03-21T22:02:31Z</time>
      </trkpt>
      <trkpt lat="34.086480033" lon="-111.492717233"><ele>1734</ele>
        <time>2020-03-21T22:02:41Z</time>
      </trkpt>
      <trkpt lat="34.086436" lon="-111.49263645"><ele>1736</ele>
        <time>2020-03-21T22:02:48Z</time>
      </trkpt>
      <trkpt lat="34.086375717" lon="-111.4925576"><ele>1737</ele>
        <time>2020-03-21T22:02:54Z</time>
      </trkpt>
      <trkpt lat="34.086239133" lon="-111.492407183"><ele>1736</ele>
        <time>2020-03-21T22:03:06Z</time>
      </trkpt>
      <trkpt lat="34.086179617" lon="-111.492289683"><ele>1739</ele>
        <time>2020-03-21T22:03:15Z</time>
      </trkpt>
      <trkpt lat="34.086088483" lon="-111.49216305"><ele>1739</ele>
        <time>2020-03-21T22:03:25Z</time>
      </trkpt>
      <trkpt lat="34.086058317" lon="-111.492073067"><ele>1741</ele>
        <time>2020-03-21T22:03:33Z</time>
      </trkpt>
      <trkpt lat="34.086039917" lon="-111.492053533"><ele>1742</ele>
        <time>2020-03-21T22:03:35Z</time>
      </trkpt>
      <trkpt lat="34.086016133" lon="-111.4919985"><ele>1742</ele>
        <time>2020-03-21T22:03:39Z</time>
      </trkpt>
      <trkpt lat="34.08599045" lon="-111.4919757"><ele>1743</ele>
        <time>2020-03-21T22:03:41Z</time>
      </trkpt>
      <trkpt lat="34.08587265" lon="-111.491797667"><ele>1744</ele>
        <time>2020-03-21T22:03:56Z</time>
      </trkpt>
      <trkpt lat="34.085829367" lon="-111.49175105"><ele>1744</ele>
        <time>2020-03-21T22:04:01Z</time>
      </trkpt>
      <trkpt lat="34.085788733" lon="-111.49166475"><ele>1745</ele>
        <time>2020-03-21T22:04:08Z</time>
      </trkpt>
      <trkpt lat="34.085657683" lon="-111.491491417"><ele>1747</ele>
        <time>2020-03-21T22:04:22Z</time>
      </trkpt>
      <trkpt lat="34.085567417" lon="-111.491334067"><ele>1748</ele>
        <time>2020-03-21T22:04:34Z</time>
      </trkpt>
      <trkpt lat="34.08554215" lon="-111.491305467"><ele>1747</ele>
        <time>2020-03-21T22:04:50Z</time>
      </trkpt>
      <trkpt lat="34.085435683" lon="-111.490835067"><ele>1756</ele>
        <time>2020-03-21T22:05:24Z</time>
      </trkpt>
      <trkpt lat="34.085426" lon="-111.49074635"><ele>1758</ele>
        <time>2020-03-21T22:05:30Z</time>
      </trkpt>
      <trkpt lat="34.085399633" lon="-111.490685317"><ele>1758</ele>
        <time>2020-03-21T22:05:34Z</time>
      </trkpt>
      <trkpt lat="34.085404" lon="-111.490408483"><ele>1764</ele>
        <time>2020-03-21T22:05:53Z</time>
      </trkpt>
      <trkpt lat="34.08539455" lon="-111.490299867"><ele>1766</ele>
        <time>2020-03-21T22:06:01Z</time>
      </trkpt>
      <trkpt lat="34.085404667" lon="-111.490244967"><ele>1767</ele>
        <time>2020-03-21T22:06:05Z</time>
      </trkpt>
      <trkpt lat="34.08539795" lon="-111.490121367"><ele>1768</ele>
        <time>2020-03-21T22:06:14Z</time>
      </trkpt>
      <trkpt lat="34.08540635" lon="-111.490027833"><ele>1768</ele>
        <time>2020-03-21T22:06:21Z</time>
      </trkpt>
      <trkpt lat="34.085426733" lon="-111.4899581"><ele>1769</ele>
        <time>2020-03-21T22:06:27Z</time>
      </trkpt>
      <trkpt lat="34.085455083" lon="-111.489608617"><ele>1772</ele>
        <time>2020-03-21T22:06:51Z</time>
      </trkpt>
      <trkpt lat="34.0854961" lon="-111.489465083"><ele>1773</ele>
        <time>2020-03-21T22:07:02Z</time>
      </trkpt>
      <trkpt lat="34.085519533" lon="-111.489322267"><ele>1775</ele>
        <time>2020-03-21T22:07:12Z</time>
      </trkpt>
      <trkpt lat="34.085520367" lon="-111.489256867"><ele>1775</ele>
        <time>2020-03-21T22:07:16Z</time>
      </trkpt>
      <trkpt lat="34.085483367" lon="-111.4891063"><ele>1777</ele>
        <time>2020-03-21T22:07:27Z</time>
      </trkpt>
      <trkpt lat="34.085478617" lon="-111.489013267"><ele>1778</ele>
        <time>2020-03-21T22:07:34Z</time>
      </trkpt>
      <trkpt lat="34.08543365" lon="-111.4887998"><ele>1781</ele>
        <time>2020-03-21T22:07:49Z</time>
      </trkpt>
      <trkpt lat="34.08543575" lon="-111.48875705"><ele>1782</ele>
        <time>2020-03-21T22:07:53Z</time>
      </trkpt>
      <trkpt lat="34.0854019" lon="-111.488623683"><ele>1785</ele>
        <time>2020-03-21T22:08:01Z</time>
      </trkpt>
      <trkpt lat="34.085330533" lon="-111.488430283"><ele>1784</ele>
        <time>2020-03-21T22:08:13Z</time>
      </trkpt>
      <trkpt lat="34.08529765" lon="-111.488369133"><ele>1784</ele>
        <time>2020-03-21T22:08:17Z</time>
      </trkpt>
      <trkpt lat="34.085294933" lon="-111.488311883"><ele>1785</ele>
        <time>2020-03-21T22:08:21Z</time>
      </trkpt>
      <trkpt lat="34.08523515" lon="-111.488232133"><ele>1784</ele>
        <time>2020-03-21T22:12:08Z</time>
      </trkpt>
      <trkpt lat="34.08517255" lon="-111.48822025"><ele>1783</ele>
        <time>2020-03-21T22:12:15Z</time>
      </trkpt>
      <trkpt lat="34.08519985" lon="-111.488276133"><ele>1780</ele>
        <time>2020-03-21T22:13:51Z</time>
      </trkpt>
      <trkpt lat="34.0852545" lon="-111.488288433"><ele>1782</ele>
        <time>2020-03-21T22:13:58Z</time>
      </trkpt>
      <trkpt lat="34.085276683" lon="-111.488266617"><ele>1782</ele>
        <time>2020-03-21T22:14:00Z</time>
      </trkpt>
      <trkpt lat="34.08531195" lon="-111.488172233"><ele>1784</ele>
        <time>2020-03-21T22:14:06Z</time>
      </trkpt>
      <trkpt lat="34.085328933" lon="-111.487989733"><ele>1786</ele>
        <time>2020-03-21T22:14:16Z</time>
      </trkpt>
      <trkpt lat="34.085349367" lon="-111.487892983"><ele>1787</ele>
        <time>2020-03-21T22:14:24Z</time>
      </trkpt>
      <trkpt lat="34.0854388" lon="-111.487832117"><ele>1788</ele>
        <time>2020-03-21T22:14:34Z</time>
      </trkpt>
      <trkpt lat="34.085541667" lon="-111.487785517"><ele>1791</ele>
        <time>2020-03-21T22:14:42Z</time>
      </trkpt>
      <trkpt lat="34.085708267" lon="-111.4876307"><ele>1791</ele>
        <time>2020-03-21T22:14:57Z</time>
      </trkpt>
      <trkpt lat="34.08579095" lon="-111.48752655"><ele>1792</ele>
        <time>2020-03-21T22:15:06Z</time>
      </trkpt>
      <trkpt lat="34.085890683" lon="-111.487292633"><ele>1791</ele>
        <time>2020-03-21T22:15:20Z</time>
      </trkpt>
      <trkpt lat="34.085935833" lon="-111.487111"><ele>1790</ele>
        <time>2020-03-21T22:15:32Z</time>
      </trkpt>
      <trkpt lat="34.085968033" lon="-111.487065633"><ele>1789</ele>
        <time>2020-03-21T22:15:36Z</time>
      </trkpt>
      <trkpt lat="34.0860027" lon="-111.486977267"><ele>1789</ele>
        <time>2020-03-21T22:15:42Z</time>
      </trkpt>
      <trkpt lat="34.0860401" lon="-111.486919717"><ele>1789</ele>
        <time>2020-03-21T22:15:46Z</time>
      </trkpt>
      <trkpt lat="34.0860613" lon="-111.486853833"><ele>1790</ele>
        <time>2020-03-21T22:15:50Z</time>
      </trkpt>
      <trkpt lat="34.0860751" lon="-111.486779917"><ele>1789</ele>
        <time>2020-03-21T22:15:54Z</time>
      </trkpt>
      <trkpt lat="34.0860699" lon="-111.486637583"><ele>1789</ele>
        <time>2020-03-21T22:16:00Z</time>
      </trkpt>
      <trkpt lat="34.086093367" lon="-111.486573783"><ele>1789</ele>
        <time>2020-03-21T22:16:04Z</time>
      </trkpt>
      <trkpt lat="34.086117633" lon="-111.486394733"><ele>1788</ele>
        <time>2020-03-21T22:16:15Z</time>
      </trkpt>
      <trkpt lat="34.086152" lon="-111.48630655"><ele>1787</ele>
        <time>2020-03-21T22:16:21Z</time>
      </trkpt>
      <trkpt lat="34.08615195" lon="-111.486063833"><ele>1784</ele>
        <time>2020-03-21T22:16:36Z</time>
      </trkpt>
      <trkpt lat="34.08615985" lon="-111.486024067"><ele>1784</ele>
        <time>2020-03-21T22:16:39Z</time>
      </trkpt>
      <trkpt lat="34.0861423" lon="-111.485935633"><ele>1784</ele>
        <time>2020-03-21T22:16:45Z</time>
      </trkpt>
      <trkpt lat="34.08612655" lon="-111.4859121"><ele>1784</ele>
        <time>2020-03-21T22:16:47Z</time>
      </trkpt>
      <trkpt lat="34.0861013" lon="-111.48582075"><ele>1784</ele>
        <time>2020-03-21T22:16:53Z</time>
      </trkpt>
      <trkpt lat="34.08606195" lon="-111.485769633"><ele>1784</ele>
        <time>2020-03-21T22:16:57Z</time>
      </trkpt>
      <trkpt lat="34.0859829" lon="-111.485626783"><ele>1783</ele>
        <time>2020-03-21T22:17:07Z</time>
      </trkpt>
      <trkpt lat="34.085951967" lon="-111.48552605"><ele>1784</ele>
        <time>2020-03-21T22:17:13Z</time>
      </trkpt>
      <trkpt lat="34.0859071" lon="-111.485431283"><ele>1785</ele>
        <time>2020-03-21T22:17:20Z</time>
      </trkpt>
      <trkpt lat="34.085898833" lon="-111.485296683"><ele>1786</ele>
        <time>2020-03-21T22:17:28Z</time>
      </trkpt>
      <trkpt lat="34.085872433" lon="-111.48527775"><ele>1787</ele>
        <time>2020-03-21T22:17:30Z</time>
      </trkpt>
      <trkpt lat="34.085815167" lon="-111.485261883"><ele>1787</ele>
        <time>2020-03-21T22:17:33Z</time>
      </trkpt>
      <trkpt lat="34.085750117" lon="-111.485208683"><ele>1787</ele>
        <time>2020-03-21T22:17:39Z</time>
      </trkpt>
      <trkpt lat="34.085690817" lon="-111.4851841"><ele>1787</ele>
        <time>2020-03-21T22:17:43Z</time>
      </trkpt>
      <trkpt lat="34.085582317" lon="-111.48511725"><ele>1787</ele>
        <time>2020-03-21T22:17:52Z</time>
      </trkpt>
      <trkpt lat="34.085544083" lon="-111.4850623"><ele>1787</ele>
        <time>2020-03-21T22:17:57Z</time>
      </trkpt>
      <trkpt lat="34.085520317" lon="-111.484998633"><ele>1789</ele>
        <time>2020-03-21T22:18:03Z</time>
      </trkpt>
      <trkpt lat="34.08551695" lon="-111.484960833"><ele>1789</ele>
        <time>2020-03-21T22:18:06Z</time>
      </trkpt>
      <trkpt lat="34.085439917" lon="-111.48482325"><ele>1791</ele>
        <time>2020-03-21T22:18:17Z</time>
      </trkpt>
      <trkpt lat="34.085424767" lon="-111.4847653"><ele>1791</ele>
        <time>2020-03-21T22:18:21Z</time>
      </trkpt>
      <trkpt lat="34.085385467" lon="-111.484682133"><ele>1791</ele>
        <time>2020-03-21T22:18:27Z</time>
      </trkpt>
      <trkpt lat="34.0853457" lon="-111.4845195"><ele>1795</ele>
        <time>2020-03-21T22:18:39Z</time>
      </trkpt>
      <trkpt lat="34.085331283" lon="-111.484496083"><ele>1794</ele>
        <time>2020-03-21T22:18:42Z</time>
      </trkpt>
      <trkpt lat="34.085345583" lon="-111.484437667"><ele>1794</ele>
        <time>2020-03-21T22:18:49Z</time>
      </trkpt>
      <trkpt lat="34.0853399" lon="-111.484248733"><ele>1795</ele>
        <time>2020-03-21T22:19:02Z</time>
      </trkpt>
      <trkpt lat="34.085346533" lon="-111.484190233"><ele>1795</ele>
        <time>2020-03-21T22:19:06Z</time>
      </trkpt>
      <trkpt lat="34.08533055" lon="-111.484106117"><ele>1795</ele>
        <time>2020-03-21T22:19:12Z</time>
      </trkpt>
      <trkpt lat="34.085327983" lon="-111.4838963"><ele>1797</ele>
        <time>2020-03-21T22:19:26Z</time>
      </trkpt>
      <trkpt lat="34.085294583" lon="-111.48376065"><ele>1797</ele>
        <time>2020-03-21T22:19:35Z</time>
      </trkpt>
      <trkpt lat="34.085302833" lon="-111.483682033"><ele>1798</ele>
        <time>2020-03-21T22:19:39Z</time>
      </trkpt>
      <trkpt lat="34.085265933" lon="-111.48358925"><ele>1798</ele>
        <time>2020-03-21T22:19:46Z</time>
      </trkpt>
      <trkpt lat="34.0852429" lon="-111.48337635"><ele>1799</ele>
        <time>2020-03-21T22:20:00Z</time>
      </trkpt>
      <trkpt lat="34.085228517" lon="-111.483343167"><ele>1799</ele>
        <time>2020-03-21T22:20:04Z</time>
      </trkpt>
      <trkpt lat="34.08522025" lon="-111.48324925"><ele>1800</ele>
        <time>2020-03-21T22:20:10Z</time>
      </trkpt>
      <trkpt lat="34.085232217" lon="-111.483065717"><ele>1800</ele>
        <time>2020-03-21T22:20:22Z</time>
      </trkpt>
      <trkpt lat="34.08527105" lon="-111.4829139"><ele>1800</ele>
        <time>2020-03-21T22:20:33Z</time>
      </trkpt>
      <trkpt lat="34.0852842" lon="-111.482820067"><ele>1800</ele>
        <time>2020-03-21T22:20:40Z</time>
      </trkpt>
      <trkpt lat="34.085381117" lon="-111.48248595"><ele>1804</ele>
        <time>2020-03-21T22:21:06Z</time>
      </trkpt>
      <trkpt lat="34.085482617" lon="-111.482233967"><ele>1806</ele>
        <time>2020-03-21T22:21:26Z</time>
      </trkpt>
      <trkpt lat="34.0854904" lon="-111.48213875"><ele>1807</ele>
        <time>2020-03-21T22:21:32Z</time>
      </trkpt>
      <trkpt lat="34.085516033" lon="-111.482008983"><ele>1806</ele>
        <time>2020-03-21T22:21:41Z</time>
      </trkpt>
      <trkpt lat="34.085543167" lon="-111.481928083"><ele>1808</ele>
        <time>2020-03-21T22:21:48Z</time>
      </trkpt>
      <trkpt lat="34.085569767" lon="-111.4817958"><ele>1808</ele>
        <time>2020-03-21T22:21:56Z</time>
      </trkpt>
      <trkpt lat="34.085598983" lon="-111.481578583"><ele>1808</ele>
        <time>2020-03-21T22:22:11Z</time>
      </trkpt>
      <trkpt lat="34.085618017" lon="-111.481485933"><ele>1809</ele>
        <time>2020-03-21T22:22:17Z</time>
      </trkpt>
      <trkpt lat="34.08564795" lon="-111.4814035"><ele>1810</ele>
        <time>2020-03-21T22:22:23Z</time>
      </trkpt>
      <trkpt lat="34.085676167" lon="-111.48126235"><ele>1811</ele>
        <time>2020-03-21T22:22:34Z</time>
      </trkpt>
      <trkpt lat="34.0857192" lon="-111.481175617"><ele>1812</ele>
        <time>2020-03-21T22:22:41Z</time>
      </trkpt>
      <trkpt lat="34.08573405" lon="-111.48111615"><ele>1812</ele>
        <time>2020-03-21T22:22:45Z</time>
      </trkpt>
      <trkpt lat="34.085762367" lon="-111.481065683"><ele>1813</ele>
        <time>2020-03-21T22:22:49Z</time>
      </trkpt>
      <trkpt lat="34.085814333" lon="-111.480914967"><ele>1814</ele>
        <time>2020-03-21T22:23:01Z</time>
      </trkpt>
      <trkpt lat="34.085877067" lon="-111.480779467"><ele>1816</ele>
        <time>2020-03-21T22:23:11Z</time>
      </trkpt>
      <trkpt lat="34.085915167" lon="-111.480626883"><ele>1818</ele>
        <time>2020-03-21T22:23:21Z</time>
      </trkpt>
      <trkpt lat="34.085935983" lon="-111.480562933"><ele>1818</ele>
        <time>2020-03-21T22:23:25Z</time>
      </trkpt>
      <trkpt lat="34.085968717" lon="-111.48050245"><ele>1818</ele>
        <time>2020-03-21T22:23:30Z</time>
      </trkpt>
      <trkpt lat="34.085995517" lon="-111.480405217"><ele>1818</ele>
        <time>2020-03-21T22:23:37Z</time>
      </trkpt>
      <trkpt lat="34.086154517" lon="-111.4801244"><ele>1821</ele>
        <time>2020-03-21T22:24:01Z</time>
      </trkpt>
      <trkpt lat="34.0862179" lon="-111.4799372"><ele>1821</ele>
        <time>2020-03-21T22:24:13Z</time>
      </trkpt>
      <trkpt lat="34.086249433" lon="-111.479880467"><ele>1821</ele>
        <time>2020-03-21T22:24:17Z</time>
      </trkpt>
      <trkpt lat="34.08626825" lon="-111.479803517"><ele>1821</ele>
        <time>2020-03-21T22:24:21Z</time>
      </trkpt>
      <trkpt lat="34.086309083" lon="-111.479717283"><ele>1821</ele>
        <time>2020-03-21T22:24:27Z</time>
      </trkpt>
      <trkpt lat="34.08633305" lon="-111.47957275"><ele>1820</ele>
        <time>2020-03-21T22:24:36Z</time>
      </trkpt>
      <trkpt lat="34.086370467" lon="-111.479481133"><ele>1821</ele>
        <time>2020-03-21T22:24:43Z</time>
      </trkpt>
      <trkpt lat="34.086388267" lon="-111.479408267"><ele>1822</ele>
        <time>2020-03-21T22:24:48Z</time>
      </trkpt>
      <trkpt lat="34.086390133" lon="-111.479336367"><ele>1822</ele>
        <time>2020-03-21T22:24:52Z</time>
      </trkpt>
      <trkpt lat="34.086415433" lon="-111.4792185"><ele>1821</ele>
        <time>2020-03-21T22:25:00Z</time>
      </trkpt>
      <trkpt lat="34.08640845" lon="-111.479051117"><ele>1821</ele>
        <time>2020-03-21T22:25:10Z</time>
      </trkpt>
      <trkpt lat="34.086368083" lon="-111.478956767"><ele>1821</ele>
        <time>2020-03-21T22:25:16Z</time>
      </trkpt>
      <trkpt lat="34.086285267" lon="-111.478854067"><ele>1822</ele>
        <time>2020-03-21T22:25:24Z</time>
      </trkpt>
      <trkpt lat="34.086258133" lon="-111.4787936"><ele>1822</ele>
        <time>2020-03-21T22:25:28Z</time>
      </trkpt>
      <trkpt lat="34.08618915" lon="-111.478715967"><ele>1822</ele>
        <time>2020-03-21T22:25:34Z</time>
      </trkpt>
      <trkpt lat="34.086126483" lon="-111.478697117"><ele>1823</ele>
        <time>2020-03-21T22:25:38Z</time>
      </trkpt>
      <trkpt lat="34.086065467" lon="-111.478665567"><ele>1823</ele>
        <time>2020-03-21T22:25:42Z</time>
      </trkpt>
      <trkpt lat="34.085943883" lon="-111.478631133"><ele>1823</ele>
        <time>2020-03-21T22:25:50Z</time>
      </trkpt>
      <trkpt lat="34.085895833" lon="-111.4786028"><ele>1824</ele>
        <time>2020-03-21T22:25:53Z</time>
      </trkpt>
      <trkpt lat="34.0857372" lon="-111.478464517"><ele>1826</ele>
        <time>2020-03-21T22:26:07Z</time>
      </trkpt>
      <trkpt lat="34.085708483" lon="-111.478448967"><ele>1826</ele>
        <time>2020-03-21T22:26:09Z</time>
      </trkpt>
      <trkpt lat="34.085571967" lon="-111.478401417"><ele>1825</ele>
        <time>2020-03-21T22:26:17Z</time>
      </trkpt>
      <trkpt lat="34.0855366" lon="-111.47840105"><ele>1825</ele>
        <time>2020-03-21T22:26:19Z</time>
      </trkpt>
      <trkpt lat="34.0854539" lon="-111.478365417"><ele>1825</ele>
        <time>2020-03-21T22:26:25Z</time>
      </trkpt>
      <trkpt lat="34.0853534" lon="-111.4783682"><ele>1826</ele>
        <time>2020-03-21T22:26:31Z</time>
      </trkpt>
      <trkpt lat="34.0851862" lon="-111.478348033"><ele>1827</ele>
        <time>2020-03-21T22:26:43Z</time>
      </trkpt>
      <trkpt lat="34.084991317" lon="-111.478301533"><ele>1828</ele>
        <time>2020-03-21T22:26:58Z</time>
      </trkpt>
      <trkpt lat="34.084931283" lon="-111.47831335"><ele>1828</ele>
        <time>2020-03-21T22:27:02Z</time>
      </trkpt>
      <trkpt lat="34.084697917" lon="-111.47843005"><ele>1832</ele>
        <time>2020-03-21T22:27:18Z</time>
      </trkpt>
      <trkpt lat="34.084667333" lon="-111.478436867"><ele>1832</ele>
        <time>2020-03-21T22:27:20Z</time>
      </trkpt>
      <trkpt lat="34.084612667" lon="-111.478431867"><ele>1832</ele>
        <time>2020-03-21T22:27:24Z</time>
      </trkpt>
      <trkpt lat="34.084587783" lon="-111.478443017"><ele>1833</ele>
        <time>2020-03-21T22:27:26Z</time>
      </trkpt>
      <trkpt lat="34.0844986" lon="-111.478427917"><ele>1834</ele>
        <time>2020-03-21T22:27:32Z</time>
      </trkpt>
      <trkpt lat="34.0844415" lon="-111.478454883"><ele>1834</ele>
        <time>2020-03-21T22:27:36Z</time>
      </trkpt>
      <trkpt lat="34.084314767" lon="-111.47843735"><ele>1834</ele>
        <time>2020-03-21T22:27:44Z</time>
      </trkpt>
      <trkpt lat="34.084288533" lon="-111.47842795"><ele>1834</ele>
        <time>2020-03-21T22:27:46Z</time>
      </trkpt>
      <trkpt lat="34.084266583" lon="-111.47839505"><ele>1834</ele>
        <time>2020-03-21T22:27:50Z</time>
      </trkpt>
      <trkpt lat="34.084138783" lon="-111.478404183"><ele>1834</ele>
        <time>2020-03-21T22:27:59Z</time>
      </trkpt>
      <trkpt lat="34.084059583" lon="-111.47836075"><ele>1832</ele>
        <time>2020-03-21T22:28:05Z</time>
      </trkpt>
      <trkpt lat="34.084045883" lon="-111.478339"><ele>1833</ele>
        <time>2020-03-21T22:28:07Z</time>
      </trkpt>
      <trkpt lat="34.08405915" lon="-111.478304317"><ele>1834</ele>
        <time>2020-03-21T22:28:10Z</time>
      </trkpt>
      <trkpt lat="34.08408185" lon="-111.478287183"><ele>1834</ele>
        <time>2020-03-21T22:28:13Z</time>
      </trkpt>
      <trkpt lat="34.084111883" lon="-111.478234467"><ele>1834</ele>
        <time>2020-03-21T22:28:17Z</time>
      </trkpt>
      <trkpt lat="34.0841366" lon="-111.478166333"><ele>1835</ele>
        <time>2020-03-21T22:28:21Z</time>
      </trkpt>
      <trkpt lat="34.084130217" lon="-111.4780212"><ele>1836</ele>
        <time>2020-03-21T22:28:29Z</time>
      </trkpt>
      <trkpt lat="34.084144133" lon="-111.477993217"><ele>1836</ele>
        <time>2020-03-21T22:28:31Z</time>
      </trkpt>
      <trkpt lat="34.084159667" lon="-111.477963217"><ele>1836</ele>
        <time>2020-03-21T22:28:33Z</time>
      </trkpt>
      <trkpt lat="34.084205483" lon="-111.477915333"><ele>1836</ele>
        <time>2020-03-21T22:28:39Z</time>
      </trkpt>
      <trkpt lat="34.084268517" lon="-111.47790905"><ele>1836</ele>
        <time>2020-03-21T22:28:45Z</time>
      </trkpt>
      <trkpt lat="34.084342567" lon="-111.47783515"><ele>1836</ele>
        <time>2020-03-21T22:28:51Z</time>
      </trkpt>
      <trkpt lat="34.0844319" lon="-111.477633033"><ele>1836</ele>
        <time>2020-03-21T22:29:03Z</time>
      </trkpt>
      <trkpt lat="34.084467733" lon="-111.477583617"><ele>1836</ele>
        <time>2020-03-21T22:29:07Z</time>
      </trkpt>
      <trkpt lat="34.084529517" lon="-111.4773945"><ele>1835</ele>
        <time>2020-03-21T22:29:19Z</time>
      </trkpt>
      <trkpt lat="34.084530683" lon="-111.477310133"><ele>1836</ele>
        <time>2020-03-21T22:29:23Z</time>
      </trkpt>
      <trkpt lat="34.084509367" lon="-111.47713535"><ele>1837</ele>
        <time>2020-03-21T22:29:33Z</time>
      </trkpt>
      <trkpt lat="34.0844058" lon="-111.4770054"><ele>1836</ele>
        <time>2020-03-21T22:29:43Z</time>
      </trkpt>
      <trkpt lat="34.084341" lon="-111.47699095"><ele>1836</ele>
        <time>2020-03-21T22:29:47Z</time>
      </trkpt>
      <trkpt lat="34.0842552" lon="-111.476941817"><ele>1836</ele>
        <time>2020-03-21T22:29:54Z</time>
      </trkpt>
      <trkpt lat="34.08420785" lon="-111.476900883"><ele>1836</ele>
        <time>2020-03-21T22:29:58Z</time>
      </trkpt>
      <trkpt lat="34.08420145" lon="-111.476600433"><ele>1837</ele>
        <time>2020-03-21T22:30:16Z</time>
      </trkpt>
      <trkpt lat="34.084222917" lon="-111.4765912"><ele>1837</ele>
        <time>2020-03-21T22:30:18Z</time>
      </trkpt>
      <trkpt lat="34.08427605" lon="-111.47652395"><ele>1838</ele>
        <time>2020-03-21T22:30:24Z</time>
      </trkpt>
      <trkpt lat="34.084307533" lon="-111.4765081"><ele>1839</ele>
        <time>2020-03-21T22:30:27Z</time>
      </trkpt>
      <trkpt lat="34.0843268" lon="-111.476484033"><ele>1839</ele>
        <time>2020-03-21T22:30:29Z</time>
      </trkpt>
      <trkpt lat="34.084326383" lon="-111.476456683"><ele>1839</ele>
        <time>2020-03-21T22:30:37Z</time>
      </trkpt>
      <trkpt lat="34.08439755" lon="-111.476368083"><ele>1839</ele>
        <time>2020-03-21T22:30:43Z</time>
      </trkpt>
      <trkpt lat="34.0844489" lon="-111.4763232"><ele>1839</ele>
        <time>2020-03-21T22:30:47Z</time>
      </trkpt>
      <trkpt lat="34.084605" lon="-111.476116967"><ele>1837</ele>
        <time>2020-03-21T22:31:03Z</time>
      </trkpt>
      <trkpt lat="34.0846404" lon="-111.476046433"><ele>1837</ele>
        <time>2020-03-21T22:31:07Z</time>
      </trkpt>
      <trkpt lat="34.08464885" lon="-111.476008983"><ele>1836</ele>
        <time>2020-03-21T22:31:09Z</time>
      </trkpt>
      <trkpt lat="34.084647283" lon="-111.475841183"><ele>1834</ele>
        <time>2020-03-21T22:31:19Z</time>
      </trkpt>
      <trkpt lat="34.084602817" lon="-111.475753133"><ele>1833</ele>
        <time>2020-03-21T22:31:26Z</time>
      </trkpt>
      <trkpt lat="34.084552667" lon="-111.4756978"><ele>1833</ele>
        <time>2020-03-21T22:31:30Z</time>
      </trkpt>
      <trkpt lat="34.084506217" lon="-111.475661883"><ele>1833</ele>
        <time>2020-03-21T22:31:34Z</time>
      </trkpt>
      <trkpt lat="34.084449633" lon="-111.475642283"><ele>1833</ele>
        <time>2020-03-21T22:31:38Z</time>
      </trkpt>
      <trkpt lat="34.084356267" lon="-111.4755465"><ele>1836</ele>
        <time>2020-03-21T22:31:48Z</time>
      </trkpt>
      <trkpt lat="34.0843175" lon="-111.4754528"><ele>1838</ele>
        <time>2020-03-21T22:31:55Z</time>
      </trkpt>
      <trkpt lat="34.084317517" lon="-111.475380583"><ele>1839</ele>
        <time>2020-03-21T22:32:01Z</time>
      </trkpt>
      <trkpt lat="34.084344983" lon="-111.4752596"><ele>1838</ele>
        <time>2020-03-21T22:32:10Z</time>
      </trkpt>
      <trkpt lat="34.08434925" lon="-111.475163467"><ele>1838</ele>
        <time>2020-03-21T22:32:16Z</time>
      </trkpt>
      <trkpt lat="34.084327967" lon="-111.475095767"><ele>1838</ele>
        <time>2020-03-21T22:32:20Z</time>
      </trkpt>
      <trkpt lat="34.08427375" lon="-111.475076417"><ele>1837</ele>
        <time>2020-03-21T22:32:22Z</time>
      </trkpt>
      <trkpt lat="34.084195233" lon="-111.475083267"><ele>1837</ele>
        <time>2020-03-21T22:32:26Z</time>
      </trkpt>
      <trkpt lat="34.084140283" lon="-111.475068317"><ele>1836</ele>
        <time>2020-03-21T22:32:30Z</time>
      </trkpt>
      <trkpt lat="34.084122067" lon="-111.475052717"><ele>1837</ele>
        <time>2020-03-21T22:32:32Z</time>
      </trkpt>
      <trkpt lat="34.084065033" lon="-111.474986983"><ele>1837</ele>
        <time>2020-03-21T22:32:38Z</time>
      </trkpt>
      <trkpt lat="34.084023167" lon="-111.474954717"><ele>1837</ele>
        <time>2020-03-21T22:32:42Z</time>
      </trkpt>
      <trkpt lat="34.083993" lon="-111.474900683"><ele>1839</ele>
        <time>2020-03-21T22:32:46Z</time>
      </trkpt>
      <trkpt lat="34.083956567" lon="-111.474860767"><ele>1840</ele>
        <time>2020-03-21T22:32:50Z</time>
      </trkpt>
      <trkpt lat="34.083908783" lon="-111.47483835"><ele>1840</ele>
        <time>2020-03-21T22:32:54Z</time>
      </trkpt>
      <trkpt lat="34.083885917" lon="-111.4748129"><ele>1840</ele>
        <time>2020-03-21T22:32:57Z</time>
      </trkpt>
      <trkpt lat="34.083859117" lon="-111.47479965"><ele>1840</ele>
        <time>2020-03-21T22:32:58Z</time>
      </trkpt>
      <trkpt lat="34.0837914" lon="-111.474704833"><ele>1840</ele>
        <time>2020-03-21T22:33:07Z</time>
      </trkpt>
      <trkpt lat="34.08374095" lon="-111.474591967"><ele>1843</ele>
        <time>2020-03-21T22:33:15Z</time>
      </trkpt>
      <trkpt lat="34.083684917" lon="-111.4745254"><ele>1844</ele>
        <time>2020-03-21T22:33:21Z</time>
      </trkpt>
      <trkpt lat="34.083629733" lon="-111.474492517"><ele>1843</ele>
        <time>2020-03-21T22:33:25Z</time>
      </trkpt>
      <trkpt lat="34.083551267" lon="-111.474492367"><ele>1842</ele>
        <time>2020-03-21T22:33:28Z</time>
      </trkpt>
      <trkpt lat="34.083483067" lon="-111.47450805"><ele>1842</ele>
        <time>2020-03-21T22:33:31Z</time>
      </trkpt>
      <trkpt lat="34.08341885" lon="-111.474539717"><ele>1842</ele>
        <time>2020-03-21T22:33:35Z</time>
      </trkpt>
      <trkpt lat="34.083328817" lon="-111.4745685"><ele>1841</ele>
        <time>2020-03-21T22:33:41Z</time>
      </trkpt>
      <trkpt lat="34.083211583" lon="-111.474669083"><ele>1840</ele>
        <time>2020-03-21T22:33:51Z</time>
      </trkpt>
      <trkpt lat="34.08316175" lon="-111.474696533"><ele>1841</ele>
        <time>2020-03-21T22:33:55Z</time>
      </trkpt>
      <trkpt lat="34.08313385" lon="-111.474701233"><ele>1841</ele>
        <time>2020-03-21T22:33:57Z</time>
      </trkpt>
      <trkpt lat="34.083111" lon="-111.474691233"><ele>1841</ele>
        <time>2020-03-21T22:33:59Z</time>
      </trkpt>
      <trkpt lat="34.083094067" lon="-111.47462495"><ele>1840</ele>
        <time>2020-03-21T22:34:04Z</time>
      </trkpt>
      <trkpt lat="34.083046033" lon="-111.474552033"><ele>1841</ele>
        <time>2020-03-21T22:34:10Z</time>
      </trkpt>
      <trkpt lat="34.082939233" lon="-111.4745628"><ele>1839</ele>
        <time>2020-03-21T22:34:15Z</time>
      </trkpt>
      <trkpt lat="34.0829019" lon="-111.4745824"><ele>1839</ele>
        <time>2020-03-21T22:34:17Z</time>
      </trkpt>
      <trkpt lat="34.082872567" lon="-111.474575533"><ele>1839</ele>
        <time>2020-03-21T22:34:20Z</time>
      </trkpt>
      <trkpt lat="34.0828609" lon="-111.474539283"><ele>1839</ele>
        <time>2020-03-21T22:34:22Z</time>
      </trkpt>
      <trkpt lat="34.082927183" lon="-111.47450185"><ele>1839</ele>
        <time>2020-03-21T22:34:27Z</time>
      </trkpt>
      <trkpt lat="34.082950717" lon="-111.474433733"><ele>1840</ele>
        <time>2020-03-21T22:34:31Z</time>
      </trkpt>
      <trkpt lat="34.08296085" lon="-111.474365617"><ele>1842</ele>
        <time>2020-03-21T22:34:35Z</time>
      </trkpt>
      <trkpt lat="34.0829428" lon="-111.47426885"><ele>1844</ele>
        <time>2020-03-21T22:34:41Z</time>
      </trkpt>
      <trkpt lat="34.08291715" lon="-111.474212817"><ele>1844</ele>
        <time>2020-03-21T22:34:45Z</time>
      </trkpt>
      <trkpt lat="34.082876217" lon="-111.47415005"><ele>1845</ele>
        <time>2020-03-21T22:34:49Z</time>
      </trkpt>
      <trkpt lat="34.08284705" lon="-111.474125717"><ele>1846</ele>
        <time>2020-03-21T22:34:51Z</time>
      </trkpt>
      <trkpt lat="34.082852017" lon="-111.47409715"><ele>1846</ele>
        <time>2020-03-21T22:34:53Z</time>
      </trkpt>
      <trkpt lat="34.082887417" lon="-111.474036683"><ele>1846</ele>
        <time>2020-03-21T22:34:57Z</time>
      </trkpt>
      <trkpt lat="34.08289445" lon="-111.47394695"><ele>1847</ele>
        <time>2020-03-21T22:35:03Z</time>
      </trkpt>
      <trkpt lat="34.08283145" lon="-111.47390975"><ele>1846</ele>
        <time>2020-03-21T22:35:06Z</time>
      </trkpt>
      <trkpt lat="34.082745783" lon="-111.473892367"><ele>1845</ele>
        <time>2020-03-21T22:35:10Z</time>
      </trkpt>
      <trkpt lat="34.08267215" lon="-111.473889083"><ele>1843</ele>
        <time>2020-03-21T22:35:14Z</time>
      </trkpt>
      <trkpt lat="34.082650067" lon="-111.473878583"><ele>1843</ele>
        <time>2020-03-21T22:35:16Z</time>
      </trkpt>
      <trkpt lat="34.08256515" lon="-111.47377455"><ele>1844</ele>
        <time>2020-03-21T22:35:26Z</time>
      </trkpt>
      <trkpt lat="34.08254015" lon="-111.473765983"><ele>1843</ele>
        <time>2020-03-21T22:35:27Z</time>
      </trkpt>
      <trkpt lat="34.082498167" lon="-111.473719483"><ele>1845</ele>
        <time>2020-03-21T22:35:31Z</time>
      </trkpt>
      <trkpt lat="34.082396433" lon="-111.473712917"><ele>1843</ele>
        <time>2020-03-21T22:35:36Z</time>
      </trkpt>
      <trkpt lat="34.08231485" lon="-111.473732583"><ele>1843</ele>
        <time>2020-03-21T22:35:41Z</time>
      </trkpt>
      <trkpt lat="34.082226917" lon="-111.473732667"><ele>1842</ele>
        <time>2020-03-21T22:35:47Z</time>
      </trkpt>
      <trkpt lat="34.082223117" lon="-111.473665217"><ele>1842</ele>
        <time>2020-03-21T22:35:53Z</time>
      </trkpt>
      <trkpt lat="34.082266083" lon="-111.473586983"><ele>1844</ele>
        <time>2020-03-21T22:35:58Z</time>
      </trkpt>
      <trkpt lat="34.082314667" lon="-111.473546833"><ele>1845</ele>
        <time>2020-03-21T22:36:02Z</time>
      </trkpt>
      <trkpt lat="34.082332867" lon="-111.4735056"><ele>1846</ele>
        <time>2020-03-21T22:36:04Z</time>
      </trkpt>
      <trkpt lat="34.082343533" lon="-111.473461567"><ele>1846</ele>
        <time>2020-03-21T22:36:06Z</time>
      </trkpt>
      <trkpt lat="34.082326117" lon="-111.47338705"><ele>1846</ele>
        <time>2020-03-21T22:36:10Z</time>
      </trkpt>
      <trkpt lat="34.08234015" lon="-111.47331785"><ele>1846</ele>
        <time>2020-03-21T22:36:15Z</time>
      </trkpt>
      <trkpt lat="34.082401767" lon="-111.473308633"><ele>1846</ele>
        <time>2020-03-21T22:36:24Z</time>
      </trkpt>
      <trkpt lat="34.082455117" lon="-111.4732805"><ele>1846</ele>
        <time>2020-03-21T22:36:29Z</time>
      </trkpt>
      <trkpt lat="34.082475983" lon="-111.473254417"><ele>1846</ele>
        <time>2020-03-21T22:36:31Z</time>
      </trkpt>
      <trkpt lat="34.082522" lon="-111.473152517"><ele>1847</ele>
        <time>2020-03-21T22:36:37Z</time>
      </trkpt>
      <trkpt lat="34.082540167" lon="-111.472945017"><ele>1844</ele>
        <time>2020-03-21T22:36:47Z</time>
      </trkpt>
      <trkpt lat="34.082559917" lon="-111.47286265"><ele>1845</ele>
        <time>2020-03-21T22:36:53Z</time>
      </trkpt>
      <trkpt lat="34.082577467" lon="-111.472845817"><ele>1845</ele>
        <time>2020-03-21T22:36:55Z</time>
      </trkpt>
      <trkpt lat="34.08263325" lon="-111.472883983"><ele>1846</ele>
        <time>2020-03-21T22:37:01Z</time>
      </trkpt>
      <trkpt lat="34.082657817" lon="-111.472891483"><ele>1846</ele>
        <time>2020-03-21T22:37:03Z</time>
      </trkpt>
      <trkpt lat="34.082709467" lon="-111.472886467"><ele>1846</ele>
        <time>2020-03-21T22:37:07Z</time>
      </trkpt>
      <trkpt lat="34.082737233" lon="-111.47287965"><ele>1846</ele>
        <time>2020-03-21T22:37:09Z</time>
      </trkpt>
      <trkpt lat="34.082778033" lon="-111.472840733"><ele>1846</ele>
        <time>2020-03-21T22:37:13Z</time>
      </trkpt>
      <trkpt lat="34.0828446" lon="-111.472722067"><ele>1845</ele>
        <time>2020-03-21T22:37:21Z</time>
      </trkpt>
      <trkpt lat="34.08286375" lon="-111.4726674"><ele>1846</ele>
        <time>2020-03-21T22:37:25Z</time>
      </trkpt>
      <trkpt lat="34.0828725" lon="-111.47258915"><ele>1846</ele>
        <time>2020-03-21T22:37:29Z</time>
      </trkpt>
      <trkpt lat="34.082856317" lon="-111.47251385"><ele>1845</ele>
        <time>2020-03-21T22:37:33Z</time>
      </trkpt>
      <trkpt lat="34.082865733" lon="-111.472406183"><ele>1845</ele>
        <time>2020-03-21T22:37:39Z</time>
      </trkpt>
      <trkpt lat="34.082877933" lon="-111.472375483"><ele>1845</ele>
        <time>2020-03-21T22:37:41Z</time>
      </trkpt>
      <trkpt lat="34.082933233" lon="-111.472315683"><ele>1846</ele>
        <time>2020-03-21T22:37:48Z</time>
      </trkpt>
      <trkpt lat="34.083045483" lon="-111.472259917"><ele>1846</ele>
        <time>2020-03-21T22:37:58Z</time>
      </trkpt>
      <trkpt lat="34.083084367" lon="-111.47219595"><ele>1846</ele>
        <time>2020-03-21T22:38:02Z</time>
      </trkpt>
      <trkpt lat="34.083093383" lon="-111.472159667"><ele>1846</ele>
        <time>2020-03-21T22:38:04Z</time>
      </trkpt>
      <trkpt lat="34.083072" lon="-111.472094217"><ele>1846</ele>
        <time>2020-03-21T22:38:08Z</time>
      </trkpt>
      <trkpt lat="34.083010183" lon="-111.471997833"><ele>1843</ele>
        <time>2020-03-21T22:38:14Z</time>
      </trkpt>
      <trkpt lat="34.082907383" lon="-111.4718711"><ele>1844</ele>
        <time>2020-03-21T22:38:25Z</time>
      </trkpt>
      <trkpt lat="34.0828718" lon="-111.471864933"><ele>1844</ele>
        <time>2020-03-21T22:38:27Z</time>
      </trkpt>
      <trkpt lat="34.0827311" lon="-111.471892483"><ele>1843</ele>
        <time>2020-03-21T22:38:35Z</time>
      </trkpt>
      <trkpt lat="34.0827047" lon="-111.471878783"><ele>1843</ele>
        <time>2020-03-21T22:38:38Z</time>
      </trkpt>
      <trkpt lat="34.08268435" lon="-111.471702033"><ele>1843</ele>
        <time>2020-03-21T22:38:49Z</time>
      </trkpt>
      <trkpt lat="34.0826259" lon="-111.471501533"><ele>1843</ele>
        <time>2020-03-21T22:39:01Z</time>
      </trkpt>
      <trkpt lat="34.0826195" lon="-111.4713739"><ele>1842</ele>
        <time>2020-03-21T22:39:09Z</time>
      </trkpt>
      <trkpt lat="34.082584167" lon="-111.4712729"><ele>1842</ele>
        <time>2020-03-21T22:39:16Z</time>
      </trkpt>
      <trkpt lat="34.082523" lon="-111.47116905"><ele>1841</ele>
        <time>2020-03-21T22:39:24Z</time>
      </trkpt>
      <trkpt lat="34.08250295" lon="-111.4711024"><ele>1841</ele>
        <time>2020-03-21T22:39:28Z</time>
      </trkpt>
      <trkpt lat="34.082482917" lon="-111.471071233"><ele>1840</ele>
        <time>2020-03-21T22:39:30Z</time>
      </trkpt>
      <trkpt lat="34.082342267" lon="-111.471009533"><ele>1838</ele>
        <time>2020-03-21T22:39:40Z</time>
      </trkpt>
      <trkpt lat="34.082290833" lon="-111.4709992"><ele>1838</ele>
        <time>2020-03-21T22:39:44Z</time>
      </trkpt>
      <trkpt lat="34.082256867" lon="-111.471003283"><ele>1838</ele>
        <time>2020-03-21T22:39:46Z</time>
      </trkpt>
      <trkpt lat="34.08216715" lon="-111.471050383"><ele>1836</ele>
        <time>2020-03-21T22:39:52Z</time>
      </trkpt>
      <trkpt lat="34.0821142" lon="-111.471061267"><ele>1836</ele>
        <time>2020-03-21T22:39:56Z</time>
      </trkpt>
      <trkpt lat="34.081993167" lon="-111.47114515"><ele>1835</ele>
        <time>2020-03-21T22:40:06Z</time>
      </trkpt>
      <trkpt lat="34.081943783" lon="-111.47114595"><ele>1835</ele>
        <time>2020-03-21T22:40:10Z</time>
      </trkpt>
      <trkpt lat="34.081929433" lon="-111.47112565"><ele>1835</ele>
        <time>2020-03-21T22:40:12Z</time>
      </trkpt>
      <trkpt lat="34.081921867" lon="-111.471059583"><ele>1835</ele>
        <time>2020-03-21T22:40:16Z</time>
      </trkpt>
      <trkpt lat="34.0819331" lon="-111.471028117"><ele>1836</ele>
        <time>2020-03-21T22:40:19Z</time>
      </trkpt>
      <trkpt lat="34.081939883" lon="-111.470948917"><ele>1836</ele>
        <time>2020-03-21T22:40:23Z</time>
      </trkpt>
      <trkpt lat="34.081930383" lon="-111.47091475"><ele>1836</ele>
        <time>2020-03-21T22:40:25Z</time>
      </trkpt>
      <trkpt lat="34.081973967" lon="-111.470791833"><ele>1837</ele>
        <time>2020-03-21T22:40:33Z</time>
      </trkpt>
      <trkpt lat="34.08196465" lon="-111.47071845"><ele>1837</ele>
        <time>2020-03-21T22:40:37Z</time>
      </trkpt>
      <trkpt lat="34.0819489" lon="-111.470685817"><ele>1837</ele>
        <time>2020-03-21T22:40:39Z</time>
      </trkpt>
      <trkpt lat="34.081859933" lon="-111.470620917"><ele>1834</ele>
        <time>2020-03-21T22:40:45Z</time>
      </trkpt>
      <trkpt lat="34.081839633" lon="-111.470550817"><ele>1834</ele>
        <time>2020-03-21T22:40:49Z</time>
      </trkpt>
      <trkpt lat="34.081788033" lon="-111.4705178"><ele>1833</ele>
        <time>2020-03-21T22:40:53Z</time>
      </trkpt>
      <trkpt lat="34.081753967" lon="-111.470464333"><ele>1833</ele>
        <time>2020-03-21T22:40:57Z</time>
      </trkpt>
      <trkpt lat="34.081799467" lon="-111.4704215"><ele>1835</ele>
        <time>2020-03-21T22:41:03Z</time>
      </trkpt>
      <trkpt lat="34.0818892" lon="-111.470260683"><ele>1836</ele>
        <time>2020-03-21T22:41:15Z</time>
      </trkpt>
      <trkpt lat="34.081921833" lon="-111.470195233"><ele>1838</ele>
        <time>2020-03-21T22:41:19Z</time>
      </trkpt>
      <trkpt lat="34.08192265" lon="-111.47015385"><ele>1838</ele>
        <time>2020-03-21T22:41:21Z</time>
      </trkpt>
      <trkpt lat="34.081898183" lon="-111.470107933"><ele>1837</ele>
        <time>2020-03-21T22:41:23Z</time>
      </trkpt>
      <trkpt lat="34.081861717" lon="-111.469988467"><ele>1836</ele>
        <time>2020-03-21T22:41:29Z</time>
      </trkpt>
      <trkpt lat="34.081776667" lon="-111.469882"><ele>1835</ele>
        <time>2020-03-21T22:41:37Z</time>
      </trkpt>
      <trkpt lat="34.081765933" lon="-111.469855233"><ele>1835</ele>
        <time>2020-03-21T22:41:39Z</time>
      </trkpt>
      <trkpt lat="34.08183095" lon="-111.469883283"><ele>1834</ele>
        <time>2020-03-21T22:41:52Z</time>
      </trkpt>
      <trkpt lat="34.081897633" lon="-111.4699366"><ele>1834</ele>
        <time>2020-03-21T22:41:58Z</time>
      </trkpt>
      <trkpt lat="34.0819751" lon="-111.46994565"><ele>1834</ele>
        <time>2020-03-21T22:42:04Z</time>
      </trkpt>
      <trkpt lat="34.0820604" lon="-111.469942683"><ele>1834</ele>
        <time>2020-03-21T22:42:11Z</time>
      </trkpt>
      <trkpt lat="34.082142833" lon="-111.4699198"><ele>1833</ele>
        <time>2020-03-21T22:42:17Z</time>
      </trkpt>
      <trkpt lat="34.082301017" lon="-111.469820417"><ele>1832</ele>
        <time>2020-03-21T22:42:29Z</time>
      </trkpt>
      <trkpt lat="34.082400383" lon="-111.46972255"><ele>1832</ele>
        <time>2020-03-21T22:42:37Z</time>
      </trkpt>
      <trkpt lat="34.0824511" lon="-111.4697081"><ele>1831</ele>
        <time>2020-03-21T22:42:42Z</time>
      </trkpt>
      <trkpt lat="34.0825372" lon="-111.4697088"><ele>1829</ele>
        <time>2020-03-21T22:43:01Z</time>
      </trkpt>
      <trkpt lat="34.082652283" lon="-111.469591967"><ele>1828</ele>
        <time>2020-03-21T22:43:09Z</time>
      </trkpt>
      <trkpt lat="34.0827275" lon="-111.46953585"><ele>1828</ele>
        <time>2020-03-21T22:43:15Z</time>
      </trkpt>
      <trkpt lat="34.0827725" lon="-111.469524433"><ele>1828</ele>
        <time>2020-03-21T22:43:19Z</time>
      </trkpt>
      <trkpt lat="34.082853667" lon="-111.469480317"><ele>1828</ele>
        <time>2020-03-21T22:43:25Z</time>
      </trkpt>
      <trkpt lat="34.082905167" lon="-111.469430167"><ele>1827</ele>
        <time>2020-03-21T22:43:29Z</time>
      </trkpt>
      <trkpt lat="34.08297735" lon="-111.46938035"><ele>1827</ele>
        <time>2020-03-21T22:43:35Z</time>
      </trkpt>
      <trkpt lat="34.083017083" lon="-111.46932935"><ele>1826</ele>
        <time>2020-03-21T22:43:39Z</time>
      </trkpt>
      <trkpt lat="34.083035167" lon="-111.469288767"><ele>1826</ele>
        <time>2020-03-21T22:43:41Z</time>
      </trkpt>
      <trkpt lat="34.08302435" lon="-111.469136467"><ele>1823</ele>
        <time>2020-03-21T22:43:49Z</time>
      </trkpt>
      <trkpt lat="34.083064417" lon="-111.469005217"><ele>1822</ele>
        <time>2020-03-21T22:43:58Z</time>
      </trkpt>
      <trkpt lat="34.08306345" lon="-111.468966917"><ele>1822</ele>
        <time>2020-03-21T22:44:01Z</time>
      </trkpt>
      <trkpt lat="34.0830871" lon="-111.468918733"><ele>1823</ele>
        <time>2020-03-21T22:44:05Z</time>
      </trkpt>
      <trkpt lat="34.083195967" lon="-111.468782567"><ele>1824</ele>
        <time>2020-03-21T22:44:20Z</time>
      </trkpt>
      <trkpt lat="34.083249183" lon="-111.468752267"><ele>1825</ele>
        <time>2020-03-21T22:44:25Z</time>
      </trkpt>
      <trkpt lat="34.083490667" lon="-111.468547067"><ele>1824</ele>
        <time>2020-03-21T22:44:45Z</time>
      </trkpt>
      <trkpt lat="34.0836428" lon="-111.468531717"><ele>1821</ele>
        <time>2020-03-21T22:44:57Z</time>
      </trkpt>
      <trkpt lat="34.083850583" lon="-111.46847005"><ele>1818</ele>
        <time>2020-03-21T22:45:12Z</time>
      </trkpt>
      <trkpt lat="34.084028217" lon="-111.468467017"><ele>1817</ele>
        <time>2020-03-21T22:45:24Z</time>
      </trkpt>
      <trkpt lat="34.084088683" lon="-111.468426317"><ele>1817</ele>
        <time>2020-03-21T22:45:28Z</time>
      </trkpt>
      <trkpt lat="34.084243267" lon="-111.468274"><ele>1815</ele>
        <time>2020-03-21T22:45:40Z</time>
      </trkpt>
      <trkpt lat="34.0842608" lon="-111.468240583"><ele>1816</ele>
        <time>2020-03-21T22:45:42Z</time>
      </trkpt>
      <trkpt lat="34.0843701" lon="-111.468132383"><ele>1814</ele>
        <time>2020-03-21T22:45:52Z</time>
      </trkpt>
      <trkpt lat="34.084412583" lon="-111.468101883"><ele>1814</ele>
        <time>2020-03-21T22:45:56Z</time>
      </trkpt>
      <trkpt lat="34.084523233" lon="-111.467949333"><ele>1813</ele>
        <time>2020-03-21T22:46:06Z</time>
      </trkpt>
      <trkpt lat="34.084618017" lon="-111.467868617"><ele>1813</ele>
        <time>2020-03-21T22:46:14Z</time>
      </trkpt>
      <trkpt lat="34.084635317" lon="-111.467835017"><ele>1812</ele>
        <time>2020-03-21T22:46:16Z</time>
      </trkpt>
      <trkpt lat="34.0846843" lon="-111.467786383"><ele>1812</ele>
        <time>2020-03-21T22:46:20Z</time>
      </trkpt>
      <trkpt lat="34.0847331" lon="-111.4677018"><ele>1812</ele>
        <time>2020-03-21T22:46:26Z</time>
      </trkpt>
      <trkpt lat="34.084786383" lon="-111.467634733"><ele>1811</ele>
        <time>2020-03-21T22:46:32Z</time>
      </trkpt>
      <trkpt lat="34.084788683" lon="-111.467601667"><ele>1810</ele>
        <time>2020-03-21T22:46:35Z</time>
      </trkpt>
      <trkpt lat="34.0848282" lon="-111.467525"><ele>1808</ele>
        <time>2020-03-21T22:47:13Z</time>
      </trkpt>
      <trkpt lat="34.084844167" lon="-111.467381683"><ele>1807</ele>
        <time>2020-03-21T22:47:21Z</time>
      </trkpt>
      <trkpt lat="34.084893817" lon="-111.467250667"><ele>1806</ele>
        <time>2020-03-21T22:47:29Z</time>
      </trkpt>
      <trkpt lat="34.084926717" lon="-111.4672055"><ele>1806</ele>
        <time>2020-03-21T22:47:33Z</time>
      </trkpt>
      <trkpt lat="34.084944333" lon="-111.467117233"><ele>1804</ele>
        <time>2020-03-21T22:47:37Z</time>
      </trkpt>
      <trkpt lat="34.084941783" lon="-111.467016017"><ele>1804</ele>
        <time>2020-03-21T22:47:43Z</time>
      </trkpt>
      <trkpt lat="34.084927867" lon="-111.46694925"><ele>1803</ele>
        <time>2020-03-21T22:47:47Z</time>
      </trkpt>
      <trkpt lat="34.0849271" lon="-111.4667108"><ele>1801</ele>
        <time>2020-03-21T22:48:01Z</time>
      </trkpt>
      <trkpt lat="34.0848497" lon="-111.466555283"><ele>1797</ele>
        <time>2020-03-21T22:48:12Z</time>
      </trkpt>
      <trkpt lat="34.084724233" lon="-111.466358633"><ele>1796</ele>
        <time>2020-03-21T22:48:26Z</time>
      </trkpt>
      <trkpt lat="34.084602417" lon="-111.4662025"><ele>1796</ele>
        <time>2020-03-21T22:48:40Z</time>
      </trkpt>
      <trkpt lat="34.0845105" lon="-111.466025817"><ele>1794</ele>
        <time>2020-03-21T22:48:54Z</time>
      </trkpt>
      <trkpt lat="34.084496317" lon="-111.465967067"><ele>1795</ele>
        <time>2020-03-21T22:48:59Z</time>
      </trkpt>
      <trkpt lat="34.084497917" lon="-111.46589575"><ele>1794</ele>
        <time>2020-03-21T22:49:05Z</time>
      </trkpt>
      <trkpt lat="34.0844224" lon="-111.465752283"><ele>1794</ele>
        <time>2020-03-21T22:49:15Z</time>
      </trkpt>
      <trkpt lat="34.084407217" lon="-111.465660683"><ele>1794</ele>
        <time>2020-03-21T22:49:21Z</time>
      </trkpt>
      <trkpt lat="34.084361167" lon="-111.4655238"><ele>1794</ele>
        <time>2020-03-21T22:49:29Z</time>
      </trkpt>
      <trkpt lat="34.0843582" lon="-111.465462217"><ele>1794</ele>
        <time>2020-03-21T22:49:33Z</time>
      </trkpt>
      <trkpt lat="34.084320417" lon="-111.465361617"><ele>1792</ele>
        <time>2020-03-21T22:49:39Z</time>
      </trkpt>
      <trkpt lat="34.084275533" lon="-111.465299717"><ele>1791</ele>
        <time>2020-03-21T22:49:43Z</time>
      </trkpt>
      <trkpt lat="34.084090367" lon="-111.46514155"><ele>1789</ele>
        <time>2020-03-21T22:49:59Z</time>
      </trkpt>
      <trkpt lat="34.0840895" lon="-111.465073483"><ele>1790</ele>
        <time>2020-03-21T22:50:03Z</time>
      </trkpt>
      <trkpt lat="34.084063033" lon="-111.465016483"><ele>1789</ele>
        <time>2020-03-21T22:50:07Z</time>
      </trkpt>
      <trkpt lat="34.0840559" lon="-111.464957383"><ele>1791</ele>
        <time>2020-03-21T22:50:11Z</time>
      </trkpt>
      <trkpt lat="34.083989267" lon="-111.464715417"><ele>1788</ele>
        <time>2020-03-21T22:50:28Z</time>
      </trkpt>
      <trkpt lat="34.084017533" lon="-111.464618767"><ele>1788</ele>
        <time>2020-03-21T22:50:34Z</time>
      </trkpt>
      <trkpt lat="34.084013167" lon="-111.4645842"><ele>1787</ele>
        <time>2020-03-21T22:50:36Z</time>
      </trkpt>
      <trkpt lat="34.0839759" lon="-111.464516817"><ele>1786</ele>
        <time>2020-03-21T22:50:41Z</time>
      </trkpt>
      <trkpt lat="34.0839115" lon="-111.464437217"><ele>1785</ele>
        <time>2020-03-21T22:50:47Z</time>
      </trkpt>
      <trkpt lat="34.083834767" lon="-111.4643831"><ele>1785</ele>
        <time>2020-03-21T22:50:54Z</time>
      </trkpt>
      <trkpt lat="34.083843333" lon="-111.464356433"><ele>1786</ele>
        <time>2020-03-21T22:50:57Z</time>
      </trkpt>
      <trkpt lat="34.083827783" lon="-111.464334033"><ele>1785</ele>
        <time>2020-03-21T22:50:59Z</time>
      </trkpt>
      <trkpt lat="34.08378675" lon="-111.4642075"><ele>1784</ele>
        <time>2020-03-21T22:51:07Z</time>
      </trkpt>
      <trkpt lat="34.083798517" lon="-111.464172967"><ele>1784</ele>
        <time>2020-03-21T22:51:11Z</time>
      </trkpt>
      <trkpt lat="34.083804017" lon="-111.464077767"><ele>1783</ele>
        <time>2020-03-21T22:51:22Z</time>
      </trkpt>
      <trkpt lat="34.083783167" lon="-111.464023783"><ele>1782</ele>
        <time>2020-03-21T22:51:26Z</time>
      </trkpt>
      <trkpt lat="34.083741483" lon="-111.46397635"><ele>1781</ele>
        <time>2020-03-21T22:51:31Z</time>
      </trkpt>
      <trkpt lat="34.08364225" lon="-111.463948033"><ele>1781</ele>
        <time>2020-03-21T22:51:48Z</time>
      </trkpt>
      <trkpt lat="34.083587" lon="-111.4638724"><ele>1782</ele>
        <time>2020-03-21T22:51:57Z</time>
      </trkpt>
      <trkpt lat="34.083599267" lon="-111.463816783"><ele>1782</ele>
        <time>2020-03-21T22:52:01Z</time>
      </trkpt>
      <trkpt lat="34.08357855" lon="-111.46368075"><ele>1782</ele>
        <time>2020-03-21T22:52:10Z</time>
      </trkpt>
      <trkpt lat="34.083609233" lon="-111.463591267"><ele>1785</ele>
        <time>2020-03-21T22:52:21Z</time>
      </trkpt>
      <trkpt lat="34.083652033" lon="-111.4635402"><ele>1787</ele>
        <time>2020-03-21T22:52:27Z</time>
      </trkpt>
      <trkpt lat="34.08372145" lon="-111.463498917"><ele>1788</ele>
        <time>2020-03-21T22:52:33Z</time>
      </trkpt>
      <trkpt lat="34.083855483" lon="-111.463494933"><ele>1788</ele>
        <time>2020-03-21T22:52:44Z</time>
      </trkpt>
      <trkpt lat="34.083911317" lon="-111.46344365"><ele>1787</ele>
        <time>2020-03-21T22:52:48Z</time>
      </trkpt>
      <trkpt lat="34.083970233" lon="-111.463420933"><ele>1787</ele>
        <time>2020-03-21T22:52:52Z</time>
      </trkpt>
      <trkpt lat="34.084053783" lon="-111.4633602"><ele>1785</ele>
        <time>2020-03-21T22:52:58Z</time>
      </trkpt>
      <trkpt lat="34.084111217" lon="-111.463330783"><ele>1784</ele>
        <time>2020-03-21T22:53:02Z</time>
      </trkpt>
      <trkpt lat="34.084147117" lon="-111.46328325"><ele>1784</ele>
        <time>2020-03-21T22:53:06Z</time>
      </trkpt>
      <trkpt lat="34.084168283" lon="-111.4632707"><ele>1784</ele>
        <time>2020-03-21T22:53:10Z</time>
      </trkpt>
      <trkpt lat="34.084275467" lon="-111.463261067"><ele>1783</ele>
        <time>2020-03-21T22:53:19Z</time>
      </trkpt>
      <trkpt lat="34.084303867" lon="-111.463249867"><ele>1783</ele>
        <time>2020-03-21T22:53:21Z</time>
      </trkpt>
      <trkpt lat="34.08435845" lon="-111.463205117"><ele>1782</ele>
        <time>2020-03-21T22:53:25Z</time>
      </trkpt>
      <trkpt lat="34.084481917" lon="-111.46317285"><ele>1782</ele>
        <time>2020-03-21T22:53:33Z</time>
      </trkpt>
      <trkpt lat="34.084531167" lon="-111.463138317"><ele>1782</ele>
        <time>2020-03-21T22:53:37Z</time>
      </trkpt>
      <trkpt lat="34.08462255" lon="-111.463118283"><ele>1782</ele>
        <time>2020-03-21T22:53:43Z</time>
      </trkpt>
      <trkpt lat="34.08464235" lon="-111.463131667"><ele>1782</ele>
        <time>2020-03-21T22:53:45Z</time>
      </trkpt>
      <trkpt lat="34.084763683" lon="-111.463139533"><ele>1781</ele>
        <time>2020-03-21T22:53:53Z</time>
      </trkpt>
      <trkpt lat="34.084872317" lon="-111.463138733"><ele>1781</ele>
        <time>2020-03-21T22:54:01Z</time>
      </trkpt>
      <trkpt lat="34.084956383" lon="-111.463120167"><ele>1781</ele>
        <time>2020-03-21T22:54:08Z</time>
      </trkpt>
      <trkpt lat="34.0849819" lon="-111.46312545"><ele>1781</ele>
        <time>2020-03-21T22:54:10Z</time>
      </trkpt>
      <trkpt lat="34.085041383" lon="-111.463111383"><ele>1781</ele>
        <time>2020-03-21T22:54:14Z</time>
      </trkpt>
      <trkpt lat="34.085192933" lon="-111.463017233"><ele>1782</ele>
        <time>2020-03-21T22:54:26Z</time>
      </trkpt>
      <trkpt lat="34.085300683" lon="-111.462992767"><ele>1782</ele>
        <time>2020-03-21T22:54:34Z</time>
      </trkpt>
      <trkpt lat="34.085338283" lon="-111.462959017"><ele>1783</ele>
        <time>2020-03-21T22:54:38Z</time>
      </trkpt>
      <trkpt lat="34.085447617" lon="-111.46293505"><ele>1785</ele>
        <time>2020-03-21T22:54:46Z</time>
      </trkpt>
      <trkpt lat="34.0854912" lon="-111.462952717"><ele>1785</ele>
        <time>2020-03-21T22:54:50Z</time>
      </trkpt>
      <trkpt lat="34.085521367" lon="-111.46292895"><ele>1785</ele>
        <time>2020-03-21T22:54:52Z</time>
      </trkpt>
      <trkpt lat="34.085679783" lon="-111.462894767"><ele>1780</ele>
        <time>2020-03-21T22:55:00Z</time>
      </trkpt>
      <trkpt lat="34.085711167" lon="-111.4629017"><ele>1783</ele>
        <time>2020-03-21T22:55:03Z</time>
      </trkpt>
      <trkpt lat="34.08584705" lon="-111.4628815"><ele>1783</ele>
        <time>2020-03-21T22:55:13Z</time>
      </trkpt>
      <trkpt lat="34.085949683" lon="-111.4628847"><ele>1784</ele>
        <time>2020-03-21T22:55:21Z</time>
      </trkpt>
      <trkpt lat="34.086000283" lon="-111.4628696"><ele>1783</ele>
        <time>2020-03-21T22:55:25Z</time>
      </trkpt>
      <trkpt lat="34.086029867" lon="-111.462797533"><ele>1784</ele>
        <time>2020-03-21T22:55:29Z</time>
      </trkpt>
      <trkpt lat="34.0860314" lon="-111.462757617"><ele>1784</ele>
        <time>2020-03-21T22:55:32Z</time>
      </trkpt>
      <trkpt lat="34.085996167" lon="-111.462602867"><ele>1783</ele>
        <time>2020-03-21T22:55:40Z</time>
      </trkpt>
      <trkpt lat="34.085861733" lon="-111.46227115"><ele>1784</ele>
        <time>2020-03-21T22:56:00Z</time>
      </trkpt>
      <trkpt lat="34.0858447" lon="-111.462193267"><ele>1783</ele>
        <time>2020-03-21T22:56:05Z</time>
      </trkpt>
      <trkpt lat="34.085836833" lon="-111.462092417"><ele>1784</ele>
        <time>2020-03-21T22:56:11Z</time>
      </trkpt>
      <trkpt lat="34.085851167" lon="-111.46202835"><ele>1786</ele>
        <time>2020-03-21T22:56:16Z</time>
      </trkpt>
      <trkpt lat="34.085919983" lon="-111.462118567"><ele>1788</ele>
        <time>2020-03-21T22:56:30Z</time>
      </trkpt>
      <trkpt lat="34.085948567" lon="-111.462131967"><ele>1789</ele>
        <time>2020-03-21T22:56:32Z</time>
      </trkpt>
      <trkpt lat="34.086061233" lon="-111.462162133"><ele>1790</ele>
        <time>2020-03-21T22:56:40Z</time>
      </trkpt>
      <trkpt lat="34.086202567" lon="-111.462238533"><ele>1791</ele>
        <time>2020-03-21T22:56:51Z</time>
      </trkpt>
      <trkpt lat="34.086404" lon="-111.462279767"><ele>1792</ele>
        <time>2020-03-21T22:57:05Z</time>
      </trkpt>
      <trkpt lat="34.0864863" lon="-111.462323467"><ele>1793</ele>
        <time>2020-03-21T22:57:21Z</time>
      </trkpt>
      <trkpt lat="34.086648067" lon="-111.46233445"><ele>1793</ele>
        <time>2020-03-21T22:57:31Z</time>
      </trkpt>
      <trkpt lat="34.086807083" lon="-111.462267217"><ele>1793</ele>
        <time>2020-03-21T22:57:43Z</time>
      </trkpt>
      <trkpt lat="34.086896617" lon="-111.46217735"><ele>1795</ele>
        <time>2020-03-21T22:57:51Z</time>
      </trkpt>
      <trkpt lat="34.086915167" lon="-111.462146233"><ele>1795</ele>
        <time>2020-03-21T22:57:53Z</time>
      </trkpt>
      <trkpt lat="34.0869556" lon="-111.462115167"><ele>1796</ele>
        <time>2020-03-21T22:57:57Z</time>
      </trkpt>
      <trkpt lat="34.087017767" lon="-111.46202895"><ele>1795</ele>
        <time>2020-03-21T22:58:02Z</time>
      </trkpt>
      <trkpt lat="34.08701965" lon="-111.4618842"><ele>1795</ele>
        <time>2020-03-21T22:58:10Z</time>
      </trkpt>
      <trkpt lat="34.087003067" lon="-111.461810083"><ele>1794</ele>
        <time>2020-03-21T22:58:14Z</time>
      </trkpt>
      <trkpt lat="34.0869912" lon="-111.4615873"><ele>1795</ele>
        <time>2020-03-21T22:58:27Z</time>
      </trkpt>
      <trkpt lat="34.087016017" lon="-111.461448283"><ele>1795</ele>
        <time>2020-03-21T22:58:35Z</time>
      </trkpt>
      <trkpt lat="34.087078283" lon="-111.4613104"><ele>1796</ele>
        <time>2020-03-21T22:58:45Z</time>
      </trkpt>
      <trkpt lat="34.08725905" lon="-111.461221433"><ele>1797</ele>
        <time>2020-03-21T22:59:00Z</time>
      </trkpt>
      <trkpt lat="34.087343683" lon="-111.46119555"><ele>1797</ele>
        <time>2020-03-21T22:59:06Z</time>
      </trkpt>
      <trkpt lat="34.0874079" lon="-111.46119655"><ele>1796</ele>
        <time>2020-03-21T22:59:10Z</time>
      </trkpt>
      <trkpt lat="34.087444883" lon="-111.461186333"><ele>1796</ele>
        <time>2020-03-21T22:59:12Z</time>
      </trkpt>
      <trkpt lat="34.087498417" lon="-111.461154683"><ele>1796</ele>
        <time>2020-03-21T22:59:16Z</time>
      </trkpt>
      <trkpt lat="34.087559517" lon="-111.46116065"><ele>1795</ele>
        <time>2020-03-21T22:59:20Z</time>
      </trkpt>
      <trkpt lat="34.08759135" lon="-111.461148383"><ele>1795</ele>
        <time>2020-03-21T22:59:22Z</time>
      </trkpt>
      <trkpt lat="34.087616583" lon="-111.461120717"><ele>1794</ele>
        <time>2020-03-21T22:59:24Z</time>
      </trkpt>
      <trkpt lat="34.087705983" lon="-111.46110305"><ele>1795</ele>
        <time>2020-03-21T22:59:30Z</time>
      </trkpt>
      <trkpt lat="34.087811817" lon="-111.4610452"><ele>1795</ele>
        <time>2020-03-21T22:59:38Z</time>
      </trkpt>
      <trkpt lat="34.087858983" lon="-111.460997317"><ele>1795</ele>
        <time>2020-03-21T22:59:42Z</time>
      </trkpt>
      <trkpt lat="34.0879123" lon="-111.460864283"><ele>1795</ele>
        <time>2020-03-21T23:00:27Z</time>
      </trkpt>
      <trkpt lat="34.087905867" lon="-111.460827"><ele>1794</ele>
        <time>2020-03-21T23:00:30Z</time>
      </trkpt>
      <trkpt lat="34.087750467" lon="-111.460609167"><ele>1791</ele>
        <time>2020-03-21T23:00:45Z</time>
      </trkpt>
      <trkpt lat="34.087657083" lon="-111.46052765"><ele>1791</ele>
        <time>2020-03-21T23:00:53Z</time>
      </trkpt>
      <trkpt lat="34.087569867" lon="-111.460379667"><ele>1791</ele>
        <time>2020-03-21T23:01:03Z</time>
      </trkpt>
      <trkpt lat="34.087475033" lon="-111.46025395"><ele>1791</ele>
        <time>2020-03-21T23:01:25Z</time>
      </trkpt>
      <trkpt lat="34.087454367" lon="-111.46023265"><ele>1791</ele>
        <time>2020-03-21T23:01:27Z</time>
      </trkpt>
      <trkpt lat="34.087368083" lon="-111.460199183"><ele>1790</ele>
        <time>2020-03-21T23:01:33Z</time>
      </trkpt>
      <trkpt lat="34.087349683" lon="-111.460168833"><ele>1791</ele>
        <time>2020-03-21T23:01:35Z</time>
      </trkpt>
      <trkpt lat="34.087300517" lon="-111.460134017"><ele>1790</ele>
        <time>2020-03-21T23:01:39Z</time>
      </trkpt>
      <trkpt lat="34.087186333" lon="-111.459958967"><ele>1790</ele>
        <time>2020-03-21T23:01:51Z</time>
      </trkpt>
      <trkpt lat="34.08714035" lon="-111.459907317"><ele>1790</ele>
        <time>2020-03-21T23:01:55Z</time>
      </trkpt>
      <trkpt lat="34.087052833" lon="-111.45986895"><ele>1789</ele>
        <time>2020-03-21T23:02:01Z</time>
      </trkpt>
      <trkpt lat="34.0870036" lon="-111.459818583"><ele>1789</ele>
        <time>2020-03-21T23:02:05Z</time>
      </trkpt>
      <trkpt lat="34.086966983" lon="-111.459760117"><ele>1789</ele>
        <time>2020-03-21T23:02:09Z</time>
      </trkpt>
      <trkpt lat="34.086954017" lon="-111.45969905"><ele>1790</ele>
        <time>2020-03-21T23:02:13Z</time>
      </trkpt>
      <trkpt lat="34.0868635" lon="-111.459477217"><ele>1792</ele>
        <time>2020-03-21T23:02:29Z</time>
      </trkpt>
      <trkpt lat="34.086794967" lon="-111.4593549"><ele>1791</ele>
        <time>2020-03-21T23:02:37Z</time>
      </trkpt>
      <trkpt lat="34.08675415" lon="-111.459232833"><ele>1792</ele>
        <time>2020-03-21T23:02:46Z</time>
      </trkpt>
      <trkpt lat="34.086754883" lon="-111.4592038"><ele>1792</ele>
        <time>2020-03-21T23:02:49Z</time>
      </trkpt>
      <trkpt lat="34.086854167" lon="-111.459204967"><ele>1793</ele>
        <time>2020-03-21T23:02:59Z</time>
      </trkpt>
      <trkpt lat="34.086886617" lon="-111.459215117"><ele>1793</ele>
        <time>2020-03-21T23:03:02Z</time>
      </trkpt>
      <trkpt lat="34.086990317" lon="-111.4591963"><ele>1795</ele>
        <time>2020-03-21T23:03:10Z</time>
      </trkpt>
      <trkpt lat="34.087107217" lon="-111.45906405"><ele>1796</ele>
        <time>2020-03-21T23:03:23Z</time>
      </trkpt>
      <trkpt lat="34.087135833" lon="-111.459045117"><ele>1797</ele>
        <time>2020-03-21T23:03:25Z</time>
      </trkpt>
      <trkpt lat="34.087280667" lon="-111.459013867"><ele>1796</ele>
        <time>2020-03-21T23:03:35Z</time>
      </trkpt>
      <trkpt lat="34.087339233" lon="-111.459012683"><ele>1796</ele>
        <time>2020-03-21T23:03:39Z</time>
      </trkpt>
      <trkpt lat="34.087424067" lon="-111.45898145"><ele>1796</ele>
        <time>2020-03-21T23:03:45Z</time>
      </trkpt>
      <trkpt lat="34.08750325" lon="-111.458978367"><ele>1795</ele>
        <time>2020-03-21T23:03:50Z</time>
      </trkpt>
      <trkpt lat="34.087659733" lon="-111.458924317"><ele>1796</ele>
        <time>2020-03-21T23:04:24Z</time>
      </trkpt>
      <trkpt lat="34.087686667" lon="-111.458922433"><ele>1797</ele>
        <time>2020-03-21T23:04:26Z</time>
      </trkpt>
      <trkpt lat="34.0878598" lon="-111.458834117"><ele>1794</ele>
        <time>2020-03-21T23:06:10Z</time>
      </trkpt>
      <trkpt lat="34.087893817" lon="-111.45876355"><ele>1793</ele>
        <time>2020-03-21T23:06:14Z</time>
      </trkpt>
      <trkpt lat="34.087900117" lon="-111.458696017"><ele>1793</ele>
        <time>2020-03-21T23:06:18Z</time>
      </trkpt>
      <trkpt lat="34.087837967" lon="-111.45850685"><ele>1789</ele>
        <time>2020-03-21T23:06:39Z</time>
      </trkpt>
      <trkpt lat="34.087768633" lon="-111.458427333"><ele>1789</ele>
        <time>2020-03-21T23:06:45Z</time>
      </trkpt>
      <trkpt lat="34.087729317" lon="-111.458361167"><ele>1789</ele>
        <time>2020-03-21T23:06:49Z</time>
      </trkpt>
      <trkpt lat="34.087628417" lon="-111.458254433"><ele>1789</ele>
        <time>2020-03-21T23:06:57Z</time>
      </trkpt>
      <trkpt lat="34.087592233" lon="-111.45819575"><ele>1789</ele>
        <time>2020-03-21T23:07:01Z</time>
      </trkpt>
      <trkpt lat="34.087547667" lon="-111.458149983"><ele>1788</ele>
        <time>2020-03-21T23:07:05Z</time>
      </trkpt>
      <trkpt lat="34.087489483" lon="-111.45806785"><ele>1788</ele>
        <time>2020-03-21T23:07:11Z</time>
      </trkpt>
      <trkpt lat="34.08747425" lon="-111.45803225"><ele>1788</ele>
        <time>2020-03-21T23:07:13Z</time>
      </trkpt>
      <trkpt lat="34.087431117" lon="-111.45797645"><ele>1788</ele>
        <time>2020-03-21T23:07:17Z</time>
      </trkpt>
      <trkpt lat="34.087371233" lon="-111.45784485"><ele>1787</ele>
        <time>2020-03-21T23:07:26Z</time>
      </trkpt>
      <trkpt lat="34.087356467" lon="-111.457774617"><ele>1786</ele>
        <time>2020-03-21T23:07:31Z</time>
      </trkpt>
      <trkpt lat="34.087355517" lon="-111.457683417"><ele>1787</ele>
        <time>2020-03-21T23:07:37Z</time>
      </trkpt>
      <trkpt lat="34.087393967" lon="-111.45762195"><ele>1789</ele>
        <time>2020-03-21T23:07:42Z</time>
      </trkpt>
      <trkpt lat="34.087406517" lon="-111.457560667"><ele>1789</ele>
        <time>2020-03-21T23:07:46Z</time>
      </trkpt>
      <trkpt lat="34.087359883" lon="-111.457382967"><ele>1790</ele>
        <time>2020-03-21T23:07:56Z</time>
      </trkpt>
      <trkpt lat="34.08736615" lon="-111.4573526"><ele>1790</ele>
        <time>2020-03-21T23:07:59Z</time>
      </trkpt>
      <trkpt lat="34.087398233" lon="-111.457299533"><ele>1791</ele>
        <time>2020-03-21T23:08:04Z</time>
      </trkpt>
      <trkpt lat="34.087399217" lon="-111.457271817"><ele>1792</ele>
        <time>2020-03-21T23:08:08Z</time>
      </trkpt>
      <trkpt lat="34.087473383" lon="-111.457172667"><ele>1793</ele>
        <time>2020-03-21T23:08:18Z</time>
      </trkpt>
      <trkpt lat="34.087611417" lon="-111.457115317"><ele>1793</ele>
        <time>2020-03-21T23:08:29Z</time>
      </trkpt>
      <trkpt lat="34.08763685" lon="-111.457093583"><ele>1793</ele>
        <time>2020-03-21T23:08:31Z</time>
      </trkpt>
      <trkpt lat="34.0877344" lon="-111.457062317"><ele>1791</ele>
        <time>2020-03-21T23:08:37Z</time>
      </trkpt>
      <trkpt lat="34.087788717" lon="-111.457019533"><ele>1790</ele>
        <time>2020-03-21T23:08:41Z</time>
      </trkpt>
      <trkpt lat="34.087848283" lon="-111.456992417"><ele>1790</ele>
        <time>2020-03-21T23:08:45Z</time>
      </trkpt>
      <trkpt lat="34.087869383" lon="-111.456965267"><ele>1789</ele>
        <time>2020-03-21T23:08:47Z</time>
      </trkpt>
      <trkpt lat="34.088010717" lon="-111.456893"><ele>1788</ele>
        <time>2020-03-21T23:08:57Z</time>
      </trkpt>
      <trkpt lat="34.088093317" lon="-111.456824217"><ele>1787</ele>
        <time>2020-03-21T23:09:03Z</time>
      </trkpt>
      <trkpt lat="34.08817755" lon="-111.456783083"><ele>1786</ele>
        <time>2020-03-21T23:09:09Z</time>
      </trkpt>
      <trkpt lat="34.088308867" lon="-111.456684167"><ele>1784</ele>
        <time>2020-03-21T23:09:19Z</time>
      </trkpt>
      <trkpt lat="34.08836055" lon="-111.4566584"><ele>1784</ele>
        <time>2020-03-21T23:09:23Z</time>
      </trkpt>
      <trkpt lat="34.088421617" lon="-111.45657775"><ele>1784</ele>
        <time>2020-03-21T23:09:29Z</time>
      </trkpt>
      <trkpt lat="34.088470767" lon="-111.4564807"><ele>1784</ele>
        <time>2020-03-21T23:09:34Z</time>
      </trkpt>
      <trkpt lat="34.088524933" lon="-111.456205467"><ele>1782</ele>
        <time>2020-03-21T23:09:49Z</time>
      </trkpt>
      <trkpt lat="34.088625567" lon="-111.456045533"><ele>1781</ele>
        <time>2020-03-21T23:10:01Z</time>
      </trkpt>
      <trkpt lat="34.08868845" lon="-111.4558902"><ele>1780</ele>
        <time>2020-03-21T23:10:11Z</time>
      </trkpt>
      <trkpt lat="34.0887415" lon="-111.45581785"><ele>1781</ele>
        <time>2020-03-21T23:10:17Z</time>
      </trkpt>
      <trkpt lat="34.08876445" lon="-111.45580025"><ele>1781</ele>
        <time>2020-03-21T23:10:20Z</time>
      </trkpt>
      <trkpt lat="34.0888125" lon="-111.455785833"><ele>1781</ele>
        <time>2020-03-21T23:10:24Z</time>
      </trkpt>
      <trkpt lat="34.088943167" lon="-111.45571945"><ele>1781</ele>
        <time>2020-03-21T23:10:34Z</time>
      </trkpt>
      <trkpt lat="34.089042667" lon="-111.455690433"><ele>1783</ele>
        <time>2020-03-21T23:10:42Z</time>
      </trkpt>
      <trkpt lat="34.089092183" lon="-111.455661867"><ele>1783</ele>
        <time>2020-03-21T23:10:46Z</time>
      </trkpt>
      <trkpt lat="34.089145667" lon="-111.455686133"><ele>1784</ele>
        <time>2020-03-21T23:10:51Z</time>
      </trkpt>
      <trkpt lat="34.089174833" lon="-111.455674367"><ele>1784</ele>
        <time>2020-03-21T23:10:53Z</time>
      </trkpt>
      <trkpt lat="34.0892271" lon="-111.455680267"><ele>1784</ele>
        <time>2020-03-21T23:10:57Z</time>
      </trkpt>
      <trkpt lat="34.089314733" lon="-111.4556527"><ele>1783</ele>
        <time>2020-03-21T23:11:03Z</time>
      </trkpt>
      <trkpt lat="34.089428883" lon="-111.455646433"><ele>1784</ele>
        <time>2020-03-21T23:11:11Z</time>
      </trkpt>
      <trkpt lat="34.0895151" lon="-111.455621"><ele>1783</ele>
        <time>2020-03-21T23:11:17Z</time>
      </trkpt>
      <trkpt lat="34.089563883" lon="-111.455578167"><ele>1782</ele>
        <time>2020-03-21T23:11:21Z</time>
      </trkpt>
      <trkpt lat="34.089643383" lon="-111.455533617"><ele>1782</ele>
        <time>2020-03-21T23:11:27Z</time>
      </trkpt>
      <trkpt lat="34.089733933" lon="-111.455445817"><ele>1781</ele>
        <time>2020-03-21T23:11:35Z</time>
      </trkpt>
      <trkpt lat="34.089756567" lon="-111.455440767"><ele>1780</ele>
        <time>2020-03-21T23:11:37Z</time>
      </trkpt>
      <trkpt lat="34.089781733" lon="-111.455415283"><ele>1780</ele>
        <time>2020-03-21T23:11:39Z</time>
      </trkpt>
      <trkpt lat="34.089982633" lon="-111.455296317"><ele>1779</ele>
        <time>2020-03-21T23:11:54Z</time>
      </trkpt>
      <trkpt lat="34.090038283" lon="-111.455284267"><ele>1779</ele>
        <time>2020-03-21T23:11:59Z</time>
      </trkpt>
      <trkpt lat="34.090055767" lon="-111.45526625"><ele>1779</ele>
        <time>2020-03-21T23:12:01Z</time>
      </trkpt>
      <trkpt lat="34.090213333" lon="-111.455182883"><ele>1778</ele>
        <time>2020-03-21T23:12:14Z</time>
      </trkpt>
      <trkpt lat="34.09039275" lon="-111.455058667"><ele>1776</ele>
        <time>2020-03-21T23:12:28Z</time>
      </trkpt>
      <trkpt lat="34.090474117" lon="-111.455014317"><ele>1776</ele>
        <time>2020-03-21T23:12:34Z</time>
      </trkpt>
      <trkpt lat="34.09065565" lon="-111.454952"><ele>1776</ele>
        <time>2020-03-21T23:12:48Z</time>
      </trkpt>
      <trkpt lat="34.090715467" lon="-111.454944583"><ele>1776</ele>
        <time>2020-03-21T23:12:53Z</time>
      </trkpt>
      <trkpt lat="34.09076375" lon="-111.45490415"><ele>1776</ele>
        <time>2020-03-21T23:12:57Z</time>
      </trkpt>
      <trkpt lat="34.0908956" lon="-111.454843117"><ele>1775</ele>
        <time>2020-03-21T23:13:07Z</time>
      </trkpt>
      <trkpt lat="34.091022317" lon="-111.454758833"><ele>1774</ele>
        <time>2020-03-21T23:13:17Z</time>
      </trkpt>
      <trkpt lat="34.091175483" lon="-111.454690483"><ele>1774</ele>
        <time>2020-03-21T23:13:29Z</time>
      </trkpt>
      <trkpt lat="34.09120225" lon="-111.454665567"><ele>1774</ele>
        <time>2020-03-21T23:13:31Z</time>
      </trkpt>
      <trkpt lat="34.091257033" lon="-111.454647183"><ele>1774</ele>
        <time>2020-03-21T23:13:35Z</time>
      </trkpt>
      <trkpt lat="34.091356683" lon="-111.45458975"><ele>1773</ele>
        <time>2020-03-21T23:13:43Z</time>
      </trkpt>
      <trkpt lat="34.091468833" lon="-111.4545525"><ele>1773</ele>
        <time>2020-03-21T23:13:51Z</time>
      </trkpt>
      <trkpt lat="34.09162415" lon="-111.45445535"><ele>1774</ele>
        <time>2020-03-21T23:14:03Z</time>
      </trkpt>
      <trkpt lat="34.09170405" lon="-111.454432467"><ele>1773</ele>
        <time>2020-03-21T23:14:12Z</time>
      </trkpt>
      <trkpt lat="34.091691667" lon="-111.45440175"><ele>1774</ele>
        <time>2020-03-21T23:14:17Z</time>
      </trkpt>
      <trkpt lat="34.091801883" lon="-111.454380783"><ele>1772</ele>
        <time>2020-03-21T23:14:32Z</time>
      </trkpt>
      <trkpt lat="34.091855617" lon="-111.454347717"><ele>1772</ele>
        <time>2020-03-21T23:14:36Z</time>
      </trkpt>
      <trkpt lat="34.09193575" lon="-111.454317733"><ele>1772</ele>
        <time>2020-03-21T23:14:42Z</time>
      </trkpt>
      <trkpt lat="34.091958433" lon="-111.454329967"><ele>1771</ele>
        <time>2020-03-21T23:14:46Z</time>
      </trkpt>
      <trkpt lat="34.091993667" lon="-111.4543817"><ele>1771</ele>
        <time>2020-03-21T23:14:52Z</time>
      </trkpt>
      <trkpt lat="34.092020867" lon="-111.454379967"><ele>1768</ele>
        <time>2020-03-21T23:15:14Z</time>
      </trkpt>
      <trkpt lat="34.0920488" lon="-111.454364533"><ele>1767</ele>
        <time>2020-03-21T23:15:16Z</time>
      </trkpt>
      <trkpt lat="34.092041383" lon="-111.454322833"><ele>1762</ele>
        <time>2020-03-21T23:15:56Z</time>
      </trkpt>
      <trkpt lat="34.092017883" lon="-111.454313433"><ele>1763</ele>
        <time>2020-03-21T23:16:07Z</time>
      </trkpt>
      <trkpt lat="34.091995167" lon="-111.4543217"><ele>1764</ele>
        <time>2020-03-21T23:16:10Z</time>
      </trkpt>
      <trkpt lat="34.091981217" lon="-111.454344083"><ele>1764</ele>
        <time>2020-03-21T23:16:14Z</time>
      </trkpt>
      <trkpt lat="34.091972733" lon="-111.45440475"><ele>1766</ele>
        <time>2020-03-21T23:16:43Z</time>
      </trkpt>
      <trkpt lat="34.092000217" lon="-111.454400133"><ele>1766</ele>
        <time>2020-03-21T23:17:06Z</time>
      </trkpt>
      <trkpt lat="34.092033433" lon="-111.454376467"><ele>1766</ele>
        <time>2020-03-21T23:17:10Z</time>
      </trkpt>
      <trkpt lat="34.09204385" lon="-111.454352867"><ele>1766</ele>
        <time>2020-03-21T23:17:18Z</time>
      </trkpt>
      <trkpt lat="34.09204245" lon="-111.454325833"><ele>1765</ele>
        <time>2020-03-21T23:29:06Z</time>
      </trkpt>
      <trkpt lat="34.0919827" lon="-111.454250233"><ele>1766</ele>
        <time>2020-03-21T23:29:18Z</time>
      </trkpt>
      <trkpt lat="34.091979667" lon="-111.454218517"><ele>1767</ele>
        <time>2020-03-21T23:29:22Z</time>
      </trkpt>
      <trkpt lat="34.092028617" lon="-111.4541263"><ele>1769</ele>
        <time>2020-03-21T23:29:29Z</time>
      </trkpt>
      <trkpt lat="34.092086983" lon="-111.453936517"><ele>1769</ele>
        <time>2020-03-21T23:29:43Z</time>
      </trkpt>
      <trkpt lat="34.092097183" lon="-111.45383185"><ele>1768</ele>
        <time>2020-03-21T23:29:50Z</time>
      </trkpt>
      <trkpt lat="34.092085017" lon="-111.45375795"><ele>1768</ele>
        <time>2020-03-21T23:29:55Z</time>
      </trkpt>
      <trkpt lat="34.0920861" lon="-111.453533517"><ele>1767</ele>
        <time>2020-03-21T23:30:09Z</time>
      </trkpt>
      <trkpt lat="34.09210745" lon="-111.4534393"><ele>1768</ele>
        <time>2020-03-21T23:30:15Z</time>
      </trkpt>
      <trkpt lat="34.092143883" lon="-111.45334785"><ele>1768</ele>
        <time>2020-03-21T23:30:21Z</time>
      </trkpt>
      <trkpt lat="34.092145383" lon="-111.453318017"><ele>1768</ele>
        <time>2020-03-21T23:30:23Z</time>
      </trkpt>
      <trkpt lat="34.0920628" lon="-111.453162383"><ele>1768</ele>
        <time>2020-03-21T23:30:35Z</time>
      </trkpt>
      <trkpt lat="34.092017167" lon="-111.4531273"><ele>1768</ele>
        <time>2020-03-21T23:30:39Z</time>
      </trkpt>
      <trkpt lat="34.09192895" lon="-111.453109067"><ele>1770</ele>
        <time>2020-03-21T23:30:46Z</time>
      </trkpt>
      <trkpt lat="34.0919019" lon="-111.4530516"><ele>1769</ele>
        <time>2020-03-21T23:30:51Z</time>
      </trkpt>
      <trkpt lat="34.091875267" lon="-111.453026883"><ele>1769</ele>
        <time>2020-03-21T23:31:24Z</time>
      </trkpt>
      <trkpt lat="34.09184025" lon="-111.4530309"><ele>1769</ele>
        <time>2020-03-21T23:31:26Z</time>
      </trkpt>
      <trkpt lat="34.09171825" lon="-111.4530128"><ele>1769</ele>
        <time>2020-03-21T23:31:34Z</time>
      </trkpt>
      <trkpt lat="34.091617867" lon="-111.4529577"><ele>1768</ele>
        <time>2020-03-21T23:31:43Z</time>
      </trkpt>
      <trkpt lat="34.091465333" lon="-111.452931783"><ele>1768</ele>
        <time>2020-03-21T23:31:54Z</time>
      </trkpt>
      <trkpt lat="34.091299367" lon="-111.452864967"><ele>1766</ele>
        <time>2020-03-21T23:32:07Z</time>
      </trkpt>
      <trkpt lat="34.09127205" lon="-111.452862517"><ele>1766</ele>
        <time>2020-03-21T23:32:09Z</time>
      </trkpt>
      <trkpt lat="34.09122315" lon="-111.452832233"><ele>1765</ele>
        <time>2020-03-21T23:32:13Z</time>
      </trkpt>
      <trkpt lat="34.091189217" lon="-111.452837583"><ele>1765</ele>
        <time>2020-03-21T23:32:15Z</time>
      </trkpt>
      <trkpt lat="34.091114183" lon="-111.452804183"><ele>1764</ele>
        <time>2020-03-21T23:32:21Z</time>
      </trkpt>
      <trkpt lat="34.091007583" lon="-111.45278245"><ele>1764</ele>
        <time>2020-03-21T23:32:30Z</time>
      </trkpt>
      <trkpt lat="34.0909819" lon="-111.452754733"><ele>1763</ele>
        <time>2020-03-21T23:32:33Z</time>
      </trkpt>
      <trkpt lat="34.09093215" lon="-111.452742717"><ele>1762</ele>
        <time>2020-03-21T23:32:37Z</time>
      </trkpt>
      <trkpt lat="34.090854067" lon="-111.452748533"><ele>1761</ele>
        <time>2020-03-21T23:32:43Z</time>
      </trkpt>
      <trkpt lat="34.090807" lon="-111.452737067"><ele>1768</ele>
        <time>2020-03-21T23:32:48Z</time>
      </trkpt>
      <trkpt lat="34.090764567" lon="-111.452747717"><ele>1763</ele>
        <time>2020-03-21T23:32:50Z</time>
      </trkpt>
      <trkpt lat="34.090738767" lon="-111.452766733"><ele>1760</ele>
        <time>2020-03-21T23:32:53Z</time>
      </trkpt>
      <trkpt lat="34.090684067" lon="-111.452771583"><ele>1759</ele>
        <time>2020-03-21T23:32:58Z</time>
      </trkpt>
      <trkpt lat="34.09065485" lon="-111.45275735"><ele>1759</ele>
        <time>2020-03-21T23:33:01Z</time>
      </trkpt>
      <trkpt lat="34.0906347" lon="-111.452734583"><ele>1759</ele>
        <time>2020-03-21T23:33:03Z</time>
      </trkpt>
      <trkpt lat="34.090575483" lon="-111.452706017"><ele>1759</ele>
        <time>2020-03-21T23:33:08Z</time>
      </trkpt>
      <trkpt lat="34.090520333" lon="-111.452625717"><ele>1757</ele>
        <time>2020-03-21T23:33:17Z</time>
      </trkpt>
      <trkpt lat="34.090496117" lon="-111.45261905"><ele>1756</ele>
        <time>2020-03-21T23:33:19Z</time>
      </trkpt>
      <trkpt lat="34.090476367" lon="-111.452598983"><ele>1756</ele>
        <time>2020-03-21T23:33:21Z</time>
      </trkpt>
      <trkpt lat="34.090195617" lon="-111.452217067"><ele>1751</ele>
        <time>2020-03-21T23:33:56Z</time>
      </trkpt>
      <trkpt lat="34.0901133" lon="-111.452185517"><ele>1750</ele>
        <time>2020-03-21T23:34:02Z</time>
      </trkpt>
      <trkpt lat="34.090083417" lon="-111.45218515"><ele>1749</ele>
        <time>2020-03-21T23:34:04Z</time>
      </trkpt>
      <trkpt lat="34.090038117" lon="-111.452200033"><ele>1749</ele>
        <time>2020-03-21T23:34:08Z</time>
      </trkpt>
      <trkpt lat="34.0899806" lon="-111.452197867"><ele>1750</ele>
        <time>2020-03-21T23:34:14Z</time>
      </trkpt>
      <trkpt lat="34.0899327" lon="-111.45221925"><ele>1749</ele>
        <time>2020-03-21T23:34:27Z</time>
      </trkpt>
      <trkpt lat="34.089909917" lon="-111.452209467"><ele>1749</ele>
        <time>2020-03-21T23:34:29Z</time>
      </trkpt>
      <trkpt lat="34.08988655" lon="-111.452216267"><ele>1749</ele>
        <time>2020-03-21T23:34:31Z</time>
      </trkpt>
      <trkpt lat="34.089716083" lon="-111.452306517"><ele>1749</ele>
        <time>2020-03-21T23:34:45Z</time>
      </trkpt>
      <trkpt lat="34.0895455" lon="-111.452353383"><ele>1747</ele>
        <time>2020-03-21T23:34:58Z</time>
      </trkpt>
      <trkpt lat="34.089520983" lon="-111.452376017"><ele>1747</ele>
        <time>2020-03-21T23:35:00Z</time>
      </trkpt>
      <trkpt lat="34.089434133" lon="-111.4524104"><ele>1747</ele>
        <time>2020-03-21T23:35:06Z</time>
      </trkpt>
      <trkpt lat="34.089308833" lon="-111.4524435"><ele>1745</ele>
        <time>2020-03-21T23:35:16Z</time>
      </trkpt>
      <trkpt lat="34.0892647" lon="-111.452475767"><ele>1745</ele>
        <time>2020-03-21T23:35:20Z</time>
      </trkpt>
      <trkpt lat="34.089073967" lon="-111.45253165"><ele>1744</ele>
        <time>2020-03-21T23:35:37Z</time>
      </trkpt>
      <trkpt lat="34.088987667" lon="-111.45253145"><ele>1744</ele>
        <time>2020-03-21T23:35:45Z</time>
      </trkpt>
      <trkpt lat="34.088912183" lon="-111.45258025"><ele>1746</ele>
        <time>2020-03-21T23:35:53Z</time>
      </trkpt>
      <trkpt lat="34.08883265" lon="-111.452616783"><ele>1744</ele>
        <time>2020-03-21T23:36:02Z</time>
      </trkpt>
      <trkpt lat="34.0888106" lon="-111.452605583"><ele>1744</ele>
        <time>2020-03-21T23:36:04Z</time>
      </trkpt>
      <trkpt lat="34.088663233" lon="-111.452737"><ele>1741</ele>
        <time>2020-03-21T23:36:20Z</time>
      </trkpt>
      <trkpt lat="34.08858535" lon="-111.452772583"><ele>1740</ele>
        <time>2020-03-21T23:36:27Z</time>
      </trkpt>
      <trkpt lat="34.088563783" lon="-111.452797867"><ele>1739</ele>
        <time>2020-03-21T23:36:35Z</time>
      </trkpt>
      <trkpt lat="34.088480717" lon="-111.452833933"><ele>1739</ele>
        <time>2020-03-21T23:37:18Z</time>
      </trkpt>
      <trkpt lat="34.0884344" lon="-111.452867683"><ele>1739</ele>
        <time>2020-03-21T23:37:23Z</time>
      </trkpt>
      <trkpt lat="34.088352217" lon="-111.452883667"><ele>1738</ele>
        <time>2020-03-21T23:37:31Z</time>
      </trkpt>
      <trkpt lat="34.08831075" lon="-111.452919017"><ele>1737</ele>
        <time>2020-03-21T23:37:35Z</time>
      </trkpt>
      <trkpt lat="34.088206133" lon="-111.4529584"><ele>1736</ele>
        <time>2020-03-21T23:37:46Z</time>
      </trkpt>
      <trkpt lat="34.088162567" lon="-111.452990667"><ele>1736</ele>
        <time>2020-03-21T23:37:55Z</time>
      </trkpt>
      <trkpt lat="34.088125483" lon="-111.4530367"><ele>1736</ele>
        <time>2020-03-21T23:38:02Z</time>
      </trkpt>
      <trkpt lat="34.0880707" lon="-111.453056017"><ele>1736</ele>
        <time>2020-03-21T23:38:09Z</time>
      </trkpt>
      <trkpt lat="34.088046083" lon="-111.453049267"><ele>1735</ele>
        <time>2020-03-21T23:38:12Z</time>
      </trkpt>
      <trkpt lat="34.087950483" lon="-111.453069783"><ele>1733</ele>
        <time>2020-03-21T23:38:21Z</time>
      </trkpt>
      <trkpt lat="34.087899683" lon="-111.4530367"><ele>1730</ele>
        <time>2020-03-21T23:38:29Z</time>
      </trkpt>
      <trkpt lat="34.087813933" lon="-111.453011633"><ele>1727</ele>
        <time>2020-03-21T23:38:38Z</time>
      </trkpt>
      <trkpt lat="34.0876838" lon="-111.453001167"><ele>1725</ele>
        <time>2020-03-21T23:38:48Z</time>
      </trkpt>
      <trkpt lat="34.087640667" lon="-111.452982517"><ele>1724</ele>
        <time>2020-03-21T23:38:52Z</time>
      </trkpt>
      <trkpt lat="34.087536667" lon="-111.452987333"><ele>1722</ele>
        <time>2020-03-21T23:39:03Z</time>
      </trkpt>
      <trkpt lat="34.087451367" lon="-111.4529439"><ele>1718</ele>
        <time>2020-03-21T23:39:13Z</time>
      </trkpt>
      <trkpt lat="34.0873882" lon="-111.4528816"><ele>1716</ele>
        <time>2020-03-21T23:39:53Z</time>
      </trkpt>
      <trkpt lat="34.087325033" lon="-111.45291515"><ele>1714</ele>
        <time>2020-03-21T23:40:51Z</time>
      </trkpt>
      <trkpt lat="34.087248917" lon="-111.452880383"><ele>1712</ele>
        <time>2020-03-21T23:40:57Z</time>
      </trkpt>
      <trkpt lat="34.087213517" lon="-111.452888183"><ele>1711</ele>
        <time>2020-03-21T23:41:02Z</time>
      </trkpt>
      <trkpt lat="34.087193867" lon="-111.452906683"><ele>1710</ele>
        <time>2020-03-21T23:41:08Z</time>
      </trkpt>
      <trkpt lat="34.08718195" lon="-111.45287825"><ele>1709</ele>
        <time>2020-03-21T23:42:03Z</time>
      </trkpt>
      <trkpt lat="34.087157383" lon="-111.4527078"><ele>1711</ele>
        <time>2020-03-21T23:44:17Z</time>
      </trkpt>
      <trkpt lat="34.087182883" lon="-111.45274355"><ele>1711</ele>
        <time>2020-03-21T23:44:18Z</time>
      </trkpt>
      <trkpt lat="34.087193333" lon="-111.4528054"><ele>1712</ele>
        <time>2020-03-21T23:44:23Z</time>
      </trkpt>
      <trkpt lat="34.08716835" lon="-111.452901333"><ele>1718</ele>
        <time>2020-03-21T23:44:42Z</time>
      </trkpt>
      <trkpt lat="34.087146467" lon="-111.452915567"><ele>1720</ele>
        <time>2020-03-21T23:44:48Z</time>
      </trkpt>
      <trkpt lat="34.087139217" lon="-111.4529914"><ele>1728</ele>
        <time>2020-03-21T23:44:55Z</time>
      </trkpt>
      <trkpt lat="34.08715835" lon="-111.452973083"><ele>1737</ele>
        <time>2020-03-21T23:45:17Z</time>
      </trkpt>
      <trkpt lat="34.087162617" lon="-111.45300165"><ele>1742</ele>
        <time>2020-03-21T23:45:22Z</time>
      </trkpt>
      <trkpt lat="34.087199383" lon="-111.452926617"><ele>1731</ele>
        <time>2020-03-21T23:46:45Z</time>
      </trkpt>
      <trkpt lat="34.087316283" lon="-111.452880517"><ele>1732</ele>
        <time>2020-03-21T23:47:17Z</time>
      </trkpt>
      <trkpt lat="34.087514183" lon="-111.452657283"><ele>1737</ele>
        <time>2020-03-21T23:47:34Z</time>
      </trkpt>
      <trkpt lat="34.087565583" lon="-111.4526245"><ele>1738</ele>
        <time>2020-03-21T23:47:39Z</time>
      </trkpt>
      <trkpt lat="34.087656033" lon="-111.452593683"><ele>1741</ele>
        <time>2020-03-21T23:47:48Z</time>
      </trkpt>
      <trkpt lat="34.087697817" lon="-111.452539283"><ele>1741</ele>
        <time>2020-03-21T23:47:52Z</time>
      </trkpt>
      <trkpt lat="34.087724033" lon="-111.4525215"><ele>1741</ele>
        <time>2020-03-21T23:47:55Z</time>
      </trkpt>
      <trkpt lat="34.087777667" lon="-111.452506867"><ele>1741</ele>
        <time>2020-03-21T23:48:00Z</time>
      </trkpt>
      <trkpt lat="34.087849783" lon="-111.452438817"><ele>1741</ele>
        <time>2020-03-21T23:48:07Z</time>
      </trkpt>
      <trkpt lat="34.08791155" lon="-111.452318917"><ele>1736</ele>
        <time>2020-03-21T23:48:13Z</time>
      </trkpt>
      <trkpt lat="34.0879846" lon="-111.45212025"><ele>1726</ele>
        <time>2020-03-21T23:48:23Z</time>
      </trkpt>
      <trkpt lat="34.088034417" lon="-111.4520569"><ele>1725</ele>
        <time>2020-03-21T23:48:29Z</time>
      </trkpt>
      <trkpt lat="34.08808705" lon="-111.451958233"><ele>1724</ele>
        <time>2020-03-21T23:48:37Z</time>
      </trkpt>
      <trkpt lat="34.088138417" lon="-111.451893833"><ele>1723</ele>
        <time>2020-03-21T23:48:44Z</time>
      </trkpt>
      <trkpt lat="34.088202517" lon="-111.451834"><ele>1722</ele>
        <time>2020-03-21T23:48:52Z</time>
      </trkpt>
      <trkpt lat="34.088272217" lon="-111.451716717"><ele>1722</ele>
        <time>2020-03-21T23:49:00Z</time>
      </trkpt>
      <trkpt lat="34.0883166" lon="-111.451689217"><ele>1722</ele>
        <time>2020-03-21T23:49:04Z</time>
      </trkpt>
      <trkpt lat="34.088371017" lon="-111.45161355"><ele>1720</ele>
        <time>2020-03-21T23:49:10Z</time>
      </trkpt>
      <trkpt lat="34.0883955" lon="-111.4516005"><ele>1720</ele>
        <time>2020-03-21T23:49:13Z</time>
      </trkpt>
      <trkpt lat="34.08841875" lon="-111.451607067"><ele>1720</ele>
        <time>2020-03-21T23:49:16Z</time>
      </trkpt>
      <trkpt lat="34.088448367" lon="-111.45155205"><ele>1718</ele>
        <time>2020-03-21T23:49:21Z</time>
      </trkpt>
      <trkpt lat="34.088522667" lon="-111.451340283"><ele>1707</ele>
        <time>2020-03-21T23:49:33Z</time>
      </trkpt>
      <trkpt lat="34.088570317" lon="-111.45126855"><ele>1707</ele>
        <time>2020-03-21T23:49:40Z</time>
      </trkpt>
      <trkpt lat="34.088669283" lon="-111.450954867"><ele>1706</ele>
        <time>2020-03-21T23:49:59Z</time>
      </trkpt>
      <trkpt lat="34.088643517" lon="-111.450861017"><ele>1702</ele>
        <time>2020-03-21T23:50:04Z</time>
      </trkpt>
      <trkpt lat="34.088614517" lon="-111.45079975"><ele>1699</ele>
        <time>2020-03-21T23:50:08Z</time>
      </trkpt>
      <trkpt lat="34.088597917" lon="-111.450722433"><ele>1697</ele>
        <time>2020-03-21T23:50:15Z</time>
      </trkpt>
      <trkpt lat="34.088563967" lon="-111.45065945"><ele>1695</ele>
        <time>2020-03-21T23:50:21Z</time>
      </trkpt>
      <trkpt lat="34.088569733" lon="-111.45059955"><ele>1693</ele>
        <time>2020-03-21T23:50:25Z</time>
      </trkpt>
      <trkpt lat="34.088555583" lon="-111.450533233"><ele>1693</ele>
        <time>2020-03-21T23:50:30Z</time>
      </trkpt>
      <trkpt lat="34.088558283" lon="-111.450465817"><ele>1692</ele>
        <time>2020-03-21T23:50:35Z</time>
      </trkpt>
      <trkpt lat="34.08857005" lon="-111.450430683"><ele>1692</ele>
        <time>2020-03-21T23:50:39Z</time>
      </trkpt>
      <trkpt lat="34.088560783" lon="-111.450367683"><ele>1690</ele>
        <time>2020-03-21T23:50:58Z</time>
      </trkpt>
      <trkpt lat="34.088475383" lon="-111.4502675"><ele>1686</ele>
        <time>2020-03-21T23:51:06Z</time>
      </trkpt>
      <trkpt lat="34.08836775" lon="-111.450177883"><ele>1686</ele>
        <time>2020-03-21T23:51:16Z</time>
      </trkpt>
      <trkpt lat="34.088353483" lon="-111.45015665"><ele>1686</ele>
        <time>2020-03-21T23:51:18Z</time>
      </trkpt>
      <trkpt lat="34.088303067" lon="-111.4501264"><ele>1684</ele>
        <time>2020-03-21T23:51:22Z</time>
      </trkpt>
      <trkpt lat="34.0882632" lon="-111.450075617"><ele>1684</ele>
        <time>2020-03-21T23:51:26Z</time>
      </trkpt>
      <trkpt lat="34.0881938" lon="-111.450022217"><ele>1684</ele>
        <time>2020-03-21T23:51:32Z</time>
      </trkpt>
      <trkpt lat="34.088157583" lon="-111.450013567"><ele>1686</ele>
        <time>2020-03-21T23:51:36Z</time>
      </trkpt>
      <trkpt lat="34.08810415" lon="-111.44997965"><ele>1686</ele>
        <time>2020-03-21T23:51:40Z</time>
      </trkpt>
      <trkpt lat="34.08807695" lon="-111.449978817"><ele>1686</ele>
        <time>2020-03-21T23:51:42Z</time>
      </trkpt>
      <trkpt lat="34.08805145" lon="-111.449965467"><ele>1685</ele>
        <time>2020-03-21T23:51:44Z</time>
      </trkpt>
      <trkpt lat="34.087863617" lon="-111.4498352"><ele>1685</ele>
        <time>2020-03-21T23:52:17Z</time>
      </trkpt>
      <trkpt lat="34.087843" lon="-111.44981585"><ele>1685</ele>
        <time>2020-03-21T23:52:25Z</time>
      </trkpt>
      <trkpt lat="34.087831567" lon="-111.449783133"><ele>1687</ele>
        <time>2020-03-21T23:52:30Z</time>
      </trkpt>
      <trkpt lat="34.087839167" lon="-111.449749567"><ele>1688</ele>
        <time>2020-03-21T23:52:32Z</time>
      </trkpt>
      <trkpt lat="34.087858583" lon="-111.449721433"><ele>1688</ele>
        <time>2020-03-21T23:52:35Z</time>
      </trkpt>
      <trkpt lat="34.087903633" lon="-111.44969055"><ele>1688</ele>
        <time>2020-03-21T23:52:39Z</time>
      </trkpt>
      <trkpt lat="34.088157533" lon="-111.44970765"><ele>1682</ele>
        <time>2020-03-21T23:53:00Z</time>
      </trkpt>
      <trkpt lat="34.0881908" lon="-111.449697583"><ele>1682</ele>
        <time>2020-03-21T23:53:03Z</time>
      </trkpt>
      <trkpt lat="34.088235133" lon="-111.449656333"><ele>1681</ele>
        <time>2020-03-21T23:53:07Z</time>
      </trkpt>
      <trkpt lat="34.088262167" lon="-111.449645483"><ele>1680</ele>
        <time>2020-03-21T23:53:09Z</time>
      </trkpt>
      <trkpt lat="34.088320533" lon="-111.44964905"><ele>1679</ele>
        <time>2020-03-21T23:53:13Z</time>
      </trkpt>
      <trkpt lat="34.088346" lon="-111.449635833"><ele>1679</ele>
        <time>2020-03-21T23:53:15Z</time>
      </trkpt>
      <trkpt lat="34.088436117" lon="-111.449629383"><ele>1677</ele>
        <time>2020-03-21T23:53:23Z</time>
      </trkpt>
      <trkpt lat="34.088543833" lon="-111.449571583"><ele>1676</ele>
        <time>2020-03-21T23:53:31Z</time>
      </trkpt>
      <trkpt lat="34.088610883" lon="-111.44948335"><ele>1675</ele>
        <time>2020-03-21T23:53:37Z</time>
      </trkpt>
      <trkpt lat="34.088670117" lon="-111.449375783"><ele>1675</ele>
        <time>2020-03-21T23:53:43Z</time>
      </trkpt>
      <trkpt lat="34.088681917" lon="-111.449332583"><ele>1675</ele>
        <time>2020-03-21T23:53:45Z</time>
      </trkpt>
      <trkpt lat="34.088730333" lon="-111.4492601"><ele>1676</ele>
        <time>2020-03-21T23:53:51Z</time>
      </trkpt>
      <trkpt lat="34.08873595" lon="-111.449229267"><ele>1677</ele>
        <time>2020-03-21T23:53:53Z</time>
      </trkpt>
      <trkpt lat="34.0887566" lon="-111.44921625"><ele>1677</ele>
        <time>2020-03-21T23:53:55Z</time>
      </trkpt>
      <trkpt lat="34.0887535" lon="-111.449170483"><ele>1678</ele>
        <time>2020-03-21T23:54:11Z</time>
      </trkpt>
      <trkpt lat="34.08865535" lon="-111.449065483"><ele>1679</ele>
        <time>2020-03-21T23:54:23Z</time>
      </trkpt>
      <trkpt lat="34.088631217" lon="-111.448939517"><ele>1679</ele>
        <time>2020-03-21T23:54:35Z</time>
      </trkpt>
      <trkpt lat="34.0886121" lon="-111.44888625"><ele>1680</ele>
        <time>2020-03-21T23:54:40Z</time>
      </trkpt>
      <trkpt lat="34.088596717" lon="-111.44871835"><ele>1677</ele>
        <time>2020-03-21T23:54:53Z</time>
      </trkpt>
      <trkpt lat="34.088612033" lon="-111.448628367"><ele>1676</ele>
        <time>2020-03-21T23:55:01Z</time>
      </trkpt>
      <trkpt lat="34.0886253" lon="-111.448439583"><ele>1672</ele>
        <time>2020-03-21T23:55:17Z</time>
      </trkpt>
      <trkpt lat="34.08861385" lon="-111.44836375"><ele>1671</ele>
        <time>2020-03-21T23:55:24Z</time>
      </trkpt>
      <trkpt lat="34.088621917" lon="-111.44823415"><ele>1668</ele>
        <time>2020-03-21T23:55:34Z</time>
      </trkpt>
      <trkpt lat="34.088612033" lon="-111.448202617"><ele>1667</ele>
        <time>2020-03-21T23:55:38Z</time>
      </trkpt>
      <trkpt lat="34.088622233" lon="-111.448029533"><ele>1665</ele>
        <time>2020-03-21T23:55:53Z</time>
      </trkpt>
      <trkpt lat="34.08854855" lon="-111.447847483"><ele>1662</ele>
        <time>2020-03-21T23:56:05Z</time>
      </trkpt>
      <trkpt lat="34.0885457" lon="-111.447819983"><ele>1663</ele>
        <time>2020-03-21T23:56:07Z</time>
      </trkpt>
      <trkpt lat="34.088564717" lon="-111.44771195"><ele>1660</ele>
        <time>2020-03-21T23:56:16Z</time>
      </trkpt>
      <trkpt lat="34.088542767" lon="-111.44765615"><ele>1659</ele>
        <time>2020-03-21T23:56:20Z</time>
      </trkpt>
      <trkpt lat="34.08850915" lon="-111.4476092"><ele>1659</ele>
        <time>2020-03-21T23:56:24Z</time>
      </trkpt>
      <trkpt lat="34.088506733" lon="-111.44754415"><ele>1658</ele>
        <time>2020-03-21T23:56:30Z</time>
      </trkpt>
      <trkpt lat="34.08851805" lon="-111.4474507"><ele>1658</ele>
        <time>2020-03-21T23:56:36Z</time>
      </trkpt>
      <trkpt lat="34.088476917" lon="-111.447297133"><ele>1655</ele>
        <time>2020-03-21T23:56:45Z</time>
      </trkpt>
      <trkpt lat="34.088428117" lon="-111.44722565"><ele>1653</ele>
        <time>2020-03-21T23:56:51Z</time>
      </trkpt>
      <trkpt lat="34.088379433" lon="-111.447126283"><ele>1652</ele>
        <time>2020-03-21T23:56:58Z</time>
      </trkpt>
      <trkpt lat="34.0883257" lon="-111.446973767"><ele>1652</ele>
        <time>2020-03-21T23:57:08Z</time>
      </trkpt>
      <trkpt lat="34.088310283" lon="-111.44683225"><ele>1653</ele>
        <time>2020-03-21T23:57:18Z</time>
      </trkpt>
      <trkpt lat="34.088317317" lon="-111.446786167"><ele>1652</ele>
        <time>2020-03-21T23:57:22Z</time>
      </trkpt>
      <trkpt lat="34.088431" lon="-111.44657005"><ele>1650</ele>
        <time>2020-03-21T23:57:55Z</time>
      </trkpt>
      <trkpt lat="34.088474867" lon="-111.4465331"><ele>1649</ele>
        <time>2020-03-21T23:58:01Z</time>
      </trkpt>
      <trkpt lat="34.088538183" lon="-111.446513733"><ele>1647</ele>
        <time>2020-03-21T23:58:15Z</time>
      </trkpt>
      <trkpt lat="34.0886196" lon="-111.4464643"><ele>1645</ele>
        <time>2020-03-21T23:58:24Z</time>
      </trkpt>
      <trkpt lat="34.088629817" lon="-111.446404333"><ele>1645</ele>
        <time>2020-03-21T23:58:28Z</time>
      </trkpt>
      <trkpt lat="34.088589567" lon="-111.446368983"><ele>1643</ele>
        <time>2020-03-21T23:58:37Z</time>
      </trkpt>
      <trkpt lat="34.088485317" lon="-111.446310567"><ele>1640</ele>
        <time>2020-03-21T23:58:48Z</time>
      </trkpt>
      <trkpt lat="34.088462133" lon="-111.44632795"><ele>1641</ele>
        <time>2020-03-21T23:58:51Z</time>
      </trkpt>
      <trkpt lat="34.088396583" lon="-111.446332583"><ele>1642</ele>
        <time>2020-03-21T23:58:56Z</time>
      </trkpt>
      <trkpt lat="34.08837305" lon="-111.446343217"><ele>1642</ele>
        <time>2020-03-21T23:58:58Z</time>
      </trkpt>
      <trkpt lat="34.088307267" lon="-111.446314433"><ele>1641</ele>
        <time>2020-03-21T23:59:04Z</time>
      </trkpt>
      <trkpt lat="34.088161217" lon="-111.4463207"><ele>1637</ele>
        <time>2020-03-21T23:59:32Z</time>
      </trkpt>
      <trkpt lat="34.088066683" lon="-111.44631895"><ele>1635</ele>
        <time>2020-03-21T23:59:39Z</time>
      </trkpt>
      <trkpt lat="34.088032733" lon="-111.446309433"><ele>1635</ele>
        <time>2020-03-21T23:59:41Z</time>
      </trkpt>
      <trkpt lat="34.088002933" lon="-111.44631715"><ele>1636</ele>
        <time>2020-03-21T23:59:43Z</time>
      </trkpt>
      <trkpt lat="34.087949583" lon="-111.44631275"><ele>1636</ele>
        <time>2020-03-21T23:59:49Z</time>
      </trkpt>
      <trkpt lat="34.0878948" lon="-111.44623995"><ele>1636</ele>
        <time>2020-03-21T23:59:59Z</time>
      </trkpt>
      <trkpt lat="34.08778635" lon="-111.44615615"><ele>1616</ele>
        <time>2020-03-22T00:00:09Z</time>
      </trkpt>
      <trkpt lat="34.087808417" lon="-111.446155317"><ele>1617</ele>
        <time>2020-03-22T00:00:10Z</time>
      </trkpt>
      <trkpt lat="34.087824483" lon="-111.44612515"><ele>1619</ele>
        <time>2020-03-22T00:00:12Z</time>
      </trkpt>
      <trkpt lat="34.087825667" lon="-111.446092217"><ele>1618</ele>
        <time>2020-03-22T00:00:15Z</time>
      </trkpt>
      <trkpt lat="34.0878952" lon="-111.44594485"><ele>1618</ele>
        <time>2020-03-22T00:00:29Z</time>
      </trkpt>
      <trkpt lat="34.0879069" lon="-111.4458709"><ele>1617</ele>
        <time>2020-03-22T00:00:38Z</time>
      </trkpt>
      <trkpt lat="34.087901383" lon="-111.44580115"><ele>1616</ele>
        <time>2020-03-22T00:00:45Z</time>
      </trkpt>
      <trkpt lat="34.08788455" lon="-111.445740633"><ele>1614</ele>
        <time>2020-03-22T00:00:50Z</time>
      </trkpt>
      <trkpt lat="34.087850533" lon="-111.44570485"><ele>1612</ele>
        <time>2020-03-22T00:00:54Z</time>
      </trkpt>
      <trkpt lat="34.087841483" lon="-111.445668433"><ele>1610</ele>
        <time>2020-03-22T00:00:58Z</time>
      </trkpt>
      <trkpt lat="34.087889717" lon="-111.445696933"><ele>1607</ele>
        <time>2020-03-22T00:01:04Z</time>
      </trkpt>
      <trkpt lat="34.0879098" lon="-111.445557133"><ele>1605</ele>
        <time>2020-03-22T00:01:17Z</time>
      </trkpt>
      <trkpt lat="34.087895817" lon="-111.445485583"><ele>1603</ele>
        <time>2020-03-22T00:01:23Z</time>
      </trkpt>
      <trkpt lat="34.087840883" lon="-111.445366883"><ele>1601</ele>
        <time>2020-03-22T00:01:32Z</time>
      </trkpt>
      <trkpt lat="34.087848033" lon="-111.445297333"><ele>1601</ele>
        <time>2020-03-22T00:01:36Z</time>
      </trkpt>
      <trkpt lat="34.087816633" lon="-111.4452445"><ele>1601</ele>
        <time>2020-03-22T00:01:40Z</time>
      </trkpt>
      <trkpt lat="34.087786467" lon="-111.445239517"><ele>1605</ele>
        <time>2020-03-22T00:02:43Z</time>
      </trkpt>
      <trkpt lat="34.0878084" lon="-111.445216433"><ele>1607</ele>
        <time>2020-03-22T00:02:46Z</time>
      </trkpt>
      <trkpt lat="34.087794167" lon="-111.44515275"><ele>1607</ele>
        <time>2020-03-22T00:02:57Z</time>
      </trkpt>
      <trkpt lat="34.08779905" lon="-111.445116917"><ele>1606</ele>
        <time>2020-03-22T00:02:59Z</time>
      </trkpt>
      <trkpt lat="34.087874933" lon="-111.444993367"><ele>1607</ele>
        <time>2020-03-22T00:03:11Z</time>
      </trkpt>
      <trkpt lat="34.08791285" lon="-111.444783467"><ele>1604</ele>
        <time>2020-03-22T00:03:29Z</time>
      </trkpt>
      <trkpt lat="34.08793415" lon="-111.444755417"><ele>1605</ele>
        <time>2020-03-22T00:03:32Z</time>
      </trkpt>
      <trkpt lat="34.0879857" lon="-111.444727933"><ele>1604</ele>
        <time>2020-03-22T00:03:37Z</time>
      </trkpt>
      <trkpt lat="34.088012417" lon="-111.4447383"><ele>1603</ele>
        <time>2020-03-22T00:03:40Z</time>
      </trkpt>
      <trkpt lat="34.0880386" lon="-111.4447332"><ele>1603</ele>
        <time>2020-03-22T00:03:42Z</time>
      </trkpt>
      <trkpt lat="34.088175583" lon="-111.444768917"><ele>1602</ele>
        <time>2020-03-22T00:03:53Z</time>
      </trkpt>
      <trkpt lat="34.088197333" lon="-111.444751683"><ele>1601</ele>
        <time>2020-03-22T00:03:56Z</time>
      </trkpt>
      <trkpt lat="34.088220033" lon="-111.444784583"><ele>1601</ele>
        <time>2020-03-22T00:04:01Z</time>
      </trkpt>
      <trkpt lat="34.08826725" lon="-111.444733117"><ele>1597</ele>
        <time>2020-03-22T00:04:03Z</time>
      </trkpt>
      <trkpt lat="34.088272283" lon="-111.444696667"><ele>1594</ele>
        <time>2020-03-22T00:04:04Z</time>
      </trkpt>
      <trkpt lat="34.088318817" lon="-111.4446892"><ele>1596</ele>
        <time>2020-03-22T00:04:08Z</time>
      </trkpt>
      <trkpt lat="34.08836525" lon="-111.44461505"><ele>1597</ele>
        <time>2020-03-22T00:04:15Z</time>
      </trkpt>
      <trkpt lat="34.088385517" lon="-111.444604283"><ele>1596</ele>
        <time>2020-03-22T00:04:17Z</time>
      </trkpt>
      <trkpt lat="34.088469583" lon="-111.444621867"><ele>1593</ele>
        <time>2020-03-22T00:04:26Z</time>
      </trkpt>
      <trkpt lat="34.088572817" lon="-111.444609067"><ele>1602</ele>
        <time>2020-03-22T00:04:33Z</time>
      </trkpt>
      <trkpt lat="34.08862675" lon="-111.4445096"><ele>1593</ele>
        <time>2020-03-22T00:04:39Z</time>
      </trkpt>
      <trkpt lat="34.088707433" lon="-111.4444333"><ele>1592</ele>
        <time>2020-03-22T00:04:47Z</time>
      </trkpt>
      <trkpt lat="34.088743283" lon="-111.4443384"><ele>1589</ele>
        <time>2020-03-22T00:04:59Z</time>
      </trkpt>
      <trkpt lat="34.08875595" lon="-111.44419405"><ele>1588</ele>
        <time>2020-03-22T00:05:07Z</time>
      </trkpt>
      <trkpt lat="34.088776483" lon="-111.444082933"><ele>1587</ele>
        <time>2020-03-22T00:05:13Z</time>
      </trkpt>
      <trkpt lat="34.088773483" lon="-111.44399935"><ele>1587</ele>
        <time>2020-03-22T00:05:18Z</time>
      </trkpt>
      <trkpt lat="34.088808367" lon="-111.443964717"><ele>1584</ele>
        <time>2020-03-22T00:05:29Z</time>
      </trkpt>
      <trkpt lat="34.08876885" lon="-111.443962783"><ele>1585</ele>
        <time>2020-03-22T00:05:30Z</time>
      </trkpt>
      <trkpt lat="34.08877815" lon="-111.44392865"><ele>1586</ele>
        <time>2020-03-22T00:05:35Z</time>
      </trkpt>
      <trkpt lat="34.088801317" lon="-111.443910583"><ele>1586</ele>
        <time>2020-03-22T00:05:54Z</time>
      </trkpt>
      <trkpt lat="34.088820883" lon="-111.4439321"><ele>1590</ele>
        <time>2020-03-22T00:05:58Z</time>
      </trkpt>
      <trkpt lat="34.088871117" lon="-111.4438334"><ele>1592</ele>
        <time>2020-03-22T00:06:12Z</time>
      </trkpt>
      <trkpt lat="34.0888906" lon="-111.443696883"><ele>1590</ele>
        <time>2020-03-22T00:06:22Z</time>
      </trkpt>
      <trkpt lat="34.088934933" lon="-111.443647467"><ele>1589</ele>
        <time>2020-03-22T00:06:27Z</time>
      </trkpt>
      <trkpt lat="34.088955183" lon="-111.443588017"><ele>1587</ele>
        <time>2020-03-22T00:06:31Z</time>
      </trkpt>
      <trkpt lat="34.089031667" lon="-111.44349375"><ele>1584</ele>
        <time>2020-03-22T00:06:42Z</time>
      </trkpt>
      <trkpt lat="34.089058933" lon="-111.443487417"><ele>1583</ele>
        <time>2020-03-22T00:06:45Z</time>
      </trkpt>
      <trkpt lat="34.0891624" lon="-111.443510117"><ele>1580</ele>
        <time>2020-03-22T00:07:03Z</time>
      </trkpt>
      <trkpt lat="34.089217283" lon="-111.44351125"><ele>1579</ele>
        <time>2020-03-22T00:07:07Z</time>
      </trkpt>
      <trkpt lat="34.089239733" lon="-111.443497467"><ele>1579</ele>
        <time>2020-03-22T00:07:09Z</time>
      </trkpt>
      <trkpt lat="34.089322867" lon="-111.4434918"><ele>1577</ele>
        <time>2020-03-22T00:07:15Z</time>
      </trkpt>
      <trkpt lat="34.0894112" lon="-111.443404567"><ele>1576</ele>
        <time>2020-03-22T00:07:24Z</time>
      </trkpt>
      <trkpt lat="34.089431417" lon="-111.443419533"><ele>1575</ele>
        <time>2020-03-22T00:07:29Z</time>
      </trkpt>
      <trkpt lat="34.089461167" lon="-111.4434214"><ele>1575</ele>
        <time>2020-03-22T00:07:31Z</time>
      </trkpt>
      <trkpt lat="34.089517117" lon="-111.443404117"><ele>1575</ele>
        <time>2020-03-22T00:07:35Z</time>
      </trkpt>
      <trkpt lat="34.089661833" lon="-111.443400333"><ele>1571</ele>
        <time>2020-03-22T00:07:47Z</time>
      </trkpt>
      <trkpt lat="34.08971115" lon="-111.44338385"><ele>1570</ele>
        <time>2020-03-22T00:07:51Z</time>
      </trkpt>
      <trkpt lat="34.0897011" lon="-111.4434154"><ele>1568</ele>
        <time>2020-03-22T00:08:03Z</time>
      </trkpt>
      <trkpt lat="34.089680383" lon="-111.443440317"><ele>1568</ele>
        <time>2020-03-22T00:08:05Z</time>
      </trkpt>
      <trkpt lat="34.08954785" lon="-111.443516133"><ele>1565</ele>
        <time>2020-03-22T00:08:15Z</time>
      </trkpt>
      <trkpt lat="34.089469817" lon="-111.443516767"><ele>1565</ele>
        <time>2020-03-22T00:08:21Z</time>
      </trkpt>
      <trkpt lat="34.0894203" lon="-111.44352635"><ele>1567</ele>
        <time>2020-03-22T00:08:25Z</time>
      </trkpt>
      <trkpt lat="34.089393067" lon="-111.44354305"><ele>1568</ele>
        <time>2020-03-22T00:08:28Z</time>
      </trkpt>
      <trkpt lat="34.08940975" lon="-111.443572567"><ele>1569</ele>
        <time>2020-03-22T00:08:31Z</time>
      </trkpt>
      <trkpt lat="34.089464383" lon="-111.44359215"><ele>1569</ele>
        <time>2020-03-22T00:08:35Z</time>
      </trkpt>
      <trkpt lat="34.089630433" lon="-111.443628017"><ele>1568</ele>
        <time>2020-03-22T00:08:47Z</time>
      </trkpt>
      <trkpt lat="34.0897242" lon="-111.44361985"><ele>1567</ele>
        <time>2020-03-22T00:08:53Z</time>
      </trkpt>
      <trkpt lat="34.089771583" lon="-111.443582633"><ele>1566</ele>
        <time>2020-03-22T00:08:57Z</time>
      </trkpt>
      <trkpt lat="34.089869817" lon="-111.443533667"><ele>1562</ele>
        <time>2020-03-22T00:09:06Z</time>
      </trkpt>
      <trkpt lat="34.08993035" lon="-111.443544067"><ele>1557</ele>
        <time>2020-03-22T00:09:18Z</time>
      </trkpt>
      <trkpt lat="34.08998215" lon="-111.4435389"><ele>1556</ele>
        <time>2020-03-22T00:09:22Z</time>
      </trkpt>
      <trkpt lat="34.090009583" lon="-111.443553667"><ele>1554</ele>
        <time>2020-03-22T00:09:26Z</time>
      </trkpt>
      <trkpt lat="34.090040133" lon="-111.443551467"><ele>1552</ele>
        <time>2020-03-22T00:09:30Z</time>
      </trkpt>
      <trkpt lat="34.090061917" lon="-111.4435244"><ele>1551</ele>
        <time>2020-03-22T00:09:33Z</time>
      </trkpt>
      <trkpt lat="34.090090567" lon="-111.443533583"><ele>1550</ele>
        <time>2020-03-22T00:09:36Z</time>
      </trkpt>
      <trkpt lat="34.090115533" lon="-111.443529217"><ele>1550</ele>
        <time>2020-03-22T00:09:39Z</time>
      </trkpt>
      <trkpt lat="34.0901356" lon="-111.44349365"><ele>1547</ele>
        <time>2020-03-22T00:09:44Z</time>
      </trkpt>
      <trkpt lat="34.090192317" lon="-111.443462867"><ele>1546</ele>
        <time>2020-03-22T00:09:48Z</time>
      </trkpt>
      <trkpt lat="34.090254333" lon="-111.443413"><ele>1545</ele>
        <time>2020-03-22T00:09:54Z</time>
      </trkpt>
      <trkpt lat="34.09028245" lon="-111.443404217"><ele>1544</ele>
        <time>2020-03-22T00:09:57Z</time>
      </trkpt>
      <trkpt lat="34.090339483" lon="-111.443416917"><ele>1543</ele>
        <time>2020-03-22T00:10:03Z</time>
      </trkpt>
      <trkpt lat="34.090399733" lon="-111.443358167"><ele>1542</ele>
        <time>2020-03-22T00:10:10Z</time>
      </trkpt>
      <trkpt lat="34.090427033" lon="-111.4433758"><ele>1540</ele>
        <time>2020-03-22T00:10:13Z</time>
      </trkpt>
      <trkpt lat="34.090371333" lon="-111.4434133"><ele>1540</ele>
        <time>2020-03-22T00:10:25Z</time>
      </trkpt>
      <trkpt lat="34.090255783" lon="-111.443464483"><ele>1536</ele>
        <time>2020-03-22T00:10:33Z</time>
      </trkpt>
      <trkpt lat="34.09022955" lon="-111.443484717"><ele>1535</ele>
        <time>2020-03-22T00:10:35Z</time>
      </trkpt>
      <trkpt lat="34.0902003" lon="-111.443491367"><ele>1535</ele>
        <time>2020-03-22T00:10:37Z</time>
      </trkpt>
      <trkpt lat="34.090144783" lon="-111.44354095"><ele>1533</ele>
        <time>2020-03-22T00:10:41Z</time>
      </trkpt>
      <trkpt lat="34.090110617" lon="-111.4435937"><ele>1532</ele>
        <time>2020-03-22T00:10:44Z</time>
      </trkpt>
      <trkpt lat="34.0898842" lon="-111.443789717"><ele>1532</ele>
        <time>2020-03-22T00:11:04Z</time>
      </trkpt>
      <trkpt lat="34.089631117" lon="-111.443926367"><ele>1530</ele>
        <time>2020-03-22T00:11:25Z</time>
      </trkpt>
      <trkpt lat="34.089507017" lon="-111.4440484"><ele>1528</ele>
        <time>2020-03-22T00:11:37Z</time>
      </trkpt>
      <trkpt lat="34.089485067" lon="-111.4441068"><ele>1526</ele>
        <time>2020-03-22T00:11:42Z</time>
      </trkpt>
      <trkpt lat="34.089473067" lon="-111.444248017"><ele>1525</ele>
        <time>2020-03-22T00:11:50Z</time>
      </trkpt>
      <trkpt lat="34.089482317" lon="-111.444289083"><ele>1525</ele>
        <time>2020-03-22T00:11:53Z</time>
      </trkpt>
      <trkpt lat="34.089507667" lon="-111.444306667"><ele>1525</ele>
        <time>2020-03-22T00:11:55Z</time>
      </trkpt>
      <trkpt lat="34.089529133" lon="-111.444294317"><ele>1523</ele>
        <time>2020-03-22T00:12:02Z</time>
      </trkpt>
      <trkpt lat="34.089558283" lon="-111.444211883"><ele>1522</ele>
        <time>2020-03-22T00:12:08Z</time>
      </trkpt>
      <trkpt lat="34.08957985" lon="-111.4441849"><ele>1522</ele>
        <time>2020-03-22T00:12:10Z</time>
      </trkpt>
      <trkpt lat="34.089669033" lon="-111.444111083"><ele>1524</ele>
        <time>2020-03-22T00:12:19Z</time>
      </trkpt>
      <trkpt lat="34.089715483" lon="-111.444094617"><ele>1525</ele>
        <time>2020-03-22T00:12:24Z</time>
      </trkpt>
      <trkpt lat="34.089798383" lon="-111.444084417"><ele>1525</ele>
        <time>2020-03-22T00:12:30Z</time>
      </trkpt>
      <trkpt lat="34.089817783" lon="-111.444071667"><ele>1525</ele>
        <time>2020-03-22T00:13:02Z</time>
      </trkpt>
      <trkpt lat="34.089986867" lon="-111.444031217"><ele>1519</ele>
        <time>2020-03-22T00:13:16Z</time>
      </trkpt>
      <trkpt lat="34.090076867" lon="-111.4439963"><ele>1519</ele>
        <time>2020-03-22T00:13:22Z</time>
      </trkpt>
      <trkpt lat="34.09017755" lon="-111.443975017"><ele>1518</ele>
        <time>2020-03-22T00:13:30Z</time>
      </trkpt>
      <trkpt lat="34.09029865" lon="-111.4439154"><ele>1517</ele>
        <time>2020-03-22T00:13:38Z</time>
      </trkpt>
      <trkpt lat="34.09034745" lon="-111.443863367"><ele>1517</ele>
        <time>2020-03-22T00:13:42Z</time>
      </trkpt>
      <trkpt lat="34.090451283" lon="-111.443786067"><ele>1514</ele>
        <time>2020-03-22T00:13:50Z</time>
      </trkpt>
      <trkpt lat="34.090589733" lon="-111.443727567"><ele>1512</ele>
        <time>2020-03-22T00:14:00Z</time>
      </trkpt>
      <trkpt lat="34.09085395" lon="-111.443692733"><ele>1530</ele>
        <time>2020-03-22T00:14:12Z</time>
      </trkpt>
      <trkpt lat="34.090939933" lon="-111.443616467"><ele>1519</ele>
        <time>2020-03-22T00:14:20Z</time>
      </trkpt>
      <trkpt lat="34.091028267" lon="-111.443585817"><ele>1521</ele>
        <time>2020-03-22T00:14:26Z</time>
      </trkpt>
      <trkpt lat="34.091043567" lon="-111.443563717"><ele>1518</ele>
        <time>2020-03-22T00:14:28Z</time>
      </trkpt>
      <trkpt lat="34.091085567" lon="-111.4435584"><ele>1503</ele>
        <time>2020-03-22T00:15:12Z</time>
      </trkpt>
      <trkpt lat="34.091068083" lon="-111.443590283"><ele>1502</ele>
        <time>2020-03-22T00:15:14Z</time>
      </trkpt>
      <trkpt lat="34.0910294" lon="-111.443626983"><ele>1502</ele>
        <time>2020-03-22T00:15:18Z</time>
      </trkpt>
      <trkpt lat="34.091000483" lon="-111.443640433"><ele>1502</ele>
        <time>2020-03-22T00:15:20Z</time>
      </trkpt>
      <trkpt lat="34.090979133" lon="-111.443665617"><ele>1502</ele>
        <time>2020-03-22T00:15:22Z</time>
      </trkpt>
      <trkpt lat="34.0909002" lon="-111.443706383"><ele>1502</ele>
        <time>2020-03-22T00:15:28Z</time>
      </trkpt>
      <trkpt lat="34.090806767" lon="-111.44379815"><ele>1501</ele>
        <time>2020-03-22T00:15:36Z</time>
      </trkpt>
      <trkpt lat="34.090750583" lon="-111.44384255"><ele>1499</ele>
        <time>2020-03-22T00:15:40Z</time>
      </trkpt>
      <trkpt lat="34.090719167" lon="-111.443853533"><ele>1499</ele>
        <time>2020-03-22T00:15:42Z</time>
      </trkpt>
      <trkpt lat="34.09069855" lon="-111.44388365"><ele>1498</ele>
        <time>2020-03-22T00:15:44Z</time>
      </trkpt>
      <trkpt lat="34.090666633" lon="-111.443891083"><ele>1498</ele>
        <time>2020-03-22T00:15:46Z</time>
      </trkpt>
      <trkpt lat="34.0905737" lon="-111.443983633"><ele>1499</ele>
        <time>2020-03-22T00:15:54Z</time>
      </trkpt>
      <trkpt lat="34.090469483" lon="-111.444064067"><ele>1498</ele>
        <time>2020-03-22T00:16:02Z</time>
      </trkpt>
      <trkpt lat="34.090255967" lon="-111.444308767"><ele>1488</ele>
        <time>2020-03-22T00:16:23Z</time>
      </trkpt>
      <trkpt lat="34.0902388" lon="-111.444388283"><ele>1487</ele>
        <time>2020-03-22T00:16:29Z</time>
      </trkpt>
      <trkpt lat="34.090253167" lon="-111.444444533"><ele>1485</ele>
        <time>2020-03-22T00:16:35Z</time>
      </trkpt>
      <trkpt lat="34.09030315" lon="-111.444498383"><ele>1485</ele>
        <time>2020-03-22T00:16:42Z</time>
      </trkpt>
      <trkpt lat="34.09042345" lon="-111.444476783"><ele>1487</ele>
        <time>2020-03-22T00:16:50Z</time>
      </trkpt>
      <trkpt lat="34.09050755" lon="-111.444415133"><ele>1489</ele>
        <time>2020-03-22T00:16:56Z</time>
      </trkpt>
      <trkpt lat="34.0906385" lon="-111.44429585"><ele>1493</ele>
        <time>2020-03-22T00:17:06Z</time>
      </trkpt>
      <trkpt lat="34.0907257" lon="-111.444191933"><ele>1490</ele>
        <time>2020-03-22T00:17:15Z</time>
      </trkpt>
      <trkpt lat="34.090772217" lon="-111.444151267"><ele>1490</ele>
        <time>2020-03-22T00:17:19Z</time>
      </trkpt>
      <trkpt lat="34.09082685" lon="-111.444140617"><ele>1489</ele>
        <time>2020-03-22T00:17:24Z</time>
      </trkpt>
      <trkpt lat="34.090898417" lon="-111.444099433"><ele>1487</ele>
        <time>2020-03-22T00:17:30Z</time>
      </trkpt>
      <trkpt lat="34.091012067" lon="-111.444060017"><ele>1484</ele>
        <time>2020-03-22T00:17:37Z</time>
      </trkpt>
      <trkpt lat="34.0910707" lon="-111.444049667"><ele>1484</ele>
        <time>2020-03-22T00:17:41Z</time>
      </trkpt>
      <trkpt lat="34.0911467" lon="-111.444056717"><ele>1483</ele>
        <time>2020-03-22T00:17:47Z</time>
      </trkpt>
      <trkpt lat="34.0911764" lon="-111.444069067"><ele>1482</ele>
        <time>2020-03-22T00:17:49Z</time>
      </trkpt>
      <trkpt lat="34.091227633" lon="-111.444044833"><ele>1482</ele>
        <time>2020-03-22T00:17:53Z</time>
      </trkpt>
      <trkpt lat="34.091621017" lon="-111.444115583"><ele>1527</ele>
        <time>2020-03-22T00:18:09Z</time>
      </trkpt>
      <trkpt lat="34.09161505" lon="-111.444085683"><ele>1522</ele>
        <time>2020-03-22T00:18:10Z</time>
      </trkpt>
      <trkpt lat="34.091658033" lon="-111.444026183"><ele>1516</ele>
        <time>2020-03-22T00:18:14Z</time>
      </trkpt>
      <trkpt lat="34.091687133" lon="-111.444008683"><ele>1517</ele>
        <time>2020-03-22T00:18:16Z</time>
      </trkpt>
      <trkpt lat="34.091706417" lon="-111.44393255"><ele>1510</ele>
        <time>2020-03-22T00:18:20Z</time>
      </trkpt>
      <trkpt lat="34.091792183" lon="-111.44383345"><ele>1500</ele>
        <time>2020-03-22T00:18:29Z</time>
      </trkpt>
      <trkpt lat="34.091841083" lon="-111.443799933"><ele>1497</ele>
        <time>2020-03-22T00:18:33Z</time>
      </trkpt>
      <trkpt lat="34.091856467" lon="-111.443765833"><ele>1496</ele>
        <time>2020-03-22T00:18:35Z</time>
      </trkpt>
      <trkpt lat="34.0918776" lon="-111.443749033"><ele>1494</ele>
        <time>2020-03-22T00:18:37Z</time>
      </trkpt>
      <trkpt lat="34.09189555" lon="-111.443685483"><ele>1493</ele>
        <time>2020-03-22T00:18:41Z</time>
      </trkpt>
      <trkpt lat="34.091873617" lon="-111.4436126"><ele>1485</ele>
        <time>2020-03-22T00:18:43Z</time>
      </trkpt>
      <trkpt lat="34.091770117" lon="-111.443413917"><ele>1471</ele>
        <time>2020-03-22T00:18:53Z</time>
      </trkpt>
      <trkpt lat="34.091637467" lon="-111.443284283"><ele>1468</ele>
        <time>2020-03-22T00:19:03Z</time>
      </trkpt>
      <trkpt lat="34.091561967" lon="-111.443185483"><ele>1465</ele>
        <time>2020-03-22T00:19:12Z</time>
      </trkpt>
      <trkpt lat="34.091566017" lon="-111.443149467"><ele>1465</ele>
        <time>2020-03-22T00:19:16Z</time>
      </trkpt>
      <trkpt lat="34.091548483" lon="-111.443129733"><ele>1464</ele>
        <time>2020-03-22T00:19:18Z</time>
      </trkpt>
      <trkpt lat="34.0915193" lon="-111.443103283"><ele>1463</ele>
        <time>2020-03-22T00:19:20Z</time>
      </trkpt>
      <trkpt lat="34.0914546" lon="-111.443085583"><ele>1463</ele>
        <time>2020-03-22T00:19:24Z</time>
      </trkpt>
      <trkpt lat="34.091487683" lon="-111.443079917"><ele>1461</ele>
        <time>2020-03-22T00:19:29Z</time>
      </trkpt>
      <trkpt lat="34.091568017" lon="-111.4431202"><ele>1460</ele>
        <time>2020-03-22T00:19:35Z</time>
      </trkpt>
      <trkpt lat="34.091637117" lon="-111.44322605"><ele>1459</ele>
        <time>2020-03-22T00:19:43Z</time>
      </trkpt>
      <trkpt lat="34.09171765" lon="-111.443277033"><ele>1459</ele>
        <time>2020-03-22T00:19:49Z</time>
      </trkpt>
      <trkpt lat="34.091777533" lon="-111.443357483"><ele>1458</ele>
        <time>2020-03-22T00:19:55Z</time>
      </trkpt>
      <trkpt lat="34.09184045" lon="-111.4433979"><ele>1458</ele>
        <time>2020-03-22T00:19:59Z</time>
      </trkpt>
      <trkpt lat="34.091860617" lon="-111.443454867"><ele>1457</ele>
        <time>2020-03-22T00:20:03Z</time>
      </trkpt>
      <trkpt lat="34.091920933" lon="-111.443535017"><ele>1456</ele>
        <time>2020-03-22T00:20:10Z</time>
      </trkpt>
      <trkpt lat="34.092004467" lon="-111.443605683"><ele>1455</ele>
        <time>2020-03-22T00:20:16Z</time>
      </trkpt>
      <trkpt lat="34.092060017" lon="-111.443681233"><ele>1454</ele>
        <time>2020-03-22T00:20:22Z</time>
      </trkpt>
      <trkpt lat="34.09208675" lon="-111.44370175"><ele>1454</ele>
        <time>2020-03-22T00:20:24Z</time>
      </trkpt>
      <trkpt lat="34.092126167" lon="-111.443773517"><ele>1451</ele>
        <time>2020-03-22T00:20:31Z</time>
      </trkpt>
      <trkpt lat="34.0921663" lon="-111.443817767"><ele>1450</ele>
        <time>2020-03-22T00:20:35Z</time>
      </trkpt>
      <trkpt lat="34.092222267" lon="-111.4438402"><ele>1449</ele>
        <time>2020-03-22T00:20:39Z</time>
      </trkpt>
      <trkpt lat="34.092301133" lon="-111.443892183"><ele>1447</ele>
        <time>2020-03-22T00:20:47Z</time>
      </trkpt>
      <trkpt lat="34.092446" lon="-111.4439219"><ele>1445</ele>
        <time>2020-03-22T00:20:58Z</time>
      </trkpt>
      <trkpt lat="34.092478167" lon="-111.443918283"><ele>1444</ele>
        <time>2020-03-22T00:21:00Z</time>
      </trkpt>
      <trkpt lat="34.09250755" lon="-111.4439027"><ele>1444</ele>
        <time>2020-03-22T00:21:02Z</time>
      </trkpt>
      <trkpt lat="34.09253385" lon="-111.443903633"><ele>1443</ele>
        <time>2020-03-22T00:21:04Z</time>
      </trkpt>
      <trkpt lat="34.092555367" lon="-111.443871167"><ele>1443</ele>
        <time>2020-03-22T00:21:06Z</time>
      </trkpt>
      <trkpt lat="34.092560333" lon="-111.443820233"><ele>1443</ele>
        <time>2020-03-22T00:21:08Z</time>
      </trkpt>
      <trkpt lat="34.0925158" lon="-111.443769983"><ele>1442</ele>
        <time>2020-03-22T00:21:12Z</time>
      </trkpt>
      <trkpt lat="34.092399967" lon="-111.443694233"><ele>1440</ele>
        <time>2020-03-22T00:21:20Z</time>
      </trkpt>
      <trkpt lat="34.092382133" lon="-111.443670567"><ele>1440</ele>
        <time>2020-03-22T00:21:22Z</time>
      </trkpt>
      <trkpt lat="34.09229625" lon="-111.443627067"><ele>1439</ele>
        <time>2020-03-22T00:21:28Z</time>
      </trkpt>
      <trkpt lat="34.09216765" lon="-111.443376283"><ele>1436</ele>
        <time>2020-03-22T00:21:44Z</time>
      </trkpt>
      <trkpt lat="34.092077683" lon="-111.443270183"><ele>1434</ele>
        <time>2020-03-22T00:21:52Z</time>
      </trkpt>
      <trkpt lat="34.09201345" lon="-111.443173083"><ele>1434</ele>
        <time>2020-03-22T00:21:58Z</time>
      </trkpt>
      <trkpt lat="34.091961333" lon="-111.44308445"><ele>1432</ele>
        <time>2020-03-22T00:22:04Z</time>
      </trkpt>
      <trkpt lat="34.091902183" lon="-111.4429539"><ele>1433</ele>
        <time>2020-03-22T00:22:12Z</time>
      </trkpt>
      <trkpt lat="34.09187835" lon="-111.442919283"><ele>1432</ele>
        <time>2020-03-22T00:22:14Z</time>
      </trkpt>
      <trkpt lat="34.091800217" lon="-111.442857083"><ele>1430</ele>
        <time>2020-03-22T00:22:19Z</time>
      </trkpt>
      <trkpt lat="34.0917358" lon="-111.442780967"><ele>1428</ele>
        <time>2020-03-22T00:22:25Z</time>
      </trkpt>
      <trkpt lat="34.091707983" lon="-111.44271225"><ele>1428</ele>
        <time>2020-03-22T00:22:29Z</time>
      </trkpt>
      <trkpt lat="34.091684233" lon="-111.442687133"><ele>1428</ele>
        <time>2020-03-22T00:22:31Z</time>
      </trkpt>
      <trkpt lat="34.0916172" lon="-111.442556167"><ele>1427</ele>
        <time>2020-03-22T00:22:39Z</time>
      </trkpt>
      <trkpt lat="34.091604683" lon="-111.442523867"><ele>1426</ele>
        <time>2020-03-22T00:22:41Z</time>
      </trkpt>
      <trkpt lat="34.0915839" lon="-111.442380717"><ele>1425</ele>
        <time>2020-03-22T00:22:49Z</time>
      </trkpt>
      <trkpt lat="34.09150865" lon="-111.4422206"><ele>1421</ele>
        <time>2020-03-22T00:22:59Z</time>
      </trkpt>
      <trkpt lat="34.091485283" lon="-111.442142633"><ele>1421</ele>
        <time>2020-03-22T00:23:03Z</time>
      </trkpt>
      <trkpt lat="34.0914855" lon="-111.442110217"><ele>1421</ele>
        <time>2020-03-22T00:23:05Z</time>
      </trkpt>
      <trkpt lat="34.091546183" lon="-111.441904533"><ele>1419</ele>
        <time>2020-03-22T00:23:18Z</time>
      </trkpt>
      <trkpt lat="34.091552317" lon="-111.441835467"><ele>1418</ele>
        <time>2020-03-22T00:23:35Z</time>
      </trkpt>
      <trkpt lat="34.091586867" lon="-111.44177265"><ele>1417</ele>
        <time>2020-03-22T00:23:39Z</time>
      </trkpt>
      <trkpt lat="34.0915924" lon="-111.441676217"><ele>1415</ele>
        <time>2020-03-22T00:23:45Z</time>
      </trkpt>
      <trkpt lat="34.09163205" lon="-111.441527083"><ele>1414</ele>
        <time>2020-03-22T00:23:53Z</time>
      </trkpt>
      <trkpt lat="34.0916936" lon="-111.441436167"><ele>1413</ele>
        <time>2020-03-22T00:23:59Z</time>
      </trkpt>
      <trkpt lat="34.091733483" lon="-111.441349967"><ele>1412</ele>
        <time>2020-03-22T00:24:03Z</time>
      </trkpt>
      <trkpt lat="34.091864633" lon="-111.441271083"><ele>1410</ele>
        <time>2020-03-22T00:24:13Z</time>
      </trkpt>
      <trkpt lat="34.091927633" lon="-111.441256433"><ele>1409</ele>
        <time>2020-03-22T00:24:18Z</time>
      </trkpt>
      <trkpt lat="34.0919482" lon="-111.4412282"><ele>1408</ele>
        <time>2020-03-22T00:24:20Z</time>
      </trkpt>
      <trkpt lat="34.091995417" lon="-111.441100833"><ele>1405</ele>
        <time>2020-03-22T00:24:28Z</time>
      </trkpt>
      <trkpt lat="34.091996917" lon="-111.441030033"><ele>1405</ele>
        <time>2020-03-22T00:24:32Z</time>
      </trkpt>
      <trkpt lat="34.092013217" lon="-111.44095815"><ele>1404</ele>
        <time>2020-03-22T00:24:36Z</time>
      </trkpt>
      <trkpt lat="34.092049483" lon="-111.44091145"><ele>1404</ele>
        <time>2020-03-22T00:24:40Z</time>
      </trkpt>
      <trkpt lat="34.092055367" lon="-111.440878167"><ele>1403</ele>
        <time>2020-03-22T00:24:42Z</time>
      </trkpt>
      <trkpt lat="34.092028133" lon="-111.4408266"><ele>1403</ele>
        <time>2020-03-22T00:24:46Z</time>
      </trkpt>
      <trkpt lat="34.091931367" lon="-111.440713983"><ele>1405</ele>
        <time>2020-03-22T00:24:55Z</time>
      </trkpt>
      <trkpt lat="34.091875667" lon="-111.440588567"><ele>1404</ele>
        <time>2020-03-22T00:25:03Z</time>
      </trkpt>
      <trkpt lat="34.0918854" lon="-111.440514267"><ele>1403</ele>
        <time>2020-03-22T00:25:07Z</time>
      </trkpt>
      <trkpt lat="34.091991183" lon="-111.44036015"><ele>1406</ele>
        <time>2020-03-22T00:25:20Z</time>
      </trkpt>
      <trkpt lat="34.092001633" lon="-111.440253267"><ele>1408</ele>
        <time>2020-03-22T00:25:28Z</time>
      </trkpt>
      <trkpt lat="34.092020717" lon="-111.440182983"><ele>1408</ele>
        <time>2020-03-22T00:25:32Z</time>
      </trkpt>
      <trkpt lat="34.092002283" lon="-111.44008515"><ele>1408</ele>
        <time>2020-03-22T00:25:38Z</time>
      </trkpt>
      <trkpt lat="34.091955217" lon="-111.439994633"><ele>1405</ele>
        <time>2020-03-22T00:25:44Z</time>
      </trkpt>
      <trkpt lat="34.0918618" lon="-111.439866133"><ele>1401</ele>
        <time>2020-03-22T00:25:54Z</time>
      </trkpt>
      <trkpt lat="34.091812633" lon="-111.439823917"><ele>1399</ele>
        <time>2020-03-22T00:25:58Z</time>
      </trkpt>
      <trkpt lat="34.091713917" lon="-111.43978465"><ele>1397</ele>
        <time>2020-03-22T00:26:04Z</time>
      </trkpt>
      <trkpt lat="34.091670333" lon="-111.439753183"><ele>1395</ele>
        <time>2020-03-22T00:26:09Z</time>
      </trkpt>
      <trkpt lat="34.091650033" lon="-111.43972125"><ele>1394</ele>
        <time>2020-03-22T00:26:11Z</time>
      </trkpt>
      <trkpt lat="34.0915994" lon="-111.439680817"><ele>1392</ele>
        <time>2020-03-22T00:26:15Z</time>
      </trkpt>
      <trkpt lat="34.091399333" lon="-111.439439833"><ele>1388</ele>
        <time>2020-03-22T00:26:34Z</time>
      </trkpt>
      <trkpt lat="34.091353283" lon="-111.439396033"><ele>1387</ele>
        <time>2020-03-22T00:26:38Z</time>
      </trkpt>
      <trkpt lat="34.091337767" lon="-111.439367717"><ele>1387</ele>
        <time>2020-03-22T00:26:40Z</time>
      </trkpt>
      <trkpt lat="34.091326783" lon="-111.4392704"><ele>1386</ele>
        <time>2020-03-22T00:26:47Z</time>
      </trkpt>
      <trkpt lat="34.091279233" lon="-111.439136967"><ele>1383</ele>
        <time>2020-03-22T00:26:56Z</time>
      </trkpt>
      <trkpt lat="34.091276117" lon="-111.439063767"><ele>1382</ele>
        <time>2020-03-22T00:27:00Z</time>
      </trkpt>
      <trkpt lat="34.091261683" lon="-111.439036483"><ele>1381</ele>
        <time>2020-03-22T00:27:02Z</time>
      </trkpt>
      <trkpt lat="34.091234567" lon="-111.438858867"><ele>1380</ele>
        <time>2020-03-22T00:27:13Z</time>
      </trkpt>
      <trkpt lat="34.091181483" lon="-111.438746283"><ele>1378</ele>
        <time>2020-03-22T00:27:19Z</time>
      </trkpt>
      <trkpt lat="34.091099133" lon="-111.43864165"><ele>1379</ele>
        <time>2020-03-22T00:27:26Z</time>
      </trkpt>
      <trkpt lat="34.091083717" lon="-111.438604017"><ele>1379</ele>
        <time>2020-03-22T00:27:28Z</time>
      </trkpt>
      <trkpt lat="34.09109065" lon="-111.4385647"><ele>1380</ele>
        <time>2020-03-22T00:27:31Z</time>
      </trkpt>
      <trkpt lat="34.091082167" lon="-111.438468567"><ele>1382</ele>
        <time>2020-03-22T00:27:37Z</time>
      </trkpt>
      <trkpt lat="34.091147133" lon="-111.438288117"><ele>1388</ele>
        <time>2020-03-22T00:27:51Z</time>
      </trkpt>
      <trkpt lat="34.091199533" lon="-111.438262917"><ele>1389</ele>
        <time>2020-03-22T00:27:55Z</time>
      </trkpt>
      <trkpt lat="34.091249383" lon="-111.438220867"><ele>1390</ele>
        <time>2020-03-22T00:27:59Z</time>
      </trkpt>
      <trkpt lat="34.0912782" lon="-111.438211867"><ele>1390</ele>
        <time>2020-03-22T00:28:01Z</time>
      </trkpt>
      <trkpt lat="34.091366133" lon="-111.438224633"><ele>1394</ele>
        <time>2020-03-22T00:28:07Z</time>
      </trkpt>
      <trkpt lat="34.091478833" lon="-111.438191817"><ele>1400</ele>
        <time>2020-03-22T00:28:16Z</time>
      </trkpt>
      <trkpt lat="34.091510767" lon="-111.438194"><ele>1401</ele>
        <time>2020-03-22T00:28:18Z</time>
      </trkpt>
      <trkpt lat="34.091557483" lon="-111.438151017"><ele>1404</ele>
        <time>2020-03-22T00:28:23Z</time>
      </trkpt>
      <trkpt lat="34.09155955" lon="-111.438106183"><ele>1402</ele>
        <time>2020-03-22T00:28:25Z</time>
      </trkpt>
      <trkpt lat="34.091525983" lon="-111.438073317"><ele>1394</ele>
        <time>2020-03-22T00:28:26Z</time>
      </trkpt>
      <trkpt lat="34.0915398" lon="-111.4380493"><ele>1395</ele>
        <time>2020-03-22T00:28:27Z</time>
      </trkpt>
      <trkpt lat="34.0915174" lon="-111.4379603"><ele>1390</ele>
        <time>2020-03-22T00:28:30Z</time>
      </trkpt>
      <trkpt lat="34.091580317" lon="-111.43768185"><ele>1390</ele>
        <time>2020-03-22T00:28:47Z</time>
      </trkpt>
      <trkpt lat="34.091496017" lon="-111.437381017"><ele>1385</ele>
        <time>2020-03-22T00:29:03Z</time>
      </trkpt>
      <trkpt lat="34.091512467" lon="-111.437237217"><ele>1384</ele>
        <time>2020-03-22T00:29:11Z</time>
      </trkpt>
      <trkpt lat="34.09148165" lon="-111.4371619"><ele>1383</ele>
        <time>2020-03-22T00:29:15Z</time>
      </trkpt>
      <trkpt lat="34.091492683" lon="-111.437056167"><ele>1382</ele>
        <time>2020-03-22T00:29:21Z</time>
      </trkpt>
      <trkpt lat="34.091490333" lon="-111.436951783"><ele>1381</ele>
        <time>2020-03-22T00:29:27Z</time>
      </trkpt>
      <trkpt lat="34.0914158" lon="-111.436742883"><ele>1379</ele>
        <time>2020-03-22T00:29:40Z</time>
      </trkpt>
      <trkpt lat="34.091397517" lon="-111.436571417"><ele>1380</ele>
        <time>2020-03-22T00:29:52Z</time>
      </trkpt>
      <trkpt lat="34.09141795" lon="-111.4365216"><ele>1380</ele>
        <time>2020-03-22T00:29:56Z</time>
      </trkpt>
      <trkpt lat="34.091447867" lon="-111.436390267"><ele>1381</ele>
        <time>2020-03-22T00:30:04Z</time>
      </trkpt>
      <trkpt lat="34.0915066" lon="-111.436318383"><ele>1382</ele>
        <time>2020-03-22T00:30:10Z</time>
      </trkpt>
      <trkpt lat="34.091646367" lon="-111.436219333"><ele>1384</ele>
        <time>2020-03-22T00:30:20Z</time>
      </trkpt>
      <trkpt lat="34.091717417" lon="-111.436134367"><ele>1385</ele>
        <time>2020-03-22T00:30:26Z</time>
      </trkpt>
      <trkpt lat="34.091729167" lon="-111.436100017"><ele>1385</ele>
        <time>2020-03-22T00:30:28Z</time>
      </trkpt>
      <trkpt lat="34.09173495" lon="-111.436023"><ele>1385</ele>
        <time>2020-03-22T00:30:32Z</time>
      </trkpt>
      <trkpt lat="34.0917695" lon="-111.4359842"><ele>1385</ele>
        <time>2020-03-22T00:30:37Z</time>
      </trkpt>
      <trkpt lat="34.091780617" lon="-111.4359576"><ele>1385</ele>
        <time>2020-03-22T00:30:39Z</time>
      </trkpt>
      <trkpt lat="34.091771083" lon="-111.435867583"><ele>1381</ele>
        <time>2020-03-22T00:30:44Z</time>
      </trkpt>
      <trkpt lat="34.0917391" lon="-111.435737533"><ele>1376</ele>
        <time>2020-03-22T00:30:54Z</time>
      </trkpt>
      <trkpt lat="34.0917297" lon="-111.4355474"><ele>1373</ele>
        <time>2020-03-22T00:31:06Z</time>
      </trkpt>
      <trkpt lat="34.091760917" lon="-111.435527983"><ele>1374</ele>
        <time>2020-03-22T00:31:09Z</time>
      </trkpt>
      <trkpt lat="34.091776317" lon="-111.43550245"><ele>1375</ele>
        <time>2020-03-22T00:31:11Z</time>
      </trkpt>
      <trkpt lat="34.091929767" lon="-111.43518675"><ele>1379</ele>
        <time>2020-03-22T00:31:31Z</time>
      </trkpt>
      <trkpt lat="34.092002083" lon="-111.43505765"><ele>1380</ele>
        <time>2020-03-22T00:31:39Z</time>
      </trkpt>
      <trkpt lat="34.092008767" lon="-111.435020883"><ele>1380</ele>
        <time>2020-03-22T00:31:41Z</time>
      </trkpt>
      <trkpt lat="34.0920394" lon="-111.434956417"><ele>1380</ele>
        <time>2020-03-22T00:31:45Z</time>
      </trkpt>
      <trkpt lat="34.092072617" lon="-111.434818583"><ele>1379</ele>
        <time>2020-03-22T00:31:53Z</time>
      </trkpt>
      <trkpt lat="34.092080333" lon="-111.434742183"><ele>1378</ele>
        <time>2020-03-22T00:31:57Z</time>
      </trkpt>
      <trkpt lat="34.092064017" lon="-111.434432283"><ele>1371</ele>
        <time>2020-03-22T00:32:13Z</time>
      </trkpt>
      <trkpt lat="34.092040833" lon="-111.434262167"><ele>1367</ele>
        <time>2020-03-22T00:32:23Z</time>
      </trkpt>
      <trkpt lat="34.092018867" lon="-111.4341855"><ele>1365</ele>
        <time>2020-03-22T00:32:27Z</time>
      </trkpt>
      <trkpt lat="34.091953633" lon="-111.434030967"><ele>1363</ele>
        <time>2020-03-22T00:32:38Z</time>
      </trkpt>
      <trkpt lat="34.0918994" lon="-111.43396135"><ele>1361</ele>
        <time>2020-03-22T00:32:44Z</time>
      </trkpt>
      <trkpt lat="34.09180265" lon="-111.4338674"><ele>1359</ele>
        <time>2020-03-22T00:32:52Z</time>
      </trkpt>
      <trkpt lat="34.091727167" lon="-111.43382645"><ele>1357</ele>
        <time>2020-03-22T00:32:57Z</time>
      </trkpt>
      <trkpt lat="34.091645117" lon="-111.433764033"><ele>1355</ele>
        <time>2020-03-22T00:33:03Z</time>
      </trkpt>
      <trkpt lat="34.0915925" lon="-111.433739183"><ele>1354</ele>
        <time>2020-03-22T00:33:07Z</time>
      </trkpt>
      <trkpt lat="34.09154275" lon="-111.433697917"><ele>1352</ele>
        <time>2020-03-22T00:33:11Z</time>
      </trkpt>
      <trkpt lat="34.091505917" lon="-111.433680967"><ele>1352</ele>
        <time>2020-03-22T00:33:13Z</time>
      </trkpt>
      <trkpt lat="34.091486983" lon="-111.433657533"><ele>1351</ele>
        <time>2020-03-22T00:33:15Z</time>
      </trkpt>
      <trkpt lat="34.091486033" lon="-111.433626083"><ele>1351</ele>
        <time>2020-03-22T00:33:17Z</time>
      </trkpt>
      <trkpt lat="34.0915111" lon="-111.433606883"><ele>1351</ele>
        <time>2020-03-22T00:33:19Z</time>
      </trkpt>
      <trkpt lat="34.09151875" lon="-111.4335811"><ele>1350</ele>
        <time>2020-03-22T00:33:21Z</time>
      </trkpt>
      <trkpt lat="34.091569033" lon="-111.4335288"><ele>1349</ele>
        <time>2020-03-22T00:33:26Z</time>
      </trkpt>
      <trkpt lat="34.09167925" lon="-111.433280383"><ele>1352</ele>
        <time>2020-03-22T00:33:42Z</time>
      </trkpt>
      <trkpt lat="34.091707817" lon="-111.433178767"><ele>1352</ele>
        <time>2020-03-22T00:33:48Z</time>
      </trkpt>
      <trkpt lat="34.09172715" lon="-111.43314795"><ele>1353</ele>
        <time>2020-03-22T00:33:50Z</time>
      </trkpt>
      <trkpt lat="34.091777283" lon="-111.432940633"><ele>1354</ele>
        <time>2020-03-22T00:34:02Z</time>
      </trkpt>
      <trkpt lat="34.091823867" lon="-111.4325968"><ele>1352</ele>
        <time>2020-03-22T00:34:20Z</time>
      </trkpt>
      <trkpt lat="34.091767683" lon="-111.432381883"><ele>1347</ele>
        <time>2020-03-22T00:34:32Z</time>
      </trkpt>
      <trkpt lat="34.091677783" lon="-111.432160283"><ele>1341</ele>
        <time>2020-03-22T00:34:46Z</time>
      </trkpt>
      <trkpt lat="34.09163925" lon="-111.431987733"><ele>1339</ele>
        <time>2020-03-22T00:34:56Z</time>
      </trkpt>
      <trkpt lat="34.091656517" lon="-111.43182335"><ele>1339</ele>
        <time>2020-03-22T00:35:05Z</time>
      </trkpt>
      <trkpt lat="34.0916406" lon="-111.431708333"><ele>1339</ele>
        <time>2020-03-22T00:35:11Z</time>
      </trkpt>
      <trkpt lat="34.0916454" lon="-111.431663533"><ele>1339</ele>
        <time>2020-03-22T00:35:14Z</time>
      </trkpt>
      <trkpt lat="34.091631467" lon="-111.431504133"><ele>1337</ele>
        <time>2020-03-22T00:35:22Z</time>
      </trkpt>
      <trkpt lat="34.091608267" lon="-111.43137995"><ele>1337</ele>
        <time>2020-03-22T00:35:29Z</time>
      </trkpt>
      <trkpt lat="34.091570317" lon="-111.4312821"><ele>1336</ele>
        <time>2020-03-22T00:35:35Z</time>
      </trkpt>
      <trkpt lat="34.091560367" lon="-111.431213783"><ele>1336</ele>
        <time>2020-03-22T00:35:39Z</time>
      </trkpt>
      <trkpt lat="34.091537333" lon="-111.431149083"><ele>1335</ele>
        <time>2020-03-22T00:35:44Z</time>
      </trkpt>
      <trkpt lat="34.0915435" lon="-111.4311174"><ele>1335</ele>
        <time>2020-03-22T00:35:46Z</time>
      </trkpt>
      <trkpt lat="34.091532783" lon="-111.431075617"><ele>1334</ele>
        <time>2020-03-22T00:35:48Z</time>
      </trkpt>
      <trkpt lat="34.091482833" lon="-111.4309741"><ele>1333</ele>
        <time>2020-03-22T00:35:54Z</time>
      </trkpt>
      <trkpt lat="34.09145525" lon="-111.4308396"><ele>1331</ele>
        <time>2020-03-22T00:36:02Z</time>
      </trkpt>
      <trkpt lat="34.091388617" lon="-111.43067545"><ele>1329</ele>
        <time>2020-03-22T00:36:13Z</time>
      </trkpt>
      <trkpt lat="34.091393033" lon="-111.430453983"><ele>1331</ele>
        <time>2020-03-22T00:36:25Z</time>
      </trkpt>
      <trkpt lat="34.091369833" lon="-111.430256883"><ele>1331</ele>
        <time>2020-03-22T00:36:35Z</time>
      </trkpt>
      <trkpt lat="34.091345" lon="-111.430190583"><ele>1330</ele>
        <time>2020-03-22T00:36:39Z</time>
      </trkpt>
      <trkpt lat="34.09132115" lon="-111.430161667"><ele>1330</ele>
        <time>2020-03-22T00:36:41Z</time>
      </trkpt>
      <trkpt lat="34.09131685" lon="-111.430126833"><ele>1330</ele>
        <time>2020-03-22T00:36:43Z</time>
      </trkpt>
      <trkpt lat="34.0912311" lon="-111.429973433"><ele>1327</ele>
        <time>2020-03-22T00:36:53Z</time>
      </trkpt>
      <trkpt lat="34.0911718" lon="-111.42980435"><ele>1326</ele>
        <time>2020-03-22T00:37:03Z</time>
      </trkpt>
      <trkpt lat="34.09112415" lon="-111.429774683"><ele>1326</ele>
        <time>2020-03-22T00:37:07Z</time>
      </trkpt>
      <trkpt lat="34.091040383" lon="-111.42974505"><ele>1326</ele>
        <time>2020-03-22T00:37:14Z</time>
      </trkpt>
      <trkpt lat="34.090919583" lon="-111.429714583"><ele>1325</ele>
        <time>2020-03-22T00:37:22Z</time>
      </trkpt>
      <trkpt lat="34.090890983" lon="-111.429716317"><ele>1324</ele>
        <time>2020-03-22T00:37:24Z</time>
      </trkpt>
      <trkpt lat="34.090815067" lon="-111.429664583"><ele>1323</ele>
        <time>2020-03-22T00:37:30Z</time>
      </trkpt>
      <trkpt lat="34.090725217" lon="-111.429634867"><ele>1322</ele>
        <time>2020-03-22T00:37:36Z</time>
      </trkpt>
      <trkpt lat="34.090617517" lon="-111.4295752"><ele>1323</ele>
        <time>2020-03-22T00:37:44Z</time>
      </trkpt>
      <trkpt lat="34.090503333" lon="-111.4295291"><ele>1323</ele>
        <time>2020-03-22T00:37:53Z</time>
      </trkpt>
      <trkpt lat="34.090487133" lon="-111.429507333"><ele>1323</ele>
        <time>2020-03-22T00:37:55Z</time>
      </trkpt>
      <trkpt lat="34.09052225" lon="-111.4294441"><ele>1323</ele>
        <time>2020-03-22T00:38:01Z</time>
      </trkpt>
      <trkpt lat="34.090573733" lon="-111.4294227"><ele>1324</ele>
        <time>2020-03-22T00:38:07Z</time>
      </trkpt>
      <trkpt lat="34.0906303" lon="-111.42942315"><ele>1325</ele>
        <time>2020-03-22T00:38:12Z</time>
      </trkpt>
      <trkpt lat="34.0906588" lon="-111.429413583"><ele>1326</ele>
        <time>2020-03-22T00:38:14Z</time>
      </trkpt>
      <trkpt lat="34.090682367" lon="-111.429392767"><ele>1326</ele>
        <time>2020-03-22T00:38:16Z</time>
      </trkpt>
      <trkpt lat="34.090781083" lon="-111.429355467"><ele>1329</ele>
        <time>2020-03-22T00:38:22Z</time>
      </trkpt>
      <trkpt lat="34.090944383" lon="-111.4293198"><ele>1333</ele>
        <time>2020-03-22T00:38:32Z</time>
      </trkpt>
      <trkpt lat="34.090979483" lon="-111.429303967"><ele>1334</ele>
        <time>2020-03-22T00:38:34Z</time>
      </trkpt>
      <trkpt lat="34.091008167" lon="-111.429282167"><ele>1335</ele>
        <time>2020-03-22T00:38:36Z</time>
      </trkpt>
      <trkpt lat="34.091053467" lon="-111.4291768"><ele>1337</ele>
        <time>2020-03-22T00:38:43Z</time>
      </trkpt>
      <trkpt lat="34.091111833" lon="-111.429133217"><ele>1338</ele>
        <time>2020-03-22T00:38:47Z</time>
      </trkpt>
      <trkpt lat="34.09113325" lon="-111.429106133"><ele>1339</ele>
        <time>2020-03-22T00:38:49Z</time>
      </trkpt>
      <trkpt lat="34.091218767" lon="-111.42905645"><ele>1341</ele>
        <time>2020-03-22T00:38:55Z</time>
      </trkpt>
      <trkpt lat="34.091318017" lon="-111.429031883"><ele>1345</ele>
        <time>2020-03-22T00:39:00Z</time>
      </trkpt>
      <trkpt lat="34.0914494" lon="-111.4288564"><ele>1350</ele>
        <time>2020-03-22T00:39:12Z</time>
      </trkpt>
      <trkpt lat="34.091487" lon="-111.428641367"><ele>1347</ele>
        <time>2020-03-22T00:39:22Z</time>
      </trkpt>
      <trkpt lat="34.091487933" lon="-111.428550267"><ele>1341</ele>
        <time>2020-03-22T00:39:25Z</time>
      </trkpt>
      <trkpt lat="34.091476683" lon="-111.42846495"><ele>1333</ele>
        <time>2020-03-22T00:39:28Z</time>
      </trkpt>
      <trkpt lat="34.091488433" lon="-111.42837785"><ele>1326</ele>
        <time>2020-03-22T00:39:32Z</time>
      </trkpt>
      <trkpt lat="34.091477583" lon="-111.428335467"><ele>1323</ele>
        <time>2020-03-22T00:39:34Z</time>
      </trkpt>
      <trkpt lat="34.091399217" lon="-111.428196483"><ele>1316</ele>
        <time>2020-03-22T00:39:41Z</time>
      </trkpt>
      <trkpt lat="34.091396633" lon="-111.42816075"><ele>1314</ele>
        <time>2020-03-22T00:39:43Z</time>
      </trkpt>
      <trkpt lat="34.091408833" lon="-111.428126633"><ele>1314</ele>
        <time>2020-03-22T00:39:45Z</time>
      </trkpt>
      <trkpt lat="34.091430317" lon="-111.428104617"><ele>1313</ele>
        <time>2020-03-22T00:39:47Z</time>
      </trkpt>
      <trkpt lat="34.091487783" lon="-111.428085583"><ele>1314</ele>
        <time>2020-03-22T00:39:51Z</time>
      </trkpt>
      <trkpt lat="34.091557" lon="-111.42804165"><ele>1314</ele>
        <time>2020-03-22T00:39:57Z</time>
      </trkpt>
      <trkpt lat="34.091648717" lon="-111.4279393"><ele>1313</ele>
        <time>2020-03-22T00:40:05Z</time>
      </trkpt>
      <trkpt lat="34.091671" lon="-111.4278776"><ele>1314</ele>
        <time>2020-03-22T00:40:09Z</time>
      </trkpt>
      <trkpt lat="34.09169145" lon="-111.427857517"><ele>1315</ele>
        <time>2020-03-22T00:40:11Z</time>
      </trkpt>
      <trkpt lat="34.091757767" lon="-111.427720917"><ele>1315</ele>
        <time>2020-03-22T00:40:19Z</time>
      </trkpt>
      <trkpt lat="34.091800267" lon="-111.427594967"><ele>1312</ele>
        <time>2020-03-22T00:40:27Z</time>
      </trkpt>
      <trkpt lat="34.091818533" lon="-111.427568317"><ele>1312</ele>
        <time>2020-03-22T00:40:29Z</time>
      </trkpt>
      <trkpt lat="34.0918258" lon="-111.42749125"><ele>1311</ele>
        <time>2020-03-22T00:40:33Z</time>
      </trkpt>
      <trkpt lat="34.091838283" lon="-111.427460133"><ele>1310</ele>
        <time>2020-03-22T00:40:35Z</time>
      </trkpt>
      <trkpt lat="34.091922033" lon="-111.427301767"><ele>1309</ele>
        <time>2020-03-22T00:40:48Z</time>
      </trkpt>
      <trkpt lat="34.091946" lon="-111.4272798"><ele>1309</ele>
        <time>2020-03-22T00:40:50Z</time>
      </trkpt>
      <trkpt lat="34.092004267" lon="-111.427067383"><ele>1309</ele>
        <time>2020-03-22T00:41:02Z</time>
      </trkpt>
      <trkpt lat="34.092015483" lon="-111.426964917"><ele>1308</ele>
        <time>2020-03-22T00:41:08Z</time>
      </trkpt>
      <trkpt lat="34.092091283" lon="-111.42681295"><ele>1305</ele>
        <time>2020-03-22T00:41:19Z</time>
      </trkpt>
      <trkpt lat="34.092128983" lon="-111.4267103"><ele>1305</ele>
        <time>2020-03-22T00:41:25Z</time>
      </trkpt>
      <trkpt lat="34.092126583" lon="-111.426630483"><ele>1304</ele>
        <time>2020-03-22T00:41:29Z</time>
      </trkpt>
      <trkpt lat="34.092076367" lon="-111.426497817"><ele>1301</ele>
        <time>2020-03-22T00:41:37Z</time>
      </trkpt>
      <trkpt lat="34.091951533" lon="-111.426395567"><ele>1295</ele>
        <time>2020-03-22T00:41:47Z</time>
      </trkpt>
      <trkpt lat="34.091919967" lon="-111.4263817"><ele>1294</ele>
        <time>2020-03-22T00:41:49Z</time>
      </trkpt>
      <trkpt lat="34.091797767" lon="-111.426360033"><ele>1291</ele>
        <time>2020-03-22T00:41:58Z</time>
      </trkpt>
      <trkpt lat="34.091748017" lon="-111.426337317"><ele>1292</ele>
        <time>2020-03-22T00:42:02Z</time>
      </trkpt>
      <trkpt lat="34.091708817" lon="-111.42629085"><ele>1293</ele>
        <time>2020-03-22T00:42:06Z</time>
      </trkpt>
      <trkpt lat="34.091663967" lon="-111.426255667"><ele>1292</ele>
        <time>2020-03-22T00:42:10Z</time>
      </trkpt>
      <trkpt lat="34.0916187" lon="-111.4261784"><ele>1292</ele>
        <time>2020-03-22T00:42:17Z</time>
      </trkpt>
      <trkpt lat="34.0916328" lon="-111.426143683"><ele>1292</ele>
        <time>2020-03-22T00:42:21Z</time>
      </trkpt>
      <trkpt lat="34.091802933" lon="-111.426164217"><ele>1295</ele>
        <time>2020-03-22T00:42:33Z</time>
      </trkpt>
      <trkpt lat="34.09186585" lon="-111.426157833"><ele>1299</ele>
        <time>2020-03-22T00:42:37Z</time>
      </trkpt>
      <trkpt lat="34.091888033" lon="-111.426137233"><ele>1300</ele>
        <time>2020-03-22T00:42:39Z</time>
      </trkpt>
      <trkpt lat="34.091987083" lon="-111.42612555"><ele>1306</ele>
        <time>2020-03-22T00:42:45Z</time>
      </trkpt>
      <trkpt lat="34.092005833" lon="-111.426093717"><ele>1308</ele>
        <time>2020-03-22T00:42:47Z</time>
      </trkpt>
      <trkpt lat="34.092025883" lon="-111.426014117"><ele>1309</ele>
        <time>2020-03-22T00:42:50Z</time>
      </trkpt>
      <trkpt lat="34.092026633" lon="-111.425950883"><ele>1306</ele>
        <time>2020-03-22T00:42:51Z</time>
      </trkpt>
      <trkpt lat="34.0920197" lon="-111.42592435"><ele>1305</ele>
        <time>2020-03-22T00:42:52Z</time>
      </trkpt>
      <trkpt lat="34.091913083" lon="-111.425800633"><ele>1298</ele>
        <time>2020-03-22T00:43:02Z</time>
      </trkpt>
      <trkpt lat="34.09191635" lon="-111.425733667"><ele>1298</ele>
        <time>2020-03-22T00:43:06Z</time>
      </trkpt>
      <trkpt lat="34.091958733" lon="-111.425709883"><ele>1300</ele>
        <time>2020-03-22T00:43:10Z</time>
      </trkpt>
      <trkpt lat="34.092042467" lon="-111.42572475"><ele>1303</ele>
        <time>2020-03-22T00:43:16Z</time>
      </trkpt>
      <trkpt lat="34.092076733" lon="-111.425716267"><ele>1304</ele>
        <time>2020-03-22T00:43:18Z</time>
      </trkpt>
      <trkpt lat="34.0921165" lon="-111.425669733"><ele>1307</ele>
        <time>2020-03-22T00:43:22Z</time>
      </trkpt>
      <trkpt lat="34.09214155" lon="-111.425575817"><ele>1307</ele>
        <time>2020-03-22T00:43:26Z</time>
      </trkpt>
      <trkpt lat="34.092155233" lon="-111.42543645"><ele>1306</ele>
        <time>2020-03-22T00:43:32Z</time>
      </trkpt>
      <trkpt lat="34.09219115" lon="-111.425343083"><ele>1305</ele>
        <time>2020-03-22T00:43:38Z</time>
      </trkpt>
      <trkpt lat="34.09223085" lon="-111.425298867"><ele>1306</ele>
        <time>2020-03-22T00:43:42Z</time>
      </trkpt>
      <trkpt lat="34.092282533" lon="-111.4252702"><ele>1306</ele>
        <time>2020-03-22T00:43:46Z</time>
      </trkpt>
      <trkpt lat="34.092348467" lon="-111.425198467"><ele>1307</ele>
        <time>2020-03-22T00:43:52Z</time>
      </trkpt>
      <trkpt lat="34.092377583" lon="-111.425133683"><ele>1307</ele>
        <time>2020-03-22T00:43:56Z</time>
      </trkpt>
      <trkpt lat="34.092404067" lon="-111.42511225"><ele>1307</ele>
        <time>2020-03-22T00:43:58Z</time>
      </trkpt>
      <trkpt lat="34.092464233" lon="-111.424936367"><ele>1304</ele>
        <time>2020-03-22T00:44:08Z</time>
      </trkpt>
      <trkpt lat="34.092486567" lon="-111.424756883"><ele>1300</ele>
        <time>2020-03-22T00:44:18Z</time>
      </trkpt>
      <trkpt lat="34.0925009" lon="-111.4247272"><ele>1299</ele>
        <time>2020-03-22T00:44:20Z</time>
      </trkpt>
      <trkpt lat="34.09251545" lon="-111.424624717"><ele>1296</ele>
        <time>2020-03-22T00:44:26Z</time>
      </trkpt>
      <trkpt lat="34.092539933" lon="-111.424566383"><ele>1296</ele>
        <time>2020-03-22T00:44:30Z</time>
      </trkpt>
      <trkpt lat="34.092585433" lon="-111.424332667"><ele>1293</ele>
        <time>2020-03-22T00:44:44Z</time>
      </trkpt>
      <trkpt lat="34.0925863" lon="-111.424265883"><ele>1291</ele>
        <time>2020-03-22T00:44:48Z</time>
      </trkpt>
      <trkpt lat="34.09260355" lon="-111.424173967"><ele>1290</ele>
        <time>2020-03-22T00:44:54Z</time>
      </trkpt>
      <trkpt lat="34.092596683" lon="-111.424029083"><ele>1291</ele>
        <time>2020-03-22T00:45:03Z</time>
      </trkpt>
      <trkpt lat="34.092627117" lon="-111.4238909"><ele>1291</ele>
        <time>2020-03-22T00:45:11Z</time>
      </trkpt>
      <trkpt lat="34.092599867" lon="-111.423645617"><ele>1287</ele>
        <time>2020-03-22T00:45:25Z</time>
      </trkpt>
      <trkpt lat="34.092574633" lon="-111.423580967"><ele>1286</ele>
        <time>2020-03-22T00:45:29Z</time>
      </trkpt>
      <trkpt lat="34.092570517" lon="-111.4233655"><ele>1283</ele>
        <time>2020-03-22T00:45:44Z</time>
      </trkpt>
      <trkpt lat="34.092589717" lon="-111.423306783"><ele>1283</ele>
        <time>2020-03-22T00:45:48Z</time>
      </trkpt>
      <trkpt lat="34.092584617" lon="-111.4232324"><ele>1282</ele>
        <time>2020-03-22T00:45:52Z</time>
      </trkpt>
      <trkpt lat="34.092577183" lon="-111.42320515"><ele>1282</ele>
        <time>2020-03-22T00:45:54Z</time>
      </trkpt>
      <trkpt lat="34.092551933" lon="-111.42319535"><ele>1281</ele>
        <time>2020-03-22T00:45:58Z</time>
      </trkpt>
      <trkpt lat="34.092546683" lon="-111.423128433"><ele>1281</ele>
        <time>2020-03-22T00:46:03Z</time>
      </trkpt>
      <trkpt lat="34.092554833" lon="-111.4230435"><ele>1281</ele>
        <time>2020-03-22T00:46:09Z</time>
      </trkpt>
      <trkpt lat="34.092620883" lon="-111.42299815"><ele>1281</ele>
        <time>2020-03-22T00:46:16Z</time>
      </trkpt>
      <trkpt lat="34.092639367" lon="-111.422970317"><ele>1282</ele>
        <time>2020-03-22T00:46:18Z</time>
      </trkpt>
      <trkpt lat="34.092648917" lon="-111.422822633"><ele>1281</ele>
        <time>2020-03-22T00:46:26Z</time>
      </trkpt>
      <trkpt lat="34.092631217" lon="-111.422756467"><ele>1280</ele>
        <time>2020-03-22T00:46:30Z</time>
      </trkpt>
      <trkpt lat="34.092596517" lon="-111.42269485"><ele>1278</ele>
        <time>2020-03-22T00:46:34Z</time>
      </trkpt>
      <trkpt lat="34.092572433" lon="-111.4224624"><ele>1278</ele>
        <time>2020-03-22T00:46:49Z</time>
      </trkpt>
      <trkpt lat="34.0926299" lon="-111.422344783"><ele>1276</ele>
        <time>2020-03-22T00:46:57Z</time>
      </trkpt>
      <trkpt lat="34.092650717" lon="-111.422219417"><ele>1276</ele>
        <time>2020-03-22T00:47:05Z</time>
      </trkpt>
      <trkpt lat="34.0927183" lon="-111.422035867"><ele>1274</ele>
        <time>2020-03-22T00:47:17Z</time>
      </trkpt>
      <trkpt lat="34.09280285" lon="-111.4219689"><ele>1269</ele>
        <time>2020-03-22T00:58:39Z</time>
      </trkpt>
   </trkseg>
  </trk>
</gpx>