<?xml version="1.0" encoding="UTF-8"?>
<gpx version="1.1" creator="TrailDEX - https://traildex.com" xmlns="http://www.topografix.com/GPX/1/1" xmlns:xsi="http://www.w3.org/2001/XMLSchema-instance" xmlns:gpxx="http://www.garmin.com/xmlschemas/GpxExtensions/v3">
  <metadata>
    <name>Sandy Saddle TM 12</name>
    <desc>Sandy Saddle TM 12</desc>
    <time>2026-08-30T11:05:13Z</time>
    <bounds minlat="34.0873107" minlon="-111.4592196" maxlat="34.0927446" maxlon="-111.421901"/>
  </metadata>
  <wpt lat="34.0884197" lon="-111.4592005">
    <ele>1778</ele>
    <name></name>
    <cmt></cmt>
    <desc></desc>
    <sym>Waypoint</sym>
  </wpt>
  <wpt lat="34.0884057" lon="-111.4592196">
    <ele>1778</ele>
    <name>End</name>
    <cmt></cmt>
    <desc></desc>
    <sym>Flag</sym>
  </wpt>
  <trk>
    <name>Sandy Saddle TM 12</name>
    <trkseg>
      <trkpt lat="34.092686" lon="-111.4219265"><ele>1282</ele>
        <time>2026-05-23T12:20:16Z</time>
      </trkpt>
      <trkpt lat="34.0926956" lon="-111.4219423"><ele>1282</ele>
        <time>2026-05-23T12:20:20Z</time>
      </trkpt>
      <trkpt lat="34.0926957" lon="-111.4219773"><ele>1279</ele>
        <time>2026-05-23T12:20:32Z</time>
      </trkpt>
      <trkpt lat="34.0927417" lon="-111.4220574"><ele>1279</ele>
        <time>2026-05-23T12:20:44Z</time>
      </trkpt>
      <trkpt lat="34.0927419" lon="-111.4220499"><ele>1279</ele>
        <time>2026-05-23T12:20:48Z</time>
      </trkpt>
      <trkpt lat="34.0927335" lon="-111.4220487"><ele>1279</ele>
        <time>2026-05-23T12:20:52Z</time>
      </trkpt>
      <trkpt lat="34.0927406" lon="-111.4220437"><ele>1279</ele>
        <time>2026-05-23T12:20:56Z</time>
      </trkpt>
      <trkpt lat="34.0927239" lon="-111.4220525"><ele>1280</ele>
        <time>2026-05-23T12:21:00Z</time>
      </trkpt>
      <trkpt lat="34.0927038" lon="-111.4220955"><ele>1280</ele>
        <time>2026-05-23T12:21:04Z</time>
      </trkpt>
      <trkpt lat="34.0926613" lon="-111.4221415"><ele>1280</ele>
        <time>2026-05-23T12:21:08Z</time>
      </trkpt>
      <trkpt lat="34.0926453" lon="-111.4221915"><ele>1280</ele>
        <time>2026-05-23T12:21:12Z</time>
      </trkpt>
      <trkpt lat="34.0926212" lon="-111.4222415"><ele>1280</ele>
        <time>2026-05-23T12:21:16Z</time>
      </trkpt>
      <trkpt lat="34.0925918" lon="-111.422273"><ele>1281</ele>
        <time>2026-05-23T12:21:20Z</time>
      </trkpt>
      <trkpt lat="34.0925825" lon="-111.4223763"><ele>1282</ele>
        <time>2026-05-23T12:21:28Z</time>
      </trkpt>
      <trkpt lat="34.0925706" lon="-111.4224258"><ele>1283</ele>
        <time>2026-05-23T12:21:32Z</time>
      </trkpt>
      <trkpt lat="34.0925628" lon="-111.4225435"><ele>1283</ele>
        <time>2026-05-23T12:21:40Z</time>
      </trkpt>
      <trkpt lat="34.0925414" lon="-111.4225979"><ele>1285</ele>
        <time>2026-05-23T12:21:44Z</time>
      </trkpt>
      <trkpt lat="34.0925483" lon="-111.422665"><ele>1286</ele>
        <time>2026-05-23T12:21:48Z</time>
      </trkpt>
      <trkpt lat="34.0925478" lon="-111.4227164"><ele>1285</ele>
        <time>2026-05-23T12:21:52Z</time>
      </trkpt>
      <trkpt lat="34.0925357" lon="-111.4228229"><ele>1284</ele>
        <time>2026-05-23T12:22:00Z</time>
      </trkpt>
      <trkpt lat="34.0925368" lon="-111.4228739"><ele>1285</ele>
        <time>2026-05-23T12:22:04Z</time>
      </trkpt>
      <trkpt lat="34.0925195" lon="-111.4229154"><ele>1284</ele>
        <time>2026-05-23T12:22:08Z</time>
      </trkpt>
      <trkpt lat="34.0925154" lon="-111.4229793"><ele>1284</ele>
        <time>2026-05-23T12:22:12Z</time>
      </trkpt>
      <trkpt lat="34.0925289" lon="-111.4230325"><ele>1285</ele>
        <time>2026-05-23T12:22:16Z</time>
      </trkpt>
      <trkpt lat="34.0925256" lon="-111.423192"><ele>1285</ele>
        <time>2026-05-23T12:22:28Z</time>
      </trkpt>
      <trkpt lat="34.0925378" lon="-111.4232013"><ele>1286</ele>
        <time>2026-05-23T12:22:32Z</time>
      </trkpt>
      <trkpt lat="34.0925478" lon="-111.4232245"><ele>1287</ele>
        <time>2026-05-23T12:22:44Z</time>
      </trkpt>
      <trkpt lat="34.0925424" lon="-111.4232649"><ele>1288</ele>
        <time>2026-05-23T12:22:48Z</time>
      </trkpt>
      <trkpt lat="34.0925428" lon="-111.423223"><ele>1288</ele>
        <time>2026-05-23T12:22:52Z</time>
      </trkpt>
      <trkpt lat="34.0925318" lon="-111.4232084"><ele>1288</ele>
        <time>2026-05-23T12:22:56Z</time>
      </trkpt>
      <trkpt lat="34.0925373" lon="-111.4232126"><ele>1288</ele>
        <time>2026-05-23T12:23:00Z</time>
      </trkpt>
      <trkpt lat="34.0925259" lon="-111.4231813"><ele>1287</ele>
        <time>2026-05-23T12:23:06Z</time>
      </trkpt>
      <trkpt lat="34.092525" lon="-111.4230678"><ele>1287</ele>
        <time>2026-05-23T12:23:14Z</time>
      </trkpt>
      <trkpt lat="34.0925051" lon="-111.423003"><ele>1286</ele>
        <time>2026-05-23T12:23:18Z</time>
      </trkpt>
      <trkpt lat="34.0925019" lon="-111.422942"><ele>1286</ele>
        <time>2026-05-23T12:23:22Z</time>
      </trkpt>
      <trkpt lat="34.0925079" lon="-111.4228843"><ele>1286</ele>
        <time>2026-05-23T12:23:26Z</time>
      </trkpt>
      <trkpt lat="34.0925239" lon="-111.4228392"><ele>1286</ele>
        <time>2026-05-23T12:23:30Z</time>
      </trkpt>
      <trkpt lat="34.0925292" lon="-111.4226722"><ele>1284</ele>
        <time>2026-05-23T12:23:41Z</time>
      </trkpt>
      <trkpt lat="34.0925448" lon="-111.4225544"><ele>1283</ele>
        <time>2026-05-23T12:23:49Z</time>
      </trkpt>
      <trkpt lat="34.0925613" lon="-111.4224964"><ele>1283</ele>
        <time>2026-05-23T12:23:53Z</time>
      </trkpt>
      <trkpt lat="34.0925664" lon="-111.4224225"><ele>1283</ele>
        <time>2026-05-23T12:23:57Z</time>
      </trkpt>
      <trkpt lat="34.0925892" lon="-111.4223514"><ele>1283</ele>
        <time>2026-05-23T12:24:01Z</time>
      </trkpt>
      <trkpt lat="34.0925976" lon="-111.4222864"><ele>1283</ele>
        <time>2026-05-23T12:24:05Z</time>
      </trkpt>
      <trkpt lat="34.0926117" lon="-111.4222366"><ele>1282</ele>
        <time>2026-05-23T12:24:09Z</time>
      </trkpt>
      <trkpt lat="34.0926716" lon="-111.4220609"><ele>1281</ele>
        <time>2026-05-23T12:24:22Z</time>
      </trkpt>
      <trkpt lat="34.0927015" lon="-111.4219477"><ele>1281</ele>
        <time>2026-05-23T12:24:30Z</time>
      </trkpt>
      <trkpt lat="34.0926959" lon="-111.4219382"><ele>1280</ele>
        <time>2026-05-23T12:24:34Z</time>
      </trkpt>
      <trkpt lat="34.092699" lon="-111.4219241"><ele>1279</ele>
        <time>2026-05-23T12:24:39Z</time>
      </trkpt>
      <trkpt lat="34.0927094" lon="-111.4219422"><ele>1278</ele>
        <time>2026-05-23T12:24:56Z</time>
      </trkpt>
      <trkpt lat="34.0927085" lon="-111.4220019"><ele>1278</ele>
        <time>2026-05-23T12:25:00Z</time>
      </trkpt>
      <trkpt lat="34.0926806" lon="-111.4221082"><ele>1279</ele>
        <time>2026-05-23T12:25:08Z</time>
      </trkpt>
      <trkpt lat="34.0926195" lon="-111.422265"><ele>1281</ele>
        <time>2026-05-23T12:25:20Z</time>
      </trkpt>
      <trkpt lat="34.0926134" lon="-111.4223195"><ele>1282</ele>
        <time>2026-05-23T12:25:24Z</time>
      </trkpt>
      <trkpt lat="34.0925754" lon="-111.4224488"><ele>1282</ele>
        <time>2026-05-23T12:25:32Z</time>
      </trkpt>
      <trkpt lat="34.0925486" lon="-111.4225669"><ele>1282</ele>
        <time>2026-05-23T12:25:39Z</time>
      </trkpt>
      <trkpt lat="34.0925378" lon="-111.4228585"><ele>1286</ele>
        <time>2026-05-23T12:25:59Z</time>
      </trkpt>
      <trkpt lat="34.0925323" lon="-111.4229049"><ele>1286</ele>
        <time>2026-05-23T12:26:03Z</time>
      </trkpt>
      <trkpt lat="34.0925091" lon="-111.4229538"><ele>1285</ele>
        <time>2026-05-23T12:26:07Z</time>
      </trkpt>
      <trkpt lat="34.0925228" lon="-111.4230176"><ele>1285</ele>
        <time>2026-05-23T12:26:11Z</time>
      </trkpt>
      <trkpt lat="34.0925383" lon="-111.4231369"><ele>1286</ele>
        <time>2026-05-23T12:26:20Z</time>
      </trkpt>
      <trkpt lat="34.0925336" lon="-111.4231875"><ele>1286</ele>
        <time>2026-05-23T12:26:24Z</time>
      </trkpt>
      <trkpt lat="34.0925398" lon="-111.4232178"><ele>1286</ele>
        <time>2026-05-23T12:26:32Z</time>
      </trkpt>
      <trkpt lat="34.092552" lon="-111.4232348"><ele>1285</ele>
        <time>2026-05-23T12:26:47Z</time>
      </trkpt>
      <trkpt lat="34.0925482" lon="-111.4233392"><ele>1288</ele>
        <time>2026-05-23T12:26:55Z</time>
      </trkpt>
      <trkpt lat="34.0925584" lon="-111.4233966"><ele>1289</ele>
        <time>2026-05-23T12:26:59Z</time>
      </trkpt>
      <trkpt lat="34.092555" lon="-111.4235553"><ele>1290</ele>
        <time>2026-05-23T12:27:11Z</time>
      </trkpt>
      <trkpt lat="34.0925737" lon="-111.4237376"><ele>1289</ele>
        <time>2026-05-23T12:27:23Z</time>
      </trkpt>
      <trkpt lat="34.0925722" lon="-111.4239309"><ele>1290</ele>
        <time>2026-05-23T12:27:35Z</time>
      </trkpt>
      <trkpt lat="34.0925575" lon="-111.4240192"><ele>1290</ele>
        <time>2026-05-23T12:27:43Z</time>
      </trkpt>
      <trkpt lat="34.0925662" lon="-111.4241439"><ele>1289</ele>
        <time>2026-05-23T12:27:51Z</time>
      </trkpt>
      <trkpt lat="34.0925415" lon="-111.4242629"><ele>1290</ele>
        <time>2026-05-23T12:27:59Z</time>
      </trkpt>
      <trkpt lat="34.0925402" lon="-111.4243705"><ele>1291</ele>
        <time>2026-05-23T12:28:07Z</time>
      </trkpt>
      <trkpt lat="34.0925196" lon="-111.4244259"><ele>1291</ele>
        <time>2026-05-23T12:28:11Z</time>
      </trkpt>
      <trkpt lat="34.0925068" lon="-111.4245375"><ele>1290</ele>
        <time>2026-05-23T12:28:19Z</time>
      </trkpt>
      <trkpt lat="34.0924776" lon="-111.4246391"><ele>1292</ele>
        <time>2026-05-23T12:28:27Z</time>
      </trkpt>
      <trkpt lat="34.0924533" lon="-111.4248051"><ele>1294</ele>
        <time>2026-05-23T12:28:39Z</time>
      </trkpt>
      <trkpt lat="34.0924284" lon="-111.42491"><ele>1294</ele>
        <time>2026-05-23T12:28:47Z</time>
      </trkpt>
      <trkpt lat="34.0923863" lon="-111.4250167"><ele>1295</ele>
        <time>2026-05-23T12:28:55Z</time>
      </trkpt>
      <trkpt lat="34.0923254" lon="-111.4250808"><ele>1296</ele>
        <time>2026-05-23T12:29:03Z</time>
      </trkpt>
      <trkpt lat="34.0923125" lon="-111.4251235"><ele>1296</ele>
        <time>2026-05-23T12:29:07Z</time>
      </trkpt>
      <trkpt lat="34.0922842" lon="-111.4251652"><ele>1297</ele>
        <time>2026-05-23T12:29:11Z</time>
      </trkpt>
      <trkpt lat="34.0922503" lon="-111.4252099"><ele>1299</ele>
        <time>2026-05-23T12:29:15Z</time>
      </trkpt>
      <trkpt lat="34.0921833" lon="-111.4252693"><ele>1300</ele>
        <time>2026-05-23T12:29:23Z</time>
      </trkpt>
      <trkpt lat="34.0921554" lon="-111.4253204"><ele>1300</ele>
        <time>2026-05-23T12:29:27Z</time>
      </trkpt>
      <trkpt lat="34.0921093" lon="-111.4254336"><ele>1300</ele>
        <time>2026-05-23T12:29:35Z</time>
      </trkpt>
      <trkpt lat="34.0921141" lon="-111.4254896"><ele>1299</ele>
        <time>2026-05-23T12:29:39Z</time>
      </trkpt>
      <trkpt lat="34.0921063" lon="-111.4255446"><ele>1299</ele>
        <time>2026-05-23T12:29:43Z</time>
      </trkpt>
      <trkpt lat="34.0920791" lon="-111.4255906"><ele>1299</ele>
        <time>2026-05-23T12:29:47Z</time>
      </trkpt>
      <trkpt lat="34.0920504" lon="-111.4256325"><ele>1300</ele>
        <time>2026-05-23T12:29:51Z</time>
      </trkpt>
      <trkpt lat="34.0920034" lon="-111.425661"><ele>1301</ele>
        <time>2026-05-23T12:29:55Z</time>
      </trkpt>
      <trkpt lat="34.0919573" lon="-111.4256692"><ele>1301</ele>
        <time>2026-05-23T12:29:59Z</time>
      </trkpt>
      <trkpt lat="34.0919106" lon="-111.4256945"><ele>1301</ele>
        <time>2026-05-23T12:30:03Z</time>
      </trkpt>
      <trkpt lat="34.0918836" lon="-111.4257425"><ele>1301</ele>
        <time>2026-05-23T12:30:07Z</time>
      </trkpt>
      <trkpt lat="34.0918988" lon="-111.4258066"><ele>1301</ele>
        <time>2026-05-23T12:30:11Z</time>
      </trkpt>
      <trkpt lat="34.0919705" lon="-111.4259144"><ele>1300</ele>
        <time>2026-05-23T12:30:23Z</time>
      </trkpt>
      <trkpt lat="34.0919743" lon="-111.425957"><ele>1299</ele>
        <time>2026-05-23T12:30:27Z</time>
      </trkpt>
      <trkpt lat="34.0919379" lon="-111.4260041"><ele>1299</ele>
        <time>2026-05-23T12:30:31Z</time>
      </trkpt>
      <trkpt lat="34.0917995" lon="-111.4260811"><ele>1299</ele>
        <time>2026-05-23T12:30:43Z</time>
      </trkpt>
      <trkpt lat="34.0917593" lon="-111.4260992"><ele>1300</ele>
        <time>2026-05-23T12:30:47Z</time>
      </trkpt>
      <trkpt lat="34.0916203" lon="-111.4261279"><ele>1301</ele>
        <time>2026-05-23T12:30:59Z</time>
      </trkpt>
      <trkpt lat="34.0915984" lon="-111.4261453"><ele>1301</ele>
        <time>2026-05-23T12:31:03Z</time>
      </trkpt>
      <trkpt lat="34.0915907" lon="-111.4261888"><ele>1301</ele>
        <time>2026-05-23T12:31:07Z</time>
      </trkpt>
      <trkpt lat="34.0916629" lon="-111.426264"><ele>1301</ele>
        <time>2026-05-23T12:31:15Z</time>
      </trkpt>
      <trkpt lat="34.0917423" lon="-111.4263362"><ele>1300</ele>
        <time>2026-05-23T12:31:23Z</time>
      </trkpt>
      <trkpt lat="34.091766" lon="-111.4263678"><ele>1300</ele>
        <time>2026-05-23T12:31:27Z</time>
      </trkpt>
      <trkpt lat="34.0919218" lon="-111.4263915"><ele>1300</ele>
        <time>2026-05-23T12:31:39Z</time>
      </trkpt>
      <trkpt lat="34.0919552" lon="-111.4264058"><ele>1300</ele>
        <time>2026-05-23T12:31:43Z</time>
      </trkpt>
      <trkpt lat="34.0919868" lon="-111.4264449"><ele>1300</ele>
        <time>2026-05-23T12:31:47Z</time>
      </trkpt>
      <trkpt lat="34.0920229" lon="-111.4264764"><ele>1300</ele>
        <time>2026-05-23T12:31:51Z</time>
      </trkpt>
      <trkpt lat="34.0920497" lon="-111.4265161"><ele>1300</ele>
        <time>2026-05-23T12:31:55Z</time>
      </trkpt>
      <trkpt lat="34.0920828" lon="-111.426614"><ele>1301</ele>
        <time>2026-05-23T12:32:03Z</time>
      </trkpt>
      <trkpt lat="34.0920815" lon="-111.4266648"><ele>1301</ele>
        <time>2026-05-23T12:32:07Z</time>
      </trkpt>
      <trkpt lat="34.092066" lon="-111.4267658"><ele>1303</ele>
        <time>2026-05-23T12:32:15Z</time>
      </trkpt>
      <trkpt lat="34.0920454" lon="-111.426805"><ele>1304</ele>
        <time>2026-05-23T12:32:19Z</time>
      </trkpt>
      <trkpt lat="34.092012" lon="-111.4268965"><ele>1305</ele>
        <time>2026-05-23T12:32:27Z</time>
      </trkpt>
      <trkpt lat="34.0919793" lon="-111.4269964"><ele>1305</ele>
        <time>2026-05-23T12:32:35Z</time>
      </trkpt>
      <trkpt lat="34.0919533" lon="-111.4271062"><ele>1307</ele>
        <time>2026-05-23T12:32:43Z</time>
      </trkpt>
      <trkpt lat="34.0919174" lon="-111.4271997"><ele>1307</ele>
        <time>2026-05-23T12:32:51Z</time>
      </trkpt>
      <trkpt lat="34.0918741" lon="-111.4272943"><ele>1307</ele>
        <time>2026-05-23T12:32:59Z</time>
      </trkpt>
      <trkpt lat="34.0918366" lon="-111.4273958"><ele>1308</ele>
        <time>2026-05-23T12:33:07Z</time>
      </trkpt>
      <trkpt lat="34.0918117" lon="-111.4274316"><ele>1308</ele>
        <time>2026-05-23T12:33:11Z</time>
      </trkpt>
      <trkpt lat="34.0917932" lon="-111.4274723"><ele>1308</ele>
        <time>2026-05-23T12:33:15Z</time>
      </trkpt>
      <trkpt lat="34.0917885" lon="-111.4275309"><ele>1309</ele>
        <time>2026-05-23T12:33:19Z</time>
      </trkpt>
      <trkpt lat="34.0917113" lon="-111.4277153"><ele>1311</ele>
        <time>2026-05-23T12:33:35Z</time>
      </trkpt>
      <trkpt lat="34.0916598" lon="-111.427819"><ele>1312</ele>
        <time>2026-05-23T12:33:43Z</time>
      </trkpt>
      <trkpt lat="34.0916298" lon="-111.4278561"><ele>1313</ele>
        <time>2026-05-23T12:33:47Z</time>
      </trkpt>
      <trkpt lat="34.0916064" lon="-111.4278972"><ele>1312</ele>
        <time>2026-05-23T12:33:51Z</time>
      </trkpt>
      <trkpt lat="34.091575" lon="-111.4279368"><ele>1312</ele>
        <time>2026-05-23T12:33:55Z</time>
      </trkpt>
      <trkpt lat="34.0915534" lon="-111.4279795"><ele>1313</ele>
        <time>2026-05-23T12:33:59Z</time>
      </trkpt>
      <trkpt lat="34.0915191" lon="-111.4280257"><ele>1313</ele>
        <time>2026-05-23T12:34:03Z</time>
      </trkpt>
      <trkpt lat="34.0914742" lon="-111.4280663"><ele>1313</ele>
        <time>2026-05-23T12:34:07Z</time>
      </trkpt>
      <trkpt lat="34.091424" lon="-111.4280962"><ele>1313</ele>
        <time>2026-05-23T12:34:11Z</time>
      </trkpt>
      <trkpt lat="34.0913863" lon="-111.4281255"><ele>1314</ele>
        <time>2026-05-23T12:34:15Z</time>
      </trkpt>
      <trkpt lat="34.0913672" lon="-111.4281899"><ele>1315</ele>
        <time>2026-05-23T12:34:19Z</time>
      </trkpt>
      <trkpt lat="34.0914092" lon="-111.428298"><ele>1317</ele>
        <time>2026-05-23T12:34:27Z</time>
      </trkpt>
      <trkpt lat="34.091425" lon="-111.4283612"><ele>1316</ele>
        <time>2026-05-23T12:34:31Z</time>
      </trkpt>
      <trkpt lat="34.0914077" lon="-111.4284116"><ele>1317</ele>
        <time>2026-05-23T12:34:35Z</time>
      </trkpt>
      <trkpt lat="34.091395" lon="-111.4285282"><ele>1316</ele>
        <time>2026-05-23T12:34:43Z</time>
      </trkpt>
      <trkpt lat="34.0913687" lon="-111.4286477"><ele>1317</ele>
        <time>2026-05-23T12:34:51Z</time>
      </trkpt>
      <trkpt lat="34.091355" lon="-111.4286939"><ele>1317</ele>
        <time>2026-05-23T12:34:55Z</time>
      </trkpt>
      <trkpt lat="34.091311" lon="-111.4287967"><ele>1318</ele>
        <time>2026-05-23T12:35:03Z</time>
      </trkpt>
      <trkpt lat="34.0912813" lon="-111.4288444"><ele>1319</ele>
        <time>2026-05-23T12:35:07Z</time>
      </trkpt>
      <trkpt lat="34.0912159" lon="-111.4289143"><ele>1319</ele>
        <time>2026-05-23T12:35:15Z</time>
      </trkpt>
      <trkpt lat="34.0911778" lon="-111.4289369"><ele>1320</ele>
        <time>2026-05-23T12:35:19Z</time>
      </trkpt>
      <trkpt lat="34.0911425" lon="-111.4289495"><ele>1320</ele>
        <time>2026-05-23T12:35:23Z</time>
      </trkpt>
      <trkpt lat="34.0910786" lon="-111.4289933"><ele>1321</ele>
        <time>2026-05-23T12:35:31Z</time>
      </trkpt>
      <trkpt lat="34.0910188" lon="-111.4290618"><ele>1322</ele>
        <time>2026-05-23T12:35:39Z</time>
      </trkpt>
      <trkpt lat="34.0909903" lon="-111.4291029"><ele>1322</ele>
        <time>2026-05-23T12:35:43Z</time>
      </trkpt>
      <trkpt lat="34.0909697" lon="-111.4291572"><ele>1323</ele>
        <time>2026-05-23T12:35:47Z</time>
      </trkpt>
      <trkpt lat="34.0909361" lon="-111.429197"><ele>1323</ele>
        <time>2026-05-23T12:35:51Z</time>
      </trkpt>
      <trkpt lat="34.0908908" lon="-111.4292315"><ele>1324</ele>
        <time>2026-05-23T12:35:55Z</time>
      </trkpt>
      <trkpt lat="34.0908047" lon="-111.4292686"><ele>1325</ele>
        <time>2026-05-23T12:36:03Z</time>
      </trkpt>
      <trkpt lat="34.0907647" lon="-111.4292944"><ele>1326</ele>
        <time>2026-05-23T12:36:07Z</time>
      </trkpt>
      <trkpt lat="34.0907278" lon="-111.4293091"><ele>1327</ele>
        <time>2026-05-23T12:36:11Z</time>
      </trkpt>
      <trkpt lat="34.0906387" lon="-111.4293751"><ele>1329</ele>
        <time>2026-05-23T12:36:23Z</time>
      </trkpt>
      <trkpt lat="34.0905592" lon="-111.4293991"><ele>1331</ele>
        <time>2026-05-23T12:36:31Z</time>
      </trkpt>
      <trkpt lat="34.0905219" lon="-111.4294247"><ele>1331</ele>
        <time>2026-05-23T12:36:35Z</time>
      </trkpt>
      <trkpt lat="34.090494" lon="-111.4294571"><ele>1331</ele>
        <time>2026-05-23T12:36:39Z</time>
      </trkpt>
      <trkpt lat="34.0904844" lon="-111.4295038"><ele>1331</ele>
        <time>2026-05-23T12:36:43Z</time>
      </trkpt>
      <trkpt lat="34.0905499" lon="-111.4295521"><ele>1331</ele>
        <time>2026-05-23T12:36:51Z</time>
      </trkpt>
      <trkpt lat="34.0905966" lon="-111.4295628"><ele>1331</ele>
        <time>2026-05-23T12:36:55Z</time>
      </trkpt>
      <trkpt lat="34.0906398" lon="-111.4295881"><ele>1332</ele>
        <time>2026-05-23T12:36:59Z</time>
      </trkpt>
      <trkpt lat="34.0906681" lon="-111.4296165"><ele>1330</ele>
        <time>2026-05-23T12:37:03Z</time>
      </trkpt>
      <trkpt lat="34.090712" lon="-111.429637"><ele>1330</ele>
        <time>2026-05-23T12:37:07Z</time>
      </trkpt>
      <trkpt lat="34.0908081" lon="-111.4296627"><ele>1330</ele>
        <time>2026-05-23T12:37:15Z</time>
      </trkpt>
      <trkpt lat="34.090884" lon="-111.4297034"><ele>1331</ele>
        <time>2026-05-23T12:37:23Z</time>
      </trkpt>
      <trkpt lat="34.0909278" lon="-111.4297118"><ele>1331</ele>
        <time>2026-05-23T12:37:27Z</time>
      </trkpt>
      <trkpt lat="34.0909739" lon="-111.4297316"><ele>1331</ele>
        <time>2026-05-23T12:37:31Z</time>
      </trkpt>
      <trkpt lat="34.091027" lon="-111.4297356"><ele>1331</ele>
        <time>2026-05-23T12:37:35Z</time>
      </trkpt>
      <trkpt lat="34.0911102" lon="-111.4297595"><ele>1333</ele>
        <time>2026-05-23T12:37:43Z</time>
      </trkpt>
      <trkpt lat="34.0911573" lon="-111.4297921"><ele>1333</ele>
        <time>2026-05-23T12:37:47Z</time>
      </trkpt>
      <trkpt lat="34.0911805" lon="-111.4298421"><ele>1333</ele>
        <time>2026-05-23T12:37:51Z</time>
      </trkpt>
      <trkpt lat="34.0911963" lon="-111.4298961"><ele>1333</ele>
        <time>2026-05-23T12:37:55Z</time>
      </trkpt>
      <trkpt lat="34.0913152" lon="-111.4301239"><ele>1335</ele>
        <time>2026-05-23T12:38:15Z</time>
      </trkpt>
      <trkpt lat="34.0913287" lon="-111.4301671"><ele>1336</ele>
        <time>2026-05-23T12:38:19Z</time>
      </trkpt>
      <trkpt lat="34.0913572" lon="-111.4302272"><ele>1336</ele>
        <time>2026-05-23T12:38:23Z</time>
      </trkpt>
      <trkpt lat="34.0913782" lon="-111.4303415"><ele>1337</ele>
        <time>2026-05-23T12:38:31Z</time>
      </trkpt>
      <trkpt lat="34.0913767" lon="-111.4304053"><ele>1337</ele>
        <time>2026-05-23T12:38:35Z</time>
      </trkpt>
      <trkpt lat="34.0913943" lon="-111.4304652"><ele>1337</ele>
        <time>2026-05-23T12:38:39Z</time>
      </trkpt>
      <trkpt lat="34.0913823" lon="-111.4305902"><ele>1337</ele>
        <time>2026-05-23T12:38:47Z</time>
      </trkpt>
      <trkpt lat="34.0913865" lon="-111.4306534"><ele>1337</ele>
        <time>2026-05-23T12:38:51Z</time>
      </trkpt>
      <trkpt lat="34.0914034" lon="-111.4307142"><ele>1337</ele>
        <time>2026-05-23T12:38:55Z</time>
      </trkpt>
      <trkpt lat="34.0914332" lon="-111.4307677"><ele>1338</ele>
        <time>2026-05-23T12:38:59Z</time>
      </trkpt>
      <trkpt lat="34.0914786" lon="-111.4309653"><ele>1340</ele>
        <time>2026-05-23T12:39:15Z</time>
      </trkpt>
      <trkpt lat="34.0915084" lon="-111.4310199"><ele>1341</ele>
        <time>2026-05-23T12:39:19Z</time>
      </trkpt>
      <trkpt lat="34.0915341" lon="-111.4311183"><ele>1342</ele>
        <time>2026-05-23T12:39:27Z</time>
      </trkpt>
      <trkpt lat="34.0915383" lon="-111.4311572"><ele>1343</ele>
        <time>2026-05-23T12:39:31Z</time>
      </trkpt>
      <trkpt lat="34.0915597" lon="-111.4312038"><ele>1343</ele>
        <time>2026-05-23T12:39:35Z</time>
      </trkpt>
      <trkpt lat="34.0915596" lon="-111.4312645"><ele>1343</ele>
        <time>2026-05-23T12:39:39Z</time>
      </trkpt>
      <trkpt lat="34.0915687" lon="-111.4313159"><ele>1343</ele>
        <time>2026-05-23T12:39:43Z</time>
      </trkpt>
      <trkpt lat="34.0915862" lon="-111.4313705"><ele>1343</ele>
        <time>2026-05-23T12:39:47Z</time>
      </trkpt>
      <trkpt lat="34.0916055" lon="-111.4314789"><ele>1343</ele>
        <time>2026-05-23T12:39:55Z</time>
      </trkpt>
      <trkpt lat="34.091646" lon="-111.4316527"><ele>1345</ele>
        <time>2026-05-23T12:40:07Z</time>
      </trkpt>
      <trkpt lat="34.0916635" lon="-111.4317987"><ele>1346</ele>
        <time>2026-05-23T12:40:19Z</time>
      </trkpt>
      <trkpt lat="34.09165" lon="-111.4319507"><ele>1347</ele>
        <time>2026-05-23T12:40:31Z</time>
      </trkpt>
      <trkpt lat="34.0916812" lon="-111.4321737"><ele>1348</ele>
        <time>2026-05-23T12:40:47Z</time>
      </trkpt>
      <trkpt lat="34.0917044" lon="-111.4322087"><ele>1348</ele>
        <time>2026-05-23T12:40:51Z</time>
      </trkpt>
      <trkpt lat="34.0917448" lon="-111.4323415"><ele>1349</ele>
        <time>2026-05-23T12:41:03Z</time>
      </trkpt>
      <trkpt lat="34.0917699" lon="-111.4323961"><ele>1350</ele>
        <time>2026-05-23T12:41:07Z</time>
      </trkpt>
      <trkpt lat="34.0917808" lon="-111.4324424"><ele>1351</ele>
        <time>2026-05-23T12:41:11Z</time>
      </trkpt>
      <trkpt lat="34.091805" lon="-111.4324944"><ele>1352</ele>
        <time>2026-05-23T12:41:15Z</time>
      </trkpt>
      <trkpt lat="34.0918084" lon="-111.4325926"><ele>1353</ele>
        <time>2026-05-23T12:41:23Z</time>
      </trkpt>
      <trkpt lat="34.0917968" lon="-111.4326368"><ele>1354</ele>
        <time>2026-05-23T12:41:27Z</time>
      </trkpt>
      <trkpt lat="34.0917991" lon="-111.4326915"><ele>1355</ele>
        <time>2026-05-23T12:41:31Z</time>
      </trkpt>
      <trkpt lat="34.0917771" lon="-111.4328946"><ele>1355</ele>
        <time>2026-05-23T12:41:47Z</time>
      </trkpt>
      <trkpt lat="34.0917568" lon="-111.4329552"><ele>1356</ele>
        <time>2026-05-23T12:41:51Z</time>
      </trkpt>
      <trkpt lat="34.0917253" lon="-111.4331135"><ele>1357</ele>
        <time>2026-05-23T12:42:03Z</time>
      </trkpt>
      <trkpt lat="34.0916938" lon="-111.4331938"><ele>1359</ele>
        <time>2026-05-23T12:42:11Z</time>
      </trkpt>
      <trkpt lat="34.0916829" lon="-111.4332523"><ele>1360</ele>
        <time>2026-05-23T12:42:15Z</time>
      </trkpt>
      <trkpt lat="34.0916631" lon="-111.4333057"><ele>1361</ele>
        <time>2026-05-23T12:42:19Z</time>
      </trkpt>
      <trkpt lat="34.0915978" lon="-111.4334476"><ele>1362</ele>
        <time>2026-05-23T12:42:31Z</time>
      </trkpt>
      <trkpt lat="34.0915658" lon="-111.4334941"><ele>1361</ele>
        <time>2026-05-23T12:42:35Z</time>
      </trkpt>
      <trkpt lat="34.0914961" lon="-111.4335742"><ele>1363</ele>
        <time>2026-05-23T12:42:43Z</time>
      </trkpt>
      <trkpt lat="34.0914659" lon="-111.4336196"><ele>1363</ele>
        <time>2026-05-23T12:42:47Z</time>
      </trkpt>
      <trkpt lat="34.0915013" lon="-111.4336522"><ele>1364</ele>
        <time>2026-05-23T12:42:51Z</time>
      </trkpt>
      <trkpt lat="34.0915516" lon="-111.4336785"><ele>1363</ele>
        <time>2026-05-23T12:42:55Z</time>
      </trkpt>
      <trkpt lat="34.0915853" lon="-111.4337075"><ele>1363</ele>
        <time>2026-05-23T12:42:59Z</time>
      </trkpt>
      <trkpt lat="34.0916243" lon="-111.4337317"><ele>1363</ele>
        <time>2026-05-23T12:43:03Z</time>
      </trkpt>
      <trkpt lat="34.0916628" lon="-111.4337684"><ele>1363</ele>
        <time>2026-05-23T12:43:07Z</time>
      </trkpt>
      <trkpt lat="34.0917818" lon="-111.4338588"><ele>1364</ele>
        <time>2026-05-23T12:43:19Z</time>
      </trkpt>
      <trkpt lat="34.0918135" lon="-111.4338973"><ele>1364</ele>
        <time>2026-05-23T12:43:23Z</time>
      </trkpt>
      <trkpt lat="34.0918598" lon="-111.4339346"><ele>1364</ele>
        <time>2026-05-23T12:43:27Z</time>
      </trkpt>
      <trkpt lat="34.0919266" lon="-111.4340319"><ele>1364</ele>
        <time>2026-05-23T12:43:35Z</time>
      </trkpt>
      <trkpt lat="34.0919824" lon="-111.434149"><ele>1366</ele>
        <time>2026-05-23T12:43:43Z</time>
      </trkpt>
      <trkpt lat="34.0920022" lon="-111.4342086"><ele>1366</ele>
        <time>2026-05-23T12:43:47Z</time>
      </trkpt>
      <trkpt lat="34.0920103" lon="-111.4342652"><ele>1366</ele>
        <time>2026-05-23T12:43:51Z</time>
      </trkpt>
      <trkpt lat="34.092021" lon="-111.4343012"><ele>1367</ele>
        <time>2026-05-23T12:43:55Z</time>
      </trkpt>
      <trkpt lat="34.0920128" lon="-111.434352"><ele>1366</ele>
        <time>2026-05-23T12:43:59Z</time>
      </trkpt>
      <trkpt lat="34.09202" lon="-111.4344096"><ele>1367</ele>
        <time>2026-05-23T12:44:03Z</time>
      </trkpt>
      <trkpt lat="34.092017" lon="-111.4344972"><ele>1368</ele>
        <time>2026-05-23T12:44:11Z</time>
      </trkpt>
      <trkpt lat="34.0920314" lon="-111.4346989"><ele>1371</ele>
        <time>2026-05-23T12:44:27Z</time>
      </trkpt>
      <trkpt lat="34.0920244" lon="-111.4347915"><ele>1372</ele>
        <time>2026-05-23T12:44:35Z</time>
      </trkpt>
      <trkpt lat="34.0920002" lon="-111.4349035"><ele>1373</ele>
        <time>2026-05-23T12:44:43Z</time>
      </trkpt>
      <trkpt lat="34.0919593" lon="-111.4349955"><ele>1372</ele>
        <time>2026-05-23T12:44:51Z</time>
      </trkpt>
      <trkpt lat="34.0919414" lon="-111.4350491"><ele>1372</ele>
        <time>2026-05-23T12:44:55Z</time>
      </trkpt>
      <trkpt lat="34.0919166" lon="-111.4350942"><ele>1372</ele>
        <time>2026-05-23T12:44:59Z</time>
      </trkpt>
      <trkpt lat="34.0918996" lon="-111.4351443"><ele>1373</ele>
        <time>2026-05-23T12:45:03Z</time>
      </trkpt>
      <trkpt lat="34.0918744" lon="-111.435184"><ele>1373</ele>
        <time>2026-05-23T12:45:06Z</time>
      </trkpt>
      <trkpt lat="34.0918156" lon="-111.4353403"><ele>1374</ele>
        <time>2026-05-23T12:45:19Z</time>
      </trkpt>
      <trkpt lat="34.0917414" lon="-111.4355005"><ele>1376</ele>
        <time>2026-05-23T12:45:32Z</time>
      </trkpt>
      <trkpt lat="34.0917113" lon="-111.4355513"><ele>1377</ele>
        <time>2026-05-23T12:45:36Z</time>
      </trkpt>
      <trkpt lat="34.0917241" lon="-111.4357101"><ele>1376</ele>
        <time>2026-05-23T12:45:52Z</time>
      </trkpt>
      <trkpt lat="34.0917346" lon="-111.4357466"><ele>1376</ele>
        <time>2026-05-23T12:45:56Z</time>
      </trkpt>
      <trkpt lat="34.0917247" lon="-111.4357701"><ele>1377</ele>
        <time>2026-05-23T12:46:00Z</time>
      </trkpt>
      <trkpt lat="34.0917411" lon="-111.4359076"><ele>1379</ele>
        <time>2026-05-23T12:46:16Z</time>
      </trkpt>
      <trkpt lat="34.0917325" lon="-111.4359391"><ele>1379</ele>
        <time>2026-05-23T12:46:20Z</time>
      </trkpt>
      <trkpt lat="34.0917174" lon="-111.4359676"><ele>1379</ele>
        <time>2026-05-23T12:46:24Z</time>
      </trkpt>
      <trkpt lat="34.0916945" lon="-111.4359848"><ele>1380</ele>
        <time>2026-05-23T12:46:28Z</time>
      </trkpt>
      <trkpt lat="34.0916775" lon="-111.4360898"><ele>1381</ele>
        <time>2026-05-23T12:46:36Z</time>
      </trkpt>
      <trkpt lat="34.0916608" lon="-111.4361286"><ele>1382</ele>
        <time>2026-05-23T12:46:40Z</time>
      </trkpt>
      <trkpt lat="34.0916067" lon="-111.43619"><ele>1382</ele>
        <time>2026-05-23T12:46:48Z</time>
      </trkpt>
      <trkpt lat="34.0915717" lon="-111.4362143"><ele>1383</ele>
        <time>2026-05-23T12:46:52Z</time>
      </trkpt>
      <trkpt lat="34.0915034" lon="-111.4362801"><ele>1384</ele>
        <time>2026-05-23T12:46:59Z</time>
      </trkpt>
      <trkpt lat="34.0914657" lon="-111.4363264"><ele>1385</ele>
        <time>2026-05-23T12:47:03Z</time>
      </trkpt>
      <trkpt lat="34.0914414" lon="-111.4363704"><ele>1386</ele>
        <time>2026-05-23T12:47:07Z</time>
      </trkpt>
      <trkpt lat="34.0914241" lon="-111.4364262"><ele>1386</ele>
        <time>2026-05-23T12:47:11Z</time>
      </trkpt>
      <trkpt lat="34.0914137" lon="-111.4365109"><ele>1388</ele>
        <time>2026-05-23T12:47:19Z</time>
      </trkpt>
      <trkpt lat="34.0913908" lon="-111.4365885"><ele>1387</ele>
        <time>2026-05-23T12:47:28Z</time>
      </trkpt>
      <trkpt lat="34.0914774" lon="-111.436929"><ele>1387</ele>
        <time>2026-05-23T12:47:56Z</time>
      </trkpt>
      <trkpt lat="34.0914795" lon="-111.4369786"><ele>1388</ele>
        <time>2026-05-23T12:48:00Z</time>
      </trkpt>
      <trkpt lat="34.0914988" lon="-111.4370393"><ele>1388</ele>
        <time>2026-05-23T12:48:04Z</time>
      </trkpt>
      <trkpt lat="34.0914897" lon="-111.4371553"><ele>1389</ele>
        <time>2026-05-23T12:48:12Z</time>
      </trkpt>
      <trkpt lat="34.0915036" lon="-111.4372087"><ele>1389</ele>
        <time>2026-05-23T12:48:16Z</time>
      </trkpt>
      <trkpt lat="34.0915092" lon="-111.4372642"><ele>1390</ele>
        <time>2026-05-23T12:48:20Z</time>
      </trkpt>
      <trkpt lat="34.091501" lon="-111.4373583"><ele>1391</ele>
        <time>2026-05-23T12:48:28Z</time>
      </trkpt>
      <trkpt lat="34.0915293" lon="-111.4375264"><ele>1392</ele>
        <time>2026-05-23T12:48:40Z</time>
      </trkpt>
      <trkpt lat="34.0915646" lon="-111.437683"><ele>1393</ele>
        <time>2026-05-23T12:48:51Z</time>
      </trkpt>
      <trkpt lat="34.091515" lon="-111.4378254"><ele>1393</ele>
        <time>2026-05-23T12:49:03Z</time>
      </trkpt>
      <trkpt lat="34.0915015" lon="-111.4379506"><ele>1393</ele>
        <time>2026-05-23T12:49:11Z</time>
      </trkpt>
      <trkpt lat="34.0915033" lon="-111.4380665"><ele>1393</ele>
        <time>2026-05-23T12:49:19Z</time>
      </trkpt>
      <trkpt lat="34.0914874" lon="-111.4380908"><ele>1393</ele>
        <time>2026-05-23T12:49:23Z</time>
      </trkpt>
      <trkpt lat="34.0914836" lon="-111.4381219"><ele>1392</ele>
        <time>2026-05-23T12:49:27Z</time>
      </trkpt>
      <trkpt lat="34.0913242" lon="-111.4381496"><ele>1393</ele>
        <time>2026-05-23T12:49:44Z</time>
      </trkpt>
      <trkpt lat="34.091274" lon="-111.4381375"><ele>1391</ele>
        <time>2026-05-23T12:49:48Z</time>
      </trkpt>
      <trkpt lat="34.0912325" lon="-111.438172"><ele>1391</ele>
        <time>2026-05-23T12:49:52Z</time>
      </trkpt>
      <trkpt lat="34.0911876" lon="-111.4382224"><ele>1392</ele>
        <time>2026-05-23T12:49:56Z</time>
      </trkpt>
      <trkpt lat="34.0911276" lon="-111.4383132"><ele>1392</ele>
        <time>2026-05-23T12:50:04Z</time>
      </trkpt>
      <trkpt lat="34.0910872" lon="-111.4384638"><ele>1393</ele>
        <time>2026-05-23T12:50:20Z</time>
      </trkpt>
      <trkpt lat="34.0910999" lon="-111.4385964"><ele>1390</ele>
        <time>2026-05-23T12:50:32Z</time>
      </trkpt>
      <trkpt lat="34.091115" lon="-111.4386489"><ele>1389</ele>
        <time>2026-05-23T12:50:36Z</time>
      </trkpt>
      <trkpt lat="34.0911567" lon="-111.4386831"><ele>1389</ele>
        <time>2026-05-23T12:50:40Z</time>
      </trkpt>
      <trkpt lat="34.0911903" lon="-111.4387297"><ele>1388</ele>
        <time>2026-05-23T12:50:44Z</time>
      </trkpt>
      <trkpt lat="34.0912177" lon="-111.4387812"><ele>1388</ele>
        <time>2026-05-23T12:50:48Z</time>
      </trkpt>
      <trkpt lat="34.0912476" lon="-111.4388764"><ele>1389</ele>
        <time>2026-05-23T12:50:56Z</time>
      </trkpt>
      <trkpt lat="34.0912593" lon="-111.4389272"><ele>1390</ele>
        <time>2026-05-23T12:51:00Z</time>
      </trkpt>
      <trkpt lat="34.0912603" lon="-111.4389763"><ele>1390</ele>
        <time>2026-05-23T12:51:04Z</time>
      </trkpt>
      <trkpt lat="34.0912981" lon="-111.4391172"><ele>1394</ele>
        <time>2026-05-23T12:51:19Z</time>
      </trkpt>
      <trkpt lat="34.0913003" lon="-111.4391756"><ele>1394</ele>
        <time>2026-05-23T12:51:27Z</time>
      </trkpt>
      <trkpt lat="34.0913071" lon="-111.4392059"><ele>1395</ele>
        <time>2026-05-23T12:51:31Z</time>
      </trkpt>
      <trkpt lat="34.091335" lon="-111.4392885"><ele>1395</ele>
        <time>2026-05-23T12:51:40Z</time>
      </trkpt>
      <trkpt lat="34.0913413" lon="-111.4393549"><ele>1397</ele>
        <time>2026-05-23T12:51:48Z</time>
      </trkpt>
      <trkpt lat="34.0914248" lon="-111.4394562"><ele>1398</ele>
        <time>2026-05-23T12:52:00Z</time>
      </trkpt>
      <trkpt lat="34.0915128" lon="-111.4395477"><ele>1399</ele>
        <time>2026-05-23T12:52:12Z</time>
      </trkpt>
      <trkpt lat="34.0915304" lon="-111.4395735"><ele>1399</ele>
        <time>2026-05-23T12:52:16Z</time>
      </trkpt>
      <trkpt lat="34.0916301" lon="-111.4396644"><ele>1401</ele>
        <time>2026-05-23T12:52:28Z</time>
      </trkpt>
      <trkpt lat="34.0916624" lon="-111.4397197"><ele>1402</ele>
        <time>2026-05-23T12:52:36Z</time>
      </trkpt>
      <trkpt lat="34.0917137" lon="-111.4397608"><ele>1404</ele>
        <time>2026-05-23T12:52:44Z</time>
      </trkpt>
      <trkpt lat="34.0918069" lon="-111.4398146"><ele>1405</ele>
        <time>2026-05-23T12:52:56Z</time>
      </trkpt>
      <trkpt lat="34.0918652" lon="-111.4398744"><ele>1406</ele>
        <time>2026-05-23T12:53:04Z</time>
      </trkpt>
      <trkpt lat="34.0919534" lon="-111.4400162"><ele>1408</ele>
        <time>2026-05-23T12:53:19Z</time>
      </trkpt>
      <trkpt lat="34.0919908" lon="-111.4401043"><ele>1409</ele>
        <time>2026-05-23T12:53:27Z</time>
      </trkpt>
      <trkpt lat="34.0919973" lon="-111.4402077"><ele>1410</ele>
        <time>2026-05-23T12:53:35Z</time>
      </trkpt>
      <trkpt lat="34.0919753" lon="-111.4402492"><ele>1410</ele>
        <time>2026-05-23T12:53:39Z</time>
      </trkpt>
      <trkpt lat="34.091975" lon="-111.4403105"><ele>1411</ele>
        <time>2026-05-23T12:53:44Z</time>
      </trkpt>
      <trkpt lat="34.0919612" lon="-111.4403992"><ele>1412</ele>
        <time>2026-05-23T12:53:52Z</time>
      </trkpt>
      <trkpt lat="34.0919055" lon="-111.4404626"><ele>1412</ele>
        <time>2026-05-23T12:54:00Z</time>
      </trkpt>
      <trkpt lat="34.0918829" lon="-111.4405168"><ele>1413</ele>
        <time>2026-05-23T12:54:04Z</time>
      </trkpt>
      <trkpt lat="34.0918693" lon="-111.4405706"><ele>1413</ele>
        <time>2026-05-23T12:54:08Z</time>
      </trkpt>
      <trkpt lat="34.0918984" lon="-111.440618"><ele>1413</ele>
        <time>2026-05-23T12:54:12Z</time>
      </trkpt>
      <trkpt lat="34.0919296" lon="-111.4406538"><ele>1413</ele>
        <time>2026-05-23T12:54:16Z</time>
      </trkpt>
      <trkpt lat="34.0919415" lon="-111.4406888"><ele>1414</ele>
        <time>2026-05-23T12:54:20Z</time>
      </trkpt>
      <trkpt lat="34.0920116" lon="-111.4407582"><ele>1414</ele>
        <time>2026-05-23T12:54:28Z</time>
      </trkpt>
      <trkpt lat="34.0920311" lon="-111.4407978"><ele>1415</ele>
        <time>2026-05-23T12:54:32Z</time>
      </trkpt>
      <trkpt lat="34.0920628" lon="-111.4408342"><ele>1415</ele>
        <time>2026-05-23T12:54:36Z</time>
      </trkpt>
      <trkpt lat="34.0920854" lon="-111.4408698"><ele>1416</ele>
        <time>2026-05-23T12:54:40Z</time>
      </trkpt>
      <trkpt lat="34.0920699" lon="-111.4409046"><ele>1417</ele>
        <time>2026-05-23T12:54:44Z</time>
      </trkpt>
      <trkpt lat="34.0920428" lon="-111.4409275"><ele>1417</ele>
        <time>2026-05-23T12:54:48Z</time>
      </trkpt>
      <trkpt lat="34.0920027" lon="-111.4410237"><ele>1418</ele>
        <time>2026-05-23T12:54:56Z</time>
      </trkpt>
      <trkpt lat="34.0919943" lon="-111.4411228"><ele>1419</ele>
        <time>2026-05-23T12:55:04Z</time>
      </trkpt>
      <trkpt lat="34.0919447" lon="-111.4412108"><ele>1420</ele>
        <time>2026-05-23T12:55:12Z</time>
      </trkpt>
      <trkpt lat="34.0919109" lon="-111.4412421"><ele>1421</ele>
        <time>2026-05-23T12:55:16Z</time>
      </trkpt>
      <trkpt lat="34.0918868" lon="-111.4412398"><ele>1421</ele>
        <time>2026-05-23T12:55:20Z</time>
      </trkpt>
      <trkpt lat="34.0917886" lon="-111.4412966"><ele>1423</ele>
        <time>2026-05-23T12:55:30Z</time>
      </trkpt>
      <trkpt lat="34.091761" lon="-111.4413219"><ele>1423</ele>
        <time>2026-05-23T12:55:34Z</time>
      </trkpt>
      <trkpt lat="34.0917267" lon="-111.4413657"><ele>1424</ele>
        <time>2026-05-23T12:55:38Z</time>
      </trkpt>
      <trkpt lat="34.0917035" lon="-111.4414107"><ele>1425</ele>
        <time>2026-05-23T12:55:42Z</time>
      </trkpt>
      <trkpt lat="34.0916776" lon="-111.4414451"><ele>1426</ele>
        <time>2026-05-23T12:55:46Z</time>
      </trkpt>
      <trkpt lat="34.0916198" lon="-111.4415892"><ele>1427</ele>
        <time>2026-05-23T12:55:58Z</time>
      </trkpt>
      <trkpt lat="34.0916119" lon="-111.4417226"><ele>1428</ele>
        <time>2026-05-23T12:56:10Z</time>
      </trkpt>
      <trkpt lat="34.0915921" lon="-111.4417737"><ele>1429</ele>
        <time>2026-05-23T12:56:14Z</time>
      </trkpt>
      <trkpt lat="34.0915672" lon="-111.4418178"><ele>1429</ele>
        <time>2026-05-23T12:56:18Z</time>
      </trkpt>
      <trkpt lat="34.0915732" lon="-111.4418692"><ele>1429</ele>
        <time>2026-05-23T12:56:22Z</time>
      </trkpt>
      <trkpt lat="34.0915482" lon="-111.4419082"><ele>1430</ele>
        <time>2026-05-23T12:56:26Z</time>
      </trkpt>
      <trkpt lat="34.0915325" lon="-111.4419472"><ele>1430</ele>
        <time>2026-05-23T12:56:30Z</time>
      </trkpt>
      <trkpt lat="34.0915029" lon="-111.442057"><ele>1431</ele>
        <time>2026-05-23T12:56:38Z</time>
      </trkpt>
      <trkpt lat="34.0914912" lon="-111.4421057"><ele>1431</ele>
        <time>2026-05-23T12:56:42Z</time>
      </trkpt>
      <trkpt lat="34.0914965" lon="-111.4421682"><ele>1432</ele>
        <time>2026-05-23T12:56:46Z</time>
      </trkpt>
      <trkpt lat="34.0915271" lon="-111.4422011"><ele>1432</ele>
        <time>2026-05-23T12:56:50Z</time>
      </trkpt>
      <trkpt lat="34.0915545" lon="-111.4422909"><ele>1433</ele>
        <time>2026-05-23T12:56:58Z</time>
      </trkpt>
      <trkpt lat="34.0915874" lon="-111.4423329"><ele>1433</ele>
        <time>2026-05-23T12:57:02Z</time>
      </trkpt>
      <trkpt lat="34.0916067" lon="-111.4424275"><ele>1434</ele>
        <time>2026-05-23T12:57:10Z</time>
      </trkpt>
      <trkpt lat="34.0916203" lon="-111.442467"><ele>1435</ele>
        <time>2026-05-23T12:57:14Z</time>
      </trkpt>
      <trkpt lat="34.0916208" lon="-111.4425004"><ele>1435</ele>
        <time>2026-05-23T12:57:18Z</time>
      </trkpt>
      <trkpt lat="34.0916576" lon="-111.4426041"><ele>1437</ele>
        <time>2026-05-23T12:57:26Z</time>
      </trkpt>
      <trkpt lat="34.0916956" lon="-111.442682"><ele>1437</ele>
        <time>2026-05-23T12:57:34Z</time>
      </trkpt>
      <trkpt lat="34.0917327" lon="-111.4427289"><ele>1437</ele>
        <time>2026-05-23T12:57:38Z</time>
      </trkpt>
      <trkpt lat="34.0917489" lon="-111.442769"><ele>1437</ele>
        <time>2026-05-23T12:57:41Z</time>
      </trkpt>
      <trkpt lat="34.0918257" lon="-111.4428657"><ele>1438</ele>
        <time>2026-05-23T12:57:54Z</time>
      </trkpt>
      <trkpt lat="34.0918606" lon="-111.4428885"><ele>1438</ele>
        <time>2026-05-23T12:57:58Z</time>
      </trkpt>
      <trkpt lat="34.0918836" lon="-111.4429179"><ele>1438</ele>
        <time>2026-05-23T12:58:02Z</time>
      </trkpt>
      <trkpt lat="34.0919114" lon="-111.4429631"><ele>1440</ele>
        <time>2026-05-23T12:58:06Z</time>
      </trkpt>
      <trkpt lat="34.0919249" lon="-111.4430143"><ele>1440</ele>
        <time>2026-05-23T12:58:10Z</time>
      </trkpt>
      <trkpt lat="34.0919649" lon="-111.4430629"><ele>1440</ele>
        <time>2026-05-23T12:58:14Z</time>
      </trkpt>
      <trkpt lat="34.0919941" lon="-111.4431483"><ele>1441</ele>
        <time>2026-05-23T12:58:22Z</time>
      </trkpt>
      <trkpt lat="34.0920436" lon="-111.4432232"><ele>1441</ele>
        <time>2026-05-23T12:58:30Z</time>
      </trkpt>
      <trkpt lat="34.0921352" lon="-111.4433391"><ele>1443</ele>
        <time>2026-05-23T12:58:42Z</time>
      </trkpt>
      <trkpt lat="34.0922715" lon="-111.4435627"><ele>1445</ele>
        <time>2026-05-23T12:59:02Z</time>
      </trkpt>
      <trkpt lat="34.0922986" lon="-111.4435925"><ele>1445</ele>
        <time>2026-05-23T12:59:06Z</time>
      </trkpt>
      <trkpt lat="34.0923752" lon="-111.4436541"><ele>1446</ele>
        <time>2026-05-23T12:59:14Z</time>
      </trkpt>
      <trkpt lat="34.092408" lon="-111.4436922"><ele>1446</ele>
        <time>2026-05-23T12:59:18Z</time>
      </trkpt>
      <trkpt lat="34.0924483" lon="-111.443715"><ele>1445</ele>
        <time>2026-05-23T12:59:22Z</time>
      </trkpt>
      <trkpt lat="34.0925183" lon="-111.4437757"><ele>1445</ele>
        <time>2026-05-23T12:59:29Z</time>
      </trkpt>
      <trkpt lat="34.0925511" lon="-111.4438181"><ele>1445</ele>
        <time>2026-05-23T12:59:33Z</time>
      </trkpt>
      <trkpt lat="34.0925465" lon="-111.4438525"><ele>1445</ele>
        <time>2026-05-23T12:59:37Z</time>
      </trkpt>
      <trkpt lat="34.0925607" lon="-111.4438482"><ele>1445</ele>
        <time>2026-05-23T12:59:58Z</time>
      </trkpt>
      <trkpt lat="34.0925603" lon="-111.4438539"><ele>1446</ele>
        <time>2026-05-23T13:00:13Z</time>
      </trkpt>
      <trkpt lat="34.0925537" lon="-111.4438479"><ele>1446</ele>
        <time>2026-05-23T13:00:25Z</time>
      </trkpt>
      <trkpt lat="34.0925572" lon="-111.4438568"><ele>1445</ele>
        <time>2026-05-23T13:00:27Z</time>
      </trkpt>
      <trkpt lat="34.0925466" lon="-111.4438525"><ele>1445</ele>
        <time>2026-05-23T13:00:31Z</time>
      </trkpt>
      <trkpt lat="34.0925461" lon="-111.4438476"><ele>1446</ele>
        <time>2026-05-23T13:00:35Z</time>
      </trkpt>
      <trkpt lat="34.0925188" lon="-111.4438386"><ele>1447</ele>
        <time>2026-05-23T13:00:43Z</time>
      </trkpt>
      <trkpt lat="34.0924878" lon="-111.4438646"><ele>1443</ele>
        <time>2026-05-23T13:00:47Z</time>
      </trkpt>
      <trkpt lat="34.0924504" lon="-111.4438689"><ele>1444</ele>
        <time>2026-05-23T13:00:50Z</time>
      </trkpt>
      <trkpt lat="34.092419" lon="-111.4438631"><ele>1444</ele>
        <time>2026-05-23T13:00:54Z</time>
      </trkpt>
      <trkpt lat="34.0923883" lon="-111.4438561"><ele>1444</ele>
        <time>2026-05-23T13:00:58Z</time>
      </trkpt>
      <trkpt lat="34.0923683" lon="-111.4438414"><ele>1445</ele>
        <time>2026-05-23T13:01:02Z</time>
      </trkpt>
      <trkpt lat="34.0923326" lon="-111.4438396"><ele>1446</ele>
        <time>2026-05-23T13:01:06Z</time>
      </trkpt>
      <trkpt lat="34.092218" lon="-111.4437845"><ele>1449</ele>
        <time>2026-05-23T13:01:18Z</time>
      </trkpt>
      <trkpt lat="34.0921913" lon="-111.4437851"><ele>1451</ele>
        <time>2026-05-23T13:01:22Z</time>
      </trkpt>
      <trkpt lat="34.0921675" lon="-111.4437655"><ele>1451</ele>
        <time>2026-05-23T13:01:26Z</time>
      </trkpt>
      <trkpt lat="34.0920898" lon="-111.4436479"><ele>1456</ele>
        <time>2026-05-23T13:01:42Z</time>
      </trkpt>
      <trkpt lat="34.0920463" lon="-111.4435928"><ele>1457</ele>
        <time>2026-05-23T13:01:50Z</time>
      </trkpt>
      <trkpt lat="34.0919971" lon="-111.4435438"><ele>1459</ele>
        <time>2026-05-23T13:01:58Z</time>
      </trkpt>
      <trkpt lat="34.0919784" lon="-111.4435122"><ele>1459</ele>
        <time>2026-05-23T13:02:02Z</time>
      </trkpt>
      <trkpt lat="34.0919484" lon="-111.4434843"><ele>1461</ele>
        <time>2026-05-23T13:02:06Z</time>
      </trkpt>
      <trkpt lat="34.0919291" lon="-111.44345"><ele>1462</ele>
        <time>2026-05-23T13:02:10Z</time>
      </trkpt>
      <trkpt lat="34.0918855" lon="-111.4433977"><ele>1463</ele>
        <time>2026-05-23T13:02:18Z</time>
      </trkpt>
      <trkpt lat="34.0918501" lon="-111.4433744"><ele>1464</ele>
        <time>2026-05-23T13:02:23Z</time>
      </trkpt>
      <trkpt lat="34.0918031" lon="-111.4433263"><ele>1465</ele>
        <time>2026-05-23T13:02:31Z</time>
      </trkpt>
      <trkpt lat="34.0917842" lon="-111.4432877"><ele>1465</ele>
        <time>2026-05-23T13:02:35Z</time>
      </trkpt>
      <trkpt lat="34.0917346" lon="-111.4432167"><ele>1466</ele>
        <time>2026-05-23T13:02:43Z</time>
      </trkpt>
      <trkpt lat="34.0916977" lon="-111.4431924"><ele>1467</ele>
        <time>2026-05-23T13:02:47Z</time>
      </trkpt>
      <trkpt lat="34.0916585" lon="-111.4431759"><ele>1467</ele>
        <time>2026-05-23T13:02:51Z</time>
      </trkpt>
      <trkpt lat="34.0916239" lon="-111.4431493"><ele>1467</ele>
        <time>2026-05-23T13:02:55Z</time>
      </trkpt>
      <trkpt lat="34.0916117" lon="-111.4430924"><ele>1467</ele>
        <time>2026-05-23T13:02:59Z</time>
      </trkpt>
      <trkpt lat="34.0915953" lon="-111.4430527"><ele>1467</ele>
        <time>2026-05-23T13:03:03Z</time>
      </trkpt>
      <trkpt lat="34.0915469" lon="-111.4430406"><ele>1467</ele>
        <time>2026-05-23T13:03:07Z</time>
      </trkpt>
      <trkpt lat="34.0915152" lon="-111.4430262"><ele>1467</ele>
        <time>2026-05-23T13:03:11Z</time>
      </trkpt>
      <trkpt lat="34.0914684" lon="-111.4430174"><ele>1469</ele>
        <time>2026-05-23T13:03:15Z</time>
      </trkpt>
      <trkpt lat="34.0914629" lon="-111.4430399"><ele>1468</ele>
        <time>2026-05-23T13:03:19Z</time>
      </trkpt>
      <trkpt lat="34.0914687" lon="-111.4430654"><ele>1469</ele>
        <time>2026-05-23T13:03:23Z</time>
      </trkpt>
      <trkpt lat="34.0915044" lon="-111.4430678"><ele>1469</ele>
        <time>2026-05-23T13:03:27Z</time>
      </trkpt>
      <trkpt lat="34.0915356" lon="-111.443102"><ele>1470</ele>
        <time>2026-05-23T13:03:30Z</time>
      </trkpt>
      <trkpt lat="34.0915413" lon="-111.4431456"><ele>1471</ele>
        <time>2026-05-23T13:03:34Z</time>
      </trkpt>
      <trkpt lat="34.0915637" lon="-111.4431841"><ele>1472</ele>
        <time>2026-05-23T13:03:38Z</time>
      </trkpt>
      <trkpt lat="34.0916023" lon="-111.4432287"><ele>1472</ele>
        <time>2026-05-23T13:03:42Z</time>
      </trkpt>
      <trkpt lat="34.0916254" lon="-111.4432654"><ele>1473</ele>
        <time>2026-05-23T13:03:46Z</time>
      </trkpt>
      <trkpt lat="34.0917339" lon="-111.4433756"><ele>1474</ele>
        <time>2026-05-23T13:03:58Z</time>
      </trkpt>
      <trkpt lat="34.0917595" lon="-111.4434219"><ele>1475</ele>
        <time>2026-05-23T13:04:02Z</time>
      </trkpt>
      <trkpt lat="34.0917776" lon="-111.4435316"><ele>1474</ele>
        <time>2026-05-23T13:04:11Z</time>
      </trkpt>
      <trkpt lat="34.091807" lon="-111.443589"><ele>1474</ele>
        <time>2026-05-23T13:04:15Z</time>
      </trkpt>
      <trkpt lat="34.0918041" lon="-111.4436464"><ele>1478</ele>
        <time>2026-05-23T13:04:19Z</time>
      </trkpt>
      <trkpt lat="34.0917871" lon="-111.4436638"><ele>1476</ele>
        <time>2026-05-23T13:04:23Z</time>
      </trkpt>
      <trkpt lat="34.0916594" lon="-111.4437433"><ele>1475</ele>
        <time>2026-05-23T13:04:35Z</time>
      </trkpt>
      <trkpt lat="34.0916311" lon="-111.4437557"><ele>1477</ele>
        <time>2026-05-23T13:04:39Z</time>
      </trkpt>
      <trkpt lat="34.0916039" lon="-111.4437851"><ele>1474</ele>
        <time>2026-05-23T13:04:43Z</time>
      </trkpt>
      <trkpt lat="34.0915705" lon="-111.4438089"><ele>1475</ele>
        <time>2026-05-23T13:04:47Z</time>
      </trkpt>
      <trkpt lat="34.0915445" lon="-111.4438452"><ele>1476</ele>
        <time>2026-05-23T13:04:51Z</time>
      </trkpt>
      <trkpt lat="34.091505" lon="-111.443877"><ele>1476</ele>
        <time>2026-05-23T13:04:55Z</time>
      </trkpt>
      <trkpt lat="34.091468" lon="-111.443897"><ele>1477</ele>
        <time>2026-05-23T13:04:59Z</time>
      </trkpt>
      <trkpt lat="34.0914222" lon="-111.4439138"><ele>1477</ele>
        <time>2026-05-23T13:05:03Z</time>
      </trkpt>
      <trkpt lat="34.091337" lon="-111.4439292"><ele>1478</ele>
        <time>2026-05-23T13:05:11Z</time>
      </trkpt>
      <trkpt lat="34.091256" lon="-111.4439227"><ele>1478</ele>
        <time>2026-05-23T13:05:19Z</time>
      </trkpt>
      <trkpt lat="34.0911631" lon="-111.443957"><ele>1481</ele>
        <time>2026-05-23T13:05:28Z</time>
      </trkpt>
      <trkpt lat="34.091063" lon="-111.4439242"><ele>1482</ele>
        <time>2026-05-23T13:05:36Z</time>
      </trkpt>
      <trkpt lat="34.0910098" lon="-111.4439238"><ele>1482</ele>
        <time>2026-05-23T13:05:40Z</time>
      </trkpt>
      <trkpt lat="34.0909381" lon="-111.4439619"><ele>1483</ele>
        <time>2026-05-23T13:05:48Z</time>
      </trkpt>
      <trkpt lat="34.0909032" lon="-111.443968"><ele>1484</ele>
        <time>2026-05-23T13:05:52Z</time>
      </trkpt>
      <trkpt lat="34.0907425" lon="-111.444077"><ele>1487</ele>
        <time>2026-05-23T13:06:08Z</time>
      </trkpt>
      <trkpt lat="34.0907091" lon="-111.4440935"><ele>1488</ele>
        <time>2026-05-23T13:06:12Z</time>
      </trkpt>
      <trkpt lat="34.0906855" lon="-111.4441306"><ele>1488</ele>
        <time>2026-05-23T13:06:16Z</time>
      </trkpt>
      <trkpt lat="34.0906486" lon="-111.4441526"><ele>1489</ele>
        <time>2026-05-23T13:06:20Z</time>
      </trkpt>
      <trkpt lat="34.0906221" lon="-111.4441986"><ele>1489</ele>
        <time>2026-05-23T13:06:24Z</time>
      </trkpt>
      <trkpt lat="34.0905595" lon="-111.4442531"><ele>1489</ele>
        <time>2026-05-23T13:06:32Z</time>
      </trkpt>
      <trkpt lat="34.0905662" lon="-111.4442704"><ele>1490</ele>
        <time>2026-05-23T13:06:36Z</time>
      </trkpt>
      <trkpt lat="34.0905355" lon="-111.444283"><ele>1491</ele>
        <time>2026-05-23T13:06:40Z</time>
      </trkpt>
      <trkpt lat="34.0904938" lon="-111.44433"><ele>1492</ele>
        <time>2026-05-23T13:06:44Z</time>
      </trkpt>
      <trkpt lat="34.0904582" lon="-111.4443502"><ele>1492</ele>
        <time>2026-05-23T13:06:48Z</time>
      </trkpt>
      <trkpt lat="34.0903974" lon="-111.4444205"><ele>1493</ele>
        <time>2026-05-23T13:06:56Z</time>
      </trkpt>
      <trkpt lat="34.0903653" lon="-111.4444453"><ele>1494</ele>
        <time>2026-05-23T13:07:04Z</time>
      </trkpt>
      <trkpt lat="34.0903363" lon="-111.4444968"><ele>1495</ele>
        <time>2026-05-23T13:07:08Z</time>
      </trkpt>
      <trkpt lat="34.0903027" lon="-111.4445175"><ele>1495</ele>
        <time>2026-05-23T13:07:12Z</time>
      </trkpt>
      <trkpt lat="34.0902707" lon="-111.444505"><ele>1496</ele>
        <time>2026-05-23T13:07:16Z</time>
      </trkpt>
      <trkpt lat="34.0902798" lon="-111.4444478"><ele>1497</ele>
        <time>2026-05-23T13:07:20Z</time>
      </trkpt>
      <trkpt lat="34.0903164" lon="-111.4443729"><ele>1499</ele>
        <time>2026-05-23T13:07:28Z</time>
      </trkpt>
      <trkpt lat="34.0903436" lon="-111.4443319"><ele>1499</ele>
        <time>2026-05-23T13:07:32Z</time>
      </trkpt>
      <trkpt lat="34.0904062" lon="-111.4441738"><ele>1499</ele>
        <time>2026-05-23T13:07:48Z</time>
      </trkpt>
      <trkpt lat="34.0904855" lon="-111.4440349"><ele>1499</ele>
        <time>2026-05-23T13:08:00Z</time>
      </trkpt>
      <trkpt lat="34.0905176" lon="-111.4440114"><ele>1498</ele>
        <time>2026-05-23T13:08:04Z</time>
      </trkpt>
      <trkpt lat="34.0905362" lon="-111.4439834"><ele>1499</ele>
        <time>2026-05-23T13:08:08Z</time>
      </trkpt>
      <trkpt lat="34.0906879" lon="-111.4438561"><ele>1501</ele>
        <time>2026-05-23T13:08:24Z</time>
      </trkpt>
      <trkpt lat="34.0907252" lon="-111.4438283"><ele>1502</ele>
        <time>2026-05-23T13:08:28Z</time>
      </trkpt>
      <trkpt lat="34.0908502" lon="-111.4437609"><ele>1502</ele>
        <time>2026-05-23T13:08:40Z</time>
      </trkpt>
      <trkpt lat="34.0909463" lon="-111.4436599"><ele>1502</ele>
        <time>2026-05-23T13:08:52Z</time>
      </trkpt>
      <trkpt lat="34.0909812" lon="-111.4436474"><ele>1502</ele>
        <time>2026-05-23T13:08:56Z</time>
      </trkpt>
      <trkpt lat="34.0910491" lon="-111.4435838"><ele>1502</ele>
        <time>2026-05-23T13:09:04Z</time>
      </trkpt>
      <trkpt lat="34.09111" lon="-111.4434914"><ele>1502</ele>
        <time>2026-05-23T13:09:12Z</time>
      </trkpt>
      <trkpt lat="34.0911276" lon="-111.4434463"><ele>1502</ele>
        <time>2026-05-23T13:09:16Z</time>
      </trkpt>
      <trkpt lat="34.0911236" lon="-111.4434233"><ele>1501</ele>
        <time>2026-05-23T13:09:20Z</time>
      </trkpt>
      <trkpt lat="34.0911055" lon="-111.4434087"><ele>1501</ele>
        <time>2026-05-23T13:09:24Z</time>
      </trkpt>
      <trkpt lat="34.0911026" lon="-111.4434227"><ele>1502</ele>
        <time>2026-05-23T13:09:28Z</time>
      </trkpt>
      <trkpt lat="34.0910881" lon="-111.4434329"><ele>1503</ele>
        <time>2026-05-23T13:09:32Z</time>
      </trkpt>
      <trkpt lat="34.091043" lon="-111.4434534"><ele>1504</ele>
        <time>2026-05-23T13:09:40Z</time>
      </trkpt>
      <trkpt lat="34.0909848" lon="-111.443492"><ele>1505</ele>
        <time>2026-05-23T13:09:47Z</time>
      </trkpt>
      <trkpt lat="34.090965" lon="-111.4435116"><ele>1506</ele>
        <time>2026-05-23T13:09:51Z</time>
      </trkpt>
      <trkpt lat="34.0908953" lon="-111.4435494"><ele>1507</ele>
        <time>2026-05-23T13:09:59Z</time>
      </trkpt>
      <trkpt lat="34.0907932" lon="-111.4435663"><ele>1506</ele>
        <time>2026-05-23T13:10:11Z</time>
      </trkpt>
      <trkpt lat="34.0907513" lon="-111.4435834"><ele>1507</ele>
        <time>2026-05-23T13:10:15Z</time>
      </trkpt>
      <trkpt lat="34.0907159" lon="-111.4435896"><ele>1508</ele>
        <time>2026-05-23T13:10:19Z</time>
      </trkpt>
      <trkpt lat="34.0906298" lon="-111.4436553"><ele>1512</ele>
        <time>2026-05-23T13:10:30Z</time>
      </trkpt>
      <trkpt lat="34.0905726" lon="-111.4436641"><ele>1514</ele>
        <time>2026-05-23T13:10:38Z</time>
      </trkpt>
      <trkpt lat="34.0904967" lon="-111.4437154"><ele>1516</ele>
        <time>2026-05-23T13:10:46Z</time>
      </trkpt>
      <trkpt lat="34.0904537" lon="-111.4437103"><ele>1517</ele>
        <time>2026-05-23T13:10:50Z</time>
      </trkpt>
      <trkpt lat="34.0904307" lon="-111.4437212"><ele>1517</ele>
        <time>2026-05-23T13:10:54Z</time>
      </trkpt>
      <trkpt lat="34.0903954" lon="-111.4437515"><ele>1517</ele>
        <time>2026-05-23T13:10:58Z</time>
      </trkpt>
      <trkpt lat="34.090367" lon="-111.443786"><ele>1518</ele>
        <time>2026-05-23T13:11:02Z</time>
      </trkpt>
      <trkpt lat="34.0902693" lon="-111.4438593"><ele>1520</ele>
        <time>2026-05-23T13:11:14Z</time>
      </trkpt>
      <trkpt lat="34.0902295" lon="-111.4438833"><ele>1521</ele>
        <time>2026-05-23T13:11:18Z</time>
      </trkpt>
      <trkpt lat="34.0901635" lon="-111.4439047"><ele>1521</ele>
        <time>2026-05-23T13:11:25Z</time>
      </trkpt>
      <trkpt lat="34.0901316" lon="-111.443905"><ele>1521</ele>
        <time>2026-05-23T13:11:29Z</time>
      </trkpt>
      <trkpt lat="34.0900772" lon="-111.4439251"><ele>1524</ele>
        <time>2026-05-23T13:11:37Z</time>
      </trkpt>
      <trkpt lat="34.0900444" lon="-111.4439251"><ele>1525</ele>
        <time>2026-05-23T13:11:41Z</time>
      </trkpt>
      <trkpt lat="34.0900116" lon="-111.4439385"><ele>1526</ele>
        <time>2026-05-23T13:11:45Z</time>
      </trkpt>
      <trkpt lat="34.0899787" lon="-111.4439627"><ele>1527</ele>
        <time>2026-05-23T13:11:49Z</time>
      </trkpt>
      <trkpt lat="34.0899463" lon="-111.4439762"><ele>1528</ele>
        <time>2026-05-23T13:11:53Z</time>
      </trkpt>
      <trkpt lat="34.0898927" lon="-111.4439652"><ele>1529</ele>
        <time>2026-05-23T13:12:01Z</time>
      </trkpt>
      <trkpt lat="34.0898582" lon="-111.4439865"><ele>1530</ele>
        <time>2026-05-23T13:12:05Z</time>
      </trkpt>
      <trkpt lat="34.0897826" lon="-111.4440199"><ele>1530</ele>
        <time>2026-05-23T13:12:13Z</time>
      </trkpt>
      <trkpt lat="34.0897543" lon="-111.4440222"><ele>1532</ele>
        <time>2026-05-23T13:12:17Z</time>
      </trkpt>
      <trkpt lat="34.0897224" lon="-111.4440332"><ele>1532</ele>
        <time>2026-05-23T13:12:21Z</time>
      </trkpt>
      <trkpt lat="34.0897056" lon="-111.4440189"><ele>1533</ele>
        <time>2026-05-23T13:12:25Z</time>
      </trkpt>
      <trkpt lat="34.089649" lon="-111.4440937"><ele>1531</ele>
        <time>2026-05-23T13:12:34Z</time>
      </trkpt>
      <trkpt lat="34.0895893" lon="-111.4441442"><ele>1532</ele>
        <time>2026-05-23T13:12:42Z</time>
      </trkpt>
      <trkpt lat="34.0895771" lon="-111.4441737"><ele>1533</ele>
        <time>2026-05-23T13:12:46Z</time>
      </trkpt>
      <trkpt lat="34.0895868" lon="-111.4442128"><ele>1534</ele>
        <time>2026-05-23T13:12:50Z</time>
      </trkpt>
      <trkpt lat="34.0895571" lon="-111.4442502"><ele>1535</ele>
        <time>2026-05-23T13:12:54Z</time>
      </trkpt>
      <trkpt lat="34.0895419" lon="-111.4442926"><ele>1535</ele>
        <time>2026-05-23T13:12:58Z</time>
      </trkpt>
      <trkpt lat="34.08952" lon="-111.4442899"><ele>1535</ele>
        <time>2026-05-23T13:13:02Z</time>
      </trkpt>
      <trkpt lat="34.0894814" lon="-111.4442263"><ele>1537</ele>
        <time>2026-05-23T13:13:10Z</time>
      </trkpt>
      <trkpt lat="34.0894932" lon="-111.4441651"><ele>1538</ele>
        <time>2026-05-23T13:13:14Z</time>
      </trkpt>
      <trkpt lat="34.0894957" lon="-111.4441116"><ele>1538</ele>
        <time>2026-05-23T13:13:18Z</time>
      </trkpt>
      <trkpt lat="34.0895192" lon="-111.4440644"><ele>1540</ele>
        <time>2026-05-23T13:13:22Z</time>
      </trkpt>
      <trkpt lat="34.0895472" lon="-111.4440433"><ele>1540</ele>
        <time>2026-05-23T13:13:26Z</time>
      </trkpt>
      <trkpt lat="34.0896154" lon="-111.4439592"><ele>1540</ele>
        <time>2026-05-23T13:13:38Z</time>
      </trkpt>
      <trkpt lat="34.0896188" lon="-111.4439354"><ele>1539</ele>
        <time>2026-05-23T13:13:41Z</time>
      </trkpt>
      <trkpt lat="34.0896553" lon="-111.4439075"><ele>1539</ele>
        <time>2026-05-23T13:13:45Z</time>
      </trkpt>
      <trkpt lat="34.0897087" lon="-111.4438829"><ele>1539</ele>
        <time>2026-05-23T13:13:49Z</time>
      </trkpt>
      <trkpt lat="34.0897511" lon="-111.4438738"><ele>1538</ele>
        <time>2026-05-23T13:13:53Z</time>
      </trkpt>
      <trkpt lat="34.0897621" lon="-111.4438519"><ele>1538</ele>
        <time>2026-05-23T13:13:57Z</time>
      </trkpt>
      <trkpt lat="34.089801" lon="-111.4438378"><ele>1539</ele>
        <time>2026-05-23T13:14:01Z</time>
      </trkpt>
      <trkpt lat="34.0898429" lon="-111.4438321"><ele>1540</ele>
        <time>2026-05-23T13:14:05Z</time>
      </trkpt>
      <trkpt lat="34.0898812" lon="-111.4438091"><ele>1540</ele>
        <time>2026-05-23T13:14:09Z</time>
      </trkpt>
      <trkpt lat="34.0899134" lon="-111.4437719"><ele>1539</ele>
        <time>2026-05-23T13:14:13Z</time>
      </trkpt>
      <trkpt lat="34.0900095" lon="-111.4437463"><ele>1541</ele>
        <time>2026-05-23T13:14:21Z</time>
      </trkpt>
      <trkpt lat="34.0900364" lon="-111.4436953"><ele>1541</ele>
        <time>2026-05-23T13:14:25Z</time>
      </trkpt>
      <trkpt lat="34.0900648" lon="-111.4436584"><ele>1542</ele>
        <time>2026-05-23T13:14:29Z</time>
      </trkpt>
      <trkpt lat="34.0901064" lon="-111.443626"><ele>1543</ele>
        <time>2026-05-23T13:14:33Z</time>
      </trkpt>
      <trkpt lat="34.090217" lon="-111.4435058"><ele>1543</ele>
        <time>2026-05-23T13:14:46Z</time>
      </trkpt>
      <trkpt lat="34.0902398" lon="-111.4434683"><ele>1544</ele>
        <time>2026-05-23T13:14:50Z</time>
      </trkpt>
      <trkpt lat="34.0903211" lon="-111.4434114"><ele>1543</ele>
        <time>2026-05-23T13:14:58Z</time>
      </trkpt>
      <trkpt lat="34.0903508" lon="-111.4433816"><ele>1543</ele>
        <time>2026-05-23T13:15:02Z</time>
      </trkpt>
      <trkpt lat="34.0903672" lon="-111.4433545"><ele>1543</ele>
        <time>2026-05-23T13:15:06Z</time>
      </trkpt>
      <trkpt lat="34.0903725" lon="-111.4433273"><ele>1542</ele>
        <time>2026-05-23T13:15:10Z</time>
      </trkpt>
      <trkpt lat="34.09034" lon="-111.4433274"><ele>1542</ele>
        <time>2026-05-23T13:15:14Z</time>
      </trkpt>
      <trkpt lat="34.0902979" lon="-111.4433713"><ele>1542</ele>
        <time>2026-05-23T13:15:21Z</time>
      </trkpt>
      <trkpt lat="34.0902721" lon="-111.4433539"><ele>1542</ele>
        <time>2026-05-23T13:15:25Z</time>
      </trkpt>
      <trkpt lat="34.0902411" lon="-111.4433559"><ele>1542</ele>
        <time>2026-05-23T13:15:30Z</time>
      </trkpt>
      <trkpt lat="34.0902053" lon="-111.4433713"><ele>1544</ele>
        <time>2026-05-23T13:15:38Z</time>
      </trkpt>
      <trkpt lat="34.0901861" lon="-111.4433858"><ele>1544</ele>
        <time>2026-05-23T13:15:42Z</time>
      </trkpt>
      <trkpt lat="34.0901296" lon="-111.4434603"><ele>1547</ele>
        <time>2026-05-23T13:15:54Z</time>
      </trkpt>
      <trkpt lat="34.0901005" lon="-111.4434661"><ele>1547</ele>
        <time>2026-05-23T13:16:02Z</time>
      </trkpt>
      <trkpt lat="34.0900756" lon="-111.4434568"><ele>1547</ele>
        <time>2026-05-23T13:16:06Z</time>
      </trkpt>
      <trkpt lat="34.0900538" lon="-111.4434658"><ele>1546</ele>
        <time>2026-05-23T13:16:10Z</time>
      </trkpt>
      <trkpt lat="34.0900323" lon="-111.4434869"><ele>1547</ele>
        <time>2026-05-23T13:16:14Z</time>
      </trkpt>
      <trkpt lat="34.0899533" lon="-111.4435119"><ele>1551</ele>
        <time>2026-05-23T13:16:26Z</time>
      </trkpt>
      <trkpt lat="34.0899243" lon="-111.443512"><ele>1552</ele>
        <time>2026-05-23T13:16:30Z</time>
      </trkpt>
      <trkpt lat="34.0898702" lon="-111.4434807"><ele>1555</ele>
        <time>2026-05-23T13:16:42Z</time>
      </trkpt>
      <trkpt lat="34.0898309" lon="-111.443485"><ele>1557</ele>
        <time>2026-05-23T13:16:51Z</time>
      </trkpt>
      <trkpt lat="34.0898181" lon="-111.4434752"><ele>1558</ele>
        <time>2026-05-23T13:16:55Z</time>
      </trkpt>
      <trkpt lat="34.0897771" lon="-111.4434986"><ele>1559</ele>
        <time>2026-05-23T13:17:03Z</time>
      </trkpt>
      <trkpt lat="34.0897439" lon="-111.4435105"><ele>1559</ele>
        <time>2026-05-23T13:17:07Z</time>
      </trkpt>
      <trkpt lat="34.0897144" lon="-111.443543"><ele>1559</ele>
        <time>2026-05-23T13:17:11Z</time>
      </trkpt>
      <trkpt lat="34.0896574" lon="-111.4435457"><ele>1560</ele>
        <time>2026-05-23T13:17:15Z</time>
      </trkpt>
      <trkpt lat="34.0896342" lon="-111.4435397"><ele>1559</ele>
        <time>2026-05-23T13:17:19Z</time>
      </trkpt>
      <trkpt lat="34.0895906" lon="-111.4435392"><ele>1559</ele>
        <time>2026-05-23T13:17:23Z</time>
      </trkpt>
      <trkpt lat="34.0895634" lon="-111.4435456"><ele>1560</ele>
        <time>2026-05-23T13:17:27Z</time>
      </trkpt>
      <trkpt lat="34.0895281" lon="-111.4435359"><ele>1559</ele>
        <time>2026-05-23T13:17:35Z</time>
      </trkpt>
      <trkpt lat="34.0894972" lon="-111.4435166"><ele>1560</ele>
        <time>2026-05-23T13:17:42Z</time>
      </trkpt>
      <trkpt lat="34.0894448" lon="-111.4435317"><ele>1559</ele>
        <time>2026-05-23T13:17:47Z</time>
      </trkpt>
      <trkpt lat="34.0894044" lon="-111.4435307"><ele>1559</ele>
        <time>2026-05-23T13:17:51Z</time>
      </trkpt>
      <trkpt lat="34.0893797" lon="-111.4435224"><ele>1560</ele>
        <time>2026-05-23T13:17:55Z</time>
      </trkpt>
      <trkpt lat="34.0894729" lon="-111.443491"><ele>1559</ele>
        <time>2026-05-23T13:18:09Z</time>
      </trkpt>
      <trkpt lat="34.0895074" lon="-111.4434846"><ele>1559</ele>
        <time>2026-05-23T13:18:13Z</time>
      </trkpt>
      <trkpt lat="34.0895748" lon="-111.443441"><ele>1561</ele>
        <time>2026-05-23T13:18:21Z</time>
      </trkpt>
      <trkpt lat="34.0896076" lon="-111.4434287"><ele>1561</ele>
        <time>2026-05-23T13:18:25Z</time>
      </trkpt>
      <trkpt lat="34.0896435" lon="-111.4434072"><ele>1561</ele>
        <time>2026-05-23T13:18:29Z</time>
      </trkpt>
      <trkpt lat="34.0896968" lon="-111.4433548"><ele>1566</ele>
        <time>2026-05-23T13:18:37Z</time>
      </trkpt>
      <trkpt lat="34.0897045" lon="-111.4433387"><ele>1566</ele>
        <time>2026-05-23T13:18:41Z</time>
      </trkpt>
      <trkpt lat="34.0896852" lon="-111.4433277"><ele>1566</ele>
        <time>2026-05-23T13:18:45Z</time>
      </trkpt>
      <trkpt lat="34.0896261" lon="-111.4433424"><ele>1567</ele>
        <time>2026-05-23T13:18:53Z</time>
      </trkpt>
      <trkpt lat="34.0896026" lon="-111.443341"><ele>1567</ele>
        <time>2026-05-23T13:18:57Z</time>
      </trkpt>
      <trkpt lat="34.0895831" lon="-111.4433298"><ele>1567</ele>
        <time>2026-05-23T13:19:01Z</time>
      </trkpt>
      <trkpt lat="34.0895517" lon="-111.4433372"><ele>1567</ele>
        <time>2026-05-23T13:19:05Z</time>
      </trkpt>
      <trkpt lat="34.0895209" lon="-111.4433375"><ele>1568</ele>
        <time>2026-05-23T13:19:09Z</time>
      </trkpt>
      <trkpt lat="34.0894913" lon="-111.4433251"><ele>1568</ele>
        <time>2026-05-23T13:19:17Z</time>
      </trkpt>
      <trkpt lat="34.0894297" lon="-111.4433549"><ele>1569</ele>
        <time>2026-05-23T13:19:21Z</time>
      </trkpt>
      <trkpt lat="34.089414" lon="-111.4433442"><ele>1570</ele>
        <time>2026-05-23T13:19:25Z</time>
      </trkpt>
      <trkpt lat="34.0894034" lon="-111.443345"><ele>1570</ele>
        <time>2026-05-23T13:19:29Z</time>
      </trkpt>
      <trkpt lat="34.0893397" lon="-111.4434027"><ele>1572</ele>
        <time>2026-05-23T13:19:37Z</time>
      </trkpt>
      <trkpt lat="34.0892985" lon="-111.4434238"><ele>1572</ele>
        <time>2026-05-23T13:19:41Z</time>
      </trkpt>
      <trkpt lat="34.0892699" lon="-111.4434184"><ele>1572</ele>
        <time>2026-05-23T13:19:45Z</time>
      </trkpt>
      <trkpt lat="34.08924" lon="-111.4434282"><ele>1572</ele>
        <time>2026-05-23T13:19:49Z</time>
      </trkpt>
      <trkpt lat="34.0892144" lon="-111.4434242"><ele>1573</ele>
        <time>2026-05-23T13:19:53Z</time>
      </trkpt>
      <trkpt lat="34.0891801" lon="-111.4434397"><ele>1573</ele>
        <time>2026-05-23T13:19:57Z</time>
      </trkpt>
      <trkpt lat="34.0891539" lon="-111.4434311"><ele>1573</ele>
        <time>2026-05-23T13:20:01Z</time>
      </trkpt>
      <trkpt lat="34.0891103" lon="-111.4434384"><ele>1574</ele>
        <time>2026-05-23T13:20:05Z</time>
      </trkpt>
      <trkpt lat="34.0890678" lon="-111.4434316"><ele>1575</ele>
        <time>2026-05-23T13:20:09Z</time>
      </trkpt>
      <trkpt lat="34.0890221" lon="-111.4434093"><ele>1577</ele>
        <time>2026-05-23T13:20:17Z</time>
      </trkpt>
      <trkpt lat="34.0889347" lon="-111.4435202"><ele>1578</ele>
        <time>2026-05-23T13:20:32Z</time>
      </trkpt>
      <trkpt lat="34.0888641" lon="-111.4436337"><ele>1583</ele>
        <time>2026-05-23T13:20:44Z</time>
      </trkpt>
      <trkpt lat="34.0888411" lon="-111.4436627"><ele>1585</ele>
        <time>2026-05-23T13:20:48Z</time>
      </trkpt>
      <trkpt lat="34.0888329" lon="-111.4436933"><ele>1586</ele>
        <time>2026-05-23T13:20:52Z</time>
      </trkpt>
      <trkpt lat="34.0888319" lon="-111.4437287"><ele>1586</ele>
        <time>2026-05-23T13:20:56Z</time>
      </trkpt>
      <trkpt lat="34.0888178" lon="-111.4437626"><ele>1586</ele>
        <time>2026-05-23T13:21:00Z</time>
      </trkpt>
      <trkpt lat="34.0888159" lon="-111.4438175"><ele>1587</ele>
        <time>2026-05-23T13:21:04Z</time>
      </trkpt>
      <trkpt lat="34.088803" lon="-111.4438579"><ele>1588</ele>
        <time>2026-05-23T13:21:08Z</time>
      </trkpt>
      <trkpt lat="34.0887506" lon="-111.4439352"><ele>1590</ele>
        <time>2026-05-23T13:21:20Z</time>
      </trkpt>
      <trkpt lat="34.0887647" lon="-111.4439781"><ele>1591</ele>
        <time>2026-05-23T13:21:24Z</time>
      </trkpt>
      <trkpt lat="34.0887662" lon="-111.4441464"><ele>1593</ele>
        <time>2026-05-23T13:21:36Z</time>
      </trkpt>
      <trkpt lat="34.0887222" lon="-111.444212"><ele>1594</ele>
        <time>2026-05-23T13:21:44Z</time>
      </trkpt>
      <trkpt lat="34.0887287" lon="-111.4442653"><ele>1595</ele>
        <time>2026-05-23T13:21:48Z</time>
      </trkpt>
      <trkpt lat="34.0887167" lon="-111.4443627"><ele>1597</ele>
        <time>2026-05-23T13:21:56Z</time>
      </trkpt>
      <trkpt lat="34.0886872" lon="-111.4443968"><ele>1597</ele>
        <time>2026-05-23T13:22:00Z</time>
      </trkpt>
      <trkpt lat="34.0886458" lon="-111.4444289"><ele>1599</ele>
        <time>2026-05-23T13:22:04Z</time>
      </trkpt>
      <trkpt lat="34.0886008" lon="-111.4444984"><ele>1598</ele>
        <time>2026-05-23T13:22:12Z</time>
      </trkpt>
      <trkpt lat="34.0885808" lon="-111.4445455"><ele>1598</ele>
        <time>2026-05-23T13:22:16Z</time>
      </trkpt>
      <trkpt lat="34.0885525" lon="-111.4445659"><ele>1598</ele>
        <time>2026-05-23T13:22:20Z</time>
      </trkpt>
      <trkpt lat="34.0885177" lon="-111.4445772"><ele>1598</ele>
        <time>2026-05-23T13:22:24Z</time>
      </trkpt>
      <trkpt lat="34.0884236" lon="-111.444545"><ele>1597</ele>
        <time>2026-05-23T13:22:36Z</time>
      </trkpt>
      <trkpt lat="34.0884109" lon="-111.4445466"><ele>1597</ele>
        <time>2026-05-23T13:22:40Z</time>
      </trkpt>
      <trkpt lat="34.0883432" lon="-111.4445805"><ele>1597</ele>
        <time>2026-05-23T13:22:48Z</time>
      </trkpt>
      <trkpt lat="34.0883261" lon="-111.444609"><ele>1597</ele>
        <time>2026-05-23T13:22:52Z</time>
      </trkpt>
      <trkpt lat="34.0882814" lon="-111.4446339"><ele>1597</ele>
        <time>2026-05-23T13:22:56Z</time>
      </trkpt>
      <trkpt lat="34.0882566" lon="-111.4446577"><ele>1598</ele>
        <time>2026-05-23T13:23:00Z</time>
      </trkpt>
      <trkpt lat="34.0882235" lon="-111.4446757"><ele>1598</ele>
        <time>2026-05-23T13:23:04Z</time>
      </trkpt>
      <trkpt lat="34.0882031" lon="-111.4446753"><ele>1598</ele>
        <time>2026-05-23T13:23:08Z</time>
      </trkpt>
      <trkpt lat="34.0881604" lon="-111.4447064"><ele>1598</ele>
        <time>2026-05-23T13:23:12Z</time>
      </trkpt>
      <trkpt lat="34.0881307" lon="-111.4446838"><ele>1598</ele>
        <time>2026-05-23T13:23:16Z</time>
      </trkpt>
      <trkpt lat="34.0881161" lon="-111.4446638"><ele>1599</ele>
        <time>2026-05-23T13:23:20Z</time>
      </trkpt>
      <trkpt lat="34.0880863" lon="-111.4446567"><ele>1598</ele>
        <time>2026-05-23T13:23:24Z</time>
      </trkpt>
      <trkpt lat="34.0880556" lon="-111.444675"><ele>1598</ele>
        <time>2026-05-23T13:23:28Z</time>
      </trkpt>
      <trkpt lat="34.0880102" lon="-111.4446849"><ele>1599</ele>
        <time>2026-05-23T13:23:36Z</time>
      </trkpt>
      <trkpt lat="34.0879829" lon="-111.444722"><ele>1604</ele>
        <time>2026-05-23T13:23:40Z</time>
      </trkpt>
      <trkpt lat="34.0879447" lon="-111.4447161"><ele>1603</ele>
        <time>2026-05-23T13:23:44Z</time>
      </trkpt>
      <trkpt lat="34.0879048" lon="-111.4447536"><ele>1603</ele>
        <time>2026-05-23T13:23:48Z</time>
      </trkpt>
      <trkpt lat="34.0879076" lon="-111.4448055"><ele>1603</ele>
        <time>2026-05-23T13:23:52Z</time>
      </trkpt>
      <trkpt lat="34.0878842" lon="-111.4448991"><ele>1608</ele>
        <time>2026-05-23T13:24:04Z</time>
      </trkpt>
      <trkpt lat="34.087852" lon="-111.444966"><ele>1607</ele>
        <time>2026-05-23T13:24:16Z</time>
      </trkpt>
      <trkpt lat="34.0878456" lon="-111.44503"><ele>1606</ele>
        <time>2026-05-23T13:24:24Z</time>
      </trkpt>
      <trkpt lat="34.0878171" lon="-111.4450729"><ele>1606</ele>
        <time>2026-05-23T13:24:28Z</time>
      </trkpt>
      <trkpt lat="34.0878095" lon="-111.4452064"><ele>1605</ele>
        <time>2026-05-23T13:24:40Z</time>
      </trkpt>
      <trkpt lat="34.0878249" lon="-111.445231"><ele>1610</ele>
        <time>2026-05-23T13:24:44Z</time>
      </trkpt>
      <trkpt lat="34.0878222" lon="-111.4452557"><ele>1609</ele>
        <time>2026-05-23T13:24:48Z</time>
      </trkpt>
      <trkpt lat="34.0878356" lon="-111.4452909"><ele>1607</ele>
        <time>2026-05-23T13:24:52Z</time>
      </trkpt>
      <trkpt lat="34.087831" lon="-111.4453361"><ele>1606</ele>
        <time>2026-05-23T13:24:56Z</time>
      </trkpt>
      <trkpt lat="34.0877919" lon="-111.4453495"><ele>1607</ele>
        <time>2026-05-23T13:25:15Z</time>
      </trkpt>
      <trkpt lat="34.0877793" lon="-111.4453688"><ele>1602</ele>
        <time>2026-05-23T13:26:07Z</time>
      </trkpt>
      <trkpt lat="34.0877925" lon="-111.4454079"><ele>1605</ele>
        <time>2026-05-23T13:26:11Z</time>
      </trkpt>
      <trkpt lat="34.0878396" lon="-111.4454513"><ele>1604</ele>
        <time>2026-05-23T13:26:15Z</time>
      </trkpt>
      <trkpt lat="34.0878533" lon="-111.4454838"><ele>1607</ele>
        <time>2026-05-23T13:26:19Z</time>
      </trkpt>
      <trkpt lat="34.0878706" lon="-111.4455511"><ele>1610</ele>
        <time>2026-05-23T13:26:27Z</time>
      </trkpt>
      <trkpt lat="34.0878902" lon="-111.4455782"><ele>1609</ele>
        <time>2026-05-23T13:26:31Z</time>
      </trkpt>
      <trkpt lat="34.0878865" lon="-111.445597"><ele>1612</ele>
        <time>2026-05-23T13:26:35Z</time>
      </trkpt>
      <trkpt lat="34.0878952" lon="-111.4456279"><ele>1614</ele>
        <time>2026-05-23T13:26:39Z</time>
      </trkpt>
      <trkpt lat="34.0879239" lon="-111.4456427"><ele>1616</ele>
        <time>2026-05-23T13:26:43Z</time>
      </trkpt>
      <trkpt lat="34.0879354" lon="-111.4456723"><ele>1616</ele>
        <time>2026-05-23T13:26:47Z</time>
      </trkpt>
      <trkpt lat="34.0879201" lon="-111.4456782"><ele>1616</ele>
        <time>2026-05-23T13:26:51Z</time>
      </trkpt>
      <trkpt lat="34.0878901" lon="-111.4456632"><ele>1616</ele>
        <time>2026-05-23T13:26:55Z</time>
      </trkpt>
      <trkpt lat="34.0878354" lon="-111.4456571"><ele>1617</ele>
        <time>2026-05-23T13:27:03Z</time>
      </trkpt>
      <trkpt lat="34.0878414" lon="-111.4456671"><ele>1616</ele>
        <time>2026-05-23T13:27:07Z</time>
      </trkpt>
      <trkpt lat="34.0878414" lon="-111.4457"><ele>1616</ele>
        <time>2026-05-23T13:27:11Z</time>
      </trkpt>
      <trkpt lat="34.0878713" lon="-111.4457549"><ele>1616</ele>
        <time>2026-05-23T13:27:19Z</time>
      </trkpt>
      <trkpt lat="34.0878918" lon="-111.4457766"><ele>1617</ele>
        <time>2026-05-23T13:27:23Z</time>
      </trkpt>
      <trkpt lat="34.0879002" lon="-111.4457989"><ele>1619</ele>
        <time>2026-05-23T13:27:27Z</time>
      </trkpt>
      <trkpt lat="34.0878951" lon="-111.4458153"><ele>1618</ele>
        <time>2026-05-23T13:27:31Z</time>
      </trkpt>
      <trkpt lat="34.0879114" lon="-111.4458338"><ele>1619</ele>
        <time>2026-05-23T13:27:35Z</time>
      </trkpt>
      <trkpt lat="34.0879271" lon="-111.4458849"><ele>1623</ele>
        <time>2026-05-23T13:27:43Z</time>
      </trkpt>
      <trkpt lat="34.0879189" lon="-111.4458932"><ele>1624</ele>
        <time>2026-05-23T13:27:47Z</time>
      </trkpt>
      <trkpt lat="34.0879234" lon="-111.4459572"><ele>1624</ele>
        <time>2026-05-23T13:27:55Z</time>
      </trkpt>
      <trkpt lat="34.0878976" lon="-111.4460003"><ele>1625</ele>
        <time>2026-05-23T13:28:03Z</time>
      </trkpt>
      <trkpt lat="34.0878948" lon="-111.4459966"><ele>1626</ele>
        <time>2026-05-23T13:28:07Z</time>
      </trkpt>
      <trkpt lat="34.08789" lon="-111.4460171"><ele>1629</ele>
        <time>2026-05-23T13:28:15Z</time>
      </trkpt>
      <trkpt lat="34.0878926" lon="-111.4460453"><ele>1630</ele>
        <time>2026-05-23T13:28:19Z</time>
      </trkpt>
      <trkpt lat="34.0878826" lon="-111.4460946"><ele>1630</ele>
        <time>2026-05-23T13:28:27Z</time>
      </trkpt>
      <trkpt lat="34.0878786" lon="-111.4461873"><ele>1632</ele>
        <time>2026-05-23T13:28:43Z</time>
      </trkpt>
      <trkpt lat="34.0878875" lon="-111.4462038"><ele>1632</ele>
        <time>2026-05-23T13:28:47Z</time>
      </trkpt>
      <trkpt lat="34.0878901" lon="-111.4462587"><ele>1636</ele>
        <time>2026-05-23T13:28:55Z</time>
      </trkpt>
      <trkpt lat="34.087915" lon="-111.4462794"><ele>1636</ele>
        <time>2026-05-23T13:28:59Z</time>
      </trkpt>
      <trkpt lat="34.0879319" lon="-111.4463101"><ele>1636</ele>
        <time>2026-05-23T13:29:07Z</time>
      </trkpt>
      <trkpt lat="34.0879522" lon="-111.4463092"><ele>1636</ele>
        <time>2026-05-23T13:29:11Z</time>
      </trkpt>
      <trkpt lat="34.0879781" lon="-111.4463173"><ele>1637</ele>
        <time>2026-05-23T13:29:15Z</time>
      </trkpt>
      <trkpt lat="34.0880187" lon="-111.4463059"><ele>1637</ele>
        <time>2026-05-23T13:29:19Z</time>
      </trkpt>
      <trkpt lat="34.0880757" lon="-111.4463028"><ele>1636</ele>
        <time>2026-05-23T13:29:27Z</time>
      </trkpt>
      <trkpt lat="34.0881266" lon="-111.4463074"><ele>1637</ele>
        <time>2026-05-23T13:29:35Z</time>
      </trkpt>
      <trkpt lat="34.0881968" lon="-111.4463025"><ele>1638</ele>
        <time>2026-05-23T13:29:43Z</time>
      </trkpt>
      <trkpt lat="34.0882207" lon="-111.4463097"><ele>1639</ele>
        <time>2026-05-23T13:29:47Z</time>
      </trkpt>
      <trkpt lat="34.0882406" lon="-111.4463004"><ele>1639</ele>
        <time>2026-05-23T13:29:51Z</time>
      </trkpt>
      <trkpt lat="34.0882766" lon="-111.4463028"><ele>1640</ele>
        <time>2026-05-23T13:29:55Z</time>
      </trkpt>
      <trkpt lat="34.0883464" lon="-111.4463219"><ele>1641</ele>
        <time>2026-05-23T13:30:03Z</time>
      </trkpt>
      <trkpt lat="34.0883929" lon="-111.4463098"><ele>1642</ele>
        <time>2026-05-23T13:30:07Z</time>
      </trkpt>
      <trkpt lat="34.0884654" lon="-111.4463088"><ele>1643</ele>
        <time>2026-05-23T13:30:15Z</time>
      </trkpt>
      <trkpt lat="34.0884839" lon="-111.4463312"><ele>1643</ele>
        <time>2026-05-23T13:30:19Z</time>
      </trkpt>
      <trkpt lat="34.0885604" lon="-111.4463508"><ele>1645</ele>
        <time>2026-05-23T13:30:27Z</time>
      </trkpt>
      <trkpt lat="34.0886119" lon="-111.4464057"><ele>1645</ele>
        <time>2026-05-23T13:30:35Z</time>
      </trkpt>
      <trkpt lat="34.0885941" lon="-111.4464309"><ele>1645</ele>
        <time>2026-05-23T13:30:39Z</time>
      </trkpt>
      <trkpt lat="34.0884924" lon="-111.4464587"><ele>1646</ele>
        <time>2026-05-23T13:30:55Z</time>
      </trkpt>
      <trkpt lat="34.0884668" lon="-111.4464728"><ele>1645</ele>
        <time>2026-05-23T13:30:59Z</time>
      </trkpt>
      <trkpt lat="34.0884139" lon="-111.4465184"><ele>1649</ele>
        <time>2026-05-23T13:31:11Z</time>
      </trkpt>
      <trkpt lat="34.0884018" lon="-111.446536"><ele>1648</ele>
        <time>2026-05-23T13:31:15Z</time>
      </trkpt>
      <trkpt lat="34.0883942" lon="-111.4465579"><ele>1648</ele>
        <time>2026-05-23T13:31:19Z</time>
      </trkpt>
      <trkpt lat="34.088375" lon="-111.4465807"><ele>1649</ele>
        <time>2026-05-23T13:31:23Z</time>
      </trkpt>
      <trkpt lat="34.0883541" lon="-111.4466435"><ele>1652</ele>
        <time>2026-05-23T13:31:31Z</time>
      </trkpt>
      <trkpt lat="34.0883261" lon="-111.4467044"><ele>1653</ele>
        <time>2026-05-23T13:31:39Z</time>
      </trkpt>
      <trkpt lat="34.0883251" lon="-111.4467313"><ele>1654</ele>
        <time>2026-05-23T13:31:43Z</time>
      </trkpt>
      <trkpt lat="34.0883147" lon="-111.4467506"><ele>1655</ele>
        <time>2026-05-23T13:31:47Z</time>
      </trkpt>
      <trkpt lat="34.088313" lon="-111.4468931"><ele>1658</ele>
        <time>2026-05-23T13:32:03Z</time>
      </trkpt>
      <trkpt lat="34.0883428" lon="-111.4470208"><ele>1658</ele>
        <time>2026-05-23T13:32:15Z</time>
      </trkpt>
      <trkpt lat="34.0883768" lon="-111.4471298"><ele>1659</ele>
        <time>2026-05-23T13:32:23Z</time>
      </trkpt>
      <trkpt lat="34.0884078" lon="-111.4471744"><ele>1659</ele>
        <time>2026-05-23T13:32:27Z</time>
      </trkpt>
      <trkpt lat="34.0884693" lon="-111.4472825"><ele>1661</ele>
        <time>2026-05-23T13:32:39Z</time>
      </trkpt>
      <trkpt lat="34.0884731" lon="-111.4473178"><ele>1661</ele>
        <time>2026-05-23T13:32:43Z</time>
      </trkpt>
      <trkpt lat="34.0884688" lon="-111.447362"><ele>1663</ele>
        <time>2026-05-23T13:32:47Z</time>
      </trkpt>
      <trkpt lat="34.0884972" lon="-111.4474564"><ele>1663</ele>
        <time>2026-05-23T13:32:55Z</time>
      </trkpt>
      <trkpt lat="34.0884982" lon="-111.4474966"><ele>1663</ele>
        <time>2026-05-23T13:32:59Z</time>
      </trkpt>
      <trkpt lat="34.088485" lon="-111.4475263"><ele>1664</ele>
        <time>2026-05-23T13:33:03Z</time>
      </trkpt>
      <trkpt lat="34.0884908" lon="-111.4475669"><ele>1664</ele>
        <time>2026-05-23T13:33:07Z</time>
      </trkpt>
      <trkpt lat="34.08853" lon="-111.4476453"><ele>1665</ele>
        <time>2026-05-23T13:33:15Z</time>
      </trkpt>
      <trkpt lat="34.0885342" lon="-111.4476818"><ele>1665</ele>
        <time>2026-05-23T13:33:19Z</time>
      </trkpt>
      <trkpt lat="34.0885545" lon="-111.4477205"><ele>1665</ele>
        <time>2026-05-23T13:33:23Z</time>
      </trkpt>
      <trkpt lat="34.088551" lon="-111.4477506"><ele>1665</ele>
        <time>2026-05-23T13:33:27Z</time>
      </trkpt>
      <trkpt lat="34.0885382" lon="-111.4477811"><ele>1666</ele>
        <time>2026-05-23T13:33:31Z</time>
      </trkpt>
      <trkpt lat="34.0885343" lon="-111.4478201"><ele>1666</ele>
        <time>2026-05-23T13:33:35Z</time>
      </trkpt>
      <trkpt lat="34.0885406" lon="-111.4478587"><ele>1666</ele>
        <time>2026-05-23T13:33:39Z</time>
      </trkpt>
      <trkpt lat="34.0885744" lon="-111.4479543"><ele>1667</ele>
        <time>2026-05-23T13:33:47Z</time>
      </trkpt>
      <trkpt lat="34.0886045" lon="-111.4480175"><ele>1668</ele>
        <time>2026-05-23T13:33:55Z</time>
      </trkpt>
      <trkpt lat="34.0885935" lon="-111.4480536"><ele>1668</ele>
        <time>2026-05-23T13:33:59Z</time>
      </trkpt>
      <trkpt lat="34.0885978" lon="-111.4480924"><ele>1669</ele>
        <time>2026-05-23T13:34:03Z</time>
      </trkpt>
      <trkpt lat="34.0885939" lon="-111.4481126"><ele>1669</ele>
        <time>2026-05-23T13:34:07Z</time>
      </trkpt>
      <trkpt lat="34.0886074" lon="-111.4481526"><ele>1670</ele>
        <time>2026-05-23T13:34:11Z</time>
      </trkpt>
      <trkpt lat="34.0886045" lon="-111.4481774"><ele>1670</ele>
        <time>2026-05-23T13:34:15Z</time>
      </trkpt>
      <trkpt lat="34.0885965" lon="-111.4481956"><ele>1671</ele>
        <time>2026-05-23T13:34:19Z</time>
      </trkpt>
      <trkpt lat="34.0886016" lon="-111.4482174"><ele>1671</ele>
        <time>2026-05-23T13:34:23Z</time>
      </trkpt>
      <trkpt lat="34.0885987" lon="-111.4482623"><ele>1672</ele>
        <time>2026-05-23T13:34:31Z</time>
      </trkpt>
      <trkpt lat="34.088606" lon="-111.4482807"><ele>1672</ele>
        <time>2026-05-23T13:34:35Z</time>
      </trkpt>
      <trkpt lat="34.0885967" lon="-111.4483016"><ele>1673</ele>
        <time>2026-05-23T13:34:39Z</time>
      </trkpt>
      <trkpt lat="34.0885963" lon="-111.4483249"><ele>1673</ele>
        <time>2026-05-23T13:34:43Z</time>
      </trkpt>
      <trkpt lat="34.0886032" lon="-111.4483555"><ele>1673</ele>
        <time>2026-05-23T13:34:47Z</time>
      </trkpt>
      <trkpt lat="34.0886204" lon="-111.4483894"><ele>1674</ele>
        <time>2026-05-23T13:34:51Z</time>
      </trkpt>
      <trkpt lat="34.0886168" lon="-111.4484206"><ele>1674</ele>
        <time>2026-05-23T13:34:55Z</time>
      </trkpt>
      <trkpt lat="34.0885989" lon="-111.4484343"><ele>1674</ele>
        <time>2026-05-23T13:34:59Z</time>
      </trkpt>
      <trkpt lat="34.0885943" lon="-111.4484704"><ele>1675</ele>
        <time>2026-05-23T13:35:03Z</time>
      </trkpt>
      <trkpt lat="34.0886041" lon="-111.4484897"><ele>1675</ele>
        <time>2026-05-23T13:35:07Z</time>
      </trkpt>
      <trkpt lat="34.0886059" lon="-111.4485201"><ele>1676</ele>
        <time>2026-05-23T13:35:11Z</time>
      </trkpt>
      <trkpt lat="34.0886007" lon="-111.4485377"><ele>1678</ele>
        <time>2026-05-23T13:35:15Z</time>
      </trkpt>
      <trkpt lat="34.0886031" lon="-111.4485667"><ele>1678</ele>
        <time>2026-05-23T13:35:19Z</time>
      </trkpt>
      <trkpt lat="34.0885959" lon="-111.4486284"><ele>1679</ele>
        <time>2026-05-23T13:35:31Z</time>
      </trkpt>
      <trkpt lat="34.088588" lon="-111.4486494"><ele>1681</ele>
        <time>2026-05-23T13:35:35Z</time>
      </trkpt>
      <trkpt lat="34.0885661" lon="-111.4486697"><ele>1682</ele>
        <time>2026-05-23T13:35:39Z</time>
      </trkpt>
      <trkpt lat="34.0885606" lon="-111.448693"><ele>1683</ele>
        <time>2026-05-23T13:35:43Z</time>
      </trkpt>
      <trkpt lat="34.088601" lon="-111.448775"><ele>1684</ele>
        <time>2026-05-23T13:35:55Z</time>
      </trkpt>
      <trkpt lat="34.0886065" lon="-111.448799"><ele>1685</ele>
        <time>2026-05-23T13:35:59Z</time>
      </trkpt>
      <trkpt lat="34.0886019" lon="-111.4489067"><ele>1687</ele>
        <time>2026-05-23T13:36:14Z</time>
      </trkpt>
      <trkpt lat="34.0886237" lon="-111.4489881"><ele>1686</ele>
        <time>2026-05-23T13:36:22Z</time>
      </trkpt>
      <trkpt lat="34.0886741" lon="-111.4490721"><ele>1690</ele>
        <time>2026-05-23T13:36:34Z</time>
      </trkpt>
      <trkpt lat="34.0886969" lon="-111.4491005"><ele>1690</ele>
        <time>2026-05-23T13:36:38Z</time>
      </trkpt>
      <trkpt lat="34.0887255" lon="-111.4491211"><ele>1690</ele>
        <time>2026-05-23T13:36:42Z</time>
      </trkpt>
      <trkpt lat="34.0887452" lon="-111.4491546"><ele>1689</ele>
        <time>2026-05-23T13:36:46Z</time>
      </trkpt>
      <trkpt lat="34.0887452" lon="-111.4492101"><ele>1687</ele>
        <time>2026-05-23T13:36:50Z</time>
      </trkpt>
      <trkpt lat="34.0887325" lon="-111.4492478"><ele>1686</ele>
        <time>2026-05-23T13:36:54Z</time>
      </trkpt>
      <trkpt lat="34.0887421" lon="-111.4492629"><ele>1685</ele>
        <time>2026-05-23T13:37:13Z</time>
      </trkpt>
      <trkpt lat="34.088717" lon="-111.4492956"><ele>1685</ele>
        <time>2026-05-23T13:37:17Z</time>
      </trkpt>
      <trkpt lat="34.0886765" lon="-111.4493836"><ele>1684</ele>
        <time>2026-05-23T13:37:25Z</time>
      </trkpt>
      <trkpt lat="34.0886287" lon="-111.4494466"><ele>1684</ele>
        <time>2026-05-23T13:37:33Z</time>
      </trkpt>
      <trkpt lat="34.0885641" lon="-111.4495061"><ele>1684</ele>
        <time>2026-05-23T13:37:41Z</time>
      </trkpt>
      <trkpt lat="34.0884427" lon="-111.4495604"><ele>1684</ele>
        <time>2026-05-23T13:37:53Z</time>
      </trkpt>
      <trkpt lat="34.0884088" lon="-111.4495602"><ele>1684</ele>
        <time>2026-05-23T13:37:57Z</time>
      </trkpt>
      <trkpt lat="34.0883722" lon="-111.4495667"><ele>1685</ele>
        <time>2026-05-23T13:38:01Z</time>
      </trkpt>
      <trkpt lat="34.0883553" lon="-111.4495844"><ele>1685</ele>
        <time>2026-05-23T13:38:05Z</time>
      </trkpt>
      <trkpt lat="34.0883173" lon="-111.4495965"><ele>1685</ele>
        <time>2026-05-23T13:38:09Z</time>
      </trkpt>
      <trkpt lat="34.0882944" lon="-111.4495891"><ele>1685</ele>
        <time>2026-05-23T13:38:13Z</time>
      </trkpt>
      <trkpt lat="34.0881898" lon="-111.4496367"><ele>1687</ele>
        <time>2026-05-23T13:38:29Z</time>
      </trkpt>
      <trkpt lat="34.0880821" lon="-111.4496554"><ele>1688</ele>
        <time>2026-05-23T13:38:41Z</time>
      </trkpt>
      <trkpt lat="34.0878784" lon="-111.4496548"><ele>1688</ele>
        <time>2026-05-23T13:39:01Z</time>
      </trkpt>
      <trkpt lat="34.0878355" lon="-111.4496818"><ele>1689</ele>
        <time>2026-05-23T13:39:05Z</time>
      </trkpt>
      <trkpt lat="34.087815" lon="-111.449748"><ele>1688</ele>
        <time>2026-05-23T13:39:13Z</time>
      </trkpt>
      <trkpt lat="34.0878131" lon="-111.4497895"><ele>1688</ele>
        <time>2026-05-23T13:39:19Z</time>
      </trkpt>
      <trkpt lat="34.0878245" lon="-111.4498215"><ele>1687</ele>
        <time>2026-05-23T13:39:23Z</time>
      </trkpt>
      <trkpt lat="34.0878807" lon="-111.4498682"><ele>1690</ele>
        <time>2026-05-23T13:39:31Z</time>
      </trkpt>
      <trkpt lat="34.0879463" lon="-111.4499075"><ele>1691</ele>
        <time>2026-05-23T13:39:39Z</time>
      </trkpt>
      <trkpt lat="34.0879957" lon="-111.4499507"><ele>1692</ele>
        <time>2026-05-23T13:39:47Z</time>
      </trkpt>
      <trkpt lat="34.0880164" lon="-111.4499875"><ele>1692</ele>
        <time>2026-05-23T13:39:51Z</time>
      </trkpt>
      <trkpt lat="34.0881531" lon="-111.4500212"><ele>1693</ele>
        <time>2026-05-23T13:40:03Z</time>
      </trkpt>
      <trkpt lat="34.0882039" lon="-111.4500491"><ele>1693</ele>
        <time>2026-05-23T13:40:07Z</time>
      </trkpt>
      <trkpt lat="34.0882483" lon="-111.4500662"><ele>1693</ele>
        <time>2026-05-23T13:40:11Z</time>
      </trkpt>
      <trkpt lat="34.0883012" lon="-111.4501264"><ele>1693</ele>
        <time>2026-05-23T13:40:19Z</time>
      </trkpt>
      <trkpt lat="34.0883429" lon="-111.4501479"><ele>1694</ele>
        <time>2026-05-23T13:40:23Z</time>
      </trkpt>
      <trkpt lat="34.0883778" lon="-111.4501823"><ele>1697</ele>
        <time>2026-05-23T13:40:27Z</time>
      </trkpt>
      <trkpt lat="34.0884239" lon="-111.4502125"><ele>1696</ele>
        <time>2026-05-23T13:40:31Z</time>
      </trkpt>
      <trkpt lat="34.0884789" lon="-111.4503052"><ele>1697</ele>
        <time>2026-05-23T13:40:39Z</time>
      </trkpt>
      <trkpt lat="34.0885167" lon="-111.450337"><ele>1697</ele>
        <time>2026-05-23T13:40:43Z</time>
      </trkpt>
      <trkpt lat="34.0885381" lon="-111.4503831"><ele>1697</ele>
        <time>2026-05-23T13:40:47Z</time>
      </trkpt>
      <trkpt lat="34.0885206" lon="-111.4504747"><ele>1697</ele>
        <time>2026-05-23T13:40:55Z</time>
      </trkpt>
      <trkpt lat="34.0885239" lon="-111.4505561"><ele>1698</ele>
        <time>2026-05-23T13:41:03Z</time>
      </trkpt>
      <trkpt lat="34.0885387" lon="-111.4506552"><ele>1700</ele>
        <time>2026-05-23T13:41:13Z</time>
      </trkpt>
      <trkpt lat="34.0885811" lon="-111.4507342"><ele>1701</ele>
        <time>2026-05-23T13:41:21Z</time>
      </trkpt>
      <trkpt lat="34.0885905" lon="-111.4507739"><ele>1703</ele>
        <time>2026-05-23T13:41:25Z</time>
      </trkpt>
      <trkpt lat="34.0886193" lon="-111.4508464"><ele>1703</ele>
        <time>2026-05-23T13:41:33Z</time>
      </trkpt>
      <trkpt lat="34.0886225" lon="-111.450877"><ele>1704</ele>
        <time>2026-05-23T13:41:37Z</time>
      </trkpt>
      <trkpt lat="34.0886161" lon="-111.4509459"><ele>1704</ele>
        <time>2026-05-23T13:41:45Z</time>
      </trkpt>
      <trkpt lat="34.0886231" lon="-111.4509848"><ele>1704</ele>
        <time>2026-05-23T13:41:49Z</time>
      </trkpt>
      <trkpt lat="34.0885992" lon="-111.4510213"><ele>1705</ele>
        <time>2026-05-23T13:41:53Z</time>
      </trkpt>
      <trkpt lat="34.0885791" lon="-111.4511109"><ele>1706</ele>
        <time>2026-05-23T13:42:01Z</time>
      </trkpt>
      <trkpt lat="34.0885431" lon="-111.4511788"><ele>1707</ele>
        <time>2026-05-23T13:42:09Z</time>
      </trkpt>
      <trkpt lat="34.0885101" lon="-111.45128"><ele>1708</ele>
        <time>2026-05-23T13:42:17Z</time>
      </trkpt>
      <trkpt lat="34.0884678" lon="-111.4513621"><ele>1709</ele>
        <time>2026-05-23T13:42:35Z</time>
      </trkpt>
      <trkpt lat="34.088469" lon="-111.4514038"><ele>1709</ele>
        <time>2026-05-23T13:42:39Z</time>
      </trkpt>
      <trkpt lat="34.0884547" lon="-111.4514255"><ele>1710</ele>
        <time>2026-05-23T13:42:43Z</time>
      </trkpt>
      <trkpt lat="34.0884421" lon="-111.4514751"><ele>1710</ele>
        <time>2026-05-23T13:42:47Z</time>
      </trkpt>
      <trkpt lat="34.0884247" lon="-111.4515106"><ele>1711</ele>
        <time>2026-05-23T13:42:51Z</time>
      </trkpt>
      <trkpt lat="34.0884073" lon="-111.4515409"><ele>1710</ele>
        <time>2026-05-23T13:42:55Z</time>
      </trkpt>
      <trkpt lat="34.0883677" lon="-111.451548"><ele>1712</ele>
        <time>2026-05-23T13:42:59Z</time>
      </trkpt>
      <trkpt lat="34.0883305" lon="-111.451563"><ele>1713</ele>
        <time>2026-05-23T13:43:03Z</time>
      </trkpt>
      <trkpt lat="34.0883178" lon="-111.4516022"><ele>1713</ele>
        <time>2026-05-23T13:43:07Z</time>
      </trkpt>
      <trkpt lat="34.0882888" lon="-111.4516524"><ele>1714</ele>
        <time>2026-05-23T13:43:15Z</time>
      </trkpt>
      <trkpt lat="34.0882608" lon="-111.4516669"><ele>1714</ele>
        <time>2026-05-23T13:43:19Z</time>
      </trkpt>
      <trkpt lat="34.0881824" lon="-111.4517889"><ele>1715</ele>
        <time>2026-05-23T13:43:35Z</time>
      </trkpt>
      <trkpt lat="34.0881069" lon="-111.4518715"><ele>1717</ele>
        <time>2026-05-23T13:43:47Z</time>
      </trkpt>
      <trkpt lat="34.0880768" lon="-111.4518956"><ele>1717</ele>
        <time>2026-05-23T13:43:51Z</time>
      </trkpt>
      <trkpt lat="34.0880654" lon="-111.4519296"><ele>1717</ele>
        <time>2026-05-23T13:43:55Z</time>
      </trkpt>
      <trkpt lat="34.0880378" lon="-111.4519575"><ele>1718</ele>
        <time>2026-05-23T13:43:59Z</time>
      </trkpt>
      <trkpt lat="34.0880032" lon="-111.4520321"><ele>1720</ele>
        <time>2026-05-23T13:44:07Z</time>
      </trkpt>
      <trkpt lat="34.087971" lon="-111.4520802"><ele>1719</ele>
        <time>2026-05-23T13:44:11Z</time>
      </trkpt>
      <trkpt lat="34.0879426" lon="-111.4521611"><ele>1720</ele>
        <time>2026-05-23T13:44:25Z</time>
      </trkpt>
      <trkpt lat="34.0879169" lon="-111.4522618"><ele>1721</ele>
        <time>2026-05-23T13:44:33Z</time>
      </trkpt>
      <trkpt lat="34.0878589" lon="-111.4523528"><ele>1722</ele>
        <time>2026-05-23T13:44:45Z</time>
      </trkpt>
      <trkpt lat="34.0878374" lon="-111.452348"><ele>1723</ele>
        <time>2026-05-23T13:44:49Z</time>
      </trkpt>
      <trkpt lat="34.0877942" lon="-111.4523753"><ele>1723</ele>
        <time>2026-05-23T13:44:53Z</time>
      </trkpt>
      <trkpt lat="34.0877663" lon="-111.4524184"><ele>1723</ele>
        <time>2026-05-23T13:44:57Z</time>
      </trkpt>
      <trkpt lat="34.0877312" lon="-111.4524343"><ele>1724</ele>
        <time>2026-05-23T13:45:01Z</time>
      </trkpt>
      <trkpt lat="34.0876625" lon="-111.4524812"><ele>1725</ele>
        <time>2026-05-23T13:45:09Z</time>
      </trkpt>
      <trkpt lat="34.0876328" lon="-111.4525166"><ele>1724</ele>
        <time>2026-05-23T13:45:13Z</time>
      </trkpt>
      <trkpt lat="34.0875988" lon="-111.4525305"><ele>1724</ele>
        <time>2026-05-23T13:45:17Z</time>
      </trkpt>
      <trkpt lat="34.0875211" lon="-111.4525201"><ele>1724</ele>
        <time>2026-05-23T13:45:25Z</time>
      </trkpt>
      <trkpt lat="34.0874692" lon="-111.4525458"><ele>1724</ele>
        <time>2026-05-23T13:45:29Z</time>
      </trkpt>
      <trkpt lat="34.0874572" lon="-111.4526017"><ele>1722</ele>
        <time>2026-05-23T13:45:33Z</time>
      </trkpt>
      <trkpt lat="34.0873907" lon="-111.4526785"><ele>1724</ele>
        <time>2026-05-23T13:45:41Z</time>
      </trkpt>
      <trkpt lat="34.0873726" lon="-111.4527375"><ele>1724</ele>
        <time>2026-05-23T13:45:45Z</time>
      </trkpt>
      <trkpt lat="34.0873737" lon="-111.4527684"><ele>1726</ele>
        <time>2026-05-23T13:45:49Z</time>
      </trkpt>
      <trkpt lat="34.0873403" lon="-111.4528062"><ele>1725</ele>
        <time>2026-05-23T13:45:53Z</time>
      </trkpt>
      <trkpt lat="34.0873396" lon="-111.4528303"><ele>1726</ele>
        <time>2026-05-23T13:45:57Z</time>
      </trkpt>
      <trkpt lat="34.0873812" lon="-111.4528983"><ele>1728</ele>
        <time>2026-05-23T13:46:05Z</time>
      </trkpt>
      <trkpt lat="34.0873931" lon="-111.4529302"><ele>1729</ele>
        <time>2026-05-23T13:46:09Z</time>
      </trkpt>
      <trkpt lat="34.0874317" lon="-111.4529464"><ele>1728</ele>
        <time>2026-05-23T13:46:14Z</time>
      </trkpt>
      <trkpt lat="34.0874444" lon="-111.45296"><ele>1730</ele>
        <time>2026-05-23T13:46:18Z</time>
      </trkpt>
      <trkpt lat="34.0874656" lon="-111.4529666"><ele>1731</ele>
        <time>2026-05-23T13:46:22Z</time>
      </trkpt>
      <trkpt lat="34.0874923" lon="-111.4529971"><ele>1731</ele>
        <time>2026-05-23T13:46:26Z</time>
      </trkpt>
      <trkpt lat="34.0875138" lon="-111.4530096"><ele>1731</ele>
        <time>2026-05-23T13:46:30Z</time>
      </trkpt>
      <trkpt lat="34.0875399" lon="-111.4530148"><ele>1731</ele>
        <time>2026-05-23T13:46:34Z</time>
      </trkpt>
      <trkpt lat="34.0876194" lon="-111.4530033"><ele>1730</ele>
        <time>2026-05-23T13:46:42Z</time>
      </trkpt>
      <trkpt lat="34.0876476" lon="-111.4530212"><ele>1731</ele>
        <time>2026-05-23T13:46:46Z</time>
      </trkpt>
      <trkpt lat="34.0876767" lon="-111.4530271"><ele>1731</ele>
        <time>2026-05-23T13:46:50Z</time>
      </trkpt>
      <trkpt lat="34.0877086" lon="-111.4530242"><ele>1732</ele>
        <time>2026-05-23T13:46:54Z</time>
      </trkpt>
      <trkpt lat="34.0877814" lon="-111.4530483"><ele>1732</ele>
        <time>2026-05-23T13:47:02Z</time>
      </trkpt>
      <trkpt lat="34.0878108" lon="-111.4530507"><ele>1733</ele>
        <time>2026-05-23T13:47:06Z</time>
      </trkpt>
      <trkpt lat="34.0878423" lon="-111.4530715"><ele>1734</ele>
        <time>2026-05-23T13:47:10Z</time>
      </trkpt>
      <trkpt lat="34.0879067" lon="-111.453097"><ele>1735</ele>
        <time>2026-05-23T13:47:18Z</time>
      </trkpt>
      <trkpt lat="34.0879232" lon="-111.4531221"><ele>1735</ele>
        <time>2026-05-23T13:47:22Z</time>
      </trkpt>
      <trkpt lat="34.0879642" lon="-111.4531009"><ele>1736</ele>
        <time>2026-05-23T13:47:26Z</time>
      </trkpt>
      <trkpt lat="34.0880422" lon="-111.4530863"><ele>1737</ele>
        <time>2026-05-23T13:47:38Z</time>
      </trkpt>
      <trkpt lat="34.0880703" lon="-111.4530726"><ele>1738</ele>
        <time>2026-05-23T13:47:42Z</time>
      </trkpt>
      <trkpt lat="34.0880875" lon="-111.4530618"><ele>1738</ele>
        <time>2026-05-23T13:47:46Z</time>
      </trkpt>
      <trkpt lat="34.0880995" lon="-111.4530429"><ele>1738</ele>
        <time>2026-05-23T13:47:50Z</time>
      </trkpt>
      <trkpt lat="34.0880985" lon="-111.4530323"><ele>1739</ele>
        <time>2026-05-23T13:47:54Z</time>
      </trkpt>
      <trkpt lat="34.0881331" lon="-111.4530022"><ele>1739</ele>
        <time>2026-05-23T13:48:02Z</time>
      </trkpt>
      <trkpt lat="34.0881478" lon="-111.4529798"><ele>1740</ele>
        <time>2026-05-23T13:48:06Z</time>
      </trkpt>
      <trkpt lat="34.0882136" lon="-111.4529485"><ele>1740</ele>
        <time>2026-05-23T13:48:18Z</time>
      </trkpt>
      <trkpt lat="34.0882756" lon="-111.4529386"><ele>1741</ele>
        <time>2026-05-23T13:48:26Z</time>
      </trkpt>
      <trkpt lat="34.0883374" lon="-111.4529043"><ele>1742</ele>
        <time>2026-05-23T13:48:34Z</time>
      </trkpt>
      <trkpt lat="34.0883599" lon="-111.4528832"><ele>1742</ele>
        <time>2026-05-23T13:48:38Z</time>
      </trkpt>
      <trkpt lat="34.0883965" lon="-111.4528635"><ele>1743</ele>
        <time>2026-05-23T13:48:42Z</time>
      </trkpt>
      <trkpt lat="34.0884848" lon="-111.4528369"><ele>1744</ele>
        <time>2026-05-23T13:48:54Z</time>
      </trkpt>
      <trkpt lat="34.088509" lon="-111.4528139"><ele>1745</ele>
        <time>2026-05-23T13:48:58Z</time>
      </trkpt>
      <trkpt lat="34.0885572" lon="-111.4527881"><ele>1746</ele>
        <time>2026-05-23T13:49:06Z</time>
      </trkpt>
      <trkpt lat="34.088584" lon="-111.4527653"><ele>1746</ele>
        <time>2026-05-23T13:49:10Z</time>
      </trkpt>
      <trkpt lat="34.0886461" lon="-111.452729"><ele>1747</ele>
        <time>2026-05-23T13:49:18Z</time>
      </trkpt>
      <trkpt lat="34.0886942" lon="-111.4526784"><ele>1748</ele>
        <time>2026-05-23T13:49:26Z</time>
      </trkpt>
      <trkpt lat="34.0887156" lon="-111.4526754"><ele>1748</ele>
        <time>2026-05-23T13:49:30Z</time>
      </trkpt>
      <trkpt lat="34.0887472" lon="-111.4526527"><ele>1749</ele>
        <time>2026-05-23T13:49:34Z</time>
      </trkpt>
      <trkpt lat="34.0887777" lon="-111.452646"><ele>1749</ele>
        <time>2026-05-23T13:49:38Z</time>
      </trkpt>
      <trkpt lat="34.0887976" lon="-111.4526275"><ele>1749</ele>
        <time>2026-05-23T13:49:47Z</time>
      </trkpt>
      <trkpt lat="34.0888228" lon="-111.4526296"><ele>1749</ele>
        <time>2026-05-23T13:49:51Z</time>
      </trkpt>
      <trkpt lat="34.0888858" lon="-111.4526065"><ele>1750</ele>
        <time>2026-05-23T13:49:59Z</time>
      </trkpt>
      <trkpt lat="34.0889215" lon="-111.452591"><ele>1751</ele>
        <time>2026-05-23T13:50:03Z</time>
      </trkpt>
      <trkpt lat="34.0889562" lon="-111.4525656"><ele>1751</ele>
        <time>2026-05-23T13:50:07Z</time>
      </trkpt>
      <trkpt lat="34.089029" lon="-111.4525359"><ele>1752</ele>
        <time>2026-05-23T13:50:15Z</time>
      </trkpt>
      <trkpt lat="34.0890702" lon="-111.4525388"><ele>1753</ele>
        <time>2026-05-23T13:50:19Z</time>
      </trkpt>
      <trkpt lat="34.0891331" lon="-111.4525251"><ele>1753</ele>
        <time>2026-05-23T13:50:27Z</time>
      </trkpt>
      <trkpt lat="34.0892151" lon="-111.4524883"><ele>1755</ele>
        <time>2026-05-23T13:50:35Z</time>
      </trkpt>
      <trkpt lat="34.0892536" lon="-111.4524772"><ele>1755</ele>
        <time>2026-05-23T13:50:39Z</time>
      </trkpt>
      <trkpt lat="34.0892787" lon="-111.4524567"><ele>1756</ele>
        <time>2026-05-23T13:50:43Z</time>
      </trkpt>
      <trkpt lat="34.089312" lon="-111.4524483"><ele>1755</ele>
        <time>2026-05-23T13:50:47Z</time>
      </trkpt>
      <trkpt lat="34.0894465" lon="-111.4523882"><ele>1757</ele>
        <time>2026-05-23T13:51:03Z</time>
      </trkpt>
      <trkpt lat="34.0895597" lon="-111.4523155"><ele>1758</ele>
        <time>2026-05-23T13:51:15Z</time>
      </trkpt>
      <trkpt lat="34.0895933" lon="-111.4522989"><ele>1759</ele>
        <time>2026-05-23T13:51:19Z</time>
      </trkpt>
      <trkpt lat="34.0896534" lon="-111.4522895"><ele>1759</ele>
        <time>2026-05-23T13:51:27Z</time>
      </trkpt>
      <trkpt lat="34.0896896" lon="-111.4522711"><ele>1760</ele>
        <time>2026-05-23T13:51:31Z</time>
      </trkpt>
      <trkpt lat="34.0897239" lon="-111.452266"><ele>1760</ele>
        <time>2026-05-23T13:51:35Z</time>
      </trkpt>
      <trkpt lat="34.0897612" lon="-111.4522425"><ele>1761</ele>
        <time>2026-05-23T13:51:39Z</time>
      </trkpt>
      <trkpt lat="34.0897984" lon="-111.4522294"><ele>1761</ele>
        <time>2026-05-23T13:51:43Z</time>
      </trkpt>
      <trkpt lat="34.0898343" lon="-111.4522038"><ele>1762</ele>
        <time>2026-05-23T13:51:47Z</time>
      </trkpt>
      <trkpt lat="34.0898747" lon="-111.4521905"><ele>1762</ele>
        <time>2026-05-23T13:51:51Z</time>
      </trkpt>
      <trkpt lat="34.0899012" lon="-111.4521732"><ele>1763</ele>
        <time>2026-05-23T13:51:55Z</time>
      </trkpt>
      <trkpt lat="34.0899315" lon="-111.4521791"><ele>1763</ele>
        <time>2026-05-23T13:51:59Z</time>
      </trkpt>
      <trkpt lat="34.0900014" lon="-111.4521681"><ele>1764</ele>
        <time>2026-05-23T13:52:07Z</time>
      </trkpt>
      <trkpt lat="34.0900286" lon="-111.4521733"><ele>1765</ele>
        <time>2026-05-23T13:52:11Z</time>
      </trkpt>
      <trkpt lat="34.0900612" lon="-111.4521595"><ele>1765</ele>
        <time>2026-05-23T13:52:15Z</time>
      </trkpt>
      <trkpt lat="34.0901074" lon="-111.4521668"><ele>1765</ele>
        <time>2026-05-23T13:52:19Z</time>
      </trkpt>
      <trkpt lat="34.0901643" lon="-111.4522229"><ele>1767</ele>
        <time>2026-05-23T13:52:27Z</time>
      </trkpt>
      <trkpt lat="34.0901894" lon="-111.4522623"><ele>1767</ele>
        <time>2026-05-23T13:52:31Z</time>
      </trkpt>
      <trkpt lat="34.0902889" lon="-111.4523532"><ele>1766</ele>
        <time>2026-05-23T13:52:43Z</time>
      </trkpt>
      <trkpt lat="34.0904002" lon="-111.452534"><ele>1769</ele>
        <time>2026-05-23T13:53:07Z</time>
      </trkpt>
      <trkpt lat="34.0904328" lon="-111.4525554"><ele>1769</ele>
        <time>2026-05-23T13:53:11Z</time>
      </trkpt>
      <trkpt lat="34.0904503" lon="-111.4525833"><ele>1770</ele>
        <time>2026-05-23T13:53:15Z</time>
      </trkpt>
      <trkpt lat="34.0905585" lon="-111.4526834"><ele>1772</ele>
        <time>2026-05-23T13:53:31Z</time>
      </trkpt>
      <trkpt lat="34.0905936" lon="-111.4526933"><ele>1772</ele>
        <time>2026-05-23T13:53:35Z</time>
      </trkpt>
      <trkpt lat="34.090661" lon="-111.4527269"><ele>1773</ele>
        <time>2026-05-23T13:53:43Z</time>
      </trkpt>
      <trkpt lat="34.0906994" lon="-111.4527354"><ele>1774</ele>
        <time>2026-05-23T13:53:47Z</time>
      </trkpt>
      <trkpt lat="34.0907849" lon="-111.4527193"><ele>1774</ele>
        <time>2026-05-23T13:53:55Z</time>
      </trkpt>
      <trkpt lat="34.0908622" lon="-111.4527175"><ele>1774</ele>
        <time>2026-05-23T13:54:03Z</time>
      </trkpt>
      <trkpt lat="34.0909371" lon="-111.452727"><ele>1774</ele>
        <time>2026-05-23T13:54:11Z</time>
      </trkpt>
      <trkpt lat="34.0909744" lon="-111.4527387"><ele>1774</ele>
        <time>2026-05-23T13:54:15Z</time>
      </trkpt>
      <trkpt lat="34.091009" lon="-111.4527575"><ele>1775</ele>
        <time>2026-05-23T13:54:19Z</time>
      </trkpt>
      <trkpt lat="34.0910407" lon="-111.4527607"><ele>1776</ele>
        <time>2026-05-23T13:54:23Z</time>
      </trkpt>
      <trkpt lat="34.0910761" lon="-111.4527744"><ele>1776</ele>
        <time>2026-05-23T13:54:27Z</time>
      </trkpt>
      <trkpt lat="34.0911592" lon="-111.4528141"><ele>1777</ele>
        <time>2026-05-23T13:54:35Z</time>
      </trkpt>
      <trkpt lat="34.0912013" lon="-111.4528215"><ele>1778</ele>
        <time>2026-05-23T13:54:39Z</time>
      </trkpt>
      <trkpt lat="34.0912261" lon="-111.4528419"><ele>1778</ele>
        <time>2026-05-23T13:54:43Z</time>
      </trkpt>
      <trkpt lat="34.0912797" lon="-111.4528619"><ele>1778</ele>
        <time>2026-05-23T13:54:47Z</time>
      </trkpt>
      <trkpt lat="34.0913192" lon="-111.4528667"><ele>1778</ele>
        <time>2026-05-23T13:54:51Z</time>
      </trkpt>
      <trkpt lat="34.0913631" lon="-111.4528832"><ele>1778</ele>
        <time>2026-05-23T13:54:55Z</time>
      </trkpt>
      <trkpt lat="34.0913982" lon="-111.4528896"><ele>1779</ele>
        <time>2026-05-23T13:54:59Z</time>
      </trkpt>
      <trkpt lat="34.0914179" lon="-111.4529092"><ele>1781</ele>
        <time>2026-05-23T13:55:03Z</time>
      </trkpt>
      <trkpt lat="34.0914574" lon="-111.45291"><ele>1781</ele>
        <time>2026-05-23T13:55:07Z</time>
      </trkpt>
      <trkpt lat="34.0914991" lon="-111.4529208"><ele>1780</ele>
        <time>2026-05-23T13:55:11Z</time>
      </trkpt>
      <trkpt lat="34.0915386" lon="-111.4529235"><ele>1780</ele>
        <time>2026-05-23T13:55:15Z</time>
      </trkpt>
      <trkpt lat="34.0916497" lon="-111.4529734"><ele>1781</ele>
        <time>2026-05-23T13:55:27Z</time>
      </trkpt>
      <trkpt lat="34.0916781" lon="-111.4529934"><ele>1781</ele>
        <time>2026-05-23T13:55:31Z</time>
      </trkpt>
      <trkpt lat="34.091732" lon="-111.4529943"><ele>1781</ele>
        <time>2026-05-23T13:55:35Z</time>
      </trkpt>
      <trkpt lat="34.0917744" lon="-111.4530052"><ele>1781</ele>
        <time>2026-05-23T13:55:39Z</time>
      </trkpt>
      <trkpt lat="34.0918227" lon="-111.453006"><ele>1782</ele>
        <time>2026-05-23T13:55:43Z</time>
      </trkpt>
      <trkpt lat="34.0918687" lon="-111.4530158"><ele>1782</ele>
        <time>2026-05-23T13:55:47Z</time>
      </trkpt>
      <trkpt lat="34.0918989" lon="-111.4530518"><ele>1783</ele>
        <time>2026-05-23T13:55:51Z</time>
      </trkpt>
      <trkpt lat="34.0919177" lon="-111.4530846"><ele>1782</ele>
        <time>2026-05-23T13:55:55Z</time>
      </trkpt>
      <trkpt lat="34.0919724" lon="-111.4531017"><ele>1783</ele>
        <time>2026-05-23T13:56:03Z</time>
      </trkpt>
      <trkpt lat="34.0920106" lon="-111.4531253"><ele>1783</ele>
        <time>2026-05-23T13:56:07Z</time>
      </trkpt>
      <trkpt lat="34.0921011" lon="-111.453259"><ele>1782</ele>
        <time>2026-05-23T13:56:23Z</time>
      </trkpt>
      <trkpt lat="34.0921153" lon="-111.4532949"><ele>1781</ele>
        <time>2026-05-23T13:56:27Z</time>
      </trkpt>
      <trkpt lat="34.0921108" lon="-111.4533592"><ele>1781</ele>
        <time>2026-05-23T13:56:31Z</time>
      </trkpt>
      <trkpt lat="34.092079" lon="-111.4534706"><ele>1782</ele>
        <time>2026-05-23T13:56:38Z</time>
      </trkpt>
      <trkpt lat="34.0920793" lon="-111.453516"><ele>1781</ele>
        <time>2026-05-23T13:56:42Z</time>
      </trkpt>
      <trkpt lat="34.092087" lon="-111.4535528"><ele>1781</ele>
        <time>2026-05-23T13:56:46Z</time>
      </trkpt>
      <trkpt lat="34.0920788" lon="-111.4537079"><ele>1780</ele>
        <time>2026-05-23T13:56:59Z</time>
      </trkpt>
      <trkpt lat="34.0920821" lon="-111.4538099"><ele>1781</ele>
        <time>2026-05-23T13:57:07Z</time>
      </trkpt>
      <trkpt lat="34.0920901" lon="-111.4538686"><ele>1781</ele>
        <time>2026-05-23T13:57:11Z</time>
      </trkpt>
      <trkpt lat="34.092079" lon="-111.4539334"><ele>1782</ele>
        <time>2026-05-23T13:57:15Z</time>
      </trkpt>
      <trkpt lat="34.0920546" lon="-111.4539892"><ele>1782</ele>
        <time>2026-05-23T13:57:19Z</time>
      </trkpt>
      <trkpt lat="34.0920347" lon="-111.4540524"><ele>1783</ele>
        <time>2026-05-23T13:57:23Z</time>
      </trkpt>
      <trkpt lat="34.091962" lon="-111.4542118"><ele>1783</ele>
        <time>2026-05-23T13:57:35Z</time>
      </trkpt>
      <trkpt lat="34.0919321" lon="-111.4542405"><ele>1784</ele>
        <time>2026-05-23T13:57:39Z</time>
      </trkpt>
      <trkpt lat="34.0917167" lon="-111.4543356"><ele>1785</ele>
        <time>2026-05-23T13:57:59Z</time>
      </trkpt>
      <trkpt lat="34.0916772" lon="-111.4543607"><ele>1785</ele>
        <time>2026-05-23T13:58:03Z</time>
      </trkpt>
      <trkpt lat="34.0916221" lon="-111.4543796"><ele>1784</ele>
        <time>2026-05-23T13:58:07Z</time>
      </trkpt>
      <trkpt lat="34.0915338" lon="-111.4544347"><ele>1784</ele>
        <time>2026-05-23T13:58:14Z</time>
      </trkpt>
      <trkpt lat="34.0914871" lon="-111.45445"><ele>1784</ele>
        <time>2026-05-23T13:58:18Z</time>
      </trkpt>
      <trkpt lat="34.0914447" lon="-111.4544848"><ele>1784</ele>
        <time>2026-05-23T13:58:22Z</time>
      </trkpt>
      <trkpt lat="34.0914047" lon="-111.4544947"><ele>1784</ele>
        <time>2026-05-23T13:58:26Z</time>
      </trkpt>
      <trkpt lat="34.0913148" lon="-111.4545422"><ele>1784</ele>
        <time>2026-05-23T13:58:34Z</time>
      </trkpt>
      <trkpt lat="34.091228" lon="-111.4545764"><ele>1784</ele>
        <time>2026-05-23T13:58:42Z</time>
      </trkpt>
      <trkpt lat="34.0911882" lon="-111.4545852"><ele>1785</ele>
        <time>2026-05-23T13:58:46Z</time>
      </trkpt>
      <trkpt lat="34.091151" lon="-111.4546234"><ele>1785</ele>
        <time>2026-05-23T13:58:50Z</time>
      </trkpt>
      <trkpt lat="34.0911116" lon="-111.4546323"><ele>1785</ele>
        <time>2026-05-23T13:58:54Z</time>
      </trkpt>
      <trkpt lat="34.0910717" lon="-111.4546517"><ele>1785</ele>
        <time>2026-05-23T13:58:58Z</time>
      </trkpt>
      <trkpt lat="34.0909192" lon="-111.4547445"><ele>1786</ele>
        <time>2026-05-23T13:59:11Z</time>
      </trkpt>
      <trkpt lat="34.0908717" lon="-111.4547653"><ele>1786</ele>
        <time>2026-05-23T13:59:15Z</time>
      </trkpt>
      <trkpt lat="34.0908283" lon="-111.4547978"><ele>1787</ele>
        <time>2026-05-23T13:59:19Z</time>
      </trkpt>
      <trkpt lat="34.0907852" lon="-111.454813"><ele>1787</ele>
        <time>2026-05-23T13:59:23Z</time>
      </trkpt>
      <trkpt lat="34.0907392" lon="-111.4548373"><ele>1787</ele>
        <time>2026-05-23T13:59:27Z</time>
      </trkpt>
      <trkpt lat="34.0907043" lon="-111.4548712"><ele>1788</ele>
        <time>2026-05-23T13:59:31Z</time>
      </trkpt>
      <trkpt lat="34.0906612" lon="-111.4548924"><ele>1789</ele>
        <time>2026-05-23T13:59:35Z</time>
      </trkpt>
      <trkpt lat="34.0905732" lon="-111.4549155"><ele>1789</ele>
        <time>2026-05-23T13:59:43Z</time>
      </trkpt>
      <trkpt lat="34.0905352" lon="-111.454918"><ele>1789</ele>
        <time>2026-05-23T13:59:47Z</time>
      </trkpt>
      <trkpt lat="34.090432" lon="-111.4549671"><ele>1790</ele>
        <time>2026-05-23T13:59:55Z</time>
      </trkpt>
      <trkpt lat="34.0902995" lon="-111.4550547"><ele>1790</ele>
        <time>2026-05-23T14:00:07Z</time>
      </trkpt>
      <trkpt lat="34.0902173" lon="-111.4550902"><ele>1791</ele>
        <time>2026-05-23T14:00:14Z</time>
      </trkpt>
      <trkpt lat="34.0901748" lon="-111.4551251"><ele>1791</ele>
        <time>2026-05-23T14:00:18Z</time>
      </trkpt>
      <trkpt lat="34.0901426" lon="-111.4551403"><ele>1791</ele>
        <time>2026-05-23T14:00:22Z</time>
      </trkpt>
      <trkpt lat="34.090054" lon="-111.4551996"><ele>1792</ele>
        <time>2026-05-23T14:00:30Z</time>
      </trkpt>
      <trkpt lat="34.089983" lon="-111.45522"><ele>1793</ele>
        <time>2026-05-23T14:00:38Z</time>
      </trkpt>
      <trkpt lat="34.0899376" lon="-111.4552458"><ele>1794</ele>
        <time>2026-05-23T14:00:42Z</time>
      </trkpt>
      <trkpt lat="34.0898906" lon="-111.4552923"><ele>1794</ele>
        <time>2026-05-23T14:00:46Z</time>
      </trkpt>
      <trkpt lat="34.0898472" lon="-111.4553097"><ele>1794</ele>
        <time>2026-05-23T14:00:50Z</time>
      </trkpt>
      <trkpt lat="34.0897237" lon="-111.4553916"><ele>1796</ele>
        <time>2026-05-23T14:01:02Z</time>
      </trkpt>
      <trkpt lat="34.0896119" lon="-111.4554915"><ele>1796</ele>
        <time>2026-05-23T14:01:14Z</time>
      </trkpt>
      <trkpt lat="34.0895707" lon="-111.4555051"><ele>1796</ele>
        <time>2026-05-23T14:01:18Z</time>
      </trkpt>
      <trkpt lat="34.0894924" lon="-111.455547"><ele>1797</ele>
        <time>2026-05-23T14:01:26Z</time>
      </trkpt>
      <trkpt lat="34.0894435" lon="-111.4555561"><ele>1797</ele>
        <time>2026-05-23T14:01:30Z</time>
      </trkpt>
      <trkpt lat="34.089388" lon="-111.4555578"><ele>1797</ele>
        <time>2026-05-23T14:01:34Z</time>
      </trkpt>
      <trkpt lat="34.0893343" lon="-111.455577"><ele>1796</ele>
        <time>2026-05-23T14:01:38Z</time>
      </trkpt>
      <trkpt lat="34.0892974" lon="-111.455572"><ele>1797</ele>
        <time>2026-05-23T14:01:42Z</time>
      </trkpt>
      <trkpt lat="34.089248" lon="-111.4555988"><ele>1797</ele>
        <time>2026-05-23T14:01:46Z</time>
      </trkpt>
      <trkpt lat="34.0892025" lon="-111.4555992"><ele>1798</ele>
        <time>2026-05-23T14:01:50Z</time>
      </trkpt>
      <trkpt lat="34.0891588" lon="-111.4556091"><ele>1798</ele>
        <time>2026-05-23T14:01:54Z</time>
      </trkpt>
      <trkpt lat="34.0890772" lon="-111.455615"><ele>1798</ele>
        <time>2026-05-23T14:02:02Z</time>
      </trkpt>
      <trkpt lat="34.0890352" lon="-111.4556383"><ele>1799</ele>
        <time>2026-05-23T14:02:06Z</time>
      </trkpt>
      <trkpt lat="34.0889329" lon="-111.4556614"><ele>1798</ele>
        <time>2026-05-23T14:02:14Z</time>
      </trkpt>
      <trkpt lat="34.0887259" lon="-111.4557703"><ele>1799</ele>
        <time>2026-05-23T14:02:34Z</time>
      </trkpt>
      <trkpt lat="34.0886246" lon="-111.455925"><ele>1798</ele>
        <time>2026-05-23T14:02:46Z</time>
      </trkpt>
      <trkpt lat="34.0886147" lon="-111.4559578"><ele>1798</ele>
        <time>2026-05-23T14:02:50Z</time>
      </trkpt>
      <trkpt lat="34.0886175" lon="-111.4559639"><ele>1797</ele>
        <time>2026-05-23T14:02:57Z</time>
      </trkpt>
      <trkpt lat="34.0885695" lon="-111.4560507"><ele>1797</ele>
        <time>2026-05-23T14:03:05Z</time>
      </trkpt>
      <trkpt lat="34.0885049" lon="-111.4561399"><ele>1796</ele>
        <time>2026-05-23T14:03:13Z</time>
      </trkpt>
      <trkpt lat="34.0884975" lon="-111.4562605"><ele>1796</ele>
        <time>2026-05-23T14:03:21Z</time>
      </trkpt>
      <trkpt lat="34.0884584" lon="-111.4564337"><ele>1796</ele>
        <time>2026-05-23T14:03:33Z</time>
      </trkpt>
      <trkpt lat="34.0884276" lon="-111.4564918"><ele>1796</ele>
        <time>2026-05-23T14:03:37Z</time>
      </trkpt>
      <trkpt lat="34.0883952" lon="-111.4565343"><ele>1796</ele>
        <time>2026-05-23T14:03:41Z</time>
      </trkpt>
      <trkpt lat="34.0883562" lon="-111.4565742"><ele>1796</ele>
        <time>2026-05-23T14:03:45Z</time>
      </trkpt>
      <trkpt lat="34.0883142" lon="-111.4565933"><ele>1796</ele>
        <time>2026-05-23T14:03:49Z</time>
      </trkpt>
      <trkpt lat="34.0881538" lon="-111.4566944"><ele>1796</ele>
        <time>2026-05-23T14:04:05Z</time>
      </trkpt>
      <trkpt lat="34.0880274" lon="-111.4567933"><ele>1796</ele>
        <time>2026-05-23T14:04:19Z</time>
      </trkpt>
      <trkpt lat="34.0879874" lon="-111.456812"><ele>1796</ele>
        <time>2026-05-23T14:04:23Z</time>
      </trkpt>
      <trkpt lat="34.0877594" lon="-111.4569523"><ele>1798</ele>
        <time>2026-05-23T14:04:43Z</time>
      </trkpt>
      <trkpt lat="34.0876592" lon="-111.4569988"><ele>1798</ele>
        <time>2026-05-23T14:04:51Z</time>
      </trkpt>
      <trkpt lat="34.087615" lon="-111.4570271"><ele>1798</ele>
        <time>2026-05-23T14:04:55Z</time>
      </trkpt>
      <trkpt lat="34.0875693" lon="-111.4570388"><ele>1798</ele>
        <time>2026-05-23T14:04:59Z</time>
      </trkpt>
      <trkpt lat="34.0874845" lon="-111.4570968"><ele>1799</ele>
        <time>2026-05-23T14:05:07Z</time>
      </trkpt>
      <trkpt lat="34.0874507" lon="-111.4571376"><ele>1799</ele>
        <time>2026-05-23T14:05:11Z</time>
      </trkpt>
      <trkpt lat="34.0873921" lon="-111.4572399"><ele>1799</ele>
        <time>2026-05-23T14:05:19Z</time>
      </trkpt>
      <trkpt lat="34.0873616" lon="-111.4572637"><ele>1798</ele>
        <time>2026-05-23T14:05:23Z</time>
      </trkpt>
      <trkpt lat="34.0873347" lon="-111.4573107"><ele>1797</ele>
        <time>2026-05-23T14:05:27Z</time>
      </trkpt>
      <trkpt lat="34.0873237" lon="-111.4573509"><ele>1798</ele>
        <time>2026-05-23T14:05:31Z</time>
      </trkpt>
      <trkpt lat="34.0873251" lon="-111.4574289"><ele>1796</ele>
        <time>2026-05-23T14:05:39Z</time>
      </trkpt>
      <trkpt lat="34.0873468" lon="-111.4575267"><ele>1795</ele>
        <time>2026-05-23T14:05:47Z</time>
      </trkpt>
      <trkpt lat="34.0873412" lon="-111.4575905"><ele>1795</ele>
        <time>2026-05-23T14:05:51Z</time>
      </trkpt>
      <trkpt lat="34.0873114" lon="-111.4576552"><ele>1796</ele>
        <time>2026-05-23T14:05:55Z</time>
      </trkpt>
      <trkpt lat="34.0873108" lon="-111.4577256"><ele>1796</ele>
        <time>2026-05-23T14:05:59Z</time>
      </trkpt>
      <trkpt lat="34.0873231" lon="-111.4577751"><ele>1797</ele>
        <time>2026-05-23T14:06:03Z</time>
      </trkpt>
      <trkpt lat="34.0873216" lon="-111.4578142"><ele>1798</ele>
        <time>2026-05-23T14:06:07Z</time>
      </trkpt>
      <trkpt lat="34.0873444" lon="-111.4578615"><ele>1797</ele>
        <time>2026-05-23T14:06:11Z</time>
      </trkpt>
      <trkpt lat="34.0873836" lon="-111.4579761"><ele>1796</ele>
        <time>2026-05-23T14:06:20Z</time>
      </trkpt>
      <trkpt lat="34.0874112" lon="-111.4580111"><ele>1796</ele>
        <time>2026-05-23T14:06:24Z</time>
      </trkpt>
      <trkpt lat="34.0874355" lon="-111.4580654"><ele>1795</ele>
        <time>2026-05-23T14:06:29Z</time>
      </trkpt>
      <trkpt lat="34.087466" lon="-111.4580936"><ele>1796</ele>
        <time>2026-05-23T14:06:33Z</time>
      </trkpt>
      <trkpt lat="34.0875421" lon="-111.4581884"><ele>1796</ele>
        <time>2026-05-23T14:06:41Z</time>
      </trkpt>
      <trkpt lat="34.087609" lon="-111.4582838"><ele>1797</ele>
        <time>2026-05-23T14:06:49Z</time>
      </trkpt>
      <trkpt lat="34.0876822" lon="-111.4583498"><ele>1798</ele>
        <time>2026-05-23T14:06:57Z</time>
      </trkpt>
      <trkpt lat="34.087716" lon="-111.4583951"><ele>1798</ele>
        <time>2026-05-23T14:07:01Z</time>
      </trkpt>
      <trkpt lat="34.0877859" lon="-111.4584672"><ele>1798</ele>
        <time>2026-05-23T14:07:08Z</time>
      </trkpt>
      <trkpt lat="34.0878826" lon="-111.4585878"><ele>1800</ele>
        <time>2026-05-23T14:07:20Z</time>
      </trkpt>
      <trkpt lat="34.0879017" lon="-111.4585951"><ele>1799</ele>
        <time>2026-05-23T14:07:28Z</time>
      </trkpt>
      <trkpt lat="34.0879648" lon="-111.4585909"><ele>1796</ele>
        <time>2026-05-23T14:07:41Z</time>
      </trkpt>
      <trkpt lat="34.0880169" lon="-111.4586116"><ele>1794</ele>
        <time>2026-05-23T14:07:53Z</time>
      </trkpt>
      <trkpt lat="34.0880346" lon="-111.4586114"><ele>1794</ele>
        <time>2026-05-23T14:07:57Z</time>
      </trkpt>
      <trkpt lat="34.0880946" lon="-111.4586437"><ele>1793</ele>
        <time>2026-05-23T14:08:09Z</time>
      </trkpt>
      <trkpt lat="34.0881062" lon="-111.458645"><ele>1793</ele>
        <time>2026-05-23T14:08:19Z</time>
      </trkpt>
      <trkpt lat="34.0880891" lon="-111.4586538"><ele>1792</ele>
        <time>2026-05-23T14:08:52Z</time>
      </trkpt>
      <trkpt lat="34.0880919" lon="-111.4586387"><ele>1794</ele>
        <time>2026-05-23T14:10:34Z</time>
      </trkpt>
      <trkpt lat="34.0880925" lon="-111.458646"><ele>1794</ele>
        <time>2026-05-23T14:10:38Z</time>
      </trkpt>
      <trkpt lat="34.0880997" lon="-111.4586411"><ele>1795</ele>
        <time>2026-05-23T14:10:42Z</time>
      </trkpt>
      <trkpt lat="34.0880799" lon="-111.4586217"><ele>1795</ele>
        <time>2026-05-23T14:10:50Z</time>
      </trkpt>
      <trkpt lat="34.0880781" lon="-111.4586248"><ele>1795</ele>
        <time>2026-05-23T14:10:54Z</time>
      </trkpt>
      <trkpt lat="34.088091" lon="-111.458636"><ele>1795</ele>
        <time>2026-05-23T14:42:28Z</time>
      </trkpt>
      <trkpt lat="34.0880869" lon="-111.4586524"><ele>1796</ele>
        <time>2026-05-23T14:42:41Z</time>
      </trkpt>
      <trkpt lat="34.0881085" lon="-111.4586451"><ele>1795</ele>
        <time>2026-05-23T14:48:08Z</time>
      </trkpt>
      <trkpt lat="34.0881044" lon="-111.4586541"><ele>1798</ele>
        <time>2026-05-23T14:48:12Z</time>
      </trkpt>
      <trkpt lat="34.0881094" lon="-111.4586467"><ele>1798</ele>
        <time>2026-05-23T15:34:22Z</time>
      </trkpt>
      <trkpt lat="34.0881219" lon="-111.4586459"><ele>1798</ele>
        <time>2026-05-23T15:34:26Z</time>
      </trkpt>
      <trkpt lat="34.0881242" lon="-111.458639"><ele>1798</ele>
        <time>2026-05-23T15:34:39Z</time>
      </trkpt>
      <trkpt lat="34.0881221" lon="-111.4586614"><ele>1798</ele>
        <time>2026-05-23T15:35:16Z</time>
      </trkpt>
      <trkpt lat="34.0881145" lon="-111.4586373"><ele>1799</ele>
        <time>2026-05-23T15:39:09Z</time>
      </trkpt>
      <trkpt lat="34.088124" lon="-111.458635"><ele>1800</ele>
        <time>2026-05-23T15:39:34Z</time>
      </trkpt>
      <trkpt lat="34.0881444" lon="-111.458646"><ele>1801</ele>
        <time>2026-05-23T15:45:04Z</time>
      </trkpt>
      <trkpt lat="34.0881371" lon="-111.4586364"><ele>1801</ele>
        <time>2026-05-23T15:45:13Z</time>
      </trkpt>
      <trkpt lat="34.0881184" lon="-111.4586484"><ele>1798</ele>
        <time>2026-05-23T15:45:40Z</time>
      </trkpt>
      <trkpt lat="34.0881109" lon="-111.4586599"><ele>1796</ele>
        <time>2026-05-23T15:45:58Z</time>
      </trkpt>
      <trkpt lat="34.0881135" lon="-111.4586648"><ele>1795</ele>
        <time>2026-05-23T15:46:10Z</time>
      </trkpt>
      <trkpt lat="34.0881049" lon="-111.4586568"><ele>1795</ele>
        <time>2026-05-23T15:53:06Z</time>
      </trkpt>
      <trkpt lat="34.0881093" lon="-111.4586504"><ele>1794</ele>
        <time>2026-05-23T15:53:37Z</time>
      </trkpt>
      <trkpt lat="34.0881039" lon="-111.4586427"><ele>1794</ele>
        <time>2026-05-23T16:08:51Z</time>
      </trkpt>
      <trkpt lat="34.0881076" lon="-111.4586442"><ele>1794</ele>
        <time>2026-05-23T16:08:55Z</time>
      </trkpt>
      <trkpt lat="34.0881075" lon="-111.4586519"><ele>1794</ele>
        <time>2026-05-23T16:09:04Z</time>
      </trkpt>
      <trkpt lat="34.0880982" lon="-111.4586553"><ele>1793</ele>
        <time>2026-05-23T16:09:16Z</time>
      </trkpt>
      <trkpt lat="34.0881032" lon="-111.4586529"><ele>1794</ele>
        <time>2026-05-23T16:10:04Z</time>
      </trkpt>
      <trkpt lat="34.0881019" lon="-111.458645"><ele>1795</ele>
        <time>2026-05-23T16:15:30Z</time>
      </trkpt>
      <trkpt lat="34.0881122" lon="-111.4586457"><ele>1794</ele>
        <time>2026-05-23T16:16:18Z</time>
      </trkpt>
      <trkpt lat="34.0880997" lon="-111.4586529"><ele>1794</ele>
        <time>2026-05-23T16:16:29Z</time>
      </trkpt>
      <trkpt lat="34.0881004" lon="-111.4586484"><ele>1794</ele>
        <time>2026-05-23T16:16:50Z</time>
      </trkpt>
      <trkpt lat="34.0881345" lon="-111.4586688"><ele>1794</ele>
        <time>2026-05-23T16:16:57Z</time>
      </trkpt>
      <trkpt lat="34.0882346" lon="-111.458696"><ele>1792</ele>
        <time>2026-05-23T16:17:21Z</time>
      </trkpt>
      <trkpt lat="34.0882391" lon="-111.4586896"><ele>1793</ele>
        <time>2026-05-23T16:20:02Z</time>
      </trkpt>
      <trkpt lat="34.0882355" lon="-111.4586948"><ele>1793</ele>
        <time>2026-05-23T16:20:28Z</time>
      </trkpt>
      <trkpt lat="34.0882513" lon="-111.4587182"><ele>1795</ele>
        <time>2026-05-23T17:36:16Z</time>
      </trkpt>
      <trkpt lat="34.0882456" lon="-111.458695"><ele>1796</ele>
        <time>2026-05-23T17:36:24Z</time>
      </trkpt>
      <trkpt lat="34.0882918" lon="-111.4587091"><ele>1796</ele>
        <time>2026-05-23T17:36:32Z</time>
      </trkpt>
      <trkpt lat="34.0883827" lon="-111.4587044"><ele>1793</ele>
        <time>2026-05-23T17:36:44Z</time>
      </trkpt>
      <trkpt lat="34.0883889" lon="-111.4587151"><ele>1793</ele>
        <time>2026-05-23T17:36:48Z</time>
      </trkpt>
      <trkpt lat="34.0884151" lon="-111.4587279"><ele>1793</ele>
        <time>2026-05-23T17:36:52Z</time>
      </trkpt>
      <trkpt lat="34.0884083" lon="-111.4587401"><ele>1793</ele>
        <time>2026-05-23T17:38:11Z</time>
      </trkpt>
      <trkpt lat="34.0884124" lon="-111.4587439"><ele>1793</ele>
        <time>2026-05-23T17:38:35Z</time>
      </trkpt>
      <trkpt lat="34.0884269" lon="-111.4587403"><ele>1794</ele>
        <time>2026-05-23T17:41:09Z</time>
      </trkpt>
      <trkpt lat="34.0884236" lon="-111.4587439"><ele>1795</ele>
        <time>2026-05-23T17:41:31Z</time>
      </trkpt>
      <trkpt lat="34.0884135" lon="-111.4587388"><ele>1790</ele>
        <time>2026-05-23T18:08:17Z</time>
      </trkpt>
      <trkpt lat="34.0884172" lon="-111.4587408"><ele>1788</ele>
        <time>2026-05-23T18:08:25Z</time>
      </trkpt>
      <trkpt lat="34.0884116" lon="-111.4587423"><ele>1788</ele>
        <time>2026-05-23T18:08:29Z</time>
      </trkpt>
      <trkpt lat="34.0884182" lon="-111.4587339"><ele>1787</ele>
        <time>2026-05-23T18:09:22Z</time>
      </trkpt>
      <trkpt lat="34.088412" lon="-111.4587441"><ele>1784</ele>
        <time>2026-05-23T19:02:13Z</time>
      </trkpt>
      <trkpt lat="34.0884247" lon="-111.4587424"><ele>1783</ele>
        <time>2026-05-23T19:44:23Z</time>
      </trkpt>
      <trkpt lat="34.0884265" lon="-111.4587509"><ele>1785</ele>
        <time>2026-05-23T19:44:27Z</time>
      </trkpt>
      <trkpt lat="34.0883472" lon="-111.4587281"><ele>1785</ele>
        <time>2026-05-23T19:44:39Z</time>
      </trkpt>
      <trkpt lat="34.0883171" lon="-111.4587264"><ele>1784</ele>
        <time>2026-05-23T19:44:43Z</time>
      </trkpt>
      <trkpt lat="34.0882553" lon="-111.4587126"><ele>1785</ele>
        <time>2026-05-23T19:44:51Z</time>
      </trkpt>
      <trkpt lat="34.088189" lon="-111.4587089"><ele>1786</ele>
        <time>2026-05-23T19:44:59Z</time>
      </trkpt>
      <trkpt lat="34.0881287" lon="-111.4586768"><ele>1785</ele>
        <time>2026-05-23T19:45:07Z</time>
      </trkpt>
      <trkpt lat="34.088127" lon="-111.4587009"><ele>1786</ele>
        <time>2026-05-23T19:45:19Z</time>
      </trkpt>
      <trkpt lat="34.0881199" lon="-111.4586951"><ele>1786</ele>
        <time>2026-05-23T19:45:45Z</time>
      </trkpt>
      <trkpt lat="34.0881337" lon="-111.4587029"><ele>1786</ele>
        <time>2026-05-23T19:46:09Z</time>
      </trkpt>
      <trkpt lat="34.0881376" lon="-111.4587005"><ele>1786</ele>
        <time>2026-05-23T19:48:32Z</time>
      </trkpt>
      <trkpt lat="34.0881358" lon="-111.4587243"><ele>1786</ele>
        <time>2026-05-23T19:49:18Z</time>
      </trkpt>
      <trkpt lat="34.0881487" lon="-111.4587146"><ele>1787</ele>
        <time>2026-05-23T19:49:53Z</time>
      </trkpt>
      <trkpt lat="34.0881389" lon="-111.4587"><ele>1787</ele>
        <time>2026-05-23T19:50:05Z</time>
      </trkpt>
      <trkpt lat="34.0881346" lon="-111.4586978"><ele>1786</ele>
        <time>2026-05-23T19:50:18Z</time>
      </trkpt>
      <trkpt lat="34.0881297" lon="-111.458708"><ele>1786</ele>
        <time>2026-05-23T19:50:22Z</time>
      </trkpt>
      <trkpt lat="34.088138" lon="-111.4587032"><ele>1786</ele>
        <time>2026-05-23T19:50:37Z</time>
      </trkpt>
      <trkpt lat="34.0881032" lon="-111.4586893"><ele>1787</ele>
        <time>2026-05-23T19:57:48Z</time>
      </trkpt>
      <trkpt lat="34.0881072" lon="-111.4586913"><ele>1787</ele>
        <time>2026-05-23T19:58:01Z</time>
      </trkpt>
      <trkpt lat="34.0880999" lon="-111.4586926"><ele>1786</ele>
        <time>2026-05-23T19:58:21Z</time>
      </trkpt>
      <trkpt lat="34.0881138" lon="-111.4586912"><ele>1786</ele>
        <time>2026-05-23T19:58:33Z</time>
      </trkpt>
      <trkpt lat="34.0881095" lon="-111.4586885"><ele>1786</ele>
        <time>2026-05-23T19:58:57Z</time>
      </trkpt>
      <trkpt lat="34.0881316" lon="-111.4586931"><ele>1786</ele>
        <time>2026-05-23T19:59:25Z</time>
      </trkpt>
      <trkpt lat="34.0881212" lon="-111.4586957"><ele>1786</ele>
        <time>2026-05-23T19:59:42Z</time>
      </trkpt>
      <trkpt lat="34.0880948" lon="-111.4586823"><ele>1787</ele>
        <time>2026-05-23T20:21:06Z</time>
      </trkpt>
      <trkpt lat="34.0881013" lon="-111.4586922"><ele>1787</ele>
        <time>2026-05-23T20:23:09Z</time>
      </trkpt>
      <trkpt lat="34.0880989" lon="-111.4586751"><ele>1787</ele>
        <time>2026-05-23T20:25:15Z</time>
      </trkpt>
      <trkpt lat="34.088092" lon="-111.4586709"><ele>1788</ele>
        <time>2026-05-23T20:26:20Z</time>
      </trkpt>
      <trkpt lat="34.0881039" lon="-111.4586754"><ele>1786</ele>
        <time>2026-05-23T20:30:17Z</time>
      </trkpt>
      <trkpt lat="34.0881048" lon="-111.4586609"><ele>1786</ele>
        <time>2026-05-23T20:30:21Z</time>
      </trkpt>
      <trkpt lat="34.0881229" lon="-111.458661"><ele>1786</ele>
        <time>2026-05-23T20:30:25Z</time>
      </trkpt>
      <trkpt lat="34.0881526" lon="-111.458678"><ele>1786</ele>
        <time>2026-05-23T20:30:33Z</time>
      </trkpt>
      <trkpt lat="34.088222" lon="-111.4587005"><ele>1786</ele>
        <time>2026-05-23T20:30:41Z</time>
      </trkpt>
      <trkpt lat="34.0882667" lon="-111.4587102"><ele>1785</ele>
        <time>2026-05-23T20:30:45Z</time>
      </trkpt>
      <trkpt lat="34.0882855" lon="-111.4587022"><ele>1784</ele>
        <time>2026-05-23T20:30:49Z</time>
      </trkpt>
      <trkpt lat="34.088353" lon="-111.4587088"><ele>1782</ele>
        <time>2026-05-23T20:30:57Z</time>
      </trkpt>
      <trkpt lat="34.0883865" lon="-111.4587152"><ele>1782</ele>
        <time>2026-05-23T20:31:01Z</time>
      </trkpt>
      <trkpt lat="34.088399" lon="-111.4587302"><ele>1780</ele>
        <time>2026-05-23T20:31:10Z</time>
      </trkpt>
      <trkpt lat="34.0884241" lon="-111.4587314"><ele>1778</ele>
        <time>2026-05-23T20:31:15Z</time>
      </trkpt>
      <trkpt lat="34.0884804" lon="-111.4587663"><ele>1778</ele>
        <time>2026-05-23T20:31:23Z</time>
      </trkpt>
      <trkpt lat="34.0885487" lon="-111.4588419"><ele>1776</ele>
        <time>2026-05-23T20:31:39Z</time>
      </trkpt>
      <trkpt lat="34.0885606" lon="-111.4588466"><ele>1775</ele>
        <time>2026-05-23T20:31:43Z</time>
      </trkpt>
      <trkpt lat="34.0885763" lon="-111.458888"><ele>1775</ele>
        <time>2026-05-23T20:31:55Z</time>
      </trkpt>
      <trkpt lat="34.0885807" lon="-111.4588881"><ele>1775</ele>
        <time>2026-05-23T20:32:03Z</time>
      </trkpt>
      <trkpt lat="34.0885758" lon="-111.4588856"><ele>1775</ele>
        <time>2026-05-23T20:32:11Z</time>
      </trkpt>
      <trkpt lat="34.0885813" lon="-111.4588824"><ele>1775</ele>
        <time>2026-05-23T20:32:15Z</time>
      </trkpt>
      <trkpt lat="34.0885806" lon="-111.4588864"><ele>1775</ele>
        <time>2026-05-23T20:32:19Z</time>
      </trkpt>
      <trkpt lat="34.0885881" lon="-111.4588891"><ele>1775</ele>
        <time>2026-05-23T20:32:23Z</time>
      </trkpt>
      <trkpt lat="34.0885875" lon="-111.4588744"><ele>1774</ele>
        <time>2026-05-23T20:32:40Z</time>
      </trkpt>
      <trkpt lat="34.0885755" lon="-111.4588912"><ele>1774</ele>
        <time>2026-05-23T20:32:44Z</time>
      </trkpt>
      <trkpt lat="34.0885761" lon="-111.4588853"><ele>1774</ele>
        <time>2026-05-23T20:32:48Z</time>
      </trkpt>
      <trkpt lat="34.0885825" lon="-111.4588952"><ele>1770</ele>
        <time>2026-05-23T21:09:48Z</time>
      </trkpt>
      <trkpt lat="34.0886018" lon="-111.4588888"><ele>1773</ele>
        <time>2026-05-23T21:18:46Z</time>
      </trkpt>
      <trkpt lat="34.0885877" lon="-111.4588674"><ele>1773</ele>
        <time>2026-05-23T21:18:50Z</time>
      </trkpt>
      <trkpt lat="34.088598" lon="-111.458867"><ele>1773</ele>
        <time>2026-05-23T21:18:54Z</time>
      </trkpt>
      <trkpt lat="34.08862" lon="-111.4588997"><ele>1775</ele>
        <time>2026-05-23T21:18:58Z</time>
      </trkpt>
      <trkpt lat="34.0886075" lon="-111.4589393"><ele>1775</ele>
        <time>2026-05-23T21:19:02Z</time>
      </trkpt>
      <trkpt lat="34.0885904" lon="-111.4589546"><ele>1776</ele>
        <time>2026-05-23T21:19:06Z</time>
      </trkpt>
      <trkpt lat="34.0885839" lon="-111.4589711"><ele>1776</ele>
        <time>2026-05-23T21:19:10Z</time>
      </trkpt>
      <trkpt lat="34.0885685" lon="-111.4589811"><ele>1776</ele>
        <time>2026-05-23T21:19:14Z</time>
      </trkpt>
      <trkpt lat="34.0886048" lon="-111.4589965"><ele>1775</ele>
        <time>2026-05-23T22:09:14Z</time>
      </trkpt>
      <trkpt lat="34.0885982" lon="-111.4589825"><ele>1776</ele>
        <time>2026-05-23T22:13:09Z</time>
      </trkpt>
      <trkpt lat="34.0885829" lon="-111.4589722"><ele>1779</ele>
        <time>2026-05-23T22:26:03Z</time>
      </trkpt>
      <trkpt lat="34.0885635" lon="-111.459016"><ele>1779</ele>
        <time>2026-05-23T22:26:11Z</time>
      </trkpt>
      <trkpt lat="34.0885512" lon="-111.4590271"><ele>1780</ele>
        <time>2026-05-23T22:26:15Z</time>
      </trkpt>
      <trkpt lat="34.0885511" lon="-111.4590144"><ele>1779</ele>
        <time>2026-05-23T22:26:23Z</time>
      </trkpt>
      <trkpt lat="34.0885537" lon="-111.4590113"><ele>1779</ele>
        <time>2026-05-23T22:26:27Z</time>
      </trkpt>
      <trkpt lat="34.0885583" lon="-111.4590307"><ele>1778</ele>
        <time>2026-05-23T22:27:05Z</time>
      </trkpt>
      <trkpt lat="34.0885494" lon="-111.4590287"><ele>1778</ele>
        <time>2026-05-23T22:31:58Z</time>
      </trkpt>
      <trkpt lat="34.0885599" lon="-111.4589985"><ele>1778</ele>
        <time>2026-05-23T22:37:56Z</time>
      </trkpt>
      <trkpt lat="34.088555" lon="-111.4590157"><ele>1778</ele>
        <time>2026-05-23T22:38:04Z</time>
      </trkpt>
      <trkpt lat="34.0885248" lon="-111.458995"><ele>1778</ele>
        <time>2026-05-23T23:07:15Z</time>
      </trkpt>
      <trkpt lat="34.0885354" lon="-111.4590237"><ele>1780</ele>
        <time>2026-05-23T23:26:01Z</time>
      </trkpt>
      <trkpt lat="34.0885798" lon="-111.4590801"><ele>1785</ele>
        <time>2026-05-24T00:30:03Z</time>
      </trkpt>
      <trkpt lat="34.088554" lon="-111.4590493"><ele>1785</ele>
        <time>2026-05-24T00:33:51Z</time>
      </trkpt>
      <trkpt lat="34.0885673" lon="-111.4590658"><ele>1785</ele>
        <time>2026-05-24T00:33:58Z</time>
      </trkpt>
      <trkpt lat="34.0885638" lon="-111.4590719"><ele>1787</ele>
        <time>2026-05-24T00:34:38Z</time>
      </trkpt>
      <trkpt lat="34.0885589" lon="-111.4590581"><ele>1786</ele>
        <time>2026-05-24T00:35:40Z</time>
      </trkpt>
      <trkpt lat="34.0885593" lon="-111.4590661"><ele>1786</ele>
        <time>2026-05-24T00:35:44Z</time>
      </trkpt>
      <trkpt lat="34.0885655" lon="-111.4590634"><ele>1787</ele>
        <time>2026-05-24T00:36:02Z</time>
      </trkpt>
      <trkpt lat="34.0885705" lon="-111.4590862"><ele>1788</ele>
        <time>2026-05-24T00:39:12Z</time>
      </trkpt>
      <trkpt lat="34.088564" lon="-111.4590804"><ele>1787</ele>
        <time>2026-05-24T00:40:54Z</time>
      </trkpt>
      <trkpt lat="34.088583" lon="-111.4590669"><ele>1789</ele>
        <time>2026-05-24T00:40:57Z</time>
      </trkpt>
      <trkpt lat="34.0885601" lon="-111.4590636"><ele>1789</ele>
        <time>2026-05-24T00:41:56Z</time>
      </trkpt>
      <trkpt lat="34.0885495" lon="-111.459042"><ele>1789</ele>
        <time>2026-05-24T00:43:22Z</time>
      </trkpt>
      <trkpt lat="34.0885621" lon="-111.4590474"><ele>1790</ele>
        <time>2026-05-24T00:43:54Z</time>
      </trkpt>
      <trkpt lat="34.0885437" lon="-111.4590416"><ele>1790</ele>
        <time>2026-05-24T00:44:14Z</time>
      </trkpt>
      <trkpt lat="34.0885532" lon="-111.4590498"><ele>1789</ele>
        <time>2026-05-24T00:44:18Z</time>
      </trkpt>
      <trkpt lat="34.0885514" lon="-111.4590586"><ele>1789</ele>
        <time>2026-05-24T00:44:22Z</time>
      </trkpt>
      <trkpt lat="34.0885608" lon="-111.4590623"><ele>1789</ele>
        <time>2026-05-24T00:44:27Z</time>
      </trkpt>
      <trkpt lat="34.0885596" lon="-111.4590561"><ele>1788</ele>
        <time>2026-05-24T00:44:35Z</time>
      </trkpt>
      <trkpt lat="34.0885569" lon="-111.459065"><ele>1788</ele>
        <time>2026-05-24T00:44:39Z</time>
      </trkpt>
      <trkpt lat="34.0885606" lon="-111.4590626"><ele>1788</ele>
        <time>2026-05-24T00:44:47Z</time>
      </trkpt>
      <trkpt lat="34.0885616" lon="-111.4590722"><ele>1788</ele>
        <time>2026-05-24T00:44:51Z</time>
      </trkpt>
      <trkpt lat="34.0885604" lon="-111.4590664"><ele>1788</ele>
        <time>2026-05-24T00:44:59Z</time>
      </trkpt>
      <trkpt lat="34.0885521" lon="-111.4590702"><ele>1787</ele>
        <time>2026-05-24T00:45:03Z</time>
      </trkpt>
      <trkpt lat="34.088529" lon="-111.4591014"><ele>1786</ele>
        <time>2026-05-24T00:45:10Z</time>
      </trkpt>
      <trkpt lat="34.0885226" lon="-111.4591222"><ele>1786</ele>
        <time>2026-05-24T00:45:14Z</time>
      </trkpt>
      <trkpt lat="34.0884802" lon="-111.4591682"><ele>1784</ele>
        <time>2026-05-24T00:45:23Z</time>
      </trkpt>
      <trkpt lat="34.0884528" lon="-111.459174"><ele>1783</ele>
        <time>2026-05-24T00:45:27Z</time>
      </trkpt>
      <trkpt lat="34.0884303" lon="-111.4591955"><ele>1783</ele>
        <time>2026-05-24T00:45:31Z</time>
      </trkpt>
      <trkpt lat="34.0884264" lon="-111.4591867"><ele>1782</ele>
        <time>2026-05-24T00:45:39Z</time>
      </trkpt>
      <trkpt lat="34.0884031" lon="-111.4592192"><ele>1784</ele>
        <time>2026-05-24T00:46:23Z</time>
      </trkpt>
      <trkpt lat="34.0885196" lon="-111.4591182"><ele>1786</ele>
        <time>2026-05-24T00:46:51Z</time>
      </trkpt>
      <trkpt lat="34.0885495" lon="-111.4590762"><ele>1787</ele>
        <time>2026-05-24T00:46:55Z</time>
      </trkpt>
      <trkpt lat="34.0885794" lon="-111.4590588"><ele>1787</ele>
        <time>2026-05-24T00:46:59Z</time>
      </trkpt>
      <trkpt lat="34.0885987" lon="-111.4590216"><ele>1788</ele>
        <time>2026-05-24T00:47:03Z</time>
      </trkpt>
      <trkpt lat="34.0886276" lon="-111.4589958"><ele>1788</ele>
        <time>2026-05-24T00:47:07Z</time>
      </trkpt>
      <trkpt lat="34.0886403" lon="-111.4589673"><ele>1789</ele>
        <time>2026-05-24T00:47:11Z</time>
      </trkpt>
      <trkpt lat="34.0886403" lon="-111.4589718"><ele>1789</ele>
        <time>2026-05-24T00:47:21Z</time>
      </trkpt>
      <trkpt lat="34.0886457" lon="-111.4589698"><ele>1789</ele>
        <time>2026-05-24T00:47:25Z</time>
      </trkpt>
      <trkpt lat="34.0886179" lon="-111.4589403"><ele>1788</ele>
        <time>2026-05-24T00:47:29Z</time>
      </trkpt>
      <trkpt lat="34.0886337" lon="-111.4589053"><ele>1787</ele>
        <time>2026-05-24T00:47:33Z</time>
      </trkpt>
      <trkpt lat="34.088611" lon="-111.4588762"><ele>1787</ele>
        <time>2026-05-24T00:47:37Z</time>
      </trkpt>
      <trkpt lat="34.0885704" lon="-111.4588575"><ele>1786</ele>
        <time>2026-05-24T00:47:41Z</time>
      </trkpt>
      <trkpt lat="34.0885464" lon="-111.4588383"><ele>1785</ele>
        <time>2026-05-24T00:47:45Z</time>
      </trkpt>
      <trkpt lat="34.0885263" lon="-111.4588079"><ele>1786</ele>
        <time>2026-05-24T00:47:49Z</time>
      </trkpt>
      <trkpt lat="34.0884925" lon="-111.4587902"><ele>1786</ele>
        <time>2026-05-24T00:47:53Z</time>
      </trkpt>
      <trkpt lat="34.0884654" lon="-111.4587593"><ele>1786</ele>
        <time>2026-05-24T00:47:57Z</time>
      </trkpt>
      <trkpt lat="34.0884325" lon="-111.4587379"><ele>1787</ele>
        <time>2026-05-24T00:48:01Z</time>
      </trkpt>
      <trkpt lat="34.0883442" lon="-111.4587215"><ele>1789</ele>
        <time>2026-05-24T00:48:09Z</time>
      </trkpt>
      <trkpt lat="34.0883019" lon="-111.4587196"><ele>1790</ele>
        <time>2026-05-24T00:48:13Z</time>
      </trkpt>
      <trkpt lat="34.0882306" lon="-111.4587007"><ele>1791</ele>
        <time>2026-05-24T00:48:21Z</time>
      </trkpt>
      <trkpt lat="34.0881945" lon="-111.458704"><ele>1791</ele>
        <time>2026-05-24T00:48:25Z</time>
      </trkpt>
      <trkpt lat="34.0881566" lon="-111.4586892"><ele>1792</ele>
        <time>2026-05-24T00:48:29Z</time>
      </trkpt>
      <trkpt lat="34.0881161" lon="-111.4586653"><ele>1792</ele>
        <time>2026-05-24T00:48:33Z</time>
      </trkpt>
      <trkpt lat="34.088073" lon="-111.4586563"><ele>1793</ele>
        <time>2026-05-24T00:48:41Z</time>
      </trkpt>
      <trkpt lat="34.0880614" lon="-111.458648"><ele>1793</ele>
        <time>2026-05-24T00:48:45Z</time>
      </trkpt>
      <trkpt lat="34.0880752" lon="-111.4586541"><ele>1794</ele>
        <time>2026-05-24T00:48:49Z</time>
      </trkpt>
      <trkpt lat="34.0880722" lon="-111.4586565"><ele>1793</ele>
        <time>2026-05-24T00:48:58Z</time>
      </trkpt>
      <trkpt lat="34.088065" lon="-111.4586438"><ele>1794</ele>
        <time>2026-05-24T00:49:03Z</time>
      </trkpt>
      <trkpt lat="34.0880781" lon="-111.4586461"><ele>1794</ele>
        <time>2026-05-24T00:49:07Z</time>
      </trkpt>
      <trkpt lat="34.0881049" lon="-111.4586715"><ele>1794</ele>
        <time>2026-05-24T00:49:19Z</time>
      </trkpt>
      <trkpt lat="34.0880965" lon="-111.458676"><ele>1794</ele>
        <time>2026-05-24T00:49:56Z</time>
      </trkpt>
      <trkpt lat="34.0880965" lon="-111.4586812"><ele>1794</ele>
        <time>2026-05-24T00:50:13Z</time>
      </trkpt>
      <trkpt lat="34.0881076" lon="-111.4586795"><ele>1793</ele>
        <time>2026-05-24T00:50:49Z</time>
      </trkpt>
      <trkpt lat="34.0880919" lon="-111.4586739"><ele>1793</ele>
        <time>2026-05-24T00:51:05Z</time>
      </trkpt>
      <trkpt lat="34.0880966" lon="-111.4586678"><ele>1793</ele>
        <time>2026-05-24T00:51:17Z</time>
      </trkpt>
      <trkpt lat="34.088092" lon="-111.4586739"><ele>1793</ele>
        <time>2026-05-24T00:52:29Z</time>
      </trkpt>
      <trkpt lat="34.088099" lon="-111.4586747"><ele>1793</ele>
        <time>2026-05-24T00:55:41Z</time>
      </trkpt>
      <trkpt lat="34.0880926" lon="-111.4586708"><ele>1794</ele>
        <time>2026-05-24T00:56:13Z</time>
      </trkpt>
      <trkpt lat="34.088092" lon="-111.4586617"><ele>1793</ele>
        <time>2026-05-24T00:56:52Z</time>
      </trkpt>
      <trkpt lat="34.0880949" lon="-111.4586729"><ele>1793</ele>
        <time>2026-05-24T00:57:04Z</time>
      </trkpt>
      <trkpt lat="34.0880947" lon="-111.4586638"><ele>1793</ele>
        <time>2026-05-24T00:58:00Z</time>
      </trkpt>
      <trkpt lat="34.0880892" lon="-111.4586642"><ele>1793</ele>
        <time>2026-05-24T00:58:23Z</time>
      </trkpt>
      <trkpt lat="34.0880984" lon="-111.4586531"><ele>1794</ele>
        <time>2026-05-24T00:58:56Z</time>
      </trkpt>
      <trkpt lat="34.088101" lon="-111.4586618"><ele>1794</ele>
        <time>2026-05-24T00:59:12Z</time>
      </trkpt>
      <trkpt lat="34.0880961" lon="-111.4586529"><ele>1794</ele>
        <time>2026-05-24T00:59:24Z</time>
      </trkpt>
      <trkpt lat="34.0880744" lon="-111.4586451"><ele>1794</ele>
        <time>2026-05-24T00:59:32Z</time>
      </trkpt>
      <trkpt lat="34.0880824" lon="-111.4586539"><ele>1794</ele>
        <time>2026-05-24T00:59:36Z</time>
      </trkpt>
      <trkpt lat="34.088073" lon="-111.4586523"><ele>1793</ele>
        <time>2026-05-24T00:59:40Z</time>
      </trkpt>
      <trkpt lat="34.0879938" lon="-111.4586185"><ele>1795</ele>
        <time>2026-05-24T00:59:52Z</time>
      </trkpt>
      <trkpt lat="34.0879688" lon="-111.4586151"><ele>1796</ele>
        <time>2026-05-24T00:59:56Z</time>
      </trkpt>
      <trkpt lat="34.0879184" lon="-111.4586214"><ele>1797</ele>
        <time>2026-05-24T01:00:04Z</time>
      </trkpt>
      <trkpt lat="34.0878955" lon="-111.4586186"><ele>1798</ele>
        <time>2026-05-24T01:00:08Z</time>
      </trkpt>
      <trkpt lat="34.0878588" lon="-111.4585663"><ele>1798</ele>
        <time>2026-05-24T01:00:20Z</time>
      </trkpt>
      <trkpt lat="34.0878817" lon="-111.4585945"><ele>1798</ele>
        <time>2026-05-24T01:00:24Z</time>
      </trkpt>
      <trkpt lat="34.0879049" lon="-111.4586493"><ele>1798</ele>
        <time>2026-05-24T01:00:28Z</time>
      </trkpt>
      <trkpt lat="34.0879023" lon="-111.4586935"><ele>1798</ele>
        <time>2026-05-24T01:00:32Z</time>
      </trkpt>
      <trkpt lat="34.0878847" lon="-111.4587334"><ele>1798</ele>
        <time>2026-05-24T01:00:36Z</time>
      </trkpt>
      <trkpt lat="34.0878313" lon="-111.4587706"><ele>1798</ele>
        <time>2026-05-24T01:00:45Z</time>
      </trkpt>
      <trkpt lat="34.0877936" lon="-111.4587811"><ele>1798</ele>
        <time>2026-05-24T01:00:53Z</time>
      </trkpt>
      <trkpt lat="34.0877221" lon="-111.4588173"><ele>1798</ele>
        <time>2026-05-24T01:01:01Z</time>
      </trkpt>
      <trkpt lat="34.0878385" lon="-111.4587615"><ele>1798</ele>
        <time>2026-05-24T01:01:20Z</time>
      </trkpt>
      <trkpt lat="34.0878753" lon="-111.4587355"><ele>1797</ele>
        <time>2026-05-24T01:01:24Z</time>
      </trkpt>
      <trkpt lat="34.0878948" lon="-111.4586866"><ele>1797</ele>
        <time>2026-05-24T01:01:28Z</time>
      </trkpt>
      <trkpt lat="34.0878921" lon="-111.4586415"><ele>1798</ele>
        <time>2026-05-24T01:01:32Z</time>
      </trkpt>
      <trkpt lat="34.0878828" lon="-111.458607"><ele>1798</ele>
        <time>2026-05-24T01:01:36Z</time>
      </trkpt>
      <trkpt lat="34.0878426" lon="-111.4585378"><ele>1798</ele>
        <time>2026-05-24T01:01:44Z</time>
      </trkpt>
      <trkpt lat="34.0878407" lon="-111.458523"><ele>1798</ele>
        <time>2026-05-24T01:01:48Z</time>
      </trkpt>
      <trkpt lat="34.0878675" lon="-111.4585698"><ele>1798</ele>
        <time>2026-05-24T01:01:52Z</time>
      </trkpt>
      <trkpt lat="34.0878857" lon="-111.458587"><ele>1798</ele>
        <time>2026-05-24T01:01:56Z</time>
      </trkpt>
      <trkpt lat="34.0878548" lon="-111.4585684"><ele>1798</ele>
        <time>2026-05-24T01:02:08Z</time>
      </trkpt>
      <trkpt lat="34.0878362" lon="-111.4585212"><ele>1797</ele>
        <time>2026-05-24T01:02:12Z</time>
      </trkpt>
      <trkpt lat="34.0877334" lon="-111.458407"><ele>1797</ele>
        <time>2026-05-24T01:02:24Z</time>
      </trkpt>
      <trkpt lat="34.0877011" lon="-111.4583574"><ele>1797</ele>
        <time>2026-05-24T01:02:28Z</time>
      </trkpt>
      <trkpt lat="34.0876162" lon="-111.4582777"><ele>1797</ele>
        <time>2026-05-24T01:02:36Z</time>
      </trkpt>
      <trkpt lat="34.0875798" lon="-111.4582288"><ele>1797</ele>
        <time>2026-05-24T01:02:40Z</time>
      </trkpt>
      <trkpt lat="34.0875409" lon="-111.4581899"><ele>1797</ele>
        <time>2026-05-24T01:02:44Z</time>
      </trkpt>
      <trkpt lat="34.0874957" lon="-111.4581232"><ele>1797</ele>
        <time>2026-05-24T01:02:52Z</time>
      </trkpt>
      <trkpt lat="34.0874556" lon="-111.4580831"><ele>1797</ele>
        <time>2026-05-24T01:02:56Z</time>
      </trkpt>
      <trkpt lat="34.0873921" lon="-111.4579849"><ele>1797</ele>
        <time>2026-05-24T01:03:04Z</time>
      </trkpt>
      <trkpt lat="34.0873318" lon="-111.4578604"><ele>1796</ele>
        <time>2026-05-24T01:03:12Z</time>
      </trkpt>
      <trkpt lat="34.0873107" lon="-111.4577728"><ele>1796</ele>
        <time>2026-05-24T01:03:20Z</time>
      </trkpt>
      <trkpt lat="34.0873108" lon="-111.4576956"><ele>1796</ele>
        <time>2026-05-24T01:03:24Z</time>
      </trkpt>
      <trkpt lat="34.0873349" lon="-111.4576373"><ele>1796</ele>
        <time>2026-05-24T01:03:32Z</time>
      </trkpt>
      <trkpt lat="34.0873581" lon="-111.4575619"><ele>1796</ele>
        <time>2026-05-24T01:03:41Z</time>
      </trkpt>
      <trkpt lat="34.0873266" lon="-111.4574129"><ele>1797</ele>
        <time>2026-05-24T01:03:53Z</time>
      </trkpt>
      <trkpt lat="34.0873229" lon="-111.4573553"><ele>1797</ele>
        <time>2026-05-24T01:03:57Z</time>
      </trkpt>
      <trkpt lat="34.087354" lon="-111.4573065"><ele>1797</ele>
        <time>2026-05-24T01:04:01Z</time>
      </trkpt>
      <trkpt lat="34.0873937" lon="-111.457212"><ele>1797</ele>
        <time>2026-05-24T01:04:09Z</time>
      </trkpt>
      <trkpt lat="34.087426" lon="-111.4571606"><ele>1797</ele>
        <time>2026-05-24T01:04:13Z</time>
      </trkpt>
      <trkpt lat="34.0874633" lon="-111.4571154"><ele>1797</ele>
        <time>2026-05-24T01:04:17Z</time>
      </trkpt>
      <trkpt lat="34.0875509" lon="-111.4570512"><ele>1797</ele>
        <time>2026-05-24T01:04:25Z</time>
      </trkpt>
      <trkpt lat="34.0875963" lon="-111.4570358"><ele>1797</ele>
        <time>2026-05-24T01:04:29Z</time>
      </trkpt>
      <trkpt lat="34.0877091" lon="-111.4569715"><ele>1796</ele>
        <time>2026-05-24T01:04:37Z</time>
      </trkpt>
      <trkpt lat="34.0877545" lon="-111.4569574"><ele>1796</ele>
        <time>2026-05-24T01:04:41Z</time>
      </trkpt>
      <trkpt lat="34.0877735" lon="-111.4569602"><ele>1796</ele>
        <time>2026-05-24T01:04:52Z</time>
      </trkpt>
      <trkpt lat="34.0877979" lon="-111.4569339"><ele>1796</ele>
        <time>2026-05-24T01:04:56Z</time>
      </trkpt>
      <trkpt lat="34.0878809" lon="-111.4568789"><ele>1796</ele>
        <time>2026-05-24T01:05:04Z</time>
      </trkpt>
      <trkpt lat="34.0880125" lon="-111.4568116"><ele>1797</ele>
        <time>2026-05-24T01:05:16Z</time>
      </trkpt>
      <trkpt lat="34.0881449" lon="-111.4567079"><ele>1796</ele>
        <time>2026-05-24T01:05:28Z</time>
      </trkpt>
      <trkpt lat="34.0881969" lon="-111.4566838"><ele>1796</ele>
        <time>2026-05-24T01:05:32Z</time>
      </trkpt>
      <trkpt lat="34.0882423" lon="-111.4566448"><ele>1796</ele>
        <time>2026-05-24T01:05:36Z</time>
      </trkpt>
      <trkpt lat="34.0882874" lon="-111.4566252"><ele>1795</ele>
        <time>2026-05-24T01:05:40Z</time>
      </trkpt>
      <trkpt lat="34.0883303" lon="-111.4565933"><ele>1795</ele>
        <time>2026-05-24T01:05:44Z</time>
      </trkpt>
      <trkpt lat="34.0883756" lon="-111.4565504"><ele>1795</ele>
        <time>2026-05-24T01:05:48Z</time>
      </trkpt>
      <trkpt lat="34.0884449" lon="-111.4564392"><ele>1795</ele>
        <time>2026-05-24T01:05:56Z</time>
      </trkpt>
      <trkpt lat="34.0884777" lon="-111.4563159"><ele>1795</ele>
        <time>2026-05-24T01:06:04Z</time>
      </trkpt>
      <trkpt lat="34.0885051" lon="-111.4561472"><ele>1796</ele>
        <time>2026-05-24T01:06:14Z</time>
      </trkpt>
      <trkpt lat="34.0885388" lon="-111.4561037"><ele>1796</ele>
        <time>2026-05-24T01:06:18Z</time>
      </trkpt>
      <trkpt lat="34.0885466" lon="-111.4561014"><ele>1796</ele>
        <time>2026-05-24T01:06:22Z</time>
      </trkpt>
      <trkpt lat="34.088591" lon="-111.4560069"><ele>1796</ele>
        <time>2026-05-24T01:06:30Z</time>
      </trkpt>
      <trkpt lat="34.0886144" lon="-111.4559434"><ele>1796</ele>
        <time>2026-05-24T01:06:34Z</time>
      </trkpt>
      <trkpt lat="34.0886463" lon="-111.4558876"><ele>1796</ele>
        <time>2026-05-24T01:06:38Z</time>
      </trkpt>
      <trkpt lat="34.0887139" lon="-111.4557945"><ele>1797</ele>
        <time>2026-05-24T01:06:46Z</time>
      </trkpt>
      <trkpt lat="34.0887518" lon="-111.4557562"><ele>1798</ele>
        <time>2026-05-24T01:06:50Z</time>
      </trkpt>
      <trkpt lat="34.0888063" lon="-111.4557351"><ele>1798</ele>
        <time>2026-05-24T01:06:54Z</time>
      </trkpt>
      <trkpt lat="34.0888567" lon="-111.4557048"><ele>1798</ele>
        <time>2026-05-24T01:06:58Z</time>
      </trkpt>
      <trkpt lat="34.0889166" lon="-111.455686"><ele>1798</ele>
        <time>2026-05-24T01:07:02Z</time>
      </trkpt>
      <trkpt lat="34.0889639" lon="-111.4556636"><ele>1798</ele>
        <time>2026-05-24T01:07:06Z</time>
      </trkpt>
      <trkpt lat="34.0890231" lon="-111.4556501"><ele>1798</ele>
        <time>2026-05-24T01:07:10Z</time>
      </trkpt>
      <trkpt lat="34.0890554" lon="-111.4556329"><ele>1798</ele>
        <time>2026-05-24T01:07:14Z</time>
      </trkpt>
      <trkpt lat="34.0890642" lon="-111.4556476"><ele>1798</ele>
        <time>2026-05-24T01:07:24Z</time>
      </trkpt>
      <trkpt lat="34.0890794" lon="-111.4556314"><ele>1798</ele>
        <time>2026-05-24T01:07:28Z</time>
      </trkpt>
      <trkpt lat="34.0891198" lon="-111.4556288"><ele>1798</ele>
        <time>2026-05-24T01:07:32Z</time>
      </trkpt>
      <trkpt lat="34.0891697" lon="-111.455609"><ele>1798</ele>
        <time>2026-05-24T01:07:36Z</time>
      </trkpt>
      <trkpt lat="34.0893391" lon="-111.4555974"><ele>1797</ele>
        <time>2026-05-24T01:07:48Z</time>
      </trkpt>
      <trkpt lat="34.0894" lon="-111.4555798"><ele>1797</ele>
        <time>2026-05-24T01:07:52Z</time>
      </trkpt>
      <trkpt lat="34.0894592" lon="-111.4555701"><ele>1796</ele>
        <time>2026-05-24T01:07:56Z</time>
      </trkpt>
      <trkpt lat="34.0895086" lon="-111.4555444"><ele>1796</ele>
        <time>2026-05-24T01:08:00Z</time>
      </trkpt>
      <trkpt lat="34.0895517" lon="-111.4555097"><ele>1796</ele>
        <time>2026-05-24T01:08:04Z</time>
      </trkpt>
      <trkpt lat="34.0896542" lon="-111.4554448"><ele>1795</ele>
        <time>2026-05-24T01:08:12Z</time>
      </trkpt>
      <trkpt lat="34.0896992" lon="-111.4554063"><ele>1794</ele>
        <time>2026-05-24T01:08:16Z</time>
      </trkpt>
      <trkpt lat="34.0898317" lon="-111.4553144"><ele>1793</ele>
        <time>2026-05-24T01:08:28Z</time>
      </trkpt>
      <trkpt lat="34.089889" lon="-111.4552874"><ele>1793</ele>
        <time>2026-05-24T01:08:32Z</time>
      </trkpt>
      <trkpt lat="34.0899949" lon="-111.4552124"><ele>1792</ele>
        <time>2026-05-24T01:08:40Z</time>
      </trkpt>
      <trkpt lat="34.0900166" lon="-111.4552233"><ele>1792</ele>
        <time>2026-05-24T01:08:44Z</time>
      </trkpt>
      <trkpt lat="34.0902173" lon="-111.4551014"><ele>1791</ele>
        <time>2026-05-24T01:09:00Z</time>
      </trkpt>
      <trkpt lat="34.0902641" lon="-111.4550797"><ele>1790</ele>
        <time>2026-05-24T01:09:04Z</time>
      </trkpt>
      <trkpt lat="34.090256" lon="-111.4550932"><ele>1790</ele>
        <time>2026-05-24T01:09:12Z</time>
      </trkpt>
      <trkpt lat="34.090369" lon="-111.4550024"><ele>1788</ele>
        <time>2026-05-24T01:09:24Z</time>
      </trkpt>
      <trkpt lat="34.090429" lon="-111.4549659"><ele>1788</ele>
        <time>2026-05-24T01:09:28Z</time>
      </trkpt>
      <trkpt lat="34.0906288" lon="-111.4548887"><ele>1787</ele>
        <time>2026-05-24T01:09:44Z</time>
      </trkpt>
      <trkpt lat="34.0906767" lon="-111.4548753"><ele>1786</ele>
        <time>2026-05-24T01:09:48Z</time>
      </trkpt>
      <trkpt lat="34.0907663" lon="-111.4548177"><ele>1786</ele>
        <time>2026-05-24T01:09:56Z</time>
      </trkpt>
      <trkpt lat="34.0908164" lon="-111.4547977"><ele>1786</ele>
        <time>2026-05-24T01:10:00Z</time>
      </trkpt>
      <trkpt lat="34.0908643" lon="-111.4547591"><ele>1785</ele>
        <time>2026-05-24T01:10:04Z</time>
      </trkpt>
      <trkpt lat="34.0909711" lon="-111.4547036"><ele>1785</ele>
        <time>2026-05-24T01:10:12Z</time>
      </trkpt>
      <trkpt lat="34.0910623" lon="-111.4546424"><ele>1785</ele>
        <time>2026-05-24T01:10:20Z</time>
      </trkpt>
      <trkpt lat="34.0911087" lon="-111.4546173"><ele>1784</ele>
        <time>2026-05-24T01:10:24Z</time>
      </trkpt>
      <trkpt lat="34.0911612" lon="-111.4546029"><ele>1784</ele>
        <time>2026-05-24T01:10:28Z</time>
      </trkpt>
      <trkpt lat="34.0912079" lon="-111.454557"><ele>1784</ele>
        <time>2026-05-24T01:10:32Z</time>
      </trkpt>
      <trkpt lat="34.0912655" lon="-111.454549"><ele>1784</ele>
        <time>2026-05-24T01:10:36Z</time>
      </trkpt>
      <trkpt lat="34.0913208" lon="-111.4545243"><ele>1784</ele>
        <time>2026-05-24T01:10:40Z</time>
      </trkpt>
      <trkpt lat="34.0914774" lon="-111.454451"><ele>1784</ele>
        <time>2026-05-24T01:10:52Z</time>
      </trkpt>
      <trkpt lat="34.0915256" lon="-111.454412"><ele>1784</ele>
        <time>2026-05-24T01:10:56Z</time>
      </trkpt>
      <trkpt lat="34.0916402" lon="-111.4543526"><ele>1784</ele>
        <time>2026-05-24T01:11:04Z</time>
      </trkpt>
      <trkpt lat="34.0916916" lon="-111.4543361"><ele>1783</ele>
        <time>2026-05-24T01:11:08Z</time>
      </trkpt>
      <trkpt lat="34.0917327" lon="-111.4543053"><ele>1783</ele>
        <time>2026-05-24T01:11:12Z</time>
      </trkpt>
      <trkpt lat="34.0918198" lon="-111.4542798"><ele>1783</ele>
        <time>2026-05-24T01:11:19Z</time>
      </trkpt>
      <trkpt lat="34.0919277" lon="-111.4542249"><ele>1783</ele>
        <time>2026-05-24T01:11:27Z</time>
      </trkpt>
      <trkpt lat="34.0919715" lon="-111.454179"><ele>1782</ele>
        <time>2026-05-24T01:11:31Z</time>
      </trkpt>
      <trkpt lat="34.0920016" lon="-111.4541258"><ele>1782</ele>
        <time>2026-05-24T01:11:35Z</time>
      </trkpt>
      <trkpt lat="34.0920695" lon="-111.4539339"><ele>1782</ele>
        <time>2026-05-24T01:11:47Z</time>
      </trkpt>
      <trkpt lat="34.0920811" lon="-111.4538706"><ele>1781</ele>
        <time>2026-05-24T01:11:51Z</time>
      </trkpt>
      <trkpt lat="34.0920745" lon="-111.4538059"><ele>1781</ele>
        <time>2026-05-24T01:11:55Z</time>
      </trkpt>
      <trkpt lat="34.0920792" lon="-111.4537621"><ele>1781</ele>
        <time>2026-05-24T01:11:59Z</time>
      </trkpt>
      <trkpt lat="34.0920687" lon="-111.4536969"><ele>1781</ele>
        <time>2026-05-24T01:12:03Z</time>
      </trkpt>
      <trkpt lat="34.092076" lon="-111.4536354"><ele>1781</ele>
        <time>2026-05-24T01:12:07Z</time>
      </trkpt>
      <trkpt lat="34.0920803" lon="-111.4535151"><ele>1782</ele>
        <time>2026-05-24T01:12:15Z</time>
      </trkpt>
      <trkpt lat="34.0920754" lon="-111.4535291"><ele>1782</ele>
        <time>2026-05-24T01:12:19Z</time>
      </trkpt>
      <trkpt lat="34.0920738" lon="-111.4535034"><ele>1782</ele>
        <time>2026-05-24T01:12:28Z</time>
      </trkpt>
      <trkpt lat="34.0920794" lon="-111.4535202"><ele>1782</ele>
        <time>2026-05-24T01:12:36Z</time>
      </trkpt>
      <trkpt lat="34.0920847" lon="-111.4535102"><ele>1783</ele>
        <time>2026-05-24T01:12:48Z</time>
      </trkpt>
      <trkpt lat="34.0920909" lon="-111.453517"><ele>1783</ele>
        <time>2026-05-24T01:13:05Z</time>
      </trkpt>
      <trkpt lat="34.0920835" lon="-111.4535072"><ele>1783</ele>
        <time>2026-05-24T01:13:17Z</time>
      </trkpt>
      <trkpt lat="34.0920786" lon="-111.4534861"><ele>1783</ele>
        <time>2026-05-24T01:13:21Z</time>
      </trkpt>
      <trkpt lat="34.0920949" lon="-111.453397"><ele>1783</ele>
        <time>2026-05-24T01:13:29Z</time>
      </trkpt>
      <trkpt lat="34.0921253" lon="-111.4533472"><ele>1783</ele>
        <time>2026-05-24T01:13:33Z</time>
      </trkpt>
      <trkpt lat="34.0921293" lon="-111.453307"><ele>1783</ele>
        <time>2026-05-24T01:13:37Z</time>
      </trkpt>
      <trkpt lat="34.0920865" lon="-111.4532098"><ele>1783</ele>
        <time>2026-05-24T01:13:45Z</time>
      </trkpt>
      <trkpt lat="34.0920612" lon="-111.4531714"><ele>1783</ele>
        <time>2026-05-24T01:13:49Z</time>
      </trkpt>
      <trkpt lat="34.0920189" lon="-111.4531298"><ele>1783</ele>
        <time>2026-05-24T01:13:53Z</time>
      </trkpt>
      <trkpt lat="34.0919055" lon="-111.4530728"><ele>1783</ele>
        <time>2026-05-24T01:14:05Z</time>
      </trkpt>
      <trkpt lat="34.0918643" lon="-111.453015"><ele>1783</ele>
        <time>2026-05-24T01:14:31Z</time>
      </trkpt>
      <trkpt lat="34.0918116" lon="-111.4530128"><ele>1782</ele>
        <time>2026-05-24T01:14:35Z</time>
      </trkpt>
      <trkpt lat="34.0917736" lon="-111.4529948"><ele>1781</ele>
        <time>2026-05-24T01:14:39Z</time>
      </trkpt>
      <trkpt lat="34.091735" lon="-111.4530004"><ele>1781</ele>
        <time>2026-05-24T01:14:43Z</time>
      </trkpt>
      <trkpt lat="34.0916898" lon="-111.4529724"><ele>1781</ele>
        <time>2026-05-24T01:14:47Z</time>
      </trkpt>
      <trkpt lat="34.0915924" lon="-111.4529302"><ele>1780</ele>
        <time>2026-05-24T01:14:55Z</time>
      </trkpt>
      <trkpt lat="34.0915465" lon="-111.4529197"><ele>1780</ele>
        <time>2026-05-24T01:14:59Z</time>
      </trkpt>
      <trkpt lat="34.0914605" lon="-111.4529127"><ele>1780</ele>
        <time>2026-05-24T01:15:07Z</time>
      </trkpt>
      <trkpt lat="34.0914205" lon="-111.4529029"><ele>1779</ele>
        <time>2026-05-24T01:15:11Z</time>
      </trkpt>
      <trkpt lat="34.0913776" lon="-111.4528767"><ele>1779</ele>
        <time>2026-05-24T01:15:15Z</time>
      </trkpt>
      <trkpt lat="34.0912397" lon="-111.4528134"><ele>1780</ele>
        <time>2026-05-24T01:15:27Z</time>
      </trkpt>
      <trkpt lat="34.0911768" lon="-111.4528004"><ele>1779</ele>
        <time>2026-05-24T01:15:32Z</time>
      </trkpt>
      <trkpt lat="34.0909361" lon="-111.4527209"><ele>1777</ele>
        <time>2026-05-24T01:15:52Z</time>
      </trkpt>
      <trkpt lat="34.090872" lon="-111.4527204"><ele>1777</ele>
        <time>2026-05-24T01:15:57Z</time>
      </trkpt>
      <trkpt lat="34.0907062" lon="-111.4527337"><ele>1776</ele>
        <time>2026-05-24T01:16:12Z</time>
      </trkpt>
      <trkpt lat="34.0905768" lon="-111.4526794"><ele>1774</ele>
        <time>2026-05-24T01:16:23Z</time>
      </trkpt>
      <trkpt lat="34.0904799" lon="-111.452591"><ele>1772</ele>
        <time>2026-05-24T01:16:35Z</time>
      </trkpt>
      <trkpt lat="34.090417" lon="-111.4525134"><ele>1771</ele>
        <time>2026-05-24T01:16:43Z</time>
      </trkpt>
      <trkpt lat="34.0903541" lon="-111.4524465"><ele>1770</ele>
        <time>2026-05-24T01:16:51Z</time>
      </trkpt>
      <trkpt lat="34.0902943" lon="-111.4523531"><ele>1769</ele>
        <time>2026-05-24T01:16:59Z</time>
      </trkpt>
      <trkpt lat="34.090225" lon="-111.4522595"><ele>1768</ele>
        <time>2026-05-24T01:17:07Z</time>
      </trkpt>
      <trkpt lat="34.0901902" lon="-111.452227"><ele>1768</ele>
        <time>2026-05-24T01:17:11Z</time>
      </trkpt>
      <trkpt lat="34.090146" lon="-111.4521968"><ele>1767</ele>
        <time>2026-05-24T01:17:15Z</time>
      </trkpt>
      <trkpt lat="34.0900956" lon="-111.4521736"><ele>1766</ele>
        <time>2026-05-24T01:17:20Z</time>
      </trkpt>
      <trkpt lat="34.0900465" lon="-111.4521835"><ele>1766</ele>
        <time>2026-05-24T01:17:24Z</time>
      </trkpt>
      <trkpt lat="34.0900122" lon="-111.4521771"><ele>1765</ele>
        <time>2026-05-24T01:17:28Z</time>
      </trkpt>
      <trkpt lat="34.0898504" lon="-111.4522067"><ele>1762</ele>
        <time>2026-05-24T01:17:44Z</time>
      </trkpt>
      <trkpt lat="34.0897214" lon="-111.4522768"><ele>1760</ele>
        <time>2026-05-24T01:17:56Z</time>
      </trkpt>
      <trkpt lat="34.0896442" lon="-111.4522945"><ele>1759</ele>
        <time>2026-05-24T01:18:04Z</time>
      </trkpt>
      <trkpt lat="34.0895639" lon="-111.4523291"><ele>1758</ele>
        <time>2026-05-24T01:18:12Z</time>
      </trkpt>
      <trkpt lat="34.0894646" lon="-111.4523847"><ele>1757</ele>
        <time>2026-05-24T01:18:24Z</time>
      </trkpt>
      <trkpt lat="34.0894638" lon="-111.4523928"><ele>1757</ele>
        <time>2026-05-24T01:18:29Z</time>
      </trkpt>
      <trkpt lat="34.0894568" lon="-111.452395"><ele>1758</ele>
        <time>2026-05-24T01:18:33Z</time>
      </trkpt>
      <trkpt lat="34.0894596" lon="-111.4523923"><ele>1758</ele>
        <time>2026-05-24T01:18:41Z</time>
      </trkpt>
      <trkpt lat="34.0894524" lon="-111.4523795"><ele>1758</ele>
        <time>2026-05-24T01:19:01Z</time>
      </trkpt>
      <trkpt lat="34.0894524" lon="-111.452385"><ele>1758</ele>
        <time>2026-05-24T01:19:05Z</time>
      </trkpt>
      <trkpt lat="34.089424" lon="-111.4523984"><ele>1758</ele>
        <time>2026-05-24T01:19:09Z</time>
      </trkpt>
      <trkpt lat="34.0894057" lon="-111.452423"><ele>1758</ele>
        <time>2026-05-24T01:19:13Z</time>
      </trkpt>
      <trkpt lat="34.0893148" lon="-111.4524571"><ele>1757</ele>
        <time>2026-05-24T01:19:21Z</time>
      </trkpt>
      <trkpt lat="34.0892423" lon="-111.4524761"><ele>1756</ele>
        <time>2026-05-24T01:19:29Z</time>
      </trkpt>
      <trkpt lat="34.0891998" lon="-111.4524952"><ele>1755</ele>
        <time>2026-05-24T01:19:33Z</time>
      </trkpt>
      <trkpt lat="34.0890716" lon="-111.4525283"><ele>1754</ele>
        <time>2026-05-24T01:19:45Z</time>
      </trkpt>
      <trkpt lat="34.0890206" lon="-111.4525289"><ele>1753</ele>
        <time>2026-05-24T01:19:49Z</time>
      </trkpt>
      <trkpt lat="34.088924" lon="-111.4525957"><ele>1752</ele>
        <time>2026-05-24T01:19:58Z</time>
      </trkpt>
      <trkpt lat="34.0888129" lon="-111.4526219"><ele>1750</ele>
        <time>2026-05-24T01:20:08Z</time>
      </trkpt>
      <trkpt lat="34.0887433" lon="-111.4526765"><ele>1749</ele>
        <time>2026-05-24T01:20:18Z</time>
      </trkpt>
      <trkpt lat="34.0886811" lon="-111.4527371"><ele>1749</ele>
        <time>2026-05-24T01:20:28Z</time>
      </trkpt>
      <trkpt lat="34.0886249" lon="-111.452769"><ele>1748</ele>
        <time>2026-05-24T01:20:33Z</time>
      </trkpt>
      <trkpt lat="34.0885959" lon="-111.452797"><ele>1747</ele>
        <time>2026-05-24T01:20:38Z</time>
      </trkpt>
      <trkpt lat="34.088536" lon="-111.4528161"><ele>1747</ele>
        <time>2026-05-24T01:20:43Z</time>
      </trkpt>
      <trkpt lat="34.0884074" lon="-111.4528942"><ele>1746</ele>
        <time>2026-05-24T01:20:58Z</time>
      </trkpt>
      <trkpt lat="34.0883657" lon="-111.452927"><ele>1746</ele>
        <time>2026-05-24T01:21:03Z</time>
      </trkpt>
      <trkpt lat="34.0882702" lon="-111.4529656"><ele>1745</ele>
        <time>2026-05-24T01:21:13Z</time>
      </trkpt>
      <trkpt lat="34.0882433" lon="-111.4529897"><ele>1745</ele>
        <time>2026-05-24T01:21:17Z</time>
      </trkpt>
      <trkpt lat="34.0881812" lon="-111.4530178"><ele>1744</ele>
        <time>2026-05-24T01:21:25Z</time>
      </trkpt>
      <trkpt lat="34.0881281" lon="-111.4530593"><ele>1742</ele>
        <time>2026-05-24T01:21:33Z</time>
      </trkpt>
      <trkpt lat="34.0880948" lon="-111.4530714"><ele>1742</ele>
        <time>2026-05-24T01:21:37Z</time>
      </trkpt>
      <trkpt lat="34.0879737" lon="-111.4530895"><ele>1740</ele>
        <time>2026-05-24T01:21:53Z</time>
      </trkpt>
      <trkpt lat="34.0878443" lon="-111.4530501"><ele>1737</ele>
        <time>2026-05-24T01:22:05Z</time>
      </trkpt>
      <trkpt lat="34.0877776" lon="-111.4530244"><ele>1736</ele>
        <time>2026-05-24T01:22:13Z</time>
      </trkpt>
      <trkpt lat="34.087711" lon="-111.453021"><ele>1736</ele>
        <time>2026-05-24T01:22:21Z</time>
      </trkpt>
      <trkpt lat="34.087677" lon="-111.4530039"><ele>1735</ele>
        <time>2026-05-24T01:22:25Z</time>
      </trkpt>
      <trkpt lat="34.0876434" lon="-111.4529982"><ele>1735</ele>
        <time>2026-05-24T01:22:29Z</time>
      </trkpt>
      <trkpt lat="34.0875645" lon="-111.4530005"><ele>1734</ele>
        <time>2026-05-24T01:22:37Z</time>
      </trkpt>
      <trkpt lat="34.0874435" lon="-111.4529576"><ele>1734</ele>
        <time>2026-05-24T01:22:49Z</time>
      </trkpt>
      <trkpt lat="34.0874157" lon="-111.4529522"><ele>1734</ele>
        <time>2026-05-24T01:22:53Z</time>
      </trkpt>
      <trkpt lat="34.0873923" lon="-111.4529247"><ele>1734</ele>
        <time>2026-05-24T01:22:57Z</time>
      </trkpt>
      <trkpt lat="34.0873707" lon="-111.4528881"><ele>1734</ele>
        <time>2026-05-24T01:23:01Z</time>
      </trkpt>
      <trkpt lat="34.0873788" lon="-111.4528073"><ele>1735</ele>
        <time>2026-05-24T01:23:09Z</time>
      </trkpt>
      <trkpt lat="34.0873997" lon="-111.4527499"><ele>1735</ele>
        <time>2026-05-24T01:23:13Z</time>
      </trkpt>
      <trkpt lat="34.0874351" lon="-111.4526999"><ele>1735</ele>
        <time>2026-05-24T01:23:17Z</time>
      </trkpt>
      <trkpt lat="34.087501" lon="-111.4525769"><ele>1735</ele>
        <time>2026-05-24T01:23:29Z</time>
      </trkpt>
      <trkpt lat="34.0875901" lon="-111.4525092"><ele>1735</ele>
        <time>2026-05-24T01:23:37Z</time>
      </trkpt>
      <trkpt lat="34.0876518" lon="-111.4524727"><ele>1733</ele>
        <time>2026-05-24T01:23:45Z</time>
      </trkpt>
      <trkpt lat="34.0876868" lon="-111.4524352"><ele>1733</ele>
        <time>2026-05-24T01:23:49Z</time>
      </trkpt>
      <trkpt lat="34.0877247" lon="-111.4524064"><ele>1733</ele>
        <time>2026-05-24T01:23:53Z</time>
      </trkpt>
      <trkpt lat="34.0877608" lon="-111.4523924"><ele>1732</ele>
        <time>2026-05-24T01:23:57Z</time>
      </trkpt>
      <trkpt lat="34.0877887" lon="-111.4523714"><ele>1731</ele>
        <time>2026-05-24T01:24:01Z</time>
      </trkpt>
      <trkpt lat="34.0878221" lon="-111.4523591"><ele>1731</ele>
        <time>2026-05-24T01:24:05Z</time>
      </trkpt>
      <trkpt lat="34.0878571" lon="-111.4523312"><ele>1730</ele>
        <time>2026-05-24T01:24:09Z</time>
      </trkpt>
      <trkpt lat="34.0878849" lon="-111.4522963"><ele>1727</ele>
        <time>2026-05-24T01:24:14Z</time>
      </trkpt>
      <trkpt lat="34.0879536" lon="-111.4521087"><ele>1726</ele>
        <time>2026-05-24T01:24:29Z</time>
      </trkpt>
      <trkpt lat="34.0879893" lon="-111.4520597"><ele>1725</ele>
        <time>2026-05-24T01:24:34Z</time>
      </trkpt>
      <trkpt lat="34.0880532" lon="-111.4519429"><ele>1722</ele>
        <time>2026-05-24T01:24:44Z</time>
      </trkpt>
      <trkpt lat="34.0881932" lon="-111.4517669"><ele>1720</ele>
        <time>2026-05-24T01:25:04Z</time>
      </trkpt>
      <trkpt lat="34.0882277" lon="-111.4517127"><ele>1719</ele>
        <time>2026-05-24T01:25:09Z</time>
      </trkpt>
      <trkpt lat="34.0882716" lon="-111.4516595"><ele>1718</ele>
        <time>2026-05-24T01:25:14Z</time>
      </trkpt>
      <trkpt lat="34.0883221" lon="-111.451624"><ele>1717</ele>
        <time>2026-05-24T01:25:19Z</time>
      </trkpt>
      <trkpt lat="34.0883426" lon="-111.4515747"><ele>1717</ele>
        <time>2026-05-24T01:25:24Z</time>
      </trkpt>
      <trkpt lat="34.0883881" lon="-111.4515369"><ele>1716</ele>
        <time>2026-05-24T01:25:29Z</time>
      </trkpt>
      <trkpt lat="34.088425" lon="-111.45153"><ele>1714</ele>
        <time>2026-05-24T01:25:34Z</time>
      </trkpt>
      <trkpt lat="34.0884419" lon="-111.4514757"><ele>1714</ele>
        <time>2026-05-24T01:25:39Z</time>
      </trkpt>
      <trkpt lat="34.088454" lon="-111.451408"><ele>1713</ele>
        <time>2026-05-24T01:25:44Z</time>
      </trkpt>
      <trkpt lat="34.0885053" lon="-111.4512751"><ele>1712</ele>
        <time>2026-05-24T01:25:54Z</time>
      </trkpt>
      <trkpt lat="34.0885366" lon="-111.4512195"><ele>1710</ele>
        <time>2026-05-24T01:25:59Z</time>
      </trkpt>
      <trkpt lat="34.0885566" lon="-111.4511487"><ele>1711</ele>
        <time>2026-05-24T01:26:04Z</time>
      </trkpt>
      <trkpt lat="34.0885853" lon="-111.4511051"><ele>1710</ele>
        <time>2026-05-24T01:26:09Z</time>
      </trkpt>
      <trkpt lat="34.0885971" lon="-111.4510348"><ele>1708</ele>
        <time>2026-05-24T01:26:14Z</time>
      </trkpt>
      <trkpt lat="34.0886134" lon="-111.4509773"><ele>1708</ele>
        <time>2026-05-24T01:26:19Z</time>
      </trkpt>
      <trkpt lat="34.0886003" lon="-111.4509247"><ele>1707</ele>
        <time>2026-05-24T01:26:23Z</time>
      </trkpt>
      <trkpt lat="34.088597" lon="-111.4508777"><ele>1706</ele>
        <time>2026-05-24T01:26:27Z</time>
      </trkpt>
      <trkpt lat="34.0885616" lon="-111.4507766"><ele>1704</ele>
        <time>2026-05-24T01:26:35Z</time>
      </trkpt>
      <trkpt lat="34.0885691" lon="-111.4507179"><ele>1704</ele>
        <time>2026-05-24T01:26:39Z</time>
      </trkpt>
      <trkpt lat="34.0885582" lon="-111.4506597"><ele>1703</ele>
        <time>2026-05-24T01:26:43Z</time>
      </trkpt>
      <trkpt lat="34.0885344" lon="-111.4506197"><ele>1703</ele>
        <time>2026-05-24T01:26:47Z</time>
      </trkpt>
      <trkpt lat="34.0885221" lon="-111.4505163"><ele>1701</ele>
        <time>2026-05-24T01:26:55Z</time>
      </trkpt>
      <trkpt lat="34.0885219" lon="-111.4504607"><ele>1700</ele>
        <time>2026-05-24T01:26:59Z</time>
      </trkpt>
      <trkpt lat="34.088533" lon="-111.4504108"><ele>1699</ele>
        <time>2026-05-24T01:27:03Z</time>
      </trkpt>
      <trkpt lat="34.0885342" lon="-111.4503742"><ele>1699</ele>
        <time>2026-05-24T01:27:07Z</time>
      </trkpt>
      <trkpt lat="34.0885061" lon="-111.4503311"><ele>1698</ele>
        <time>2026-05-24T01:27:11Z</time>
      </trkpt>
      <trkpt lat="34.0884608" lon="-111.4502869"><ele>1698</ele>
        <time>2026-05-24T01:27:15Z</time>
      </trkpt>
      <trkpt lat="34.0884379" lon="-111.4502428"><ele>1698</ele>
        <time>2026-05-24T01:27:19Z</time>
      </trkpt>
      <trkpt lat="34.0883984" lon="-111.4501965"><ele>1698</ele>
        <time>2026-05-24T01:27:23Z</time>
      </trkpt>
      <trkpt lat="34.0883337" lon="-111.4501362"><ele>1698</ele>
        <time>2026-05-24T01:27:31Z</time>
      </trkpt>
      <trkpt lat="34.0882938" lon="-111.450111"><ele>1698</ele>
        <time>2026-05-24T01:27:35Z</time>
      </trkpt>
      <trkpt lat="34.088272" lon="-111.4500702"><ele>1698</ele>
        <time>2026-05-24T01:27:39Z</time>
      </trkpt>
      <trkpt lat="34.0882251" lon="-111.4500508"><ele>1698</ele>
        <time>2026-05-24T01:27:43Z</time>
      </trkpt>
      <trkpt lat="34.0881862" lon="-111.4500186"><ele>1698</ele>
        <time>2026-05-24T01:27:47Z</time>
      </trkpt>
      <trkpt lat="34.0881528" lon="-111.4500188"><ele>1698</ele>
        <time>2026-05-24T01:27:51Z</time>
      </trkpt>
      <trkpt lat="34.0880549" lon="-111.4499761"><ele>1697</ele>
        <time>2026-05-24T01:27:59Z</time>
      </trkpt>
      <trkpt lat="34.0880138" lon="-111.4499535"><ele>1697</ele>
        <time>2026-05-24T01:28:03Z</time>
      </trkpt>
      <trkpt lat="34.0879515" lon="-111.4499086"><ele>1697</ele>
        <time>2026-05-24T01:28:11Z</time>
      </trkpt>
      <trkpt lat="34.0879087" lon="-111.4498917"><ele>1696</ele>
        <time>2026-05-24T01:28:15Z</time>
      </trkpt>
      <trkpt lat="34.0878435" lon="-111.4498142"><ele>1696</ele>
        <time>2026-05-24T01:28:28Z</time>
      </trkpt>
      <trkpt lat="34.0878284" lon="-111.4497877"><ele>1695</ele>
        <time>2026-05-24T01:28:33Z</time>
      </trkpt>
      <trkpt lat="34.0878231" lon="-111.4497453"><ele>1695</ele>
        <time>2026-05-24T01:28:38Z</time>
      </trkpt>
      <trkpt lat="34.087855" lon="-111.4496802"><ele>1695</ele>
        <time>2026-05-24T01:28:43Z</time>
      </trkpt>
      <trkpt lat="34.0879218" lon="-111.4496523"><ele>1694</ele>
        <time>2026-05-24T01:28:53Z</time>
      </trkpt>
      <trkpt lat="34.0879826" lon="-111.4496416"><ele>1693</ele>
        <time>2026-05-24T01:28:58Z</time>
      </trkpt>
      <trkpt lat="34.0880401" lon="-111.4496414"><ele>1693</ele>
        <time>2026-05-24T01:29:03Z</time>
      </trkpt>
      <trkpt lat="34.0880863" lon="-111.4496324"><ele>1692</ele>
        <time>2026-05-24T01:29:08Z</time>
      </trkpt>
      <trkpt lat="34.0881341" lon="-111.449633"><ele>1691</ele>
        <time>2026-05-24T01:29:13Z</time>
      </trkpt>
      <trkpt lat="34.0881865" lon="-111.4496122"><ele>1691</ele>
        <time>2026-05-24T01:29:18Z</time>
      </trkpt>
      <trkpt lat="34.0882125" lon="-111.4496127"><ele>1690</ele>
        <time>2026-05-24T01:29:23Z</time>
      </trkpt>
      <trkpt lat="34.0882418" lon="-111.4495932"><ele>1690</ele>
        <time>2026-05-24T01:29:28Z</time>
      </trkpt>
      <trkpt lat="34.0883406" lon="-111.4495843"><ele>1689</ele>
        <time>2026-05-24T01:29:38Z</time>
      </trkpt>
      <trkpt lat="34.0883794" lon="-111.4495651"><ele>1689</ele>
        <time>2026-05-24T01:29:43Z</time>
      </trkpt>
      <trkpt lat="34.0884855" lon="-111.4495464"><ele>1689</ele>
        <time>2026-05-24T01:29:53Z</time>
      </trkpt>
      <trkpt lat="34.088534" lon="-111.4495079"><ele>1689</ele>
        <time>2026-05-24T01:29:58Z</time>
      </trkpt>
      <trkpt lat="34.0885955" lon="-111.4494855"><ele>1689</ele>
        <time>2026-05-24T01:30:03Z</time>
      </trkpt>
      <trkpt lat="34.0886422" lon="-111.4494308"><ele>1689</ele>
        <time>2026-05-24T01:30:08Z</time>
      </trkpt>
      <trkpt lat="34.0887099" lon="-111.4493244"><ele>1689</ele>
        <time>2026-05-24T01:30:18Z</time>
      </trkpt>
      <trkpt lat="34.0887487" lon="-111.4491877"><ele>1689</ele>
        <time>2026-05-24T01:30:28Z</time>
      </trkpt>
      <trkpt lat="34.088732" lon="-111.4491297"><ele>1689</ele>
        <time>2026-05-24T01:30:33Z</time>
      </trkpt>
      <trkpt lat="34.088705" lon="-111.4491025"><ele>1689</ele>
        <time>2026-05-24T01:30:38Z</time>
      </trkpt>
      <trkpt lat="34.0886426" lon="-111.4490139"><ele>1690</ele>
        <time>2026-05-24T01:30:48Z</time>
      </trkpt>
      <trkpt lat="34.0886017" lon="-111.4489009"><ele>1687</ele>
        <time>2026-05-24T01:30:58Z</time>
      </trkpt>
      <trkpt lat="34.088595" lon="-111.4487978"><ele>1685</ele>
        <time>2026-05-24T01:31:08Z</time>
      </trkpt>
      <trkpt lat="34.0885819" lon="-111.4487498"><ele>1685</ele>
        <time>2026-05-24T01:31:13Z</time>
      </trkpt>
      <trkpt lat="34.0885818" lon="-111.4486852"><ele>1687</ele>
        <time>2026-05-24T01:31:19Z</time>
      </trkpt>
      <trkpt lat="34.0885928" lon="-111.4485404"><ele>1682</ele>
        <time>2026-05-24T01:31:35Z</time>
      </trkpt>
      <trkpt lat="34.0885998" lon="-111.4485063"><ele>1681</ele>
        <time>2026-05-24T01:31:39Z</time>
      </trkpt>
      <trkpt lat="34.0886005" lon="-111.44844"><ele>1680</ele>
        <time>2026-05-24T01:31:47Z</time>
      </trkpt>
      <trkpt lat="34.0886129" lon="-111.4484062"><ele>1679</ele>
        <time>2026-05-24T01:31:51Z</time>
      </trkpt>
      <trkpt lat="34.0885985" lon="-111.448367"><ele>1677</ele>
        <time>2026-05-24T01:31:55Z</time>
      </trkpt>
      <trkpt lat="34.0885933" lon="-111.4482029"><ele>1675</ele>
        <time>2026-05-24T01:32:11Z</time>
      </trkpt>
      <trkpt lat="34.0885826" lon="-111.4481697"><ele>1674</ele>
        <time>2026-05-24T01:32:15Z</time>
      </trkpt>
      <trkpt lat="34.0885916" lon="-111.4480301"><ele>1673</ele>
        <time>2026-05-24T01:32:27Z</time>
      </trkpt>
      <trkpt lat="34.0885303" lon="-111.4478"><ele>1671</ele>
        <time>2026-05-24T01:32:46Z</time>
      </trkpt>
      <trkpt lat="34.0885407" lon="-111.4477425"><ele>1670</ele>
        <time>2026-05-24T01:32:51Z</time>
      </trkpt>
      <trkpt lat="34.0885247" lon="-111.44763"><ele>1668</ele>
        <time>2026-05-24T01:33:01Z</time>
      </trkpt>
      <trkpt lat="34.0884943" lon="-111.4475844"><ele>1667</ele>
        <time>2026-05-24T01:33:06Z</time>
      </trkpt>
      <trkpt lat="34.0884946" lon="-111.4474586"><ele>1666</ele>
        <time>2026-05-24T01:33:16Z</time>
      </trkpt>
      <trkpt lat="34.0884723" lon="-111.4473212"><ele>1665</ele>
        <time>2026-05-24T01:33:26Z</time>
      </trkpt>
      <trkpt lat="34.0884553" lon="-111.4472636"><ele>1664</ele>
        <time>2026-05-24T01:33:31Z</time>
      </trkpt>
      <trkpt lat="34.0884109" lon="-111.4472019"><ele>1663</ele>
        <time>2026-05-24T01:33:36Z</time>
      </trkpt>
      <trkpt lat="34.0883472" lon="-111.4470695"><ele>1662</ele>
        <time>2026-05-24T01:33:46Z</time>
      </trkpt>
      <trkpt lat="34.0883201" lon="-111.446987"><ele>1662</ele>
        <time>2026-05-24T01:33:51Z</time>
      </trkpt>
      <trkpt lat="34.0883013" lon="-111.4467928"><ele>1661</ele>
        <time>2026-05-24T01:34:06Z</time>
      </trkpt>
      <trkpt lat="34.0883176" lon="-111.4467447"><ele>1658</ele>
        <time>2026-05-24T01:34:11Z</time>
      </trkpt>
      <trkpt lat="34.0884326" lon="-111.44651"><ele>1654</ele>
        <time>2026-05-24T01:34:31Z</time>
      </trkpt>
      <trkpt lat="34.088477" lon="-111.4464795"><ele>1653</ele>
        <time>2026-05-24T01:34:36Z</time>
      </trkpt>
      <trkpt lat="34.0885149" lon="-111.4464607"><ele>1651</ele>
        <time>2026-05-24T01:34:41Z</time>
      </trkpt>
      <trkpt lat="34.0885429" lon="-111.4464618"><ele>1650</ele>
        <time>2026-05-24T01:34:46Z</time>
      </trkpt>
      <trkpt lat="34.0885908" lon="-111.4464379"><ele>1649</ele>
        <time>2026-05-24T01:34:51Z</time>
      </trkpt>
      <trkpt lat="34.0886194" lon="-111.4463957"><ele>1649</ele>
        <time>2026-05-24T01:34:56Z</time>
      </trkpt>
      <trkpt lat="34.088551" lon="-111.4463385"><ele>1646</ele>
        <time>2026-05-24T01:35:06Z</time>
      </trkpt>
      <trkpt lat="34.0884594" lon="-111.446311"><ele>1645</ele>
        <time>2026-05-24T01:35:16Z</time>
      </trkpt>
      <trkpt lat="34.0884233" lon="-111.4463072"><ele>1645</ele>
        <time>2026-05-24T01:35:21Z</time>
      </trkpt>
      <trkpt lat="34.0883839" lon="-111.4463226"><ele>1644</ele>
        <time>2026-05-24T01:35:34Z</time>
      </trkpt>
      <trkpt lat="34.0883267" lon="-111.4463115"><ele>1644</ele>
        <time>2026-05-24T01:35:39Z</time>
      </trkpt>
      <trkpt lat="34.088287" lon="-111.4462956"><ele>1643</ele>
        <time>2026-05-24T01:35:44Z</time>
      </trkpt>
      <trkpt lat="34.0880821" lon="-111.4462844"><ele>1643</ele>
        <time>2026-05-24T01:36:04Z</time>
      </trkpt>
      <trkpt lat="34.0879892" lon="-111.4462995"><ele>1642</ele>
        <time>2026-05-24T01:36:14Z</time>
      </trkpt>
      <trkpt lat="34.0879454" lon="-111.4462731"><ele>1642</ele>
        <time>2026-05-24T01:36:20Z</time>
      </trkpt>
      <trkpt lat="34.0879146" lon="-111.4462422"><ele>1642</ele>
        <time>2026-05-24T01:36:24Z</time>
      </trkpt>
      <trkpt lat="34.0878767" lon="-111.4462138"><ele>1641</ele>
        <time>2026-05-24T01:36:28Z</time>
      </trkpt>
      <trkpt lat="34.0878604" lon="-111.4461763"><ele>1640</ele>
        <time>2026-05-24T01:36:32Z</time>
      </trkpt>
      <trkpt lat="34.0878677" lon="-111.4460648"><ele>1638</ele>
        <time>2026-05-24T01:36:43Z</time>
      </trkpt>
      <trkpt lat="34.0878865" lon="-111.4460138"><ele>1637</ele>
        <time>2026-05-24T01:36:47Z</time>
      </trkpt>
      <trkpt lat="34.0879094" lon="-111.4459764"><ele>1636</ele>
        <time>2026-05-24T01:36:51Z</time>
      </trkpt>
      <trkpt lat="34.0879291" lon="-111.4459123"><ele>1634</ele>
        <time>2026-05-24T01:36:55Z</time>
      </trkpt>
      <trkpt lat="34.0879223" lon="-111.4458698"><ele>1633</ele>
        <time>2026-05-24T01:36:59Z</time>
      </trkpt>
      <trkpt lat="34.0879317" lon="-111.4458388"><ele>1633</ele>
        <time>2026-05-24T01:37:03Z</time>
      </trkpt>
      <trkpt lat="34.0879074" lon="-111.4457679"><ele>1632</ele>
        <time>2026-05-24T01:37:11Z</time>
      </trkpt>
      <trkpt lat="34.0879019" lon="-111.4457168"><ele>1630</ele>
        <time>2026-05-24T01:37:16Z</time>
      </trkpt>
      <trkpt lat="34.0878861" lon="-111.4456768"><ele>1629</ele>
        <time>2026-05-24T01:37:21Z</time>
      </trkpt>
      <trkpt lat="34.0879343" lon="-111.4456611"><ele>1627</ele>
        <time>2026-05-24T01:37:31Z</time>
      </trkpt>
      <trkpt lat="34.0879213" lon="-111.4455754"><ele>1625</ele>
        <time>2026-05-24T01:37:41Z</time>
      </trkpt>
      <trkpt lat="34.0879228" lon="-111.4454824"><ele>1622</ele>
        <time>2026-05-24T01:37:51Z</time>
      </trkpt>
      <trkpt lat="34.0878723" lon="-111.4453495"><ele>1620</ele>
        <time>2026-05-24T01:38:01Z</time>
      </trkpt>
      <trkpt lat="34.0878574" lon="-111.4452765"><ele>1619</ele>
        <time>2026-05-24T01:38:06Z</time>
      </trkpt>
      <trkpt lat="34.0878359" lon="-111.4452445"><ele>1619</ele>
        <time>2026-05-24T01:38:11Z</time>
      </trkpt>
      <trkpt lat="34.08782" lon="-111.4452007"><ele>1618</ele>
        <time>2026-05-24T01:38:16Z</time>
      </trkpt>
      <trkpt lat="34.0878031" lon="-111.4451329"><ele>1617</ele>
        <time>2026-05-24T01:38:21Z</time>
      </trkpt>
      <trkpt lat="34.087836" lon="-111.4449193"><ele>1613</ele>
        <time>2026-05-24T01:38:41Z</time>
      </trkpt>
      <trkpt lat="34.0878712" lon="-111.4448467"><ele>1613</ele>
        <time>2026-05-24T01:38:51Z</time>
      </trkpt>
      <trkpt lat="34.0878856" lon="-111.4447733"><ele>1612</ele>
        <time>2026-05-24T01:38:56Z</time>
      </trkpt>
      <trkpt lat="34.0879418" lon="-111.4447179"><ele>1611</ele>
        <time>2026-05-24T01:39:01Z</time>
      </trkpt>
      <trkpt lat="34.0879863" lon="-111.4446902"><ele>1610</ele>
        <time>2026-05-24T01:39:06Z</time>
      </trkpt>
      <trkpt lat="34.0881213" lon="-111.4446845"><ele>1606</ele>
        <time>2026-05-24T01:39:21Z</time>
      </trkpt>
      <trkpt lat="34.0881697" lon="-111.4446907"><ele>1604</ele>
        <time>2026-05-24T01:39:26Z</time>
      </trkpt>
      <trkpt lat="34.0883038" lon="-111.4446368"><ele>1601</ele>
        <time>2026-05-24T01:39:41Z</time>
      </trkpt>
      <trkpt lat="34.0883618" lon="-111.4445765"><ele>1601</ele>
        <time>2026-05-24T01:39:51Z</time>
      </trkpt>
      <trkpt lat="34.0884012" lon="-111.4445591"><ele>1599</ele>
        <time>2026-05-24T01:39:56Z</time>
      </trkpt>
      <trkpt lat="34.088432" lon="-111.4445728"><ele>1599</ele>
        <time>2026-05-24T01:40:01Z</time>
      </trkpt>
      <trkpt lat="34.0884956" lon="-111.4445687"><ele>1599</ele>
        <time>2026-05-24T01:40:06Z</time>
      </trkpt>
      <trkpt lat="34.0885629" lon="-111.4445168"><ele>1598</ele>
        <time>2026-05-24T01:40:16Z</time>
      </trkpt>
      <trkpt lat="34.0885967" lon="-111.4444682"><ele>1598</ele>
        <time>2026-05-24T01:40:21Z</time>
      </trkpt>
      <trkpt lat="34.0886422" lon="-111.4444221"><ele>1598</ele>
        <time>2026-05-24T01:40:26Z</time>
      </trkpt>
      <trkpt lat="34.0886941" lon="-111.4443811"><ele>1598</ele>
        <time>2026-05-24T01:40:31Z</time>
      </trkpt>
      <trkpt lat="34.0887144" lon="-111.4442702"><ele>1598</ele>
        <time>2026-05-24T01:40:41Z</time>
      </trkpt>
      <trkpt lat="34.0887213" lon="-111.4441804"><ele>1597</ele>
        <time>2026-05-24T01:40:46Z</time>
      </trkpt>
      <trkpt lat="34.0887493" lon="-111.4441363"><ele>1597</ele>
        <time>2026-05-24T01:40:51Z</time>
      </trkpt>
      <trkpt lat="34.0887504" lon="-111.4440476"><ele>1597</ele>
        <time>2026-05-24T01:40:56Z</time>
      </trkpt>
      <trkpt lat="34.0887422" lon="-111.4439985"><ele>1597</ele>
        <time>2026-05-24T01:41:01Z</time>
      </trkpt>
      <trkpt lat="34.0887448" lon="-111.4439261"><ele>1596</ele>
        <time>2026-05-24T01:41:06Z</time>
      </trkpt>
      <trkpt lat="34.0887636" lon="-111.443883"><ele>1595</ele>
        <time>2026-05-24T01:41:11Z</time>
      </trkpt>
      <trkpt lat="34.0887953" lon="-111.4438309"><ele>1594</ele>
        <time>2026-05-24T01:41:16Z</time>
      </trkpt>
      <trkpt lat="34.0888413" lon="-111.443691"><ele>1591</ele>
        <time>2026-05-24T01:41:28Z</time>
      </trkpt>
      <trkpt lat="34.0889145" lon="-111.4435521"><ele>1589</ele>
        <time>2026-05-24T01:41:43Z</time>
      </trkpt>
      <trkpt lat="34.0889849" lon="-111.4434671"><ele>1588</ele>
        <time>2026-05-24T01:41:53Z</time>
      </trkpt>
      <trkpt lat="34.0890224" lon="-111.4434388"><ele>1587</ele>
        <time>2026-05-24T01:41:58Z</time>
      </trkpt>
      <trkpt lat="34.0891333" lon="-111.4434487"><ele>1586</ele>
        <time>2026-05-24T01:42:08Z</time>
      </trkpt>
      <trkpt lat="34.0891779" lon="-111.4434443"><ele>1582</ele>
        <time>2026-05-24T01:42:13Z</time>
      </trkpt>
      <trkpt lat="34.0892237" lon="-111.4434278"><ele>1580</ele>
        <time>2026-05-24T01:42:18Z</time>
      </trkpt>
      <trkpt lat="34.089303" lon="-111.4434129"><ele>1578</ele>
        <time>2026-05-24T01:42:28Z</time>
      </trkpt>
      <trkpt lat="34.0893591" lon="-111.443382"><ele>1577</ele>
        <time>2026-05-24T01:42:33Z</time>
      </trkpt>
      <trkpt lat="34.0893859" lon="-111.4433605"><ele>1576</ele>
        <time>2026-05-24T01:42:38Z</time>
      </trkpt>
      <trkpt lat="34.08943" lon="-111.4433675"><ele>1574</ele>
        <time>2026-05-24T01:42:43Z</time>
      </trkpt>
      <trkpt lat="34.0894857" lon="-111.4433493"><ele>1573</ele>
        <time>2026-05-24T01:42:48Z</time>
      </trkpt>
      <trkpt lat="34.089529" lon="-111.4433589"><ele>1572</ele>
        <time>2026-05-24T01:42:53Z</time>
      </trkpt>
      <trkpt lat="34.0896147" lon="-111.4433576"><ele>1570</ele>
        <time>2026-05-24T01:43:03Z</time>
      </trkpt>
      <trkpt lat="34.0896799" lon="-111.4433353"><ele>1569</ele>
        <time>2026-05-24T01:43:13Z</time>
      </trkpt>
      <trkpt lat="34.0897336" lon="-111.4433496"><ele>1571</ele>
        <time>2026-05-24T01:43:18Z</time>
      </trkpt>
      <trkpt lat="34.089715" lon="-111.4433892"><ele>1570</ele>
        <time>2026-05-24T01:43:23Z</time>
      </trkpt>
      <trkpt lat="34.089588" lon="-111.4434777"><ele>1567</ele>
        <time>2026-05-24T01:43:38Z</time>
      </trkpt>
      <trkpt lat="34.0895259" lon="-111.4435069"><ele>1568</ele>
        <time>2026-05-24T01:43:43Z</time>
      </trkpt>
      <trkpt lat="34.0894149" lon="-111.4434838"><ele>1567</ele>
        <time>2026-05-24T01:43:53Z</time>
      </trkpt>
      <trkpt lat="34.0893917" lon="-111.443503"><ele>1564</ele>
        <time>2026-05-24T01:44:03Z</time>
      </trkpt>
      <trkpt lat="34.0893988" lon="-111.4435286"><ele>1564</ele>
        <time>2026-05-24T01:44:08Z</time>
      </trkpt>
      <trkpt lat="34.0894714" lon="-111.4435364"><ele>1563</ele>
        <time>2026-05-24T01:44:18Z</time>
      </trkpt>
      <trkpt lat="34.0895192" lon="-111.4435492"><ele>1562</ele>
        <time>2026-05-24T01:44:23Z</time>
      </trkpt>
      <trkpt lat="34.0896265" lon="-111.4435487"><ele>1561</ele>
        <time>2026-05-24T01:44:33Z</time>
      </trkpt>
      <trkpt lat="34.0896861" lon="-111.4435428"><ele>1561</ele>
        <time>2026-05-24T01:44:38Z</time>
      </trkpt>
      <trkpt lat="34.089771" lon="-111.4434861"><ele>1560</ele>
        <time>2026-05-24T01:44:48Z</time>
      </trkpt>
      <trkpt lat="34.0898237" lon="-111.4434734"><ele>1559</ele>
        <time>2026-05-24T01:44:53Z</time>
      </trkpt>
      <trkpt lat="34.0898766" lon="-111.4434747"><ele>1558</ele>
        <time>2026-05-24T01:44:58Z</time>
      </trkpt>
      <trkpt lat="34.0899534" lon="-111.4434974"><ele>1556</ele>
        <time>2026-05-24T01:45:08Z</time>
      </trkpt>
      <trkpt lat="34.0900343" lon="-111.4434984"><ele>1556</ele>
        <time>2026-05-24T01:45:18Z</time>
      </trkpt>
      <trkpt lat="34.090072" lon="-111.4434688"><ele>1554</ele>
        <time>2026-05-24T01:45:23Z</time>
      </trkpt>
      <trkpt lat="34.0901071" lon="-111.4434674"><ele>1553</ele>
        <time>2026-05-24T01:45:28Z</time>
      </trkpt>
      <trkpt lat="34.0902286" lon="-111.4433662"><ele>1549</ele>
        <time>2026-05-24T01:45:48Z</time>
      </trkpt>
      <trkpt lat="34.0903184" lon="-111.4433616"><ele>1547</ele>
        <time>2026-05-24T01:45:58Z</time>
      </trkpt>
      <trkpt lat="34.090363" lon="-111.4433238"><ele>1546</ele>
        <time>2026-05-24T01:46:03Z</time>
      </trkpt>
      <trkpt lat="34.0903987" lon="-111.4433275"><ele>1544</ele>
        <time>2026-05-24T01:46:08Z</time>
      </trkpt>
      <trkpt lat="34.0903806" lon="-111.4433637"><ele>1543</ele>
        <time>2026-05-24T01:46:13Z</time>
      </trkpt>
      <trkpt lat="34.0903163" lon="-111.4434279"><ele>1543</ele>
        <time>2026-05-24T01:46:22Z</time>
      </trkpt>
      <trkpt lat="34.0902751" lon="-111.4434599"><ele>1542</ele>
        <time>2026-05-24T01:46:27Z</time>
      </trkpt>
      <trkpt lat="34.0902427" lon="-111.4435143"><ele>1541</ele>
        <time>2026-05-24T01:46:32Z</time>
      </trkpt>
      <trkpt lat="34.0901922" lon="-111.4435575"><ele>1541</ele>
        <time>2026-05-24T01:46:37Z</time>
      </trkpt>
      <trkpt lat="34.090151" lon="-111.4436051"><ele>1541</ele>
        <time>2026-05-24T01:46:42Z</time>
      </trkpt>
      <trkpt lat="34.0901035" lon="-111.4436457"><ele>1541</ele>
        <time>2026-05-24T01:46:47Z</time>
      </trkpt>
      <trkpt lat="34.0900535" lon="-111.4437135"><ele>1541</ele>
        <time>2026-05-24T01:46:52Z</time>
      </trkpt>
      <trkpt lat="34.0899896" lon="-111.4437435"><ele>1541</ele>
        <time>2026-05-24T01:46:57Z</time>
      </trkpt>
      <trkpt lat="34.0898874" lon="-111.443827"><ele>1541</ele>
        <time>2026-05-24T01:47:07Z</time>
      </trkpt>
      <trkpt lat="34.0898209" lon="-111.4438509"><ele>1541</ele>
        <time>2026-05-24T01:47:12Z</time>
      </trkpt>
      <trkpt lat="34.089666" lon="-111.4439429"><ele>1540</ele>
        <time>2026-05-24T01:47:27Z</time>
      </trkpt>
      <trkpt lat="34.0896413" lon="-111.4439979"><ele>1540</ele>
        <time>2026-05-24T01:47:32Z</time>
      </trkpt>
      <trkpt lat="34.0895951" lon="-111.4440345"><ele>1540</ele>
        <time>2026-05-24T01:47:37Z</time>
      </trkpt>
      <trkpt lat="34.0895433" lon="-111.4441019"><ele>1540</ele>
        <time>2026-05-24T01:47:47Z</time>
      </trkpt>
      <trkpt lat="34.0895301" lon="-111.4442283"><ele>1539</ele>
        <time>2026-05-24T01:47:57Z</time>
      </trkpt>
      <trkpt lat="34.0895361" lon="-111.4442887"><ele>1538</ele>
        <time>2026-05-24T01:48:02Z</time>
      </trkpt>
      <trkpt lat="34.0895428" lon="-111.4443005"><ele>1538</ele>
        <time>2026-05-24T01:48:07Z</time>
      </trkpt>
      <trkpt lat="34.0895536" lon="-111.4442886"><ele>1537</ele>
        <time>2026-05-24T01:48:12Z</time>
      </trkpt>
      <trkpt lat="34.0895618" lon="-111.4442399"><ele>1538</ele>
        <time>2026-05-24T01:48:17Z</time>
      </trkpt>
      <trkpt lat="34.0896251" lon="-111.4441213"><ele>1537</ele>
        <time>2026-05-24T01:48:27Z</time>
      </trkpt>
      <trkpt lat="34.0896539" lon="-111.444077"><ele>1537</ele>
        <time>2026-05-24T01:48:32Z</time>
      </trkpt>
      <trkpt lat="34.0896922" lon="-111.4440385"><ele>1534</ele>
        <time>2026-05-24T01:48:37Z</time>
      </trkpt>
      <trkpt lat="34.0897362" lon="-111.4440368"><ele>1534</ele>
        <time>2026-05-24T01:48:42Z</time>
      </trkpt>
      <trkpt lat="34.0897881" lon="-111.4440226"><ele>1534</ele>
        <time>2026-05-24T01:48:47Z</time>
      </trkpt>
      <trkpt lat="34.0898285" lon="-111.4439985"><ele>1533</ele>
        <time>2026-05-24T01:48:52Z</time>
      </trkpt>
      <trkpt lat="34.0899246" lon="-111.4439772"><ele>1530</ele>
        <time>2026-05-24T01:49:02Z</time>
      </trkpt>
      <trkpt lat="34.0899589" lon="-111.4439756"><ele>1529</ele>
        <time>2026-05-24T01:49:07Z</time>
      </trkpt>
      <trkpt lat="34.0900123" lon="-111.4439557"><ele>1528</ele>
        <time>2026-05-24T01:49:12Z</time>
      </trkpt>
      <trkpt lat="34.0901139" lon="-111.4439324"><ele>1525</ele>
        <time>2026-05-24T01:49:22Z</time>
      </trkpt>
      <trkpt lat="34.0901661" lon="-111.4439255"><ele>1524</ele>
        <time>2026-05-24T01:49:27Z</time>
      </trkpt>
      <trkpt lat="34.0902782" lon="-111.4438666"><ele>1524</ele>
        <time>2026-05-24T01:49:37Z</time>
      </trkpt>
      <trkpt lat="34.090323" lon="-111.4438342"><ele>1524</ele>
        <time>2026-05-24T01:49:42Z</time>
      </trkpt>
      <trkpt lat="34.0904208" lon="-111.4437449"><ele>1522</ele>
        <time>2026-05-24T01:49:52Z</time>
      </trkpt>
      <trkpt lat="34.0904795" lon="-111.4437206"><ele>1522</ele>
        <time>2026-05-24T01:49:57Z</time>
      </trkpt>
      <trkpt lat="34.0905429" lon="-111.4437101"><ele>1521</ele>
        <time>2026-05-24T01:50:02Z</time>
      </trkpt>
      <trkpt lat="34.0905811" lon="-111.443682"><ele>1520</ele>
        <time>2026-05-24T01:50:07Z</time>
      </trkpt>
      <trkpt lat="34.0906881" lon="-111.4436463"><ele>1519</ele>
        <time>2026-05-24T01:50:17Z</time>
      </trkpt>
      <trkpt lat="34.0907429" lon="-111.4436137"><ele>1517</ele>
        <time>2026-05-24T01:50:22Z</time>
      </trkpt>
      <trkpt lat="34.0908231" lon="-111.4435865"><ele>1514</ele>
        <time>2026-05-24T01:50:32Z</time>
      </trkpt>
      <trkpt lat="34.0908723" lon="-111.4435546"><ele>1513</ele>
        <time>2026-05-24T01:50:37Z</time>
      </trkpt>
      <trkpt lat="34.0909389" lon="-111.4435414"><ele>1512</ele>
        <time>2026-05-24T01:50:42Z</time>
      </trkpt>
      <trkpt lat="34.0909874" lon="-111.4435181"><ele>1513</ele>
        <time>2026-05-24T01:50:47Z</time>
      </trkpt>
      <trkpt lat="34.0910284" lon="-111.4434865"><ele>1511</ele>
        <time>2026-05-24T01:50:52Z</time>
      </trkpt>
      <trkpt lat="34.0910793" lon="-111.4434783"><ele>1510</ele>
        <time>2026-05-24T01:50:57Z</time>
      </trkpt>
      <trkpt lat="34.0911303" lon="-111.443435"><ele>1507</ele>
        <time>2026-05-24T01:51:07Z</time>
      </trkpt>
      <trkpt lat="34.091162" lon="-111.4434292"><ele>1506</ele>
        <time>2026-05-24T01:51:12Z</time>
      </trkpt>
      <trkpt lat="34.0911696" lon="-111.4434757"><ele>1504</ele>
        <time>2026-05-24T01:51:17Z</time>
      </trkpt>
      <trkpt lat="34.0910567" lon="-111.4436052"><ele>1504</ele>
        <time>2026-05-24T01:51:31Z</time>
      </trkpt>
      <trkpt lat="34.0910124" lon="-111.443646"><ele>1503</ele>
        <time>2026-05-24T01:51:36Z</time>
      </trkpt>
      <trkpt lat="34.0909676" lon="-111.44367"><ele>1503</ele>
        <time>2026-05-24T01:51:41Z</time>
      </trkpt>
      <trkpt lat="34.0908853" lon="-111.4437481"><ele>1503</ele>
        <time>2026-05-24T01:51:51Z</time>
      </trkpt>
      <trkpt lat="34.0907623" lon="-111.443823"><ele>1502</ele>
        <time>2026-05-24T01:52:01Z</time>
      </trkpt>
      <trkpt lat="34.0907099" lon="-111.4438788"><ele>1502</ele>
        <time>2026-05-24T01:52:06Z</time>
      </trkpt>
      <trkpt lat="34.0906818" lon="-111.4439184"><ele>1502</ele>
        <time>2026-05-24T01:52:11Z</time>
      </trkpt>
      <trkpt lat="34.0906301" lon="-111.4439511"><ele>1502</ele>
        <time>2026-05-24T01:52:16Z</time>
      </trkpt>
      <trkpt lat="34.0905449" lon="-111.4440539"><ele>1503</ele>
        <time>2026-05-24T01:52:26Z</time>
      </trkpt>
      <trkpt lat="34.0905062" lon="-111.4441208"><ele>1503</ele>
        <time>2026-05-24T01:52:31Z</time>
      </trkpt>
      <trkpt lat="34.0904561" lon="-111.4441841"><ele>1502</ele>
        <time>2026-05-24T01:52:36Z</time>
      </trkpt>
      <trkpt lat="34.0904287" lon="-111.4442362"><ele>1501</ele>
        <time>2026-05-24T01:52:41Z</time>
      </trkpt>
      <trkpt lat="34.0903986" lon="-111.44428"><ele>1501</ele>
        <time>2026-05-24T01:52:46Z</time>
      </trkpt>
      <trkpt lat="34.0903537" lon="-111.4443778"><ele>1500</ele>
        <time>2026-05-24T01:52:56Z</time>
      </trkpt>
      <trkpt lat="34.0903181" lon="-111.4444767"><ele>1499</ele>
        <time>2026-05-24T01:53:06Z</time>
      </trkpt>
      <trkpt lat="34.0903575" lon="-111.4444791"><ele>1498</ele>
        <time>2026-05-24T01:53:11Z</time>
      </trkpt>
      <trkpt lat="34.0904227" lon="-111.4444056"><ele>1496</ele>
        <time>2026-05-24T01:53:21Z</time>
      </trkpt>
      <trkpt lat="34.0904709" lon="-111.4443711"><ele>1496</ele>
        <time>2026-05-24T01:53:26Z</time>
      </trkpt>
      <trkpt lat="34.0905557" lon="-111.4442606"><ele>1494</ele>
        <time>2026-05-24T01:53:36Z</time>
      </trkpt>
      <trkpt lat="34.0907349" lon="-111.4440808"><ele>1492</ele>
        <time>2026-05-24T01:53:56Z</time>
      </trkpt>
      <trkpt lat="34.0907789" lon="-111.4440452"><ele>1492</ele>
        <time>2026-05-24T01:54:01Z</time>
      </trkpt>
      <trkpt lat="34.0908281" lon="-111.4440424"><ele>1491</ele>
        <time>2026-05-24T01:54:06Z</time>
      </trkpt>
      <trkpt lat="34.0908888" lon="-111.4440123"><ele>1491</ele>
        <time>2026-05-24T01:54:11Z</time>
      </trkpt>
      <trkpt lat="34.0909908" lon="-111.4439757"><ele>1490</ele>
        <time>2026-05-24T01:54:21Z</time>
      </trkpt>
      <trkpt lat="34.0910486" lon="-111.4439612"><ele>1489</ele>
        <time>2026-05-24T01:54:26Z</time>
      </trkpt>
      <trkpt lat="34.0911783" lon="-111.443963"><ele>1487</ele>
        <time>2026-05-24T01:54:36Z</time>
      </trkpt>
      <trkpt lat="34.0913106" lon="-111.4439281"><ele>1485</ele>
        <time>2026-05-24T01:54:46Z</time>
      </trkpt>
      <trkpt lat="34.0913662" lon="-111.443925"><ele>1484</ele>
        <time>2026-05-24T01:54:51Z</time>
      </trkpt>
      <trkpt lat="34.0914801" lon="-111.4439024"><ele>1483</ele>
        <time>2026-05-24T01:55:01Z</time>
      </trkpt>
      <trkpt lat="34.0915744" lon="-111.4438202"><ele>1480</ele>
        <time>2026-05-24T01:55:11Z</time>
      </trkpt>
      <trkpt lat="34.0916676" lon="-111.4437473"><ele>1478</ele>
        <time>2026-05-24T01:55:21Z</time>
      </trkpt>
      <trkpt lat="34.0917734" lon="-111.443681"><ele>1476</ele>
        <time>2026-05-24T01:55:31Z</time>
      </trkpt>
      <trkpt lat="34.0918216" lon="-111.4436325"><ele>1475</ele>
        <time>2026-05-24T01:55:36Z</time>
      </trkpt>
      <trkpt lat="34.0918127" lon="-111.4435578"><ele>1474</ele>
        <time>2026-05-24T01:55:41Z</time>
      </trkpt>
      <trkpt lat="34.0917866" lon="-111.4434853"><ele>1473</ele>
        <time>2026-05-24T01:55:46Z</time>
      </trkpt>
      <trkpt lat="34.0917695" lon="-111.4434088"><ele>1473</ele>
        <time>2026-05-24T01:55:51Z</time>
      </trkpt>
      <trkpt lat="34.0916804" lon="-111.4432922"><ele>1473</ele>
        <time>2026-05-24T01:56:01Z</time>
      </trkpt>
      <trkpt lat="34.0916303" lon="-111.4432449"><ele>1473</ele>
        <time>2026-05-24T01:56:06Z</time>
      </trkpt>
      <trkpt lat="34.0915818" lon="-111.443183"><ele>1473</ele>
        <time>2026-05-24T01:56:11Z</time>
      </trkpt>
      <trkpt lat="34.0915584" lon="-111.4431464"><ele>1472</ele>
        <time>2026-05-24T01:56:16Z</time>
      </trkpt>
      <trkpt lat="34.0915449" lon="-111.4430909"><ele>1472</ele>
        <time>2026-05-24T01:56:21Z</time>
      </trkpt>
      <trkpt lat="34.091462" lon="-111.4430535"><ele>1471</ele>
        <time>2026-05-24T01:56:30Z</time>
      </trkpt>
      <trkpt lat="34.0915197" lon="-111.4430383"><ele>1470</ele>
        <time>2026-05-24T01:56:35Z</time>
      </trkpt>
      <trkpt lat="34.0915697" lon="-111.4430542"><ele>1470</ele>
        <time>2026-05-24T01:56:40Z</time>
      </trkpt>
      <trkpt lat="34.0916328" lon="-111.4430901"><ele>1469</ele>
        <time>2026-05-24T01:56:45Z</time>
      </trkpt>
      <trkpt lat="34.0916527" lon="-111.4431686"><ele>1468</ele>
        <time>2026-05-24T01:56:50Z</time>
      </trkpt>
      <trkpt lat="34.0917024" lon="-111.4431862"><ele>1467</ele>
        <time>2026-05-24T01:56:55Z</time>
      </trkpt>
      <trkpt lat="34.0917455" lon="-111.4432254"><ele>1467</ele>
        <time>2026-05-24T01:57:00Z</time>
      </trkpt>
      <trkpt lat="34.0918269" lon="-111.4433396"><ele>1466</ele>
        <time>2026-05-24T01:57:10Z</time>
      </trkpt>
      <trkpt lat="34.0919198" lon="-111.4434334"><ele>1464</ele>
        <time>2026-05-24T01:57:20Z</time>
      </trkpt>
      <trkpt lat="34.0919638" lon="-111.4434848"><ele>1464</ele>
        <time>2026-05-24T01:57:25Z</time>
      </trkpt>
      <trkpt lat="34.0919886" lon="-111.4435329"><ele>1463</ele>
        <time>2026-05-24T01:57:30Z</time>
      </trkpt>
      <trkpt lat="34.0921" lon="-111.4436612"><ele>1460</ele>
        <time>2026-05-24T01:57:45Z</time>
      </trkpt>
      <trkpt lat="34.0921601" lon="-111.4437501"><ele>1459</ele>
        <time>2026-05-24T01:57:55Z</time>
      </trkpt>
      <trkpt lat="34.0922038" lon="-111.4437752"><ele>1459</ele>
        <time>2026-05-24T01:58:00Z</time>
      </trkpt>
      <trkpt lat="34.0922632" lon="-111.443783"><ele>1458</ele>
        <time>2026-05-24T01:58:05Z</time>
      </trkpt>
      <trkpt lat="34.0923079" lon="-111.443811"><ele>1457</ele>
        <time>2026-05-24T01:58:10Z</time>
      </trkpt>
      <trkpt lat="34.0923544" lon="-111.4438322"><ele>1455</ele>
        <time>2026-05-24T01:58:15Z</time>
      </trkpt>
      <trkpt lat="34.0924463" lon="-111.4438555"><ele>1453</ele>
        <time>2026-05-24T01:58:25Z</time>
      </trkpt>
      <trkpt lat="34.092511" lon="-111.4438474"><ele>1454</ele>
        <time>2026-05-24T01:58:30Z</time>
      </trkpt>
      <trkpt lat="34.0925708" lon="-111.4438228"><ele>1451</ele>
        <time>2026-05-24T01:58:35Z</time>
      </trkpt>
      <trkpt lat="34.0925482" lon="-111.4437707"><ele>1452</ele>
        <time>2026-05-24T01:58:40Z</time>
      </trkpt>
      <trkpt lat="34.0923928" lon="-111.4436465"><ele>1451</ele>
        <time>2026-05-24T01:58:55Z</time>
      </trkpt>
      <trkpt lat="34.0922911" lon="-111.4435531"><ele>1449</ele>
        <time>2026-05-24T01:59:05Z</time>
      </trkpt>
      <trkpt lat="34.0922088" lon="-111.4434312"><ele>1448</ele>
        <time>2026-05-24T01:59:15Z</time>
      </trkpt>
      <trkpt lat="34.0921756" lon="-111.443372"><ele>1447</ele>
        <time>2026-05-24T01:59:20Z</time>
      </trkpt>
      <trkpt lat="34.092081" lon="-111.4432648"><ele>1446</ele>
        <time>2026-05-24T01:59:30Z</time>
      </trkpt>
      <trkpt lat="34.0919683" lon="-111.4430818"><ele>1444</ele>
        <time>2026-05-24T01:59:45Z</time>
      </trkpt>
      <trkpt lat="34.0918836" lon="-111.4429722"><ele>1442</ele>
        <time>2026-05-24T01:59:55Z</time>
      </trkpt>
      <trkpt lat="34.0918714" lon="-111.4429138"><ele>1441</ele>
        <time>2026-05-24T02:00:00Z</time>
      </trkpt>
      <trkpt lat="34.091812" lon="-111.4428798"><ele>1441</ele>
        <time>2026-05-24T02:00:05Z</time>
      </trkpt>
      <trkpt lat="34.091772" lon="-111.4428098"><ele>1440</ele>
        <time>2026-05-24T02:00:12Z</time>
      </trkpt>
      <trkpt lat="34.0917257" lon="-111.4427506"><ele>1439</ele>
        <time>2026-05-24T02:00:17Z</time>
      </trkpt>
      <trkpt lat="34.0916309" lon="-111.4425434"><ele>1436</ele>
        <time>2026-05-24T02:00:32Z</time>
      </trkpt>
      <trkpt lat="34.0916071" lon="-111.4424851"><ele>1437</ele>
        <time>2026-05-24T02:00:37Z</time>
      </trkpt>
      <trkpt lat="34.0915891" lon="-111.4424168"><ele>1436</ele>
        <time>2026-05-24T02:00:42Z</time>
      </trkpt>
      <trkpt lat="34.0915573" lon="-111.4423477"><ele>1434</ele>
        <time>2026-05-24T02:00:47Z</time>
      </trkpt>
      <trkpt lat="34.091527" lon="-111.4422962"><ele>1433</ele>
        <time>2026-05-24T02:00:52Z</time>
      </trkpt>
      <trkpt lat="34.0915121" lon="-111.442225"><ele>1432</ele>
        <time>2026-05-24T02:00:57Z</time>
      </trkpt>
      <trkpt lat="34.0914864" lon="-111.4421775"><ele>1432</ele>
        <time>2026-05-24T02:01:02Z</time>
      </trkpt>
      <trkpt lat="34.0914795" lon="-111.4420931"><ele>1431</ele>
        <time>2026-05-24T02:01:07Z</time>
      </trkpt>
      <trkpt lat="34.0915098" lon="-111.4420053"><ele>1430</ele>
        <time>2026-05-24T02:01:12Z</time>
      </trkpt>
      <trkpt lat="34.0915551" lon="-111.4418247"><ele>1429</ele>
        <time>2026-05-24T02:01:26Z</time>
      </trkpt>
      <trkpt lat="34.0915881" lon="-111.441759"><ele>1427</ele>
        <time>2026-05-24T02:01:31Z</time>
      </trkpt>
      <trkpt lat="34.0916029" lon="-111.4416859"><ele>1427</ele>
        <time>2026-05-24T02:01:36Z</time>
      </trkpt>
      <trkpt lat="34.0916035" lon="-111.441611"><ele>1427</ele>
        <time>2026-05-24T02:01:46Z</time>
      </trkpt>
      <trkpt lat="34.0916379" lon="-111.4415424"><ele>1427</ele>
        <time>2026-05-24T02:01:51Z</time>
      </trkpt>
      <trkpt lat="34.0917204" lon="-111.4414052"><ele>1424</ele>
        <time>2026-05-24T02:02:01Z</time>
      </trkpt>
      <trkpt lat="34.0917483" lon="-111.4413309"><ele>1426</ele>
        <time>2026-05-24T02:02:06Z</time>
      </trkpt>
      <trkpt lat="34.0918981" lon="-111.4412347"><ele>1424</ele>
        <time>2026-05-24T02:02:21Z</time>
      </trkpt>
      <trkpt lat="34.0919544" lon="-111.4412229"><ele>1421</ele>
        <time>2026-05-24T02:02:34Z</time>
      </trkpt>
      <trkpt lat="34.0919726" lon="-111.4411615"><ele>1421</ele>
        <time>2026-05-24T02:02:39Z</time>
      </trkpt>
      <trkpt lat="34.0920146" lon="-111.4410996"><ele>1419</ele>
        <time>2026-05-24T02:02:44Z</time>
      </trkpt>
      <trkpt lat="34.0920353" lon="-111.4409708"><ele>1417</ele>
        <time>2026-05-24T02:02:54Z</time>
      </trkpt>
      <trkpt lat="34.0920607" lon="-111.4409142"><ele>1417</ele>
        <time>2026-05-24T02:02:59Z</time>
      </trkpt>
      <trkpt lat="34.0920762" lon="-111.4408638"><ele>1417</ele>
        <time>2026-05-24T02:03:04Z</time>
      </trkpt>
      <trkpt lat="34.0919874" lon="-111.440753"><ele>1415</ele>
        <time>2026-05-24T02:03:14Z</time>
      </trkpt>
      <trkpt lat="34.0919388" lon="-111.4407078"><ele>1415</ele>
        <time>2026-05-24T02:03:19Z</time>
      </trkpt>
      <trkpt lat="34.0918809" lon="-111.4405914"><ele>1414</ele>
        <time>2026-05-24T02:03:29Z</time>
      </trkpt>
      <trkpt lat="34.0918778" lon="-111.4405286"><ele>1414</ele>
        <time>2026-05-24T02:03:34Z</time>
      </trkpt>
      <trkpt lat="34.0919142" lon="-111.4404498"><ele>1413</ele>
        <time>2026-05-24T02:03:39Z</time>
      </trkpt>
      <trkpt lat="34.0919523" lon="-111.4403869"><ele>1413</ele>
        <time>2026-05-24T02:03:44Z</time>
      </trkpt>
      <trkpt lat="34.0919601" lon="-111.440324"><ele>1412</ele>
        <time>2026-05-24T02:03:49Z</time>
      </trkpt>
      <trkpt lat="34.0919948" lon="-111.4401689"><ele>1412</ele>
        <time>2026-05-24T02:03:59Z</time>
      </trkpt>
      <trkpt lat="34.0919802" lon="-111.4401046"><ele>1411</ele>
        <time>2026-05-24T02:04:04Z</time>
      </trkpt>
      <trkpt lat="34.0918794" lon="-111.4399314"><ele>1409</ele>
        <time>2026-05-24T02:04:19Z</time>
      </trkpt>
      <trkpt lat="34.0918536" lon="-111.439871"><ele>1409</ele>
        <time>2026-05-24T02:04:24Z</time>
      </trkpt>
      <trkpt lat="34.091817" lon="-111.4398251"><ele>1407</ele>
        <time>2026-05-24T02:04:29Z</time>
      </trkpt>
      <trkpt lat="34.0917285" lon="-111.4397677"><ele>1406</ele>
        <time>2026-05-24T02:04:39Z</time>
      </trkpt>
      <trkpt lat="34.0915564" lon="-111.4396068"><ele>1401</ele>
        <time>2026-05-24T02:04:59Z</time>
      </trkpt>
      <trkpt lat="34.091482" lon="-111.439512"><ele>1399</ele>
        <time>2026-05-24T02:05:09Z</time>
      </trkpt>
      <trkpt lat="34.0913449" lon="-111.4393663"><ele>1399</ele>
        <time>2026-05-24T02:05:24Z</time>
      </trkpt>
      <trkpt lat="34.0913012" lon="-111.439263"><ele>1397</ele>
        <time>2026-05-24T02:05:34Z</time>
      </trkpt>
      <trkpt lat="34.091285" lon="-111.439202"><ele>1396</ele>
        <time>2026-05-24T02:05:39Z</time>
      </trkpt>
      <trkpt lat="34.0912521" lon="-111.4391197"><ele>1394</ele>
        <time>2026-05-24T02:05:49Z</time>
      </trkpt>
      <trkpt lat="34.0912503" lon="-111.4389995"><ele>1393</ele>
        <time>2026-05-24T02:05:59Z</time>
      </trkpt>
      <trkpt lat="34.0911778" lon="-111.4387479"><ele>1391</ele>
        <time>2026-05-24T02:06:19Z</time>
      </trkpt>
      <trkpt lat="34.0911124" lon="-111.4386526"><ele>1398</ele>
        <time>2026-05-24T02:06:27Z</time>
      </trkpt>
      <trkpt lat="34.0910993" lon="-111.438602"><ele>1399</ele>
        <time>2026-05-24T02:06:32Z</time>
      </trkpt>
      <trkpt lat="34.0911003" lon="-111.4385427"><ele>1392</ele>
        <time>2026-05-24T02:06:37Z</time>
      </trkpt>
      <trkpt lat="34.0910865" lon="-111.4384975"><ele>1394</ele>
        <time>2026-05-24T02:06:42Z</time>
      </trkpt>
      <trkpt lat="34.0910867" lon="-111.438452"><ele>1397</ele>
        <time>2026-05-24T02:06:47Z</time>
      </trkpt>
      <trkpt lat="34.0910943" lon="-111.4384085"><ele>1398</ele>
        <time>2026-05-24T02:06:52Z</time>
      </trkpt>
      <trkpt lat="34.0911196" lon="-111.4383223"><ele>1402</ele>
        <time>2026-05-24T02:07:02Z</time>
      </trkpt>
      <trkpt lat="34.0912196" lon="-111.4382216"><ele>1401</ele>
        <time>2026-05-24T02:07:12Z</time>
      </trkpt>
      <trkpt lat="34.0912903" lon="-111.4381829"><ele>1400</ele>
        <time>2026-05-24T02:07:17Z</time>
      </trkpt>
      <trkpt lat="34.0913438" lon="-111.4381764"><ele>1400</ele>
        <time>2026-05-24T02:07:22Z</time>
      </trkpt>
      <trkpt lat="34.0913973" lon="-111.4381583"><ele>1399</ele>
        <time>2026-05-24T02:07:27Z</time>
      </trkpt>
      <trkpt lat="34.0914119" lon="-111.4381314"><ele>1398</ele>
        <time>2026-05-24T02:07:32Z</time>
      </trkpt>
      <trkpt lat="34.0914636" lon="-111.4380966"><ele>1397</ele>
        <time>2026-05-24T02:07:37Z</time>
      </trkpt>
      <trkpt lat="34.0914875" lon="-111.4380716"><ele>1397</ele>
        <time>2026-05-24T02:07:42Z</time>
      </trkpt>
      <trkpt lat="34.0914866" lon="-111.4380157"><ele>1396</ele>
        <time>2026-05-24T02:07:47Z</time>
      </trkpt>
      <trkpt lat="34.091503" lon="-111.4378702"><ele>1395</ele>
        <time>2026-05-24T02:07:57Z</time>
      </trkpt>
      <trkpt lat="34.0915477" lon="-111.4377094"><ele>1392</ele>
        <time>2026-05-24T02:08:07Z</time>
      </trkpt>
      <trkpt lat="34.0915459" lon="-111.4376356"><ele>1392</ele>
        <time>2026-05-24T02:08:12Z</time>
      </trkpt>
      <trkpt lat="34.0915236" lon="-111.4375818"><ele>1392</ele>
        <time>2026-05-24T02:08:17Z</time>
      </trkpt>
      <trkpt lat="34.091502" lon="-111.43742"><ele>1392</ele>
        <time>2026-05-24T02:08:27Z</time>
      </trkpt>
      <trkpt lat="34.0915051" lon="-111.4372818"><ele>1390</ele>
        <time>2026-05-24T02:08:37Z</time>
      </trkpt>
      <trkpt lat="34.0914992" lon="-111.4372185"><ele>1391</ele>
        <time>2026-05-24T02:08:42Z</time>
      </trkpt>
      <trkpt lat="34.0914768" lon="-111.4371453"><ele>1390</ele>
        <time>2026-05-24T02:08:47Z</time>
      </trkpt>
      <trkpt lat="34.0914852" lon="-111.4370617"><ele>1389</ele>
        <time>2026-05-24T02:08:52Z</time>
      </trkpt>
      <trkpt lat="34.0914743" lon="-111.4369739"><ele>1388</ele>
        <time>2026-05-24T02:08:57Z</time>
      </trkpt>
      <trkpt lat="34.0914731" lon="-111.4369171"><ele>1388</ele>
        <time>2026-05-24T02:09:02Z</time>
      </trkpt>
      <trkpt lat="34.0914191" lon="-111.436719"><ele>1386</ele>
        <time>2026-05-24T02:09:17Z</time>
      </trkpt>
      <trkpt lat="34.0914141" lon="-111.4366384"><ele>1386</ele>
        <time>2026-05-24T02:09:22Z</time>
      </trkpt>
      <trkpt lat="34.0914253" lon="-111.4364729"><ele>1386</ele>
        <time>2026-05-24T02:09:37Z</time>
      </trkpt>
      <trkpt lat="34.0914393" lon="-111.4363876"><ele>1386</ele>
        <time>2026-05-24T02:09:42Z</time>
      </trkpt>
      <trkpt lat="34.0914771" lon="-111.4363138"><ele>1386</ele>
        <time>2026-05-24T02:09:47Z</time>
      </trkpt>
      <trkpt lat="34.0915301" lon="-111.4362681"><ele>1384</ele>
        <time>2026-05-24T02:09:52Z</time>
      </trkpt>
      <trkpt lat="34.0915666" lon="-111.4362186"><ele>1384</ele>
        <time>2026-05-24T02:09:57Z</time>
      </trkpt>
      <trkpt lat="34.091606" lon="-111.4361821"><ele>1383</ele>
        <time>2026-05-24T02:10:02Z</time>
      </trkpt>
      <trkpt lat="34.091635" lon="-111.4361338"><ele>1382</ele>
        <time>2026-05-24T02:10:07Z</time>
      </trkpt>
      <trkpt lat="34.091659" lon="-111.4360695"><ele>1379</ele>
        <time>2026-05-24T02:10:12Z</time>
      </trkpt>
      <trkpt lat="34.0916683" lon="-111.4359863"><ele>1379</ele>
        <time>2026-05-24T02:10:17Z</time>
      </trkpt>
      <trkpt lat="34.091698" lon="-111.4359321"><ele>1378</ele>
        <time>2026-05-24T02:10:22Z</time>
      </trkpt>
      <trkpt lat="34.0917166" lon="-111.4358842"><ele>1377</ele>
        <time>2026-05-24T02:10:27Z</time>
      </trkpt>
      <trkpt lat="34.0917003" lon="-111.4357769"><ele>1376</ele>
        <time>2026-05-24T02:10:37Z</time>
      </trkpt>
      <trkpt lat="34.0917095" lon="-111.4357316"><ele>1376</ele>
        <time>2026-05-24T02:10:42Z</time>
      </trkpt>
      <trkpt lat="34.0917055" lon="-111.4356913"><ele>1375</ele>
        <time>2026-05-24T02:10:47Z</time>
      </trkpt>
      <trkpt lat="34.0917299" lon="-111.4356318"><ele>1375</ele>
        <time>2026-05-24T02:10:52Z</time>
      </trkpt>
      <trkpt lat="34.0917341" lon="-111.4355171"><ele>1375</ele>
        <time>2026-05-24T02:11:02Z</time>
      </trkpt>
      <trkpt lat="34.0918545" lon="-111.4352304"><ele>1373</ele>
        <time>2026-05-24T02:11:27Z</time>
      </trkpt>
      <trkpt lat="34.091888" lon="-111.4351676"><ele>1373</ele>
        <time>2026-05-24T02:11:32Z</time>
      </trkpt>
      <trkpt lat="34.0919441" lon="-111.4350397"><ele>1372</ele>
        <time>2026-05-24T02:11:42Z</time>
      </trkpt>
      <trkpt lat="34.0919623" lon="-111.4349665"><ele>1371</ele>
        <time>2026-05-24T02:11:47Z</time>
      </trkpt>
      <trkpt lat="34.0919929" lon="-111.4348946"><ele>1371</ele>
        <time>2026-05-24T02:11:52Z</time>
      </trkpt>
      <trkpt lat="34.0920082" lon="-111.4348363"><ele>1371</ele>
        <time>2026-05-24T02:11:57Z</time>
      </trkpt>
      <trkpt lat="34.0920069" lon="-111.4348183"><ele>1371</ele>
        <time>2026-05-24T02:12:02Z</time>
      </trkpt>
      <trkpt lat="34.0920188" lon="-111.4347653"><ele>1370</ele>
        <time>2026-05-24T02:12:07Z</time>
      </trkpt>
      <trkpt lat="34.0920112" lon="-111.4346468"><ele>1369</ele>
        <time>2026-05-24T02:12:17Z</time>
      </trkpt>
      <trkpt lat="34.0920127" lon="-111.4344287"><ele>1368</ele>
        <time>2026-05-24T02:12:32Z</time>
      </trkpt>
      <trkpt lat="34.0920013" lon="-111.4343013"><ele>1366</ele>
        <time>2026-05-24T02:12:42Z</time>
      </trkpt>
      <trkpt lat="34.0919626" lon="-111.434165"><ele>1367</ele>
        <time>2026-05-24T02:12:52Z</time>
      </trkpt>
      <trkpt lat="34.091908" lon="-111.4340107"><ele>1366</ele>
        <time>2026-05-24T02:13:02Z</time>
      </trkpt>
      <trkpt lat="34.0917881" lon="-111.4338652"><ele>1364</ele>
        <time>2026-05-24T02:13:17Z</time>
      </trkpt>
      <trkpt lat="34.0916802" lon="-111.4337883"><ele>1364</ele>
        <time>2026-05-24T02:13:27Z</time>
      </trkpt>
      <trkpt lat="34.0916346" lon="-111.4337378"><ele>1364</ele>
        <time>2026-05-24T02:13:32Z</time>
      </trkpt>
      <trkpt lat="34.0915824" lon="-111.4337077"><ele>1364</ele>
        <time>2026-05-24T02:13:42Z</time>
      </trkpt>
      <trkpt lat="34.0914972" lon="-111.4336432"><ele>1364</ele>
        <time>2026-05-24T02:13:53Z</time>
      </trkpt>
      <trkpt lat="34.0914758" lon="-111.4335839"><ele>1364</ele>
        <time>2026-05-24T02:13:58Z</time>
      </trkpt>
      <trkpt lat="34.0915313" lon="-111.4335306"><ele>1363</ele>
        <time>2026-05-24T02:14:03Z</time>
      </trkpt>
      <trkpt lat="34.0915707" lon="-111.4334787"><ele>1362</ele>
        <time>2026-05-24T02:14:08Z</time>
      </trkpt>
      <trkpt lat="34.091607" lon="-111.4334152"><ele>1361</ele>
        <time>2026-05-24T02:14:13Z</time>
      </trkpt>
      <trkpt lat="34.0916932" lon="-111.4331502"><ele>1359</ele>
        <time>2026-05-24T02:14:33Z</time>
      </trkpt>
      <trkpt lat="34.0917506" lon="-111.4330027"><ele>1358</ele>
        <time>2026-05-24T02:14:43Z</time>
      </trkpt>
      <trkpt lat="34.0917878" lon="-111.432755"><ele>1355</ele>
        <time>2026-05-24T02:14:58Z</time>
      </trkpt>
      <trkpt lat="34.091797" lon="-111.4326206"><ele>1353</ele>
        <time>2026-05-24T02:15:08Z</time>
      </trkpt>
      <trkpt lat="34.0918114" lon="-111.4325489"><ele>1352</ele>
        <time>2026-05-24T02:15:13Z</time>
      </trkpt>
      <trkpt lat="34.0917972" lon="-111.432486"><ele>1352</ele>
        <time>2026-05-24T02:15:18Z</time>
      </trkpt>
      <trkpt lat="34.0917537" lon="-111.432347"><ele>1350</ele>
        <time>2026-05-24T02:15:28Z</time>
      </trkpt>
      <trkpt lat="34.0917034" lon="-111.4322119"><ele>1349</ele>
        <time>2026-05-24T02:15:38Z</time>
      </trkpt>
      <trkpt lat="34.0916765" lon="-111.4321578"><ele>1347</ele>
        <time>2026-05-24T02:15:43Z</time>
      </trkpt>
      <trkpt lat="34.0916735" lon="-111.4320959"><ele>1347</ele>
        <time>2026-05-24T02:15:48Z</time>
      </trkpt>
      <trkpt lat="34.0916481" lon="-111.4320251"><ele>1346</ele>
        <time>2026-05-24T02:15:53Z</time>
      </trkpt>
      <trkpt lat="34.0916416" lon="-111.4319425"><ele>1345</ele>
        <time>2026-05-24T02:15:58Z</time>
      </trkpt>
      <trkpt lat="34.0916561" lon="-111.4317944"><ele>1344</ele>
        <time>2026-05-24T02:16:08Z</time>
      </trkpt>
      <trkpt lat="34.0916404" lon="-111.4317242"><ele>1344</ele>
        <time>2026-05-24T02:16:13Z</time>
      </trkpt>
      <trkpt lat="34.0916364" lon="-111.4316547"><ele>1344</ele>
        <time>2026-05-24T02:16:18Z</time>
      </trkpt>
      <trkpt lat="34.0915899" lon="-111.431338"><ele>1343</ele>
        <time>2026-05-24T02:16:39Z</time>
      </trkpt>
      <trkpt lat="34.0915575" lon="-111.4312685"><ele>1342</ele>
        <time>2026-05-24T02:16:44Z</time>
      </trkpt>
      <trkpt lat="34.0915511" lon="-111.431199"><ele>1342</ele>
        <time>2026-05-24T02:16:49Z</time>
      </trkpt>
      <trkpt lat="34.0915229" lon="-111.4311416"><ele>1341</ele>
        <time>2026-05-24T02:16:54Z</time>
      </trkpt>
      <trkpt lat="34.0915283" lon="-111.4310821"><ele>1340</ele>
        <time>2026-05-24T02:16:59Z</time>
      </trkpt>
      <trkpt lat="34.0914712" lon="-111.4309447"><ele>1339</ele>
        <time>2026-05-24T02:17:09Z</time>
      </trkpt>
      <trkpt lat="34.0914499" lon="-111.4308708"><ele>1338</ele>
        <time>2026-05-24T02:17:14Z</time>
      </trkpt>
      <trkpt lat="34.0914412" lon="-111.4307996"><ele>1338</ele>
        <time>2026-05-24T02:17:19Z</time>
      </trkpt>
      <trkpt lat="34.0914047" lon="-111.4307357"><ele>1339</ele>
        <time>2026-05-24T02:17:24Z</time>
      </trkpt>
      <trkpt lat="34.0913936" lon="-111.4306474"><ele>1337</ele>
        <time>2026-05-24T02:17:29Z</time>
      </trkpt>
      <trkpt lat="34.0913762" lon="-111.4303223"><ele>1335</ele>
        <time>2026-05-24T02:17:49Z</time>
      </trkpt>
      <trkpt lat="34.091343" lon="-111.4301769"><ele>1335</ele>
        <time>2026-05-24T02:17:59Z</time>
      </trkpt>
      <trkpt lat="34.0913065" lon="-111.4301247"><ele>1334</ele>
        <time>2026-05-24T02:18:04Z</time>
      </trkpt>
      <trkpt lat="34.0912719" lon="-111.4300548"><ele>1334</ele>
        <time>2026-05-24T02:18:09Z</time>
      </trkpt>
      <trkpt lat="34.0912306" lon="-111.4299896"><ele>1333</ele>
        <time>2026-05-24T02:18:14Z</time>
      </trkpt>
      <trkpt lat="34.0911777" lon="-111.4298482"><ele>1332</ele>
        <time>2026-05-24T02:18:24Z</time>
      </trkpt>
      <trkpt lat="34.0911457" lon="-111.4297887"><ele>1332</ele>
        <time>2026-05-24T02:18:29Z</time>
      </trkpt>
      <trkpt lat="34.0910943" lon="-111.4297565"><ele>1331</ele>
        <time>2026-05-24T02:18:34Z</time>
      </trkpt>
      <trkpt lat="34.0910425" lon="-111.4297323"><ele>1331</ele>
        <time>2026-05-24T02:18:39Z</time>
      </trkpt>
      <trkpt lat="34.0909733" lon="-111.4297239"><ele>1330</ele>
        <time>2026-05-24T02:18:44Z</time>
      </trkpt>
      <trkpt lat="34.0908159" lon="-111.4296506"><ele>1330</ele>
        <time>2026-05-24T02:18:59Z</time>
      </trkpt>
      <trkpt lat="34.0906918" lon="-111.4296148"><ele>1330</ele>
        <time>2026-05-24T02:19:09Z</time>
      </trkpt>
      <trkpt lat="34.0906026" lon="-111.4295534"><ele>1330</ele>
        <time>2026-05-24T02:19:19Z</time>
      </trkpt>
      <trkpt lat="34.0905404" lon="-111.4295285"><ele>1330</ele>
        <time>2026-05-24T02:19:24Z</time>
      </trkpt>
      <trkpt lat="34.0904999" lon="-111.4294923"><ele>1330</ele>
        <time>2026-05-24T02:19:29Z</time>
      </trkpt>
      <trkpt lat="34.0905182" lon="-111.4294246"><ele>1330</ele>
        <time>2026-05-24T02:19:34Z</time>
      </trkpt>
      <trkpt lat="34.0905747" lon="-111.4293805"><ele>1330</ele>
        <time>2026-05-24T02:19:39Z</time>
      </trkpt>
      <trkpt lat="34.0906245" lon="-111.4293719"><ele>1330</ele>
        <time>2026-05-24T02:19:44Z</time>
      </trkpt>
      <trkpt lat="34.0906852" lon="-111.4293364"><ele>1328</ele>
        <time>2026-05-24T02:19:49Z</time>
      </trkpt>
      <trkpt lat="34.0907706" lon="-111.4292767"><ele>1326</ele>
        <time>2026-05-24T02:19:59Z</time>
      </trkpt>
      <trkpt lat="34.0908234" lon="-111.4292561"><ele>1325</ele>
        <time>2026-05-24T02:20:04Z</time>
      </trkpt>
      <trkpt lat="34.0908929" lon="-111.4292183"><ele>1324</ele>
        <time>2026-05-24T02:20:09Z</time>
      </trkpt>
      <trkpt lat="34.0909593" lon="-111.4291684"><ele>1322</ele>
        <time>2026-05-24T02:20:14Z</time>
      </trkpt>
      <trkpt lat="34.091" lon="-111.4291084"><ele>1322</ele>
        <time>2026-05-24T02:20:19Z</time>
      </trkpt>
      <trkpt lat="34.091026" lon="-111.4290535"><ele>1321</ele>
        <time>2026-05-24T02:20:24Z</time>
      </trkpt>
      <trkpt lat="34.0910814" lon="-111.4289883"><ele>1319</ele>
        <time>2026-05-24T02:20:29Z</time>
      </trkpt>
      <trkpt lat="34.0911227" lon="-111.4289563"><ele>1318</ele>
        <time>2026-05-24T02:20:34Z</time>
      </trkpt>
      <trkpt lat="34.0912303" lon="-111.4288955"><ele>1316</ele>
        <time>2026-05-24T02:20:44Z</time>
      </trkpt>
      <trkpt lat="34.0912687" lon="-111.4288367"><ele>1316</ele>
        <time>2026-05-24T02:20:49Z</time>
      </trkpt>
      <trkpt lat="34.0913141" lon="-111.4287841"><ele>1315</ele>
        <time>2026-05-24T02:20:54Z</time>
      </trkpt>
      <trkpt lat="34.0913388" lon="-111.4287214"><ele>1315</ele>
        <time>2026-05-24T02:20:59Z</time>
      </trkpt>
      <trkpt lat="34.0913538" lon="-111.4286527"><ele>1315</ele>
        <time>2026-05-24T02:21:04Z</time>
      </trkpt>
      <trkpt lat="34.091381" lon="-111.4285841"><ele>1314</ele>
        <time>2026-05-24T02:21:09Z</time>
      </trkpt>
      <trkpt lat="34.0914128" lon="-111.4283971"><ele>1314</ele>
        <time>2026-05-24T02:21:20Z</time>
      </trkpt>
      <trkpt lat="34.0914178" lon="-111.4282987"><ele>1314</ele>
        <time>2026-05-24T02:21:25Z</time>
      </trkpt>
      <trkpt lat="34.0913614" lon="-111.4281686"><ele>1315</ele>
        <time>2026-05-24T02:21:33Z</time>
      </trkpt>
      <trkpt lat="34.0913914" lon="-111.4280863"><ele>1315</ele>
        <time>2026-05-24T02:21:38Z</time>
      </trkpt>
      <trkpt lat="34.0914406" lon="-111.4280635"><ele>1314</ele>
        <time>2026-05-24T02:21:43Z</time>
      </trkpt>
      <trkpt lat="34.091486" lon="-111.4280309"><ele>1312</ele>
        <time>2026-05-24T02:21:48Z</time>
      </trkpt>
      <trkpt lat="34.091549" lon="-111.4279682"><ele>1312</ele>
        <time>2026-05-24T02:21:53Z</time>
      </trkpt>
      <trkpt lat="34.0916523" lon="-111.4277936"><ele>1310</ele>
        <time>2026-05-24T02:22:08Z</time>
      </trkpt>
      <trkpt lat="34.0916948" lon="-111.42774"><ele>1309</ele>
        <time>2026-05-24T02:22:13Z</time>
      </trkpt>
      <trkpt lat="34.0917695" lon="-111.4275965"><ele>1308</ele>
        <time>2026-05-24T02:22:23Z</time>
      </trkpt>
      <trkpt lat="34.0917811" lon="-111.4275433"><ele>1308</ele>
        <time>2026-05-24T02:22:28Z</time>
      </trkpt>
      <trkpt lat="34.0917871" lon="-111.4274798"><ele>1307</ele>
        <time>2026-05-24T02:22:33Z</time>
      </trkpt>
      <trkpt lat="34.0918037" lon="-111.4274261"><ele>1306</ele>
        <time>2026-05-24T02:22:38Z</time>
      </trkpt>
      <trkpt lat="34.0918337" lon="-111.4273682"><ele>1305</ele>
        <time>2026-05-24T02:22:43Z</time>
      </trkpt>
      <trkpt lat="34.0918879" lon="-111.4272402"><ele>1305</ele>
        <time>2026-05-24T02:22:53Z</time>
      </trkpt>
      <trkpt lat="34.0919284" lon="-111.4271756"><ele>1305</ele>
        <time>2026-05-24T02:22:58Z</time>
      </trkpt>
      <trkpt lat="34.0919393" lon="-111.4271091"><ele>1304</ele>
        <time>2026-05-24T02:23:03Z</time>
      </trkpt>
      <trkpt lat="34.0919634" lon="-111.4270391"><ele>1304</ele>
        <time>2026-05-24T02:23:08Z</time>
      </trkpt>
      <trkpt lat="34.092023" lon="-111.4268254"><ele>1302</ele>
        <time>2026-05-24T02:23:23Z</time>
      </trkpt>
      <trkpt lat="34.0920595" lon="-111.4267556"><ele>1301</ele>
        <time>2026-05-24T02:23:28Z</time>
      </trkpt>
      <trkpt lat="34.0920759" lon="-111.4267006"><ele>1300</ele>
        <time>2026-05-24T02:23:33Z</time>
      </trkpt>
      <trkpt lat="34.0920777" lon="-111.4266314"><ele>1300</ele>
        <time>2026-05-24T02:23:38Z</time>
      </trkpt>
      <trkpt lat="34.092044" lon="-111.4265001"><ele>1298</ele>
        <time>2026-05-24T02:23:48Z</time>
      </trkpt>
      <trkpt lat="34.0919545" lon="-111.4263963"><ele>1299</ele>
        <time>2026-05-24T02:23:58Z</time>
      </trkpt>
      <trkpt lat="34.0918216" lon="-111.426356"><ele>1299</ele>
        <time>2026-05-24T02:24:08Z</time>
      </trkpt>
      <trkpt lat="34.0917626" lon="-111.4263463"><ele>1300</ele>
        <time>2026-05-24T02:24:13Z</time>
      </trkpt>
      <trkpt lat="34.0917143" lon="-111.4263167"><ele>1299</ele>
        <time>2026-05-24T02:24:18Z</time>
      </trkpt>
      <trkpt lat="34.0916293" lon="-111.4262331"><ele>1299</ele>
        <time>2026-05-24T02:24:28Z</time>
      </trkpt>
      <trkpt lat="34.0915913" lon="-111.4261853"><ele>1298</ele>
        <time>2026-05-24T02:24:33Z</time>
      </trkpt>
      <trkpt lat="34.0916041" lon="-111.426126"><ele>1300</ele>
        <time>2026-05-24T02:24:38Z</time>
      </trkpt>
      <trkpt lat="34.0916715" lon="-111.4261189"><ele>1300</ele>
        <time>2026-05-24T02:24:43Z</time>
      </trkpt>
      <trkpt lat="34.0917329" lon="-111.4261018"><ele>1301</ele>
        <time>2026-05-24T02:24:48Z</time>
      </trkpt>
      <trkpt lat="34.0917958" lon="-111.4260722"><ele>1300</ele>
        <time>2026-05-24T02:24:53Z</time>
      </trkpt>
      <trkpt lat="34.0918632" lon="-111.426057"><ele>1299</ele>
        <time>2026-05-24T02:24:58Z</time>
      </trkpt>
      <trkpt lat="34.0919074" lon="-111.4260149"><ele>1297</ele>
        <time>2026-05-24T02:25:03Z</time>
      </trkpt>
      <trkpt lat="34.0919543" lon="-111.4259847"><ele>1297</ele>
        <time>2026-05-24T02:25:08Z</time>
      </trkpt>
      <trkpt lat="34.0919853" lon="-111.4259291"><ele>1297</ele>
        <time>2026-05-24T02:25:13Z</time>
      </trkpt>
      <trkpt lat="34.0919621" lon="-111.4258786"><ele>1298</ele>
        <time>2026-05-24T02:25:18Z</time>
      </trkpt>
      <trkpt lat="34.0919135" lon="-111.4258348"><ele>1298</ele>
        <time>2026-05-24T02:25:23Z</time>
      </trkpt>
      <trkpt lat="34.0918953" lon="-111.4257821"><ele>1299</ele>
        <time>2026-05-24T02:25:28Z</time>
      </trkpt>
      <trkpt lat="34.09189" lon="-111.4257046"><ele>1300</ele>
        <time>2026-05-24T02:25:33Z</time>
      </trkpt>
      <trkpt lat="34.0919436" lon="-111.4256482"><ele>1301</ele>
        <time>2026-05-24T02:25:38Z</time>
      </trkpt>
      <trkpt lat="34.0920037" lon="-111.4256465"><ele>1302</ele>
        <time>2026-05-24T02:25:43Z</time>
      </trkpt>
      <trkpt lat="34.0920606" lon="-111.4256181"><ele>1300</ele>
        <time>2026-05-24T02:25:48Z</time>
      </trkpt>
      <trkpt lat="34.0920943" lon="-111.4255764"><ele>1298</ele>
        <time>2026-05-24T02:25:53Z</time>
      </trkpt>
      <trkpt lat="34.0921051" lon="-111.4254985"><ele>1297</ele>
        <time>2026-05-24T02:25:58Z</time>
      </trkpt>
      <trkpt lat="34.0921011" lon="-111.4254076"><ele>1299</ele>
        <time>2026-05-24T02:26:03Z</time>
      </trkpt>
      <trkpt lat="34.0921769" lon="-111.425266"><ele>1299</ele>
        <time>2026-05-24T02:26:13Z</time>
      </trkpt>
      <trkpt lat="34.0922786" lon="-111.4251696"><ele>1297</ele>
        <time>2026-05-24T02:26:23Z</time>
      </trkpt>
      <trkpt lat="34.0923721" lon="-111.4250296"><ele>1295</ele>
        <time>2026-05-24T02:26:35Z</time>
      </trkpt>
      <trkpt lat="34.0924089" lon="-111.4249842"><ele>1294</ele>
        <time>2026-05-24T02:26:40Z</time>
      </trkpt>
      <trkpt lat="34.0924625" lon="-111.4247566"><ele>1294</ele>
        <time>2026-05-24T02:26:55Z</time>
      </trkpt>
      <trkpt lat="34.0924713" lon="-111.4246804"><ele>1294</ele>
        <time>2026-05-24T02:27:00Z</time>
      </trkpt>
      <trkpt lat="34.0925108" lon="-111.4245521"><ele>1292</ele>
        <time>2026-05-24T02:27:10Z</time>
      </trkpt>
      <trkpt lat="34.0925288" lon="-111.4244233"><ele>1291</ele>
        <time>2026-05-24T02:27:20Z</time>
      </trkpt>
      <trkpt lat="34.0925459" lon="-111.4243577"><ele>1291</ele>
        <time>2026-05-24T02:27:25Z</time>
      </trkpt>
      <trkpt lat="34.0925644" lon="-111.4241283"><ele>1291</ele>
        <time>2026-05-24T02:27:40Z</time>
      </trkpt>
      <trkpt lat="34.0925613" lon="-111.4240553"><ele>1290</ele>
        <time>2026-05-24T02:27:45Z</time>
      </trkpt>
      <trkpt lat="34.0925764" lon="-111.4238223"><ele>1287</ele>
        <time>2026-05-24T02:28:00Z</time>
      </trkpt>
      <trkpt lat="34.0925762" lon="-111.4237363"><ele>1287</ele>
        <time>2026-05-24T02:28:05Z</time>
      </trkpt>
      <trkpt lat="34.0925598" lon="-111.4235842"><ele>1289</ele>
        <time>2026-05-24T02:28:15Z</time>
      </trkpt>
      <trkpt lat="34.0925631" lon="-111.4235197"><ele>1289</ele>
        <time>2026-05-24T02:28:20Z</time>
      </trkpt>
      <trkpt lat="34.0925554" lon="-111.4234428"><ele>1289</ele>
        <time>2026-05-24T02:28:25Z</time>
      </trkpt>
      <trkpt lat="34.0925632" lon="-111.4232948"><ele>1288</ele>
        <time>2026-05-24T02:28:35Z</time>
      </trkpt>
      <trkpt lat="34.0925607" lon="-111.4232255"><ele>1288</ele>
        <time>2026-05-24T02:28:40Z</time>
      </trkpt>
      <trkpt lat="34.0925551" lon="-111.4232065"><ele>1287</ele>
        <time>2026-05-24T02:28:45Z</time>
      </trkpt>
      <trkpt lat="34.0925614" lon="-111.4232023"><ele>1285</ele>
        <time>2026-05-24T02:29:00Z</time>
      </trkpt>
      <trkpt lat="34.0925443" lon="-111.4231659"><ele>1285</ele>
        <time>2026-05-24T02:29:10Z</time>
      </trkpt>
      <trkpt lat="34.0925455" lon="-111.4230972"><ele>1285</ele>
        <time>2026-05-24T02:29:15Z</time>
      </trkpt>
      <trkpt lat="34.0925293" lon="-111.4229492"><ele>1286</ele>
        <time>2026-05-24T02:29:25Z</time>
      </trkpt>
      <trkpt lat="34.0925315" lon="-111.4228907"><ele>1285</ele>
        <time>2026-05-24T02:29:30Z</time>
      </trkpt>
      <trkpt lat="34.0925586" lon="-111.422832"><ele>1284</ele>
        <time>2026-05-24T02:29:35Z</time>
      </trkpt>
      <trkpt lat="34.0925541" lon="-111.4227589"><ele>1283</ele>
        <time>2026-05-24T02:29:40Z</time>
      </trkpt>
      <trkpt lat="34.0925601" lon="-111.4226789"><ele>1282</ele>
        <time>2026-05-24T02:29:45Z</time>
      </trkpt>
      <trkpt lat="34.0925566" lon="-111.422603"><ele>1282</ele>
        <time>2026-05-24T02:29:50Z</time>
      </trkpt>
      <trkpt lat="34.0925904" lon="-111.422444"><ele>1282</ele>
        <time>2026-05-24T02:30:00Z</time>
      </trkpt>
      <trkpt lat="34.0925989" lon="-111.4223764"><ele>1280</ele>
        <time>2026-05-24T02:30:05Z</time>
      </trkpt>
      <trkpt lat="34.0926234" lon="-111.4223091"><ele>1279</ele>
        <time>2026-05-24T02:30:10Z</time>
      </trkpt>
      <trkpt lat="34.0926639" lon="-111.4221602"><ele>1279</ele>
        <time>2026-05-24T02:30:20Z</time>
      </trkpt>
      <trkpt lat="34.0927283" lon="-111.4220333"><ele>1277</ele>
        <time>2026-05-24T02:30:30Z</time>
      </trkpt>
      <trkpt lat="34.0927446" lon="-111.4219685"><ele>1278</ele>
        <time>2026-05-24T02:30:35Z</time>
      </trkpt>
      <trkpt lat="34.0927221" lon="-111.4219311"><ele>1278</ele>
        <time>2026-05-24T02:30:40Z</time>
      </trkpt>
      <trkpt lat="34.0927259" lon="-111.4219275"><ele>1278</ele>
        <time>2026-05-24T02:30:45Z</time>
      </trkpt>
      <trkpt lat="34.0927081" lon="-111.4219158"><ele>1279</ele>
        <time>2026-05-24T02:31:44Z</time>
      </trkpt>
      <trkpt lat="34.0927114" lon="-111.4219125"><ele>1280</ele>
        <time>2026-05-24T02:31:49Z</time>
      </trkpt>
      <trkpt lat="34.0927077" lon="-111.4219079"><ele>1280</ele>
        <time>2026-05-24T02:32:14Z</time>
      </trkpt>
      <trkpt lat="34.0927158" lon="-111.421901"><ele>1279</ele>
        <time>2026-05-24T02:33:23Z</time>
      </trkpt>
   </trkseg>
  </trk>
</gpx>